step,tokens,lr_mult,loss,grad_norm,value_grad_norm,tok_s
10,327680,0.01310615989515072,10.724681091308593,10.882987976074219,,134226
20,655360,0.02621231979030144,9.910134887695312,4.808899688720703,,207359
30,983040,0.039318479685452164,9.5333984375,2.530409240722656,,207419
40,1310720,0.05242463958060288,9.280441284179688,2.9391780853271485,,207413
50,1638400,0.0655307994757536,8.988755798339843,3.130931091308594,,207339
60,1966080,0.07863695937090433,8.676607513427735,2.2591217041015623,,207351
70,2293760,0.09174311926605505,8.363458251953125,1.8138561248779297,,207376
80,2621440,0.10484927916120576,8.06815414428711,1.9807632446289063,,207403
90,2949120,0.11795543905635648,7.80108642578125,1.8910650253295898,,207370
100,3276800,0.1310615989515072,7.525651550292968,1.5382475852966309,,207364
110,3604480,0.14416775884665792,7.313046264648437,1.3108769416809083,,207309
120,3932160,0.15727391874180865,7.192221069335938,1.4335911750793457,,207319
130,4259840,0.17038007863695936,7.046732330322266,1.4289386749267579,,207220
140,4587520,0.1834862385321101,6.943381500244141,1.2702933311462403,,207224
150,4915200,0.1965923984272608,6.836985778808594,1.781052017211914,,207225
160,5242880,0.20969855832241152,6.719587707519532,1.4296648979187012,,207171
170,5570560,0.22280471821756226,6.668814849853516,1.264613723754883,,207136
180,5898240,0.23591087811271297,6.5560455322265625,1.3814584732055664,,207125
190,6225920,0.2490170380078637,6.505582427978515,1.3061827659606933,,207080
200,6553600,0.2621231979030144,6.419110107421875,1.1345539093017578,,207029
210,6881280,0.27522935779816515,6.337097549438477,1.5051813125610352,,207129
220,7208960,0.28833551769331583,6.23955078125,1.363062286376953,,207140
230,7536640,0.30144167758846657,6.217854690551758,1.2792268753051759,,207111
240,7864320,0.3145478374836173,6.160376739501953,1.1434223175048828,,207117
250,8192000,0.32765399737876805,6.166249084472656,1.1198996543884276,,206699
260,8519680,0.34076015727391873,6.1016288757324215,1.3949403762817383,,207143
270,8847360,0.35386631716906947,5.984317398071289,1.185116672515869,,207111
280,9175040,0.3669724770642202,5.9285541534423825,1.383234405517578,,207140
290,9502720,0.3800786369593709,5.968432998657226,1.215555763244629,,206925
300,9830400,0.3931847968545216,5.898186874389649,1.2519906044006348,,207097
310,10158080,0.40629095674967236,5.866432571411133,1.1094096183776856,,207149
320,10485760,0.41939711664482304,5.776926422119141,1.003031349182129,,207189
330,10813440,0.4325032765399738,5.697236633300781,1.078298854827881,,207210
340,11141120,0.4456094364351245,5.719856262207031,0.9846763610839844,,207155
350,11468800,0.45871559633027525,5.668148803710937,1.255417251586914,,207132
360,11796480,0.47182175622542594,5.709414672851563,1.0583765029907226,,207060
370,12124160,0.4849279161205767,5.6724590301513675,1.0237343788146973,,207133
380,12451840,0.4980340760157274,5.57732048034668,1.3299169540405273,,207108
390,12779520,0.5111402359108781,5.528293609619141,0.9890877723693847,,207128
400,13107200,0.5242463958060288,5.5312049865722654,1.0367361068725587,,207104
410,13434880,0.5373525557011796,5.4609733581542965,0.9425148010253906,,207134
420,13762560,0.5504587155963303,5.426760864257813,1.0680534362792968,,207156
430,14090240,0.563564875491481,5.418112182617188,0.9503801345825196,,207152
440,14417920,0.5766710353866317,5.412872314453125,0.9459159851074219,,207140
450,14745600,0.5897771952817824,5.372337341308594,0.9048028945922851,,207118
460,15073280,0.6028833551769331,5.299356460571289,0.9529566764831543,,207148
470,15400960,0.6159895150720839,5.365111541748047,0.8936952590942383,,207167
480,15728640,0.6290956749672346,5.2907764434814455,0.8557018280029297,,207126
490,16056320,0.6422018348623854,5.224103546142578,0.8046199798583984,,207142
500,16384000,0.6553079947575361,5.217705154418946,1.188016986846924,,207120
510,16711680,0.6684141546526867,5.157709121704102,0.808962345123291,,206656
520,17039360,0.6815203145478375,5.177326583862305,0.9546221733093262,,207186
530,17367040,0.6946264744429882,5.234506607055664,0.9000924110412598,,207203
540,17694720,0.7077326343381389,5.109160232543945,1.219552993774414,,207131
550,18022400,0.7208387942332897,5.105277633666992,0.8202723503112793,,207182
560,18350080,0.7339449541284404,5.1678722381591795,0.9616300582885742,,207148
570,18677760,0.747051114023591,5.123965835571289,0.7829554080963135,,207156
580,19005440,0.7601572739187418,5.1120258331298825,0.7984052658081054,,207160
590,19333120,0.7732634338138925,5.150033187866211,2.15008544921875,,207185
600,19660800,0.7863695937090432,5.026147842407227,0.7717023849487304,,207139
610,19988480,0.799475753604194,4.988049697875977,0.7385921478271484,,207219
620,20316160,0.8125819134993447,4.9987434387207035,0.8418787002563477,,207204
630,20643840,0.8256880733944955,5.016622924804688,0.7469552040100098,,207121
640,20971520,0.8387942332896461,4.999078369140625,1.3407013893127442,,207178
650,21299200,0.8519003931847968,4.9849285125732425,1.1281550407409668,,207201
660,21626880,0.8650065530799476,4.944172668457031,0.7451938629150391,,207166
670,21954560,0.8781127129750983,4.896266937255859,0.7293204307556153,,207196
680,22282240,0.891218872870249,4.900333404541016,0.69235200881958,,207156
690,22609920,0.9043250327653998,4.801338577270508,0.6749613285064697,,207155
700,22937600,0.9174311926605505,4.850918579101562,0.6993335247039795,,207182
710,23265280,0.9305373525557011,4.844546508789063,0.7183424472808838,,207146
720,23592960,0.9436435124508519,4.826143264770508,0.6767204284667969,,207167
730,23920640,0.9567496723460026,4.82679328918457,0.6480944633483887,,207205
740,24248320,0.9698558322411533,4.782695007324219,0.7209586143493653,,207191
750,24576000,0.9829619921363041,4.7946418762207035,0.6683286666870117,,207214
760,24903680,0.9960681520314548,4.76288948059082,0.6802722454071045,,207131
770,25231360,0.999999619505605,4.672674560546875,1.0352887153625487,,207218
780,25559040,0.9999972942644099,4.715050506591797,1.0433082580566406,,207140
790,25886720,0.9999928551787042,4.691946029663086,0.6633782863616944,,207135
800,26214400,0.9999863022693405,4.639025497436523,0.6824660778045655,,207120
810,26542080,0.9999776355671006,4.668480682373047,0.6140435695648193,,207062
820,26869760,0.999966855112696,4.604103088378906,0.6411228179931641,,207163
830,27197440,0.9999539609567677,4.653952407836914,0.5997662544250488,,207177
840,27525120,0.9999389531598855,4.523847198486328,0.626338005065918,,207187
850,27852800,0.9999218317925475,4.583738327026367,0.6077574729919434,,207154
860,28180480,0.9999025969351808,4.560050964355469,0.6330771923065186,,207190
870,28508160,0.9998812486781407,4.5208274841308596,0.9470172882080078,,207121
880,28835840,0.9998577871217097,4.506498718261719,0.618405532836914,,207133
890,29163520,0.9998322123760972,4.455542373657226,0.5742542266845703,,207142
900,29491200,0.9998045245614399,4.463330078125,0.5804227352142334,,207146
910,29818880,0.9997747238078001,4.382224655151367,0.5885459899902343,,207158
920,30146560,0.9997428102551656,4.410807800292969,0.5327311515808105,,206982
930,30474240,0.9997087840534492,4.380349349975586,0.5592127799987793,,207095
940,30801920,0.9996726453624875,4.3449970245361325,0.5422760009765625,,207132
950,31129600,0.9996343943520406,4.4253379821777346,0.6402125835418702,,207044
960,31457280,0.9995940312017911,4.368747329711914,0.5298473358154296,,207121
970,31784960,0.9995515561013435,4.381798553466797,0.5411944389343262,,207004
980,32112640,0.9995069692502226,4.290060806274414,0.543672513961792,,207138
990,32440320,0.9994602708578736,4.305035781860352,0.5318729400634765,,207050
1000,32768000,0.9994114611436603,4.380855941772461,0.895050048828125,,207033
1010,33095680,0.9993605403368643,4.293738555908203,0.5546729564666748,,207111
1020,33423360,0.9993075086766843,4.3004295349121096,0.5920376300811767,,207164
1030,33751040,0.999252366412234,4.334093475341797,1.0889799118041992,,207129
1040,34078720,0.9991951138025426,4.275186538696289,0.9225456237792968,,207134
1050,34406400,0.9991357511165514,4.330458068847657,0.7226653099060059,,207065
1060,34734080,0.9990742786331146,4.210062789916992,0.6006719589233398,,207168
1070,35061760,0.9990106966409968,4.273868560791016,0.7054634094238281,,207127
1080,35389440,0.9989450054388717,4.212007522583008,0.5384997367858887,,207159
1090,35717120,0.9988772053353212,4.22581901550293,0.5437250137329102,,207135
1100,36044800,0.9988072966488337,4.221589279174805,0.51325364112854,,207153
1110,36372480,0.9987352797078023,4.147794723510742,0.5873970031738281,,207107
1120,36700160,0.998661154850524,4.119239425659179,0.5471424579620361,,207119
1130,37027840,0.9985849224251971,4.157609176635742,0.5187829971313477,,207117
1140,37355520,0.9985065827899208,4.177734756469727,0.5035782814025879,,207148
1150,37683200,0.998426136312692,4.2149513244628904,0.5130749702453613,,207066
1160,38010880,0.9983435833714049,4.1439056396484375,0.5163835525512696,,207102
1170,38338560,0.998258924353849,4.136146926879883,0.4823878765106201,,207059
1180,38666240,0.9981721596577064,4.1735485076904295,0.4964938163757324,,207048
1190,38993920,0.9980832896905512,4.131591796875,0.49172163009643555,,207030
1200,39321600,0.9979923148698461,4.142162704467774,0.4808539867401123,,207104
1210,39649280,0.9978992356229419,4.143616104125977,0.5125599384307862,,207099
1220,39976960,0.9978040523870747,4.1212005615234375,0.48548502922058107,,207128
1230,40304640,0.9977067656093641,4.094973754882813,0.4755296230316162,,206711
1240,40632320,0.9976073757468108,4.083250427246094,0.5109347343444824,,207088
1250,40960000,0.9975058832662946,4.054150390625,0.4881100654602051,,207062
1260,41287680,0.9974022886445727,4.067658996582031,0.4703890323638916,,207122
1270,41615360,0.9972965923682765,4.0376640319824215,0.5039295673370361,,207112
1280,41943040,0.9971887949339102,4.0422920227050785,0.464158296585083,,207112
1290,42270720,0.9970788968478482,4.1306709289550785,0.4827596187591553,,207100
1300,42598400,0.996966898626332,4.100344848632813,0.469624662399292,,206694
1310,42926080,0.9968528007954691,4.012994384765625,0.5897692680358887,,207025
1320,43253760,0.9967366038912294,4.020068740844726,0.5599757194519043,,207112
1330,43581440,0.9966183084594433,4.057882308959961,0.4876416206359863,,207083
1340,43909120,0.996497915055799,3.9713478088378906,0.48930912017822265,,207071
1350,44236800,0.9963754242458397,4.036880874633789,0.47969732284545896,,207093
1360,44564480,0.9962508366049612,4.0681713104248045,0.4582700252532959,,207148
1370,44892160,0.9961241527184089,4.005499649047851,0.45112318992614747,,207094
1380,45219840,0.9959953731812754,3.99603385925293,0.45228943824768064,,207068
1390,45547520,0.9958644985984976,4.003070068359375,0.45852413177490237,,207062
1400,45875200,0.9957315295848536,4.0046638488769535,0.46315732002258303,,207121
1410,46202880,0.99559646676496,3.997339630126953,0.45050649642944335,,207074
1420,46530560,0.9954593107732691,3.9557891845703126,0.4413564205169678,,207105
1430,46858240,0.9953200622540659,4.0008544921875,0.44531779289245604,,207110
1440,47185920,0.9951787218614647,3.9658126831054688,0.4393179416656494,,207132
1450,47513600,0.9950352902594064,3.9892555236816407,0.4439060688018799,,207004
1460,47841280,0.9948897681216552,3.9318485260009766,0.4396733283996582,,207152
1470,48168960,0.9947421561317958,3.8944183349609376,0.46207394599914553,,207076
1480,48496640,0.9945924549832297,3.9528064727783203,0.47211198806762694,,207103
1490,48824320,0.9944406653791718,3.92016487121582,0.47071199417114257,,207116
1500,49152000,0.994286788032648,3.9704933166503906,0.44487271308898924,,207080
1510,49479680,0.9941308236664911,3.9485607147216797,0.4314586639404297,,207073
1520,49807360,0.9939727730133375,3.9310909271240235,0.4689782619476318,,207136
1530,50135040,0.9938126368156238,3.8694435119628907,0.4730185031890869,,207065
1540,50462720,0.9936504158255838,3.9132556915283203,0.5163782119750977,,207095
1550,50790400,0.9934861108052436,3.8797073364257812,0.5007797718048096,,207152
1560,51118080,0.9933197225264201,3.921183395385742,0.4963686943054199,,207144
1570,51445760,0.9931512517707154,3.896083450317383,0.47574596405029296,,207139
1580,51773440,0.9929806993295143,3.836434555053711,0.45154504776000975,,207084
1590,52101120,0.99280806600398,3.8631324768066406,0.5025761127471924,,207092
1600,52428800,0.9926333526050509,3.931514358520508,0.44250035285949707,,206969
1610,52756480,0.9924565599534364,3.82226676940918,0.49614295959472654,,207138
1620,53084160,0.9922776888796125,3.8062061309814452,0.4616966724395752,,206630
1630,53411840,0.9920967402238197,3.836776351928711,0.4544792652130127,,207162
1640,53739520,0.9919137148360565,3.821205902099609,0.45232882499694826,,207116
1650,54067200,0.9917286135760778,3.874156188964844,0.4291996002197266,,207121
1660,54394880,0.9915414373133894,3.896483612060547,0.47747464179992677,,207097
1670,54722560,0.9913521869272444,3.8533245086669923,0.5104722023010254,,207121
1680,55050240,0.991160863306639,3.835312271118164,0.4430239200592041,,207095
1690,55377920,0.9909674673503083,3.8371963500976562,0.4517035961151123,,207143
1700,55705600,0.9907719999667222,3.8059677124023437,0.48352532386779784,,207154
1710,56033280,0.990574462074081,3.8930564880371095,0.4436976432800293,,207128
1720,56360960,0.9903748546003112,3.855422592163086,0.4609278678894043,,207092
1730,56688640,0.9901731784830609,3.8462120056152345,0.437579870223999,,207114
1740,57016320,0.9899694346696959,3.8232818603515626,0.4435749530792236,,207149
1750,57344000,0.9897636241172943,3.8473747253417967,0.4486828327178955,,207152
1760,57671680,0.9895557477926437,3.8647811889648436,0.5925584316253663,,207130
1770,57999360,0.9893458066722344,3.8320064544677734,0.5250135898590088,,207156
1780,58327040,0.9891338017422565,3.817170333862305,0.44192280769348147,,207112
1790,58654720,0.988919733998595,3.797171401977539,0.450974702835083,,207088
1800,58982400,0.9887036044468247,3.7689540863037108,0.4354316234588623,,207155
1810,59310080,0.9884854141022056,3.834511566162109,0.4225895404815674,,207160
1820,59637760,0.9882651639896781,3.7924663543701174,0.42859535217285155,,207116
1830,59965440,0.9880428551438585,3.7844158172607423,0.4476362705230713,,207073
1840,60293120,0.9878184886090338,3.8369686126708986,0.425862979888916,,207177
1850,60620800,0.9875920654391568,3.845697021484375,0.5055211544036865,,207043
1860,60948480,0.9873635866978416,3.800186538696289,0.49910521507263184,,207036
1870,61276160,0.987133053458358,3.7617137908935545,0.4404186248779297,,207100
1880,61603840,0.9869004668036266,3.8172645568847656,0.42395715713500975,,207028
1890,61931520,0.9866658278262145,3.7508541107177735,0.42868566513061523,,207046
1900,62259200,0.9864291376283284,3.789311981201172,0.43465309143066405,,207063
1910,62586880,0.9861903973218116,3.7807151794433596,0.42155046463012696,,207019
1920,62914560,0.9859496080281371,3.806638717651367,0.4538753509521484,,207027
1930,63242240,0.9857067708784032,3.7851428985595703,0.4847060203552246,,207094
1940,63569920,0.9854618870133276,3.762624740600586,0.42079715728759765,,207059
1950,63897600,0.9852149575832427,3.7504741668701174,0.41633920669555663,,207054
1960,64225280,0.9849659837480899,3.7472606658935548,0.4431511878967285,,195214
1970,64552960,0.9847149666774135,3.7322139739990234,0.43378000259399413,,207052
1980,64880640,0.9844619075503569,3.680064010620117,0.42360453605651854,,206991
1990,65208320,0.9842068075556548,3.748859405517578,0.422017765045166,,206993
2000,65536000,0.9839496678916297,3.7280773162841796,0.42159056663513184,,206959
2010,65863680,0.9836904897661849,3.806061935424805,0.42156591415405276,,207086
2020,66191360,0.9834292743967993,3.7439308166503906,0.42760496139526366,,207036
2030,66519040,0.9831660230105219,3.7116443634033205,0.4144110679626465,,207062
2040,66846720,0.9829007368439657,3.6880802154541015,0.4230204582214355,,207056
2050,67174400,0.9826334171433019,3.7482704162597655,0.4206394195556641,,207005
2060,67502080,0.9823640651642543,3.7858333587646484,0.42302675247192384,,207050
2070,67829760,0.9820926821720932,3.7106361389160156,0.4198805332183838,,207061
2080,68157440,0.9818192694416293,3.7577774047851564,0.4237377166748047,,207035
2090,68485120,0.9815438282572083,3.665802764892578,0.42216176986694337,,207041
2100,68812800,0.9812663599127042,3.706280517578125,0.44487648010253905,,206959
2110,69140480,0.9809868657115136,3.7566402435302733,0.5143768787384033,,207033
2120,69468160,0.9807053469665494,3.7228683471679687,0.4211422920227051,,206991
2130,69795840,0.980421805000235,3.7022109985351563,0.42036070823669436,,207043
2140,70123520,0.9801362411444974,3.7746097564697267,0.4313267707824707,,206957
2150,70451200,0.9798486567407615,3.725856399536133,0.4159111976623535,,207031
2160,70778880,0.9795590531399438,3.682025146484375,0.4122478008270264,,207101
2170,71106560,0.9792674317024457,3.711532974243164,0.4106450080871582,,207085
2180,71434240,0.9789737937981473,3.730398178100586,0.4150946617126465,,207111
2190,71761920,0.9786781408064011,3.7267051696777345,0.4120720386505127,,207062
2200,72089600,0.9783804741160256,3.646035003662109,0.4044084072113037,,207102
2210,72417280,0.978080795125298,3.7353004455566405,0.4296077251434326,,207057
2220,72744960,0.9777791052419487,3.728333282470703,0.41876540184020994,,207073
2230,73072640,0.9774754058831538,3.596614456176758,0.42381725311279295,,207024
2240,73400320,0.9771696984755293,3.703172302246094,0.40946383476257325,,207015
2250,73728000,0.9768619844551234,3.6320743560791016,0.40422921180725097,,206992
2260,74055680,0.9765522652674108,3.6953804016113283,0.40267343521118165,,206997
2270,74383360,0.976240542367285,3.6830421447753907,0.4230001926422119,,207023
2280,74711040,0.9759268172190521,3.7234642028808596,0.4181231498718262,,207041
2290,75038720,0.9756110912964235,3.74842529296875,0.42792377471923826,,207070
2300,75366400,0.9752933660825093,3.6779930114746096,0.40868315696716306,,207113
2310,75694080,0.9749736430698112,3.6679759979248048,0.4177559852600098,,207079
2320,76021760,0.9746519237602153,3.7558311462402343,0.42797651290893557,,207106
2330,76349440,0.9743282096649852,3.6419296264648438,0.4050117015838623,,207078
2340,76677120,0.9740025023047555,3.614546203613281,0.4102648735046387,,207103
2350,77004800,0.9736748032095234,3.684980773925781,0.4148858547210693,,207063
2360,77332480,0.9733451139186423,3.6403682708740233,0.4090288162231445,,207022
2370,77660160,0.973013435980815,3.591328430175781,0.4047893524169922,,207020
2380,77987840,0.9726797709540852,3.6495746612548827,0.4115295886993408,,207102
2390,78315520,0.9723441204058314,3.6007465362548827,0.4140432834625244,,207051
2400,78643200,0.9720064859127585,3.622242736816406,0.40123639106750486,,207034
2410,78970880,0.9716668690608914,3.672444152832031,0.40970745086669924,,206983
2420,79298560,0.9713252714455668,3.6920402526855467,0.4167658805847168,,207031
2430,79626240,0.9709816946714261,3.638772201538086,0.41165719032287595,,207024
2440,79953920,0.9706361403524074,3.6016056060791017,0.41218128204345705,,207023
2450,80281600,0.9702886101117387,3.6665390014648436,0.4057682991027832,,207110
2460,80609280,0.9699391055819293,3.5445858001708985,0.40402703285217284,,207068
2470,80936960,0.9695876284047632,3.622991180419922,0.41127643585205076,,207070
2480,81264640,0.9692341802312905,3.6698814392089845,0.4079531192779541,,206747
2490,81592320,0.9688787627218198,3.7302173614501952,0.413559103012085,,207013
2500,81920000,0.9685213775459112,3.6118442535400392,0.40893025398254396,,207034
2510,82247680,0.968162026382367,3.6747982025146486,0.4253249645233154,,207072
2520,82575360,0.9678007109192254,3.648398590087891,0.40556039810180666,,207142
2530,82903040,0.9674374328537514,3.657133865356445,0.4055646419525146,,207094
2540,83230720,0.9670721938924294,3.636252212524414,0.40668911933898927,,207103
2550,83558400,0.966704995750955,3.628374481201172,0.4091003894805908,,207102
2560,83886080,0.9663358401542269,3.620555114746094,0.40903892517089846,,207147
2570,84213760,0.965964728836339,3.5649799346923827,0.4013967514038086,,207117
2580,84541440,0.9655916635405721,3.5608665466308596,0.41435928344726564,,207106
2590,84869120,0.9652166460193854,3.7045314788818358,0.40762839317321775,,207079
2600,85196800,0.9648396780344092,3.630716323852539,0.40052051544189454,,207124
2610,85524480,0.9644607613564357,3.6025531768798826,0.40636138916015624,,207134
2620,85852160,0.9640798977654107,3.5982620239257814,0.4040212154388428,,207122
2630,86179840,0.9636970890504263,3.584457778930664,0.40407824516296387,,207114
2640,86507520,0.963312337009711,3.6112865447998046,0.4214603424072266,,207154
2650,86835200,0.9629256434506225,3.6251930236816405,0.4236384391784668,,207115
2660,87162880,0.9625370101896386,3.617185592651367,0.42192373275756834,,207109
2670,87490560,0.9621464390523483,3.6081298828125,0.41927433013916016,,207074
2680,87818240,0.9617539318734444,3.6698429107666017,0.41759576797485354,,207086
2690,88145920,0.9613594904967137,3.5794914245605467,0.4231438636779785,,207112
2700,88473600,0.9609631167750291,3.6230987548828124,0.40611724853515624,,207029
2710,88801280,0.9605648125703407,3.617655944824219,0.40516109466552735,,207122
2720,89128960,0.9601645797536662,3.580820846557617,0.40311808586120607,,207068
2730,89456640,0.959762420205084,3.567435455322266,0.4234172344207764,,207089
2740,89784320,0.9593583358137223,3.6486526489257813,0.4164568424224854,,207107
2750,90112000,0.9589523284777519,3.5970970153808595,0.4149810791015625,,207056
2760,90439680,0.9585444001043758,3.6156639099121093,0.39893255233764646,,207088
2770,90767360,0.9581345526098218,3.539480972290039,0.5072972297668457,,207133
2780,91095040,0.9577227879193322,3.5682598114013673,0.6655567169189454,,206966
2790,91422720,0.9573091079671553,3.617341232299805,0.42193264961242677,,207129
2800,91750400,0.9568935146965365,3.5269180297851563,0.4342606544494629,,207101
2810,92078080,0.9564760100597085,3.641127014160156,0.45297822952270506,,207076
2820,92405760,0.956056596017883,3.586582565307617,0.41666240692138673,,207136
2830,92733440,0.9556352745412409,3.5671970367431642,0.5723588466644287,,207093
2840,93061120,0.9552120476089232,3.605316162109375,0.4148850917816162,,207091
2850,93388800,0.9547869172090215,3.5834285736083986,0.4166848659515381,,207143
2860,93716480,0.9543598853385692,3.6162368774414064,0.40545120239257815,,207117
2870,94044160,0.9539309540035318,3.6188961029052735,0.40483689308166504,,207028
2880,94371840,0.953500125218797,3.5430229187011717,0.41465935707092283,,207096
2890,94699520,0.9530674010081663,3.5597980499267576,0.4203657627105713,,207041
2900,95027200,0.9526327834043443,3.504802703857422,0.3970445394515991,,207037
2910,95354880,0.9521962744489302,3.5828693389892576,0.41657819747924807,,207061
2920,95682560,0.9517578761924075,3.5208461761474608,0.4050292015075684,,207035
2930,96010240,0.9513175906941347,3.5461956024169923,0.4052039623260498,,207049
2940,96337920,0.9508754200223356,3.4895347595214843,0.4159218788146973,,207035
2950,96665600,0.9504313662540893,3.5364646911621094,0.40387377738952634,,207039
2960,96993280,0.949985431475321,3.5258434295654295,0.40584073066711424,,207033
2970,97320960,0.9495376177807917,3.6232425689697267,0.42877917289733886,,206979
2980,97648640,0.9490879272740883,3.547909164428711,0.39775381088256834,,207028
2990,97976320,0.9486363620676144,3.526179885864258,0.4015690803527832,,207045
3000,98304000,0.9481829242825798,3.561692810058594,0.40564117431640623,,207055
3010,98631680,0.9477276160489903,3.508269500732422,0.4068028450012207,,207054
3020,98959360,0.9472704395056386,3.528460693359375,0.4044366359710693,,207018
3030,99287040,0.9468113968000933,3.596165084838867,0.40677876472473146,,207033
3040,99614720,0.9463504900886894,3.586528015136719,0.4049251079559326,,207064
3050,99942400,0.9458877215365181,3.5407989501953123,0.4060868263244629,,207081
3060,100270080,0.9454230933174161,3.5717704772949217,0.4166834354400635,,207119
3070,100597760,0.9449566076139565,3.5027111053466795,0.4042774200439453,,207058
3080,100925440,0.944488266617437,3.4271663665771483,0.4085532665252686,,206635
3090,101253120,0.9440180725278713,3.472270965576172,0.40504631996154783,,207141
3100,101580800,0.9435460275539773,3.5273277282714846,0.4123992919921875,,207068
3110,101908480,0.9430721339131679,3.542824554443359,0.4022666931152344,,207146
3120,102236160,0.9425963938315396,3.5530014038085938,0.4231076240539551,,207039
3130,102563840,0.9421188095438624,3.545850372314453,0.405045223236084,,207044
3140,102891520,0.94163938329357,3.564259719848633,0.40456485748291016,,207077
3150,103219200,0.9411581173327482,3.510914611816406,0.4072719097137451,,207117
3160,103546880,0.9406750139221247,3.5635055541992187,0.40561718940734864,,207107
3170,103874560,0.9401900753310587,3.5101688385009764,0.40411934852600095,,207111
3180,104202240,0.9397033038375302,3.51123161315918,0.4057600498199463,,207098
3190,104529920,0.9392147017281288,3.5237052917480467,0.39533343315124514,,207118
3200,104857600,0.9387242712980439,3.5574810028076174,0.39473392963409426,,207088
3210,105185280,0.9382320148510529,3.5017948150634766,0.3978475332260132,,207074
3220,105512960,0.937737934699511,3.5473236083984374,0.412933349609375,,207019
3230,105840640,0.9372420331643404,3.532131576538086,0.41345787048339844,,207077
3240,106168320,0.9367443125750188,3.505280303955078,0.4019294261932373,,206963
3250,106496000,0.936244775269569,3.551261138916016,0.4089991092681885,,206932
3260,106823680,0.9357434235945475,3.533445358276367,0.40534143447875975,,206955
3270,107151360,0.9352402599050346,3.512806701660156,0.41369099617004396,,207073
3280,107479040,0.9347352865646213,3.5412254333496094,0.39963221549987793,,207014
3290,107806720,0.9342285059454002,3.5340171813964845,0.4160348892211914,,207056
3300,108134400,0.9337199204279533,3.5406909942626954,0.40322251319885255,,207036
3310,108462080,0.9332095324013407,3.5298267364501954,0.4037325859069824,,207052
3320,108789760,0.93269734426309,3.496800994873047,0.40500335693359374,,207033
3330,109117440,0.9321833584191851,3.4873241424560546,0.40215339660644533,,207023
3340,109445120,0.9316675772840538,3.4873424530029298,0.41251659393310547,,207057
3350,109772800,0.9311500032805579,3.5151596069335938,0.40407438278198243,,207082
3360,110100480,0.9306306388399807,3.533469009399414,0.41695542335510255,,206869
3370,110428160,0.9301094864020161,3.425263214111328,0.4003941535949707,,207009
3380,110755840,0.929586548414757,3.444672393798828,0.3989063024520874,,206914
3390,111083520,0.929061827334684,3.520659637451172,0.4006229877471924,,207069
3400,111411200,0.928535325626654,3.569087600708008,0.4091325759887695,,207072
3410,111738880,0.9280070457638875,3.5400554656982424,0.41299734115600584,,207038
3420,112066560,0.9274769902279585,3.508375549316406,0.40140795707702637,,206629
3430,112394240,0.9269451615087818,3.4809410095214846,0.4038170337677002,,207064
3440,112721920,0.926411562104602,3.4173084259033204,0.3986097812652588,,207066
3450,113049600,0.9258761945219811,3.490742492675781,0.40984354019165037,,207091
3460,113377280,0.9253390612757871,3.4256797790527345,0.43342008590698244,,207046
3470,113704960,0.9248001648891824,3.5251941680908203,0.40941672325134276,,207022
3480,114032640,0.9242595078936112,3.5389747619628906,0.4018059253692627,,207040
3490,114360320,0.9237170928287887,3.526544952392578,0.40529966354370117,,206998
3500,114688000,0.923172922242688,3.479206848144531,0.40059647560119627,,207065
3510,115015680,0.922626998691529,3.4904014587402346,0.4053826332092285,,207043
3520,115343360,0.922079324739766,3.5227855682373046,0.42673964500427247,,207115
3530,115671040,0.9215299029600759,3.456278610229492,0.4099429130554199,,207080
3540,115998720,0.9209787359333456,3.477663040161133,0.4206676959991455,,207129
3550,116326400,0.9204258262486603,3.4984912872314453,0.4174227714538574,,207065
3560,116654080,0.9198711765032919,3.428993988037109,0.4159456729888916,,207091
3570,116981760,0.9193147893026851,3.4373069763183595,0.40579900741577146,,207032
3580,117309440,0.9187566672604472,3.5064449310302734,0.4034524917602539,,207086
3590,117637120,0.9181968129983342,3.489592742919922,0.4110769748687744,,207090
3600,117964800,0.9176352291462395,3.441436004638672,0.40170912742614745,,207119
3610,118292480,0.9170719183421812,3.49261360168457,0.41620450019836425,,207050
3620,118620160,0.9165068832322891,3.461091232299805,0.4043748378753662,,207072
3630,118947840,0.9159401264707938,3.436006546020508,0.4010490417480469,,207015
3640,119275520,0.9153716507200125,3.4289215087890623,0.42229280471801756,,207068
3650,119603200,0.9148014586503377,3.4520263671875,0.4150437831878662,,207027
3660,119930880,0.9142295529402239,3.525313949584961,0.4080344676971436,,207059
3670,120258560,0.9136559362761759,3.457438659667969,0.4127528667449951,,207089
3680,120586240,0.9130806113527351,3.472542572021484,0.41255960464477537,,207077
3690,120913920,0.9125035808724679,3.5026145935058595,0.4168097496032715,,207049
3700,121241600,0.9119248475459516,3.456863021850586,0.4191157341003418,,207019
3710,121569280,0.9113444140917637,3.451773834228516,0.4131840705871582,,207037
3720,121896960,0.9107622832364672,3.4904293060302733,0.4784952163696289,,207037
3730,122224640,0.9101784577145987,3.445917510986328,0.40540289878845215,,207033
3740,122552320,0.9095929402686556,3.5001365661621096,0.41568541526794434,,207011
3750,122880000,0.9090057336490831,3.4579193115234377,0.40520420074462893,,207039
3760,123207680,0.908416840614261,3.5072963714599608,0.4091784477233887,,207027
3770,123535360,0.9078262639304908,3.4773113250732424,0.4157107353210449,,207004
3780,123863040,0.9072340063719835,3.4613059997558593,0.4155947208404541,,207011
3790,124190720,0.9066400707208456,3.436518096923828,0.4010482311248779,,206994
3800,124518400,0.906044459767066,3.425462341308594,0.41042447090148926,,207035
3810,124846080,0.905447176308504,3.467508316040039,0.41136646270751953,,207005
3820,125173760,0.9048482231508749,3.3842723846435545,0.41101703643798826,,207081
3830,125501440,0.9042476031077374,3.4510120391845702,0.4166729927062988,,207023
3840,125829120,0.9036453190004807,3.404743957519531,0.40311946868896487,,207069
3850,126156800,0.9030413736583102,3.493349075317383,0.4109351634979248,,207049
3860,126484480,0.9024357699182355,3.3873443603515625,0.4072237968444824,,207087
3870,126812160,0.9018285106250563,3.427984619140625,0.4569842338562012,,207011
3880,127139840,0.901219598631349,3.4156982421875,0.42188396453857424,,207055
3890,127467520,0.9006090367974537,3.4396541595458983,0.4239084243774414,,207051
3900,127795200,0.8999968279914605,3.4348224639892577,0.40392074584960935,,207068
3910,128122880,0.8993829750891961,3.457366943359375,0.42050967216491697,,207043
3920,128450560,0.8987674809742102,3.4361637115478514,0.4197525978088379,,207042
3930,128778240,0.8981503485377622,3.4097904205322265,0.40914325714111327,,207046
3940,129105920,0.8975315806788072,3.4077373504638673,0.40579724311828613,,207103
3950,129433600,0.8969111803039826,3.378081130981445,0.41237664222717285,,207047
3960,129761280,0.8962891503275952,3.426626968383789,0.4111963748931885,,207073
3970,130088960,0.8956654936716058,3.431019973754883,0.4095156669616699,,206792
3980,130416640,0.8950402132656169,3.4383106231689453,0.4112119197845459,,207071
3990,130744320,0.8944133120468587,3.4117218017578126,0.4143327236175537,,207101
4000,131072000,0.8937847929601748,3.3688076019287108,0.4054263591766357,,206990
4010,131399680,0.8931546589580086,3.4631954193115235,0.40612154006958007,,207081
4020,131727360,0.8925229130003902,3.358479309082031,0.4033054351806641,,207056
4030,132055040,0.8918895580549208,3.454879379272461,0.41097726821899416,,206977
4040,132382720,0.8912545970967604,3.478185272216797,0.4156800270080566,,207004
4050,132710400,0.8906180331086129,3.427674102783203,0.4165821075439453,,206918
4060,133038080,0.8899798690807127,3.399658966064453,0.41614227294921874,,206998
4070,133365760,0.8893401080108099,3.431376647949219,0.41055688858032224,,207100
4080,133693440,0.8886987529041569,3.4021011352539063,0.417158317565918,,206939
4090,134021120,0.888055806773494,3.4947769165039064,0.4125046730041504,,206996
4100,134348800,0.8874112726390354,3.4352272033691404,0.4058508396148682,,206942
4110,134676480,0.8867651535284545,3.415359878540039,0.412068510055542,,207013
4120,135004160,0.8861174524768703,3.456066131591797,0.4205873966217041,,206920
4130,135331840,0.8854681725268331,3.4807701110839844,0.42783360481262206,,207029
4140,135659520,0.8848173167283098,3.405617523193359,0.4255467414855957,,206983
4150,135987200,0.8841648881386694,3.352634048461914,0.4114314079284668,,206109
4160,136314880,0.88351088982267,3.438742828369141,0.4074107646942139,,207034
4170,136642560,0.8828553248524423,3.4079944610595705,0.4066518783569336,,207044
4180,136970240,0.8821981963074773,3.3591705322265626,0.4163496971130371,,207015
4190,137297920,0.8815395072746101,3.3919292449951173,0.4075064182281494,,207108
4200,137625600,0.8808792608480065,3.4016578674316404,0.42279505729675293,,207028
4210,137953280,0.8802174601291479,3.3426109313964845,0.4090909957885742,,207077
4220,138280960,0.8795541082268172,3.3609291076660157,0.41065278053283694,,207090
4230,138608640,0.8788892082570837,3.4043037414550783,0.4086738586425781,,207137
4240,138936320,0.8782227633432887,3.327276611328125,0.40650453567504885,,206989
4250,139264000,0.877554776616031,3.485605239868164,0.41453962326049804,,207093
4260,139591680,0.8768852512131515,3.436440277099609,0.41152248382568357,,206105
4270,139919360,0.8762141902797198,3.4192153930664064,0.40989837646484373,,207103
4280,140247040,0.8755415969680176,3.337400436401367,0.45461325645446776,,207083
4290,140574720,0.8748674744375259,3.3952526092529296,0.4313033580780029,,207029
4300,140902400,0.8741918258549084,3.419913482666016,0.41570477485656737,,206980
4310,141230080,0.8735146543939974,3.37207145690918,0.4121532917022705,,207020
4320,141557760,0.8728359632357797,3.400168228149414,0.40439548492431643,,206959
4330,141885440,0.8721557555683797,3.4213497161865236,0.4105212211608887,,206940
4340,142213120,0.8714740345870462,3.3988368988037108,0.4224055767059326,,207076
4350,142540800,0.8707908034941365,3.4498916625976563,0.4131481647491455,,207071
4360,142868480,0.8701060654991017,3.352214050292969,0.413892936706543,,207059
4370,143196160,0.8694198238184716,3.3569541931152345,0.4062509059906006,,207029
4380,143523840,0.8687320816758393,3.3643352508544924,0.43509650230407715,,206702
4390,143851520,0.8680428423018461,3.4330913543701174,0.429883337020874,,205127
4400,144179200,0.8673521089341671,3.3894474029541017,0.4646325588226318,,206562
4410,144506880,0.866659884817495,3.441315841674805,0.42060346603393556,,207068
4420,144834560,0.865966173203525,3.42044677734375,0.7004429340362549,,207059
4430,145162240,0.86527097735094,3.4477008819580077,0.4218908309936523,,207051
4440,145489920,0.8645743005253953,3.4125648498535157,0.43290390968322756,,207043
4450,145817600,0.8638761459995025,3.4035449981689454,0.41076483726501467,,207065
4460,146145280,0.8631765170528151,3.3920398712158204,0.41409573554992674,,207052
4470,146472960,0.8624754169718122,3.4361377716064454,0.4127755641937256,,206976
4480,146800640,0.8617728490498839,3.437143325805664,0.41468186378479005,,207034
4490,147128320,0.8610688165873153,3.4306045532226563,0.4194368839263916,,206972
4500,147456000,0.860363322891271,3.4029537200927735,0.4174139976501465,,207019
4510,147783680,0.8596563712757798,3.3653900146484377,0.4193264007568359,,206992
4520,148111360,0.8589479650617188,3.3922691345214844,0.41847858428955076,,207039
4530,148439040,0.8582381075767984,3.3514545440673826,0.4202861309051514,,207031
4540,148766720,0.8575268021555462,3.3993663787841797,0.42786259651184083,,206608
4550,149094400,0.8568140521392911,3.4221065521240233,0.42723536491394043,,207017
4560,149422080,0.8560998608761481,3.385652542114258,0.41960968971252444,,206898
4570,149749760,0.8553842317210026,3.3511302947998045,0.4151785850524902,,206963
4580,150077440,0.8546671680354943,3.402950668334961,0.43105292320251465,,206940
4590,150405120,0.8539486731880013,3.3378555297851564,0.4274140357971191,,207030
4600,150732800,0.8532287505536249,3.429195022583008,0.42241616249084474,,207056
4610,151060480,0.8525074035141732,3.2810970306396485,0.41040949821472167,,207009
4620,151388160,0.8517846354581458,3.361764144897461,0.4230654716491699,,207029
4630,151715840,0.8510604497807165,3.3571048736572267,0.4166978359222412,,206998
4640,152043520,0.8503348498837191,3.3686203002929687,0.4185763359069824,,207099
4650,152371200,0.8496078391756305,3.3594120025634764,0.41591382026672363,,207065
4660,152698880,0.8488794210715549,3.354587173461914,0.4240097522735596,,207024
4670,153026560,0.8481495989932074,3.3823383331298826,0.41614608764648436,,207034
4680,153354240,0.8474183763688985,3.3622249603271483,0.42435641288757325,,207054
4690,153681920,0.8466857566335172,3.400647735595703,0.4240830898284912,,207063
4700,154009600,0.8459517432285163,3.3601184844970704,0.42398366928100584,,207017
4710,154337280,0.8452163396018946,3.330963897705078,0.41372246742248536,,207031
4720,154664960,0.8444795492081815,3.339864730834961,0.4111187934875488,,207039
4730,154992640,0.8437413755084207,3.324802780151367,0.41686501502990725,,207039
4740,155320320,0.8430018219701542,3.439173126220703,0.42171578407287597,,207020
4750,155648000,0.8422608920674052,3.366960906982422,0.428242826461792,,206244
4760,155975680,0.841518589280663,3.3775829315185546,0.42424874305725097,,207156
4770,156303360,0.8407749170968652,3.3922798156738283,0.4240702152252197,,207101
4780,156631040,0.8400298790093831,3.3267208099365235,0.41825432777404786,,207102
4790,156958720,0.8392834785180031,3.408127212524414,0.4255694389343262,,207074
4800,157286400,0.8385357191289123,3.390299606323242,0.4074530124664307,,207087
4810,157614080,0.837786604354681,3.3820640563964846,0.42426586151123047,,207073
4820,157941760,0.8370361377142459,3.378710174560547,0.4155889511108398,,207063
4830,158269440,0.8362843227328948,3.4003421783447267,0.42592668533325195,,207067
4840,158597120,0.8355311629422486,3.404220962524414,0.4275845527648926,,203570
4850,158924800,0.8347766618802456,3.3782501220703125,0.42136850357055666,,207084
4860,159252480,0.8340208230911248,3.3307163238525392,0.418671703338623,,207097
4870,159580160,0.8332636501254091,3.4079898834228515,0.4322319030761719,,207117
4880,159907840,0.8325051465398888,3.3812839508056642,0.41726055145263674,,207114
4890,160235520,0.8317453158976044,3.3494792938232423,0.4187742233276367,,207156
4900,160563200,0.8309841617678299,3.3716583251953125,0.4281256675720215,,206563
4910,160890880,0.8302216877260572,3.370731735229492,0.4167694091796875,,206171
4920,161218560,0.829457897353978,3.3350013732910155,0.5383930206298828,,207103
4930,161546240,0.8286927942394671,3.3423961639404296,0.4365879535675049,,207103
4940,161873920,0.8279263819765664,3.368193435668945,0.4884758472442627,,207101
4950,162201600,0.827158664165467,3.3873245239257814,0.4396490573883057,,207084
4960,162529280,0.8263896444124933,3.3610389709472654,0.4238904476165771,,207100
4970,162856960,0.825619326330085,3.343098449707031,0.42042341232299807,,207049
4980,163184640,0.8248477135367809,3.307268524169922,0.4225050926208496,,207116
4990,163512320,0.8240748096572016,3.311331558227539,0.4148699283599854,,207095
5000,163840000,0.8233006183220325,3.3596439361572266,0.43711071014404296,,207071
5010,164167680,0.8225251431680068,3.3072879791259764,0.4282995700836182,,207052
5020,164495360,0.8217483878378885,3.349011993408203,0.41460480690002444,,207097
5030,164823040,0.8209703559804551,3.384194564819336,0.4185047149658203,,206987
5040,165150720,0.8201910512504803,3.3851165771484375,0.4200127601623535,,207081
5050,165478400,0.8194104773087175,3.3162670135498047,0.4309847831726074,,207100
5060,165806080,0.8186286378218818,3.389425277709961,0.4252349853515625,,207086
5070,166133760,0.8178455364626335,3.352756881713867,0.4295034408569336,,207045
5080,166461440,0.8170611769095599,3.3422969818115233,0.4318540573120117,,207010
5090,166789120,0.8162755628471595,3.4187599182128907,0.4343373775482178,,207047
5100,167116800,0.815488697965823,3.2998111724853514,0.42005367279052735,,207094
5110,167444480,0.8147005859618172,3.3751804351806642,0.4205788135528564,,207021
5120,167772160,0.813911230537267,3.312785339355469,0.422789192199707,,207071
5130,168099840,0.8131206354001385,3.2597496032714846,0.41275863647460936,,207044
5140,168427520,0.8123288042642208,3.3494590759277343,0.4285529136657715,,207081
5150,168755200,0.8115357408491098,3.3615245819091797,0.42158827781677244,,207007
5160,169082880,0.8107414488801894,3.310022735595703,0.42183732986450195,,206666
5170,169410560,0.8099459320886147,3.3435401916503906,0.4341255187988281,,206694
5180,169738240,0.8091491942112942,3.318712615966797,0.4198902130126953,,206646
5190,170065920,0.8083512389908728,3.419847869873047,0.43065786361694336,,207035
5200,170393600,0.8075520701757136,3.342255401611328,0.43541507720947265,,207046
5210,170721280,0.8067516915198807,3.3287696838378906,0.43171706199646,,207120
5220,171048960,0.8059501067831211,3.3385154724121096,0.43251924514770507,,207040
5230,171376640,0.8051473197308472,3.3690818786621093,0.43167948722839355,,207095
5240,171704320,0.8043433341341197,3.3310100555419924,0.43219480514526365,,207060
5250,172032000,0.8035381537696291,3.406002426147461,0.43282279968261717,,207100
5260,172359680,0.8027317824196785,3.357953643798828,0.4249090671539307,,207014
5270,172687360,0.8019242238721653,3.3642887115478515,0.4308633804321289,,207097
5280,173015040,0.8011154819205639,3.3280666351318358,0.4264955997467041,,207057
5290,173342720,0.8003055603639075,3.324186325073242,0.4291980266571045,,207042
5300,173670400,0.799494463006771,3.347824478149414,0.4259318828582764,,207015
5310,173998080,0.7986821936592519,3.320109558105469,0.42824702262878417,,207022
5320,174325760,0.7978687561369534,3.3340343475341796,0.425592041015625,,207069
5330,174653440,0.7970541542609662,3.3201980590820312,0.42657108306884767,,207066
5340,174981120,0.7962383918578503,3.4067188262939454,0.4269289970397949,,207020
5350,175308800,0.7954214727596175,3.2974029541015626,0.42026329040527344,,207016
5360,175636480,0.794603400803713,3.348288726806641,0.42580037117004393,,206950
5370,175964160,0.7937841798329972,3.3348709106445313,0.4251263618469238,,206895
5380,176291840,0.7929638136957288,3.3046131134033203,0.42679171562194823,,207059
5390,176619520,0.7921423062455447,3.329787826538086,0.4289273262023926,,207108
5400,176947200,0.791319661341444,3.3660598754882813,0.4247271537780762,,207036
5410,177274880,0.7904958828477688,3.291391372680664,0.42615199089050293,,206963
5420,177602560,0.7896709746341858,3.297883987426758,0.4242567539215088,,207032
5430,177930240,0.7888449405756687,3.299698257446289,0.42990660667419434,,207035
5440,178257920,0.78801778455248,3.3241992950439454,0.4338560104370117,,206974
5450,178585600,0.7871895104501523,3.3064395904541017,0.43007726669311525,,206974
5460,178913280,0.7863601221594704,3.2795246124267576,0.43307127952575686,,207006
5470,179240960,0.7855296235764533,3.318589782714844,0.42810935974121095,,207098
5480,179568640,0.7846980186023351,3.253036117553711,0.42700834274291993,,207010
5490,179896320,0.7838653111435474,3.3008838653564454,0.44386892318725585,,207073
5500,180224000,0.7830315051117006,3.3067840576171874,0.4371642112731934,,207098
5510,180551680,0.7821966044235655,3.3424610137939452,0.44248213768005373,,207032
5520,180879360,0.7813606130010551,3.343841552734375,0.4310710906982422,,205866
5530,181207040,0.7805235347712062,3.335715103149414,0.42894725799560546,,206247
5540,181534720,0.7796853736661605,3.363687515258789,0.42996644973754883,,207026
5550,181862400,0.7788461336231468,3.3049781799316404,0.43820939064025877,,207034
5560,182190080,0.7780058185844622,3.38485107421875,0.43183412551879885,,206589
5570,182517760,0.777164432497453,3.3684097290039063,0.43646993637084963,,207071
5580,182845440,0.7763219793144973,3.3360916137695313,0.43590598106384276,,207065
5590,183173120,0.7754784629929858,3.3173473358154295,0.4390995502471924,,206881
5600,183500800,0.7746338874953032,3.305398178100586,0.43451919555664065,,207003
5610,183828480,0.773788256788809,3.3429729461669924,0.42237286567687987,,207037
5620,184156160,0.7729415748458205,3.271017074584961,0.42452292442321776,,207070
5630,184483840,0.7720938456435924,3.3833763122558596,0.4289546489715576,,207054
5640,184811520,0.7712450731642992,3.268116760253906,0.43439416885375975,,207067
5650,185139200,0.7703952613950162,3.25635986328125,0.45540852546691896,,207051
5660,185466880,0.7695444143277006,3.2812873840332033,0.4294325828552246,,207077
5670,185794560,0.7686925359591726,3.2749374389648436,0.43991756439208984,,207010
5680,186122240,0.7678396302910978,3.3373733520507813,0.4434175968170166,,206998
5690,186449920,0.7669857013299661,3.2887821197509766,0.4311281681060791,,206947
5700,186777600,0.7661307530870757,3.260337066650391,0.4226982116699219,,207079
5710,187105280,0.7652747895785117,3.2974037170410155,0.4446272850036621,,207049
5720,187432960,0.7644178148251293,3.2866374969482424,0.4342954635620117,,207007
5730,187760640,0.7635598328525331,3.3909423828125,0.4510739803314209,,207029
5740,188088320,0.76270084769106,3.323686218261719,0.4404623985290527,,207036
5750,188416000,0.7618408633757584,3.3352340698242187,0.4442349910736084,,207071
5760,188743680,0.760979883946371,3.256986618041992,0.43285083770751953,,207084
5770,189071360,0.7601179134473144,3.278070068359375,0.4363316535949707,,207106
5780,189399040,0.7592549559276612,3.3431716918945313,0.4309669494628906,,207039
5790,189726720,0.7583910154411201,3.3206382751464845,0.43259243965148925,,207101
5800,190054400,0.7575260960460173,3.3289371490478517,0.4413753509521484,,207014
5810,190382080,0.7566602018052777,3.3418720245361326,0.4393614292144775,,207115
5820,190709760,0.7557933367864051,3.2732677459716797,0.44402923583984377,,207120
5830,191037440,0.7549255050614639,3.301356887817383,0.43057637214660643,,207064
5840,191365120,0.7540567107070592,3.2788978576660157,0.43846983909606935,,207083
5850,191692800,0.753186957804318,3.269947052001953,0.42990474700927733,,207061
5860,192020480,0.7523162504388706,3.237833023071289,0.4266219615936279,,206600
5870,192348160,0.7514445927008302,3.307393264770508,0.43456807136535647,,207132
5880,192675840,0.7505719886847744,3.3034946441650392,0.4284356117248535,,206889
5890,193003520,0.7496984424897264,3.2522865295410157,0.42530550956726076,,207048
5900,193331200,0.7488239582191348,3.2700855255126955,0.43691673278808596,,207058
5910,193658880,0.7479485399808549,3.286763381958008,0.4366847038269043,,206907
5920,193986560,0.7470721918871295,3.2440433502197266,0.4307987213134766,,207124
5930,194314240,0.7461949180545687,3.274740982055664,0.4381125450134277,,207083
5940,194641920,0.745316722604132,3.326480484008789,0.44574708938598634,,207131
5950,194969600,0.744437609661108,3.2543266296386717,0.44079103469848635,,207102
5960,195297280,0.7435575833550946,3.257965850830078,0.4365685939788818,,207164
5970,195624960,0.7426766478199808,3.3135128021240234,0.4329061031341553,,207094
5980,195952640,0.7417948071939264,3.296917724609375,0.4356062889099121,,207052
5990,196280320,0.7409120656193431,3.288809967041016,0.43785905838012695,,206998
6000,196608000,0.7400284272428742,3.2755802154541014,0.434879732131958,,207118
6010,196935680,0.7391438962153765,3.290085220336914,0.4378465175628662,,207002
6020,197263360,0.7382584766918991,3.293386459350586,0.43906536102294924,,207100
6030,197591040,0.7373721728316657,3.315744400024414,0.4475390911102295,,207085
6040,197918720,0.7364849887980534,3.282815933227539,0.4438931465148926,,207011
6050,198246400,0.7355969287585742,3.2849807739257812,0.43596525192260743,,207071
6060,198574080,0.7347079968848549,3.2700714111328124,0.44435667991638184,,207071
6070,198901760,0.733818197352618,3.2738571166992188,0.4444770812988281,,207097
6080,199229440,0.7329275343416618,3.2050754547119142,0.4279465675354004,,207081
6090,199557120,0.7320360120358402,3.2705684661865235,0.4432223320007324,,207066
6100,199884800,0.7311436346230444,3.278107452392578,0.44033026695251465,,207123
6110,200212480,0.7302504062951819,3.30770263671875,0.4443655014038086,,207036
6120,200540160,0.7293563312481574,3.2323467254638674,0.44066500663757324,,206930
6130,200867840,0.7284614136818531,3.3164066314697265,0.4526772975921631,,206954
6140,201195520,0.7275656578001092,3.278621292114258,0.4338995933532715,,206934
6150,201523200,0.7266690678107032,3.3029457092285157,0.4385369300842285,,206962
6160,201850880,0.7257716479253312,3.2159046173095702,0.43756752014160155,,206860
6170,202178560,0.7248734023595879,3.2785152435302733,0.4303480625152588,,207005
6180,202506240,0.7239743353329462,3.294287109375,0.4437404155731201,,207013
6190,202833920,0.7230744510687378,3.289735794067383,0.4367516040802002,,206967
6200,203161600,0.7221737537941337,3.313441848754883,0.45074968338012694,,207030
6210,203489280,0.7212722477401238,3.2427101135253906,0.43256163597106934,,206992
6220,203816960,0.7203699371414969,3.283182144165039,0.43984031677246094,,206994
6230,204144640,0.7194668262368217,3.2695285797119142,0.4325876235961914,,206761
6240,204472320,0.7185629192684256,3.2365169525146484,0.43500633239746095,,207030
6250,204800000,0.7176582204823762,3.249170684814453,0.44798946380615234,,207056
6260,205127680,0.7167527341284602,3.251995086669922,0.4417111396789551,,207027
6270,205455360,0.715846464460164,3.2312767028808596,0.4368199348449707,,207022
6280,205783040,0.7149394157346535,3.3008018493652345,0.44382200241088865,,206842
6290,206110720,0.7140315922127544,3.276866149902344,0.4465986728668213,,206991
6300,206438400,0.7131229981589317,3.322814178466797,0.47052969932556155,,207001
6310,206766080,0.7122136378412699,3.242015838623047,0.44333653450012206,,206921
6320,207093760,0.7113035155314535,3.284165954589844,0.43349628448486327,,206951
6330,207421440,0.710392635504746,3.1984249114990235,0.43224034309387205,,206578
6340,207749120,0.70948100203997,3.2149730682373048,0.42932920455932616,,207073
6350,208076800,0.7085686194194882,3.272100830078125,0.46965703964233396,,206951
6360,208404480,0.7076554919291816,3.24354248046875,0.44487791061401366,,206961
6370,208732160,0.7067416238584305,3.2485607147216795,0.46314659118652346,,206984
6380,209059840,0.7058270195000943,3.3123714447021486,0.44840011596679685,,207014
6390,209387520,0.7049116831504906,3.221450424194336,0.4425209522247314,,206919
6400,209715200,0.7039956191093758,3.3035449981689453,0.4432832717895508,,206930
6410,210042880,0.7030788316799246,3.2814544677734374,0.4505614280700684,,205687
6420,210370560,0.7021613251687095,3.271657943725586,0.4452928066253662,,206982
6430,210698240,0.7012431038856815,3.2265037536621093,0.4345278739929199,,206993
6440,211025920,0.7003241721441484,3.244306945800781,0.4489410400390625,,206942
6450,211353600,0.699404534260756,3.2188419342041015,0.4378847599029541,,206988
6460,211681280,0.6984841945554667,3.270294189453125,0.44193120002746583,,206960
6470,212008960,0.6975631573515402,3.2563575744628905,0.43895573616027833,,206954
6480,212336640,0.6966414269755121,3.270725631713867,0.44057517051696776,,206417
6490,212664320,0.6957190077571747,3.27649040222168,0.43359899520874023,,207077
6500,212992000,0.6947959040295556,3.2079261779785155,0.4558168888092041,,206985
6510,213319680,0.693872120128898,3.2789459228515625,0.44388437271118164,,206996
6520,213647360,0.6929476603946405,3.198252487182617,0.4387028217315674,,206957
6530,213975040,0.6920225291693962,3.282608413696289,0.44168405532836913,,206976
6540,214302720,0.6910967307989323,3.198487091064453,0.43741893768310547,,207002
6550,214630400,0.6901702696321502,3.263315963745117,0.44223389625549314,,207024
6560,214958080,0.6892431500210646,3.2287471771240233,0.43817863464355467,,206976
6570,215285760,0.6883153763207832,3.249205780029297,0.4491089344024658,,207002
6580,215613440,0.6873869528894864,3.236285400390625,0.4452582836151123,,206964
6590,215941120,0.6864578840884065,3.197273826599121,0.46303501129150393,,207027
6600,216268800,0.6855281742818073,3.2264663696289064,0.4425691604614258,,207021
6610,216596480,0.6845978278369642,3.2536449432373047,0.44571676254272463,,206972
6620,216924160,0.683666849124143,3.251863479614258,0.4375465393066406,,206984
6630,217251840,0.6827352425165789,3.3155517578125,0.45476598739624025,,207047
6640,217579520,0.6818030123904574,3.225687789916992,0.44839205741882326,,206996
6650,217907200,0.6808701631248927,3.187188148498535,0.4523647308349609,,207018
6660,218234880,0.6799366991019075,3.2009048461914062,0.4474036693572998,,207008
6670,218562560,0.6790026247064119,3.2701061248779295,0.4454282283782959,,207058
6680,218890240,0.6780679443261837,3.2652034759521484,0.4544995307922363,,207018
6690,219217920,0.6771326623518468,3.298488235473633,0.4536458492279053,,206998
6700,219545600,0.6761967831768516,3.2024478912353516,0.4448738098144531,,206999
6710,219873280,0.6752603111974533,3.189187240600586,0.43754096031188966,,207034
6720,220200960,0.6743232508126922,3.201809310913086,0.4411975383758545,,207093
6730,220528640,0.6733856064243724,3.296443557739258,0.4508054256439209,,206983
6740,220856320,0.6724473824370414,3.2215267181396485,0.4392669200897217,,207075
6750,221184000,0.6715085832579691,3.2397769927978515,0.43829998970031736,,207093
6760,221511680,0.6705692132971278,3.301819610595703,0.442927885055542,,207002
6770,221839360,0.6696292769671708,3.1925277709960938,0.44593396186828616,,206545
6780,222167040,0.6686887786834115,3.226517105102539,0.4559008121490479,,207063
6790,222494720,0.6677477228638038,3.274367904663086,0.46359663009643554,,207091
6800,222822400,0.6668061139289202,3.2451454162597657,0.45300612449645994,,207053
6810,223150080,0.6658639563019313,3.2679786682128906,0.4509361743927002,,207082
6820,223477760,0.6649212544085855,3.173710060119629,0.44165549278259275,,207055
6830,223805440,0.6639780126771876,3.1594350814819334,0.44775805473327634,,207097
6840,224133120,0.6630342355385784,3.2650890350341797,0.4450207710266113,,207002
6850,224460800,0.6620899274261136,3.2046546936035156,0.44558000564575195,,207028
6860,224788480,0.6611450927756435,3.2070507049560546,0.4623802661895752,,207091
6870,225116160,0.6601997360254913,3.1956018447875976,0.44735307693481446,,207090
6880,225443840,0.659253861616433,3.1942068099975587,0.44402427673339845,,207076
6890,225771520,0.6583074739916764,3.3158447265625,0.4587870597839355,,207107
6900,226099200,0.65736057759684,3.256999969482422,0.4535089015960693,,207097
6910,226426880,0.656413176879932,3.2499626159667967,0.4707780838012695,,207100
6920,226754560,0.65546527629133,3.210858917236328,0.44873385429382323,,207122
6930,227082240,0.6545168802837597,3.2606971740722654,0.44358506202697756,,207120
6940,227409920,0.6535679933122733,3.242096710205078,0.45588393211364747,,207105
6950,227737600,0.6526186198342305,3.205677795410156,0.45122299194335935,,207031
6960,228065280,0.6516687643092755,3.2879192352294924,0.47658934593200686,,207049
6970,228392960,0.6507184311993169,3.127486801147461,0.45752382278442383,,206439
6980,228720640,0.6497676249685073,3.2597728729248048,0.4586464881896973,,204798
6990,229048320,0.648816350083221,3.2523059844970703,0.4714776039123535,,207036
7000,229376000,0.6478646110120344,3.174612617492676,0.4420756816864014,,207057
7010,229703680,0.6469124122257043,3.201599884033203,0.45544943809509275,,207068
7020,230031360,0.6459597581971467,3.2888545989990234,0.4628765106201172,,207073
7030,230359040,0.6450066534014163,3.2015419006347656,0.44701995849609377,,207141
7040,230686720,0.6440531023156852,3.2337295532226564,0.44967970848083494,,207122
7050,231014400,0.643099109419222,3.2824771881103514,0.45963163375854493,,207133
7060,231342080,0.6421446791933706,3.287439727783203,0.45886802673339844,,207108
7070,231669760,0.6411898161215294,3.191734504699707,0.45294342041015623,,207108
7080,231997440,0.6402345246891296,3.2162933349609375,0.4503007411956787,,207128
7090,232325120,0.6392788093836153,3.258304977416992,0.454038667678833,,207044
7100,232652800,0.6383226746944214,3.1852689743041993,0.4546347618103027,,207106
7110,232980480,0.6373661251129528,3.215814208984375,0.45015201568603513,,207092
7120,233308160,0.6364091651325631,3.248611831665039,0.4616126537322998,,207134
7130,233635840,0.6354517992485343,3.2088951110839843,0.449428129196167,,207113
7140,233963520,0.6344940319580545,3.196293258666992,0.45128631591796875,,207106
7150,234291200,0.6335358677601981,3.2163936614990236,0.4489901542663574,,207147
7160,234618880,0.6325773111559034,3.1805721282958985,0.4603982448577881,,207153
7170,234946560,0.631618366647952,3.176840400695801,0.4502901077270508,,207147
7180,235274240,0.6306590387409481,3.207027053833008,0.46065673828125,,207133
7190,235601920,0.6296993319412965,3.209484100341797,0.46561398506164553,,207064
7200,235929600,0.6287392507571821,3.225153350830078,0.45778441429138184,,207104
7210,236257280,0.627778799698548,3.2111690521240233,0.45245609283447263,,206985
7220,236584960,0.6268179832770756,3.233625030517578,0.4451241970062256,,207038
7230,236912640,0.6258568060061616,3.1673105239868162,0.44073057174682617,,206992
7240,237240320,0.6248952724008985,3.219356918334961,0.46228742599487305,,207086
7250,237568000,0.6239333869780525,3.209682083129883,0.4566491603851318,,207063
7260,237895680,0.6229711542560421,3.201282501220703,0.4526634216308594,,207027
7270,238223360,0.6220085787549176,3.1946252822875976,0.4519375801086426,,207015
7280,238551040,0.6210456649963396,3.1558277130126955,0.45439715385437013,,207025
7290,238878720,0.6200824175035572,3.2007282257080076,0.4505183219909668,,207032
7300,239206400,0.6191188408013876,3.224432373046875,0.4458024024963379,,206968
7310,239534080,0.618154939416194,3.1829145431518553,0.4490662097930908,,206984
7320,239861760,0.6171907178758654,3.1641658782958983,0.4405547618865967,,207044
7330,240189440,0.6162261807097943,3.250883865356445,0.45697989463806155,,207137
7340,240517120,0.615261332448856,3.24340705871582,0.4615177154541016,,207055
7350,240844800,0.6142961776253867,3.1629106521606447,0.45740718841552735,,207104
7360,241172480,0.6133307207731634,3.2234336853027346,0.461992883682251,,207043
7370,241500160,0.6123649664273816,3.208408737182617,0.4619916915893555,,206973
7380,241827840,0.6113989191246338,3.192770767211914,0.4565389156341553,,207024
7390,242155520,0.6104325834028894,3.198426628112793,0.44726028442382815,,207009
7400,242483200,0.6094659638014722,3.238452911376953,0.4571526527404785,,207002
7410,242810880,0.6084990648610393,3.2266124725341796,0.4504981517791748,,206979
7420,243138560,0.6075318911235607,3.2145545959472654,0.4536298751831055,,207010
7430,243466240,0.6065644471322965,3.211429214477539,0.4549422740936279,,207007
7440,243793920,0.6055967374317768,3.2191177368164063,0.45359268188476565,,207013
7450,244121600,0.6046287665677795,3.16530818939209,0.45072236061096194,,207032
7460,244449280,0.6036605390873098,3.2322677612304687,0.44927263259887695,,207012
7470,244776960,0.6026920595385779,3.1534706115722657,0.44727516174316406,,207021
7480,245104640,0.6017233324709779,3.2387176513671876,0.45661301612854005,,207019
7490,245432320,0.6007543624350674,3.200988006591797,0.45360636711120605,,207035
7500,245760000,0.5997851539825445,3.1823333740234374,0.4759376525878906,,207072
7510,246087680,0.5988157116662278,3.2043838500976562,0.4681213855743408,,207005
7520,246415360,0.5978460400400343,3.2325908660888674,0.4705811023712158,,206983
7530,246743040,0.5968761436589581,3.1873685836791994,0.45522208213806153,,207008
7540,247070720,0.595906027079049,3.1939228057861326,0.46268134117126464,,207039
7550,247398400,0.5949356948573915,3.2058467864990234,0.4578881740570068,,207054
7560,247726080,0.593965151552083,3.180320930480957,0.45038671493530275,,207090
7570,248053760,0.5929944017222119,3.1645294189453126,0.4571839332580566,,207067
7580,248381440,0.5920234499278374,3.1497169494628907,0.451460599899292,,206570
7590,248709120,0.5910523007299672,3.241742706298828,0.4736809730529785,,207036
7600,249036800,0.5900809586905363,3.2296573638916017,0.46199846267700195,,207048
7610,249364480,0.5891094283723856,3.2605762481689453,0.4650117874145508,,207072
7620,249692160,0.5881377143392402,3.226499557495117,0.460343074798584,,207036
7630,250019840,0.5871658211556886,3.116280937194824,0.44869627952575686,,207014
7640,250347520,0.5861937533871606,3.1917213439941405,0.4493249893188477,,207021
7650,250675200,0.585221515599906,3.223720169067383,0.45785040855407716,,207040
7660,251002880,0.5842491123609734,3.2005168914794924,0.4602211952209473,,207074
7670,251330560,0.5832765482381888,3.1759023666381836,0.4548167705535889,,207091
7680,251658240,0.5823038278001335,3.1618473052978517,0.45292096138000487,,207030
7690,251985920,0.5813309556161232,3.170088768005371,0.45978431701660155,,207050
7700,252313600,0.5803579362561871,3.1699716567993166,0.4549261093139648,,207002
7710,252641280,0.5793847742910447,3.197511672973633,0.46952972412109373,,207051
7720,252968960,0.5784114742920861,3.1812501907348634,0.4569305419921875,,207016
7730,253296640,0.5774380408313496,3.230358123779297,0.4733473777770996,,206996
7740,253624320,0.5764644784815004,3.1557334899902343,0.45494065284729,,206928
7750,253952000,0.575490791815809,3.165459632873535,0.4529238700866699,,206973
7760,254279680,0.5745169854081302,3.184531593322754,0.45827298164367675,,206972
7770,254607360,0.5735430638328811,3.20281982421875,0.46239051818847654,,207002
7780,254935040,0.5725690316650198,3.1758880615234375,0.4618827819824219,,206961
7790,255262720,0.571594893480024,3.1931833267211913,0.46012330055236816,,207035
7800,255590400,0.5706206538538694,3.199626350402832,0.46849451065063474,,206995
7810,255918080,0.5696463173630077,3.146309661865234,0.46939973831176757,,207021
7820,256245760,0.5686718885843468,3.1818048477172853,0.46659393310546876,,206960
7830,256573440,0.5676973720952269,3.171113204956055,0.4636832237243652,,206982
7840,256901120,0.5667227724734006,3.112784004211426,0.4573829174041748,,206918
7850,257228800,0.5657480942970116,3.1373186111450195,0.466787052154541,,206944
7860,257556480,0.5647733421445715,3.1847955703735353,0.45689191818237307,,206971
7870,257884160,0.5637985205949405,3.105209541320801,0.45573954582214354,,206991
7880,258211840,0.5628236342273044,3.1571704864501955,0.4584812164306641,,206914
7890,258539520,0.5618486876211529,3.1629642486572265,0.45979886054992675,,206924
7900,258867200,0.5608736853562596,3.1830429077148437,0.4638676643371582,,206965
7910,259194880,0.5598986320126588,3.103961944580078,0.45803442001342776,,207055
7920,259522560,0.5589235321706254,3.1955739974975588,0.46616454124450685,,206992
7930,259850240,0.557948390410652,3.1767086029052733,0.4737709999084473,,207008
7940,260177920,0.5569732113134289,3.147801399230957,0.46488308906555176,,206868
7950,260505600,0.5559979994598211,3.1478443145751953,0.45777387619018556,,207044
7960,260833280,0.5550227594308477,3.1507617950439455,0.47018966674804685,,207039
7970,261160960,0.5540474958076603,3.152007484436035,0.4730061054229736,,207010
7980,261488640,0.5530722131715214,3.1382551193237305,0.4616368293762207,,207040
7990,261816320,0.5520969161037825,3.245463562011719,0.4689725399017334,,207092
8000,262144000,0.551121609185863,3.115453910827637,0.4640797138214111,,207064
8010,262471680,0.5501462969992287,3.1449947357177734,0.4647222518920898,,207077
8020,262799360,0.5491709841253699,3.184971237182617,0.4678611755371094,,207088
8030,263127040,0.5481956751457805,3.1019924163818358,0.46698808670043945,,207045
8040,263454720,0.5472203746419358,3.143574333190918,0.47252187728881834,,207034
8050,263782400,0.5462450871952715,3.199410247802734,0.4649088382720947,,207002
8060,264110080,0.5452698173871616,3.0752506256103516,0.4580723285675049,,206941
8070,264437760,0.5442945697988978,3.1740121841430664,0.46856083869934084,,207075
8080,264765440,0.5433193490116667,3.172596549987793,0.47249550819396974,,206983
8090,265093120,0.5423441596065299,3.1372655868530273,0.47008352279663085,,207038
8100,265420800,0.5413690061644008,3.1670578002929686,0.46775116920471194,,207039
8110,265748480,0.5403938932660243,3.1797153472900392,0.4710432529449463,,207120
8120,266076160,0.5394188254919544,3.135527229309082,0.4585686683654785,,207040
8130,266403840,0.538443807422534,3.159206581115723,0.46485080718994143,,207025
8140,266731520,0.5374688436378715,3.1163169860839846,0.4607221603393555,,207075
8150,267059200,0.5364939387178209,3.1572010040283205,0.4617649555206299,,207048
8160,267386880,0.5355190972419597,3.154852867126465,0.4722919464111328,,207045
8170,267714560,0.5345443237895667,3.103508186340332,0.466490650177002,,207058
8180,268042240,0.5335696229396024,3.2034847259521486,0.46763124465942385,,207063
8190,268369920,0.532594999270685,3.231004333496094,0.468019962310791,,207077
8200,268697600,0.5316204573610711,3.2328922271728517,0.47149362564086916,,207092
8210,269025280,0.5306460017886323,3.198225975036621,0.4599388599395752,,207094
8220,269352960,0.5296716371308356,3.159297561645508,0.4754495620727539,,207057
8230,269680640,0.5286973679647203,3.1470205307006838,0.4787280082702637,,207077
8240,270008320,0.5277231988668772,3.146753120422363,0.46500458717346194,,207113
8250,270336000,0.5267491344134275,3.1226642608642576,0.463530158996582,,207099
8260,270663680,0.5257751791799999,3.1894460678100587,0.46147332191467283,,207080
8270,270991360,0.5248013377417113,3.148548698425293,0.4492323398590088,,207105
8280,271319040,0.523827614673143,3.245478057861328,0.4701717376708984,,207111
8290,271646720,0.5228540145483207,3.1834861755371096,0.479487943649292,,207058
8300,271974400,0.5218805419406926,3.183008003234863,0.4673795700073242,,207119
8310,272302080,0.5209072014231075,3.1575300216674806,0.4696465492248535,,207047
8320,272629760,0.5199339975677946,3.1268922805786135,0.4623678207397461,,207084
8330,272957440,0.51896093494634,3.0986959457397463,0.4500282764434814,,207087
8340,273285120,0.5179880181296672,3.1503467559814453,0.4852277755737305,,207130
8350,273612800,0.5170152516880143,3.1416778564453125,0.4690253734588623,,207086
8360,273940480,0.5160426401909136,3.152585983276367,0.47361979484558103,,207111
8370,274268160,0.5150701882071689,3.1020557403564455,0.454987621307373,,207102
8380,274595840,0.514097900304835,3.155304527282715,0.47939558029174806,,207111
8390,274923520,0.5131257810511961,3.101335906982422,0.47169923782348633,,207100
8400,275251200,0.5121538350127436,3.0727800369262694,0.46628270149230955,,207108
8410,275578880,0.511182066755156,3.1857582092285157,0.47121777534484866,,207046
8420,275906560,0.510210480843276,3.2254013061523437,0.4875020027160645,,207121
8430,276234240,0.5092390818410902,3.158067512512207,0.47209596633911133,,207078
8440,276561920,0.508267874311707,3.1315629959106444,0.46751389503479,,207111
8450,276889600,0.5072968628173354,3.1749288558959963,0.46660280227661133,,207070
8460,277217280,0.5063260519192636,3.216937255859375,0.4618840217590332,,207123
8470,277544960,0.5053554461778373,3.132554054260254,0.4663875579833984,,207073
8480,277872640,0.5043850501524388,3.1227432250976563,0.4636824607849121,,207122
8490,278200320,0.5034148684014648,3.1131568908691407,0.47315254211425783,,207023
8500,278528000,0.502444905482306,3.159315490722656,0.4701987266540527,,206997
8510,278855680,0.5014751659513248,3.158145713806152,0.468203067779541,,206983
8520,279183360,0.5005056543638344,3.1066078186035155,0.4662364959716797,,207111
8530,279511040,0.499536375274077,3.1657232284545898,0.48136749267578127,,207069
8540,279838720,0.4985673332352031,3.129158592224121,0.46242585182189944,,207054
8550,280166400,0.49759853279924915,3.1429630279541017,0.46518826484680176,,207172
8560,280494080,0.4966299785171171,3.177020263671875,0.4732558250427246,,207122
8570,280821760,0.4956616749385523,3.1820878982543945,0.4710428237915039,,207091
8580,281149440,0.49469362661212246,3.123845672607422,0.47408013343811034,,207091
8590,281477120,0.49372583808519666,3.127392387390137,0.4647630214691162,,206610
8600,281804800,0.4927583139039229,3.129501533508301,0.4644864559173584,,207026
8610,282132480,0.49179105861320815,3.239724349975586,0.4802666187286377,,207098
8620,282460160,0.4908240767566955,3.1155385971069336,0.4677163600921631,,207068
8630,282787840,0.48985737287674447,3.130986785888672,0.47365922927856446,,207072
8640,283115520,0.4888909515144081,3.163258361816406,0.47041916847229004,,207127
8650,283443200,0.4879248172094126,3.196650505065918,0.48346734046936035,,207082
8660,283770880,0.4869589745001358,3.100538444519043,0.4694169521331787,,207088
8670,284098560,0.48599342792358535,3.1313892364501954,0.46962738037109375,,207070
8680,284426240,0.48502818201537845,3.079907989501953,0.46252689361572263,,207081
8690,284753920,0.48406324130971956,3.1592193603515626,0.4831682205200195,,207093
8700,285081600,0.4830986103393794,3.10424861907959,0.46562895774841306,,207040
8710,285409280,0.4821342936356737,3.1516042709350587,0.4710404396057129,,207057
8720,285736960,0.4811702957284427,3.1462562561035154,0.46707973480224607,,207069
8730,286064640,0.48020662114602786,3.1067604064941405,0.4678625583648682,,207086
8740,286392320,0.4792432744152527,3.1479686737060546,0.47495546340942385,,207111
8750,286720000,0.47828026006140056,3.136457633972168,0.4849406242370605,,207088
8760,287047680,0.477317582608193,3.152699089050293,0.4890629768371582,,207036
8770,287375360,0.4763552465777695,3.1571155548095704,0.4776552677154541,,207078
8780,287703040,0.47539325649066544,3.1449060440063477,0.4676968097686768,,207082
8790,288030720,0.4744316168657915,3.125460624694824,0.4766434669494629,,207027
8800,288358400,0.47347033222041146,3.131386566162109,0.4707625389099121,,207081
8810,288686080,0.47250940707012234,3.1009166717529295,0.4658182621002197,,207065
8820,289013760,0.47154884592883173,3.163160514831543,0.47341299057006836,,207077
8830,289341440,0.4705886533087379,3.1520336151123045,0.4777854919433594,,207061
8840,289669120,0.4696288337203076,3.1014726638793944,0.4790664196014404,,207069
8850,289996800,0.4686693916722554,3.0767709732055666,0.4704343318939209,,207063
8860,290324480,0.46771033167152265,3.148676109313965,0.4764591693878174,,206981
8870,290652160,0.4667516582232554,3.1248281478881834,0.47874908447265624,,207056
8880,290979840,0.46579337583078473,3.1706317901611327,0.4709154605865479,,207058
8890,291307520,0.4648354889956039,3.1196117401123047,0.4653446674346924,,207087
8900,291635200,0.4638780022173489,3.157000923156738,0.4688016414642334,,207075
8910,291962880,0.4629209199937757,3.069722366333008,0.46705923080444334,,207070
8920,292290560,0.46196424682074044,3.113746452331543,0.47252821922302246,,207038
8930,292618240,0.4610079871921775,3.121231460571289,0.4906876564025879,,207087
8940,292945920,0.4600521456000787,3.162363624572754,0.47357754707336425,,207034
8950,293273600,0.4590967265344721,3.1758840560913084,0.4780577659606934,,207035
8960,293601280,0.4581417344834009,3.085636329650879,0.4729303359985352,,207057
8970,293928960,0.45718717393290287,3.0931169509887697,0.47737889289855956,,207110
8980,294256640,0.45623304936698816,3.1376064300537108,0.479830265045166,,207045
8990,294584320,0.4552793652676195,3.0676708221435547,0.46578340530395507,,207009
9000,294912000,0.4543261261146899,3.010335350036621,0.46285033226013184,,207066
9010,295239680,0.45337333638600297,3.0922304153442384,0.48635306358337405,,207090
9020,295567360,0.45242100055725065,3.1301349639892577,0.47791247367858886,,207042
9030,295895040,0.45146912310199294,3.1177520751953125,0.4698005676269531,,207060
9040,296222720,0.4505177084916365,3.1655344009399413,0.4802570343017578,,207058
9050,296550400,0.44956676119541383,3.1699766159057616,0.4781816482543945,,207092
9060,296878080,0.4486162856803626,3.126388931274414,0.4710230350494385,,201032
9070,297205760,0.44766628641130346,3.2009963989257812,0.4784595012664795,,206907
9080,297533440,0.4467167678508208,3.0923580169677733,0.4668878078460693,,207114
9090,297861120,0.44576773445924056,3.0798282623291016,0.46630206108093264,,207079
9100,298188800,0.4448191906946096,3.154035949707031,0.4761823177337646,,207048
9110,298516480,0.44387114101267466,3.1539081573486327,0.48029580116271975,,207100
9120,298844160,0.44292358986686153,3.0769052505493164,0.4716973304748535,,207073
9130,299171840,0.4419765417082546,3.1012535095214844,0.4681349277496338,,207085
9140,299499520,0.4410300009855749,3.130942726135254,0.48449196815490725,,206959
9150,299827200,0.4400839721451604,3.1413543701171873,0.47902326583862304,,207113
9160,300154880,0.43913845963094367,3.0484004974365235,0.465317964553833,,207093
9170,300482560,0.4381934678844329,3.095137023925781,0.4784068584442139,,207072
9180,300810240,0.43724900134468936,3.1309608459472655,0.480393123626709,,207080
9190,301137920,0.4363050644483073,3.070331001281738,0.47977423667907715,,207031
9200,301465600,0.4353616616293928,3.1381742477416994,0.47843384742736816,,207039
9210,301793280,0.4344187973195436,3.1103799819946287,0.4934855461120605,,206909
9220,302120960,0.43347647594782734,3.137354850769043,0.4778573036193848,,206893
9230,302448640,0.4325347019407614,3.1490930557250976,0.47959198951721194,,206968
9240,302776320,0.43159347972229234,3.0888368606567385,0.4756251335144043,,207034
9250,303104000,0.43065281371377384,3.0764671325683595,0.48177900314331057,,207016
9260,303431680,0.4297127083339477,3.0794376373291015,0.4856122493743896,,207027
9270,303759360,0.4287731679989216,3.1507423400878904,0.4858389377593994,,207065
9280,304087040,0.4278341971221492,3.0784839630126952,0.4776291370391846,,207098
9290,304414720,0.4268958001144092,3.1005855560302735,0.4809925079345703,,207063
9300,304742400,0.42595798138378416,3.0875768661499023,0.47464933395385744,,206950
9310,305070080,0.4250207453356408,3.1329715728759764,0.47891759872436523,,207098
9320,305397760,0.42408409637260824,3.1530595779418946,0.47949657440185545,,207066
9330,305725440,0.4231480388945583,3.1177568435668945,0.47475905418395997,,207069
9340,306053120,0.4222125772985835,3.085500717163086,0.4744589328765869,,207068
9350,306380800,0.42127771597897823,3.109212875366211,0.48148279190063475,,207047
9360,306708480,0.4203434593272163,3.125402641296387,0.4756804943084717,,207105
9370,307036160,0.4194098117319315,3.1068817138671876,0.47399258613586426,,207108
9380,307363840,0.41847677757889645,3.148944854736328,0.48842573165893555,,207132
9390,307691520,0.41754436125100236,3.132059860229492,0.484041690826416,,207106
9400,308019200,0.416612567128238,3.129353332519531,0.4760304927825928,,207126
9410,308346880,0.41568139958766936,3.107613182067871,0.47691950798034666,,207082
9420,308674560,0.41475086300341946,3.1288631439208983,0.4845427989959717,,207062
9430,309002240,0.41382096174664673,3.118813323974609,0.4926899909973145,,206862
9440,309329920,0.412891700185526,3.114185905456543,0.47984728813171384,,205265
9450,309657600,0.4119630826852264,3.0467208862304687,0.4758463859558105,,206882
9460,309985280,0.41103511360789224,3.0415754318237305,0.48662638664245605,,207098
9470,310312960,0.4101077973126215,3.1406795501708986,0.49216952323913576,,206850
9480,310640640,0.40918113815544555,3.121015167236328,0.48709940910339355,,207100
9490,310968320,0.40825514048930955,3.0768564224243162,0.47421879768371583,,207091
9500,311296000,0.4073298086640508,3.1258989334106446,0.4812816619873047,,207097
9510,311623680,0.4064051470263791,3.0682117462158205,0.4878823280334473,,207069
9520,311951360,0.40548115991985556,3.1185800552368166,0.48101296424865725,,207075
9530,312279040,0.4045578516848737,3.0558372497558595,0.4783602714538574,,207078
9540,312606720,0.40363522665863694,3.1403985977172852,0.4870551586151123,,207086
9550,312934400,0.4027132891751404,3.1260440826416014,0.4918208599090576,,207080
9560,313262080,0.40179204356514864,3.0578840255737303,0.47499914169311525,,207104
9570,313589760,0.4008714941561764,3.0036672592163085,0.4842578411102295,,207074
9580,313917440,0.3999516452724685,3.11414794921875,0.4728093147277832,,207141
9590,314245120,0.39903250123497847,3.007512855529785,0.4763208866119385,,207086
9600,314572800,0.3981140663613494,3.11745662689209,0.48235373497009276,,207108
9610,314900480,0.3971963449658923,3.1846925735473635,0.49231133460998533,,207090
9620,315228160,0.39627934135956777,3.129019927978516,0.4877653121948242,,207131
9630,315555840,0.3953630598499638,3.092646598815918,0.48681106567382815,,207074
9640,315883520,0.3944475047412763,3.1421535491943358,0.4825697422027588,,207109
9650,316211200,0.3935326803342897,3.11911563873291,0.47841854095458985,,207032
9660,316538880,0.3926185909263551,3.045304298400879,0.4783167839050293,,207054
9670,316866560,0.3917052408113716,3.0282716751098633,0.4740973949432373,,207072
9680,317194240,0.39079263427976507,3.0936059951782227,0.48597097396850586,,207141
9690,317521920,0.389880775618469,3.081558036804199,0.48830108642578124,,207102
9700,317849600,0.388969669110903,3.0962461471557616,0.47369184494018557,,207131
9710,318177280,0.38805931903695423,3.1096355438232424,0.48393683433532714,,207064
9720,318504960,0.38714972967295613,3.1081132888793945,0.4878269672393799,,207122
9730,318832640,0.38624090529166855,3.0748880386352537,0.48330082893371584,,207059
9740,319160320,0.3853328501622585,3.080995559692383,0.47933011054992675,,207112
9750,319488000,0.38442556855027865,3.109189033508301,0.4865548610687256,,207122
9760,319815680,0.38351906471764896,3.087190628051758,0.47925968170166017,,207142
9770,320143360,0.3826133429226348,3.1140264511108398,0.4842332363128662,,207217
9780,320471040,0.38170840741982925,3.0487739562988283,0.47892088890075685,,207138
9790,320798720,0.38080426246013044,3.0693235397338867,0.47809815406799316,,207102
9800,321126400,0.379900912290724,3.0960683822631836,0.4830305099487305,,207119
9810,321454080,0.3789983611550616,3.0503488540649415,0.4704275608062744,,207049
9820,321781760,0.3780966132928413,3.0906816482543946,0.48369383811950684,,207092
9830,322109440,0.37719567293998824,3.0550519943237306,0.4834874629974365,,207068
9840,322437120,0.3762955443286341,3.0718673706054687,0.4849275588989258,,207074
9850,322764800,0.37539623168709757,3.177632522583008,0.48978118896484374,,207077
9860,323092480,0.37449773923986396,3.0952579498291017,0.4880344390869141,,207096
9870,323420160,0.37360007120756655,3.061850738525391,0.48070921897888186,,206642
9880,323747840,0.37270323180696474,3.0981975555419923,0.4839221477508545,,206159
9890,324075520,0.3718072252509268,3.073161315917969,0.4805931091308594,,207077
9900,324403200,0.370912055748408,3.134265327453613,0.49073195457458496,,207112
9910,324730880,0.3700177275044315,3.1002691268920897,0.48113532066345216,,207092
9920,325058560,0.369124244720069,3.0769004821777344,0.48758955001831056,,207117
9930,325386240,0.36823161159242057,3.067756462097168,0.4805421829223633,,207017
9940,325713920,0.3673398323145951,3.0593971252441405,0.48174314498901366,,207069
9950,326041600,0.36644891107569044,3.0762033462524414,0.48328347206115724,,207026
9960,326369280,0.3655588520607741,3.051121711730957,0.48393235206604,,207086
9970,326696960,0.3646696594508628,3.1219366073608397,0.4863117218017578,,207051
9980,327024640,0.3637813374229041,3.0869365692138673,0.49506206512451173,,207066
9990,327352320,0.36289389014975526,3.0506044387817384,0.48748412132263186,,207061
10000,327680000,0.3620073218001649,3.0805500030517576,0.48172550201416015,,207093
10010,328007680,0.3611216365387533,3.096060371398926,0.4888197422027588,,207069
10020,328335360,0.360236838525991,3.0481409072875976,0.4913327217102051,,207077
10030,328663040,0.3593529319181825,3.1201416015625,0.4932713031768799,,207090
10040,328990720,0.35846992086744367,3.0841217041015625,0.4903104782104492,,207081
10050,329318400,0.35758780952168456,3.1199132919311525,0.4939896583557129,,207033
10060,329646080,0.3567066020245879,3.0961227416992188,0.493646240234375,,207002
10070,329973760,0.35582630251559155,3.0361122131347655,0.4807433605194092,,206984
10080,330301440,0.3549469151298672,3.040645980834961,0.4779956817626953,,207049
10090,330629120,0.3540684439983024,3.108348083496094,0.48662500381469725,,207095
10100,330956800,0.3531908932474809,3.0718549728393554,0.4782865047454834,,206998
10110,331284480,0.3523142669996624,3.026186943054199,0.4762745380401611,,207033
10120,331612160,0.3514385693727643,3.0866043090820314,0.47968616485595705,,207012
10130,331939840,0.3505638044803414,3.029504585266113,0.47693443298339844,,207094
10140,332267520,0.3496899764315674,3.0823720932006835,0.4812299728393555,,207055
10150,332595200,0.3488170893312148,3.123521423339844,0.48849878311157224,,206985
10160,332922880,0.34794514727963644,3.1173778533935548,0.5012259483337402,,207036
10170,333250560,0.3470741543727457,3.0629859924316407,0.48535428047180174,,207058
10180,333578240,0.346204114701997,3.029493522644043,0.48958234786987304,,207035
10190,333905920,0.345335032354368,3.0468177795410156,0.48767714500427245,,207047
10200,334233600,0.34446691141233793,3.096269989013672,0.5006831169128418,,207002
10210,334561280,0.34359975595387116,3.107279968261719,0.4872570991516113,,206990
10220,334888960,0.3427335700523958,3.0283939361572267,0.4820262432098389,,207014
10230,335216640,0.3418683577767862,3.098657417297363,0.4875239372253418,,207032
10240,335544320,0.34100412319134277,3.082426071166992,0.4884209632873535,,206991
10250,335872000,0.34014087035577323,3.078717041015625,0.49231390953063964,,207026
10260,336199680,0.33927860332517384,3.049831008911133,0.48968167304992677,,207059
10270,336527360,0.3384173261500096,2.9836143493652343,0.4887895107269287,,207040
10280,336855040,0.33755704287609634,3.07833194732666,0.4881419658660889,,207049
10290,337182720,0.3366977575445804,3.0859012603759766,0.4891210556030273,,207032
10300,337510400,0.3358394741919212,3.071360206604004,0.48225088119506837,,207049
10310,337838080,0.33498219684987046,3.0764743804931642,0.4929192543029785,,207067
10320,338165760,0.3341259295454547,3.087520408630371,0.4879857063293457,,207014
10330,338493440,0.33327067630095575,3.060104560852051,0.4951277732849121,,207031
10340,338821120,0.3324164411338921,3.0654975891113283,0.4918229579925537,,207002
10350,339148800,0.33156322805699956,3.1041337966918947,0.4937757015228271,,207039
10360,339476480,0.3307110410782127,3.036946678161621,0.4837663650512695,,207052
10370,339804160,0.32985988420064666,3.0724155426025392,0.5283876419067383,,207093
10380,340131840,0.3290097614225766,2.99984073638916,0.48265838623046875,,207118
10390,340459520,0.3281606767374211,3.084053802490234,0.48807449340820314,,207080
10400,340787200,0.3273126341337218,3.100765419006348,0.4958175182342529,,207074
10410,341114880,0.3264656375951254,3.053912353515625,0.49149441719055176,,207043
10420,341442560,0.3256196911003647,3.0884613037109374,0.48873376846313477,,207100
10430,341770240,0.3247747986232399,3.0429965972900392,0.49633069038391114,,207111
10440,342097920,0.3239309641325999,3.0839260101318358,0.4823451519012451,,207106
10450,342425600,0.3230881915923239,3.090748977661133,0.4913314342498779,,207118
10460,342753280,0.32224648496130276,3.0274662017822265,0.4890451908111572,,207102
10470,343080960,0.32140584819341994,3.0322744369506838,0.48169517517089844,,207026
10480,343408640,0.3205662852375337,3.056988334655762,0.49254813194274905,,207073
10490,343736320,0.3197278000374577,3.039805603027344,0.481307315826416,,207104
10500,344064000,0.31889039653194307,3.042012596130371,0.4904038906097412,,207107
10510,344391680,0.31805407865465946,3.066850280761719,0.48928241729736327,,207077
10520,344719360,0.31721885033417746,3.0380109786987304,0.4962910175323486,,207088
10530,345047040,0.3163847154939489,3.0946043014526365,0.4905576705932617,,207136
10540,345374720,0.3155516780522891,3.0769996643066406,0.5018825054168701,,207083
10550,345702400,0.31471974192235896,2.978991889953613,0.4895038604736328,,207074
10560,346030080,0.313888911012145,3.0920528411865233,0.4904283046722412,,207124
10570,346357760,0.3130591892244431,3.0153759002685545,0.48825974464416505,,207091
10580,346685440,0.31223058045683816,2.990095520019531,0.4918426513671875,,207068
10590,347013120,0.3114030886016875,3.0614622116088865,0.4880810737609863,,207100
10600,347340800,0.31057671754610106,2.9937311172485352,0.48756999969482423,,206932
10610,347668480,0.30975147117192475,3.065895843505859,0.4891031742095947,,207047
10620,347996160,0.3089273533557203,3.074140739440918,0.4890695095062256,,207084
10630,348323840,0.3081043679687486,3.0129566192626953,0.4898730754852295,,207041
10640,348651520,0.30728251887695135,3.1010339736938475,0.48734369277954104,,207101
10650,348979200,0.30646180994093186,3.132765007019043,0.5140953063964844,,207155
10660,349306880,0.3056422450159381,3.0478693008422852,0.5046255588531494,,207120
10670,349634560,0.30482382795184393,3.0681764602661135,0.4959887981414795,,207159
10680,349962240,0.3040065625931312,3.1106945037841798,0.5054583549499512,,207119
10690,350289920,0.30319045277887136,3.0724721908569337,0.49622607231140137,,207090
10700,350617600,0.3023755023427084,3.0609642028808595,0.4892265319824219,,207078
10710,350945280,0.3015617151128396,3.0360410690307615,0.490848970413208,,207028
10720,351272960,0.3007490949119982,3.0747676849365235,0.49152517318725586,,207090
10730,351600640,0.2999376455574358,3.062225341796875,0.48699398040771485,,207081
10740,351928320,0.29912737086090346,3.074666976928711,0.49848103523254395,,207096
10750,352256000,0.2983182746286347,3.032400131225586,0.4986595630645752,,207006
10760,352583680,0.29751036066132674,3.0832487106323243,0.49372220039367676,,207070
10770,352911360,0.29670363275412404,3.107250785827637,0.48894991874694826,,207037
10780,353239040,0.2958980946965986,3.1018877029418945,0.5023862838745117,,207088
10790,353566720,0.2950937502727342,3.0593793869018553,0.4930758476257324,,207118
10800,353894400,0.2942906032609065,3.0206159591674804,0.4925963878631592,,207092
10810,354222080,0.29348865743386676,3.0334760665893556,0.48899044990539553,,207079
10820,354549760,0.2926879165587243,3.034437370300293,0.49103665351867676,,207144
10830,354877440,0.2918883843969272,3.1045251846313477,0.49718427658081055,,207103
10840,355205120,0.2910900647042468,2.9798118591308596,0.48304524421691897,,207104
10850,355532800,0.29029296123075793,3.1031450271606444,0.49257626533508303,,207082
10860,355860480,0.2894970777208227,3.0931137084960936,0.49773292541503905,,207039
10870,356188160,0.2887024179130724,3.0284042358398438,0.4893008232116699,,207016
10880,356515840,0.28790898554039035,3.0424789428710937,0.4988875389099121,,207141
10890,356843520,0.2871167843298935,3.034165382385254,0.48302831649780276,,207050
10900,357171200,0.28632581800291573,3.0690378189086913,0.49680233001708984,,207082
10910,357498880,0.2855360902749904,3.04300537109375,0.4927341461181641,,207064
10920,357826560,0.2847476048558321,3.0183378219604493,0.48714518547058105,,207095
10930,358154240,0.2839603654493199,2.971750259399414,0.4915768623352051,,207051
10940,358481920,0.2831743757534798,3.004131317138672,0.49137439727783205,,207103
10950,358809600,0.2823896394604675,3.01983642578125,0.4886177539825439,,206912
10960,359137280,0.2816061602565507,3.0917381286621093,0.5063828945159912,,207105
10970,359464960,0.2808239418220919,3.061653900146484,0.503836727142334,,207030
10980,359792640,0.2800429878315313,3.058989143371582,0.5026697635650634,,207069
10990,360120320,0.27926330195336935,3.1022891998291016,0.4953488349914551,,207148
11000,360448000,0.2784848878501499,3.05080623626709,0.5056308269500732,,207134
11010,360775680,0.2777077491784421,2.9395114898681642,0.5102254390716553,,207036
11020,361103360,0.27693188958882464,3.0764787673950194,0.497027587890625,,207012
11030,361431040,0.27615731272586685,3.0220453262329103,0.5043763160705567,,207079
11040,361758720,0.2753840222281132,3.0964096069335936,0.501286792755127,,207093
11050,362086400,0.27461202172806515,2.963839530944824,0.4855010986328125,,207082
11060,362414080,0.27384131485216434,3.005120277404785,0.4946559429168701,,207143
11070,362741760,0.27307190522077623,3.0508352279663087,0.49320011138916015,,207104
11080,363069440,0.2723037964481719,3.024974822998047,0.49474687576293946,,207093
11090,363397120,0.27153699214251215,3.0726274490356444,0.4953930854797363,,207058
11100,363724800,0.27077149590582994,3.0585037231445313,0.5114255905151367,,207050
11110,364052480,0.27000731133401334,2.9759260177612306,0.49416375160217285,,207077
11120,364380160,0.2692444420167893,3.072340202331543,0.5061943531036377,,207125
11130,364707840,0.26848289153770644,3.038014221191406,0.5047510147094727,,207114
11140,365035520,0.267722663474118,3.04882869720459,0.49431767463684084,,207083
11150,365363200,0.2669637613971651,2.9955976486206053,0.4895728588104248,,207042
11160,365690880,0.2662061888717604,3.069802093505859,0.4938227653503418,,207103
11170,366018560,0.26544994945657074,3.0256750106811525,0.4918199062347412,,207041
11180,366346240,0.2646950467040012,3.082835578918457,0.4972269058227539,,207045
11190,366673920,0.26394148416017726,3.0016393661499023,0.500631856918335,,206977
11200,367001600,0.2631892653649296,2.9650381088256834,0.4907672882080078,,206981
11210,367329280,0.26243839385177614,3.028921699523926,0.49937949180603025,,206982
11220,367656960,0.261688873147906,3.0204965591430666,0.49818105697631837,,207037
11230,367984640,0.2609407067741632,3.0181001663208007,0.500891637802124,,207050
11240,368312320,0.2601938982450296,3.0450239181518555,0.49774737358093263,,207009
11250,368640000,0.2594484510686089,3.0866876602172852,0.5106629848480224,,206950
11260,368967680,0.2587043687466096,3.0725381851196287,0.5006932258605957,,207048
11270,369295360,0.2579616547743293,3.0893442153930666,0.5065687656402588,,206954
11280,369623040,0.2572203126406374,3.1008588790893556,0.5067516326904297,,207039
11290,369950720,0.25648034582795914,3.012248420715332,0.4955770969390869,,206963
11300,370278400,0.2557417578122594,3.00557918548584,0.49421401023864747,,207008
11310,370606080,0.2550045520630264,3.0262075424194337,0.49198293685913086,,207032
11320,370933760,0.25426873204325495,3.0551755905151365,0.4951517105102539,,207007
11330,371261440,0.2535343012094305,2.9317760467529297,0.48333988189697263,,206979
11340,371589120,0.25280126301151284,3.009347915649414,0.5008064270019531,,206992
11350,371916800,0.25206962089291973,3.0105667114257812,0.4983803749084473,,207031
11360,372244480,0.2513393782905116,3.055306053161621,0.501615333557129,,206973
11370,372572160,0.25061053863457383,3.0337528228759765,0.5038854122161865,,206991
11380,372899840,0.24988310534880215,3.0568199157714844,0.5049197196960449,,206929
11390,373227520,0.24915708185028554,3.0385204315185548,0.4963960647583008,,206971
11400,373555200,0.2484324715494908,2.9731256484985353,0.4899875640869141,,206964
11410,373882880,0.24770927785024613,3.015916442871094,0.4986987590789795,,206966
11420,374210560,0.24698750414972515,2.986851692199707,0.5036606788635254,,206957
11430,374538240,0.2462671538384317,3.079041290283203,0.4984853267669678,,206998
11440,374865920,0.24554823030018252,3.0509307861328123,0.5002359867095947,,206998
11450,375193600,0.24483073691209287,3.039013481140137,0.5033727169036866,,206988
11460,375521280,0.24411467704455944,3.026834487915039,0.5045426368713379,,206995
11470,375848960,0.24340005406124518,3.1096561431884764,0.49832448959350584,,207022
11480,376176640,0.24268687131906316,2.952571678161621,0.48934283256530764,,206960
11490,376504320,0.24197513216816144,3.067002868652344,0.5042852401733399,,206856
11500,376832000,0.24126483995190637,2.994754409790039,0.4950214385986328,,207055
11510,377159680,0.24055599800686764,3.0150190353393556,0.4957366943359375,,207036
11520,377487360,0.23984860966280222,2.9608366012573244,0.48913283348083497,,207031
11530,377815040,0.2391426782426388,2.9542436599731445,0.5023216724395752,,206937
11540,378142720,0.2384382070624626,3.015974235534668,0.5002074241638184,,207034
11550,378470400,0.23773519943149887,3.0326457977294923,0.4982245922088623,,207079
11560,378798080,0.23703365865209847,2.982929229736328,0.4974981307983398,,207022
11570,379125760,0.23633358801972137,3.0481191635131837,0.49635562896728513,,207072
11580,379453440,0.2356349908229217,3.0454416275024414,0.5040668964385986,,207094
11590,379781120,0.23493787034333216,3.0142288208007812,0.5064852237701416,,207086
11600,380108800,0.23424222985564858,3.0551692962646486,0.5106122016906738,,207116
11610,380436480,0.23354807262761487,3.1035696029663087,0.5099761486053467,,207034
11620,380764160,0.232855401920007,3.038762855529785,0.5024000644683838,,207044
11630,381091840,0.2321642209866184,3.0070619583129883,0.49860286712646484,,207035
11640,381419520,0.23147453307424415,3.019628143310547,0.49847979545593263,,207082
11650,381747200,0.230786341422666,2.9435842514038084,0.49103312492370604,,207104
11660,382074880,0.2300996492646368,3.042164611816406,0.507446002960205,,207077
11670,382402560,0.2294144598258662,2.987440490722656,0.5026788711547852,,207096
11680,382730240,0.2287307763250043,3.0488008499145507,0.5105587005615234,,207062
11690,383057920,0.2280486019736274,3.003109359741211,0.4991616249084473,,207078
11700,383385600,0.22736793997622248,3.033272933959961,0.5004495620727539,,207112
11710,383713280,0.2266887935301724,2.9849809646606444,0.4966783046722412,,207079
11720,384040960,0.22601116582574088,3.0517818450927736,0.5070026397705079,,207103
11730,384368640,0.22533506004605705,2.944441795349121,0.5067612171173096,,207129
11740,384696320,0.2246604793671014,2.9627426147460936,0.502769136428833,,207075
11750,385024000,0.22398742695768986,3.072491455078125,0.504749870300293,,207070
11760,385351680,0.22331590597945955,2.9785892486572267,0.496030855178833,,207091
11770,385679360,0.22264591958685376,3.0040597915649414,0.4973719120025635,,207093
11780,386007040,0.22197747092710685,3.040394401550293,0.504740571975708,,207095
11790,386334720,0.22131056314023037,3.0455244064331053,0.5121980667114258,,207119
11800,386662400,0.22064519935899696,3.0122894287109374,0.5154735088348389,,207122
11810,386990080,0.21998138270892706,3.0023309707641603,0.4976196765899658,,207109
11820,387317760,0.21931911630827294,2.9988370895385743,0.49762864112854005,,207061
11830,387645440,0.21865840326800487,3.038347053527832,0.523932933807373,,207082
11840,387973120,0.2179992466917961,3.0115758895874025,0.5037458896636963,,207085
11850,388300800,0.21734164967600889,2.9440813064575195,0.49457511901855467,,207078
11860,388628480,0.2166856153096791,3.0136831283569334,0.5004602909088135,,207089
11870,388956160,0.21603114667450216,3.0205459594726562,0.5070680618286133,,206686
11880,389283840,0.21537824684481896,2.9613582611083986,0.49918365478515625,,207087
11890,389611520,0.21472691888760015,2.9721450805664062,0.4963076591491699,,207063
11900,389939200,0.21407716586243347,2.9697664260864256,0.5000414848327637,,207085
11910,390266880,0.21342899082150785,3.0713573455810548,0.5049342632293701,,207118
11920,390594560,0.2127823968096001,3.0690029144287108,0.5076071739196777,,207138
11930,390922240,0.21213738686406003,2.9947332382202148,0.5084042072296142,,207068
11940,391249920,0.2114939640147963,2.9736455917358398,0.496656608581543,,207082
11950,391577600,0.21085213128426236,3.0052417755126952,0.5030194282531738,,206350
11960,391905280,0.21021189168744198,3.0380598068237306,0.502495288848877,,207132
11970,392232960,0.2095732482318356,2.968729019165039,0.4966117858886719,,207115
11980,392560640,0.20893620391744544,2.9830001831054687,0.504511547088623,,207097
11990,392888320,0.2083007617367621,3.005625534057617,0.503603458404541,,207040
12000,393216000,0.20766692467475006,2.999129867553711,0.5025388717651367,,207123
12010,393543680,0.207034695708834,2.988542366027832,0.5169005870819092,,207034
12020,393871360,0.20640407780888423,2.9827266693115235,0.5027327537536621,,207085
12030,394199040,0.20577507393720368,3.01611213684082,0.5069157123565674,,207057
12040,394526720,0.20514768704851313,3.026934051513672,0.5037862300872803,,207071
12050,394854400,0.20452192008993753,2.949119758605957,0.49704952239990235,,207092
12060,395182080,0.20389777600099285,3.0337921142578126,0.5011793613433838,,207051
12070,395509760,0.2032752577135708,3.04488582611084,0.4989079475402832,,207070
12080,395837440,0.20265436815192675,3.0398895263671877,0.5066536426544189,,207111
12090,396165120,0.20203511023266468,3.0085626602172852,0.49814696311950685,,207044
12100,396492800,0.20141748686472444,3.0693546295166017,0.5079108238220215,,207073
12110,396820480,0.20080150094936725,2.968499946594238,0.4998537540435791,,207055
12120,397148160,0.20018715538016268,2.9715787887573244,0.4976345062255859,,207099
12130,397475840,0.1995744530429747,2.9512939453125,0.5041043281555175,,207029
12140,397803520,0.1989633968159482,3.0253982543945312,0.5064177989959717,,207099
12150,398131200,0.19835398956949601,3.0858779907226563,0.5057236194610596,,207004
12160,398458880,0.19774623416628423,3.0198678970336914,0.5121194839477539,,207084
12170,398786560,0.1971401334612201,3.005777931213379,0.5073332786560059,,207070
12180,399114240,0.19653569030143775,2.9435779571533205,0.5025562763214111,,207045
12190,399441920,0.19593290752628495,3.078264617919922,0.5206243515014648,,207055
12200,399769600,0.1953317879673098,3.0347036361694335,0.503704309463501,,207069
12210,400097280,0.194732334448248,2.985814094543457,0.5007529735565186,,207167
12220,400424960,0.1941345497850086,3.006327819824219,0.507439136505127,,206621
12230,400752640,0.19353843678566138,3.056719970703125,0.5115284442901611,,206969
12240,401080320,0.1929439982504239,2.9626794815063477,0.5000733852386474,,207103
12250,401408000,0.1923512369716472,3.042922592163086,0.5065449237823486,,207101
12260,401735680,0.19176015573380445,3.0605693817138673,0.5078251838684082,,207023
12270,402063360,0.191170757313476,3.0006338119506837,0.501460599899292,,207124
12280,402391040,0.19058304447933802,3.02022647857666,0.5026734828948974,,207117
12290,402718720,0.1899970199921481,2.968380355834961,0.5011187076568604,,207070
12300,403046400,0.1894126866047332,2.976571464538574,0.502668809890747,,207090
12310,403374080,0.1888300470619763,2.933760070800781,0.5022313117980957,,207067
12320,403701760,0.18824910410080348,3.0151012420654295,0.5094429016113281,,207106
12330,404029440,0.18766986045017167,2.9615530014038085,0.5077133178710938,,207030
12340,404357120,0.18709231883105468,2.938678741455078,0.5015892028808594,,207045
12350,404684800,0.18651648195643172,3.043563461303711,0.5060075283050537,,207072
12360,405012480,0.18594235253127372,2.9842981338500976,0.5008621692657471,,207097
12370,405340160,0.18536993325253082,3.043056869506836,0.504324197769165,,207101
12380,405667840,0.18479922680912014,3.0374074935913087,0.5068871021270752,,207056
12390,405995520,0.1842302358819124,2.9511388778686523,0.5016730308532715,,207118
12400,406323200,0.18366296314372033,2.9671586990356444,0.49581117630004884,,207061
12410,406650880,0.18309741125928486,2.9392833709716797,0.5113859176635742,,207020
12420,406978560,0.18253358288526406,3.007742500305176,0.5064047813415528,,207067
12430,407306240,0.18197148067021893,2.989963722229004,0.5042284965515137,,207048
12440,407633920,0.18141110725460283,3.0520549774169923,0.5083962440490722,,207045
12450,407961600,0.1808524652707474,3.0125732421875,0.5040089607238769,,207059
12460,408289280,0.18029555734285163,3.0001852035522463,0.5084660053253174,,207041
12470,408616960,0.1797403860869683,2.99193115234375,0.5076992988586426,,207075
12480,408944640,0.17918695411099256,2.999043846130371,0.5121880531311035,,207062
12490,409272320,0.17863526401464913,3.028618049621582,0.5065216541290283,,207051
12500,409600000,0.17808531838948038,2.9764892578125,0.5073297500610352,,207058
12510,409927680,0.17753711981883438,3.025539016723633,0.509994649887085,,207067
12520,410255360,0.17699067087785206,3.024959373474121,0.5038572311401367,,207023
12530,410583040,0.17644597413345592,3.023118591308594,0.5117849826812744,,207059
12540,410910720,0.1759030321443373,3.0123659133911134,0.5078250885009765,,207034
12550,411238400,0.17536184746094474,3.039188194274902,0.5089891433715821,,207034
12560,411566080,0.17482242262547187,2.9907854080200194,0.504455280303955,,207081
12570,411893760,0.17428476017184552,2.9535388946533203,0.5070319652557373,,207073
12580,412221440,0.17374886262571393,2.974163627624512,0.5112771987915039,,207021
12590,412549120,0.17321473250443453,2.9811885833740233,0.502660083770752,,206969
12600,412876800,0.1726823723170628,2.9904367446899416,0.5012743473052979,,207070
12610,413204480,0.1721517845643391,2.960090446472168,0.5119215965270996,,207086
12620,413532160,0.1716229717386789,2.9717151641845705,0.5081293106079101,,207000
12630,413859840,0.17109593632415931,2.967269706726074,0.4998023986816406,,207003
12640,414187520,0.17057068079650856,3.0071714401245115,0.5065518379211426,,206990
12650,414515200,0.17004720762309364,3.068131446838379,0.5091470718383789,,207030
12660,414842880,0.1695255192629091,2.9787649154663085,0.5086008071899414,,206967
12670,415170560,0.16900561816656542,2.9775278091430666,0.5034914016723633,,207083
12680,415498240,0.16848750677627727,2.960679817199707,0.5047630786895752,,206993
12690,415825920,0.1679711875258528,2.974772644042969,0.5103007316589355,,207062
12700,416153600,0.16745666284068098,3.017628288269043,0.5037401199340821,,207023
12710,416481280,0.16694393513772138,2.998846435546875,0.5066962718963623,,207037
12720,416808960,0.16643300682549206,2.993404769897461,0.5068554878234863,,207023
12730,417136640,0.16592388030405858,2.9990829467773437,0.5031441688537598,,207023
12740,417464320,0.16541655796502264,3.0190059661865236,0.5118966579437256,,206949
12750,417792000,0.16491104219151081,3.0211095809936523,0.5121137142181397,,207012
12760,418119680,0.16440733535816363,2.946141815185547,0.5035531044006347,,206984
12770,418447360,0.16390543983112393,3.0461097717285157,0.5149418830871582,,207031
12780,418775040,0.1634053579680263,2.988699531555176,0.5058018684387207,,206987
12790,419102720,0.1629070921179852,2.9730554580688477,0.5061450481414795,,207007
12800,419430400,0.16241064462158505,2.981591796875,0.5146242141723633,,206996
12810,419758080,0.16191601781086817,2.9748615264892577,0.5101889610290528,,207080
12820,420085760,0.1614232140093247,2.987186622619629,0.5031157493591308,,207119
12830,420413440,0.1609322355318808,2.9994739532470702,0.5093461990356445,,207007
12840,420741120,0.1604430846848886,3.024668312072754,0.5200145721435547,,207041
12850,421068800,0.15995576376611487,2.975193977355957,0.5064188957214355,,207001
12860,421396480,0.15947027506473016,3.034412956237793,0.5057623863220215,,207019
12870,421724160,0.15898662086129878,2.9301174163818358,0.5019030570983887,,207042
12880,422051840,0.15850480342776696,2.963103485107422,0.49886560440063477,,207010
12890,422379520,0.1580248250274533,3.0277473449707033,0.5140192985534668,,207032
12900,422707200,0.1575466879150373,3.0344306945800783,0.5161099910736084,,206986
12910,423034880,0.1570703943365491,2.982352447509766,0.5115390300750733,,207076
12920,423362560,0.15659594652935896,2.99493293762207,0.5083319664001464,,207119
12930,423690240,0.15612334672216666,2.997048759460449,0.509259033203125,,207090
12940,424017920,0.1556525971349913,2.9922607421875,0.5062597274780274,,207062
12950,424345600,0.15518369997916026,2.967119598388672,0.4962205410003662,,207078
12960,424673280,0.1547166574572997,3.005350112915039,0.5092494010925293,,207053
12970,425000960,0.15425147176332304,3.0099254608154298,0.505824613571167,,207109
12980,425328640,0.153788145082422,2.9460458755493164,0.5023133277893066,,207062
12990,425656320,0.15332667959105506,2.9788654327392576,0.506420373916626,,207096
13000,425984000,0.1528670774569385,2.96383056640625,0.5090249061584473,,207102
13010,426311680,0.15240934083903493,2.911367988586426,0.5019982814788818,,207110
13020,426639360,0.15195347188754413,2.939789962768555,0.5095964431762695,,207092
13030,426967040,0.15149947274389244,3.015519714355469,0.5103724002838135,,207091
13040,427294720,0.15104734554072283,2.9920028686523437,0.5068728446960449,,207097
13050,427622400,0.15059709240188512,2.9324573516845702,0.5031625270843506,,207114
13060,427950080,0.1501487154424255,3.0128095626831053,0.5126040935516357,,207090
13070,428277760,0.1497022167685772,3.036418342590332,0.5131852626800537,,207123
13080,428605440,0.14925759847775003,3.0231409072875977,0.508720064163208,,207057
13090,428933120,0.14881486265852079,2.9854757308959963,0.5090062141418457,,207155
13100,429260800,0.14837401139062345,2.972233009338379,0.5092009544372559,,207106
13110,429588480,0.14793504674493946,3.0221584320068358,0.5150922775268555,,207086
13120,429916160,0.14749797078348806,2.986701774597168,0.5062113761901855,,207041
13130,430243840,0.14706278555941604,2.919864273071289,0.505606746673584,,207068
13140,430571520,0.14662949311698908,2.9811363220214844,0.5127192974090576,,207069
13150,430899200,0.14619809549158108,3.0525232315063477,0.5321245193481445,,207052
13160,431226880,0.1457685947096655,3.0380279541015627,0.5135610580444336,,207129
13170,431554560,0.14534099278880513,2.9959421157836914,0.5108366966247558,,207082
13180,431882240,0.14491529173764328,3.012904930114746,0.5154204368591309,,207130
13190,432209920,0.14449149355589372,3.0194873809814453,0.5149780750274658,,207055
13200,432537600,0.14406960023433169,2.991165542602539,0.5081447124481201,,207087
13210,432865280,0.14364961375478438,3.0022058486938477,0.512528944015503,,206556
13220,433192960,0.1432315360901216,2.9085319519042967,0.4989028453826904,,207137
13230,433520640,0.14281536920424684,2.906853675842285,0.5047276020050049,,207085
13240,433848320,0.1424011150520874,3.0142393112182617,0.5111725807189942,,207113
13250,434176000,0.141988775579586,2.9089502334594726,0.5062901496887207,,207090
13260,434503680,0.14157835272369096,2.9447601318359373,0.5069668769836426,,207107
13270,434831360,0.14116984841234742,3.0199970245361327,0.510461950302124,,207092
13280,435159040,0.14076326456448812,2.9335182189941404,0.5105959415435791,,207110
13290,435486720,0.14035860309002474,2.9531021118164062,0.5125897407531739,,207119
13300,435814400,0.1399558658898386,2.9929878234863283,0.5174076557159424,,207133
13310,436142080,0.13955505485577163,2.963728141784668,0.50625581741333,,207097
13320,436469760,0.13915617187061802,2.9701080322265625,0.5095178127288819,,207106
13330,436797440,0.13875921880811476,3.0044275283813477,0.5111166477203369,,207043
13340,437125120,0.13836419753293316,3.018170166015625,0.5137428283691406,,207100
13350,437452800,0.13797110990066996,2.9703550338745117,0.505915355682373,,206707
13360,437780480,0.137579957757839,3.042759895324707,0.5095713615417481,,207075
13370,438108160,0.13719074294186187,2.98803596496582,0.504061508178711,,207116
13380,438435840,0.1368034672810598,2.920850944519043,0.5067091941833496,,207144
13390,438763520,0.13641813259464494,2.9858831405639648,0.508609390258789,,207076
13400,439091200,0.13603474069271163,3.0480894088745116,0.5180190086364747,,207100
13410,439418880,0.1356532933762284,3.006694221496582,0.5177389621734619,,207086
13420,439746560,0.13527379243702872,2.982695388793945,0.5071540355682373,,207051
13430,440074240,0.1348962396578035,2.9474275588989256,0.5120966911315918,,207165
13440,440401920,0.13452063681209184,3.0124435424804688,0.5121617317199707,,206693
13450,440729600,0.13414698566427333,2.969124412536621,0.516064453125,,207096
13460,441057280,0.1337752879695594,2.947208213806152,0.5073577880859375,,207065
13470,441384960,0.1334055454739853,2.9259199142456054,0.504875373840332,,207064
13480,441712640,0.13303775991440192,2.9616479873657227,0.5285358428955078,,207016
13490,442040320,0.1326719330184672,2.954036521911621,0.5108080863952636,,207113
13500,442368000,0.13230806650463867,2.997275733947754,0.5143088340759278,,207074
13510,442695680,0.13194616208216495,3.0043560028076173,0.5178609848022461,,207117
13520,443023360,0.13158622145107762,2.9714385986328127,0.5127204418182373,,207062
13530,443351040,0.1312282463021836,3.061992645263672,0.5202224254608154,,207047
13540,443678720,0.13087223831705705,2.965242385864258,0.5105937480926513,,207100
13550,444006400,0.13051819916803145,2.9136531829833983,0.508250379562378,,206994
13560,444334080,0.1301661305181917,2.9618562698364257,0.5080794811248779,,206988
13570,444661760,0.12981603402136632,2.9773538589477537,0.5093486785888672,,206983
13580,444989440,0.1294679113221197,2.987611770629883,0.5070526123046875,,207004
13590,445317120,0.12912176405574471,2.987772560119629,0.5155843734741211,,206518
13600,445644800,0.12877759384825416,2.9781375885009767,0.5132900714874268,,207063
13610,445972480,0.12843540231637426,2.9845699310302733,0.5071839332580567,,206981
13620,446300160,0.1280951910675361,2.9805940628051757,0.5128545761108398,,207004
13630,446627840,0.12775696169986858,2.969990539550781,0.5183075428009033,,207018
13640,446955520,0.12742071580219075,2.9743961334228515,0.5138118743896485,,207020
13650,447283200,0.12708645495400447,2.9948516845703126,0.5074960708618164,,207022
13660,447610880,0.1267541807254869,2.9826568603515624,0.5101197719573974,,207052
13670,447938560,0.12642389467748305,2.965795135498047,0.5097039699554443,,206984
13680,448266240,0.12609559836149858,2.943709373474121,0.502500581741333,,207026
13690,448593920,0.12576929331969258,2.9148229598999023,0.5054826736450195,,206957
13700,448921600,0.12544498108486998,2.915974998474121,0.5060927867889404,,207006
13710,449249280,0.12512266318047466,3.027907943725586,0.5160330772399903,,206944
13720,449576960,0.12480234112058225,2.953281211853027,0.5108537197113037,,206984
13730,449904640,0.12448401640989308,2.9490861892700195,0.5080568313598632,,207073
13740,450232320,0.12416769054372481,2.99375057220459,0.5165937900543213,,207055
13750,450560000,0.12385336500800571,2.951292037963867,0.5131845474243164,,207047
13760,450887680,0.12354104127926756,2.9533927917480467,0.5202922344207763,,206995
13770,451215360,0.12323072082463879,2.969404602050781,0.514289140701294,,207014
13780,451543040,0.12292240510183737,2.9709924697875976,0.5191881656646729,,207011
13790,451870720,0.12261609555916432,2.9881853103637694,0.5208226203918457,,207072
13800,452198400,0.1223117936354966,2.934541130065918,0.5130771160125732,,207023
13810,452526080,0.1220095007602805,2.998061180114746,0.5131879329681397,,207037
13820,452853760,0.1217092183535248,3.004710006713867,0.5179672718048096,,206938
13830,453181440,0.12141094782579417,2.973279571533203,0.521828556060791,,206994
13840,453509120,0.12111469057820282,2.9511863708496096,0.5138520717620849,,206978
13850,453836800,0.12082044800240728,3.0225799560546873,0.5186636924743653,,206980
13860,454164480,0.12052822148060055,2.962697219848633,0.5132870197296142,,206953
13870,454492160,0.12023801238550516,2.94393253326416,0.5065659046173095,,206992
13880,454819840,0.11994982208036684,2.976649856567383,0.5208064556121826,,206942
13890,455147520,0.1196636519189481,2.9546890258789062,0.5120067596435547,,207026
13900,455475200,0.11937950324552202,3.0332969665527343,0.5204104423522949,,206995
13910,455802880,0.11909737739486582,2.959395980834961,0.5094620704650878,,206975
13920,456130560,0.1188172756922545,2.9343799591064452,0.5177466869354248,,206855
13930,456458240,0.1185391994534547,2.960622787475586,0.5122642993927002,,207023
13940,456785920,0.1182631499847186,2.9771244049072267,0.5309382438659668,,206946
13950,457113600,0.11798912858277767,2.9944221496582033,0.5177114486694336,,207009
13960,457441280,0.11771713653483655,2.978249931335449,0.5138850688934327,,206932
13970,457768960,0.1174471751185673,3.000982093811035,0.5125901699066162,,206959
13980,458096640,0.1171792456021029,2.9357460021972654,0.5178105354309082,,206878
13990,458424320,0.11691334924403168,2.989054870605469,0.5131114959716797,,206925
14000,458752000,0.11664948729339125,2.976216125488281,0.5131014347076416,,206977
14010,459079680,0.1163876609896627,2.925862503051758,0.5124648094177247,,206984
14020,459407360,0.11612787156276486,2.9732549667358397,0.5094804763793945,,206982
14030,459735040,0.11587012023304813,2.9544208526611326,0.5108818054199219,,206973
14040,460062720,0.1156144082112893,3.0314403533935548,0.5210425853729248,,207124
14050,460390400,0.11536073669868546,3.0589130401611326,0.5239804267883301,,207128
14060,460718080,0.11510910688684858,2.9640995025634767,0.5137331008911132,,207059
14070,461045760,0.1148595199577997,2.9411481857299804,0.5074671745300293,,207052
14080,461373440,0.11461197708396349,3.069132995605469,0.5258049964904785,,207012
14090,461701120,0.11436647942816297,2.9366003036499024,0.5291590213775634,,206968
14100,462028800,0.11412302814361354,2.9468158721923827,0.5077866554260254,,206238
14110,462356480,0.11388162437391813,2.963847351074219,0.5181313037872315,,207062
14120,462684160,0.11364226925306124,2.942046356201172,0.5108814716339112,,207069
14130,463011840,0.11340496390540424,2.929010200500488,0.5482758522033692,,207087
14140,463339520,0.1131697094456795,2.9776968002319335,0.5177234649658203,,207140
14150,463667200,0.11293650697898572,2.962131309509277,0.5178753852844238,,207111
14160,463994880,0.11270535760078214,3.012103271484375,0.5182892322540283,,207078
14170,464322560,0.11247626239688388,3.0452051162719727,0.5219481468200684,,207078
14180,464650240,0.11224922244345657,3.005603790283203,0.5184261322021484,,207071
14190,464977920,0.1120242388070114,2.927634048461914,0.511922550201416,,207102
14200,465305600,0.11180131254440019,2.968033027648926,0.5197023391723633,,207139
14210,465633280,0.1115804447028102,2.933688735961914,0.5171637535095215,,207072
14220,465960960,0.11136163631975948,3.001816177368164,0.5170993328094482,,207087
14230,466288640,0.11114488842309167,2.9471921920776367,0.5131375789642334,,207123
14240,466616320,0.11093020203097147,2.9990798950195314,0.5245938301086426,,207116
14250,466944000,0.11071757815187974,2.965943717956543,0.5152629852294922,,207124
14260,467271680,0.11050701778460868,2.9968868255615235,0.5181716918945313,,207127
14270,467599360,0.11029852191825738,2.9759496688842773,0.5175161361694336,,207091
14280,467927040,0.11009209153222692,2.932349967956543,0.5115910053253174,,207110
14290,468254720,0.1098877275962159,2.930629539489746,0.5111960887908935,,207119
14300,468582400,0.10968543107021578,2.9717430114746093,0.5185299873352051,,207112
14310,468910080,0.10948520290450654,2.933613967895508,0.5229642868041993,,207137
14320,469237760,0.10928704403965202,2.977710151672363,0.5218803882598877,,207087
14330,469565440,0.10909095540649572,2.996257019042969,0.5174684524536133,,207150
14340,469893120,0.10889693792615628,2.930587387084961,0.5249143123626709,,207141
14350,470220800,0.10870499251002304,2.9893310546875,0.5200778007507324,,207109
14360,470548480,0.10851512005975213,2.9749782562255858,0.5193877696990967,,207176
14370,470876160,0.10832732146726176,2.947126770019531,0.5150958061218261,,207056
14380,471203840,0.10814159761472848,2.983671188354492,0.5170820713043213,,207121
14390,471531520,0.10795794937458267,2.962866020202637,0.519102144241333,,206584
14400,471859200,0.1077763776095048,2.9551183700561525,0.5106144905090332,,207131
14410,472186880,0.107596883172421,2.9924343109130858,0.5242047786712647,,207119
14420,472514560,0.10741946690649931,2.952486038208008,0.5160836696624755,,207145
14430,472842240,0.10724412964514562,3.00378532409668,0.5204641342163085,,207069
14440,473169920,0.10707087221199973,2.9324750900268555,0.5154224395751953,,207127
14450,473497600,0.10689969542093168,2.9167219161987306,0.5151667594909668,,207121
14460,473825280,0.10673060007603764,2.9211570739746096,0.511937427520752,,207113
14470,474152960,0.10656358697163638,2.9937150955200194,0.5209010124206543,,206997
14480,474480640,0.10639865689226519,2.9872970581054688,0.5220070838928222,,207103
14490,474808320,0.10623581061267677,2.9604291915893555,0.5161548137664795,,207083
14500,475136000,0.10607504889783496,2.926716423034668,0.5155839920043945,,207149
14510,475463680,0.10591637250291171,2.958408546447754,0.5193221092224121,,207108
14520,475791360,0.10575978217328301,2.9826175689697267,0.5258458614349365,,207124
14530,476119040,0.10560527864452576,3.0024484634399413,0.518515157699585,,207091
14540,476446720,0.10545286264241416,2.9240238189697267,0.5226914882659912,,207027
14550,476774400,0.10530253488291638,2.9950403213500976,0.5284610748291015,,207106
14560,477102080,0.1051542960721912,2.968946647644043,0.5185162544250488,,207040
14570,477429760,0.10500814690658448,2.9502220153808594,0.5255694389343262,,207096
14580,477757440,0.10486408807262619,2.912611389160156,0.5160902976989746,,207063
14590,478085120,0.104722120247027,2.960950469970703,0.5201520442962646,,207063
14600,478412800,0.10458224409667521,2.9719959259033204,0.520344352722168,,207107
14610,478740480,0.10444446027863345,2.9095090866088866,0.5208533763885498,,207052
14620,479068160,0.10430876944013576,2.980333137512207,0.532325029373169,,207053
14630,479395840,0.10417517221858452,2.990439796447754,0.5178289890289307,,207040
14640,479723520,0.1040436692415474,2.9372512817382814,0.5222027778625489,,207098
14650,480051200,0.10391426112675443,2.966024971008301,0.5209320545196533,,207181
14660,480378880,0.10378694848209509,2.9424488067626955,0.5184848785400391,,207095
14670,480706560,0.10366173190561558,2.9160369873046874,0.5276083469390869,,207079
14680,481034240,0.10353861198551571,3.005544662475586,0.5255655288696289,,207084
14690,481361920,0.10341758930014654,2.9894838333129883,0.5240741729736328,,207057
14700,481689600,0.10329866441800734,2.9781797409057615,0.5207010269165039,,207094
14710,482017280,0.10318183789774295,2.988808250427246,0.5207406044006347,,207115
14720,482344960,0.10306711028814143,2.928569030761719,0.5119228839874268,,207094
14730,482672640,0.10295448212813114,2.957887649536133,0.5218971729278564,,207083
14740,483000320,0.10284395394677846,2.9807138442993164,0.5260478973388671,,206860
14750,483328000,0.10273552626328514,3.010344696044922,0.5258074760437011,,205076
14760,483655680,0.10262919958698588,2.9465370178222656,0.5173377990722656,,207069
14770,483983360,0.10252497441734616,2.971631622314453,0.5227253437042236,,207086
14780,484311040,0.10242285124395946,3.014903450012207,0.5256397247314453,,207067
14790,484638720,0.10232283054654547,2.9217472076416016,0.5149160861968994,,207069
14800,484966400,0.10222491279494736,2.9787092208862305,0.5199677467346191,,207110
14810,485294080,0.10212909844913001,2.9520328521728514,0.5188632488250733,,205893
14820,485621760,0.10203538795917738,2.9713836669921876,0.5208701610565185,,207134
14830,485949440,0.101943781765291,2.911777687072754,0.5161258697509765,,207067
14840,486277120,0.10185428029778715,3.0030067443847654,0.5257417678833007,,207000
14850,486604800,0.1017668839770955,3.004983139038086,0.5245906829833984,,207024
14860,486932480,0.10168159321375685,2.9600934982299805,0.5236501216888427,,206989
14870,487260160,0.10159840840842116,2.9487085342407227,0.5205840587615966,,206944
14880,487587840,0.1015173299518458,2.954496955871582,0.5218988418579101,,206946
14890,487915520,0.10143835822489358,2.884861373901367,0.5186420440673828,,206939
14900,488243200,0.10136149359853108,2.958456039428711,0.5231955051422119,,207008
14910,488570880,0.10128673643382681,2.983418273925781,0.5228376388549805,,206990
14920,488898560,0.10121408708194966,2.976451301574707,0.5237510681152344,,207005
14930,489226240,0.10114354588416707,2.8932575225830077,0.5161315441131592,,207073
14940,489553920,0.1010751131718435,2.9587427139282227,0.5147824287414551,,207081
14950,489881600,0.10100878926643891,3.023507499694824,0.5196165561676025,,207071
14960,490209280,0.1009445744795073,2.95106201171875,0.516949462890625,,206970
14970,490536960,0.10088246911269502,2.9308462142944336,0.5375168800354004,,207037
14980,490864640,0.1008224734577396,2.931147575378418,0.520285177230835,,207047
14990,491192320,0.10076458779646827,2.9237367630004885,0.5195621490478516,,207047
15000,491520000,0.10070881240079659,2.9925880432128906,0.524873924255371,,207011
15010,491847680,0.10065514753272739,2.9955141067504885,0.5255332946777344,,207036
15020,492175360,0.10060359344434912,2.9953802108764647,0.5250017642974854,,206986
15030,492503040,0.10055415037783517,2.9553489685058594,0.5234321594238281,,207045
15040,492830720,0.10050681856544236,2.9516834259033202,0.5205000400543213,,206973
15050,493158400,0.10046159822951001,2.9838539123535157,0.5207088470458985,,207054
15060,493486080,0.10041848958245882,2.9616230010986326,0.5193707466125488,,206932
15070,493813760,0.10037749282679005,2.977157783508301,0.5216393947601319,,206923
15080,494141440,0.10033860815508432,2.904884910583496,0.5285566806793213,,206839
15090,494469120,0.10030183575000079,2.9070072174072266,0.5229026317596436,,206868
15100,494796800,0.10026717578427634,2.9647800445556642,0.5235240936279297,,206926
15110,495124480,0.10023462842072489,2.8875310897827147,0.518480634689331,,207029
15120,495452160,0.1002041938122364,2.9701517105102537,0.5213100433349609,,207049
15130,495779840,0.10017587210177614,2.9619268417358398,0.5206773757934571,,207100
15140,496107520,0.10014966342238431,2.9584190368652346,0.5197702407836914,,206989
15150,496435200,0.10012556789717511,2.961513328552246,0.5253984451293945,,207050
15160,496762880,0.1001035856393363,3.0159854888916016,0.537407636642456,,206463
15170,497090560,0.1000837167521287,2.9355201721191406,0.5238241672515869,,206966
15180,497418240,0.10006596132888562,2.9406118392944336,0.5172471523284912,,206532
15190,497745920,0.10005031945301247,2.9281337738037108,0.5206972599029541,,206999
15200,498073600,0.10003679119798632,2.9589618682861327,0.521719217300415,,206954
15210,498401280,0.10002537662735562,2.920023727416992,0.520197582244873,,206964
15220,498728960,0.1000160757947399,3.027177429199219,0.532563591003418,,206949
15230,499056640,0.10000888874382939,2.9154796600341797,0.5208442687988282,,206974
15240,499384320,0.100003815508385,2.964762306213379,0.5228331565856934,,206960
15250,499712000,0.10000085611223805,2.9625341415405275,0.5219555377960206,,206992
15258,499974144,0.1000000105692902,2.967573642730713,0.5215569734573364,,207064
