step,tokens,lr_mult,loss,grad_norm,value_grad_norm,tok_s
10,327680,0.01310615989515072,10.793643188476562,7.796807861328125,0.023297546803951262,43532
20,655360,0.02621231979030144,10.4119140625,4.570745468139648,0.013150908052921295,50498
30,983040,0.039318479685452164,10.161385345458985,2.217997169494629,0.0074356280267238615,50465
40,1310720,0.05242463958060288,10.027867889404297,1.9347204208374023,0.006979980319738388,48697
50,1638400,0.0655307994757536,9.828034973144531,1.9922718048095702,0.007687026262283325,48012
60,1966080,0.07863695937090433,9.610394287109376,2.5961389541625977,0.009642563015222549,49607
70,2293760,0.09174311926605505,9.406269836425782,1.9279382705688477,0.009303288161754608,51034
80,2621440,0.10484927916120576,9.190033721923829,1.9494678497314453,0.01026461347937584,53841
90,2949120,0.11795543905635648,8.96114730834961,1.7000087738037108,0.01108456775546074,53573
100,3276800,0.1310615989515072,8.701727294921875,1.8526702880859376,0.012935224175453185,53520
110,3604480,0.14416775884665792,8.47970962524414,2.0582712173461912,0.014314673840999603,52354
120,3932160,0.15727391874180865,8.246485900878906,1.7947067260742187,0.014421840012073518,52873
130,4259840,0.17038007863695936,7.998850250244141,1.4904813766479492,0.013947537541389466,51958
140,4587520,0.1834862385321101,7.797280883789062,1.3924184799194337,0.015401799976825715,53850
150,4915200,0.1965923984272608,7.615507507324219,1.6146406173706054,0.016671642661094666,52737
160,5242880,0.20969855832241152,7.451956176757813,1.1560029983520508,0.016106468439102174,53575
170,5570560,0.22280471821756226,7.300127410888672,1.0884188652038573,0.01724897027015686,51326
180,5898240,0.23591087811271297,7.16736068725586,1.1155405044555664,0.01848424822092056,52989
190,6225920,0.2490170380078637,7.080743408203125,0.9039299011230468,0.018695801496505737,53966
200,6553600,0.2621231979030144,6.968579864501953,1.0563796997070312,0.021352122724056243,51043
210,6881280,0.27522935779816515,6.866293334960938,1.082456111907959,0.023161374032497406,54727
220,7208960,0.28833551769331583,6.795327758789062,1.068847370147705,0.023796892166137694,51592
230,7536640,0.30144167758846657,6.676761627197266,0.9626027107238769,0.02497769594192505,51469
240,7864320,0.3145478374836173,6.6613616943359375,0.9795796394348144,0.025641095638275147,51580
250,8192000,0.32765399737876805,6.541593933105469,0.9178297042846679,0.025202664732933044,52424
260,8519680,0.34076015727391873,6.517320251464843,0.9294238090515137,0.02594336271286011,54145
270,8847360,0.35386631716906947,6.407810974121094,1.0163093566894532,0.028186365962028503,49870
280,9175040,0.3669724770642202,6.371000671386719,0.8832761764526367,0.027412977814674378,58856
290,9502720,0.3800786369593709,6.308476257324219,0.8890070915222168,0.027308395504951476,65390
300,9830400,0.3931847968545216,6.280733871459961,0.8049869537353516,0.02658776640892029,66001
310,10158080,0.40629095674967236,6.194285583496094,0.7756481170654297,0.02462265342473984,52815
320,10485760,0.41939711664482304,6.175149917602539,0.9291423797607422,0.027125471830368043,50920
330,10813440,0.4325032765399738,6.178618621826172,1.0322516441345215,0.029252597689628602,49057
340,11141120,0.4456094364351245,6.093664169311523,0.8511451721191406,0.027646008133888244,50915
350,11468800,0.45871559633027525,6.034715270996093,0.8576395034790039,0.026629847288131715,52689
360,11796480,0.47182175622542594,6.007238388061523,0.8117892265319824,0.026785516738891603,52511
370,12124160,0.4849279161205767,5.950202560424804,0.8517930984497071,0.026613616943359376,50992
380,12451840,0.4980340760157274,5.917929840087891,0.806590461730957,0.02619040906429291,48979
390,12779520,0.5111402359108781,5.889675140380859,0.8370562553405761,0.02674697935581207,50161
400,13107200,0.5242463958060288,5.878238296508789,0.7750283241271972,0.025028157234191894,45749
410,13434880,0.5373525557011796,5.816115951538086,0.7597462654113769,0.025753965973854064,49940
420,13762560,0.5504587155963303,5.791504287719727,0.7868189811706543,0.02690281867980957,50813
430,14090240,0.563564875491481,5.722990798950195,0.787604808807373,0.02675712704658508,49819
440,14417920,0.5766710353866317,5.76635513305664,0.8571630477905273,0.027030286192893983,47982
450,14745600,0.5897771952817824,5.654564666748047,0.7318028450012207,0.02502513527870178,50781
460,15073280,0.6028833551769331,5.562522506713867,0.7293381214141845,0.02519773840904236,51269
470,15400960,0.6159895150720839,5.613238906860351,0.7611430168151856,0.02599201202392578,51874
480,15728640,0.6290956749672346,5.5321296691894535,0.7508305072784424,0.02685657739639282,51140
490,16056320,0.6422018348623854,5.607868576049805,0.7375872611999512,0.024856406450271606,51860
500,16384000,0.6553079947575361,5.560011291503907,0.70694580078125,0.024348661303520203,50380
510,16711680,0.6684141546526867,5.500065612792969,0.6504609107971191,0.023775695264339446,53020
520,17039360,0.6815203145478375,5.502349472045898,0.7659974098205566,0.02597000598907471,53204
530,17367040,0.6946264744429882,5.478055953979492,0.7622418403625488,0.025247249007225036,50632
540,17694720,0.7077326343381389,5.462015151977539,0.7590688228607178,0.024086950719356535,50651
550,18022400,0.7208387942332897,5.361186218261719,0.652384090423584,0.024036137759685515,49470
560,18350080,0.7339449541284404,5.405647659301758,0.7276535034179688,0.024304188787937164,50627
570,18677760,0.747051114023591,5.319888305664063,0.6927361011505127,0.024641677737236023,50483
580,19005440,0.7601572739187418,5.338253021240234,0.6765475273132324,0.02359938770532608,49370
590,19333120,0.7732634338138925,5.349403762817383,0.6624506950378418,0.023317760229110716,60124
600,19660800,0.7863695937090432,5.272146606445313,0.7063994407653809,0.024453708529472352,67167
610,19988480,0.799475753604194,5.303044128417969,0.7066721439361572,0.02288750410079956,65507
620,20316160,0.8125819134993447,5.228117752075195,0.6351344108581543,0.02207750529050827,51034
630,20643840,0.8256880733944955,5.190713119506836,0.6720288753509521,0.02289089411497116,51254
640,20971520,0.8387942332896461,5.2333332061767575,0.639957046508789,0.02233448326587677,49575
650,21299200,0.8519003931847968,5.21843147277832,0.6169262409210206,0.022091643512248994,47744
660,21626880,0.8650065530799476,5.248725891113281,0.6599932670593261,0.02144342064857483,49293
670,21954560,0.8781127129750983,5.196889114379883,0.6269385814666748,0.021454261243343355,53435
680,22282240,0.891218872870249,5.16204948425293,0.632982587814331,0.02131641060113907,49604
690,22609920,0.9043250327653998,5.120266342163086,0.61759352684021,0.020783258974552153,49741
700,22937600,0.9174311926605505,5.118124771118164,0.7876466274261474,0.0255421906709671,52213
710,23265280,0.9305373525557011,5.091553115844727,0.6398752689361572,0.022185663878917693,50675
720,23592960,0.9436435124508519,5.049967575073242,0.5971397399902344,0.020517849922180177,48833
730,23920640,0.9567496723460026,5.067223358154297,0.6012084484100342,0.021165889501571656,49818
740,24248320,0.9698558322411533,5.122414779663086,0.6301846027374267,0.02132667750120163,49660
750,24576000,0.9829619921363041,5.05091552734375,0.627050256729126,0.020413100719451904,48730
760,24903680,0.9960681520314548,5.023342132568359,0.6196204662322998,0.02066659927368164,50578
770,25231360,0.999999619505605,4.959402465820313,0.5666730880737305,0.019861125946044923,51366
780,25559040,0.9999972942644099,5.005220794677735,0.5451019287109375,0.01920788735151291,51007
790,25886720,0.9999928551787042,4.903992080688477,0.5530424118041992,0.020678551495075227,50345
800,26214400,0.9999863022693405,4.930205535888672,0.6023018836975098,0.01996850371360779,50996
810,26542080,0.9999776355671006,4.936840057373047,0.6109387397766113,0.019037076830863954,50726
820,26869760,0.999966855112696,4.843279266357422,0.5626830101013184,0.018697695434093477,51072
830,27197440,0.9999539609567677,4.91177978515625,0.5850659370422363,0.01912847310304642,53206
840,27525120,0.9999389531598855,4.893088912963867,0.5470051765441895,0.01814674288034439,51106
850,27852800,0.9999218317925475,4.7828014373779295,0.5849328517913819,0.01923515200614929,53599
860,28180480,0.9999025969351808,4.8150787353515625,0.7261093139648438,0.02151203155517578,50238
870,28508160,0.9998812486781407,4.793293380737305,0.6530015945434571,0.02132922112941742,50853
880,28835840,0.9998577871217097,4.794496536254883,0.5709652900695801,0.01797543913125992,51041
890,29163520,0.9998322123760972,4.737081146240234,0.5673981189727784,0.01817057132720947,52327
900,29491200,0.9998045245614399,4.782528305053711,0.5234881401062011,0.017577989399433135,73161
910,29818880,0.9997747238078001,4.724024963378906,0.568034315109253,0.01788236349821091,65371
920,30146560,0.9997428102551656,4.690181732177734,0.5300746917724609,0.017420203983783723,51880
930,30474240,0.9997087840534492,4.640821075439453,0.619450044631958,0.019305002689361573,49301
940,30801920,0.9996726453624875,4.72275390625,0.5441262245178222,0.017249342799186707,50404
950,31129600,0.9996343943520406,4.7346240997314455,0.5207257747650147,0.016529659926891326,52196
960,31457280,0.9995940312017911,4.648855972290039,0.5251809597015381,0.016777199506759644,53203
970,31784960,0.9995515561013435,4.60676155090332,0.545648717880249,0.01732804477214813,50717
980,32112640,0.9995069692502226,4.644528198242187,0.5428350925445556,0.016741301119327544,52535
990,32440320,0.9994602708578736,4.5626708984375,0.5137570858001709,0.016186359524726867,50335
1000,32768000,0.9994114611436603,4.52171745300293,0.5169715404510498,0.016219130158424376,49327
1010,33095680,0.9993605403368643,4.515374374389649,0.5128883361816406,0.016316305100917815,52368
1020,33423360,0.9993075086766843,4.464936065673828,0.5298485279083252,0.01650584936141968,51293
1030,33751040,0.999252366412234,4.452459716796875,0.5703116893768311,0.016596363484859468,51937
1040,34078720,0.9991951138025426,4.485760116577149,0.5517393112182617,0.01646316349506378,49956
1050,34406400,0.9991357511165514,4.463523864746094,0.5398389816284179,0.016282783448696138,53052
1060,34734080,0.9990742786331146,4.4697528839111325,0.5012507438659668,0.015945664048194884,51832
1070,35061760,0.9990106966409968,4.4861198425292965,0.5042353630065918,0.015578624606132508,51995
1080,35389440,0.9989450054388717,4.391933441162109,0.508155345916748,0.015783998370170593,52143
1090,35717120,0.9988772053353212,4.417800521850586,0.493726921081543,0.015675991773605347,50708
1100,36044800,0.9988072966488337,4.432698822021484,0.5224223136901855,0.015597352385520935,51602
1110,36372480,0.9987352797078023,4.398895263671875,0.5099328041076661,0.015420962870121003,51858
1120,36700160,0.998661154850524,4.40931282043457,0.49883317947387695,0.015386535227298737,48102
1130,37027840,0.9985849224251971,4.403433990478516,0.5245023250579834,0.01524612307548523,48901
1140,37355520,0.9985065827899208,4.372520828247071,0.5095001697540283,0.015340211987495422,48877
1150,37683200,0.998426136312692,4.348912048339844,0.6249381542205811,0.015567530691623688,53234
1160,38010880,0.9983435833714049,4.306606292724609,0.5002628326416015,0.015266180038452148,50544
1170,38338560,0.998258924353849,4.300674819946289,0.49558086395263673,0.014983372390270233,51524
1180,38666240,0.9981721596577064,4.352956008911133,0.5220626831054688,0.015168242156505585,47595
1190,38993920,0.9980832896905512,4.221416473388672,0.4896684646606445,0.015285433828830719,51977
1200,39321600,0.9979923148698461,4.218519592285157,0.5930171012878418,0.015024125576019287,55141
1210,39649280,0.9978992356229419,4.281217193603515,0.5328908443450928,0.015168605744838715,66894
1220,39976960,0.9978040523870747,4.2561767578125,0.506025743484497,0.015111152827739716,65274
1230,40304640,0.9977067656093641,4.2303009033203125,0.7989848613739013,0.015177500247955323,53752
1240,40632320,0.9976073757468108,4.214923477172851,0.49559526443481444,0.014792391657829284,53583
1250,40960000,0.9975058832662946,4.24707260131836,0.5158392906188964,0.015255972743034363,49165
1260,41287680,0.9974022886445727,4.267881393432617,0.5637832641601562,0.016134414076805114,50081
1270,41615360,0.9972965923682765,4.236875534057617,0.5350813865661621,0.016220569610595703,49992
1280,41943040,0.9971887949339102,4.214661407470703,0.5164008617401123,0.014905166625976563,53225
1290,42270720,0.9970788968478482,4.223683547973633,0.5012115955352783,0.014613385498523711,50621
1300,42598400,0.996966898626332,4.214884185791016,0.47985014915466306,0.014553117752075195,51874
1310,42926080,0.9968528007954691,4.18223876953125,0.4809547424316406,0.014523692429065704,48578
1320,43253760,0.9967366038912294,4.1192466735839846,0.48043107986450195,0.014520320296287536,49571
1330,43581440,0.9966183084594433,4.239844131469726,0.47348742485046386,0.014429041743278503,52047
1340,43909120,0.996497915055799,4.183552932739258,0.48454785346984863,0.014711835980415344,53308
1350,44236800,0.9963754242458397,4.137636947631836,0.45282950401306155,0.0144581601023674,50342
1360,44564480,0.9962508366049612,4.163021850585937,0.4732546329498291,0.014163562655448913,50866
1370,44892160,0.9961241527184089,4.098228836059571,0.473814582824707,0.014139558374881744,51151
1380,45219840,0.9959953731812754,4.155292892456055,0.4992533206939697,0.014896444976329803,47260
1390,45547520,0.9958644985984976,4.133325576782227,0.5217282772064209,0.014569365978240966,49079
1400,45875200,0.9957315295848536,4.1377204895019535,0.47686047554016114,0.014211359620094299,48001
1410,46202880,0.99559646676496,4.094476318359375,0.47739853858947756,0.014153613150119782,50439
1420,46530560,0.9954593107732691,4.086763000488281,0.47614426612854005,0.01454683244228363,49694
1430,46858240,0.9953200622540659,4.072014999389649,0.46936831474304197,0.014201830327510833,49812
1440,47185920,0.9951787218614647,4.087743759155273,0.47957592010498046,0.014484769105911255,48794
1450,47513600,0.9950352902594064,4.072559356689453,0.4545074462890625,0.01407143622636795,48879
1460,47841280,0.9948897681216552,4.0832374572753904,0.4684615135192871,0.014662064611911774,49837
1470,48168960,0.9947421561317958,4.043821716308594,0.467544412612915,0.014085699617862702,48556
1480,48496640,0.9945924549832297,4.088895416259765,0.4784459114074707,0.013936507701873779,50853
1490,48824320,0.9944406653791718,4.159373474121094,0.4742405891418457,0.01396254301071167,51645
1500,49152000,0.994286788032648,4.029700851440429,0.4595792770385742,0.014074273407459259,49928
1510,49479680,0.9941308236664911,4.0373493194580075,0.451597261428833,0.013916565477848053,55867
1520,49807360,0.9939727730133375,4.014764404296875,0.4544502258300781,0.014102798700332642,65403
1530,50135040,0.9938126368156238,3.9521297454833983,0.4512493133544922,0.013849911093711854,53823
1540,50462720,0.9936504158255838,4.060892105102539,0.47366580963134763,0.013854742050170898,52093
1550,50790400,0.9934861108052436,3.9338199615478517,0.47777600288391114,0.014158464968204498,51980
1560,51118080,0.9933197225264201,3.999709701538086,0.4454026699066162,0.013818134367465974,51024
1570,51445760,0.9931512517707154,4.056780242919922,0.46943044662475586,0.013849022984504699,51160
1580,51773440,0.9929806993295143,3.973856735229492,0.4582242488861084,0.013713434338569641,49212
1590,52101120,0.99280806600398,3.9867645263671876,0.4682029724121094,0.013934612274169922,52484
1600,52428800,0.9926333526050509,4.027511978149414,0.46831064224243163,0.013690511882305145,49176
1610,52756480,0.9924565599534364,3.9634750366210936,0.4773770809173584,0.0138133704662323,50910
1620,53084160,0.9922776888796125,4.0120704650878904,0.4607559680938721,0.013808412849903107,49805
1630,53411840,0.9920967402238197,4.022688674926758,0.46989026069641116,0.013872094452381134,50841
1640,53739520,0.9919137148360565,3.969572830200195,0.4578049659729004,0.013585975766181946,50567
1650,54067200,0.9917286135760778,3.9532402038574217,0.45112175941467286,0.013658872246742249,53961
1660,54394880,0.9915414373133894,3.903227615356445,0.46197004318237306,0.013788600265979768,50257
1670,54722560,0.9913521869272444,3.9338573455810546,0.4583794593811035,0.013780030608177184,49789
1680,55050240,0.991160863306639,3.93695182800293,0.455549955368042,0.013780221343040466,50577
1690,55377920,0.9909674673503083,3.9164562225341797,0.45684008598327636,0.013718914985656739,54124
1700,55705600,0.9907719999667222,4.01458740234375,0.4388758182525635,0.01346229612827301,51150
1710,56033280,0.990574462074081,3.959809112548828,0.45297088623046877,0.013621479272842407,51520
1720,56360960,0.9903748546003112,3.971426773071289,0.44487729072570803,0.013469251990318298,50999
1730,56688640,0.9901731784830609,3.9431396484375,0.46019797325134276,0.01357775777578354,51233
1740,57016320,0.9899694346696959,3.9123165130615236,0.44960951805114746,0.013536106050014495,51727
1750,57344000,0.9897636241172943,3.9492561340332033,0.45243048667907715,0.01345108449459076,51487
1760,57671680,0.9895557477926437,3.9583431243896485,0.46503167152404784,0.013655246794223785,51143
1770,57999360,0.9893458066722344,3.915830612182617,0.44242181777954104,0.013425680994987487,50698
1780,58327040,0.9891338017422565,3.910390090942383,0.44534029960632326,0.01350514143705368,49783
1790,58654720,0.988919733998595,3.9079879760742187,0.4447309494018555,0.013510279357433319,49269
1800,58982400,0.9887036044468247,3.9410511016845704,0.44872236251831055,0.013459496200084686,49983
1810,59310080,0.9884854141022056,3.877080535888672,0.4419130325317383,0.013707119226455688,57190
1820,59637760,0.9882651639896781,3.8913429260253904,0.45366973876953126,0.01339786797761917,58912
1830,59965440,0.9880428551438585,3.9283348083496095,0.45790805816650393,0.01368398666381836,66941
1840,60293120,0.9878184886090338,3.8557716369628907,0.45716381072998047,0.01355203241109848,50639
1850,60620800,0.9875920654391568,3.860660934448242,0.46611766815185546,0.013510473072528839,51347
1860,60948480,0.9873635866978416,3.9123233795166015,0.4558388710021973,0.013361521065235138,51895
1870,61276160,0.987133053458358,3.970835876464844,0.44795637130737304,0.013404716551303864,52418
1880,61603840,0.9869004668036266,3.8934192657470703,0.4568452835083008,0.013344393670558929,53459
1890,61931520,0.9866658278262145,3.8538490295410157,0.46796212196350095,0.013550058007240295,52096
1900,62259200,0.9864291376283284,3.842647171020508,0.4435886383056641,0.013322827219963074,52143
1910,62586880,0.9861903973218116,3.8834877014160156,0.44414191246032714,0.013256341218948364,50143
1920,62914560,0.9859496080281371,3.852915573120117,0.44429430961608884,0.013272200524806977,49449
1930,63242240,0.9857067708784032,3.7934226989746094,0.4292483329772949,0.013323386013507844,50800
1940,63569920,0.9854618870133276,3.8360870361328123,0.4336092948913574,0.013370734453201295,51334
1950,63897600,0.9852149575832427,3.8013885498046873,0.4545734405517578,0.013359367847442627,53648
1960,64225280,0.9849659837480899,3.8139698028564455,0.45421795845031737,0.013332304358482362,51220
1970,64552960,0.9847149666774135,3.852507400512695,0.4597207546234131,0.013500653207302094,52363
1980,64880640,0.9844619075503569,3.8314064025878904,0.4534635066986084,0.013323663175106049,53339
1990,65208320,0.9842068075556548,3.8131362915039064,0.4497037887573242,0.013336560130119324,51815
2000,65536000,0.9839496678916297,3.7968673706054688,0.4476814270019531,0.013436098396778107,51628
2010,65863680,0.9836904897661849,3.7837604522705077,0.44485721588134763,0.013092875480651855,51781
2020,66191360,0.9834292743967993,3.8020904541015623,0.4343897819519043,0.013262876868247985,53692
2030,66519040,0.9831660230105219,3.8130332946777346,0.4397181510925293,0.013353528082370758,49763
2040,66846720,0.9829007368439657,3.835250473022461,0.46638312339782717,0.01323752999305725,50895
2050,67174400,0.9826334171433019,3.8100536346435545,0.46781072616577146,0.013328124582767487,52162
2060,67502080,0.9823640651642543,3.822801971435547,0.43993659019470216,0.013171188533306122,51400
2070,67829760,0.9820926821720932,3.7540519714355467,0.4574299335479736,0.013419800996780395,52054
2080,68157440,0.9818192694416293,3.8017604827880858,0.44864597320556643,0.01320250630378723,50137
2090,68485120,0.9815438282572083,3.8257076263427736,0.4534161567687988,0.01305655539035797,52838
2100,68812800,0.9812663599127042,3.754659652709961,0.4432260990142822,0.013213233649730682,53139
2110,69140480,0.9809868657115136,3.747268295288086,0.4495687961578369,0.013186617195606232,52041
2120,69468160,0.9807053469665494,3.813829803466797,0.4365797996520996,0.013254266977310181,52834
2130,69795840,0.980421805000235,3.746595764160156,0.43636555671691896,0.013142767548561095,61882
2140,70123520,0.9801362411444974,3.790195846557617,0.4378798961639404,0.013181853294372558,54111
2150,70451200,0.9798486567407615,3.7600826263427733,0.4523792743682861,0.01336972713470459,50435
2160,70778880,0.9795590531399438,3.7448986053466795,0.43650593757629397,0.013248704373836517,52170
2170,71106560,0.9792674317024457,3.7436496734619142,0.4336953639984131,0.013150392472743988,52458
2180,71434240,0.9789737937981473,3.7992427825927733,0.48320279121398924,0.01369386464357376,51119
2190,71761920,0.9786781408064011,3.778443145751953,0.440535831451416,0.013182172179222107,48858
2200,72089600,0.9783804741160256,3.761370086669922,0.5130527019500732,0.014355458319187164,52358
2210,72417280,0.978080795125298,3.7320327758789062,0.4351552963256836,0.013141976296901703,51157
2220,72744960,0.9777791052419487,3.7489246368408202,0.4380934715270996,0.013232629001140594,52204
2230,73072640,0.9774754058831538,3.741375732421875,0.4331773281097412,0.012980411946773528,50775
2240,73400320,0.9771696984755293,3.7536582946777344,0.4887553691864014,0.013617926836013794,49171
2250,73728000,0.9768619844551234,3.732775115966797,0.4877318859100342,0.013776533305644989,52994
2260,74055680,0.9765522652674108,3.7121124267578125,0.474045467376709,0.013309834897518158,53567
2270,74383360,0.976240542367285,3.794305419921875,0.46444201469421387,0.013139194250106812,52234
2280,74711040,0.9759268172190521,3.804600143432617,0.44421849250793455,0.013075339794158935,51241
2290,75038720,0.9756110912964235,3.7444103240966795,0.43857808113098146,0.013057710230350494,51109
2300,75366400,0.9752933660825093,3.715678405761719,0.41872243881225585,0.012947247922420501,51914
2310,75694080,0.9749736430698112,3.6923095703125,0.43444147109985354,0.012970195710659027,53457
2320,76021760,0.9746519237602153,3.7291709899902346,0.4457087993621826,0.01314569115638733,46957
2330,76349440,0.9743282096649852,3.7285762786865235,0.45840253829956057,0.013822826743125915,49760
2340,76677120,0.9740025023047555,3.652119445800781,0.436700439453125,0.013214927911758424,52099
2350,77004800,0.9736748032095234,3.7086238861083984,0.4590748310089111,0.013042783737182618,51006
2360,77332480,0.9733451139186423,3.796467590332031,0.44502010345458987,0.012987630069255829,52845
2370,77660160,0.973013435980815,3.6980209350585938,0.43520336151123046,0.013130085170269012,52169
2380,77987840,0.9726797709540852,3.7520721435546873,0.4440457344055176,0.012934184074401856,51222
2390,78315520,0.9723441204058314,3.729967498779297,0.44247612953186033,0.01285848319530487,53188
2400,78643200,0.9720064859127585,3.7029186248779298,0.4463815689086914,0.013120460510253906,53294
2410,78970880,0.9716668690608914,3.7093467712402344,0.4408870697021484,0.012875181436538697,51952
2420,79298560,0.9713252714455668,3.7047252655029297,0.4292114734649658,0.012997335195541382,50361
2430,79626240,0.9709816946714261,3.7395328521728515,0.43694634437561036,0.012781724333763123,51282
2440,79953920,0.9706361403524074,3.7744724273681642,0.44415674209594724,0.012884487211704255,57109
2450,80281600,0.9702886101117387,3.7252338409423826,0.437040376663208,0.012848873436450959,51325
2460,80609280,0.9699391055819293,3.7149288177490236,0.4431744575500488,0.012928779423236846,53206
2470,80936960,0.9695876284047632,3.7673519134521483,0.44084897041320803,0.012971481680870056,53163
2480,81264640,0.9692341802312905,3.6846946716308593,0.43407187461853025,0.012991110980510711,53403
2490,81592320,0.9688787627218198,3.754770278930664,0.427382230758667,0.01297619789838791,52164
2500,81920000,0.9685213775459112,3.711268997192383,0.45294694900512694,0.013223834335803986,49359
2510,82247680,0.968162026382367,3.6062110900878905,0.42101106643676756,0.012930886447429657,51306
2520,82575360,0.9678007109192254,3.651844787597656,0.44446187019348143,0.012889203429222108,51394
2530,82903040,0.9674374328537514,3.5886512756347657,0.4324730396270752,0.012889060378074645,51872
2540,83230720,0.9670721938924294,3.6604408264160155,0.43821029663085936,0.012795525789260864,50813
2550,83558400,0.966704995750955,3.740988540649414,0.44798898696899414,0.012768381834030151,49748
2560,83886080,0.9663358401542269,3.654720687866211,0.4434195041656494,0.012832877039909363,49706
2570,84213760,0.965964728836339,3.6904155731201174,0.420943021774292,0.012725375592708588,52268
2580,84541440,0.9655916635405721,3.746322250366211,0.45162043571472166,0.013024716079235077,51830
2590,84869120,0.9652166460193854,3.7119976043701173,0.4548362731933594,0.01274130940437317,52225
2600,85196800,0.9648396780344092,3.6326622009277343,0.4394245624542236,0.012807124853134155,52615
2610,85524480,0.9644607613564357,3.6111099243164064,0.42309279441833497,0.012839870154857635,51244
2620,85852160,0.9640798977654107,3.6769317626953124,0.43044099807739256,0.012765216827392577,53259
2630,86179840,0.9636970890504263,3.6190032958984375,0.44845237731933596,0.012955135107040406,49568
2640,86507520,0.963312337009711,3.6921970367431642,0.45033960342407225,0.01279434859752655,48610
2650,86835200,0.9629256434506225,3.668802261352539,0.435758638381958,0.012664280831813812,52245
2660,87162880,0.9625370101896386,3.587307357788086,0.4415591239929199,0.012870332598686219,52471
2670,87490560,0.9621464390523483,3.6714107513427736,0.4353290557861328,0.012866215407848358,50703
2680,87818240,0.9617539318734444,3.6771568298339843,0.44640169143676756,0.013056221604347228,48748
2690,88145920,0.9613594904967137,3.6335559844970704,0.43224735260009767,0.012549290060997009,49764
2700,88473600,0.9609631167750291,3.6488014221191407,0.4587694644927979,0.012741371989250183,52766
2710,88801280,0.9605648125703407,3.646194839477539,0.4664758682250977,0.012865550816059113,50655
2720,89128960,0.9601645797536662,3.707672119140625,0.4565255641937256,0.012659025192260743,53877
2730,89456640,0.959762420205084,3.6712467193603517,0.447708797454834,0.01269940435886383,51442
2740,89784320,0.9593583358137223,3.662880706787109,0.43577094078063966,0.012838257849216462,48376
2750,90112000,0.9589523284777519,3.655211639404297,0.45592389106750486,0.012706711888313293,73598
2760,90439680,0.9585444001043758,3.645381546020508,0.44133644104003905,0.01286955624818802,52929
2770,90767360,0.9581345526098218,3.5765945434570314,0.4260359764099121,0.012581676244735718,53102
2780,91095040,0.9577227879193322,3.565447998046875,0.4369293212890625,0.01274026781320572,50024
2790,91422720,0.9573091079671553,3.6328147888183593,0.44168314933776853,0.012657062709331512,52124
2800,91750400,0.9568935146965365,3.6162384033203123,0.4391068935394287,0.012617471814155578,49977
2810,92078080,0.9564760100597085,3.6558971405029297,0.45467605590820315,0.012599964439868928,48771
2820,92405760,0.956056596017883,3.5666477203369142,0.43229169845581056,0.012813079357147216,51661
2830,92733440,0.9556352745412409,3.634499359130859,0.42894563674926756,0.012517483532428741,54338
2840,93061120,0.9552120476089232,3.583896255493164,0.440383768081665,0.012828834354877472,50243
2850,93388800,0.9547869172090215,3.648935317993164,0.4299314975738525,0.012478214502334595,49685
2860,93716480,0.9543598853385692,3.6154094696044923,0.4281344413757324,0.012561240792274475,52844
2870,94044160,0.9539309540035318,3.6473114013671877,0.4469362735748291,0.01263078898191452,52357
2880,94371840,0.953500125218797,3.608372116088867,0.43656649589538576,0.012745997309684754,55037
2890,94699520,0.9530674010081663,3.580288314819336,0.44062104225158694,0.01261044442653656,51823
2900,95027200,0.9526327834043443,3.5481258392333985,0.4347681522369385,0.012675698101520538,52725
2910,95354880,0.9521962744489302,3.6606101989746094,0.4319876194000244,0.012670862674713134,51578
2920,95682560,0.9517578761924075,3.6022003173828123,0.43425836563110354,0.012626281380653382,53227
2930,96010240,0.9513175906941347,3.593358612060547,0.4328700065612793,0.012663958966732025,51662
2940,96337920,0.9508754200223356,3.5862239837646483,0.4439051628112793,0.012507586181163788,52494
2950,96665600,0.9504313662540893,3.5831871032714844,0.45082693099975585,0.012664727866649628,50002
2960,96993280,0.949985431475321,3.533245086669922,0.4253867149353027,0.012447265535593032,49816
2970,97320960,0.9495376177807917,3.6184925079345702,0.4374975681304932,0.012525837123394012,52653
2980,97648640,0.9490879272740883,3.5915878295898436,0.43790473937988283,0.012647968530654908,51939
2990,97976320,0.9486363620676144,3.5704212188720703,0.42612152099609374,0.012460601329803467,52397
3000,98304000,0.9481829242825798,3.595432662963867,0.4201220512390137,0.012515130639076232,49915
3010,98631680,0.9477276160489903,3.6148406982421877,0.4424945831298828,0.012549065053462982,49729
3020,98959360,0.9472704395056386,3.561991500854492,0.44376602172851565,0.012386873364448547,50880
3030,99287040,0.9468113968000933,3.549480438232422,0.43259577751159667,0.012504439055919647,52506
3040,99614720,0.9463504900886894,3.622633361816406,0.4246859550476074,0.012304434925317765,53522
3050,99942400,0.9458877215365181,3.588650131225586,0.43777899742126464,0.012397153675556183,47476
3060,100270080,0.9454230933174161,3.5948211669921877,0.44430150985717776,0.012455660104751586,67747
3070,100597760,0.9449566076139565,3.609674072265625,0.4427618503570557,0.012420982122421265,58596
3080,100925440,0.944488266617437,3.601907730102539,0.4543271541595459,0.012512685358524322,49022
3090,101253120,0.9440180725278713,3.646513748168945,0.46500449180603026,0.012695720791816712,49632
3100,101580800,0.9435460275539773,3.565784454345703,0.4618852138519287,0.012511682510375977,51508
3110,101908480,0.9430721339131679,3.593395233154297,0.427383279800415,0.012495588511228561,50132
3120,102236160,0.9425963938315396,3.5443519592285155,0.4271538734436035,0.012525342404842377,51575
3130,102563840,0.9421188095438624,3.563938522338867,0.43758702278137207,0.012333517521619796,49829
3140,102891520,0.94163938329357,3.632503128051758,0.45616445541381834,0.01256420910358429,52613
3150,103219200,0.9411581173327482,3.5784584045410157,0.4338507652282715,0.012529204785823821,52004
3160,103546880,0.9406750139221247,3.599224090576172,0.42868704795837403,0.012376423925161362,50240
3170,103874560,0.9401900753310587,3.5471851348876955,0.4316427707672119,0.012442947924137115,50766
3180,104202240,0.9397033038375302,3.5077239990234377,0.4356128215789795,0.012399661540985107,53082
3190,104529920,0.9392147017281288,3.5986839294433595,0.4499519824981689,0.012278711795806885,50207
3200,104857600,0.9387242712980439,3.577465057373047,0.4430837154388428,0.012406376004219056,51913
3210,105185280,0.9382320148510529,3.5764034271240233,0.4424273490905762,0.01241077333688736,51963
3220,105512960,0.937737934699511,3.5547630310058596,0.4355643272399902,0.012509052455425263,52560
3230,105840640,0.9372420331643404,3.5672832489013673,0.44741191864013674,0.012708243727684022,52319
3240,106168320,0.9367443125750188,3.533369445800781,0.43738083839416503,0.012377584725618363,52778
3250,106496000,0.936244775269569,3.5664134979248048,0.4466442584991455,0.012623831629753113,52863
3260,106823680,0.9357434235945475,3.5051734924316404,0.4275514125823975,0.012382036447525025,52894
3270,107151360,0.9352402599050346,3.4883983612060545,0.44598889350891113,0.012499193847179412,51698
3280,107479040,0.9347352865646213,3.571781539916992,0.45122013092041013,0.012421344965696334,49662
3290,107806720,0.9342285059454002,3.489986038208008,0.4240920066833496,0.012385538965463638,50642
3300,108134400,0.9337199204279533,3.5092578887939454,0.4308640480041504,0.012292128056287766,51481
3310,108462080,0.9332095324013407,3.5797264099121096,0.43397130966186526,0.012325689196586609,48849
3320,108789760,0.93269734426309,3.5931163787841798,0.4502704620361328,0.01240457221865654,50622
3330,109117440,0.9321833584191851,3.6211132049560546,0.45656747817993165,0.012553152441978455,49652
3340,109445120,0.9316675772840538,3.5098617553710936,0.44229421615600584,0.012430038303136826,51636
3350,109772800,0.9311500032805579,3.569057083129883,0.4559669017791748,0.012394178658723831,52577
3360,110100480,0.9306306388399807,3.548899841308594,0.4382166385650635,0.012419606000185013,70254
3370,110428160,0.9301094864020161,3.5402862548828127,0.4284562587738037,0.012289582937955856,65031
3380,110755840,0.929586548414757,3.567377471923828,0.4306004047393799,0.012147532403469085,64940
3390,111083520,0.929061827334684,3.462398147583008,0.423202657699585,0.01234370395541191,52904
3400,111411200,0.928535325626654,3.5527011871337892,0.43425140380859373,0.01222122460603714,50216
3410,111738880,0.9280070457638875,3.5933765411376952,0.4532142639160156,0.012310019880533218,47534
3420,112066560,0.9274769902279585,3.5306907653808595,0.45748472213745117,0.012436453253030777,48091
3430,112394240,0.9269451615087818,3.5224838256835938,0.440924072265625,0.012307562679052354,50871
3440,112721920,0.926411562104602,3.53326416015625,0.4504195213317871,0.012335778027772904,50911
3450,113049600,0.9258761945219811,3.4813701629638674,0.4341726303100586,0.012303702533245087,50319
3460,113377280,0.9253390612757871,3.497247314453125,0.42849297523498536,0.01222686767578125,52448
3470,113704960,0.9248001648891824,3.572711181640625,0.4540989398956299,0.012418912351131439,49461
3480,114032640,0.9242595078936112,3.562428283691406,0.44624810218811034,0.012241881340742111,49018
3490,114360320,0.9237170928287887,3.5052234649658205,0.43741731643676757,0.012116488069295883,52730
3500,114688000,0.923172922242688,3.5820384979248048,0.4270490646362305,0.012104631960391998,50240
3510,115015680,0.922626998691529,3.512167739868164,0.44411168098449705,0.012146023660898208,51208
3520,115343360,0.922079324739766,3.482723617553711,0.43228855133056643,0.012066645175218582,50583
3530,115671040,0.9215299029600759,3.5197845458984376,0.4265750885009766,0.012295018136501312,51517
3540,115998720,0.9209787359333456,3.5330101013183595,0.43255271911621096,0.012163133174180985,52313
3550,116326400,0.9204258262486603,3.5280315399169924,0.451859712600708,0.012299533933401108,52416
3560,116654080,0.9198711765032919,3.4834671020507812,0.4326805591583252,0.012067227065563202,53543
3570,116981760,0.9193147893026851,3.458927536010742,0.43650002479553224,0.012313280254602432,50952
3580,117309440,0.9187566672604472,3.5037006378173827,0.4336306095123291,0.01236397847533226,51640
3590,117637120,0.9181968129983342,3.507246398925781,0.4303158760070801,0.01215083822607994,51844
3600,117964800,0.9176352291462395,3.512623977661133,0.4355717658996582,0.012144449353218078,53451
3610,118292480,0.9170719183421812,3.548379898071289,0.4440016746520996,0.012143313884735107,48435
3620,118620160,0.9165068832322891,3.5062740325927733,0.4257472038269043,0.01228034421801567,51158
3630,118947840,0.9159401264707938,3.4828960418701174,0.44025592803955077,0.012173749506473541,53469
3640,119275520,0.9153716507200125,3.5052154541015623,0.44025373458862305,0.012481094151735306,51102
3650,119603200,0.9148014586503377,3.578542709350586,0.44158382415771485,0.012219516932964325,51863
3660,119930880,0.9142295529402239,3.509622573852539,0.43128304481506347,0.012140711396932602,50036
3670,120258560,0.9136559362761759,3.492584991455078,0.4264960289001465,0.012210319191217423,70721
3680,120586240,0.9130806113527351,3.491085433959961,0.448772668838501,0.012335924059152603,65394
3690,120913920,0.9125035808724679,3.5298309326171875,0.4429792881011963,0.012279011309146881,65766
3700,121241600,0.9119248475459516,3.4564258575439455,0.43501620292663573,0.012027131021022796,60268
3710,121569280,0.9113444140917637,3.5158817291259767,0.42627992630004885,0.012155444920063018,52222
3720,121896960,0.9107622832364672,3.4496044158935546,0.42379007339477537,0.01201818436384201,51616
3730,122224640,0.9101784577145987,3.4782901763916017,0.44045820236206057,0.012161742895841599,47639
3740,122552320,0.9095929402686556,3.4618167877197266,0.4296881675720215,0.012256323546171188,49295
3750,122880000,0.9090057336490831,3.536114501953125,0.43665423393249514,0.012307435274124146,50606
3760,123207680,0.908416840614261,3.4991939544677733,0.47200918197631836,0.012316644191741943,52041
3770,123535360,0.9078262639304908,3.565536117553711,0.45071749687194823,0.012205448746681214,51340
3780,123863040,0.9072340063719835,3.4728767395019533,0.4683223247528076,0.012834559381008147,52890
3790,124190720,0.9066400707208456,3.441249465942383,0.44901700019836427,0.012101853638887406,56545
3800,124518400,0.906044459767066,3.5260845184326173,0.44348735809326173,0.012141457200050354,50588
3810,124846080,0.905447176308504,3.5091171264648438,0.4300116539001465,0.012101171910762787,55005
3820,125173760,0.9048482231508749,3.4411056518554686,0.43849802017211914,0.01235310584306717,50946
3830,125501440,0.9042476031077374,3.4930633544921874,0.43157358169555665,0.0120433509349823,50838
3840,125829120,0.9036453190004807,3.4794666290283205,0.4541934013366699,0.012374433130025864,50625
3850,126156800,0.9030413736583102,3.5236278533935548,0.4454474925994873,0.012055635452270508,53027
3860,126484480,0.9024357699182355,3.487662506103516,0.440045166015625,0.011979479342699051,55346
3870,126812160,0.9018285106250563,3.478878402709961,0.4450363636016846,0.012232603132724762,51689
3880,127139840,0.901219598631349,3.4674259185791017,0.4366319179534912,0.012006735801696778,53781
3890,127467520,0.9006090367974537,3.4818450927734377,0.4344438076019287,0.012120139598846436,50522
3900,127795200,0.8999968279914605,3.4630855560302733,0.4691746234893799,0.012260680645704269,51928
3910,128122880,0.8993829750891961,3.530965042114258,0.460205602645874,0.012230964004993438,51329
3920,128450560,0.8987674809742102,3.4704517364501952,0.4335963726043701,0.012038740515708923,49500
3930,128778240,0.8981503485377622,3.5087608337402343,0.43229055404663086,0.012114866077899933,50572
3940,129105920,0.8975315806788072,3.450790786743164,0.43207335472106934,0.012054606527090072,53824
3950,129433600,0.8969111803039826,3.4945507049560547,0.4332496166229248,0.012026911228895187,52489
3960,129761280,0.8962891503275952,3.4415462493896483,0.43241348266601565,0.012156884372234344,51048
3970,130088960,0.8956654936716058,3.4837032318115235,0.4312605381011963,0.012083826959133149,69878
3980,130416640,0.8950402132656169,3.5133907318115236,0.4422763347625732,0.011968661099672318,66745
3990,130744320,0.8944133120468587,3.4566375732421877,0.43816075325012205,0.012166760116815566,65635
4000,131072000,0.8937847929601748,3.46795654296875,0.44478068351745603,0.012145547568798066,65296
4010,131399680,0.8931546589580086,3.493402862548828,0.4498178482055664,0.012059169262647629,66021
4020,131727360,0.8925229130003902,3.526619720458984,0.43523564338684084,0.011966335773468017,53349
4030,132055040,0.8918895580549208,3.4506198883056642,0.45998611450195315,0.012060317397117614,65688
4040,132382720,0.8912545970967604,3.4866256713867188,0.44196515083312987,0.012078925222158431,66723
4050,132710400,0.8906180331086129,3.4660179138183596,0.4411884307861328,0.012138336151838302,67089
4060,133038080,0.8899798690807127,3.448770523071289,0.44392871856689453,0.011747562140226365,65551
4070,133365760,0.8893401080108099,3.5351547241210937,0.4487795352935791,0.012079043686389923,63413
4080,133693440,0.8886987529041569,3.453947067260742,0.4259059429168701,0.01202637106180191,65312
4090,134021120,0.888055806773494,3.4871395111083983,0.44872145652770995,0.012167058140039443,65122
4100,134348800,0.8874112726390354,3.439127731323242,0.45015521049499513,0.01219453364610672,66007
4110,134676480,0.8867651535284545,3.4929969787597654,0.44585723876953126,0.01201433464884758,44201
4120,135004160,0.8861174524768703,3.4538341522216798,0.43506603240966796,0.012074967473745346,73364
4130,135331840,0.8854681725268331,3.478506851196289,0.44690937995910646,0.012015467882156372,68165
4140,135659520,0.8848173167283098,3.4981529235839846,0.4461838722229004,0.011971857398748398,66795
4150,135987200,0.8841648881386694,3.471133804321289,0.4285231590270996,0.012052834779024125,68988
4160,136314880,0.88351088982267,3.482249450683594,0.4400066375732422,0.012008751928806304,67979
4170,136642560,0.8828553248524423,3.441262435913086,0.43973374366760254,0.012029867619276047,71212
4180,136970240,0.8821981963074773,3.481029510498047,0.4521301746368408,0.01201409548521042,74108
4190,137297920,0.8815395072746101,3.4774810791015627,0.44078888893127444,0.011962367594242096,75254
4200,137625600,0.8808792608480065,3.4104568481445314,0.43802170753479003,0.011956822872161866,76938
4210,137953280,0.8802174601291479,3.4748050689697267,0.4396103858947754,0.012025189399719239,75031
4220,138280960,0.8795541082268172,3.451177978515625,0.442983341217041,0.01194358617067337,74461
4230,138608640,0.8788892082570837,3.492757034301758,0.4332692623138428,0.011956898868083954,74340
4240,138936320,0.8782227633432887,3.4613620758056642,0.43169512748718264,0.01204899400472641,76734
4250,139264000,0.877554776616031,3.4385799407958983,0.4353024482727051,0.012096575647592544,78109
4260,139591680,0.8768852512131515,3.443050765991211,0.42537384033203124,0.012145777046680451,79536
4270,139919360,0.8762141902797198,3.453380584716797,0.44039244651794435,0.011908026039600372,74273
4280,140247040,0.8755415969680176,3.4449066162109374,0.4536536693572998,0.011974667757749557,83240
4290,140574720,0.8748674744375259,3.4929405212402345,0.450819730758667,0.011905345320701598,78806
4300,140902400,0.8741918258549084,3.423131561279297,0.44934749603271484,0.012036221474409104,77027
4310,141230080,0.8735146543939974,3.476810073852539,0.4472454071044922,0.011894920468330383,70775
4320,141557760,0.8728359632357797,3.421047592163086,0.4333786487579346,0.0119898721575737,74560
4330,141885440,0.8721557555683797,3.4527202606201173,0.455964994430542,0.011929186433553696,73122
4340,142213120,0.8714740345870462,3.3971996307373047,0.4406158924102783,0.01192198395729065,71779
4350,142540800,0.8707908034941365,3.4570472717285154,0.4492633819580078,0.011914032697677612,70491
4360,142868480,0.8701060654991017,3.452042007446289,0.44612464904785154,0.012025215476751328,76091
4370,143196160,0.8694198238184716,3.4419223785400392,0.43773632049560546,0.01184542179107666,70356
4380,143523840,0.8687320816758393,3.4118881225585938,0.44692106246948243,0.012011639773845673,76592
4390,143851520,0.8680428423018461,3.4324996948242186,0.4403967380523682,0.011802352964878082,74815
4400,144179200,0.8673521089341671,3.4092132568359377,0.445399808883667,0.011787868291139602,70817
4410,144506880,0.866659884817495,3.4319366455078124,0.4461525917053223,0.012108051031827927,75055
4420,144834560,0.865966173203525,3.3958999633789064,0.4351632595062256,0.011825808882713318,74746
4430,145162240,0.86527097735094,3.457027816772461,0.4517506122589111,0.012092693150043488,76083
4440,145489920,0.8645743005253953,3.471415710449219,0.43642497062683105,0.011942146718502045,83455
4450,145817600,0.8638761459995025,3.415248489379883,0.4409794330596924,0.011847585439682007,84090
4460,146145280,0.8631765170528151,3.4117664337158202,0.4502758502960205,0.011944477260112763,91834
4470,146472960,0.8624754169718122,3.3693042755126954,0.4580358028411865,0.012059993296861648,83235
4480,146800640,0.8617728490498839,3.421817398071289,0.44268345832824707,0.01196594387292862,85184
4490,147128320,0.8610688165873153,3.275870132446289,0.4447609901428223,0.011943694204092026,90049
4500,147456000,0.860363322891271,3.3802936553955076,0.4557959079742432,0.012052315473556518,81905
4510,147783680,0.8596563712757798,3.389112091064453,0.4374566078186035,0.011836592853069306,101632
4520,148111360,0.8589479650617188,3.37957649230957,0.43816275596618653,0.011932938545942306,105287
4530,148439040,0.8582381075767984,3.3884651184082033,0.4453759670257568,0.011861886084079742,88923
4540,148766720,0.8575268021555462,3.4261520385742186,0.4324223518371582,0.012079288065433503,93429
4550,149094400,0.8568140521392911,3.421021270751953,0.4424570560455322,0.011732351034879684,91643
4560,149422080,0.8560998608761481,3.420703125,0.44421987533569335,0.011775866150856018,79661
4570,149749760,0.8553842317210026,3.451517105102539,0.43801145553588866,0.011863195151090623,77791
4580,150077440,0.8546671680354943,3.393044281005859,0.43149590492248535,0.011850956082344054,91390
4590,150405120,0.8539486731880013,3.4233821868896483,0.4310603618621826,0.011857277899980544,82026
4600,150732800,0.8532287505536249,3.3787811279296873,0.42154459953308104,0.011858879029750824,79732
4610,151060480,0.8525074035141732,3.432338333129883,0.43784074783325194,0.011774825304746628,98669
4620,151388160,0.8517846354581458,3.423300552368164,0.43458046913146975,0.01184619814157486,106585
4630,151715840,0.8510604497807165,3.4204776763916014,0.45088677406311034,0.012072046846151352,102120
4640,152043520,0.8503348498837191,3.3680416107177735,0.43917145729064944,0.011895954608917236,105428
4650,152371200,0.8496078391756305,3.4223869323730467,0.45435705184936526,0.011811686307191848,98563
4660,152698880,0.8488794210715549,3.371248245239258,0.43829760551452634,0.011946089565753937,84674
4670,153026560,0.8481495989932074,3.379099655151367,0.4232144832611084,0.011836625635623932,79743
4680,153354240,0.8474183763688985,3.441926193237305,0.44806203842163084,0.011775705218315124,77390
4690,153681920,0.8466857566335172,3.3984508514404297,0.4295614242553711,0.0117839016020298,76518
4700,154009600,0.8459517432285163,3.4495624542236327,0.4582987308502197,0.011958351731300354,76216
4710,154337280,0.8452163396018946,3.386422348022461,0.4469085693359375,0.011730897426605224,73384
4720,154664960,0.8444795492081815,3.4056644439697266,0.4421682834625244,0.011932335793972015,76169
4730,154992640,0.8437413755084207,3.434785842895508,0.48392090797424314,0.01174892634153366,73200
4740,155320320,0.8430018219701542,3.435385513305664,0.46237473487854003,0.011928576231002807,74820
4750,155648000,0.8422608920674052,3.3987194061279298,0.4504734992980957,0.011662694066762925,72024
4760,155975680,0.841518589280663,3.437813568115234,0.44077425003051757,0.011798994243144989,72875
4770,156303360,0.8407749170968652,3.410134124755859,0.43313183784484866,0.011759220063686371,76424
4780,156631040,0.8400298790093831,3.3639774322509766,0.42795276641845703,0.011904199421405793,76314
4790,156958720,0.8392834785180031,3.3690662384033203,0.4383989334106445,0.011925151944160462,74272
4800,157286400,0.8385357191289123,3.3967262268066407,0.44672141075134275,0.01239197626709938,76775
4810,157614080,0.837786604354681,3.3917423248291017,0.4288766860961914,0.011989735066890717,77269
4820,157941760,0.8370361377142459,3.4273792266845704,0.4521324157714844,0.011692029237747193,75795
4830,158269440,0.8362843227328948,3.329567718505859,0.43659181594848634,0.011711854487657547,74326
4840,158597120,0.8355311629422486,3.3474151611328127,0.44293804168701173,0.011822043359279633,73787
4850,158924800,0.8347766618802456,3.3659072875976563,0.43245344161987304,0.011717833578586578,73720
4860,159252480,0.8340208230911248,3.374286651611328,0.4361289978027344,0.011674083024263381,74443
4870,159580160,0.8332636501254091,3.366251754760742,0.43481125831604006,0.011928702890872955,74347
4880,159907840,0.8325051465398888,3.405313491821289,0.44890799522399905,0.011610832810401917,74719
4890,160235520,0.8317453158976044,3.418990707397461,0.4471930503845215,0.011772249639034272,78725
4900,160563200,0.8309841617678299,3.3204437255859376,0.432649564743042,0.011758559942245483,75456
4910,160890880,0.8302216877260572,3.3721614837646485,0.43599801063537597,0.011666291952133178,74442
4920,161218560,0.829457897353978,3.3767723083496093,0.45302772521972656,0.011948657780885696,75859
4930,161546240,0.8286927942394671,3.347823715209961,0.44879350662231443,0.011971556395292283,75446
4940,161873920,0.8279263819765664,3.40433349609375,0.4538702487945557,0.011776968091726302,73987
4950,162201600,0.827158664165467,3.3599227905273437,0.446329402923584,0.011875905096530914,76445
4960,162529280,0.8263896444124933,3.3630165100097655,0.4431899547576904,0.011709184944629669,74798
4970,162856960,0.825619326330085,3.325857162475586,0.44440321922302245,0.011894714087247849,74823
4980,163184640,0.8248477135367809,3.3692455291748047,0.4599738597869873,0.012018504738807678,73635
4990,163512320,0.8240748096572016,3.3274654388427733,0.4562387466430664,0.012014703452587127,75749
5000,163840000,0.8233006183220325,3.3271434783935545,0.4579594135284424,0.01181045025587082,73429
5010,164167680,0.8225251431680068,3.381256103515625,0.4345428466796875,0.011662423610687256,71248
5020,164495360,0.8217483878378885,3.3050636291503905,0.43993535041809084,0.011876443773508072,76510
5030,164823040,0.8209703559804551,3.366669464111328,0.4283279895782471,0.011712709069252014,78405
5040,165150720,0.8201910512504803,3.4062076568603517,0.4406443119049072,0.011861657351255417,75604
5050,165478400,0.8194104773087175,3.413911056518555,0.44943990707397463,0.011686184257268906,74884
5060,165806080,0.8186286378218818,3.3508220672607423,0.440427303314209,0.011819808930158614,75689
5070,166133760,0.8178455364626335,3.341695022583008,0.43523321151733396,0.011719556897878647,73241
5080,166461440,0.8170611769095599,3.2780494689941406,0.446065616607666,0.011822348088026046,77588
5090,166789120,0.8162755628471595,3.26807861328125,0.4567423343658447,0.01193581148982048,79767
5100,167116800,0.815488697965823,3.3446277618408202,0.452816104888916,0.01182774156332016,75507
5110,167444480,0.8147005859618172,3.4116741180419923,0.4577180862426758,0.01178354024887085,78671
5120,167772160,0.813911230537267,3.314849090576172,0.43814973831176757,0.0118144690990448,72863
5130,168099840,0.8131206354001385,3.3975299835205077,0.45517525672912595,0.01164809763431549,74381
5140,168427520,0.8123288042642208,3.2910392761230467,0.4323406219482422,0.011759018898010254,81828
5150,168755200,0.8115357408491098,3.3464630126953123,0.4526620388031006,0.011788798123598098,74356
5160,169082880,0.8107414488801894,3.375288391113281,0.4555821418762207,0.011748125404119491,73225
5170,169410560,0.8099459320886147,3.387027359008789,0.4423041343688965,0.011657758802175521,74131
5180,169738240,0.8091491942112942,3.385875701904297,0.450244665145874,0.01193290501832962,73594
5190,170065920,0.8083512389908728,3.3319873809814453,0.44776196479797364,0.011855797469615936,84028
5200,170393600,0.8075520701757136,3.4077720642089844,0.4459038734436035,0.011717342585325242,73573
5210,170721280,0.8067516915198807,3.3827846527099608,0.4419101238250732,0.011657033115625381,74589
5220,171048960,0.8059501067831211,3.3695072174072265,0.45313329696655275,0.011742003262043,72653
5230,171376640,0.8051473197308472,3.3257095336914064,0.4446286201477051,0.011821289360523225,79610
5240,171704320,0.8043433341341197,3.333626937866211,0.4467618942260742,0.011668942868709564,71544
5250,172032000,0.8035381537696291,3.395712661743164,0.4558833599090576,0.011667855829000474,74572
5260,172359680,0.8027317824196785,3.396009063720703,0.44414124488830564,0.01179177314043045,76394
5270,172687360,0.8019242238721653,3.3518295288085938,0.44374861717224123,0.011907026916742326,72326
5280,173015040,0.8011154819205639,3.3225887298583983,0.43596110343933103,0.011729221791028976,74598
5290,173342720,0.8003055603639075,3.35543212890625,0.441008472442627,0.011706820130348206,73280
5300,173670400,0.799494463006771,3.3549190521240235,0.4475229740142822,0.011719681322574615,72539
5310,173998080,0.7986821936592519,3.391649627685547,0.4562788963317871,0.01169598251581192,71884
5320,174325760,0.7978687561369534,3.3789737701416014,0.46195592880249026,0.011723077297210694,71129
5330,174653440,0.7970541542609662,3.347352981567383,0.44054198265075684,0.01160946786403656,73735
5340,174981120,0.7962383918578503,3.32794303894043,0.4337615966796875,0.011818023025989532,78049
5350,175308800,0.7954214727596175,3.4205894470214844,0.4703096866607666,0.011647681891918182,74496
5360,175636480,0.794603400803713,3.323220443725586,0.4424877643585205,0.011647433787584306,74733
5370,175964160,0.7937841798329972,3.2978626251220704,0.4461637020111084,0.01179921329021454,76619
5380,176291840,0.7929638136957288,3.3004894256591797,0.45764708518981934,0.011680519580841065,75782
5390,176619520,0.7921423062455447,3.3765453338623046,0.44756307601928713,0.011712501943111419,73288
5400,176947200,0.791319661341444,3.3188987731933595,0.4374725341796875,0.011768703162670136,74425
5410,177274880,0.7904958828477688,3.3908424377441406,0.45389137268066404,0.011696428805589677,75159
5420,177602560,0.7896709746341858,3.320958709716797,0.435759449005127,0.01163468211889267,75854
5430,177930240,0.7888449405756687,3.3169223785400392,0.447446870803833,0.01179637610912323,70781
5440,178257920,0.78801778455248,3.338039779663086,0.4474037170410156,0.011772535741329193,75914
5450,178585600,0.7871895104501523,3.301766586303711,0.45540356636047363,0.011749696731567384,72464
5460,178913280,0.7863601221594704,3.311294174194336,0.4489280700683594,0.011736079305410384,72916
5470,179240960,0.7855296235764533,3.3265125274658205,0.4525942802429199,0.011708819121122361,72714
5480,179568640,0.7846980186023351,3.371295928955078,0.44364171028137206,0.01160929873585701,74623
5490,179896320,0.7838653111435474,3.2972110748291015,0.4664417266845703,0.011743316054344177,74645
5500,180224000,0.7830315051117006,3.3001323699951173,0.44252700805664064,0.01158103123307228,75491
5510,180551680,0.7821966044235655,3.322690963745117,0.4636244773864746,0.011810076236724854,73272
5520,180879360,0.7813606130010551,3.383065032958984,0.436539363861084,0.011573539674282074,72623
5530,181207040,0.7805235347712062,3.3939552307128906,0.4425765037536621,0.011671393364667892,72900
5540,181534720,0.7796853736661605,3.3641815185546875,0.45232467651367186,0.011813066154718398,74210
5550,181862400,0.7788461336231468,3.3079166412353516,0.4463648319244385,0.011546988785266877,71657
5560,182190080,0.7780058185844622,3.3129749298095703,0.4475440502166748,0.011834724992513656,75900
5570,182517760,0.777164432497453,3.270947265625,0.455247163772583,0.011624104529619216,76119
5580,182845440,0.7763219793144973,3.392835235595703,0.45873184204101564,0.011728002876043319,74115
5590,183173120,0.7754784629929858,3.2784061431884766,0.43715543746948243,0.011621572077274323,76907
5600,183500800,0.7746338874953032,3.2957996368408202,0.44556217193603515,0.01170760840177536,76141
5610,183828480,0.773788256788809,3.3275997161865236,0.4534627914428711,0.011784250289201737,74878
5620,184156160,0.7729415748458205,3.3198551177978515,0.44312467575073244,0.011713898926973342,75402
5630,184483840,0.7720938456435924,3.3449134826660156,0.45990400314331054,0.011652320623397827,73618
5640,184811520,0.7712450731642992,3.2529571533203123,0.4468691825866699,0.011601662635803223,76201
5650,185139200,0.7703952613950162,3.357299041748047,0.4557337284088135,0.011727054417133332,78108
5660,185466880,0.7695444143277006,3.291331481933594,0.4645035743713379,0.011538693308830261,75552
5670,185794560,0.7686925359591726,3.30687255859375,0.46507973670959474,0.011661272495985031,74500
5680,186122240,0.7678396302910978,3.3637821197509767,0.4657945156097412,0.011680465936660767,72892
5690,186449920,0.7669857013299661,3.361079788208008,0.45195517539978025,0.011632825434207916,72844
5700,186777600,0.7661307530870757,3.387936019897461,0.4463959217071533,0.011679331213235855,73759
5710,187105280,0.7652747895785117,3.273707962036133,0.4546223163604736,0.011699583381414413,77464
5720,187432960,0.7644178148251293,3.2110317230224608,0.43936986923217775,0.011740837991237641,76075
5730,187760640,0.7635598328525331,3.34411506652832,0.4645866394042969,0.01172446459531784,75412
5740,188088320,0.76270084769106,3.3064918518066406,0.44512505531311036,0.011740162223577499,77929
5750,188416000,0.7618408633757584,3.3319896697998046,0.43540515899658205,0.011640641838312149,77966
5760,188743680,0.760979883946371,3.3597293853759767,0.4642153263092041,0.011670838296413421,77025
5770,189071360,0.7601179134473144,3.333388900756836,0.4625083923339844,0.011567112803459168,77674
5780,189399040,0.7592549559276612,3.3311046600341796,0.44150686264038086,0.011605509370565415,73142
5790,189726720,0.7583910154411201,3.391179656982422,0.4598248958587646,0.0116987444460392,78373
5800,190054400,0.7575260960460173,3.3600841522216798,0.44422664642333987,0.011535356938838958,85602
5810,190382080,0.7566602018052777,3.3615127563476563,0.4518071174621582,0.011602197587490082,80699
5820,190709760,0.7557933367864051,3.3678848266601564,0.4588602542877197,0.0115266352891922,77291
5830,191037440,0.7549255050614639,3.3079906463623048,0.44277143478393555,0.01158774495124817,85000
5840,191365120,0.7540567107070592,3.3123130798339844,0.4436504364013672,0.01161951720714569,84430
5850,191692800,0.753186957804318,3.305926513671875,0.45897464752197265,0.011544008553028107,85040
5860,192020480,0.7523162504388706,3.3336978912353517,0.44976305961608887,0.011636948585510254,85688
5870,192348160,0.7514445927008302,3.3671600341796877,0.4621678352355957,0.011646699160337448,79712
5880,192675840,0.7505719886847744,3.217047119140625,0.4602320671081543,0.011739090830087662,81953
5890,193003520,0.7496984424897264,3.3257522583007812,0.452237606048584,0.01187303364276886,78681
5900,193331200,0.7488239582191348,3.289794921875,0.4597479820251465,0.011705635488033295,81757
5910,193658880,0.7479485399808549,3.3126720428466796,0.43919076919555666,0.01183967962861061,80372
5920,193986560,0.7470721918871295,3.264362335205078,0.4440310001373291,0.011652641743421555,81451
5930,194314240,0.7461949180545687,3.2840736389160154,0.45818209648132324,0.01164308786392212,83907
5940,194641920,0.745316722604132,3.31176643371582,0.4461937427520752,0.011490370333194732,79067
5950,194969600,0.744437609661108,3.3510746002197265,0.4519432544708252,0.01156076118350029,78516
5960,195297280,0.7435575833550946,3.260031509399414,0.45473465919494627,0.011685872822999955,80254
5970,195624960,0.7426766478199808,3.410623550415039,0.4784081935882568,0.011769650876522065,76161
5980,195952640,0.7417948071939264,3.3042312622070313,0.47768173217773435,0.01200021430850029,82190
5990,196280320,0.7409120656193431,3.2412776947021484,0.4438169956207275,0.011650530248880386,77150
6000,196608000,0.7400284272428742,3.25628547668457,0.4465677738189697,0.011840320378541946,80997
6010,196935680,0.7391438962153765,3.2990440368652343,0.44411168098449705,0.011526735126972198,84642
6020,197263360,0.7382584766918991,3.3075138092041017,0.4452670097351074,0.011560537666082383,83074
6030,197591040,0.7373721728316657,3.297293472290039,0.44754252433776853,0.011592134088277816,83660
6040,197918720,0.7364849887980534,3.353547286987305,0.46450958251953123,0.011567194759845734,80753
6050,198246400,0.7355969287585742,3.340410614013672,0.4532627105712891,0.011616815626621247,82815
6060,198574080,0.7347079968848549,3.3330474853515626,0.44920783042907714,0.011612450331449508,77000
6070,198901760,0.733818197352618,3.2612026214599608,0.4463986396789551,0.01144299954175949,74313
6080,199229440,0.7329275343416618,3.2048881530761717,0.44154648780822753,0.011717092990875245,74683
6090,199557120,0.7320360120358402,3.2965904235839845,0.45149478912353513,0.011592209339141846,76905
6100,199884800,0.7311436346230444,3.2713577270507814,0.45322556495666505,0.011665377765893936,76314
6110,200212480,0.7302504062951819,3.349908447265625,0.45340843200683595,0.01157819926738739,81519
6120,200540160,0.7293563312481574,3.260381317138672,0.4532115936279297,0.01157677173614502,75989
6130,200867840,0.7284614136818531,3.2827713012695314,0.45094904899597166,0.011622998118400573,72729
6140,201195520,0.7275656578001092,3.2137786865234377,0.44054532051086426,0.011613775044679642,84432
6150,201523200,0.7266690678107032,3.2869522094726564,0.4593823909759521,0.011596963554620743,92691
6160,201850880,0.7257716479253312,3.2775959014892577,0.4510603427886963,0.011636250466108323,98199
6170,202178560,0.7248734023595879,3.2405731201171877,0.4550872802734375,0.011733859032392501,87121
6180,202506240,0.7239743353329462,3.281292724609375,0.46018505096435547,0.01163746789097786,93683
6190,202833920,0.7230744510687378,3.336239242553711,0.44377808570861815,0.011521966755390167,107140
6200,203161600,0.7221737537941337,3.295967864990234,0.4590001583099365,0.011641316860914231,91093
6210,203489280,0.7212722477401238,3.3082080841064454,0.4439243316650391,0.011645998060703277,105570
6220,203816960,0.7203699371414969,3.3477401733398438,0.4489593029022217,0.011643707007169723,105588
6230,204144640,0.7194668262368217,3.27526969909668,0.44328737258911133,0.011560828238725663,99563
6240,204472320,0.7185629192684256,3.291227340698242,0.4514172077178955,0.011697392165660857,110336
6250,204800000,0.7176582204823762,3.2505844116210936,0.446352481842041,0.011649423092603684,108158
6260,205127680,0.7167527341284602,3.2462764739990235,0.45220293998718264,0.011610559374094009,109920
6270,205455360,0.715846464460164,3.291339111328125,0.4475121021270752,0.01150822564959526,110242
6280,205783040,0.7149394157346535,3.2685279846191406,0.4576566696166992,0.011562145501375198,107752
6290,206110720,0.7140315922127544,3.2908023834228515,0.4821785926818848,0.01162131130695343,109681
6300,206438400,0.7131229981589317,3.2943183898925783,0.47257633209228517,0.01155426874756813,108878
6310,206766080,0.7122136378412699,3.237104797363281,0.4527137756347656,0.011860600858926772,105718
6320,207093760,0.7113035155314535,3.2867961883544923,0.4637718200683594,0.011667054891586304,109592
6330,207421440,0.710392635504746,3.316572570800781,0.45305781364440917,0.011439182609319688,97580
6340,207749120,0.70948100203997,3.299021911621094,0.45792560577392577,0.011593981087207795,76703
6350,208076800,0.7085686194194882,3.330691909790039,0.4593395709991455,0.011653909087181091,76698
6360,208404480,0.7076554919291816,3.2755714416503907,0.4536179542541504,0.01164512187242508,96324
6370,208732160,0.7067416238584305,3.2693614959716797,0.4454395294189453,0.011467845737934112,81457
6380,209059840,0.7058270195000943,3.3282779693603515,0.4498466491699219,0.01157371625304222,77498
6390,209387520,0.7049116831504906,3.3088104248046877,0.45741567611694334,0.011707601696252823,73381
6400,209715200,0.7039956191093758,3.344044494628906,0.45485100746154783,0.011646868288516998,75626
6410,210042880,0.7030788316799246,3.3337677001953123,0.454142427444458,0.011544039100408554,90310
6420,210370560,0.7021613251687095,3.302751922607422,0.45977396965026857,0.011626517772674561,78029
6430,210698240,0.7012431038856815,3.3600860595703126,0.4602832794189453,0.011627981066703796,77625
6440,211025920,0.7003241721441484,3.26678581237793,0.4508338451385498,0.011563427001237869,75966
6450,211353600,0.699404534260756,3.299013137817383,0.45076518058776854,0.011473873257637024,82658
6460,211681280,0.6984841945554667,3.25399169921875,0.4714232921600342,0.011882534623146057,74149
6470,212008960,0.6975631573515402,3.2167110443115234,0.439829158782959,0.011525730788707732,76075
6480,212336640,0.6966414269755121,3.2782829284667967,0.44272823333740235,0.011599240452051162,80191
6490,212664320,0.6957190077571747,3.289201354980469,0.4556737422943115,0.011572039872407913,79895
6500,212992000,0.6947959040295556,3.1943531036376953,0.4520169734954834,0.01157785952091217,75769
6510,213319680,0.693872120128898,3.3032711029052733,0.45867033004760743,0.011615226417779923,77401
6520,213647360,0.6929476603946405,3.2929378509521485,0.47056732177734373,0.01151338815689087,76183
6530,213975040,0.6920225291693962,3.268353271484375,0.46198287010192873,0.011643056571483613,79354
6540,214302720,0.6910967307989323,3.2049095153808596,0.4646743297576904,0.011590133607387542,77625
6550,214630400,0.6901702696321502,3.2392505645751952,0.4734330177307129,0.011805969476699828,78582
6560,214958080,0.6892431500210646,3.2770225524902346,0.46033535003662107,0.011467035114765167,75271
6570,215285760,0.6883153763207832,3.3702228546142576,0.46256051063537595,0.0116100013256073,77158
6580,215613440,0.6873869528894864,3.2532428741455077,0.45717577934265136,0.011687821894884109,76044
6590,215941120,0.6864578840884065,3.3044334411621095,0.4559725284576416,0.011618835479021072,74475
6600,216268800,0.6855281742818073,3.2553943634033202,0.46335544586181643,0.011770254373550415,77852
6610,216596480,0.6845978278369642,3.264496994018555,0.4534884452819824,0.011745193600654602,75592
6620,216924160,0.683666849124143,3.335713577270508,0.45445051193237307,0.01149604320526123,78516
6630,217251840,0.6827352425165789,3.268254852294922,0.4775136947631836,0.011837371438741685,75428
6640,217579520,0.6818030123904574,3.303588104248047,0.4629390716552734,0.011666892468929291,77280
6650,217907200,0.6808701631248927,3.2659645080566406,0.4625525951385498,0.011635205894708633,75121
6660,218234880,0.6799366991019075,3.282121276855469,0.4581031799316406,0.011580201983451843,74647
6670,218562560,0.6790026247064119,3.3031898498535157,0.4782773494720459,0.011667178571224212,76095
6680,218890240,0.6780679443261837,3.2493152618408203,0.4638364315032959,0.011693813651800156,76016
6690,219217920,0.6771326623518468,3.2798877716064454,0.4738007068634033,0.0116881862282753,81958
6700,219545600,0.6761967831768516,3.256552886962891,0.45948171615600586,0.0116634801030159,77049
6710,219873280,0.6752603111974533,3.252472686767578,0.45886545181274413,0.01146557480096817,78175
6720,220200960,0.6743232508126922,3.306832504272461,0.4602678298950195,0.011650334298610687,82628
6730,220528640,0.6733856064243724,3.3035449981689453,0.4824562072753906,0.011585229635238647,75754
6740,220856320,0.6724473824370414,3.177716064453125,0.4631969451904297,0.011705180257558822,74767
6750,221184000,0.6715085832579691,3.239165115356445,0.46083650588989256,0.011662744730710984,77889
6760,221511680,0.6705692132971278,3.2498943328857424,0.4575549602508545,0.011605527997016907,78170
6770,221839360,0.6696292769671708,3.1827157974243163,0.4490234375,0.011502280086278915,78133
6780,222167040,0.6686887786834115,3.2646522521972656,0.46006064414978026,0.011678501218557357,81401
6790,222494720,0.6677477228638038,3.272737503051758,0.472121524810791,0.011741784960031509,77562
6800,222822400,0.6668061139289202,3.2308364868164063,0.4503674030303955,0.011642679572105408,76839
6810,223150080,0.6658639563019313,3.268387222290039,0.45704078674316406,0.011626385897397996,78842
6820,223477760,0.6649212544085855,3.283953094482422,0.466276741027832,0.011544919013977051,77111
6830,223805440,0.6639780126771876,3.1493911743164062,0.4563597202301025,0.01163528859615326,76291
6840,224133120,0.6630342355385784,3.2465782165527344,0.4553621768951416,0.01147187352180481,74699
6850,224460800,0.6620899274261136,3.235227584838867,0.46378159523010254,0.011559820175170899,77643
6860,224788480,0.6611450927756435,3.259473419189453,0.45385141372680665,0.011568668484687804,73872
6870,225116160,0.6601997360254913,3.258794403076172,0.47797598838806155,0.011852702498435974,75654
6880,225443840,0.659253861616433,3.203316879272461,0.46435976028442383,0.011545323580503464,77296
6890,225771520,0.6583074739916764,3.2216419219970702,0.4547266483306885,0.01152098849415779,76741
6900,226099200,0.65736057759684,3.256704330444336,0.45687456130981446,0.011657429486513137,76794
6910,226426880,0.656413176879932,3.3076171875,0.4750235080718994,0.011665229499340058,77066
6920,226754560,0.65546527629133,3.316946029663086,0.4592722415924072,0.011550650000572205,77627
6930,227082240,0.6545168802837597,3.2664981842041017,0.476644229888916,0.011660204082727433,78894
6940,227409920,0.6535679933122733,3.2715534210205077,0.4735237121582031,0.011701482534408569,78602
6950,227737600,0.6526186198342305,3.231125259399414,0.4599448680877686,0.011542441695928574,76453
6960,228065280,0.6516687643092755,3.2974880218505858,0.4658018112182617,0.011362677067518234,78000
6970,228392960,0.6507184311993169,3.276519012451172,0.46245517730712893,0.011559053510427474,74851
6980,228720640,0.6497676249685073,3.223622131347656,0.47100558280944826,0.011785505712032318,78509
6990,229048320,0.648816350083221,3.2362907409667967,0.4665400505065918,0.011436893790960311,77708
7000,229376000,0.6478646110120344,3.218418502807617,0.462054443359375,0.011653320491313934,74282
7010,229703680,0.6469124122257043,3.2173229217529298,0.45687360763549806,0.0115070641040802,76675
7020,230031360,0.6459597581971467,3.236280822753906,0.45772385597229004,0.011603455990552902,80657
7030,230359040,0.6450066534014163,3.1507097244262696,0.4532176971435547,0.01169501468539238,80164
7040,230686720,0.6440531023156852,3.2463218688964846,0.47504611015319825,0.011563168466091156,76563
7050,231014400,0.643099109419222,3.2285003662109375,0.4648625373840332,0.01162940114736557,77170
7060,231342080,0.6421446791933706,3.2099655151367186,0.4670580863952637,0.011631724238395692,76503
7070,231669760,0.6411898161215294,3.223971939086914,0.45238356590270995,0.011403985321521759,76955
7080,231997440,0.6402345246891296,3.209138107299805,0.6043306827545166,0.013765877485275269,81724
7090,232325120,0.6392788093836153,3.200231170654297,0.4822680950164795,0.011799685657024384,74409
7100,232652800,0.6383226746944214,3.161688804626465,0.4787712574005127,0.011650970578193665,75739
7110,232980480,0.6373661251129528,3.1628475189208984,0.46105480194091797,0.01150548756122589,76065
7120,233308160,0.6364091651325631,3.161946105957031,0.4625683307647705,0.01161268725991249,79243
7130,233635840,0.6354517992485343,3.282862091064453,0.48012099266052244,0.011506932228803635,77932
7140,233963520,0.6344940319580545,3.2339977264404296,0.47086567878723146,0.011545948684215546,80843
7150,234291200,0.6335358677601981,3.247829055786133,0.4742861747741699,0.011503737419843674,76479
7160,234618880,0.6325773111559034,3.234446716308594,0.4709630966186523,0.011616682261228561,79709
7170,234946560,0.631618366647952,3.2215301513671877,0.4578899383544922,0.011527326703071595,77000
7180,235274240,0.6306590387409481,3.213453674316406,0.45285921096801757,0.011453792452812195,76143
7190,235601920,0.6296993319412965,3.2289993286132814,0.46483840942382815,0.011694204807281495,82094
7200,235929600,0.6287392507571821,3.256667709350586,0.4549428462982178,0.011553160101175308,77462
7210,236257280,0.627778799698548,3.1982494354248048,0.4647666931152344,0.01166989803314209,81008
7220,236584960,0.6268179832770756,3.22359619140625,0.45670018196105955,0.011613421887159348,76928
7230,236912640,0.6258568060061616,3.1914190292358398,0.4730670928955078,0.011626493930816651,81763
7240,237240320,0.6248952724008985,3.225625228881836,0.47136263847351073,0.011839935928583145,74400
7250,237568000,0.6239333869780525,3.229413604736328,0.47995524406433104,0.011659011989831925,73896
7260,237895680,0.6229711542560421,3.198226547241211,0.46436777114868166,0.011645526438951493,76836
7270,238223360,0.6220085787549176,3.204319381713867,0.4587697982788086,0.011528544127941132,76774
7280,238551040,0.6210456649963396,3.147562789916992,0.4512605667114258,0.01149926260113716,81646
7290,238878720,0.6200824175035572,3.2019615173339844,0.4628138542175293,0.011553629487752914,75257
7300,239206400,0.6191188408013876,3.2440254211425783,0.4713888645172119,0.011660663038492202,80459
7310,239534080,0.618154939416194,3.1753314971923827,0.46387615203857424,0.011683308333158494,80995
7320,239861760,0.6171907178758654,3.186817932128906,0.4557008743286133,0.011513376981019974,77237
7330,240189440,0.6162261807097943,3.237901306152344,0.4764533996582031,0.011674211919307708,79916
7340,240517120,0.615261332448856,3.2373378753662108,0.46456193923950195,0.011548183858394623,77839
7350,240844800,0.6142961776253867,3.2035411834716796,0.45606322288513185,0.01151885986328125,78306
7360,241172480,0.6133307207731634,3.205474853515625,0.4556577205657959,0.011572913825511932,77426
7370,241500160,0.6123649664273816,3.195388984680176,0.4559928417205811,0.01166653335094452,76615
7380,241827840,0.6113989191246338,3.198697090148926,0.46555585861206056,0.011536051332950593,77561
7390,242155520,0.6104325834028894,3.198199653625488,0.4638352394104004,0.011635801941156387,79590
7400,242483200,0.6094659638014722,3.2396163940429688,0.46462764739990237,0.011510121822357177,78661
7410,242810880,0.6084990648610393,3.1971357345581053,0.4583756446838379,0.01164410188794136,80285
7420,243138560,0.6075318911235607,3.2869499206542967,0.47713356018066405,0.01162872239947319,78822
7430,243466240,0.6065644471322965,3.25928955078125,0.4649363994598389,0.011344950646162033,82255
7440,243793920,0.6055967374317768,3.2881969451904296,0.45960540771484376,0.01161079779267311,77850
7450,244121600,0.6046287665677795,3.228616714477539,0.4650570392608643,0.011516714841127396,78650
7460,244449280,0.6036605390873098,3.2121837615966795,0.46042575836181643,0.01165328174829483,78162
7470,244776960,0.6026920595385779,3.212847137451172,0.4810957908630371,0.011506948620080948,77871
7480,245104640,0.6017233324709779,3.2107826232910157,0.472283935546875,0.011711526662111282,81944
7490,245432320,0.6007543624350674,3.141836929321289,0.4646578788757324,0.011481048166751861,79302
7500,245760000,0.5997851539825445,3.130812644958496,0.45781869888305665,0.011560038477182389,80730
7510,246087680,0.5988157116662278,3.1599843978881834,0.46245346069335935,0.011485482007265091,77223
7520,246415360,0.5978460400400343,3.1580455780029295,0.4711466312408447,0.011499317735433579,78760
7530,246743040,0.5968761436589581,3.188372802734375,0.48470582962036135,0.011602746695280075,79598
7540,247070720,0.595906027079049,3.243761444091797,0.4788252353668213,0.011475799232721328,80075
7550,247398400,0.5949356948573915,3.1757671356201174,0.47234315872192384,0.011545520275831223,78779
7560,247726080,0.593965151552083,3.200949478149414,0.46179709434509275,0.01156134307384491,77352
7570,248053760,0.5929944017222119,3.1428655624389648,0.45452561378479006,0.011527659744024277,79474
7580,248381440,0.5920234499278374,3.236852264404297,0.4601284027099609,0.011573895066976547,80186
7590,248709120,0.5910523007299672,3.1902301788330076,0.4698660850524902,0.011661165952682495,76220
7600,249036800,0.5900809586905363,3.2384693145751955,0.4635056495666504,0.011507418006658554,75266
7610,249364480,0.5891094283723856,3.212804412841797,0.45873360633850097,0.011582709848880768,78976
7620,249692160,0.5881377143392402,3.244963455200195,0.4626671314239502,0.011661895364522935,82280
7630,250019840,0.5871658211556886,3.284069061279297,0.48059682846069335,0.011574191600084304,85991
7640,250347520,0.5861937533871606,3.1651649475097656,0.4766171932220459,0.011493346095085144,78293
7650,250675200,0.585221515599906,3.2142486572265625,0.49334216117858887,0.011526703089475631,76590
7660,251002880,0.5842491123609734,3.144962120056152,0.47527804374694826,0.011526094377040863,78149
7670,251330560,0.5832765482381888,3.2388141632080076,0.4718073844909668,0.011619707942008973,81356
7680,251658240,0.5823038278001335,3.2052406311035155,0.4711737632751465,0.011790303140878677,80107
7690,251985920,0.5813309556161232,3.1772302627563476,0.490480375289917,0.011758346855640412,78324
7700,252313600,0.5803579362561871,3.201458740234375,0.4615172386169434,0.011579781025648116,73776
7710,252641280,0.5793847742910447,3.23791389465332,0.47113332748413084,0.011611618101596832,82340
7720,252968960,0.5784114742920861,3.204793167114258,0.46925997734069824,0.011513134837150574,76325
7730,253296640,0.5774380408313496,3.1215951919555662,0.4818516731262207,0.01173303946852684,76753
7740,253624320,0.5764644784815004,3.173043441772461,0.468505859375,0.011655690521001816,75584
7750,253952000,0.575490791815809,3.2388702392578126,0.46857376098632814,0.011542654782533645,79288
7760,254279680,0.5745169854081302,3.2133934020996096,0.4652583599090576,0.01151934415102005,77788
7770,254607360,0.5735430638328811,3.1411598205566404,0.46528100967407227,0.011748237162828445,81062
7780,254935040,0.5725690316650198,3.170482063293457,0.47466144561767576,0.011532524973154068,79577
7790,255262720,0.571594893480024,3.188313865661621,0.4699817657470703,0.01171823963522911,88507
7800,255590400,0.5706206538538694,3.2147594451904298,0.4705667018890381,0.011593015491962433,78164
7810,255918080,0.5696463173630077,3.2280338287353514,0.4786644458770752,0.011589684337377549,78191
7820,256245760,0.5686718885843468,3.2145915985107423,0.47360954284667967,0.01156606525182724,77945
7830,256573440,0.5676973720952269,3.1930187225341795,0.48847179412841796,0.011732453107833862,76321
7840,256901120,0.5667227724734006,3.1993549346923826,0.4876814842224121,0.011613722145557403,76610
7850,257228800,0.5657480942970116,3.231186294555664,0.4673408031463623,0.011551997810602187,78332
7860,257556480,0.5647733421445715,3.2007415771484373,0.4602375507354736,0.01148647591471672,79741
7870,257884160,0.5637985205949405,3.2200191497802733,0.47409939765930176,0.011545079946517944,79816
7880,258211840,0.5628236342273044,3.214967727661133,0.46581544876098635,0.011485843360424042,77505
7890,258539520,0.5618486876211529,3.207754135131836,0.4686476707458496,0.011561913043260574,79035
7900,258867200,0.5608736853562596,3.205016326904297,0.46857519149780275,0.011590540409088135,81728
7910,259194880,0.5598986320126588,3.1924213409423827,0.4636370658874512,0.01161683425307274,78847
7920,259522560,0.5589235321706254,3.097342681884766,0.4714176654815674,0.011585833132266998,76696
7930,259850240,0.557948390410652,3.202008819580078,0.47715301513671876,0.011708173900842667,74695
7940,260177920,0.5569732113134289,3.187009811401367,0.4694875717163086,0.011589615792036056,82291
7950,260505600,0.5559979994598211,3.167759895324707,0.4682157039642334,0.011576389521360397,74806
7960,260833280,0.5550227594308477,3.251820755004883,0.4804502487182617,0.01160750687122345,83864
7970,261160960,0.5540474958076603,3.127506446838379,0.458254337310791,0.01149747595191002,84932
7980,261488640,0.5530722131715214,3.1822696685791017,0.46611738204956055,0.011630617082118988,78076
7990,261816320,0.5520969161037825,3.1788103103637697,0.4774909496307373,0.011640020459890366,76374
8000,262144000,0.551121609185863,3.217904281616211,0.4743661403656006,0.011619597673416138,77706
8010,262471680,0.5501462969992287,3.1226049423217774,0.4675417900085449,0.011645125597715378,79689
8020,262799360,0.5491709841253699,3.134780502319336,0.462802791595459,0.011686062067747116,79904
8030,263127040,0.5481956751457805,3.175028419494629,0.4783647537231445,0.011629894375801086,79214
8040,263454720,0.5472203746419358,3.181306838989258,0.47165851593017577,0.011581802368164062,83544
8050,263782400,0.5462450871952715,3.1280084609985352,0.46680288314819335,0.01151755079627037,79367
8060,264110080,0.5452698173871616,3.127178764343262,0.4693736553192139,0.011664004623889923,81013
8070,264437760,0.5442945697988978,3.18920955657959,0.4573298454284668,0.0116217203438282,74975
8080,264765440,0.5433193490116667,3.194182205200195,0.46577157974243166,0.011572837829589844,75300
8090,265093120,0.5423441596065299,3.1692859649658205,0.48511414527893065,0.011648803949356079,75714
8100,265420800,0.5413690061644008,3.176886558532715,0.47132172584533694,0.011645649373531342,78171
8110,265748480,0.5403938932660243,3.164999580383301,0.47966952323913575,0.011572521179914474,76180
8120,266076160,0.5394188254919544,3.205438995361328,0.46483235359191893,0.011490867286920548,74337
8130,266403840,0.538443807422534,3.1544797897338865,0.4683557987213135,0.011567937582731247,76476
8140,266731520,0.5374688436378715,3.1633071899414062,0.46688237190246584,0.011618360131978988,74842
8150,267059200,0.5364939387178209,3.204471969604492,0.47591748237609866,0.011588932573795318,76130
8160,267386880,0.5355190972419597,3.0909061431884766,0.4623194694519043,0.011551213264465333,83581
8170,267714560,0.5345443237895667,3.2131099700927734,0.4716814041137695,0.011483380198478698,71260
8180,268042240,0.5335696229396024,3.176845932006836,0.4773565769195557,0.011659950762987138,72645
8190,268369920,0.532594999270685,3.1912160873413087,0.4817403793334961,0.0115250825881958,74701
8200,268697600,0.5316204573610711,3.238235092163086,0.49080443382263184,0.011694216728210449,73904
8210,269025280,0.5306460017886323,3.1780368804931642,0.4837489604949951,0.01151769831776619,77526
8220,269352960,0.5296716371308356,3.199055480957031,0.47524561882019045,0.01156465858221054,80251
8230,269680640,0.5286973679647203,3.1463375091552734,0.4790963172912598,0.011637686938047408,77398
8240,270008320,0.5277231988668772,3.1699239730834963,0.4677011489868164,0.01155417412519455,79590
8250,270336000,0.5267491344134275,3.147896575927734,0.4749462127685547,0.011639734357595443,75844
8260,270663680,0.5257751791799999,3.205486297607422,0.4805877208709717,0.011659319698810577,79931
8270,270991360,0.5248013377417113,3.162221145629883,0.46866908073425295,0.011643486469984055,81034
8280,271319040,0.523827614673143,3.103011131286621,0.46799354553222655,0.011522889882326127,78647
8290,271646720,0.5228540145483207,3.136275291442871,0.4619161605834961,0.011517780274152756,79940
8300,271974400,0.5218805419406926,3.2123367309570314,0.4734753131866455,0.011593690514564515,80921
8310,272302080,0.5209072014231075,3.126240921020508,0.46651344299316405,0.011629677563905715,77187
8320,272629760,0.5199339975677946,3.203997039794922,0.47047033309936526,0.011501166224479675,78421
8330,272957440,0.51896093494634,3.2022640228271486,0.47861566543579104,0.011522109806537627,80942
8340,273285120,0.5179880181296672,3.220429229736328,0.48101515769958497,0.011739514768123627,78584
8350,273612800,0.5170152516880143,3.080948066711426,0.4652389049530029,0.01157507747411728,78878
8360,273940480,0.5160426401909136,3.1669355392456056,0.4668585777282715,0.011596947163343429,80292
8370,274268160,0.5150701882071689,3.194179153442383,0.4730198383331299,0.011549857258796693,81713
8380,274595840,0.514097900304835,3.1838748931884764,0.4756947994232178,0.011527963727712632,76407
8390,274923520,0.5131257810511961,3.205596160888672,0.5254827976226807,0.011718057096004486,82177
8400,275251200,0.5121538350127436,3.161746788024902,0.4749125957489014,0.011655282229185104,80058
8410,275578880,0.511182066755156,3.084324264526367,0.4663857936859131,0.011613839119672776,74726
8420,275906560,0.510210480843276,3.16949348449707,0.46750431060791015,0.01153365969657898,77270
8430,276234240,0.5092390818410902,3.1443365097045897,0.4717895984649658,0.011658120900392532,77836
8440,276561920,0.508267874311707,3.1367658615112304,0.4668250560760498,0.011569883674383163,80265
8450,276889600,0.5072968628173354,3.204296875,0.4841031074523926,0.011723846197128296,86566
8460,277217280,0.5063260519192636,3.15749568939209,0.4770287036895752,0.011566844582557679,80571
8470,277544960,0.5053554461778373,3.1730524063110352,0.4725393295288086,0.011661456525325775,79110
8480,277872640,0.5043850501524388,3.122271919250488,0.46960792541503904,0.011660867929458618,82027
8490,278200320,0.5034148684014648,3.1799863815307616,0.48857898712158204,0.011644714325666428,84984
8500,278528000,0.502444905482306,3.1522138595581053,0.48026137351989745,0.011819877475500108,78864
8510,278855680,0.5014751659513248,3.1410186767578123,0.47771625518798827,0.011583749949932099,80117
8520,279183360,0.5005056543638344,3.127595901489258,0.4806450366973877,0.011665629595518113,79204
8530,279511040,0.499536375274077,3.1636796951293946,0.4809638500213623,0.011632569134235382,85005
8540,279838720,0.4985673332352031,3.1116703033447264,0.4748250484466553,0.011866214126348496,79651
8550,280166400,0.49759853279924915,3.148843193054199,0.46928987503051756,0.011437134444713592,86001
8560,280494080,0.4966299785171171,3.148819351196289,0.4724644660949707,0.011578524112701416,79379
8570,280821760,0.4956616749385523,3.123098373413086,0.48231096267700196,0.011602935194969178,81305
8580,281149440,0.49469362661212246,3.206418991088867,0.4784189224243164,0.01138761341571808,78846
8590,281477120,0.49372583808519666,3.2084686279296877,0.47582616806030276,0.011593615263700485,80969
8600,281804800,0.4927583139039229,3.1578439712524413,0.4842998027801514,0.011665865033864974,76053
8610,282132480,0.49179105861320815,3.127387809753418,0.48656582832336426,0.01159193143248558,83035
8620,282460160,0.4908240767566955,3.177439308166504,0.493709135055542,0.011697445809841157,78552
8630,282787840,0.48985737287674447,3.1463951110839843,0.484343147277832,0.011752000451087952,78010
8640,283115520,0.4888909515144081,3.166642761230469,0.4853213787078857,0.01161739081144333,80287
8650,283443200,0.4879248172094126,3.1305980682373047,0.4925602912902832,0.011564826965332032,79398
8660,283770880,0.4869589745001358,3.190489387512207,0.4983988761901855,0.011550904810428619,82556
8670,284098560,0.48599342792358535,3.156905746459961,0.49432082176208497,0.011773510277271271,79791
8680,284426240,0.48502818201537845,3.1408721923828127,0.4753698825836182,0.011703607439994813,81392
8690,284753920,0.48406324130971956,3.1402069091796876,0.47896637916564944,0.011682745814323426,80304
8700,285081600,0.4830986103393794,3.1364713668823243,0.47565336227416993,0.01152285560965538,77856
8710,285409280,0.4821342936356737,3.192024040222168,0.474960994720459,0.011563912034034729,83868
8720,285736960,0.4811702957284427,3.186062240600586,0.4747720718383789,0.011674249172210693,77622
8730,286064640,0.48020662114602786,3.1261384963989256,0.47545695304870605,0.011814533919095992,80523
8740,286392320,0.4792432744152527,3.1714235305786134,0.4754941463470459,0.011626073718070984,79340
8750,286720000,0.47828026006140056,3.17105712890625,0.47362627983093264,0.011686754226684571,80706
8760,287047680,0.477317582608193,3.0799131393432617,0.471095609664917,0.011668454855680466,81981
8770,287375360,0.4763552465777695,3.158014106750488,0.4755705833435059,0.011537994444370269,78646
8780,287703040,0.47539325649066544,3.095250701904297,0.47302517890930174,0.011602193117141724,78006
8790,288030720,0.4744316168657915,3.1414539337158205,0.4909492492675781,0.011707697808742524,89875
8800,288358400,0.47347033222041146,3.1317007064819338,0.4951141834259033,0.011735894531011582,87717
8810,288686080,0.47250940707012234,3.125737762451172,0.4835075378417969,0.011749150604009629,85153
8820,289013760,0.47154884592883173,3.103204917907715,0.48507213592529297,0.01164749190211296,79247
8830,289341440,0.4705886533087379,3.1737815856933596,0.47719483375549315,0.011652398109436034,80375
8840,289669120,0.4696288337203076,3.10714054107666,0.4776092529296875,0.011675646156072616,79682
8850,289996800,0.4686693916722554,3.1175634384155275,0.47446255683898925,0.01163644939661026,84808
8860,290324480,0.46771033167152265,3.1151355743408202,0.4812939643859863,0.011721520870923995,82193
8870,290652160,0.4667516582232554,3.180040740966797,0.46930322647094724,0.01159285455942154,80019
8880,290979840,0.46579337583078473,3.1235883712768553,0.47208728790283205,0.01171025112271309,78524
8890,291307520,0.4648354889956039,3.15924072265625,0.4756473541259766,0.011589012295007705,80981
8900,291635200,0.4638780022173489,3.107549285888672,0.4697257995605469,0.0114948071539402,77717
8910,291962880,0.4629209199937757,3.1335378646850587,0.4758281230926514,0.011652422696352005,77518
8920,292290560,0.46196424682074044,3.131003761291504,0.4803922653198242,0.011677640676498412,78717
8930,292618240,0.4610079871921775,3.076060485839844,0.4883683204650879,0.011726252734661102,76667
8940,292945920,0.4600521456000787,3.1296207427978517,0.4978487491607666,0.011744271218776702,87360
8950,293273600,0.4590967265344721,3.1561025619506835,0.49384098052978515,0.011641863733530045,77139
8960,293601280,0.4581417344834009,3.0862804412841798,0.4866506576538086,0.011766678094863892,78715
8970,293928960,0.45718717393290287,3.119717025756836,0.49163179397583007,0.01176483929157257,84409
8980,294256640,0.45623304936698816,3.1184947967529295,0.49781093597412107,0.011459676176309585,80845
8990,294584320,0.4552793652676195,3.117523765563965,0.4904344081878662,0.011733481287956237,82271
9000,294912000,0.4543261261146899,3.1273279190063477,0.47250638008117674,0.011565751582384109,81680
9010,295239680,0.45337333638600297,3.191480255126953,0.48551511764526367,0.011699530482292175,79514
9020,295567360,0.45242100055725065,3.1788280487060545,0.4918690204620361,0.011671739816665649,80390
9030,295895040,0.45146912310199294,3.1764575958251955,0.49724469184875486,0.011591636389493943,76531
9040,296222720,0.4505177084916365,3.143503952026367,0.48363828659057617,0.01170574575662613,74938
9050,296550400,0.44956676119541383,3.2054141998291015,0.494536018371582,0.01172979399561882,75979
9060,296878080,0.4486162856803626,3.1565555572509765,0.47876582145690916,0.011600834131240845,73715
9070,297205760,0.44766628641130346,3.1052507400512694,0.478774356842041,0.011692241579294205,78377
9080,297533440,0.4467167678508208,3.0762189865112304,0.47617330551147463,0.011773543804883957,74268
9090,297861120,0.44576773445924056,3.122733497619629,0.47632579803466796,0.01174672245979309,75444
9100,298188800,0.4448191906946096,3.1822534561157227,0.4968247890472412,0.01176658421754837,78458
9110,298516480,0.44387114101267466,3.1035177230834963,0.467142915725708,0.011571387946605682,80012
9120,298844160,0.44292358986686153,3.091905212402344,0.4763338565826416,0.011524583399295806,79557
9130,299171840,0.4419765417082546,3.0983137130737304,0.47943840026855467,0.011725200712680817,77391
9140,299499520,0.4410300009855749,3.099508857727051,0.4663707733154297,0.01155381351709366,77333
9150,299827200,0.4400839721451604,3.093673515319824,0.477387523651123,0.01164330393075943,76250
9160,300154880,0.43913845963094367,3.142716979980469,0.4801178455352783,0.011676792055368423,80251
9170,300482560,0.4381934678844329,3.114995002746582,0.48157033920288084,0.011839859187602997,76505
9180,300810240,0.43724900134468936,3.1362674713134764,0.4890149593353271,0.011592277884483337,81661
9190,301137920,0.4363050644483073,3.1250179290771483,0.4804500102996826,0.011715655028820039,77711
9200,301465600,0.4353616616293928,3.2003662109375,0.49502172470092776,0.011776565760374069,75588
9210,301793280,0.4344187973195436,3.1855804443359377,0.49623847007751465,0.011612109094858169,75079
9220,302120960,0.43347647594782734,3.081712532043457,0.484801197052002,0.011753396689891815,81298
9230,302448640,0.4325347019407614,3.178348350524902,0.47858395576477053,0.011783754825592041,76102
9240,302776320,0.43159347972229234,3.127726173400879,0.47597031593322753,0.011630062758922578,76710
9250,303104000,0.43065281371377384,3.139695930480957,0.47481870651245117,0.011564207077026368,74794
9260,303431680,0.4297127083339477,3.1159786224365233,0.4910175323486328,0.01185566484928131,80641
9270,303759360,0.4287731679989216,3.1439014434814454,0.4851553916931152,0.011673115193843842,78741
9280,304087040,0.4278341971221492,3.089499855041504,0.4772486686706543,0.011701006442308426,79045
9290,304414720,0.4268958001144092,3.1454345703125,0.4801985263824463,0.01163143664598465,81397
9300,304742400,0.42595798138378416,3.144246292114258,0.4870625019073486,0.011830180138349532,78419
9310,305070080,0.4250207453356408,3.1523990631103516,0.4880803108215332,0.01170298084616661,77289
9320,305397760,0.42408409637260824,3.1711172103881835,0.48802599906921384,0.011682076752185822,77928
9330,305725440,0.4231480388945583,3.135764312744141,0.4846630573272705,0.01165115162730217,79390
9340,306053120,0.4222125772985835,3.147364616394043,0.4871829032897949,0.011676380783319474,81770
9350,306380800,0.42127771597897823,3.080885887145996,0.48262691497802734,0.011646617203950882,76304
9360,306708480,0.4203434593272163,3.156437110900879,0.48838114738464355,0.011584608256816864,78632
9370,307036160,0.4194098117319315,3.120378112792969,0.5013012886047363,0.011752752959728241,76233
9380,307363840,0.41847677757889645,3.1292490005493163,0.5001086711883544,0.011688920855522155,78476
9390,307691520,0.41754436125100236,3.1606328964233397,0.48848981857299806,0.011661414057016373,79257
9400,308019200,0.416612567128238,3.106392478942871,0.478987455368042,0.011657209694385528,79262
9410,308346880,0.41568139958766936,3.0532810211181642,0.4783620357513428,0.011741425096988677,79190
9420,308674560,0.41475086300341946,3.0998981475830076,0.48440799713134763,0.011780934780836106,74878
9430,309002240,0.41382096174664673,3.0835304260253906,0.48790574073791504,0.011748891323804855,77380
9440,309329920,0.412891700185526,3.1638713836669923,0.48968920707702634,0.011746090650558472,78393
9450,309657600,0.4119630826852264,3.0865610122680662,0.4775370121002197,0.011605072021484374,77944
9460,309985280,0.41103511360789224,3.139006233215332,0.4902651309967041,0.011684229969978333,90318
9470,310312960,0.4101077973126215,3.1368207931518555,0.48740444183349607,0.011661620438098907,79183
9480,310640640,0.40918113815544555,3.0536258697509764,0.4832776069641113,0.011692864447832107,81117
9490,310968320,0.40825514048930955,3.0839895248413085,0.47319483757019043,0.01175021231174469,75840
9500,311296000,0.4073298086640508,3.1171493530273438,0.484861946105957,0.011693011969327927,78824
9510,311623680,0.4064051470263791,3.094568061828613,0.4831211566925049,0.011753159016370774,79033
9520,311951360,0.40548115991985556,3.183485221862793,0.501227331161499,0.011721545457839965,79682
9530,312279040,0.4045578516848737,3.074440765380859,0.5014633178710938,0.011754420399665833,78627
9540,312606720,0.40363522665863694,3.125787544250488,0.4942808151245117,0.01179521307349205,77420
9550,312934400,0.4027132891751404,3.1408653259277344,0.4961094856262207,0.011788137257099152,80214
9560,313262080,0.40179204356514864,3.105849266052246,0.4861870288848877,0.011552621424198151,84245
9570,313589760,0.4008714941561764,3.064371109008789,0.4860071182250977,0.01165236383676529,78444
9580,313917440,0.3999516452724685,3.0791025161743164,0.4761852264404297,0.011717142909765244,75451
9590,314245120,0.39903250123497847,3.071492004394531,0.47424941062927245,0.011645958572626115,79732
9600,314572800,0.3981140663613494,3.1384841918945314,0.5111693859100341,0.011561818420886993,81987
9610,314900480,0.3971963449658923,3.15588493347168,0.4926161289215088,0.011666155606508254,79266
9620,315228160,0.39627934135956777,3.089333915710449,0.4796906471252441,0.0113994300365448,81171
9630,315555840,0.3953630598499638,3.1383808135986326,0.4781527519226074,0.011748471856117248,81265
9640,315883520,0.3944475047412763,3.1436092376708986,0.4859313488006592,0.011750396341085434,79003
9650,316211200,0.3935326803342897,3.1517377853393556,0.49780664443969724,0.011692895740270614,78902
9660,316538880,0.3926185909263551,3.1847795486450194,0.4873443603515625,0.01170039176940918,78608
9670,316866560,0.3917052408113716,3.118881607055664,0.489315128326416,0.011841115355491639,81518
9680,317194240,0.39079263427976507,3.111611175537109,0.5228148937225342,0.012149641662836075,84677
9690,317521920,0.389880775618469,3.1237525939941406,0.49658641815185545,0.011594174802303315,80001
9700,317849600,0.388969669110903,3.1174543380737303,0.4834202766418457,0.011610396951436997,76576
9710,318177280,0.38805931903695423,3.126725196838379,0.49668588638305666,0.011866708844900131,77538
9720,318504960,0.38714972967295613,3.0802812576293945,0.48810224533081054,0.011599181592464447,78403
9730,318832640,0.38624090529166855,3.068779945373535,0.4735286235809326,0.011677990853786468,72491
9740,319160320,0.3853328501622585,3.0773574829101564,0.49135565757751465,0.011717155575752258,77632
9750,319488000,0.38442556855027865,3.1607423782348634,0.503672981262207,0.011762348562479019,76898
9760,319815680,0.38351906471764896,3.113301658630371,0.4969910144805908,0.0118226557970047,77866
9770,320143360,0.3826133429226348,3.1303001403808595,0.5012330532073974,0.011655610054731369,81843
9780,320471040,0.38170840741982925,3.128205680847168,0.49987258911132815,0.011644985526800156,77056
9790,320798720,0.38080426246013044,3.0896957397460936,0.5011884212493897,0.01166323572397232,79204
9800,321126400,0.379900912290724,3.0367237091064454,0.483674144744873,0.011794258654117585,80163
9810,321454080,0.3789983611550616,3.118010139465332,0.49605321884155273,0.011658422648906708,76019
9820,321781760,0.3780966132928413,3.128335380554199,0.4893321990966797,0.011682486534118653,77436
9830,322109440,0.37719567293998824,3.120655059814453,0.48540506362915037,0.011747988313436509,82174
9840,322437120,0.3762955443286341,3.0841899871826173,0.48838038444519044,0.011600255966186523,80194
9850,322764800,0.37539623168709757,3.177653121948242,0.49064202308654786,0.011797349154949188,79102
9860,323092480,0.37449773923986396,3.047892761230469,0.48773903846740724,0.011844045668840408,80786
9870,323420160,0.37360007120756655,3.135403633117676,0.4865907669067383,0.011742351949214936,77065
9880,323747840,0.37270323180696474,3.1034217834472657,0.48294429779052733,0.011620240658521653,78971
9890,324075520,0.3718072252509268,3.0586437225341796,0.4842984199523926,0.01177271082997322,77905
9900,324403200,0.370912055748408,3.1207433700561524,0.4929777145385742,0.01172935962677002,77076
9910,324730880,0.3700177275044315,3.120072364807129,0.492740535736084,0.011714602261781693,79030
9920,325058560,0.369124244720069,3.064487075805664,0.48276238441467284,0.011794576048851013,80183
9930,325386240,0.36823161159242057,3.0786407470703123,0.48786487579345705,0.011787962913513184,76003
9940,325713920,0.3673398323145951,3.1050439834594727,0.48390631675720214,0.011658792197704316,82022
9950,326041600,0.36644891107569044,3.1275548934936523,0.4958934307098389,0.011842650920152664,80675
9960,326369280,0.3655588520607741,3.110182189941406,0.48734493255615235,0.011838464438915253,78315
9970,326696960,0.3646696594508628,3.154150199890137,0.4888302326202393,0.011666417121887207,76585
9980,327024640,0.3637813374229041,3.0969011306762697,0.487034273147583,0.011794082075357436,73326
9990,327352320,0.36289389014975526,3.058785057067871,0.483872127532959,0.011803356558084488,78326
10000,327680000,0.3620073218001649,3.094896697998047,0.49254593849182127,0.011521799862384796,75792
10010,328007680,0.3611216365387533,3.144124412536621,0.4947067737579346,0.01165752112865448,82685
10020,328335360,0.360236838525991,3.0986095428466798,0.5057239532470703,0.011746756732463837,76843
10030,328663040,0.3593529319181825,3.133935737609863,0.49120664596557617,0.011735835671424865,82715
10040,328990720,0.35846992086744367,3.0835811614990236,0.48273434638977053,0.011629340052604676,77889
10050,329318400,0.35758780952168456,3.119001770019531,0.5130023956298828,0.01185581237077713,79684
10060,329646080,0.3567066020245879,3.061206817626953,0.48928194046020507,0.011730706691741944,82430
10070,329973760,0.35582630251559155,3.0896785736083983,0.4906984806060791,0.011760629713535309,84935
10080,330301440,0.3549469151298672,3.033511161804199,0.4820725917816162,0.011745475232601166,78694
10090,330629120,0.3540684439983024,3.075597953796387,0.4939887523651123,0.01191469132900238,78322
10100,330956800,0.3531908932474809,3.117115020751953,0.48975257873535155,0.011635294556617737,77010
10110,331284480,0.3523142669996624,3.114592933654785,0.49675188064575193,0.011909923702478408,80645
10120,331612160,0.3514385693727643,3.113192558288574,0.49263849258422854,0.011617500334978104,77242
10130,331939840,0.3505638044803414,3.096403121948242,0.4844671726226807,0.011680148541927338,77568
10140,332267520,0.3496899764315674,3.1310806274414062,0.49815640449523924,0.011741438508033752,81998
10150,332595200,0.3488170893312148,3.046284294128418,0.48305845260620117,0.011872922629117965,80957
10160,332922880,0.34794514727963644,3.031240463256836,0.4836008071899414,0.011668433248996735,79090
10170,333250560,0.3470741543727457,3.0810012817382812,0.49582757949829104,0.011728768795728683,78717
10180,333578240,0.346204114701997,3.038755416870117,0.4873663902282715,0.011814548075199128,76291
10190,333905920,0.345335032354368,3.1217090606689455,0.501711654663086,0.011859288066625595,75878
10200,334233600,0.34446691141233793,3.0600055694580077,0.49915552139282227,0.011866846680641174,80089
10210,334561280,0.34359975595387116,3.011647605895996,0.4946917533874512,0.01172311082482338,79677
10220,334888960,0.3427335700523958,3.116514205932617,0.49139065742492677,0.011626092344522476,79077
10230,335216640,0.3418683577767862,3.1412277221679688,0.5029484272003174,0.011814653873443604,80338
10240,335544320,0.34100412319134277,3.105535697937012,0.4930727005004883,0.011585742235183716,78428
10250,335872000,0.34014087035577323,3.120558738708496,0.4859886646270752,0.011740528047084808,82023
10260,336199680,0.33927860332517384,3.149815559387207,0.49863719940185547,0.011672723293304443,82332
10270,336527360,0.3384173261500096,3.026024055480957,0.4949335098266602,0.011691319942474365,78611
10280,336855040,0.33755704287609634,3.0928272247314452,0.4985940456390381,0.011691858619451522,102485
10290,337182720,0.3366977575445804,3.0848039627075194,0.5104697227478028,0.011782851070165634,89469
10300,337510400,0.3358394741919212,3.065937614440918,0.4864524841308594,0.011716138571500778,77877
10310,337838080,0.33498219684987046,3.1733543395996096,0.49494948387146,0.011779825389385223,85679
10320,338165760,0.3341259295454547,3.138464164733887,0.4821023464202881,0.01161094307899475,90573
10330,338493440,0.33327067630095575,3.145983123779297,0.49924192428588865,0.01186245009303093,101195
10340,338821120,0.3324164411338921,3.08566951751709,0.4886641502380371,0.011662646383047103,77831
10350,339148800,0.33156322805699956,3.0669511795043944,0.4858419895172119,0.011766466498374938,81870
10360,339476480,0.3307110410782127,3.072422218322754,0.4933916568756104,0.011735113710165024,79626
10370,339804160,0.32985988420064666,3.126801300048828,0.4936367034912109,0.011620603501796722,81873
10380,340131840,0.3290097614225766,3.048986625671387,0.4880829334259033,0.011899686604738235,87143
10390,340459520,0.3281606767374211,3.089500617980957,0.495301342010498,0.011769477277994156,81905
10400,340787200,0.3273126341337218,3.119532585144043,0.49434795379638674,0.011694563925266266,86013
10410,341114880,0.3264656375951254,3.0278951644897463,0.4924412727355957,0.011796284466981888,81863
10420,341442560,0.3256196911003647,3.0281925201416016,0.4991289138793945,0.011755769699811935,82234
10430,341770240,0.3247747986232399,3.0718029022216795,0.5019118785858154,0.01168631911277771,79708
10440,342097920,0.3239309641325999,3.112026405334473,0.5102025032043457,0.011874936521053314,84768
10450,342425600,0.3230881915923239,3.089791107177734,0.5041473388671875,0.011801478266716004,81934
10460,342753280,0.32224648496130276,3.123462104797363,0.5006672859191894,0.011898140609264373,83701
10470,343080960,0.32140584819341994,3.09234504699707,0.5011511325836182,0.011910360306501389,80257
10480,343408640,0.3205662852375337,3.0848058700561523,0.49503188133239745,0.01181652545928955,80038
10490,343736320,0.3197278000374577,3.0507713317871095,0.505321455001831,0.011745677143335343,84194
10500,344064000,0.31889039653194307,3.036807632446289,0.5055160999298096,0.01184304803609848,83144
10510,344391680,0.31805407865465946,3.044450569152832,0.49524860382080077,0.011700215190649033,76004
10520,344719360,0.31721885033417746,3.0690544128417967,0.5051515579223633,0.01177757978439331,83008
10530,345047040,0.3163847154939489,3.0701530456542967,0.49800500869750974,0.011871261894702912,81288
10540,345374720,0.3155516780522891,3.1137601852416994,0.4983842849731445,0.011738529056310653,82009
10550,345702400,0.31471974192235896,3.0308244705200194,0.4845105171203613,0.011696980148553849,79646
10560,346030080,0.313888911012145,3.135675048828125,0.49637317657470703,0.01175561621785164,84355
10570,346357760,0.3130591892244431,3.0824697494506834,0.4913428783416748,0.011768323928117752,78683
10580,346685440,0.31223058045683816,3.0978355407714844,0.5071709156036377,0.011699919402599335,83121
10590,347013120,0.3114030886016875,3.0820775985717774,0.49556355476379393,0.011818307638168334,82438
10600,347340800,0.31057671754610106,3.0570537567138674,0.49312429428100585,0.011731886863708496,81650
10610,347668480,0.30975147117192475,3.003204917907715,0.4981976509094238,0.011852015554904938,84011
10620,347996160,0.3089273533557203,3.141312599182129,0.49387345314025877,0.011846313625574112,81620
10630,348323840,0.3081043679687486,3.0867952346801757,0.4907370090484619,0.011705315113067627,80201
10640,348651520,0.30728251887695135,3.118870162963867,0.5053441047668457,0.01177658811211586,90920
10650,348979200,0.30646180994093186,3.0591299057006838,0.4852435111999512,0.011716725677251816,81488
10660,349306880,0.3056422450159381,3.039976119995117,0.4815083026885986,0.011635076999664307,80208
10670,349634560,0.30482382795184393,3.02447624206543,0.48594002723693847,0.011688029021024704,80866
10680,349962240,0.3040065625931312,3.1061269760131838,0.4989443778991699,0.011799848079681397,84817
10690,350289920,0.30319045277887136,3.034335136413574,0.5011302471160889,0.012023291736841201,82905
10700,350617600,0.3023755023427084,3.048635482788086,0.4925875663757324,0.011749234795570374,79973
10710,350945280,0.3015617151128396,3.114471435546875,0.5034033298492432,0.011928577721118928,79555
10720,351272960,0.3007490949119982,3.072808265686035,0.5010594367980957,0.011834485083818435,81543
10730,351600640,0.2999376455574358,3.1099592208862306,0.49602198600769043,0.011665183305740356,81711
10740,351928320,0.29912737086090346,3.1363658905029297,0.49648423194885255,0.011840509623289109,85201
10750,352256000,0.2983182746286347,3.084524154663086,0.49023876190185545,0.01175079345703125,81698
10760,352583680,0.29751036066132674,3.0603418350219727,0.5027828693389893,0.011973243206739426,82011
10770,352911360,0.29670363275412404,3.101913833618164,0.5092438697814942,0.011667570471763611,86166
10780,353239040,0.2958980946965986,3.0279924392700197,0.48522634506225587,0.011723631620407104,81511
10790,353566720,0.2950937502727342,3.0239984512329103,0.48454599380493163,0.011736342310905456,80120
10800,353894400,0.2942906032609065,3.093198776245117,0.5006039619445801,0.011854643374681473,81761
10810,354222080,0.29348865743386676,3.03780517578125,0.4922308444976807,0.01176859512925148,82102
10820,354549760,0.2926879165587243,3.019260787963867,0.4873496532440186,0.011857739090919495,81764
10830,354877440,0.2918883843969272,3.053885078430176,0.4989285945892334,0.011780914664268494,82325
10840,355205120,0.2910900647042468,3.0814613342285155,0.49933176040649413,0.011826805025339126,81670
10850,355532800,0.29029296123075793,3.0998456954956053,0.5021627902984619,0.01190164014697075,82149
10860,355860480,0.2894970777208227,3.0460702896118166,0.496935510635376,0.011711680889129638,76813
10870,356188160,0.2887024179130724,3.0471609115600584,0.4989618301391602,0.01191532239317894,78801
10880,356515840,0.28790898554039035,3.111353874206543,0.49474263191223145,0.011779814958572388,75151
10890,356843520,0.2871167843298935,3.073888969421387,0.49803452491760253,0.011907921731472015,79529
10900,357171200,0.28632581800291573,3.098392868041992,0.5035258769989014,0.011881169676780701,77070
10910,357498880,0.2855360902749904,3.051069641113281,0.49091458320617676,0.011891870200634003,83405
10920,357826560,0.2847476048558321,3.049746513366699,0.5030224800109864,0.011903621256351471,81424
10930,358154240,0.2839603654493199,3.056241035461426,0.5016603469848633,0.011823669075965881,77356
10940,358481920,0.2831743757534798,3.0959957122802733,0.4940129280090332,0.011778701841831208,76886
10950,358809600,0.2823896394604675,3.033856964111328,0.500978422164917,0.011666154861450196,87242
10960,359137280,0.2816061602565507,3.1057533264160155,0.5040157318115235,0.01193246990442276,96353
10970,359464960,0.2808239418220919,3.0870149612426756,0.5045654296875,0.011933301389217377,102294
10980,359792640,0.2800429878315313,3.0895191192626954,0.4960667133331299,0.011794853210449218,102852
10990,360120320,0.27926330195336935,3.0999967575073244,0.5067047595977783,0.0118974469602108,110576
11000,360448000,0.2784848878501499,3.085116386413574,0.49220786094665525,0.01182299703359604,106970
11010,360775680,0.2777077491784421,3.102774810791016,0.4964169502258301,0.01178043708205223,108503
11020,361103360,0.27693188958882464,3.0567726135253905,0.49739689826965333,0.011701932549476624,109093
11030,361431040,0.27615731272586685,3.0199357986450197,0.4820230484008789,0.011798973381519317,102624
11040,361758720,0.2753840222281132,3.075942611694336,0.4965639114379883,0.011709187179803848,98648
11050,362086400,0.27461202172806515,3.0995866775512697,0.49967541694641116,0.011909326165914535,110521
11060,362414080,0.27384131485216434,2.995195770263672,0.48460021018981936,0.011824537813663483,108032
11070,362741760,0.27307190522077623,3.061322021484375,0.49748764038085935,0.011900801956653596,110574
11080,363069440,0.2723037964481719,3.0450918197631838,0.4977637767791748,0.011836390942335129,99111
11090,363397120,0.27153699214251215,3.1016897201538085,0.49998059272766116,0.011904682219028472,101770
11100,363724800,0.27077149590582994,3.0541732788085936,0.48554239273071287,0.011786005645990371,108281
11110,364052480,0.27000731133401334,3.063456916809082,0.4897631645202637,0.01187921017408371,109374
11120,364380160,0.2692444420167893,3.098352813720703,0.4958942413330078,0.011778906732797623,105443
11130,364707840,0.26848289153770644,3.0783447265625,0.5030073642730712,0.011820431053638458,105228
11140,365035520,0.267722663474118,3.0607698440551756,0.5062681674957276,0.011891916394233704,102187
11150,365363200,0.2669637613971651,3.067422294616699,0.4963865280151367,0.01180272251367569,110121
11160,365690880,0.2662061888717604,3.077408790588379,0.4959853172302246,0.011914538592100144,106629
11170,366018560,0.26544994945657074,3.106625556945801,0.4949962139129639,0.011772293597459793,109689
11180,366346240,0.2646950467040012,3.083628273010254,0.49837727546691896,0.011871632933616639,109151
11190,366673920,0.26394148416017726,3.042614555358887,0.4935908794403076,0.011938157677650451,108707
11200,367001600,0.2631892653649296,3.071574592590332,0.49877729415893557,0.011859387904405595,109779
11210,367329280,0.26243839385177614,3.05786190032959,0.4910608768463135,0.011800812929868698,108730
11220,367656960,0.261688873147906,3.015242576599121,0.5029748916625977,0.011789183318614959,108568
11230,367984640,0.2609407067741632,3.038041877746582,0.5097802639007568,0.012007509917020797,98251
11240,368312320,0.2601938982450296,3.0327932357788088,0.5110842704772949,0.011925549060106278,103728
11250,368640000,0.2594484510686089,3.0318958282470705,0.5062625408172607,0.011958366632461548,99040
11260,368967680,0.2587043687466096,3.0411605834960938,0.4967602252960205,0.011798251420259476,108108
11270,369295360,0.2579616547743293,3.07447509765625,0.4886770248413086,0.011785882711410522,107699
11280,369623040,0.2572203126406374,3.0351531982421873,0.5020298480987548,0.011891603469848633,108561
11290,369950720,0.25648034582795914,3.0729204177856446,0.49741487503051757,0.011851230263710022,102602
11300,370278400,0.2557417578122594,3.0433794021606446,0.49047260284423827,0.011780507862567902,107357
11310,370606080,0.2550045520630264,3.0680120468139647,0.48546795845031737,0.011811741441488267,104454
11320,370933760,0.25426873204325495,3.008042335510254,0.4967702865600586,0.011922168731689452,113621
11330,371261440,0.2535343012094305,3.0083986282348634,0.49832987785339355,0.011819517612457276,99183
11340,371589120,0.25280126301151284,3.065041160583496,0.5087590217590332,0.011894045770168305,104899
11350,371916800,0.25206962089291973,3.0771081924438475,0.5179941654205322,0.012066368758678437,92538
11360,372244480,0.2513393782905116,3.026234817504883,0.508922004699707,0.01182861179113388,104777
11370,372572160,0.25061053863457383,3.059511184692383,0.5118188381195068,0.011831510066986083,86156
11380,372899840,0.24988310534880215,3.0711524963378904,0.5052566528320312,0.011824903637170791,101702
11390,373227520,0.24915708185028554,3.033136177062988,0.49764065742492675,0.011877204477787017,84219
11400,373555200,0.2484324715494908,3.038448715209961,0.4990226268768311,0.01181492954492569,98853
11410,373882880,0.24770927785024613,2.978230285644531,0.49091358184814454,0.011786063760519027,102881
11420,374210560,0.24698750414972515,2.9875972747802733,0.4928149223327637,0.011772820353507995,95299
11430,374538240,0.2462671538384317,3.063776206970215,0.5010482788085937,0.011842335760593414,87823
11440,374865920,0.24554823030018252,3.0188295364379885,0.507563304901123,0.0120345339179039,104307
11450,375193600,0.24483073691209287,3.0424270629882812,0.5014008522033692,0.011972707509994508,99789
11460,375521280,0.24411467704455944,3.052075004577637,0.5004822254180908,0.011867721378803254,106877
11470,375848960,0.24340005406124518,3.0259233474731446,0.49061012268066406,0.011983969062566758,104641
11480,376176640,0.24268687131906316,3.0610595703125,0.4915189743041992,0.011950435489416123,88466
11490,376504320,0.24197513216816144,3.09267578125,0.500684118270874,0.011914298683404923,93332
11500,376832000,0.24126483995190637,3.022171401977539,0.49530620574951173,0.011935390532016754,100464
11510,377159680,0.24055599800686764,3.072262001037598,0.49759883880615235,0.011922915279865266,89850
11520,377487360,0.23984860966280222,2.9953861236572266,0.5010520935058593,0.011989341676235199,82282
11530,377815040,0.2391426782426388,3.001682472229004,0.5019790649414062,0.011819157004356384,88413
11540,378142720,0.2384382070624626,3.075128364562988,0.507122802734375,0.011912735551595688,90607
11550,378470400,0.23773519943149887,3.0674619674682617,0.5081155300140381,0.01196751743555069,106252
11560,378798080,0.23703365865209847,3.052351188659668,0.496090030670166,0.011850046366453171,94335
11570,379125760,0.23633358801972137,3.0129487991333006,0.5008743286132813,0.011979897320270539,96546
11580,379453440,0.2356349908229217,3.011290740966797,0.5031468868255615,0.01182962954044342,92243
11590,379781120,0.23493787034333216,3.120432662963867,0.5135430335998535,0.011953908950090408,97193
11600,380108800,0.23424222985564858,3.007759666442871,0.493707275390625,0.011854283511638641,104423
11610,380436480,0.23354807262761487,3.0558237075805663,0.4946146011352539,0.011845610290765762,95667
11620,380764160,0.232855401920007,3.015590476989746,0.49055233001708987,0.011857453733682632,101756
11630,381091840,0.2321642209866184,3.0468698501586915,0.500386095046997,0.011919202655553818,93332
11640,381419520,0.23147453307424415,3.029948043823242,0.5023996829986572,0.011875858902931214,101768
11650,381747200,0.230786341422666,3.0366693496704102,0.5017650127410889,0.011935875564813615,92317
11660,382074880,0.2300996492646368,3.034874153137207,0.5038790225982666,0.011966463923454285,108436
11670,382402560,0.2294144598258662,3.069767951965332,0.5101591110229492,0.011861471831798554,99531
11680,382730240,0.2287307763250043,3.114711380004883,0.5182294368743896,0.012170497328042984,91323
11690,383057920,0.2280486019736274,3.0504379272460938,0.49838624000549314,0.01193600445985794,76696
11700,383385600,0.22736793997622248,3.0416501998901366,0.5008719444274903,0.011957293748855591,80693
11710,383713280,0.2266887935301724,2.974099349975586,0.49067258834838867,0.011991866677999497,77643
11720,384040960,0.22601116582574088,3.029910087585449,0.5019134521484375,0.011749662458896637,75940
11730,384368640,0.22533506004605705,2.9688488006591798,0.5053329944610596,0.012019988149404526,78038
11740,384696320,0.2246604793671014,3.0373376846313476,0.5016848564147949,0.011875034123659135,75593
11750,385024000,0.22398742695768986,3.006198692321777,0.5019407272338867,0.011933903396129607,78665
11760,385351680,0.22331590597945955,3.025445556640625,0.495595121383667,0.011982379853725434,79990
11770,385679360,0.22264591958685376,3.113472557067871,0.5161006927490235,0.011870261281728745,77791
11780,386007040,0.22197747092710685,2.9948089599609373,0.49161477088928224,0.012042570114135741,81028
11790,386334720,0.22131056314023037,3.037697982788086,0.4998944282531738,0.011959338188171386,79110
11800,386662400,0.22064519935899696,3.051132583618164,0.5006494045257568,0.011973561346530914,78165
11810,386990080,0.21998138270892706,3.036483955383301,0.5018073558807373,0.011884284019470216,77448
11820,387317760,0.21931911630827294,3.047993850708008,0.5126606464385987,0.012044400721788407,78521
11830,387645440,0.21865840326800487,3.0079822540283203,0.5007050514221192,0.011745991557836533,78013
11840,387973120,0.2179992466917961,3.028955268859863,0.5104852676391601,0.012004011124372483,78106
11850,388300800,0.21734164967600889,3.024066162109375,0.496439266204834,0.011821310222148895,77764
11860,388628480,0.2166856153096791,3.0584897994995117,0.5120794296264648,0.012143208086490631,78707
11870,388956160,0.21603114667450216,3.0428720474243165,0.501297903060913,0.011917699128389359,78058
11880,389283840,0.21537824684481896,3.060771942138672,0.5108317852020263,0.011917992681264877,77413
11890,389611520,0.21472691888760015,3.0651338577270506,0.5127861022949218,0.011998242139816285,77617
11900,389939200,0.21407716586243347,2.986775207519531,0.5102724552154541,0.012029926478862762,84514
11910,390266880,0.21342899082150785,3.0401165008544924,0.5018775463104248,0.0119042307138443,77701
11920,390594560,0.2127823968096001,3.0070465087890623,0.4943846702575684,0.011899295449256896,78721
11930,390922240,0.21213738686406003,3.0059829711914063,0.5105591773986816,0.01196209192276001,78987
11940,391249920,0.2114939640147963,3.0349008560180666,0.49128108024597167,0.0118061363697052,78530
11950,391577600,0.21085213128426236,3.0416801452636717,0.49778318405151367,0.011856339871883392,80724
11960,391905280,0.21021189168744198,2.9782005310058595,0.5056477069854737,0.01201392263174057,78022
11970,392232960,0.2095732482318356,3.0096105575561523,0.5049304485321044,0.01201658472418785,77559
11980,392560640,0.20893620391744544,2.99007568359375,0.5074625015258789,0.012007147073745728,72251
11990,392888320,0.2083007617367621,3.0623401641845702,0.5160246849060058,0.011926253885030746,79319
12000,393216000,0.20766692467475006,3.0866268157958983,0.5179643154144287,0.011940902471542359,76272
12010,393543680,0.207034695708834,2.9880859375,0.49721784591674806,0.01191968247294426,79443
12020,393871360,0.20640407780888423,3.050553321838379,0.5032124519348145,0.012009018659591674,80225
12030,394199040,0.20577507393720368,3.036561965942383,0.4987762928009033,0.011961090564727783,77118
12040,394526720,0.20514768704851313,3.0302547454833983,0.49292874336242676,0.011908335238695144,72873
12050,394854400,0.20452192008993753,3.02319221496582,0.5012215137481689,0.011963684111833572,73350
12060,395182080,0.20389777600099285,3.0524906158447265,0.511356258392334,0.011816278845071793,74756
12070,395509760,0.2032752577135708,3.0297679901123047,0.5067816734313965,0.012029752880334855,75253
12080,395837440,0.20265436815192675,3.06350154876709,0.5117028236389161,0.011970866471529007,78792
12090,396165120,0.20203511023266468,2.9752899169921876,0.5016479015350341,0.011953589320182801,74357
12100,396492800,0.20141748686472444,3.0172182083129884,0.5127845287322998,0.01199072301387787,76550
12110,396820480,0.20080150094936725,3.0008207321166993,0.4960677146911621,0.011978777498006821,79533
12120,397148160,0.20018715538016268,2.970301628112793,0.5021182537078858,0.011923690885305404,78125
12130,397475840,0.1995744530429747,3.0447601318359374,0.5072509288787842,0.012194841355085372,77457
12140,397803520,0.1989633968159482,2.9762929916381835,0.49007530212402345,0.011957850307226181,75158
12150,398131200,0.19835398956949601,3.0097728729248048,0.5056095600128174,0.012005302309989929,75810
12160,398458880,0.19774623416628423,2.9961578369140627,0.5025691986083984,0.012120945751667023,76635
12170,398786560,0.1971401334612201,3.0158376693725586,0.49983887672424315,0.011950939148664474,74924
12180,399114240,0.19653569030143775,3.0068904876708986,0.514461088180542,0.012090738117694854,76246
12190,399441920,0.19593290752628495,3.049661064147949,0.5154715538024902,0.011916469037532806,82936
12200,399769600,0.1953317879673098,3.06048469543457,0.5059203147888184,0.01186065748333931,80455
12210,400097280,0.194732334448248,3.0229555130004884,0.49045443534851074,0.01196146458387375,79621
12220,400424960,0.1941345497850086,3.052724075317383,0.5018276691436767,0.011915286630392074,77782
12230,400752640,0.19353843678566138,3.0544126510620115,0.5087270259857177,0.011955101788043977,77676
12240,401080320,0.1929439982504239,3.0915931701660155,0.5147600173950195,0.011932775378227234,79179
12250,401408000,0.1923512369716472,2.994122123718262,0.500173807144165,0.012101244926452637,80055
12260,401735680,0.19176015573380445,3.062224197387695,0.5010037422180176,0.011957775801420212,78945
12270,402063360,0.191170757313476,2.9779502868652346,0.5088812828063964,0.011955656856298447,82308
12280,402391040,0.19058304447933802,3.040242385864258,0.5045120239257812,0.011969165503978729,77363
12290,402718720,0.1899970199921481,3.0384090423583983,0.5015209674835205,0.012008932232856751,76037
12300,403046400,0.1894126866047332,2.9708845138549806,0.5014612674713135,0.011960410326719285,73792
12310,403374080,0.1888300470619763,3.047364044189453,0.520385456085205,0.011998116970062256,78105
12320,403701760,0.18824910410080348,3.019191932678223,0.5175411224365234,0.012080012261867524,79681
12330,404029440,0.18766986045017167,2.9689142227172853,0.5017642974853516,0.01195174977183342,74942
12340,404357120,0.18709231883105468,3.1150012969970704,0.5198526859283448,0.01184849739074707,77695
12350,404684800,0.18651648195643172,3.0747779846191405,0.5044307231903076,0.011913106590509415,78861
12360,405012480,0.18594235253127372,3.0290571212768556,0.4998304843902588,0.011926139891147613,77370
12370,405340160,0.18536993325253082,3.0717132568359373,0.5180324077606201,0.012078583240509033,74288
12380,405667840,0.18479922680912014,3.032480239868164,0.501503849029541,0.012008953094482421,81634
12390,405995520,0.1842302358819124,2.98276424407959,0.5081320762634277,0.011932523548603058,79581
12400,406323200,0.18366296314372033,2.961611747741699,0.49343600273132326,0.011826146394014359,82416
12410,406650880,0.18309741125928486,3.0763145446777345,0.53261399269104,0.012029053270816803,81814
12420,406978560,0.18253358288526406,3.0525041580200196,0.5237327098846436,0.012001318484544754,83714
12430,407306240,0.18197148067021893,3.010695457458496,0.5127529621124267,0.012083131819963455,81960
12440,407633920,0.18141110725460283,2.9517213821411135,0.5092360496520996,0.012115176022052764,83430
12450,407961600,0.1808524652707474,3.0132789611816406,0.5061156749725342,0.012152808904647826,81948
12460,408289280,0.18029555734285163,3.021029472351074,0.4973961353302002,0.011974179744720459,82685
12470,408616960,0.1797403860869683,3.0358877182006836,0.5127318859100342,0.012134390324354172,79993
12480,408944640,0.17918695411099256,3.0411754608154298,0.5099666118621826,0.011911030113697051,82447
12490,409272320,0.17863526401464913,3.0106325149536133,0.504936933517456,0.012000375986099243,81527
12500,409600000,0.17808531838948038,3.030251312255859,0.5146460056304931,0.012078234553337097,81908
12510,409927680,0.17753711981883438,3.007765769958496,0.5070784091949463,0.011917443573474884,91733
12520,410255360,0.17699067087785206,3.05600643157959,0.5056944370269776,0.012053749710321426,81942
12530,410583040,0.17644597413345592,3.032984733581543,0.5069569110870361,0.01189143881201744,88555
12540,410910720,0.1759030321443373,3.0143712997436523,0.5045645236968994,0.01200902834534645,81508
12550,411238400,0.17536184746094474,2.991857147216797,0.5101739883422851,0.012176723778247833,77809
12560,411566080,0.17482242262547187,3.0013479232788085,0.5034572124481201,0.012092412263154984,80321
12570,411893760,0.17428476017184552,3.1101306915283202,0.5025182723999023,0.011940640211105347,80560
12580,412221440,0.17374886262571393,3.0198936462402344,0.5033238410949707,0.011970598995685578,86185
12590,412549120,0.17321473250443453,3.0211956024169924,0.5132490158081054,0.01205301508307457,79298
12600,412876800,0.1726823723170628,2.982634162902832,0.5056875228881836,0.011813468486070632,81880
12610,413204480,0.1721517845643391,3.0419235229492188,0.5127248287200927,0.011977727711200713,82343
12620,413532160,0.1716229717386789,3.0166025161743164,0.5117494583129882,0.012157239019870758,81377
12630,413859840,0.17109593632415931,3.0142431259155273,0.5068278312683105,0.011865469813346862,80048
12640,414187520,0.17057068079650856,3.017211151123047,0.5262770175933837,0.012154360860586166,84273
12650,414515200,0.17004720762309364,3.0195823669433595,0.5034640312194825,0.011922776699066162,84019
12660,414842880,0.1695255192629091,2.998541259765625,0.50101318359375,0.01195676177740097,81336
12670,415170560,0.16900561816656542,3.055377388000488,0.5137303352355957,0.012047820538282395,78267
12680,415498240,0.16848750677627727,2.9706790924072264,0.5097761631011963,0.011998696625232697,81389
12690,415825920,0.1679711875258528,3.004837417602539,0.49879093170166017,0.012038102000951767,82645
12700,416153600,0.16745666284068098,2.9713552474975584,0.5009405136108398,0.01209160014986992,81755
12710,416481280,0.16694393513772138,2.983145904541016,0.5254165172576905,0.012202729284763337,81769
12720,416808960,0.16643300682549206,2.9974199295043946,0.5072402954101562,0.012006483227014541,82612
12730,417136640,0.16592388030405858,2.9869405746459963,0.5044858455657959,0.011888024210929871,79495
12740,417464320,0.16541655796502264,3.049744415283203,0.5077630043029785,0.01193922981619835,82010
12750,417792000,0.16491104219151081,3.014274787902832,0.5126523971557617,0.012031245231628417,80366
12760,418119680,0.16440733535816363,3.0059595108032227,0.51002197265625,0.01198108121752739,79248
12770,418447360,0.16390543983112393,2.953932189941406,0.502247428894043,0.011945689469575882,82049
12780,418775040,0.1634053579680263,3.004714775085449,0.5070944786071777,0.01178947538137436,82274
12790,419102720,0.1629070921179852,2.997699165344238,0.4966784954071045,0.011934919655323029,81694
12800,419430400,0.16241064462158505,2.9835321426391603,0.49904670715332033,0.011957909166812896,82031
12810,419758080,0.16191601781086817,2.936816596984863,0.4933145999908447,0.012031868845224381,81882
12820,420085760,0.1614232140093247,2.984795570373535,0.5010212421417236,0.012011456489562988,89152
12830,420413440,0.1609322355318808,3.037240219116211,0.5130311965942382,0.012146129459142684,81154
12840,420741120,0.1604430846848886,2.995214080810547,0.5102932453155518,0.012113448232412338,81839
12850,421068800,0.15995576376611487,3.0247804641723635,0.5006229400634765,0.011996850371360779,81898
12860,421396480,0.15947027506473016,3.0384380340576174,0.5075364589691163,0.011996748298406601,81903
12870,421724160,0.15898662086129878,2.9588279724121094,0.5052089691162109,0.012025635689496994,81797
12880,422051840,0.15850480342776696,3.073439598083496,0.507374620437622,0.011993491649627685,83278
12890,422379520,0.1580248250274533,3.0658638000488283,0.5117182731628418,0.011975780874490739,82863
12900,422707200,0.1575466879150373,2.9999364852905273,0.510625171661377,0.01214454099535942,80173
12910,423034880,0.1570703943365491,3.0343854904174803,0.508481788635254,0.011957639455795288,80284
12920,423362560,0.15659594652935896,3.023054504394531,0.5383972644805908,0.012373613566160202,83167
12930,423690240,0.15612334672216666,3.1028947830200195,0.5239739894866944,0.012015926092863083,82080
12940,424017920,0.1556525971349913,2.993927764892578,0.5163273334503173,0.012250635027885436,80678
12950,424345600,0.15518369997916026,2.9556753158569338,0.5105982780456543,0.01207873821258545,79369
12960,424673280,0.1547166574572997,3.003631019592285,0.5133705615997315,0.012124156206846237,78851
12970,425000960,0.15425147176332304,2.986306571960449,0.506932258605957,0.012125635892152787,78989
12980,425328640,0.153788145082422,2.9906284332275392,0.4949350833892822,0.0119498573243618,78353
12990,425656320,0.15332667959105506,3.0542484283447267,0.5101507663726806,0.011980026960372925,78420
13000,425984000,0.1528670774569385,2.9053794860839846,0.5104541778564453,0.012029462307691575,76780
13010,426311680,0.15240934083903493,2.9718482971191404,0.5069775104522705,0.011976855993270873,76644
13020,426639360,0.15195347188754413,2.95153923034668,0.5186692714691162,0.012152520567178726,81997
13030,426967040,0.15149947274389244,2.9865135192871093,0.5144818305969239,0.01190638393163681,81830
13040,427294720,0.15104734554072283,3.063365173339844,0.5093488693237305,0.012118211388587952,79873
13050,427622400,0.15059709240188512,3.045913887023926,0.5130045890808106,0.01211310774087906,79732
13060,427950080,0.1501487154424255,3.0242641448974608,0.5158187866210937,0.012286346405744553,77729
13070,428277760,0.1497022167685772,3.0216228485107424,0.5073376655578613,0.012059399485588073,78430
13080,428605440,0.14925759847775003,3.0213504791259767,0.5121895790100097,0.012122105807065964,77860
13090,428933120,0.14881486265852079,2.9746725082397463,0.509379243850708,0.012112672626972198,75255
13100,429260800,0.14837401139062345,3.061646270751953,0.5095057964324952,0.011972925812005996,79556
13110,429588480,0.14793504674493946,2.994048500061035,0.5050227165222168,0.012037697434425353,78269
13120,429916160,0.14749797078348806,2.9192739486694337,0.4980005264282227,0.012212885171175003,87058
13130,430243840,0.14706278555941604,3.0229616165161133,0.5030703544616699,0.012118523567914962,79029
13140,430571520,0.14662949311698908,3.0210243225097657,0.518047285079956,0.012012305110692978,78750
13150,430899200,0.14619809549158108,3.0487348556518556,0.511176061630249,0.012015949934720993,79661
13160,431226880,0.1457685947096655,3.0355758666992188,0.511847448348999,0.012152900546789169,87326
13170,431554560,0.14534099278880513,2.948912239074707,0.5067709445953369,0.012031162530183792,81648
13180,431882240,0.14491529173764328,3.047428321838379,0.5101473808288575,0.012152712047100066,80073
13190,432209920,0.14449149355589372,3.0536520004272463,0.5200470924377442,0.012071094661951064,77798
13200,432537600,0.14406960023433169,3.0246152877807617,0.506864356994629,0.011958307027816773,77909
13210,432865280,0.14364961375478438,2.9307834625244142,0.49872570037841796,0.012183460593223571,80004
13220,433192960,0.1432315360901216,2.9851476669311525,0.5019787788391114,0.012122775614261627,76430
13230,433520640,0.14281536920424684,3.0241207122802733,0.5032297134399414,0.012068978697061538,81406
13240,433848320,0.1424011150520874,2.9972770690917967,0.5082986354827881,0.012063969671726228,79741
13250,434176000,0.141988775579586,2.9388248443603517,0.5036030769348144,0.012083593010902404,75436
13260,434503680,0.14157835272369096,2.970248794555664,0.5141053676605225,0.01204158440232277,78971
13270,434831360,0.14116984841234742,3.0173366546630858,0.5096255779266358,0.012050852179527283,79067
13280,435159040,0.14076326456448812,3.01546688079834,0.5093636512756348,0.012010637670755386,77267
13290,435486720,0.14035860309002474,3.0048196792602537,0.5085749626159668,0.011909970641136169,77338
13300,435814400,0.1399558658898386,2.977911186218262,0.5037624835968018,0.012068662792444229,78614
13310,436142080,0.13955505485577163,2.9671112060546876,0.5060118675231934,0.011964068561792374,86488
13320,436469760,0.13915617187061802,2.949443054199219,0.5073295593261719,0.012149736285209656,79717
13330,436797440,0.13875921880811476,3.060599708557129,0.517573356628418,0.012010397762060166,78398
13340,437125120,0.13836419753293316,3.0434743881225588,0.5211524963378906,0.012056395411491394,76232
13350,437452800,0.13797110990066996,2.988142967224121,0.5147464752197266,0.012080181390047073,77829
13360,437780480,0.137579957757839,2.992349052429199,0.5097302913665771,0.012177929282188416,76292
13370,438108160,0.13719074294186187,3.0056730270385743,0.5141194820404053,0.012026740610599518,81178
13380,438435840,0.1368034672810598,3.0804111480712892,0.5174901962280274,0.012091198563575744,77459
13390,438763520,0.13641813259464494,2.9854494094848634,0.5078839302062989,0.012071648240089416,81110
13400,439091200,0.13603474069271163,2.9536373138427736,0.5058468341827392,0.012094677239656449,78605
13410,439418880,0.1356532933762284,2.9817134857177736,0.5125978946685791,0.012147030979394912,77952
13420,439746560,0.13527379243702872,2.9665889739990234,0.509941577911377,0.01224890798330307,80366
13430,440074240,0.1348962396578035,3.0239715576171875,0.5158165454864502,0.012040993571281433,84414
13440,440401920,0.13452063681209184,2.9457263946533203,0.5041626453399658,0.01196826547384262,81619
13450,440729600,0.13414698566427333,3.037327003479004,0.5117330074310302,0.012081082910299301,76650
13460,441057280,0.1337752879695594,3.0020837783813477,0.5140044212341308,0.012059348821640014,74707
13470,441384960,0.1334055454739853,3.0348352432250976,0.5126599788665771,0.012019217759370805,74668
13480,441712640,0.13303775991440192,3.036728286743164,0.5095248699188233,0.012068382650613784,76029
13490,442040320,0.1326719330184672,2.9454978942871093,0.5063467502593995,0.012115222960710525,79329
13500,442368000,0.13230806650463867,3.0007171630859375,0.509933614730835,0.01199147328734398,80521
13510,442695680,0.13194616208216495,3.036998176574707,0.5083675384521484,0.01210913211107254,78086
13520,443023360,0.13158622145107762,3.039410209655762,0.5111439228057861,0.012092335522174836,77954
13530,443351040,0.1312282463021836,2.9556501388549803,0.5061022281646729,0.012145217508077621,73233
13540,443678720,0.13087223831705705,2.976327896118164,0.5068760395050049,0.01205793172121048,83228
13550,444006400,0.13051819916803145,2.9083398818969726,0.49863924980163576,0.011967871338129044,79275
13560,444334080,0.1301661305181917,3.0085405349731444,0.5154752731323242,0.012284155935049057,79244
13570,444661760,0.12981603402136632,2.9935276031494142,0.5132198810577393,0.012069369107484818,80564
13580,444989440,0.1294679113221197,2.970849609375,0.5091177940368652,0.012051934003829956,79979
13590,445317120,0.12912176405574471,3.0553400039672853,0.5141143321990966,0.012011432647705078,79477
13600,445644800,0.12877759384825416,2.997913932800293,0.515710973739624,0.012175748497247696,78597
13610,445972480,0.12843540231637426,2.931300163269043,0.5089420318603516,0.011941078305244445,78258
13620,446300160,0.1280951910675361,2.9579740524291993,0.5143683433532715,0.012141852080821991,81031
13630,446627840,0.12775696169986858,2.9605993270874023,0.5078510284423828,0.01202700138092041,81000
13640,446955520,0.12742071580219075,2.9904453277587892,0.5282390117645264,0.012374817579984664,79397
13650,447283200,0.12708645495400447,2.991083335876465,0.5052395343780518,0.012003985047340394,78902
13660,447610880,0.1267541807254869,3.0013389587402344,0.5102495193481446,0.012033598124980926,75990
13670,447938560,0.12642389467748305,2.9586513519287108,0.51406831741333,0.012172862887382507,79678
13680,448266240,0.12609559836149858,2.9914321899414062,0.5133839607238769,0.012143358588218689,81065
13690,448593920,0.12576929331969258,2.937543487548828,0.5019497394561767,0.01212933510541916,78384
13700,448921600,0.12544498108486998,2.9168115615844727,0.5197595596313477,0.012137568742036819,82492
13710,449249280,0.12512266318047466,3.012563705444336,0.5136648178100586,0.012054265290498734,76181
13720,449576960,0.12480234112058225,2.953062629699707,0.5076951503753662,0.011990661174058915,78646
13730,449904640,0.12448401640989308,2.9797494888305662,0.5190676212310791,0.012035318464040757,86310
13740,450232320,0.12416769054372481,2.9836566925048826,0.5166937828063964,0.012113191187381744,75952
13750,450560000,0.12385336500800571,3.05179500579834,0.5148488044738769,0.012219484150409698,80241
13760,450887680,0.12354104127926756,2.9431011199951174,0.5124666213989257,0.012257440388202668,80014
13770,451215360,0.12323072082463879,2.983709526062012,0.50282301902771,0.01213466227054596,78976
13780,451543040,0.12292240510183737,3.024567985534668,0.5174155712127686,0.01217382326722145,78493
13790,451870720,0.12261609555916432,3.0242334365844727,0.5037123680114746,0.01203375607728958,78273
13800,452198400,0.1223117936354966,2.921609115600586,0.5079280376434326,0.012073513120412827,78129
13810,452526080,0.1220095007602805,2.9964387893676756,0.5136804580688477,0.012168601900339127,76383
13820,452853760,0.1217092183535248,3.0357608795166016,0.5187904834747314,0.012092315405607224,77122
13830,453181440,0.12141094782579417,3.048884391784668,0.5235508918762207,0.01221284717321396,75100
13840,453509120,0.12111469057820282,3.0573375701904295,0.5183161735534668,0.012010010331869126,79411
13850,453836800,0.12082044800240728,2.9692123413085936,0.5119479179382325,0.012162310630083084,78916
13860,454164480,0.12052822148060055,2.99660587310791,0.5109185218811035,0.012218108028173446,79337
13870,454492160,0.12023801238550516,2.9489688873291016,0.5157533168792725,0.012027769535779952,76421
13880,454819840,0.11994982208036684,3.0143770217895507,0.5176733493804931,0.012219780683517456,77923
13890,455147520,0.1196636519189481,3.0590890884399413,0.5194696426391602,0.012219205498695374,80200
13900,455475200,0.11937950324552202,2.961102104187012,0.5122054100036622,0.01207723245024681,79656
13910,455802880,0.11909737739486582,2.962755584716797,0.5084053993225097,0.01223185732960701,78395
13920,456130560,0.1188172756922545,2.9879877090454103,0.5140769004821777,0.01202457994222641,81123
13930,456458240,0.1185391994534547,2.966696929931641,0.5175673007965088,0.012116604298353196,77841
13940,456785920,0.1182631499847186,3.0486543655395506,0.5191469669342041,0.012135118246078491,78562
13950,457113600,0.11798912858277767,3.0101249694824217,0.5217567443847656,0.012249896675348282,75657
13960,457441280,0.11771713653483655,2.9870033264160156,0.5144534111022949,0.012185312062501907,79467
13970,457768960,0.1174471751185673,2.9414642333984373,0.5128302574157715,0.01216471791267395,78233
13980,458096640,0.1171792456021029,3.0068470001220704,0.5281548023223877,0.01224258989095688,78967
13990,458424320,0.11691334924403168,3.017276573181152,0.5199554920196533,0.012098786234855653,75507
14000,458752000,0.11664948729339125,2.944246292114258,0.5074042320251465,0.012107570469379426,79412
14010,459079680,0.1163876609896627,3.0355688095092774,0.5188690662384033,0.01212012991309166,79502
14020,459407360,0.11612787156276486,2.994443893432617,0.5066004276275635,0.012207250297069549,79344
14030,459735040,0.11587012023304813,3.019029998779297,0.5093509674072265,0.012041272968053818,77149
14040,460062720,0.1156144082112893,2.969826507568359,0.5117877006530762,0.012225223332643509,82854
14050,460390400,0.11536073669868546,3.0146039962768554,0.5124742031097412,0.012015464901924133,78103
14060,460718080,0.11510910688684858,2.9463197708129885,0.5054296016693115,0.012176743149757386,77985
14070,461045760,0.1148595199577997,2.9090023040771484,0.5019995689392089,0.012302188575267792,79747
14080,461373440,0.11461197708396349,2.9625469207763673,0.5190835952758789,0.012278318405151367,77836
14090,461701120,0.11436647942816297,2.992188262939453,0.519603157043457,0.01204807087779045,76576
14100,462028800,0.11412302814361354,2.994645881652832,0.5249011993408204,0.012137151509523391,77513
14110,462356480,0.11388162437391813,2.9513784408569337,0.5106171607971192,0.012263891100883485,82491
14120,462684160,0.11364226925306124,2.9968185424804688,0.5152364253997803,0.01214776560664177,81979
14130,463011840,0.11340496390540424,3.007683753967285,0.5138239860534668,0.012090281397104264,81878
14140,463339520,0.1131697094456795,3.0155771255493162,0.5146850109100342,0.012260627746582032,81927
14150,463667200,0.11293650697898572,3.0006641387939452,0.5166783809661866,0.012136374413967133,82016
14160,463994880,0.11270535760078214,2.9984283447265625,0.5122181892395019,0.012183631211519242,81865
14170,464322560,0.11247626239688388,3.0055000305175783,0.5048564434051513,0.011991477012634278,80439
14180,464650240,0.11224922244345657,2.9594247817993162,0.5049050331115723,0.012112743407487869,81301
14190,464977920,0.1120242388070114,2.982353401184082,0.5197332382202149,0.012421247363090516,79723
14200,465305600,0.11180131254440019,3.0336530685424803,0.5295397758483886,0.012306807935237885,82321
14210,465633280,0.1115804447028102,2.976810073852539,0.515253210067749,0.012137673795223236,85713
14220,465960960,0.11136163631975948,3.0211933135986326,0.518587303161621,0.012162727862596511,78761
14230,466288640,0.11114488842309167,3.0370849609375,0.5233173370361328,0.012279432266950607,79984
14240,466616320,0.11093020203097147,3.0507078170776367,0.5316810607910156,0.012192483991384506,83624
14250,466944000,0.11071757815187974,2.901854133605957,0.5127088546752929,0.012176682054996491,83741
14260,467271680,0.11050701778460868,2.934527587890625,0.5128348350524903,0.012170378118753433,82164
14270,467599360,0.11029852191825738,2.9550735473632814,0.5181594848632812,0.012235424667596816,80654
14280,467927040,0.11009209153222692,2.935857391357422,0.5135617733001709,0.012119028717279434,81476
14290,468254720,0.1098877275962159,2.9837818145751953,0.5155338287353516,0.012136736512184143,83575
14300,468582400,0.10968543107021578,2.988254356384277,0.5064484596252441,0.01214209720492363,84184
14310,468910080,0.10948520290450654,3.0472929000854494,0.5165085792541504,0.012178993225097657,74192
14320,469237760,0.10928704403965202,2.9956266403198244,0.5142955303192138,0.012102974951267243,82096
14330,469565440,0.10909095540649572,2.9799365997314453,0.5039790153503418,0.012154532968997956,84040
14340,469893120,0.10889693792615628,2.962411880493164,0.5144097805023193,0.012115009874105454,91776
14350,470220800,0.10870499251002304,2.9864995956420897,0.5160560607910156,0.012289705872535705,83616
14360,470548480,0.10851512005975213,3.0185319900512697,0.5159832954406738,0.012142588198184968,82560
14370,470876160,0.10832732146726176,2.990200233459473,0.5156132698059082,0.012216136604547501,82961
14380,471203840,0.10814159761472848,2.991261100769043,0.5139978408813477,0.012053795158863068,76388
14390,471531520,0.10795794937458267,2.993538665771484,0.5108605861663819,0.012156322598457336,81876
14400,471859200,0.1077763776095048,2.9800153732299806,0.5171741008758545,0.012192114442586898,85585
14410,472186880,0.107596883172421,3.0153505325317385,0.5250257015228271,0.01209995299577713,86494
14420,472514560,0.10741946690649931,2.993376350402832,0.511824083328247,0.01225886270403862,82293
14430,472842240,0.10724412964514562,3.015774154663086,0.5188373565673828,0.012139690667390823,82311
14440,473169920,0.10707087221199973,2.9544902801513673,0.5091937065124512,0.012124718725681305,83225
14450,473497600,0.10689969542093168,2.9631895065307616,0.5111588954925537,0.012105305492877961,82035
14460,473825280,0.10673060007603764,3.0582366943359376,0.5135311126708985,0.012317268550395966,82157
14470,474152960,0.10656358697163638,2.964178276062012,0.5138551712036132,0.012272945791482925,76597
14480,474480640,0.10639865689226519,2.972234535217285,0.5058648109436035,0.012205946445465087,81692
14490,474808320,0.10623581061267677,2.978619194030762,0.5100306987762451,0.012206852436065674,81585
14500,475136000,0.10607504889783496,2.9740386962890626,0.5229940414428711,0.012280133366584779,82246
14510,475463680,0.10591637250291171,2.961619567871094,0.5117867469787598,0.012094014137983323,82146
14520,475791360,0.10575978217328301,2.99654598236084,0.519784688949585,0.012210123240947723,86461
14530,476119040,0.10560527864452576,3.024808883666992,0.5153525352478028,0.012025890499353408,79447
14540,476446720,0.10545286264241416,2.9584875106811523,0.5170980453491211,0.01213219165802002,86059
14550,476774400,0.10530253488291638,2.9305482864379884,0.5128702163696289,0.012353303283452988,82428
14560,477102080,0.1051542960721912,2.9976924896240233,0.5164153099060058,0.012223649024963378,76135
14570,477429760,0.10500814690658448,2.953632354736328,0.5128114700317383,0.012307090312242508,80785
14580,477757440,0.10486408807262619,3.0238872528076173,0.5206343650817871,0.012249034643173218,85175
14590,478085120,0.104722120247027,2.944718360900879,0.5045266151428223,0.012241695821285248,81860
14600,478412800,0.10458224409667521,2.9769638061523436,0.515797758102417,0.012313851714134216,83628
14610,478740480,0.10444446027863345,3.0151063919067385,0.5127377510070801,0.012319298088550567,89832
14620,479068160,0.10430876944013576,2.969247817993164,0.523914098739624,0.012251587957143784,92742
14630,479395840,0.10417517221858452,2.988617515563965,0.5187533378601075,0.012303316593170166,82100
14640,479723520,0.1040436692415474,2.969895362854004,0.5079294204711914,0.01222125142812729,88880
14650,480051200,0.10391426112675443,2.989657402038574,0.5242414474487305,0.012125162035226822,85180
14660,480378880,0.10378694848209509,3.022823715209961,0.5236609935760498,0.01228521540760994,81505
14670,480706560,0.10366173190561558,2.9956315994262694,0.5174292087554931,0.012203025072813034,82407
14680,481034240,0.10353861198551571,2.946341323852539,0.5280810832977295,0.012226783484220505,77112
14690,481361920,0.10341758930014654,2.9609209060668946,0.5107868671417236,0.01214987486600876,83748
14700,481689600,0.10329866441800734,3.049609565734863,0.5318275928497315,0.012133397161960602,81144
14710,482017280,0.10318183789774295,3.0605058670043945,0.532131290435791,0.012349281460046768,81928
14720,482344960,0.10306711028814143,2.973819923400879,0.515902042388916,0.012068936228752136,81918
14730,482672640,0.10295448212813114,2.999601936340332,0.5217900753021241,0.01228174939751625,83533
14740,483000320,0.10284395394677846,2.951583480834961,0.5212023735046387,0.01210108920931816,81758
14750,483328000,0.10273552626328514,2.9696977615356444,0.5211081504821777,0.012207766622304916,82555
14760,483655680,0.10262919958698588,2.9431005477905274,0.5153988838195801,0.012061943113803864,79976
14770,483983360,0.10252497441734616,2.9127433776855467,0.5148049831390381,0.012361740320920944,81872
14780,484311040,0.10242285124395946,2.982878303527832,0.5154511451721191,0.01217990592122078,82147
14790,484638720,0.10232283054654547,3.0202915191650392,0.5242297649383545,0.012270337343215943,81289
14800,484966400,0.10222491279494736,3.004545974731445,0.5189789295196533,0.012125764787197114,81810
14810,485294080,0.10212909844913001,3.0083505630493166,0.5363789558410644,0.012546399235725402,78416
14820,485621760,0.10203538795917738,2.970341110229492,0.516367244720459,0.012182115018367768,80101
14830,485949440,0.101943781765291,2.942439651489258,0.5151811599731445,0.01207437813282013,81736
14840,486277120,0.10185428029778715,2.884003829956055,0.5168486118316651,0.012242014706134795,81995
14850,486604800,0.1017668839770955,2.97674617767334,0.5129290103912354,0.012237602472305298,77657
14860,486932480,0.10168159321375685,2.9977676391601564,0.5279300689697266,0.012349249422550201,79946
14870,487260160,0.10159840840842116,2.94986572265625,0.5141944885253906,0.012237454950809478,76186
14880,487587840,0.1015173299518458,2.9164480209350585,0.5085201740264893,0.01228235885500908,75859
14890,487915520,0.10143835822489358,3.003325080871582,0.5260540962219238,0.012347386032342911,80571
14900,488243200,0.10136149359853108,2.9677785873413085,0.5216408729553222,0.012217170745134353,82024
14910,488570880,0.10128673643382681,2.882882499694824,0.5172520637512207,0.01220264807343483,77848
14920,488898560,0.10121408708194966,2.9816972732543947,0.5147783279418945,0.012256908416748046,79919
14930,489226240,0.10114354588416707,2.9727304458618162,0.522024393081665,0.012194348871707917,76802
14940,489553920,0.1010751131718435,2.9245315551757813,0.5195683002471924,0.012111195921897888,79413
14950,489881600,0.10100878926643891,2.968710708618164,0.5120041847229004,0.01222422495484352,79210
14960,490209280,0.1009445744795073,2.9007946014404298,0.5176870822906494,0.012083212286233902,82963
14970,490536960,0.10088246911269502,2.9592052459716798,0.523783540725708,0.012123411893844605,79549
14980,490864640,0.1008224734577396,3.0079696655273436,0.5252526760101318,0.0123122438788414,77778
14990,491192320,0.10076458779646827,3.019339179992676,0.5266408920288086,0.012295980006456375,78143
15000,491520000,0.10070881240079659,2.9726631164550783,0.5295604705810547,0.012183763831853867,78559
15010,491847680,0.10065514753272739,2.966561126708984,0.521668815612793,0.012325344234704971,81670
15020,492175360,0.10060359344434912,2.976387786865234,0.6320497512817382,0.01354203075170517,75857
15030,492503040,0.10055415037783517,2.992681121826172,0.5237200736999512,0.012257923185825349,78273
15040,492830720,0.10050681856544236,2.993966484069824,0.5227914810180664,0.01227789893746376,81966
15050,493158400,0.10046159822951001,2.9693695068359376,0.5260249137878418,0.012476426362991334,82589
15060,493486080,0.10041848958245882,2.9036161422729494,0.5122297763824463,0.012190130352973939,75497
15070,493813760,0.10037749282679005,3.003339958190918,0.527371597290039,0.01247674822807312,76333
15080,494141440,0.10033860815508432,3.024448776245117,0.5323740005493164,0.012141116708517075,82196
15090,494469120,0.10030183575000079,2.9888145446777346,0.5272472381591797,0.012327086925506592,77461
15100,494796800,0.10026717578427634,2.9862253189086916,0.517706823348999,0.012197626382112503,77892
15110,495124480,0.10023462842072489,2.9660516738891602,0.5260066986083984,0.01230168789625168,81932
15120,495452160,0.1002041938122364,3.0787433624267577,0.5355391025543212,0.012204816192388534,76331
15130,495779840,0.10017587210177614,2.970182991027832,0.5234660148620606,0.012281623482704163,78512
15140,496107520,0.10014966342238431,2.995252799987793,0.534529447555542,0.012334258109331132,79737
15150,496435200,0.10012556789717511,3.0183650970458986,0.5290793895721435,0.012262209504842757,80120
15160,496762880,0.1001035856393363,2.9548032760620115,0.5305030822753907,0.012195103615522385,77543
15170,497090560,0.1000837167521287,2.989501190185547,0.5231045722961426,0.012360066175460815,82381
15180,497418240,0.10006596132888562,2.9506582260131835,0.5112077713012695,0.012195775657892228,75694
15190,497745920,0.10005031945301247,2.94543571472168,0.5127531051635742,0.012362713366746903,74809
15200,498073600,0.10003679119798632,3.002638816833496,0.5240499973297119,0.012091489136219024,80043
15210,498401280,0.10002537662735562,2.9537641525268556,0.5140390396118164,0.012229827046394349,74227
15220,498728960,0.1000160757947399,2.948670768737793,0.5200239181518554,0.012401264160871506,75978
15230,499056640,0.10000888874382939,2.9805877685546873,0.5231945037841796,0.012214123457670211,78063
15240,499384320,0.100003815508385,2.998812675476074,0.5228568077087402,0.012240281701087952,76081
15250,499712000,0.10000085611223805,2.9679670333862305,0.5174333095550537,0.012280097603797913,80571
15258,499974144,0.1000000105692902,2.9594404697418213,0.5168902277946472,0.012317556887865067,83438
