step,tokens,lr_mult,loss,grad_norm,value_grad_norm,tok_s
10,327680,0.01310615989515072,10.726982879638673,11.295159149169923,,50276
20,655360,0.02621231979030144,9.895259857177734,4.9025390625,,61915
30,983040,0.039318479685452164,9.531256866455077,2.5173744201660155,,62000
40,1310720,0.05242463958060288,9.278919982910157,2.699258804321289,,61093
50,1638400,0.0655307994757536,8.978102111816407,3.3440776824951173,,61919
60,1966080,0.07863695937090433,8.671492767333984,2.4047386169433596,,61734
70,2293760,0.09174311926605505,8.385832214355469,1.8600902557373047,,62011
80,2621440,0.10484927916120576,8.069558715820312,1.8135536193847657,,61881
90,2949120,0.11795543905635648,7.778926849365234,2.0838451385498047,,61967
100,3276800,0.1310615989515072,7.483592987060547,1.7779058456420898,,61911
110,3604480,0.14416775884665792,7.334317779541015,1.5551727294921875,,62157
120,3932160,0.15727391874180865,7.2020416259765625,1.6769262313842774,,61790
130,4259840,0.17038007863695936,7.046871185302734,1.282257080078125,,62152
140,4587520,0.1834862385321101,6.971320343017578,1.3386919021606445,,62046
150,4915200,0.1965923984272608,6.845381164550782,1.2711164474487304,,62059
160,5242880,0.20969855832241152,6.7693603515625,1.4164844512939454,,62081
170,5570560,0.22280471821756226,6.648539733886719,1.3132369995117188,,61964
180,5898240,0.23591087811271297,6.550801086425781,1.2168376922607422,,62002
190,6225920,0.2490170380078637,6.518763732910156,1.2640326499938965,,62183
200,6553600,0.2621231979030144,6.421046447753906,1.3976513862609863,,62109
210,6881280,0.27522935779816515,6.324358749389648,1.4081736564636231,,61984
220,7208960,0.28833551769331583,6.294202423095703,1.2588784217834472,,61926
230,7536640,0.30144167758846657,6.186599349975586,1.159340000152588,,62083
240,7864320,0.3145478374836173,6.206397247314453,1.2089553833007813,,62006
250,8192000,0.32765399737876805,6.10230598449707,1.2541942596435547,,62045
260,8519680,0.34076015727391873,6.088088607788086,1.3199093818664551,,62020
270,8847360,0.35386631716906947,5.988394927978516,1.190546417236328,,62250
280,9175040,0.3669724770642202,5.968402481079101,1.1486907005310059,,61934
290,9502720,0.3800786369593709,5.910412979125977,1.0956887245178222,,61921
300,9830400,0.3931847968545216,5.893394470214844,1.12271146774292,,62043
310,10158080,0.40629095674967236,5.820270919799805,1.0489438056945801,,61982
320,10485760,0.41939711664482304,5.799370193481446,1.1790653228759767,,61948
330,10813440,0.4325032765399738,5.817779159545898,1.3721667289733888,,62041
340,11141120,0.4456094364351245,5.736037063598633,1.1158363342285156,,62003
350,11468800,0.45871559633027525,5.682489013671875,1.1016338348388672,,62053
360,11796480,0.47182175622542594,5.6741279602050785,1.134992504119873,,62003
370,12124160,0.4849279161205767,5.607044219970703,0.9625391960144043,,61960
380,12451840,0.4980340760157274,5.581148910522461,1.041552734375,,62038
390,12779520,0.5111402359108781,5.543429565429688,1.0908658981323243,,62096
400,13107200,0.5242463958060288,5.533757019042969,0.9545909881591796,,62306
410,13434880,0.5373525557011796,5.4800559997558596,0.9454153060913086,,62297
420,13762560,0.5504587155963303,5.470845413208008,1.17462100982666,,62068
430,14090240,0.563564875491481,5.381021499633789,0.948917293548584,,62029
440,14417920,0.5766710353866317,5.446804428100586,0.9270160675048829,,61949
450,14745600,0.5897771952817824,5.337594604492187,0.9441963195800781,,62290
460,15073280,0.6028833551769331,5.249863815307617,0.9153393745422364,,61945
470,15400960,0.6159895150720839,5.29231071472168,0.9284263610839844,,61977
480,15728640,0.6290956749672346,5.222636413574219,0.9375172615051269,,61878
490,16056320,0.6422018348623854,5.306552505493164,0.8553294181823731,,61936
500,16384000,0.6553079947575361,5.255683517456054,0.8161917686462402,,61933
510,16711680,0.6684141546526867,5.198099517822266,0.8140918731689453,,61963
520,17039360,0.6815203145478375,5.201233673095703,0.9013399124145508,,62036
530,17367040,0.6946264744429882,5.171018600463867,0.8690346717834473,,61920
540,17694720,0.7077326343381389,5.152405548095703,0.7910142421722413,,61998
550,18022400,0.7208387942332897,5.0590049743652346,0.7839701652526856,,61979
560,18350080,0.7339449541284404,5.120260620117188,0.8410726547241211,,62205
570,18677760,0.747051114023591,5.0304924011230465,0.8579306602478027,,61913
580,19005440,0.7601572739187418,5.053113555908203,0.7877654075622559,,61922
590,19333120,0.7732634338138925,5.062239456176758,0.7718273162841797,,61983
600,19660800,0.7863695937090432,4.994564437866211,0.797328519821167,,61987
610,19988480,0.799475753604194,5.028316879272461,0.7808209896087647,,61951
620,20316160,0.8125819134993447,4.948861694335937,0.7022561073303223,,62009
630,20643840,0.8256880733944955,4.908518218994141,0.8237869262695312,,61972
640,20971520,0.8387942332896461,4.9605976104736325,0.709696912765503,,61963
650,21299200,0.8519003931847968,4.941994094848633,0.7738927364349365,,61936
660,21626880,0.8650065530799476,4.985837173461914,0.7185110092163086,,62218
670,21954560,0.8781127129750983,4.915353393554687,0.6828268527984619,,62621
680,22282240,0.891218872870249,4.893929290771484,0.7358671665191651,,61912
690,22609920,0.9043250327653998,4.854605102539063,1.0566327095031738,,61916
700,22937600,0.9174311926605505,4.841783142089843,0.7904065132141114,,62233
710,23265280,0.9305373525557011,4.813198089599609,0.9889087677001953,,61901
720,23592960,0.9436435124508519,4.784788513183594,0.71196608543396,,62257
730,23920640,0.9567496723460026,4.794662094116211,1.0226468086242675,,62171
740,24248320,0.9698558322411533,4.856049346923828,1.03259334564209,,62046
750,24576000,0.9829619921363041,4.786167907714844,1.3606303215026856,,61956
760,24903680,0.9960681520314548,4.739789199829102,0.7052131652832031,,62014
770,25231360,0.999999619505605,4.6797233581542965,0.6595089435577393,,61986
780,25559040,0.9999972942644099,4.728280639648437,0.6464334964752197,,61964
790,25886720,0.9999928551787042,4.617543411254883,0.6538044452667237,,61959
800,26214400,0.9999863022693405,4.6360736846923825,0.7557187080383301,,61501
810,26542080,0.9999776355671006,4.653409194946289,0.6267287254333496,,61978
820,26869760,0.999966855112696,4.546229553222656,0.6019655704498291,,61879
830,27197440,0.9999539609567677,4.604827880859375,0.6113692283630371,,62139
840,27525120,0.9999389531598855,4.599451065063477,0.6024878025054932,,61973
850,27852800,0.9999218317925475,4.479591751098633,0.6009664058685302,,62269
860,28180480,0.9999025969351808,4.52769775390625,0.9816761970520019,,62098
870,28508160,0.9998812486781407,4.512038803100586,0.6509973526000976,,62294
880,28835840,0.9998577871217097,4.500315856933594,0.5729693412780762,,61831
890,29163520,0.9998322123760972,4.445523071289062,0.5760030746459961,,61924
900,29491200,0.9998045245614399,4.507861709594726,0.5850262641906738,,61961
910,29818880,0.9997747238078001,4.452047348022461,0.6938169479370118,,61888
920,30146560,0.9997428102551656,4.430152511596679,0.6862062454223633,,62781
930,30474240,0.9997087840534492,4.388417053222656,0.8808507919311523,,61910
940,30801920,0.9996726453624875,4.4658252716064455,0.5590734481811523,,61989
950,31129600,0.9996343943520406,4.482035064697266,0.5368515968322753,,61948
960,31457280,0.9995940312017911,4.3987171173095705,0.5292800903320313,,62063
970,31784960,0.9995515561013435,4.346586990356445,0.5343163967132568,,62014
980,32112640,0.9995069692502226,4.396162796020508,0.5309885025024415,,61956
990,32440320,0.9994602708578736,4.323934173583984,0.5121264457702637,,61920
1000,32768000,0.9994114611436603,4.285401916503906,0.512393569946289,,61960
1010,33095680,0.9993605403368643,4.289316940307617,0.5755969047546386,,61430
1020,33423360,0.9993075086766843,4.25238151550293,0.7088222503662109,,61927
1030,33751040,0.999252366412234,4.230152130126953,0.9637211799621582,,62141
1040,34078720,0.9991951138025426,4.272585678100586,0.8737841606140136,,62067
1050,34406400,0.9991357511165514,4.248322296142578,0.767728328704834,,62014
1060,34734080,0.9990742786331146,4.2647441864013675,0.6421670913696289,,61996
1070,35061760,0.9990106966409968,4.2815696716308596,1.2070956230163574,,61960
1080,35389440,0.9989450054388717,4.194659805297851,0.5319568634033203,,62017
1090,35717120,0.9988772053353212,4.21233901977539,0.5215231895446777,,62003
1100,36044800,0.9988072966488337,4.231723403930664,0.5483854293823243,,61935
1110,36372480,0.9987352797078023,4.2039337158203125,0.5140958786010742,,61878
1120,36700160,0.998661154850524,4.217037200927734,0.5062924861907959,,62065
1130,37027840,0.9985849224251971,4.2178192138671875,0.4836118698120117,,61995
1140,37355520,0.9985065827899208,4.185485076904297,0.47397499084472655,,61911
1150,37683200,0.998426136312692,4.15599365234375,0.5144826889038085,,62019
1160,38010880,0.9983435833714049,4.125141525268555,0.49889039993286133,,61931
1170,38338560,0.998258924353849,4.126895141601563,0.48242917060852053,,61746
1180,38666240,0.9981721596577064,4.179515075683594,0.4972477912902832,,61511
1190,38993920,0.9980832896905512,4.043566131591797,0.48660006523132326,,61830
1200,39321600,0.9979923148698461,4.040222549438477,0.47763795852661134,,62944
1210,39649280,0.9978992356229419,4.107705688476562,0.4789379596710205,,61921
1220,39976960,0.9978040523870747,4.083918762207031,0.5334459781646729,,61987
1230,40304640,0.9977067656093641,4.080757522583008,0.7857295036315918,,62162
1240,40632320,0.9976073757468108,4.049525451660156,0.5083224296569824,,62204
1250,40960000,0.9975058832662946,4.087085723876953,0.5066887378692627,,61961
1260,41287680,0.9974022886445727,4.102681732177734,0.5984662532806396,,62094
1270,41615360,0.9972965923682765,4.081440734863281,0.6082015991210937,,62153
1280,41943040,0.9971887949339102,4.081505584716797,0.932807731628418,,62161
1290,42270720,0.9970788968478482,4.066750335693359,0.4884038925170898,,62145
1300,42598400,0.996966898626332,4.061897659301758,0.47546677589416503,,61949
1310,42926080,0.9968528007954691,4.034156417846679,0.4763809680938721,,61883
1320,43253760,0.9967366038912294,3.9647621154785155,0.47944254875183107,,62017
1330,43581440,0.9966183084594433,4.093550491333008,0.4728992938995361,,62517
1340,43909120,0.996497915055799,4.040437316894531,0.4882221221923828,,61919
1350,44236800,0.9963754242458397,3.99237060546875,0.46190586090087893,,61900
1360,44564480,0.9962508366049612,4.0196479797363285,0.45050630569458006,,61958
1370,44892160,0.9961241527184089,3.9630237579345704,0.4519585132598877,,62006
1380,45219840,0.9959953731812754,4.016065216064453,0.4955328941345215,,61960
1390,45547520,0.9958644985984976,3.9906288146972657,0.5145713806152343,,61931
1400,45875200,0.9957315295848536,4.001543045043945,0.47913413047790526,,62047
1410,46202880,0.99559646676496,3.956429672241211,0.45177197456359863,,61925
1420,46530560,0.9954593107732691,3.9468315124511717,0.4580535888671875,,61923
1430,46858240,0.9953200622540659,3.9307079315185547,0.4499528408050537,,61725
1440,47185920,0.9951787218614647,3.9461223602294924,0.45139780044555666,,61913
1450,47513600,0.9950352902594064,3.935772705078125,0.4408097267150879,,61748
1460,47841280,0.9948897681216552,3.949817657470703,0.4886892318725586,,62440
1470,48168960,0.9947421561317958,3.9116744995117188,0.45373759269714353,,62046
1480,48496640,0.9945924549832297,3.956112289428711,0.4530944347381592,,61921
1490,48824320,0.9944406653791718,4.030534362792968,0.46265397071838377,,61925
1500,49152000,0.994286788032648,3.908933639526367,0.4610222339630127,,61870
1510,49479680,0.9941308236664911,3.913287353515625,0.4553028106689453,,61921
1520,49807360,0.9939727730133375,3.8962440490722656,0.4704870700836182,,62512
1530,50135040,0.9938126368156238,3.8370410919189455,0.44817328453063965,,61974
1540,50462720,0.9936504158255838,3.937717819213867,0.4457200527191162,,61932
1550,50790400,0.9934861108052436,3.8127742767333985,0.45871996879577637,,61879
1560,51118080,0.9933197225264201,3.8833465576171875,0.4412280559539795,,61839
1570,51445760,0.9931512517707154,3.9357608795166015,0.4510348796844482,,62016
1580,51773440,0.9929806993295143,3.862411880493164,0.44071130752563475,,61986
1590,52101120,0.99280806600398,3.869199752807617,0.44387221336364746,,62385
1600,52428800,0.9926333526050509,3.911422348022461,0.4547564029693604,,61893
1610,52756480,0.9924565599534364,3.859181213378906,0.4890458106994629,,61873
1620,53084160,0.9922776888796125,3.911589813232422,0.4652195930480957,,61922
1630,53411840,0.9920967402238197,3.9150623321533202,0.4786794662475586,,61859
1640,53739520,0.9919137148360565,3.8637699127197265,0.4629307746887207,,61924
1650,54067200,0.9917286135760778,3.849465560913086,0.4367855072021484,,61940
1660,54394880,0.9915414373133894,3.7952877044677735,0.44403886795043945,,62128
1670,54722560,0.9913521869272444,3.831221008300781,0.47508654594421384,,62064
1680,55050240,0.991160863306639,3.8343994140625,0.43048901557922364,,61941
1690,55377920,0.9909674673503083,3.8139602661132814,0.4349977970123291,,61976
1700,55705600,0.9907719999667222,3.9171321868896483,0.4395472526550293,,62017
1710,56033280,0.990574462074081,3.861907958984375,0.4379855155944824,,62043
1720,56360960,0.9903748546003112,3.8731746673583984,0.42683424949646,,62466
1730,56688640,0.9901731784830609,3.84326171875,0.42672119140625,,62218
1740,57016320,0.9899694346696959,3.813185119628906,0.4241463661193848,,61991
1750,57344000,0.9897636241172943,3.850016403198242,0.4289769172668457,,61910
1760,57671680,0.9895557477926437,3.8618194580078127,0.43941683769226075,,61941
1770,57999360,0.9893458066722344,3.8233978271484377,0.43981328010559084,,61707
1780,58327040,0.9891338017422565,3.8183639526367186,0.42542319297790526,,51953
1790,58654720,0.988919733998595,3.81762809753418,0.4518304347991943,,47542
1800,58982400,0.9887036044468247,3.8488712310791016,0.4355134963989258,,47397
1810,59310080,0.9884854141022056,3.785112762451172,0.4355327606201172,,47447
1820,59637760,0.9882651639896781,3.799790954589844,0.4293567657470703,,49038
1830,59965440,0.9880428551438585,3.8319370269775392,0.42297658920288084,,50013
1840,60293120,0.9878184886090338,3.7612186431884767,0.44915180206298827,,46481
1850,60620800,0.9875920654391568,3.7667869567871093,0.46715431213378905,,46378
1860,60948480,0.9873635866978416,3.822808837890625,0.42948713302612307,,46519
1870,61276160,0.987133053458358,3.881118392944336,0.42076644897460935,,46510
1880,61603840,0.9869004668036266,3.804545593261719,0.4259476184844971,,46389
1890,61931520,0.9866658278262145,3.7678913116455077,0.42734575271606445,,46392
1900,62259200,0.9864291376283284,3.7525588989257814,0.4305585861206055,,46427
1910,62586880,0.9861903973218116,3.791549301147461,0.4152231216430664,,46468
1920,62914560,0.9859496080281371,3.7633060455322265,0.42014107704162595,,46435
1930,63242240,0.9857067708784032,3.7070148468017576,0.4121710300445557,,46392
1940,63569920,0.9854618870133276,3.751913070678711,0.4333827972412109,,46368
1950,63897600,0.9852149575832427,3.7203338623046873,0.42827558517456055,,46439
1960,64225280,0.9849659837480899,3.734431838989258,0.42613868713378905,,46381
1970,64552960,0.9847149666774135,3.7658573150634767,0.41123452186584475,,46373
1980,64880640,0.9844619075503569,3.7485889434814452,0.43627009391784666,,46496
1990,65208320,0.9842068075556548,3.7303089141845702,0.4356800079345703,,46391
2000,65536000,0.9839496678916297,3.716150665283203,0.43906331062316895,,46372
2010,65863680,0.9836904897661849,3.705012893676758,0.4089540958404541,,46357
2020,66191360,0.9834292743967993,3.718793487548828,0.40630712509155276,,46400
2030,66519040,0.9831660230105219,3.731124496459961,0.4213120937347412,,46583
2040,66846720,0.9829007368439657,3.7543636322021485,0.413513708114624,,46358
2050,67174400,0.9826334171433019,3.729206848144531,0.4442537784576416,,46423
2060,67502080,0.9823640651642543,3.74694938659668,0.42108941078186035,,46389
2070,67829760,0.9820926821720932,3.677846145629883,0.42817535400390627,,46363
2080,68157440,0.9818192694416293,3.7251358032226562,0.4191178798675537,,46473
2090,68485120,0.9815438282572083,3.748495101928711,0.4101015567779541,,46579
2100,68812800,0.9812663599127042,3.6812370300292967,0.4204270839691162,,46466
2110,69140480,0.9809868657115136,3.672433853149414,0.41363773345947263,,46349
2120,69468160,0.9807053469665494,3.737193298339844,0.4160460472106934,,46354
2130,69795840,0.980421805000235,3.6742420196533203,0.4149176120758057,,46441
2140,70123520,0.9801362411444974,3.7234451293945314,0.4966346263885498,,46490
2150,70451200,0.9798486567407615,3.689195251464844,0.4335425853729248,,46481
2160,70778880,0.9795590531399438,3.6788978576660156,0.4197231292724609,,46492
2170,71106560,0.9792674317024457,3.6761245727539062,0.41739115715026853,,46377
2180,71434240,0.9789737937981473,3.722891998291016,0.43974981307983396,,46377
2190,71761920,0.9786781408064011,3.704926300048828,0.4094514846801758,,46376
2200,72089600,0.9783804741160256,3.682569122314453,0.4524010181427002,,46429
2210,72417280,0.978080795125298,3.6634803771972657,0.4097872257232666,,46346
2220,72744960,0.9777791052419487,3.6744815826416017,0.405904483795166,,46383
2230,73072640,0.9774754058831538,3.676544189453125,0.4091968536376953,,46441
2240,73400320,0.9771696984755293,3.685039520263672,0.4544471263885498,,46390
2250,73728000,0.9768619844551234,3.6615627288818358,0.49804348945617677,,46348
2260,74055680,0.9765522652674108,3.643354034423828,0.4956110954284668,,46486
2270,74383360,0.976240542367285,3.7231372833251952,0.4240483283996582,,46434
2280,74711040,0.9759268172190521,3.7317996978759767,0.4079891681671143,,46357
2290,75038720,0.9756110912964235,3.6758682250976564,0.41349120140075685,,46453
2300,75366400,0.9752933660825093,3.6457828521728515,0.39242546558380126,,46575
2310,75694080,0.9749736430698112,3.628683090209961,0.4134210109710693,,46380
2320,76021760,0.9746519237602153,3.6620864868164062,0.4135998249053955,,46316
2330,76349440,0.9743282096649852,3.6578556060791017,0.41178364753723146,,46475
2340,76677120,0.9740025023047555,3.5870513916015625,0.3939800500869751,,46459
2350,77004800,0.9736748032095234,3.6423465728759767,0.41068620681762696,,46355
2360,77332480,0.9733451139186423,3.7334060668945312,0.4465955257415771,,46284
2370,77660160,0.973013435980815,3.6376487731933596,0.42217679023742677,,46455
2380,77987840,0.9726797709540852,3.6926769256591796,0.4108081817626953,,46450
2390,78315520,0.9723441204058314,3.66322021484375,0.4062990188598633,,46330
2400,78643200,0.9720064859127585,3.6427387237548827,0.4046121597290039,,46403
2410,78970880,0.9716668690608914,3.648619842529297,0.4137249946594238,,46557
2420,79298560,0.9713252714455668,3.6399749755859374,0.40086050033569337,,46361
2430,79626240,0.9709816946714261,3.674818420410156,0.40772533416748047,,46351
2440,79953920,0.9706361403524074,3.7111751556396486,0.4061769485473633,,46486
2450,80281600,0.9702886101117387,3.665618133544922,0.4121389865875244,,46405
2460,80609280,0.9699391055819293,3.6563095092773437,0.45148391723632814,,46356
2470,80936960,0.9695876284047632,3.7071212768554687,0.4062591552734375,,46289
2480,81264640,0.9692341802312905,3.624128723144531,0.4183337211608887,,46222
2490,81592320,0.9688787627218198,3.697759246826172,0.4245396614074707,,46420
2500,81920000,0.9685213775459112,3.6524192810058596,0.4203646659851074,,46536
2510,82247680,0.968162026382367,3.550566482543945,0.4023907661437988,,46359
2520,82575360,0.9678007109192254,3.592730712890625,0.4111365795135498,,46403
2530,82903040,0.9674374328537514,3.529783248901367,0.4067646026611328,,47201
2540,83230720,0.9670721938924294,3.6044948577880858,0.4011322021484375,,47343
2550,83558400,0.966704995750955,3.6768115997314452,0.4163330078125,,47468
2560,83886080,0.9663358401542269,3.5954334259033205,0.4118649005889893,,47405
2570,84213760,0.965964728836339,3.6338069915771483,0.40233726501464845,,47367
2580,84541440,0.9655916635405721,3.6843212127685545,0.4221796989440918,,46675
2590,84869120,0.9652166460193854,3.6590507507324217,0.4219521522521973,,46504
2600,85196800,0.9648396780344092,3.5761642456054688,0.4002392768859863,,46657
2610,85524480,0.9644607613564357,3.5562393188476564,0.3954956531524658,,46467
2620,85852160,0.9640798977654107,3.617353820800781,0.4002217769622803,,46450
2630,86179840,0.9636970890504263,3.5599334716796873,0.40560016632080076,,46373
2640,86507520,0.963312337009711,3.6345027923583983,0.42612395286560056,,46389
2650,86835200,0.9629256434506225,3.6125511169433593,0.4066281318664551,,46464
2660,87162880,0.9625370101896386,3.5316593170166017,0.4278879642486572,,46388
2670,87490560,0.9621464390523483,3.6119461059570312,0.40865154266357423,,46409
2680,87818240,0.9617539318734444,3.631388473510742,0.5995700359344482,,46498
2690,88145920,0.9613594904967137,3.5783695220947265,0.4088388442993164,,46667
2700,88473600,0.9609631167750291,3.5922573089599608,0.41396560668945315,,46331
2710,88801280,0.9605648125703407,3.593571090698242,0.43063788414001464,,46392
2720,89128960,0.9601645797536662,3.649371337890625,0.41301422119140624,,46480
2730,89456640,0.959762420205084,3.6191032409667967,0.41266942024230957,,46508
2740,89784320,0.9593583358137223,3.6069705963134764,0.40693225860595705,,46380
2750,90112000,0.9589523284777519,3.600994110107422,0.404947566986084,,46374
2760,90439680,0.9585444001043758,3.584728240966797,0.40075340270996096,,46465
2770,90767360,0.9581345526098218,3.5209938049316407,0.39776723384857177,,46422
2780,91095040,0.9577227879193322,3.5123157501220703,0.40678815841674804,,46392
2790,91422720,0.9573091079671553,3.580924224853516,0.4094394683837891,,46360
2800,91750400,0.9568935146965365,3.564057159423828,0.41247310638427737,,46435
2810,92078080,0.9564760100597085,3.600971221923828,0.39883291721343994,,46379
2820,92405760,0.956056596017883,3.511170196533203,0.4038355827331543,,46337
2830,92733440,0.9556352745412409,3.585840606689453,0.4039131164550781,,46340
2840,93061120,0.9552120476089232,3.5344032287597655,0.4035064220428467,,46384
2850,93388800,0.9547869172090215,3.5992713928222657,0.4046496391296387,,46367
2860,93716480,0.9543598853385692,3.5675472259521483,0.3936697244644165,,46430
2870,94044160,0.9539309540035318,3.59472541809082,0.4028195381164551,,46457
2880,94371840,0.953500125218797,3.5593658447265626,0.3980406761169434,,46338
2890,94699520,0.9530674010081663,3.5318187713623046,0.4074233055114746,,46562
2900,95027200,0.9526327834043443,3.5021629333496094,0.40497426986694335,,46381
2910,95354880,0.9521962744489302,3.608453369140625,0.41076292991638186,,46591
2920,95682560,0.9517578761924075,3.553995895385742,0.4007580757141113,,46396
2930,96010240,0.9513175906941347,3.5426612854003907,0.40073385238647463,,46662
2940,96337920,0.9508754200223356,3.534798431396484,0.3986596345901489,,46410
2950,96665600,0.9504313662540893,3.5312904357910155,0.4141414642333984,,46390
2960,96993280,0.949985431475321,3.4857357025146483,0.3901172637939453,,46385
2970,97320960,0.9495376177807917,3.5685073852539064,0.4104475021362305,,46378
2980,97648640,0.9490879272740883,3.5444309234619142,0.4113203525543213,,46351
2990,97976320,0.9486363620676144,3.5216156005859376,0.4034904479980469,,46399
3000,98304000,0.9481829242825798,3.548086929321289,0.39458796977996824,,46352
3010,98631680,0.9477276160489903,3.5617679595947265,0.399989652633667,,46371
3020,98959360,0.9472704395056386,3.511107635498047,0.4078967571258545,,46463
3030,99287040,0.9468113968000933,3.503053665161133,0.40575876235961916,,46466
3040,99614720,0.9463504900886894,3.579227066040039,0.40285491943359375,,46430
3050,99942400,0.9458877215365181,3.5380760192871095,0.39558141231536864,,46716
3060,100270080,0.9454230933174161,3.5483734130859377,0.41504974365234376,,46412
3070,100597760,0.9449566076139565,3.5603969573974608,0.4052438735961914,,46432
3080,100925440,0.944488266617437,3.556409454345703,0.4246634006500244,,46318
3090,101253120,0.9440180725278713,3.5952396392822266,0.41610007286071776,,46452
3100,101580800,0.9435460275539773,3.5169418334960936,0.4145676136016846,,46320
3110,101908480,0.9430721339131679,3.5499412536621096,0.41408023834228513,,46341
3120,102236160,0.9425963938315396,3.4993701934814454,0.40258493423461916,,46422
3130,102563840,0.9421188095438624,3.522665786743164,0.40134553909301757,,46607
3140,102891520,0.94163938329357,3.5828929901123048,0.42401828765869143,,46493
3150,103219200,0.9411581173327482,3.5355690002441404,0.40917439460754396,,46241
3160,103546880,0.9406750139221247,3.551667404174805,0.4013360977172852,,46475
3170,103874560,0.9401900753310587,3.503450393676758,0.40135645866394043,,46326
3180,104202240,0.9397033038375302,3.465147018432617,0.40296335220336915,,46466
3190,104529920,0.9392147017281288,3.5563369750976563,0.41776275634765625,,46656
3200,104857600,0.9387242712980439,3.530353546142578,0.4065291404724121,,46336
3210,105185280,0.9382320148510529,3.5311748504638674,0.41420555114746094,,46500
3220,105512960,0.937737934699511,3.515085220336914,0.41301393508911133,,46343
3230,105840640,0.9372420331643404,3.52154655456543,0.41577682495117185,,46408
3240,106168320,0.9367443125750188,3.493141937255859,0.41101346015930174,,46360
3250,106496000,0.936244775269569,3.5206058502197264,0.4092308521270752,,46358
3260,106823680,0.9357434235945475,3.4654090881347654,0.39212956428527834,,46388
3270,107151360,0.9352402599050346,3.4447330474853515,0.41397843360900877,,46381
3280,107479040,0.9347352865646213,3.5288616180419923,0.4077448844909668,,46365
3290,107806720,0.9342285059454002,3.4475452423095705,0.400616455078125,,46842
3300,108134400,0.9337199204279533,3.466957855224609,0.3939828872680664,,47365
3310,108462080,0.9332095324013407,3.5347370147705077,0.3981029033660889,,47312
3320,108789760,0.93269734426309,3.547161102294922,0.40927724838256835,,47569
3330,109117440,0.9321833584191851,3.5756561279296877,0.426953649520874,,47326
3340,109445120,0.9316675772840538,3.4764682769775392,0.4107689380645752,,46926
3350,109772800,0.9311500032805579,3.5258731842041016,0.41593480110168457,,46501
3360,110100480,0.9306306388399807,3.5011695861816405,0.40588808059692383,,46413
3370,110428160,0.9301094864020161,3.5013351440429688,0.4134658336639404,,46410
3380,110755840,0.929586548414757,3.5270519256591797,0.39521887302398684,,46391
3390,111083520,0.929061827334684,3.4183292388916016,0.3990907907485962,,46388
3400,111411200,0.928535325626654,3.511280059814453,0.4041545867919922,,46351
3410,111738880,0.9280070457638875,3.5500308990478517,0.41488113403320315,,46152
3420,112066560,0.9274769902279585,3.488656234741211,0.4293032169342041,,46377
3430,112394240,0.9269451615087818,3.485606002807617,0.4175846099853516,,45975
3440,112721920,0.926411562104602,3.4886028289794924,0.3993512153625488,,46418
3450,113049600,0.9258761945219811,3.4430103302001953,0.40163583755493165,,46425
3460,113377280,0.9253390612757871,3.4563331604003906,0.3958356618881226,,46450
3470,113704960,0.9248001648891824,3.527949905395508,0.4132505416870117,,46483
3480,114032640,0.9242595078936112,3.51886100769043,0.4083548545837402,,46351
3490,114360320,0.9237170928287887,3.4667289733886717,0.4057328224182129,,46353
3500,114688000,0.923172922242688,3.541493225097656,0.4026776313781738,,46429
3510,115015680,0.922626998691529,3.471969985961914,0.4149409294128418,,46374
3520,115343360,0.922079324739766,3.4438545227050783,0.4101132392883301,,46432
3530,115671040,0.9215299029600759,3.477259063720703,0.40247282981872556,,46371
3540,115998720,0.9209787359333456,3.495166778564453,0.4055808067321777,,46352
3550,116326400,0.9204258262486603,3.488444519042969,0.4065112113952637,,46355
3560,116654080,0.9198711765032919,3.4473766326904296,0.4058419704437256,,46524
3570,116981760,0.9193147893026851,3.4239879608154298,0.4011066436767578,,46464
3580,117309440,0.9187566672604472,3.462145233154297,0.4016148567199707,,46406
3590,117637120,0.9181968129983342,3.4664966583251955,0.39948508739471433,,46381
3600,117964800,0.9176352291462395,3.4766101837158203,0.4079294204711914,,46380
3610,118292480,0.9170719183421812,3.50797119140625,0.40897040367126464,,46373
3620,118620160,0.9165068832322891,3.468030548095703,0.4043952465057373,,46375
3630,118947840,0.9159401264707938,3.4414825439453125,0.4017010688781738,,46431
3640,119275520,0.9153716507200125,3.4677455902099608,0.4050179958343506,,46423
3650,119603200,0.9148014586503377,3.54346923828125,0.4044816970825195,,46364
3660,119930880,0.9142295529402239,3.4735157012939455,0.4015911102294922,,46408
3670,120258560,0.9136559362761759,3.456990432739258,0.40142407417297366,,46412
3680,120586240,0.9130806113527351,3.456013870239258,0.4150334358215332,,46374
3690,120913920,0.9125035808724679,3.489969253540039,0.4020065784454346,,46390
3700,121241600,0.9119248475459516,3.414947509765625,0.39832262992858886,,46168
3710,121569280,0.9113444140917637,3.4806175231933594,0.40230817794799806,,46433
3720,121896960,0.9107622832364672,3.4116058349609375,0.3997660636901855,,46398
3730,122224640,0.9101784577145987,3.440093231201172,0.395090913772583,,46355
3740,122552320,0.9095929402686556,3.4255935668945314,0.3970955848693848,,46213
3750,122880000,0.9090057336490831,3.5007984161376955,0.4092880725860596,,46356
3760,123207680,0.908416840614261,3.462922286987305,0.44304823875427246,,46524
3770,123535360,0.9078262639304908,3.5292484283447267,0.42024574279785154,,46470
3780,123863040,0.9072340063719835,3.431895065307617,0.4158497333526611,,46265
3790,124190720,0.9066400707208456,3.4025779724121095,0.4095907688140869,,46339
3800,124518400,0.906044459767066,3.4885414123535154,0.4049546718597412,,46349
3810,124846080,0.905447176308504,3.4737407684326174,0.4033359050750732,,46383
3820,125173760,0.9048482231508749,3.4053218841552733,0.4054441452026367,,46395
3830,125501440,0.9042476031077374,3.451598358154297,0.4072176456451416,,46368
3840,125829120,0.9036453190004807,3.4400169372558596,0.4160043716430664,,46387
3850,126156800,0.9030413736583102,3.4873619079589844,0.398524808883667,,46350
3860,126484480,0.9024357699182355,3.4548755645751954,0.41033077239990234,,46321
3870,126812160,0.9018285106250563,3.4453445434570313,0.4100161552429199,,46391
3880,127139840,0.901219598631349,3.43163948059082,0.40803680419921873,,46335
3890,127467520,0.9006090367974537,3.446303939819336,0.4037132263183594,,46497
3900,127795200,0.8999968279914605,3.42327766418457,0.41772985458374023,,46405
3910,128122880,0.8993829750891961,3.4910449981689453,0.4046950340270996,,46601
3920,128450560,0.8987674809742102,3.435002899169922,0.40451703071594236,,46410
3930,128778240,0.8981503485377622,3.470137023925781,0.4064600944519043,,46337
3940,129105920,0.8975315806788072,3.416936492919922,0.40314464569091796,,46414
3950,129433600,0.8969111803039826,3.458633041381836,0.4040107250213623,,46357
3960,129761280,0.8962891503275952,3.4094615936279298,0.4103086471557617,,46434
3970,130088960,0.8956654936716058,3.4475730895996093,0.4055019378662109,,46673
3980,130416640,0.8950402132656169,3.472772216796875,0.4068232536315918,,46349
3990,130744320,0.8944133120468587,3.425176239013672,0.418477725982666,,46488
4000,131072000,0.8937847929601748,3.432666778564453,0.4130701065063477,,46362
4010,131399680,0.8931546589580086,3.4577869415283202,0.4181532859802246,,46347
4020,131727360,0.8925229130003902,3.4888282775878907,0.41016407012939454,,46357
4030,132055040,0.8918895580549208,3.4193351745605467,0.41104812622070314,,46577
4040,132382720,0.8912545970967604,3.4501285552978516,0.39491589069366456,,47576
4050,132710400,0.8906180331086129,3.4326576232910155,0.4073153495788574,,47296
4060,133038080,0.8899798690807127,3.4106670379638673,0.405008602142334,,47484
4070,133365760,0.8893401080108099,3.4961036682128905,0.4250660419464111,,47731
4080,133693440,0.8886987529041569,3.4187511444091796,0.39893398284912107,,47150
4090,134021120,0.888055806773494,3.4511428833007813,0.4183640480041504,,46359
4100,134348800,0.8874112726390354,3.4097999572753905,0.4156580924987793,,46375
4110,134676480,0.8867651535284545,3.458577346801758,0.4044958114624023,,46340
4120,135004160,0.8861174524768703,3.4223491668701174,0.40250482559204104,,46365
4130,135331840,0.8854681725268331,3.4426643371582033,0.41170034408569334,,46390
4140,135659520,0.8848173167283098,3.4639896392822265,0.40459551811218264,,46392
4150,135987200,0.8841648881386694,3.4326702117919923,0.3999242067337036,,46029
4160,136314880,0.88351088982267,3.4452980041503904,0.40967135429382323,,46376
4170,136642560,0.8828553248524423,3.4063411712646485,0.41161208152770995,,46407
4180,136970240,0.8821981963074773,3.4495697021484375,0.4119907855987549,,46357
4190,137297920,0.8815395072746101,3.4403499603271483,0.41098785400390625,,46527
4200,137625600,0.8808792608480065,3.374955749511719,0.410784912109375,,46501
4210,137953280,0.8802174601291479,3.4421920776367188,0.40707669258117674,,46399
4220,138280960,0.8795541082268172,3.4218040466308595,0.40892863273620605,,46392
4230,138608640,0.8788892082570837,3.458388900756836,0.4047229766845703,,46356
4240,138936320,0.8782227633432887,3.4250629425048826,0.4040494918823242,,46360
4250,139264000,0.877554776616031,3.407146453857422,0.4102524757385254,,46490
4260,139591680,0.8768852512131515,3.4084751129150392,0.4005428314208984,,46394
4270,139919360,0.8762141902797198,3.4186935424804688,0.4065408229827881,,46417
4280,140247040,0.8755415969680176,3.409494400024414,0.41130905151367186,,46428
4290,140574720,0.8748674744375259,3.4592018127441406,0.41535439491271975,,46365
4300,140902400,0.8741918258549084,3.392029571533203,0.41007542610168457,,46504
4310,141230080,0.8735146543939974,3.4437976837158204,0.40612192153930665,,46455
4320,141557760,0.8728359632357797,3.3881198883056642,0.41609749794006345,,46556
4330,141885440,0.8721557555683797,3.417530822753906,0.41242265701293945,,46414
4340,142213120,0.8714740345870462,3.3650539398193358,0.411281681060791,,46315
4350,142540800,0.8707908034941365,3.4245792388916017,0.4039915084838867,,46357
4360,142868480,0.8701060654991017,3.4202003479003906,0.411320161819458,,46380
4370,143196160,0.8694198238184716,3.4130615234375,0.41211495399475095,,46395
4380,143523840,0.8687320816758393,3.3827133178710938,0.40532336235046384,,46360
4390,143851520,0.8680428423018461,3.3988723754882812,0.4039470195770264,,46406
4400,144179200,0.8673521089341671,3.3782188415527346,0.4071783542633057,,46473
4410,144506880,0.866659884817495,3.400812530517578,0.43411693572998045,,46378
4420,144834560,0.865966173203525,3.3616897583007814,0.4069854736328125,,46452
4430,145162240,0.86527097735094,3.4285083770751954,0.4167620658874512,,46329
4440,145489920,0.8645743005253953,3.438539505004883,0.4159766674041748,,46363
4450,145817600,0.8638761459995025,3.384135055541992,0.4166849613189697,,46441
4460,146145280,0.8631765170528151,3.3768333435058593,0.4039039611816406,,46346
4470,146472960,0.8624754169718122,3.3422889709472656,0.4113298892974854,,46370
4480,146800640,0.8617728490498839,3.389679718017578,0.40871419906616213,,46377
4490,147128320,0.8610688165873153,3.2477577209472654,0.3949912071228027,,46375
4500,147456000,0.860363322891271,3.3507457733154298,0.41069579124450684,,46392
4510,147783680,0.8596563712757798,3.355640411376953,0.4062665939331055,,46351
4520,148111360,0.8589479650617188,3.349099349975586,0.40863466262817383,,46361
4530,148439040,0.8582381075767984,3.3568775177001955,0.41588282585144043,,46341
4540,148766720,0.8575268021555462,3.3968952178955076,0.4130366802215576,,46377
4550,149094400,0.8568140521392911,3.3897930145263673,0.4047100067138672,,46410
4560,149422080,0.8560998608761481,3.3871978759765624,0.4084600925445557,,46340
4570,149749760,0.8553842317210026,3.419890213012695,0.41245355606079104,,46363
4580,150077440,0.8546671680354943,3.3637004852294923,0.4048419952392578,,46374
4590,150405120,0.8539486731880013,3.396262359619141,0.40393943786621095,,46410
4600,150732800,0.8532287505536249,3.3502479553222657,0.40943593978881837,,46630
4610,151060480,0.8525074035141732,3.4017784118652346,0.41522417068481443,,46395
4620,151388160,0.8517846354581458,3.394651412963867,0.433834171295166,,46414
4630,151715840,0.8510604497807165,3.3927921295166015,0.4472945213317871,,46366
4640,152043520,0.8503348498837191,3.3413963317871094,0.42383909225463867,,46343
4650,152371200,0.8496078391756305,3.3873035430908205,0.4246664524078369,,46384
4660,152698880,0.8488794210715549,3.3426246643066406,0.41773128509521484,,46392
4670,153026560,0.8481495989932074,3.3507011413574217,0.4018422603607178,,46475
4680,153354240,0.8474183763688985,3.4104682922363283,0.4044960975646973,,46372
4690,153681920,0.8466857566335172,3.366590118408203,0.40523386001586914,,46359
4700,154009600,0.8459517432285163,3.416551208496094,0.4188539505004883,,46370
4710,154337280,0.8452163396018946,3.358380889892578,0.41007046699523925,,46351
4720,154664960,0.8444795492081815,3.3754016876220705,0.41602377891540526,,46371
4730,154992640,0.8437413755084207,3.406110382080078,0.4334989070892334,,46406
4740,155320320,0.8430018219701542,3.4029747009277345,0.42082767486572265,,46345
4750,155648000,0.8422608920674052,3.3705387115478516,0.4308798313140869,,46454
4760,155975680,0.841518589280663,3.405922698974609,0.4098054885864258,,46409
4770,156303360,0.8407749170968652,3.385071563720703,0.4114548683166504,,46503
4780,156631040,0.8400298790093831,3.340502166748047,0.40842227935791015,,46441
4790,156958720,0.8392834785180031,3.3438430786132813,0.4109243392944336,,46355
4800,157286400,0.8385357191289123,3.365221405029297,0.41355123519897463,,47201
4810,157614080,0.837786604354681,3.361709213256836,0.4078857421875,,47286
4820,157941760,0.8370361377142459,3.3969646453857423,0.41499714851379393,,47311
4830,158269440,0.8362843227328948,3.3001819610595704,0.42120046615600587,,47503
4840,158597120,0.8355311629422486,3.3192176818847656,0.4085574150085449,,47272
4850,158924800,0.8347766618802456,3.339939498901367,0.4128106117248535,,46619
4860,159252480,0.8340208230911248,3.345216751098633,0.42082953453063965,,46349
4870,159580160,0.8332636501254091,3.344089889526367,0.4147025108337402,,46356
4880,159907840,0.8325051465398888,3.377249908447266,0.42718935012817383,,46380
4890,160235520,0.8317453158976044,3.386676025390625,0.42087955474853517,,46358
4900,160563200,0.8309841617678299,3.294143295288086,0.4065558433532715,,46291
4910,160890880,0.8302216877260572,3.3439357757568358,0.4129422664642334,,46355
4920,161218560,0.829457897353978,3.3506484985351563,0.41479291915893557,,46376
4930,161546240,0.8286927942394671,3.3250106811523437,0.43249993324279784,,46336
4940,161873920,0.8279263819765664,3.3742923736572266,0.43081374168395997,,46380
4950,162201600,0.827158664165467,3.3337100982666015,0.40911121368408204,,46351
4960,162529280,0.8263896444124933,3.3348297119140624,0.40937099456787107,,46339
4970,162856960,0.825619326330085,3.3006240844726564,0.41488027572631836,,46394
4980,163184640,0.8248477135367809,3.3424236297607424,0.42109527587890627,,46349
4990,163512320,0.8240748096572016,3.3049922943115235,0.43375349044799805,,46381
5000,163840000,0.8233006183220325,3.300037384033203,0.41736736297607424,,46403
5010,164167680,0.8225251431680068,3.3548915863037108,0.4121418476104736,,46484
5020,164495360,0.8217483878378885,3.2792720794677734,0.4122504234313965,,46454
5030,164823040,0.8209703559804551,3.34068603515625,0.4157811164855957,,46551
5040,165150720,0.8201910512504803,3.373495101928711,0.4212032794952393,,46413
5050,165478400,0.8194104773087175,3.383942413330078,0.41393156051635743,,46387
5060,165806080,0.8186286378218818,3.321258544921875,0.41026082038879397,,46425
5070,166133760,0.8178455364626335,3.3142845153808596,0.4075422763824463,,46376
5080,166461440,0.8170611769095599,3.2483074188232424,0.415300989151001,,46506
5090,166789120,0.8162755628471595,3.2426162719726563,0.4359706401824951,,46392
5100,167116800,0.815488697965823,3.3200687408447265,0.4447307586669922,,46452
5110,167444480,0.8147005859618172,3.3802207946777343,0.4215576648712158,,46334
5120,167772160,0.813911230537267,3.2887928009033205,0.4145310401916504,,46348
5130,168099840,0.8131206354001385,3.370135498046875,0.4151594161987305,,46393
5140,168427520,0.8123288042642208,3.2652488708496095,0.40746393203735354,,46347
5150,168755200,0.8115357408491098,3.3177379608154296,0.4261744499206543,,46529
5160,169082880,0.8107414488801894,3.347364807128906,0.4181778907775879,,46411
5170,169410560,0.8099459320886147,3.3591377258300783,0.4212655544281006,,46435
5180,169738240,0.8091491942112942,3.358292007446289,0.4260678768157959,,46377
5190,170065920,0.8083512389908728,3.305034637451172,0.40856361389160156,,46451
5200,170393600,0.8075520701757136,3.3744762420654295,0.4162459373474121,,46439
5210,170721280,0.8067516915198807,3.3535064697265624,0.4208253860473633,,46369
5220,171048960,0.8059501067831211,3.3416515350341798,0.4261204719543457,,46432
5230,171376640,0.8051473197308472,3.301214599609375,0.4175863742828369,,46507
5240,171704320,0.8043433341341197,3.3068572998046877,0.4083193302154541,,46419
5250,172032000,0.8035381537696291,3.3676124572753907,0.42568049430847166,,46443
5260,172359680,0.8027317824196785,3.3655609130859374,0.4143857955932617,,46380
5270,172687360,0.8019242238721653,3.327549362182617,0.41780872344970704,,46364
5280,173015040,0.8011154819205639,3.2988162994384767,0.41420726776123046,,46349
5290,173342720,0.8003055603639075,3.3283740997314455,0.423828125,,46413
5300,173670400,0.799494463006771,3.3321559906005858,0.4141565799713135,,46396
5310,173998080,0.7986821936592519,3.3651119232177735,0.41245193481445314,,46369
5320,174325760,0.7978687561369534,3.3506263732910155,0.4191758155822754,,46324
5330,174653440,0.7970541542609662,3.322134017944336,0.41875853538513186,,46363
5340,174981120,0.7962383918578503,3.3051982879638673,0.4186450958251953,,46339
5350,175308800,0.7954214727596175,3.392832946777344,0.43736915588378905,,46377
5360,175636480,0.794603400803713,3.296472930908203,0.422847843170166,,46345
5370,175964160,0.7937841798329972,3.2762481689453127,0.41481332778930663,,46388
5380,176291840,0.7929638136957288,3.273550033569336,0.41417956352233887,,46340
5390,176619520,0.7921423062455447,3.346475601196289,0.4136039733886719,,46374
5400,176947200,0.791319661341444,3.2930839538574217,0.41174898147583006,,46372
5410,177274880,0.7904958828477688,3.3607444763183594,0.43211851119995115,,46266
5420,177602560,0.7896709746341858,3.292781448364258,0.4152231216430664,,46356
5430,177930240,0.7888449405756687,3.292021560668945,0.42085041999816897,,46348
5440,178257920,0.78801778455248,3.3146335601806642,0.4231750965118408,,46404
5450,178585600,0.7871895104501523,3.2749134063720704,0.42475061416625975,,46484
5460,178913280,0.7863601221594704,3.2869796752929688,0.41283159255981444,,46623
5470,179240960,0.7855296235764533,3.302663040161133,0.41881546974182127,,46334
5480,179568640,0.7846980186023351,3.341679000854492,0.4138223648071289,,46379
5490,179896320,0.7838653111435474,3.268990325927734,0.43512711524963377,,46351
5500,180224000,0.7830315051117006,3.277858352661133,0.4356665134429932,,46473
5510,180551680,0.7821966044235655,3.297727584838867,0.4289112091064453,,46351
5520,180879360,0.7813606130010551,3.355596160888672,0.4201322078704834,,46430
5530,181207040,0.7805235347712062,3.367208480834961,0.4239481449127197,,46354
5540,181534720,0.7796853736661605,3.340591049194336,0.4316051483154297,,46731
5550,181862400,0.7788461336231468,3.283274841308594,0.4237059116363525,,47309
5560,182190080,0.7780058185844622,3.288895034790039,0.4294003963470459,,47252
5570,182517760,0.777164432497453,3.2516357421875,0.42431211471557617,,47482
5580,182845440,0.7763219793144973,3.3642330169677734,0.4281280994415283,,47375
5590,183173120,0.7754784629929858,3.2566253662109377,0.4193310260772705,,46839
5600,183500800,0.7746338874953032,3.2711082458496095,0.41807870864868163,,46365
5610,183828480,0.773788256788809,3.304338836669922,0.4246941089630127,,46254
5620,184156160,0.7729415748458205,3.294119644165039,0.42107429504394533,,46365
5630,184483840,0.7720938456435924,3.317709732055664,0.42979159355163576,,46463
5640,184811520,0.7712450731642992,3.228420639038086,0.4267891883850098,,46522
5650,185139200,0.7703952613950162,3.332961654663086,0.43936924934387206,,46434
5660,185466880,0.7695444143277006,3.267498779296875,0.4343438148498535,,46500
5670,185794560,0.7686925359591726,3.2812271118164062,0.4249892711639404,,46444
5680,186122240,0.7678396302910978,3.3331787109375,0.4296098709106445,,46384
5690,186449920,0.7669857013299661,3.3370197296142576,0.42946419715881345,,46334
5700,186777600,0.7661307530870757,3.3616466522216797,0.42781753540039064,,46483
5710,187105280,0.7652747895785117,3.2512577056884764,0.42166972160339355,,46360
5720,187432960,0.7644178148251293,3.189485549926758,0.4168673038482666,,46378
5730,187760640,0.7635598328525331,3.3182651519775392,0.42668952941894533,,46356
5740,188088320,0.76270084769106,3.2820621490478517,0.42481303215026855,,46407
5750,188416000,0.7618408633757584,3.308919906616211,0.4259152889251709,,46381
5760,188743680,0.760979883946371,3.3350845336914063,0.4428734302520752,,46429
5770,189071360,0.7601179134473144,3.306568145751953,0.4235538482666016,,46345
5780,189399040,0.7592549559276612,3.305050277709961,0.4261148929595947,,46534
5790,189726720,0.7583910154411201,3.3659629821777344,0.43264002799987794,,46357
5800,190054400,0.7575260960460173,3.3342891693115235,0.4239370346069336,,46442
5810,190382080,0.7566602018052777,3.3307025909423826,0.4243414878845215,,46503
5820,190709760,0.7557933367864051,3.339364242553711,0.43326582908630373,,46341
5830,191037440,0.7549255050614639,3.2851078033447267,0.4242865085601807,,46360
5840,191365120,0.7540567107070592,3.2911235809326174,0.42357749938964845,,46372
5850,191692800,0.753186957804318,3.2820713043212892,0.43709259033203124,,46366
5860,192020480,0.7523162504388706,3.3084640502929688,0.4287501335144043,,46544
5870,192348160,0.7514445927008302,3.3404136657714845,0.4368435382843018,,46490
5880,192675840,0.7505719886847744,3.1979598999023438,0.4375309467315674,,46431
5890,193003520,0.7496984424897264,3.301273727416992,0.4366919040679932,,46347
5900,193331200,0.7488239582191348,3.268281936645508,0.44317626953125,,46446
5910,193658880,0.7479485399808549,3.2903362274169923,0.4297765254974365,,46350
5920,193986560,0.7470721918871295,3.243357849121094,0.418851900100708,,46352
5930,194314240,0.7461949180545687,3.259327697753906,0.42685985565185547,,46378
5940,194641920,0.745316722604132,3.286458969116211,0.4259352207183838,,46466
5950,194969600,0.744437609661108,3.3210201263427734,0.4376649856567383,,46410
5960,195297280,0.7435575833550946,3.2347583770751953,0.43126506805419923,,46410
5970,195624960,0.7426766478199808,3.381308364868164,0.4431406021118164,,46351
5980,195952640,0.7417948071939264,3.2834041595458983,0.4342949867248535,,46424
5990,196280320,0.7409120656193431,3.217121124267578,0.42890224456787107,,46354
6000,196608000,0.7400284272428742,3.236357498168945,0.4254454135894775,,46388
6010,196935680,0.7391438962153765,3.2784934997558595,0.4250803470611572,,46395
6020,197263360,0.7382584766918991,3.2782875061035157,0.425299072265625,,46478
6030,197591040,0.7373721728316657,3.273837661743164,0.4331845760345459,,46531
6040,197918720,0.7364849887980534,3.324530029296875,0.43027191162109374,,46434
6050,198246400,0.7355969287585742,3.3163909912109375,0.4439686298370361,,46411
6060,198574080,0.7347079968848549,3.312993621826172,0.4327542304992676,,46424
6070,198901760,0.733818197352618,3.23986930847168,0.4364820957183838,,46406
6080,199229440,0.7329275343416618,3.1863758087158205,0.421751880645752,,46511
6090,199557120,0.7320360120358402,3.2694675445556642,0.4311537742614746,,46624
6100,199884800,0.7311436346230444,3.2461013793945312,0.434418773651123,,46425
6110,200212480,0.7302504062951819,3.3240997314453127,0.44576201438903806,,46185
6120,200540160,0.7293563312481574,3.2420440673828126,0.43756856918334963,,46351
6130,200867840,0.7284614136818531,3.257959747314453,0.42560677528381347,,46382
6140,201195520,0.7275656578001092,3.194460868835449,0.4317150592803955,,46340
6150,201523200,0.7266690678107032,3.2636642456054688,0.44951186180114744,,46372
6160,201850880,0.7257716479253312,3.255121612548828,0.4380341053009033,,46365
6170,202178560,0.7248734023595879,3.219708251953125,0.4218453407287598,,46491
6180,202506240,0.7239743353329462,3.2580387115478517,0.4258474826812744,,46374
6190,202833920,0.7230744510687378,3.312391662597656,0.4224517345428467,,46378
6200,203161600,0.7221737537941337,3.2712547302246096,0.43509626388549805,,46374
6210,203489280,0.7212722477401238,3.2871280670166017,0.4184922695159912,,46404
6220,203816960,0.7203699371414969,3.3199920654296875,0.4245896816253662,,46412
6230,204144640,0.7194668262368217,3.2500656127929686,0.4240431785583496,,46391
6240,204472320,0.7185629192684256,3.2668338775634767,0.4280198097229004,,46426
6250,204800000,0.7176582204823762,3.227840042114258,0.4253551483154297,,46380
6260,205127680,0.7167527341284602,3.2265766143798826,0.431732177734375,,46362
6270,205455360,0.715846464460164,3.268411636352539,0.4248501777648926,,46349
6280,205783040,0.7149394157346535,3.244070816040039,0.43007512092590333,,46374
6290,206110720,0.7140315922127544,3.264986038208008,0.4315033435821533,,46718
6300,206438400,0.7131229981589317,3.269344711303711,0.4434627056121826,,46492
6310,206766080,0.7122136378412699,3.2228965759277344,0.4339005947113037,,47375
6320,207093760,0.7113035155314535,3.26367073059082,0.4322843074798584,,47353
6330,207421440,0.710392635504746,3.2927440643310546,0.4352385997772217,,47531
6340,207749120,0.70948100203997,3.278321075439453,0.4414435863494873,,47294
6350,208076800,0.7085686194194882,3.3066200256347655,0.42745437622070315,,47633
6360,208404480,0.7076554919291816,3.253171920776367,0.4351952075958252,,46412
6370,208732160,0.7067416238584305,3.247556686401367,0.42712984085083006,,46345
6380,209059840,0.7058270195000943,3.3082965850830077,0.4269688606262207,,46435
6390,209387520,0.7049116831504906,3.287636947631836,0.4345067501068115,,46425
6400,209715200,0.7039956191093758,3.317240524291992,0.4317025661468506,,46404
6410,210042880,0.7030788316799246,3.308847427368164,0.43865270614624025,,46426
6420,210370560,0.7021613251687095,3.2801223754882813,0.4454066753387451,,46366
6430,210698240,0.7012431038856815,3.333475112915039,0.4313413143157959,,46556
6440,211025920,0.7003241721441484,3.2429039001464846,0.4322695732116699,,46407
6450,211353600,0.699404534260756,3.2759017944335938,0.4321342945098877,,46322
6460,211681280,0.6984841945554667,3.233563232421875,0.46400675773620603,,46498
6470,212008960,0.6975631573515402,3.193960189819336,0.4335914611816406,,46339
6480,212336640,0.6966414269755121,3.252180480957031,0.43003158569335936,,46449
6490,212664320,0.6957190077571747,3.26293830871582,0.4383057117462158,,46543
6500,212992000,0.6947959040295556,3.1770172119140625,0.43790740966796876,,46527
6510,213319680,0.693872120128898,3.2769298553466797,0.43067317008972167,,46553
6520,213647360,0.6929476603946405,3.271631622314453,0.45452008247375486,,46355
6530,213975040,0.6920225291693962,3.2443492889404295,0.44260272979736326,,46400
6540,214302720,0.6910967307989323,3.18746395111084,0.43866825103759766,,46354
6550,214630400,0.6901702696321502,3.2184547424316405,0.45914506912231445,,46370
6560,214958080,0.6892431500210646,3.2546802520751954,0.4409183025360107,,46369
6570,215285760,0.6883153763207832,3.346481704711914,0.4419699192047119,,46363
6580,215613440,0.6873869528894864,3.2316749572753904,0.43978137969970704,,46050
6590,215941120,0.6864578840884065,3.2832603454589844,0.4468566417694092,,46449
6600,216268800,0.6855281742818073,3.2332874298095704,0.4365397930145264,,46377
6610,216596480,0.6845978278369642,3.246883773803711,0.44597883224487306,,46355
6620,216924160,0.683666849124143,3.3127857208251954,0.43799419403076173,,46082
6630,217251840,0.6827352425165789,3.247526168823242,0.444240665435791,,46408
6640,217579520,0.6818030123904574,3.2801589965820312,0.43839211463928224,,46258
6650,217907200,0.6808701631248927,3.2418052673339846,0.43442549705505373,,46088
6660,218234880,0.6799366991019075,3.251616668701172,0.45147194862365725,,46378
6670,218562560,0.6790026247064119,3.2753280639648437,0.4500125885009766,,46418
6680,218890240,0.6780679443261837,3.227212142944336,0.44327526092529296,,46365
6690,219217920,0.6771326623518468,3.2538501739501955,0.4644934177398682,,46376
6700,219545600,0.6761967831768516,3.241364288330078,0.43544158935546873,,46333
6710,219873280,0.6752603111974533,3.233354187011719,0.43727569580078124,,46454
6720,220200960,0.6743232508126922,3.2842647552490236,0.44443669319152834,,46194
6730,220528640,0.6733856064243724,3.2751270294189454,0.45012316703796384,,46252
6740,220856320,0.6724473824370414,3.1593864440917967,0.4259633541107178,,46108
6750,221184000,0.6715085832579691,3.218006134033203,0.4395336627960205,,46422
6760,221511680,0.6705692132971278,3.2299304962158204,0.45169668197631835,,46392
6770,221839360,0.6696292769671708,3.1598543167114257,0.4420758247375488,,46382
6780,222167040,0.6686887786834115,3.247190475463867,0.4529253005981445,,46366
6790,222494720,0.6677477228638038,3.2543663024902343,0.45455193519592285,,46361
6800,222822400,0.6668061139289202,3.2104007720947267,0.4347230434417725,,46365
6810,223150080,0.6658639563019313,3.248035430908203,0.4473592281341553,,46433
6820,223477760,0.6649212544085855,3.2635208129882813,0.43913092613220217,,46420
6830,223805440,0.6639780126771876,3.130489730834961,0.43593263626098633,,46354
6840,224133120,0.6630342355385784,3.224285888671875,0.4401050567626953,,46378
6850,224460800,0.6620899274261136,3.2115528106689455,0.4402634620666504,,46347
6860,224788480,0.6611450927756435,3.242026519775391,0.4383877754211426,,46443
6870,225116160,0.6601997360254913,3.237862396240234,0.44784998893737793,,46355
6880,225443840,0.659253861616433,3.180369567871094,0.4417726039886475,,46373
6890,225771520,0.6583074739916764,3.1981348037719726,0.437847375869751,,46458
6900,226099200,0.65736057759684,3.2343711853027344,0.4462493896484375,,46355
6910,226426880,0.656413176879932,3.283186340332031,0.4455875396728516,,46515
6920,226754560,0.65546527629133,3.29432373046875,0.4479166030883789,,46433
6930,227082240,0.6545168802837597,3.244376373291016,0.4634705543518066,,46698
6940,227409920,0.6535679933122733,3.2509082794189452,0.45215573310852053,,46546
6950,227737600,0.6526186198342305,3.2121646881103514,0.4417229652404785,,46485
6960,228065280,0.6516687643092755,3.2727432250976562,0.4447843074798584,,46343
6970,228392960,0.6507184311993169,3.2547462463378904,0.4451077938079834,,46356
6980,228720640,0.6497676249685073,3.2032161712646485,0.4458347797393799,,46372
6990,229048320,0.648816350083221,3.209691619873047,0.4365535259246826,,46394
7000,229376000,0.6478646110120344,3.1976621627807615,0.4475972652435303,,46383
7010,229703680,0.6469124122257043,3.1968992233276365,0.43411927223205565,,46083
7020,230031360,0.6459597581971467,3.2164283752441407,0.4451427459716797,,46405
7030,230359040,0.6450066534014163,3.1369701385498048,0.4454503536224365,,46385
7040,230686720,0.6440531023156852,3.2228546142578125,0.4511590003967285,,46562
7050,231014400,0.643099109419222,3.2132774353027345,0.44900059700012207,,46986
7060,231342080,0.6421446791933706,3.1853569030761717,0.4407172679901123,,47504
7070,231669760,0.6411898161215294,3.2030414581298827,0.4385791301727295,,47345
7080,231997440,0.6402345246891296,3.191849136352539,0.5802146911621093,,47376
7090,232325120,0.6392788093836153,3.179789733886719,0.47713866233825686,,47308
7100,232652800,0.6383226746944214,3.1472152709960937,0.4507542610168457,,46993
7110,232980480,0.6373661251129528,3.144124984741211,0.45082521438598633,,46384
7120,233308160,0.6364091651325631,3.14359073638916,0.4444164752960205,,46474
7130,233635840,0.6354517992485343,3.2568626403808594,0.4573112964630127,,46534
7140,233963520,0.6344940319580545,3.212767791748047,0.43991827964782715,,46427
7150,234291200,0.6335358677601981,3.2223861694335936,0.44408516883850097,,46353
7160,234618880,0.6325773111559034,3.2141643524169923,0.45468478202819823,,46358
7170,234946560,0.631618366647952,3.201799011230469,0.43900165557861326,,46363
7180,235274240,0.6306590387409481,3.193023109436035,0.4397846221923828,,46383
7190,235601920,0.6296993319412965,3.2088481903076174,0.4453588485717773,,46394
7200,235929600,0.6287392507571821,3.236623001098633,0.4383446216583252,,46367
7210,236257280,0.627778799698548,3.180975151062012,0.44683384895324707,,46627
7220,236584960,0.6268179832770756,3.202123260498047,0.44586944580078125,,46490
7230,236912640,0.6258568060061616,3.176888656616211,0.4601754665374756,,46442
7240,237240320,0.6248952724008985,3.206251525878906,0.4447618007659912,,45844
7250,237568000,0.6239333869780525,3.2078784942626952,0.4477959632873535,,46394
7260,237895680,0.6229711542560421,3.1794221878051756,0.4383634090423584,,46376
7270,238223360,0.6220085787549176,3.1825225830078123,0.4402907371520996,,46366
7280,238551040,0.6210456649963396,3.128577995300293,0.43854317665100095,,46353
7290,238878720,0.6200824175035572,3.184610366821289,0.4512316226959229,,46383
7300,239206400,0.6191188408013876,3.2228851318359375,0.4535519123077393,,46234
7310,239534080,0.618154939416194,3.151999855041504,0.45200300216674805,,46381
7320,239861760,0.6171907178758654,3.167658042907715,0.4378903865814209,,46454
7330,240189440,0.6162261807097943,3.2148365020751952,0.4487292766571045,,46704
7340,240517120,0.615261332448856,3.216175842285156,0.45023136138916015,,46433
7350,240844800,0.6142961776253867,3.183022117614746,0.44569945335388184,,46424
7360,241172480,0.6133307207731634,3.1839826583862303,0.4648277282714844,,46624
7370,241500160,0.6123649664273816,3.180286979675293,0.44541277885437014,,46344
7380,241827840,0.6113989191246338,3.181999397277832,0.4529247283935547,,46387
7390,242155520,0.6104325834028894,3.1807153701782225,0.4449657917022705,,46416
7400,242483200,0.6094659638014722,3.214901351928711,0.44481120109558103,,46363
7410,242810880,0.6084990648610393,3.1771142959594725,0.4404138565063477,,46397
7420,243138560,0.6075318911235607,3.261729049682617,0.4529110431671143,,46401
7430,243466240,0.6065644471322965,3.2344486236572267,0.45778598785400393,,46400
7440,243793920,0.6055967374317768,3.2663097381591797,0.45135183334350587,,46440
7450,244121600,0.6046287665677795,3.2085289001464843,0.4501232147216797,,46347
7460,244449280,0.6036605390873098,3.1928937911987303,0.4497513771057129,,46403
7470,244776960,0.6026920595385779,3.188461494445801,0.4570725440979004,,46476
7480,245104640,0.6017233324709779,3.1904827117919923,0.4514820098876953,,46431
7490,245432320,0.6007543624350674,3.1257795333862304,0.45171432495117186,,46413
7500,245760000,0.5997851539825445,3.1126184463500977,0.44599137306213377,,46409
7510,246087680,0.5988157116662278,3.137030029296875,0.44223799705505373,,46378
7520,246415360,0.5978460400400343,3.141040802001953,0.4432089805603027,,46322
7530,246743040,0.5968761436589581,3.1678462982177735,0.4564394950866699,,46161
7540,247070720,0.595906027079049,3.2207393646240234,0.4522520065307617,,46359
7550,247398400,0.5949356948573915,3.15356502532959,0.4472846031188965,,46456
7560,247726080,0.593965151552083,3.183017539978027,0.44579505920410156,,46534
7570,248053760,0.5929944017222119,3.125187110900879,0.44324617385864257,,46437
7580,248381440,0.5920234499278374,3.2166187286376955,0.4481748104095459,,46369
7590,248709120,0.5910523007299672,3.1719261169433595,0.44320001602172854,,46142
7600,249036800,0.5900809586905363,3.214532470703125,0.4460212230682373,,46367
7610,249364480,0.5891094283723856,3.193887710571289,0.44823646545410156,,46357
7620,249692160,0.5881377143392402,3.2252716064453124,0.45432291030883787,,46355
7630,250019840,0.5871658211556886,3.259674835205078,0.45786561965942385,,46432
7640,250347520,0.5861937533871606,3.144333076477051,0.44454188346862794,,46312
7650,250675200,0.585221515599906,3.189029312133789,0.45552754402160645,,46360
7660,251002880,0.5842491123609734,3.1241613388061524,0.4698323249816895,,46367
7670,251330560,0.5832765482381888,3.215626525878906,0.45319232940673826,,46390
7680,251658240,0.5823038278001335,3.188808822631836,0.4785266399383545,,46354
7690,251985920,0.5813309556161232,3.15969181060791,0.45383009910583494,,46395
7700,252313600,0.5803579362561871,3.1863351821899415,0.4482231140136719,,46214
7710,252641280,0.5793847742910447,3.218985748291016,0.45683746337890624,,46625
7720,252968960,0.5784114742920861,3.1860324859619142,0.4613335132598877,,46405
7730,253296640,0.5774380408313496,3.1076175689697267,0.4536259174346924,,46360
7740,253624320,0.5764644784815004,3.1570587158203125,0.4582839012145996,,46451
7750,253952000,0.575490791815809,3.2193954467773436,0.45531044006347654,,46390
7760,254279680,0.5745169854081302,3.1920257568359376,0.4476125717163086,,46684
7770,254607360,0.5735430638328811,3.12652587890625,0.4465195178985596,,46440
7780,254935040,0.5725690316650198,3.153585433959961,0.47684531211853026,,46372
7790,255262720,0.571594893480024,3.1688058853149412,0.45287199020385743,,46388
7800,255590400,0.5706206538538694,3.192441940307617,0.46097140312194823,,46396
7810,255918080,0.5696463173630077,3.2087806701660155,0.46917223930358887,,46893
7820,256245760,0.5686718885843468,3.1858583450317384,0.4552196979522705,,47854
7830,256573440,0.5676973720952269,3.175982856750488,0.4669673919677734,,47255
7840,256901120,0.5667227724734006,3.179597854614258,0.4757835388183594,,47263
7850,257228800,0.5657480942970116,3.207377243041992,0.4559903621673584,,47311
7860,257556480,0.5647733421445715,3.1806949615478515,0.45658235549926757,,46921
7870,257884160,0.5637985205949405,3.199258804321289,0.4522028923034668,,46440
7880,258211840,0.5628236342273044,3.1938520431518556,0.4487407684326172,,46339
7890,258539520,0.5618486876211529,3.1900611877441407,0.45965118408203126,,46413
7900,258867200,0.5608736853562596,3.188320350646973,0.4583577156066895,,46351
7910,259194880,0.5598986320126588,3.1713085174560547,0.4487664222717285,,46373
7920,259522560,0.5589235321706254,3.0765146255493163,0.44965429306030275,,46353
7930,259850240,0.557948390410652,3.180302047729492,0.46039562225341796,,46339
7940,260177920,0.5569732113134289,3.172213554382324,0.45783166885375975,,46419
7950,260505600,0.5559979994598211,3.1492462158203125,0.4611687183380127,,46359
7960,260833280,0.5550227594308477,3.2296321868896483,0.4572153568267822,,46531
7970,261160960,0.5540474958076603,3.109780693054199,0.4453250885009766,,46476
7980,261488640,0.5530722131715214,3.163369560241699,0.45374069213867185,,46296
7990,261816320,0.5520969161037825,3.1604537963867188,0.45657849311828613,,46480
8000,262144000,0.551121609185863,3.1987937927246093,0.45276870727539065,,46393
8010,262471680,0.5501462969992287,3.1039201736450197,0.4489413261413574,,46404
8020,262799360,0.5491709841253699,3.1147768020629885,0.4528944492340088,,46369
8030,263127040,0.5481956751457805,3.158257484436035,0.4503787517547607,,46400
8040,263454720,0.5472203746419358,3.160486602783203,0.4550974369049072,,46592
8050,263782400,0.5462450871952715,3.1089672088623046,0.4517374992370605,,46376
8060,264110080,0.5452698173871616,3.1112184524536133,0.457322359085083,,46350
8070,264437760,0.5442945697988978,3.1722234725952148,0.45357022285461424,,46376
8080,264765440,0.5433193490116667,3.1753171920776366,0.4611172676086426,,46395
8090,265093120,0.5423441596065299,3.1479255676269533,0.45859322547912595,,46406
8100,265420800,0.5413690061644008,3.159417724609375,0.45905170440673826,,46448
8110,265748480,0.5403938932660243,3.148332405090332,0.46187567710876465,,46229
8120,266076160,0.5394188254919544,3.1854156494140624,0.45372862815856935,,46400
8130,266403840,0.538443807422534,3.137517547607422,0.45540614128112794,,46372
8140,266731520,0.5374688436378715,3.145062255859375,0.45177621841430665,,46378
8150,267059200,0.5364939387178209,3.1844154357910157,0.4515571594238281,,46415
8160,267386880,0.5355190972419597,3.076499366760254,0.45006208419799804,,46487
8170,267714560,0.5345443237895667,3.193255615234375,0.46710977554321287,,46345
8180,268042240,0.5335696229396024,3.157394790649414,0.460843563079834,,46433
8190,268369920,0.532594999270685,3.1722484588623048,0.4562209129333496,,46610
8200,268697600,0.5316204573610711,3.2128440856933596,0.45768418312072756,,46361
8210,269025280,0.5306460017886323,3.158528518676758,0.45804805755615235,,46395
8220,269352960,0.5296716371308356,3.178877067565918,0.4616715908050537,,46390
8230,269680640,0.5286973679647203,3.1275938034057615,0.4540846824645996,,46372
8240,270008320,0.5277231988668772,3.145940589904785,0.4560101509094238,,46445
8250,270336000,0.5267491344134275,3.128440093994141,0.4590260982513428,,46368
8260,270663680,0.5257751791799999,3.185528373718262,0.4610138893127441,,46372
8270,270991360,0.5248013377417113,3.1437057495117187,0.45913305282592776,,45934
8280,271319040,0.523827614673143,3.0879405975341796,0.45253353118896483,,46488
8290,271646720,0.5228540145483207,3.1158880233764648,0.46051740646362305,,45822
8300,271974400,0.5218805419406926,3.190526008605957,0.4592299938201904,,46356
8310,272302080,0.5209072014231075,3.1074024200439454,0.45847272872924805,,46355
8320,272629760,0.5199339975677946,3.183025932312012,0.4649622917175293,,46385
8330,272957440,0.51896093494634,3.178888511657715,0.464275598526001,,46333
8340,273285120,0.5179880181296672,3.2026752471923827,0.4621164321899414,,46375
8350,273612800,0.5170152516880143,3.066269302368164,0.45955071449279783,,46375
8360,273940480,0.5160426401909136,3.148575210571289,0.46329774856567385,,46367
8370,274268160,0.5150701882071689,3.1758197784423827,0.4568952083587646,,46448
8380,274595840,0.514097900304835,3.1593463897705076,0.46407232284545896,,46440
8390,274923520,0.5131257810511961,3.185698699951172,0.5058882713317872,,46616
8400,275251200,0.5121538350127436,3.143818664550781,0.4572773456573486,,46464
8410,275578880,0.511182066755156,3.065569305419922,0.4601153373718262,,46353
8420,275906560,0.510210480843276,3.147594451904297,0.4536539077758789,,46372
8430,276234240,0.5092390818410902,3.128530502319336,0.459288215637207,,46361
8440,276561920,0.508267874311707,3.118665885925293,0.456922721862793,,46409
8450,276889600,0.5072968628173354,3.1858379364013674,0.46126384735107423,,46386
8460,277217280,0.5063260519192636,3.136175346374512,0.4678656578063965,,46452
8470,277544960,0.5053554461778373,3.157862663269043,0.4671492099761963,,46525
8480,277872640,0.5043850501524388,3.1049137115478516,0.4596588134765625,,46401
8490,278200320,0.5034148684014648,3.1618133544921876,0.4857784748077393,,46254
8500,278528000,0.502444905482306,3.1351261138916016,0.46708383560180666,,46131
8510,278855680,0.5014751659513248,3.1193269729614257,0.46406068801879885,,46458
8520,279183360,0.5005056543638344,3.1113866806030273,0.469086742401123,,46494
8530,279511040,0.499536375274077,3.146680450439453,0.4747281551361084,,46320
8540,279838720,0.4985673332352031,3.0953205108642576,0.46502318382263186,,46370
8550,280166400,0.49759853279924915,3.129111099243164,0.4696036338806152,,46491
8560,280494080,0.4966299785171171,3.133396339416504,0.4716236114501953,,47202
8570,280821760,0.4956616749385523,3.1068351745605467,0.4636594295501709,,47317
8580,281149440,0.49469362661212246,3.1841543197631834,0.46502203941345216,,47338
8590,281477120,0.49372583808519666,3.190482330322266,0.4644519329071045,,47446
8600,281804800,0.4927583139039229,3.140258026123047,0.4609507083892822,,47504
8610,282132480,0.49179105861320815,3.1050853729248047,0.45443105697631836,,46369
8620,282460160,0.4908240767566955,3.1582460403442383,0.48283815383911133,,46390
8630,282787840,0.48985737287674447,3.1295438766479493,0.4722912788391113,,46366
8640,283115520,0.4888909515144081,3.1463333129882813,0.4652097702026367,,46355
8650,283443200,0.4879248172094126,3.1139930725097655,0.46752305030822755,,46362
8660,283770880,0.4869589745001358,3.1652923583984376,0.47444944381713866,,46557
8670,284098560,0.48599342792358535,3.1372913360595702,0.4714552879333496,,46456
8680,284426240,0.48502818201537845,3.126145362854004,0.46237773895263673,,46673
8690,284753920,0.48406324130971956,3.120570182800293,0.4724616050720215,,46407
8700,285081600,0.4830986103393794,3.119532585144043,0.46924629211425783,,46371
8710,285409280,0.4821342936356737,3.1699712753295897,0.47116718292236326,,46420
8720,285736960,0.4811702957284427,3.168787384033203,0.47021775245666503,,46370
8730,286064640,0.48020662114602786,3.1094032287597657,0.463674259185791,,46419
8740,286392320,0.4792432744152527,3.1506858825683595,0.4726876735687256,,46385
8750,286720000,0.47828026006140056,3.1505353927612303,0.46390371322631835,,46345
8760,287047680,0.477317582608193,3.0635299682617188,0.46069955825805664,,46425
8770,287375360,0.4763552465777695,3.1372886657714845,0.46373600959777833,,46383
8780,287703040,0.47539325649066544,3.080257606506348,0.46199488639831543,,46424
8790,288030720,0.4744316168657915,3.1238784790039062,0.47391958236694337,,46394
8800,288358400,0.47347033222041146,3.116676902770996,0.4705911159515381,,46342
8810,288686080,0.47250940707012234,3.1094364166259765,0.4640342712402344,,46408
8820,289013760,0.47154884592883173,3.083534049987793,0.46648130416870115,,46638
8830,289341440,0.4705886533087379,3.1552114486694336,0.4635401725769043,,46515
8840,289669120,0.4696288337203076,3.0879852294921877,0.46464877128601073,,46304
8850,289996800,0.4686693916722554,3.103092384338379,0.46201095581054685,,46546
8860,290324480,0.46771033167152265,3.0952264785766603,0.46797780990600585,,46337
8870,290652160,0.4667516582232554,3.1593103408813477,0.46571736335754393,,46373
8880,290979840,0.46579337583078473,3.1067880630493163,0.45937213897705076,,46344
8890,291307520,0.4648354889956039,3.1373971939086913,0.46511173248291016,,46403
8900,291635200,0.4638780022173489,3.0884719848632813,0.4582062721252441,,46400
8910,291962880,0.4629209199937757,3.1156776428222654,0.47633042335510256,,46362
8920,292290560,0.46196424682074044,3.111302947998047,0.4634121894836426,,46475
8930,292618240,0.4610079871921775,3.0603946685791015,0.4578392505645752,,46322
8940,292945920,0.4600521456000787,3.1112842559814453,0.47168731689453125,,46402
8950,293273600,0.4590967265344721,3.137644577026367,0.4620018482208252,,46339
8960,293601280,0.4581417344834009,3.066457176208496,0.46639394760131836,,46462
8970,293928960,0.45718717393290287,3.098543167114258,0.47278704643249514,,46383
8980,294256640,0.45623304936698816,3.100953483581543,0.470074462890625,,46397
8990,294584320,0.4552793652676195,3.0977739334106444,0.4737237453460693,,46369
9000,294912000,0.4543261261146899,3.106795310974121,0.4623108386993408,,46407
9010,295239680,0.45337333638600297,3.172760772705078,0.47651057243347167,,46367
9020,295567360,0.45242100055725065,3.1572811126708986,0.47819862365722654,,46588
9030,295895040,0.45146912310199294,3.150369071960449,0.4708405017852783,,46448
9040,296222720,0.4505177084916365,3.127284049987793,0.4755044937133789,,46388
9050,296550400,0.44956676119541383,3.183469772338867,0.4702735900878906,,46351
9060,296878080,0.4486162856803626,3.1336843490600588,0.46791839599609375,,46347
9070,297205760,0.44766628641130346,3.0881093978881835,0.46682915687561033,,46403
9080,297533440,0.4467167678508208,3.0586580276489257,0.4639748096466064,,46285
9090,297861120,0.44576773445924056,3.1048557281494142,0.47274293899536135,,46390
9100,298188800,0.4448191906946096,3.1608558654785157,0.48027572631835935,,46393
9110,298516480,0.44387114101267466,3.0846225738525392,0.4658841609954834,,46259
9120,298844160,0.44292358986686153,3.0737205505371095,0.46433119773864745,,46535
9130,299171840,0.4419765417082546,3.0802738189697267,0.47183871269226074,,46401
9140,299499520,0.4410300009855749,3.081777000427246,0.46451330184936523,,46512
9150,299827200,0.4400839721451604,3.0806947708129884,0.477518892288208,,46407
9160,300154880,0.43913845963094367,3.1250732421875,0.47128829956054685,,46520
9170,300482560,0.4381934678844329,3.0980892181396484,0.4695421695709229,,46393
9180,300810240,0.43724900134468936,3.1175193786621094,0.47431483268737795,,46372
9190,301137920,0.4363050644483073,3.1051183700561524,0.46428375244140624,,46389
9200,301465600,0.4353616616293928,3.1807487487792967,0.48195385932922363,,46392
9210,301793280,0.4344187973195436,3.1606958389282225,0.4727787971496582,,46365
9220,302120960,0.43347647594782734,3.069271469116211,0.4712350368499756,,46508
9230,302448640,0.4325347019407614,3.1564443588256834,0.4691279888153076,,46599
9240,302776320,0.43159347972229234,3.1111597061157226,0.4664782524108887,,46379
9250,303104000,0.43065281371377384,3.1193017959594727,0.46837801933288575,,46381
9260,303431680,0.4297127083339477,3.102888298034668,0.48761882781982424,,46378
9270,303759360,0.4287731679989216,3.1242755889892577,0.47125968933105467,,46409
9280,304087040,0.4278341971221492,3.071983528137207,0.4623288631439209,,46424
9290,304414720,0.4268958001144092,3.128986930847168,0.4702810764312744,,46372
9300,304742400,0.42595798138378416,3.125491142272949,0.4714329719543457,,46417
9310,305070080,0.4250207453356408,3.129456901550293,0.4796783924102783,,46192
9320,305397760,0.42408409637260824,3.1519975662231445,0.4748711109161377,,46948
9330,305725440,0.4231480388945583,3.118018913269043,0.4693768501281738,,47440
9340,306053120,0.4222125772985835,3.1262737274169923,0.4771738052368164,,47320
9350,306380800,0.42127771597897823,3.061842918395996,0.47013297080993655,,47343
9360,306708480,0.4203434593272163,3.137690544128418,0.47156710624694825,,47409
9370,307036160,0.4194098117319315,3.10518741607666,0.4679116725921631,,46843
9380,307363840,0.41847677757889645,3.1060890197753905,0.4688864707946777,,46342
9390,307691520,0.41754436125100236,3.1413312911987306,0.47420153617858884,,46377
9400,308019200,0.416612567128238,3.0872404098510744,0.4657609462738037,,46424
9410,308346880,0.41568139958766936,3.0406911849975584,0.4737199306488037,,46373
9420,308674560,0.41475086300341946,3.0799993515014648,0.47440237998962403,,46385
9430,309002240,0.41382096174664673,3.0666479110717773,0.4676713466644287,,46376
9440,309329920,0.412891700185526,3.1487951278686523,0.4798116207122803,,46368
9450,309657600,0.4119630826852264,3.067684555053711,0.4698163032531738,,46579
9460,309985280,0.41103511360789224,3.1181737899780275,0.47412261962890623,,46403
9470,310312960,0.4101077973126215,3.1168699264526367,0.4742886543273926,,46459
9480,310640640,0.40918113815544555,3.034733772277832,0.4675487995147705,,46430
9490,310968320,0.40825514048930955,3.0658315658569335,0.46299066543579104,,46398
9500,311296000,0.4073298086640508,3.094152641296387,0.4721697807312012,,46415
9510,311623680,0.4064051470263791,3.071663475036621,0.47161078453063965,,46404
9520,311951360,0.40548115991985556,3.1597742080688476,0.47987871170043944,,46409
9530,312279040,0.4045578516848737,3.058344841003418,0.48178896903991697,,46524
9540,312606720,0.40363522665863694,3.10492000579834,0.4763316631317139,,46482
9550,312934400,0.4027132891751404,3.1196117401123047,0.4784824371337891,,46465
9560,313262080,0.40179204356514864,3.0830764770507812,0.4770674705505371,,46361
9570,313589760,0.4008714941561764,3.0527753829956055,0.4677950382232666,,46613
9580,313917440,0.3999516452724685,3.0610490798950196,0.4677123069763184,,46402
9590,314245120,0.39903250123497847,3.055750846862793,0.4701693534851074,,46357
9600,314572800,0.3981140663613494,3.1177749633789062,0.4805704116821289,,46383
9610,314900480,0.3971963449658923,3.134623908996582,0.4742442607879639,,46430
9620,315228160,0.39627934135956777,3.0716325759887697,0.4613924980163574,,46386
9630,315555840,0.3953630598499638,3.12292366027832,0.47623019218444823,,46080
9640,315883520,0.3944475047412763,3.1229232788085937,0.4780905723571777,,46388
9650,316211200,0.3935326803342897,3.1340160369873047,0.4761977195739746,,46537
9660,316538880,0.3926185909263551,3.1661632537841795,0.4720143795013428,,46612
9670,316866560,0.3917052408113716,3.099078559875488,0.4811990261077881,,46389
9680,317194240,0.39079263427976507,3.091418647766113,0.5009920120239257,,46317
9690,317521920,0.389880775618469,3.0960672378540037,0.4903749465942383,,46198
9700,317849600,0.388969669110903,3.095300483703613,0.48105058670043943,,46445
9710,318177280,0.38805931903695423,3.1074790954589844,0.4849128723144531,,46401
9720,318504960,0.38714972967295613,3.0611480712890624,0.4745677947998047,,46412
9730,318832640,0.38624090529166855,3.053244400024414,0.47193403244018556,,46332
9740,319160320,0.3853328501622585,3.0618778228759767,0.47091083526611327,,46380
9750,319488000,0.38442556855027865,3.137009048461914,0.4770535469055176,,46427
9760,319815680,0.38351906471764896,3.0943931579589843,0.4805886745452881,,46368
9770,320143360,0.3826133429226348,3.1113208770751952,0.48433847427368165,,46533
9780,320471040,0.38170840741982925,3.106772041320801,0.47315282821655275,,46408
9790,320798720,0.38080426246013044,3.067463493347168,0.4783300876617432,,46435
9800,321126400,0.379900912290724,3.019043731689453,0.4714624881744385,,46435
9810,321454080,0.3789983611550616,3.091946029663086,0.480665397644043,,46352
9820,321781760,0.3780966132928413,3.1062189102172852,0.47623648643493655,,46345
9830,322109440,0.37719567293998824,3.103196716308594,0.47525734901428224,,46362
9840,322437120,0.3762955443286341,3.0688732147216795,0.47924580574035647,,46355
9850,322764800,0.37539623168709757,3.157681465148926,0.4799500465393066,,46469
9860,323092480,0.37449773923986396,3.03157901763916,0.47928738594055176,,46505
9870,323420160,0.37360007120756655,3.113899040222168,0.48215532302856445,,46445
9880,323747840,0.37270323180696474,3.082888603210449,0.4758434295654297,,46369
9890,324075520,0.3718072252509268,3.0428483963012694,0.47310762405395507,,46357
9900,324403200,0.370912055748408,3.1022594451904295,0.4772062301635742,,46441
9910,324730880,0.3700177275044315,3.0950944900512694,0.4790955543518066,,46424
9920,325058560,0.369124244720069,3.046059226989746,0.47249088287353513,,46507
9930,325386240,0.36823161159242057,3.062858009338379,0.47491984367370604,,46356
9940,325713920,0.3673398323145951,3.083504295349121,0.4686747550964355,,46374
9950,326041600,0.36644891107569044,3.108172798156738,0.4842536449432373,,46466
9960,326369280,0.3655588520607741,3.0938657760620116,0.48291745185852053,,46347
9970,326696960,0.3646696594508628,3.131649398803711,0.4827826499938965,,46325
9980,327024640,0.3637813374229041,3.074597930908203,0.47387113571166994,,46395
9990,327352320,0.36289389014975526,3.038398551940918,0.47957301139831543,,46484
10000,327680000,0.3620073218001649,3.0719135284423826,0.47187156677246095,,46429
10010,328007680,0.3611216365387533,3.121939849853516,0.47904362678527834,,46322
10020,328335360,0.360236838525991,3.077635955810547,0.481382942199707,,46433
10030,328663040,0.3593529319181825,3.1125946044921875,0.47896881103515626,,46384
10040,328990720,0.35846992086744367,3.060795211791992,0.4740017890930176,,46452
10050,329318400,0.35758780952168456,3.098641777038574,0.4856138229370117,,46347
10060,329646080,0.3567066020245879,3.0403919219970703,0.4734487533569336,,46348
10070,329973760,0.35582630251559155,3.0691913604736327,0.47445049285888674,,47308
10080,330301440,0.3549469151298672,3.0125349044799803,0.46826763153076173,,47628
10090,330629120,0.3540684439983024,3.0564409255981446,0.47841429710388184,,47549
10100,330956800,0.3531908932474809,3.0975894927978516,0.4796786308288574,,47533
10110,331284480,0.3523142669996624,3.093704605102539,0.4798431396484375,,47233
10120,331612160,0.3514385693727643,3.0903640747070313,0.4775567531585693,,46358
10130,331939840,0.3505638044803414,3.0750701904296873,0.47610926628112793,,46393
10140,332267520,0.3496899764315674,3.1110441207885744,0.48164825439453124,,46369
10150,332595200,0.3488170893312148,3.0342309951782225,0.47722640037536623,,46170
10160,332922880,0.34794514727963644,3.013422203063965,0.47630963325500486,,46431
10170,333250560,0.3470741543727457,3.0625978469848634,0.48273959159851076,,46518
10180,333578240,0.346204114701997,3.0240432739257814,0.4709331035614014,,46210
10190,333905920,0.345335032354368,3.0996721267700194,0.4763375759124756,,46488
10200,334233600,0.34446691141233793,3.0417482376098635,0.47672786712646487,,46395
10210,334561280,0.34359975595387116,2.9930885314941404,0.4783480644226074,,46363
10220,334888960,0.3427335700523958,3.0946929931640623,0.47854928970336913,,46357
10230,335216640,0.3418683577767862,3.1155574798583983,0.4755732536315918,,46358
10240,335544320,0.34100412319134277,3.0770538330078123,0.4857285499572754,,46371
10250,335872000,0.34014087035577323,3.099467658996582,0.4790008544921875,,46354
10260,336199680,0.33927860332517384,3.1241846084594727,0.4871324062347412,,46365
10270,336527360,0.3384173261500096,3.003921699523926,0.4818082809448242,,46346
10280,336855040,0.33755704287609634,3.072379493713379,0.4818828582763672,,46486
10290,337182720,0.3366977575445804,3.0632095336914062,0.48094949722290037,,46546
10300,337510400,0.3358394741919212,3.0444055557250977,0.47818193435668943,,46473
10310,337838080,0.33498219684987046,3.1480859756469726,0.4814310073852539,,46348
10320,338165760,0.3341259295454547,3.1145355224609377,0.47309212684631347,,46461
10330,338493440,0.33327067630095575,3.126228141784668,0.4812453269958496,,46403
10340,338821120,0.3324164411338921,3.064655876159668,0.4902516841888428,,46373
10350,339148800,0.33156322805699956,3.0488561630249023,0.4789860248565674,,46449
10360,339476480,0.3307110410782127,3.05599422454834,0.4754635810852051,,46344
10370,339804160,0.32985988420064666,3.1049592971801756,0.4818601608276367,,46403
10380,340131840,0.3290097614225766,3.0303018569946287,0.47662081718444826,,46498
10390,340459520,0.3281606767374211,3.0710357666015624,0.48491268157958983,,46618
10400,340787200,0.3273126341337218,3.0963436126708985,0.47709217071533205,,46510
10410,341114880,0.3264656375951254,3.0079668045043944,0.4779334545135498,,46608
10420,341442560,0.3256196911003647,3.011516571044922,0.47990665435791013,,46388
10430,341770240,0.3247747986232399,3.050827217102051,0.487092399597168,,46494
10440,342097920,0.3239309641325999,3.0907560348510743,0.4839282512664795,,46404
10450,342425600,0.3230881915923239,3.0669551849365235,0.48842678070068357,,46210
10460,342753280,0.32224648496130276,3.103529357910156,0.49487886428833006,,46423
10470,343080960,0.32140584819341994,3.0692310333251953,0.48949437141418456,,46415
10480,343408640,0.3205662852375337,3.0627910614013674,0.48210368156433103,,46407
10490,343736320,0.3197278000374577,3.0327831268310548,0.48084206581115724,,46512
10500,344064000,0.31889039653194307,3.0130184173583983,0.4885401248931885,,46629
10510,344391680,0.31805407865465946,3.0204742431640623,0.480986213684082,,46700
10520,344719360,0.31721885033417746,3.0513799667358397,0.47645058631896975,,46540
10530,345047040,0.3163847154939489,3.051887321472168,0.4834745407104492,,52056
10540,345374720,0.3155516780522891,3.0917690277099608,0.4812657356262207,,61202
10550,345702400,0.31471974192235896,3.0100093841552735,0.4773886680603027,,61275
10560,346030080,0.313888911012145,3.1106643676757812,0.4884167671203613,,61242
10570,346357760,0.3130591892244431,3.063891792297363,0.48173885345458983,,61243
10580,346685440,0.31223058045683816,3.078042984008789,0.48868565559387206,,61368
10590,347013120,0.3114030886016875,3.0614131927490233,0.4836696147918701,,61245
10600,347340800,0.31057671754610106,3.0368330001831056,0.4856563091278076,,61409
10610,347668480,0.30975147117192475,2.984953498840332,0.4803144454956055,,61262
10620,347996160,0.3089273533557203,3.1222305297851562,0.48223700523376467,,61261
10630,348323840,0.3081043679687486,3.0656476974487306,0.47630558013916013,,61336
10640,348651520,0.30728251887695135,3.092061233520508,0.49256443977355957,,61280
10650,348979200,0.30646180994093186,3.0388767242431642,0.4807335376739502,,57577
10660,349306880,0.3056422450159381,3.0197237014770506,0.47020411491394043,,61755
10670,349634560,0.30482382795184393,3.0058872222900392,0.4776759624481201,,61767
10680,349962240,0.3040065625931312,3.087225151062012,0.48849925994873045,,61950
10690,350289920,0.30319045277887136,3.0174617767333984,0.49674506187438966,,61724
10700,350617600,0.3023755023427084,3.0337413787841796,0.481708288192749,,61862
10710,350945280,0.3015617151128396,3.093939018249512,0.49552173614501954,,61795
10720,351272960,0.3007490949119982,3.0516897201538087,0.4809121131896973,,61723
10730,351600640,0.2999376455574358,3.0899026870727537,0.483858585357666,,61962
10740,351928320,0.29912737086090346,3.1115108489990235,0.4849840641021729,,61752
10750,352256000,0.2983182746286347,3.062472343444824,0.4836122035980225,,61726
10760,352583680,0.29751036066132674,3.041723442077637,0.49145164489746096,,61907
10770,352911360,0.29670363275412404,3.0769123077392577,0.48407697677612305,,61780
10780,353239040,0.2958980946965986,3.0092657089233397,0.47821993827819825,,61871
10790,353566720,0.2950937502727342,3.0033187866210938,0.47683987617492674,,61729
10800,353894400,0.2942906032609065,3.070978546142578,0.4805933952331543,,61989
10810,354222080,0.29348865743386676,3.0193946838378904,0.48307318687438966,,61841
10820,354549760,0.2926879165587243,3.001841735839844,0.4774186611175537,,61736
10830,354877440,0.2918883843969272,3.0279396057128904,0.4805153369903564,,62851
10840,355205120,0.2910900647042468,3.058114242553711,0.4845928192138672,,63424
10850,355532800,0.29029296123075793,3.079566764831543,0.4888413906097412,,63329
10860,355860480,0.2894970777208227,3.025815963745117,0.4833373546600342,,63487
10870,356188160,0.2887024179130724,3.027486228942871,0.4809714794158936,,63524
10880,356515840,0.28790898554039035,3.084100532531738,0.4823063850402832,,62141
10890,356843520,0.2871167843298935,3.056782913208008,0.4781656265258789,,61701
10900,357171200,0.28632581800291573,3.078384780883789,0.4911507606506348,,62025
10910,357498880,0.2855360902749904,3.030681610107422,0.4851719856262207,,61790
10920,357826560,0.2847476048558321,3.03356876373291,0.48149423599243163,,61714
10930,358154240,0.2839603654493199,3.0382978439331056,0.48220977783203123,,61807
10940,358481920,0.2831743757534798,3.0731353759765625,0.4822148323059082,,61797
10950,358809600,0.2823896394604675,3.0136812210083006,0.48010907173156736,,61457
10960,359137280,0.2816061602565507,3.083771514892578,0.49059381484985354,,61750
10970,359464960,0.2808239418220919,3.065382385253906,0.4859622955322266,,61781
10980,359792640,0.2800429878315313,3.0724969863891602,0.48835029602050783,,61790
10990,360120320,0.27926330195336935,3.0765968322753907,0.4934443473815918,,61804
11000,360448000,0.2784848878501499,3.0655731201171874,0.48581838607788086,,61735
11010,360775680,0.2777077491784421,3.0793079376220702,0.485166072845459,,61808
11020,361103360,0.27693188958882464,3.032822036743164,0.48703432083129883,,61748
11030,361431040,0.27615731272586685,3.0037940979003905,0.4813968658447266,,61804
11040,361758720,0.2753840222281132,3.0545934677124023,0.4874300956726074,,61737
11050,362086400,0.27461202172806515,3.077265739440918,0.4870182514190674,,61771
11060,362414080,0.27384131485216434,2.9788917541503905,0.4805177688598633,,61835
11070,362741760,0.27307190522077623,3.042542839050293,0.4819494724273682,,61754
11080,363069440,0.2723037964481719,3.022648239135742,0.4795998096466064,,61725
11090,363397120,0.27153699214251215,3.0795658111572264,0.48633317947387694,,61925
11100,363724800,0.27077149590582994,3.0356950759887695,0.4791473388671875,,61742
11110,364052480,0.27000731133401334,3.0471786499023437,0.4771477222442627,,61751
11120,364380160,0.2692444420167893,3.0767406463623046,0.4855696678161621,,61758
11130,364707840,0.26848289153770644,3.0564613342285156,0.49163012504577636,,61835
11140,365035520,0.267722663474118,3.0398748397827147,0.4901296138763428,,61711
11150,365363200,0.2669637613971651,3.05008544921875,0.4852724075317383,,61750
11160,365690880,0.2662061888717604,3.0531694412231447,0.4822228908538818,,61771
11170,366018560,0.26544994945657074,3.082652282714844,0.4902027606964111,,61682
11180,366346240,0.2646950467040012,3.064988708496094,0.4950660228729248,,61774
11190,366673920,0.26394148416017726,3.024016189575195,0.48478212356567385,,61706
11200,367001600,0.2631892653649296,3.0527156829833983,0.48584299087524413,,61745
11210,367329280,0.26243839385177614,3.039904975891113,0.48016629219055174,,61845
11220,367656960,0.261688873147906,2.9970836639404297,0.49407258033752444,,61831
11230,367984640,0.2609407067741632,3.0226394653320314,0.49349250793457033,,61896
11240,368312320,0.2601938982450296,3.0084686279296875,0.4943528175354004,,61818
11250,368640000,0.2594484510686089,3.013894271850586,0.48511476516723634,,61814
11260,368967680,0.2587043687466096,3.0172828674316405,0.4837920665740967,,61753
11270,369295360,0.2579616547743293,3.055957221984863,0.4865095138549805,,61720
11280,369623040,0.2572203126406374,3.015171432495117,0.4895900249481201,,61860
11290,369950720,0.25648034582795914,3.0533815383911134,0.4904472827911377,,61781
11300,370278400,0.2557417578122594,3.0245317459106444,0.4821019172668457,,61829
11310,370606080,0.2550045520630264,3.044516944885254,0.47884511947631836,,61753
11320,370933760,0.25426873204325495,2.989297294616699,0.4862066268920898,,61771
11330,371261440,0.2535343012094305,2.9868186950683593,0.48420166969299316,,61772
11340,371589120,0.25280126301151284,3.044125556945801,0.4842945098876953,,61751
11350,371916800,0.25206962089291973,3.0552268981933595,0.4997070789337158,,61718
11360,372244480,0.2513393782905116,3.0076807022094725,0.4971939563751221,,62004
11370,372572160,0.25061053863457383,3.0385507583618163,0.4870291709899902,,61744
11380,372899840,0.24988310534880215,3.0540092468261717,0.4901712417602539,,61857
11390,373227520,0.24915708185028554,3.0090425491333006,0.4903542995452881,,61736
11400,373555200,0.2484324715494908,3.017681884765625,0.4883701801300049,,61739
11410,373882880,0.24770927785024613,2.9603460311889647,0.48424015045166013,,61756
11420,374210560,0.24698750414972515,2.9674890518188475,0.4798726558685303,,61698
11430,374538240,0.2462671538384317,3.0415327072143556,0.49130969047546386,,61726
11440,374865920,0.24554823030018252,3.002116012573242,0.48870158195495605,,61607
11450,375193600,0.24483073691209287,3.0210439682006838,0.49303150177001953,,61715
11460,375521280,0.24411467704455944,3.032380294799805,0.48611202239990237,,61778
11470,375848960,0.24340005406124518,3.0023067474365233,0.4835957050323486,,61758
11480,376176640,0.24268687131906316,3.0395774841308594,0.4833102226257324,,61734
11490,376504320,0.24197513216816144,3.0721242904663084,0.49421048164367676,,61740
11500,376832000,0.24126483995190637,3.0022150039672852,0.48608956336975095,,61733
11510,377159680,0.24055599800686764,3.051398277282715,0.48502345085144044,,61783
11520,377487360,0.23984860966280222,2.9771713256835937,0.48377113342285155,,61746
11530,377815040,0.2391426782426388,2.9848915100097657,0.48894948959350587,,61625
11540,378142720,0.2384382070624626,3.050033187866211,0.491015100479126,,61737
11550,378470400,0.23773519943149887,3.046063232421875,0.4898971080780029,,61802
11560,378798080,0.23703365865209847,3.0331443786621093,0.4866337299346924,,61764
11570,379125760,0.23633358801972137,2.9942495346069338,0.48547816276550293,,61713
11580,379453440,0.2356349908229217,2.9893417358398438,0.48862414360046386,,61726
11590,379781120,0.23493787034333216,3.0944345474243162,0.500951099395752,,62086
11600,380108800,0.23424222985564858,2.9836225509643555,0.48145194053649903,,63378
11610,380436480,0.23354807262761487,3.0358657836914062,0.4852889060974121,,63345
11620,380764160,0.232855401920007,2.9989269256591795,0.48588075637817385,,62650
11630,381091840,0.2321642209866184,3.0257339477539062,0.4947563648223877,,61742
11640,381419520,0.23147453307424415,3.0094884872436523,0.4906909465789795,,61786
11650,381747200,0.230786341422666,3.0198911666870116,0.4953207015991211,,61728
11660,382074880,0.2300996492646368,3.0138051986694334,0.49606752395629883,,61805
11670,382402560,0.2294144598258662,3.043227767944336,0.49511213302612306,,61819
11680,382730240,0.2287307763250043,3.0884233474731446,0.5008449554443359,,61747
11690,383057920,0.2280486019736274,3.0322742462158203,0.4891167163848877,,60915
11700,383385600,0.22736793997622248,3.023145866394043,0.48663644790649413,,61802
11710,383713280,0.2266887935301724,2.9553340911865233,0.4807633399963379,,61808
11720,384040960,0.22601116582574088,3.0076881408691407,0.48500947952270507,,61819
11730,384368640,0.22533506004605705,2.946254348754883,0.48880858421325685,,61782
11740,384696320,0.2246604793671014,3.0178422927856445,0.4977687358856201,,61546
11750,385024000,0.22398742695768986,2.988821029663086,0.49144554138183594,,61709
11760,385351680,0.22331590597945955,3.003741645812988,0.48843932151794434,,61788
11770,385679360,0.22264591958685376,3.088253211975098,0.4987968921661377,,61701
11780,386007040,0.22197747092710685,2.9777753829956053,0.48220553398132326,,61787
11790,386334720,0.22131056314023037,3.0184648513793944,0.489517879486084,,61827
11800,386662400,0.22064519935899696,3.0280330657958983,0.4911493301391602,,61814
11810,386990080,0.21998138270892706,3.01428165435791,0.4905231952667236,,61838
11820,387317760,0.21931911630827294,3.0251535415649413,0.49054551124572754,,61816
11830,387645440,0.21865840326800487,2.987533187866211,0.48645362854003904,,61739
11840,387973120,0.2179992466917961,3.0092416763305665,0.49291262626647947,,61724
11850,388300800,0.21734164967600889,3.0024398803710937,0.49092822074890136,,61729
11860,388628480,0.2166856153096791,3.040077781677246,0.502197551727295,,61755
11870,388956160,0.21603114667450216,3.0209348678588865,0.4943894863128662,,61721
11880,389283840,0.21537824684481896,3.038229560852051,0.49297614097595216,,61808
11890,389611520,0.21472691888760015,3.04376277923584,0.4905825614929199,,61768
11900,389939200,0.21407716586243347,2.966633605957031,0.4857074737548828,,61808
11910,390266880,0.21342899082150785,3.0194698333740235,0.49039764404296876,,61854
11920,390594560,0.2127823968096001,2.9903566360473635,0.4859976291656494,,61815
11930,390922240,0.21213738686406003,2.9869688034057615,0.49436726570129397,,61858
11940,391249920,0.2114939640147963,3.012809181213379,0.48726506233215333,,61776
11950,391577600,0.21085213128426236,3.0201337814331053,0.4924734115600586,,61724
11960,391905280,0.21021189168744198,2.9632488250732423,0.48756752014160154,,61887
11970,392232960,0.2095732482318356,2.9908790588378906,0.48809423446655276,,61747
11980,392560640,0.20893620391744544,2.9676097869873046,0.486859130859375,,61790
11990,392888320,0.2083007617367621,3.0396520614624025,0.4995980739593506,,61763
12000,393216000,0.20766692467475006,3.065491485595703,0.5020073890686035,,61759
12010,393543680,0.207034695708834,2.963441848754883,0.4873819351196289,,61701
12020,393871360,0.20640407780888423,3.0321367263793944,0.492175817489624,,61831
12030,394199040,0.20577507393720368,3.0149206161499023,0.4925509452819824,,61786
12040,394526720,0.20514768704851313,3.0113454818725587,0.4892155170440674,,61797
12050,394854400,0.20452192008993753,2.999354934692383,0.4985990524291992,,61747
12060,395182080,0.20389777600099285,3.0259408950805664,0.4980641841888428,,61806
12070,395509760,0.2032752577135708,3.0093852996826174,0.5013166904449463,,61814
12080,395837440,0.20265436815192675,3.0427478790283202,0.4968099594116211,,61754
12090,396165120,0.20203511023266468,2.9559885025024415,0.48769030570983884,,61738
12100,396492800,0.20141748686472444,2.998322296142578,0.49465327262878417,,61790
12110,396820480,0.20080150094936725,2.982044792175293,0.48697075843811033,,61778
12120,397148160,0.20018715538016268,2.9503446578979493,0.4912433624267578,,61746
12130,397475840,0.1995744530429747,3.0263601303100587,0.49549341201782227,,61743
12140,397803520,0.1989633968159482,2.956636428833008,0.47751522064208984,,61835
12150,398131200,0.19835398956949601,2.9849599838256835,0.4897810935974121,,61846
12160,398458880,0.19774623416628423,2.977652168273926,0.49678769111633303,,62057
12170,398786560,0.1971401334612201,2.99536247253418,0.49367537498474123,,61947
12180,399114240,0.19653569030143775,2.9884660720825194,0.5081590175628662,,61731
12190,399441920,0.19593290752628495,3.024126434326172,0.4958366870880127,,61736
12200,399769600,0.1953317879673098,3.039439392089844,0.5013699054718017,,61809
12210,400097280,0.194732334448248,3.0034008026123047,0.4896572113037109,,61811
12220,400424960,0.1941345497850086,3.030804443359375,0.5004737854003907,,61708
12230,400752640,0.19353843678566138,3.0294216156005858,0.4986567974090576,,61708
12240,401080320,0.1929439982504239,3.066665267944336,0.4988683223724365,,61796
12250,401408000,0.1923512369716472,2.9784614562988283,0.48870139122009276,,61391
12260,401735680,0.19176015573380445,3.0399621963500976,0.49444093704223635,,61741
12270,402063360,0.191170757313476,2.9577251434326173,0.498685884475708,,61785
12280,402391040,0.19058304447933802,3.015717124938965,0.49345989227294923,,61780
12290,402718720,0.1899970199921481,3.015367126464844,0.4961697578430176,,61786
12300,403046400,0.1894126866047332,2.950680732727051,0.4922593593597412,,61752
12310,403374080,0.1888300470619763,3.0264213562011717,0.5016079902648926,,61746
12320,403701760,0.18824910410080348,2.998219871520996,0.4962374210357666,,61765
12330,404029440,0.18766986045017167,2.950489616394043,0.4875675678253174,,61764
12340,404357120,0.18709231883105468,3.086176300048828,0.5059647560119629,,63323
12350,404684800,0.18651648195643172,3.054031181335449,0.4984165668487549,,63646
12360,405012480,0.18594235253127372,3.003365135192871,0.4946759223937988,,63323
12370,405340160,0.18536993325253082,3.044123077392578,0.49902567863464353,,63554
12380,405667840,0.18479922680912014,3.0114927291870117,0.49550457000732423,,63481
12390,405995520,0.1842302358819124,2.9620298385620116,0.49761266708374025,,61741
12400,406323200,0.18366296314372033,2.9403617858886717,0.485990571975708,,61698
12410,406650880,0.18309741125928486,3.0471864700317384,0.4973503589630127,,61740
12420,406978560,0.18253358288526406,3.031144714355469,0.4943486213684082,,61730
12430,407306240,0.18197148067021893,2.9877429962158204,0.4989636898040771,,61811
12440,407633920,0.18141110725460283,2.934275245666504,0.49463810920715334,,61718
12450,407961600,0.1808524652707474,2.9920000076293944,0.5017163753509521,,61836
12460,408289280,0.18029555734285163,3.001198577880859,0.49254574775695803,,61731
12470,408616960,0.1797403860869683,3.0152685165405275,0.49840807914733887,,61761
12480,408944640,0.17918695411099256,3.0127262115478515,0.4972225189208984,,61793
12490,409272320,0.17863526401464913,2.9905364990234373,0.49951753616333006,,61714
12500,409600000,0.17808531838948038,3.0057735443115234,0.5031422138214111,,61487
12510,409927680,0.17753711981883438,2.9868330001831054,0.49417715072631835,,61689
12520,410255360,0.17699067087785206,3.0340518951416016,0.49846744537353516,,61545
12530,410583040,0.17644597413345592,3.0075212478637696,0.49464077949523927,,61650
12540,410910720,0.1759030321443373,2.9898820877075196,0.4942484378814697,,61517
12550,411238400,0.17536184746094474,2.972810173034668,0.5033308506011963,,61716
12560,411566080,0.17482242262547187,2.980915069580078,0.49162635803222654,,61846
12570,411893760,0.17428476017184552,3.0826436996459963,0.5014679908752442,,62210
12580,412221440,0.17374886262571393,3.000392532348633,0.49971323013305663,,61784
12590,412549120,0.17321473250443453,3.0011875152587892,0.5027588367462158,,61891
12600,412876800,0.1726823723170628,2.961663246154785,0.49204344749450685,,61776
12610,413204480,0.1721517845643391,3.0152353286743163,0.5044314384460449,,61814
12620,413532160,0.1716229717386789,2.999031639099121,0.508557939529419,,61744
12630,413859840,0.17109593632415931,2.9890308380126953,0.5047925472259521,,61710
12640,414187520,0.17057068079650856,2.992144775390625,0.4986602783203125,,61922
12650,414515200,0.17004720762309364,2.99703311920166,0.49343242645263674,,61798
12660,414842880,0.1695255192629091,2.9790054321289063,0.4922370433807373,,61785
12670,415170560,0.16900561816656542,3.033060836791992,0.5010469913482666,,61740
12680,415498240,0.16848750677627727,2.947853660583496,0.49706497192382815,,61720
12690,415825920,0.1679711875258528,2.982667922973633,0.48769559860229494,,61844
12700,416153600,0.16745666284068098,2.9526866912841796,0.4956179141998291,,61881
12710,416481280,0.16694393513772138,2.9621219635009766,0.5103460311889648,,61724
12720,416808960,0.16643300682549206,2.9715179443359374,0.49495344161987304,,61725
12730,417136640,0.16592388030405858,2.9614404678344726,0.5000651836395263,,61764
12740,417464320,0.16541655796502264,3.0224666595458984,0.5002683639526367,,61748
12750,417792000,0.16491104219151081,2.991656494140625,0.5025323867797852,,61688
12760,418119680,0.16440733535816363,2.982901954650879,0.4970353126525879,,61730
12770,418447360,0.16390543983112393,2.931721496582031,0.492768669128418,,61836
12780,418775040,0.1634053579680263,2.980997657775879,0.49796419143676757,,61685
12790,419102720,0.1629070921179852,2.9743995666503906,0.4945210456848145,,61724
12800,419430400,0.16241064462158505,2.9602333068847657,0.4916027545928955,,61753
12810,419758080,0.16191601781086817,2.915152931213379,0.48716888427734373,,61727
12820,420085760,0.1614232140093247,2.963941955566406,0.49508323669433596,,61792
12830,420413440,0.1609322355318808,3.015040969848633,0.4962441444396973,,61704
12840,420741120,0.1604430846848886,2.976390075683594,0.49663553237915037,,61785
12850,421068800,0.15995576376611487,3.0009180068969727,0.49453887939453123,,61744
12860,421396480,0.15947027506473016,3.0118215560913084,0.49893894195556643,,61739
12870,421724160,0.15898662086129878,2.9367950439453123,0.4920170783996582,,61738
12880,422051840,0.15850480342776696,3.0468963623046874,0.5021705150604248,,61844
12890,422379520,0.1580248250274533,3.036810302734375,0.4996493339538574,,61753
12900,422707200,0.1575466879150373,2.978384017944336,0.4958959579467773,,61894
12910,423034880,0.1570703943365491,3.0105472564697267,0.49445309638977053,,61815
12920,423362560,0.15659594652935896,3.0013198852539062,0.5070146560668946,,61750
12930,423690240,0.15612334672216666,3.0806901931762694,0.5077674865722657,,61779
12940,424017920,0.1556525971349913,2.973845672607422,0.49857072830200194,,61834
12950,424345600,0.15518369997916026,2.932551956176758,0.4976944923400879,,61722
12960,424673280,0.1547166574572997,2.9827171325683595,0.49791727066040037,,61807
12970,425000960,0.15425147176332304,2.963825225830078,0.49533653259277344,,61788
12980,425328640,0.153788145082422,2.9712669372558596,0.4937262535095215,,61739
12990,425656320,0.15332667959105506,3.0281505584716797,0.49692535400390625,,61710
13000,425984000,0.1528670774569385,2.8831668853759767,0.4953329563140869,,61770
13010,426311680,0.15240934083903493,2.9505331039428713,0.49799394607543945,,61874
13020,426639360,0.15195347188754413,2.930049705505371,0.49447922706604003,,62067
13030,426967040,0.15149947274389244,2.963566207885742,0.49475560188293455,,61888
13040,427294720,0.15104734554072283,3.0404121398925783,0.5039035320281983,,61816
13050,427622400,0.15059709240188512,3.021428108215332,0.5007644653320312,,61819
13060,427950080,0.1501487154424255,3.0000991821289062,0.5042866706848145,,61739
13070,428277760,0.1497022167685772,2.999231147766113,0.5029496192932129,,61772
13080,428605440,0.14925759847775003,2.998873710632324,0.5027301788330079,,61711
13090,428933120,0.14881486265852079,2.9499515533447265,0.501365327835083,,61915
13100,429260800,0.14837401139062345,3.0358482360839845,0.5011935234069824,,62457
13110,429588480,0.14793504674493946,2.9707122802734376,0.4943962097167969,,63448
13120,429916160,0.14749797078348806,2.9018468856811523,0.4951282501220703,,63449
13130,430243840,0.14706278555941604,3.002996826171875,0.49926981925964353,,62316
13140,430571520,0.14662949311698908,2.9972734451293945,0.5003146171569824,,61733
13150,430899200,0.14619809549158108,3.0246644973754884,0.5047602176666259,,61732
13160,431226880,0.1457685947096655,3.0140424728393556,0.5002442836761475,,61793
13170,431554560,0.14534099278880513,2.9286142349243165,0.49746317863464357,,61824
13180,431882240,0.14491529173764328,3.025508499145508,0.4993745803833008,,61831
13190,432209920,0.14449149355589372,3.0257272720336914,0.5062971591949463,,61765
13200,432537600,0.14406960023433169,3.003154182434082,0.5014748573303223,,61769
13210,432865280,0.14364961375478438,2.9147825241088867,0.495471715927124,,61670
13220,433192960,0.1432315360901216,2.964301109313965,0.4988719940185547,,61829
13230,433520640,0.14281536920424684,3.0016014099121096,0.4960090160369873,,61756
13240,433848320,0.1424011150520874,2.976253890991211,0.4985299587249756,,61635
13250,434176000,0.141988775579586,2.9164812088012697,0.49235382080078127,,61838
13260,434503680,0.14157835272369096,2.9471864700317383,0.5001356601715088,,61781
13270,434831360,0.14116984841234742,2.9964969635009764,0.49695372581481934,,61715
13280,435159040,0.14076326456448812,2.990187644958496,0.5012240409851074,,61718
13290,435486720,0.14035860309002474,2.9777408599853517,0.49901366233825684,,61764
13300,435814400,0.1399558658898386,2.954086494445801,0.49775209426879885,,61926
13310,436142080,0.13955505485577163,2.94432373046875,0.497773551940918,,61517
13320,436469760,0.13915617187061802,2.927226448059082,0.49625067710876464,,61747
13330,436797440,0.13875921880811476,3.0376977920532227,0.5047765254974366,,61849
13340,437125120,0.13836419753293316,3.0155174255371096,0.5005345821380616,,61712
13350,437452800,0.13797110990066996,2.963661766052246,0.4983879566192627,,61895
13360,437780480,0.137579957757839,2.967927932739258,0.5017887592315674,,61782
13370,438108160,0.13719074294186187,2.9820835113525392,0.4974660396575928,,61718
13380,438435840,0.1368034672810598,3.0549530029296874,0.5059126853942871,,61705
13390,438763520,0.13641813259464494,2.9647918701171876,0.4989809036254883,,61754
13400,439091200,0.13603474069271163,2.9370681762695314,0.49326329231262206,,61753
13410,439418880,0.1356532933762284,2.9627429962158205,0.5028392314910889,,61731
13420,439746560,0.13527379243702872,2.948684310913086,0.5018508911132813,,61761
13430,440074240,0.1348962396578035,2.9987411499023438,0.5068496704101563,,61877
13440,440401920,0.13452063681209184,2.9290266036987305,0.498455286026001,,61905
13450,440729600,0.13414698566427333,3.0133289337158202,0.5048605918884277,,61822
13460,441057280,0.1337752879695594,2.9744289398193358,0.5081223011016845,,61822
13470,441384960,0.1334055454739853,3.006439781188965,0.5051989078521728,,61787
13480,441712640,0.13303775991440192,3.0130205154418945,0.5042832374572754,,61816
13490,442040320,0.1326719330184672,2.922721290588379,0.4962466716766357,,61766
13500,442368000,0.13230806650463867,2.977176856994629,0.5000980377197266,,61808
13510,442695680,0.13194616208216495,3.0101953506469727,0.5016546726226807,,61724
13520,443023360,0.13158622145107762,3.0131555557250977,0.5064217567443847,,61841
13530,443351040,0.1312282463021836,2.9377565383911133,0.49897284507751466,,61071
13540,443678720,0.13087223831705705,2.951239013671875,0.49652867317199706,,61833
13550,444006400,0.13051819916803145,2.8891122817993162,0.490678071975708,,61726
13560,444334080,0.1301661305181917,2.986693572998047,0.5055115222930908,,61752
13570,444661760,0.12981603402136632,2.9736677169799806,0.500602388381958,,61868
13580,444989440,0.1294679113221197,2.9471155166625977,0.4989962100982666,,61721
13590,445317120,0.12912176405574471,3.0285083770751955,0.5087789535522461,,61800
13600,445644800,0.12877759384825416,2.9771772384643556,0.5050272941589355,,61733
13610,445972480,0.12843540231637426,2.911554527282715,0.494874906539917,,61747
13620,446300160,0.1280951910675361,2.9352581024169924,0.5013257503509522,,61717
13630,446627840,0.12775696169986858,2.9396711349487306,0.500830602645874,,61730
13640,446955520,0.12742071580219075,2.964176368713379,0.5203208923339844,,61743
13650,447283200,0.12708645495400447,2.9629135131835938,0.4947816848754883,,61750
13660,447610880,0.1267541807254869,2.97992057800293,0.4994060516357422,,61719
13670,447938560,0.12642389467748305,2.9400056838989257,0.5061538219451904,,61815
13680,448266240,0.12609559836149858,2.968922233581543,0.5004481315612793,,61752
13690,448593920,0.12576929331969258,2.917999267578125,0.49358978271484377,,61829
13700,448921600,0.12544498108486998,2.8958221435546876,0.501271915435791,,61756
13710,449249280,0.12512266318047466,2.9864917755126954,0.5069683074951172,,61761
13720,449576960,0.12480234112058225,2.9308895111083983,0.4972115993499756,,61842
13730,449904640,0.12448401640989308,2.954443168640137,0.4993101119995117,,61852
13740,450232320,0.12416769054372481,2.9588191986083983,0.5019828319549561,,61757
13750,450560000,0.12385336500800571,3.028919792175293,0.5062033176422119,,61690
13760,450887680,0.12354104127926756,2.9210948944091797,0.5085770606994628,,61778
13770,451215360,0.12323072082463879,2.9640933990478517,0.5004738807678223,,61762
13780,451543040,0.12292240510183737,3.0005634307861326,0.5073573589324951,,61811
13790,451870720,0.12261609555916432,3.001934051513672,0.4985819339752197,,61850
13800,452198400,0.1223117936354966,2.8955900192260744,0.49650068283081056,,61681
13810,452526080,0.1220095007602805,2.9712970733642576,0.5054361820220947,,61797
13820,452853760,0.1217092183535248,3.0115549087524416,0.5036542892456055,,61770
13830,453181440,0.12141094782579417,3.0227388381958007,0.5074995517730713,,61725
13840,453509120,0.12111469057820282,3.0316818237304686,0.5068634033203125,,61904
13850,453836800,0.12082044800240728,2.9526290893554688,0.501254653930664,,63301
13860,454164480,0.12052822148060055,2.975502586364746,0.49970808029174807,,63599
13870,454492160,0.12023801238550516,2.928020477294922,0.5021921157836914,,62477
13880,454819840,0.11994982208036684,2.9936491012573243,0.5083884716033935,,63464
13890,455147520,0.1196636519189481,3.035057258605957,0.506001615524292,,63136
13900,455475200,0.11937950324552202,2.9388961791992188,0.5016283988952637,,61926
13910,455802880,0.11909737739486582,2.9438783645629885,0.50089111328125,,61726
13920,456130560,0.1188172756922545,2.9639564514160157,0.5064279079437256,,61760
13930,456458240,0.1185391994534547,2.945347785949707,0.503596305847168,,61825
13940,456785920,0.1182631499847186,3.0240804672241213,0.5065364837646484,,61507
13950,457113600,0.11798912858277767,2.987660026550293,0.5025447368621826,,61172
13960,457441280,0.11771713653483655,2.9653120040893555,0.5032623767852783,,61690
13970,457768960,0.1174471751185673,2.915953826904297,0.5011931419372558,,61734
13980,458096640,0.1171792456021029,2.981142997741699,0.5210649967193604,,61769
13990,458424320,0.11691334924403168,2.9933547973632812,0.5045634269714355,,61371
14000,458752000,0.11664948729339125,2.9198482513427733,0.49569029808044435,,61799
14010,459079680,0.1163876609896627,3.0117849349975585,0.505919075012207,,61655
14020,459407360,0.11612787156276486,2.969076919555664,0.49943971633911133,,61845
14030,459735040,0.11587012023304813,2.9946176528930666,0.507854413986206,,61822
14040,460062720,0.1156144082112893,2.9525711059570314,0.5112029075622558,,61916
14050,460390400,0.11536073669868546,2.9883474349975585,0.5028365135192872,,61784
14060,460718080,0.11510910688684858,2.928150177001953,0.499895715713501,,61724
14070,461045760,0.1148595199577997,2.894130516052246,0.4994798183441162,,61823
14080,461373440,0.11461197708396349,2.937758445739746,0.5028804779052735,,61734
14090,461701120,0.11436647942816297,2.966634750366211,0.5065733909606933,,61708
14100,462028800,0.11412302814361354,2.966586112976074,0.5079931259155274,,61807
14110,462356480,0.11388162437391813,2.9334264755249024,0.5046480655670166,,61809
14120,462684160,0.11364226925306124,2.9726613998413085,0.5101260662078857,,61719
14130,463011840,0.11340496390540424,2.986454200744629,0.5038122177124024,,61746
14140,463339520,0.1131697094456795,2.9936647415161133,0.5026336193084717,,61881
14150,463667200,0.11293650697898572,2.977916717529297,0.5048139095306396,,61723
14160,463994880,0.11270535760078214,2.9741592407226562,0.5054532051086426,,61723
14170,464322560,0.11247626239688388,2.984017753601074,0.4984733104705811,,62262
14180,464650240,0.11224922244345657,2.9390161514282225,0.503515100479126,,61808
14190,464977920,0.1120242388070114,2.9608903884887696,0.5074413776397705,,61829
14200,465305600,0.11180131254440019,3.0119050979614257,0.5146776676177979,,61747
14210,465633280,0.1115804447028102,2.953025245666504,0.5036649703979492,,61871
14220,465960960,0.11136163631975948,2.9945501327514648,0.5094105720520019,,61726
14230,466288640,0.11114488842309167,3.013227844238281,0.5225400447845459,,61773
14240,466616320,0.11093020203097147,3.0234107971191406,0.511712121963501,,61777
14250,466944000,0.11071757815187974,2.8828369140625,0.5010573863983154,,61720
14260,467271680,0.11050701778460868,2.9123819351196287,0.5000600337982177,,61777
14270,467599360,0.11029852191825738,2.9325145721435546,0.5084712982177735,,61840
14280,467927040,0.11009209153222692,2.9107465744018555,0.4999704837799072,,61731
14290,468254720,0.1098877275962159,2.9593997955322267,0.50777268409729,,61771
14300,468582400,0.10968543107021578,2.9631984710693358,0.49934635162353513,,61860
14310,468910080,0.10948520290450654,3.018039894104004,0.5062630653381348,,61719
14320,469237760,0.10928704403965202,2.9669973373413088,0.5073431491851806,,61859
14330,469565440,0.10909095540649572,2.9525890350341797,0.5037249565124512,,61841
14340,469893120,0.10889693792615628,2.938686561584473,0.5030028820037842,,61830
14350,470220800,0.10870499251002304,2.9654413223266602,0.5102950096130371,,61810
14360,470548480,0.10851512005975213,2.9965936660766603,0.5105232715606689,,61703
14370,470876160,0.10832732146726176,2.970230293273926,0.5039223194122314,,61773
14380,471203840,0.10814159761472848,2.9660743713378905,0.5062903881072998,,61775
14390,471531520,0.10795794937458267,2.9674585342407225,0.5018821239471436,,61831
14400,471859200,0.1077763776095048,2.9595802307128904,0.5042606353759765,,61749
14410,472186880,0.107596883172421,2.9850238800048827,0.5122543811798096,,61902
14420,472514560,0.10741946690649931,2.9694719314575195,0.5059759140014648,,61894
14430,472842240,0.10724412964514562,2.992136573791504,0.5085138797760009,,61750
14440,473169920,0.10707087221199973,2.9314395904541017,0.5046807765960694,,61727
14450,473497600,0.10689969542093168,2.9400901794433594,0.5045199394226074,,61845
14460,473825280,0.10673060007603764,3.0377660751342774,0.5073916435241699,,61818
14470,474152960,0.10656358697163638,2.9417240142822267,0.5092665195465088,,61782
14480,474480640,0.10639865689226519,2.9553510665893556,0.5038315773010253,,61811
14490,474808320,0.10623581061267677,2.956687355041504,0.5035806655883789,,61744
14500,475136000,0.10607504889783496,2.952621841430664,0.507222318649292,,61776
14510,475463680,0.10591637250291171,2.9329559326171877,0.5012691974639892,,61776
14520,475791360,0.10575978217328301,2.9744232177734373,0.5076676368713379,,61768
14530,476119040,0.10560527864452576,2.9988990783691407,0.5051791191101074,,61724
14540,476446720,0.10545286264241416,2.934026908874512,0.5095697402954101,,61704
14550,476774400,0.10530253488291638,2.9117448806762694,0.5063295841217041,,61836
14560,477102080,0.1051542960721912,2.9746389389038086,0.5097371101379394,,61818
14570,477429760,0.10500814690658448,2.9337289810180662,0.5071175575256348,,61750
14580,477757440,0.10486408807262619,2.9976402282714845,0.5112936973571778,,61721
14590,478085120,0.104722120247027,2.92210693359375,0.5002572536468506,,61817
14600,478412800,0.10458224409667521,2.9552919387817385,0.5040120601654052,,61932
14610,478740480,0.10444446027863345,2.9907196044921873,0.5109538078308106,,62865
14620,479068160,0.10430876944013576,2.945964050292969,0.5143638610839844,,63463
14630,479395840,0.10417517221858452,2.9637922286987304,0.5029251098632812,,63488
14640,479723520,0.1040436692415474,2.9443052291870115,0.5026859283447266,,63314
14650,480051200,0.10391426112675443,2.9628061294555663,0.5076138973236084,,61821
14660,480378880,0.10378694848209509,2.9969532012939455,0.5125526905059814,,61831
14670,480706560,0.10366173190561558,2.9730220794677735,0.5157705307006836,,61896
14680,481034240,0.10353861198551571,2.9239116668701173,0.515463924407959,,61722
14690,481361920,0.10341758930014654,2.936328887939453,0.5027927398681641,,61781
14700,481689600,0.10329866441800734,3.0228958129882812,0.5128508567810058,,61773
14710,482017280,0.10318183789774295,3.034774589538574,0.5168232917785645,,61850
14720,482344960,0.10306711028814143,2.9503097534179688,0.506662130355835,,61758
14730,482672640,0.10295448212813114,2.9757823944091797,0.5056649684906006,,61739
14740,483000320,0.10284395394677846,2.927592658996582,0.5085144996643066,,61807
14750,483328000,0.10273552626328514,2.9454061508178713,0.5049291610717773,,61876
14760,483655680,0.10262919958698588,2.920480728149414,0.5039054870605468,,61812
14770,483983360,0.10252497441734616,2.896933937072754,0.5082041263580322,,61891
14780,484311040,0.10242285124395946,2.9609336853027344,0.510214900970459,,61772
14790,484638720,0.10232283054654547,2.994538116455078,0.5116000652313233,,61781
14800,484966400,0.10222491279494736,2.9796117782592773,0.5111647605895996,,61770
14810,485294080,0.10212909844913001,2.9806726455688475,0.5263763904571533,,61737
14820,485621760,0.10203538795917738,2.9455949783325197,0.5062748908996582,,62101
14830,485949440,0.101943781765291,2.918166923522949,0.5034542083740234,,61756
14840,486277120,0.10185428029778715,2.863293266296387,0.5031206607818604,,61818
14850,486604800,0.1017668839770955,2.9513721466064453,0.5074317932128907,,61821
14860,486932480,0.10168159321375685,2.9689971923828127,0.5180804252624511,,61748
14870,487260160,0.10159840840842116,2.924800491333008,0.5078122615814209,,61989
14880,487587840,0.1015173299518458,2.900447654724121,0.505156421661377,,61761
14890,487915520,0.10143835822489358,2.980402374267578,0.5132847785949707,,61815
14900,488243200,0.10136149359853108,2.945656585693359,0.509887409210205,,61859
14910,488570880,0.10128673643382681,2.8616941452026365,0.5057589530944824,,61737
14920,488898560,0.10121408708194966,2.9591253280639647,0.50615234375,,61829
14930,489226240,0.10114354588416707,2.947442626953125,0.5072010040283204,,61836
14940,489553920,0.1010751131718435,2.898086929321289,0.5088730335235596,,61808
14950,489881600,0.10100878926643891,2.944283103942871,0.503856086730957,,61817
14960,490209280,0.1009445744795073,2.8767356872558594,0.5009326457977294,,61703
14970,490536960,0.10088246911269502,2.9425275802612303,0.5100837707519531,,61723
14980,490864640,0.1008224734577396,2.9849592208862306,0.5095714092254638,,61829
14990,491192320,0.10076458779646827,2.994136428833008,0.5198258399963379,,61754
15000,491520000,0.10070881240079659,2.9506031036376954,0.5151476860046387,,61836
15010,491847680,0.10065514753272739,2.9464191436767577,0.5231313228607177,,61767
15020,492175360,0.10060359344434912,2.952719497680664,0.571594524383545,,61748
15030,492503040,0.10055415037783517,2.9717716217041015,0.5167926788330078,,61807
15040,492830720,0.10050681856544236,2.9730066299438476,0.513453483581543,,61711
15050,493158400,0.10046159822951001,2.9449800491333007,0.5126616477966308,,61779
15060,493486080,0.10041848958245882,2.8830434799194338,0.506450080871582,,61791
15070,493813760,0.10037749282679005,2.9794166564941404,0.5165653228759766,,61711
15080,494141440,0.10033860815508432,2.9990615844726562,0.5159857273101807,,61714
15090,494469120,0.10030183575000079,2.9647729873657225,0.5116299629211426,,61755
15100,494796800,0.10026717578427634,2.9592714309692383,0.5083961486816406,,61713
15110,495124480,0.10023462842072489,2.9411460876464846,0.515403938293457,,61821
15120,495452160,0.1002041938122364,3.051614189147949,0.5147053241729737,,61774
15130,495779840,0.10017587210177614,2.947086524963379,0.5113954544067383,,61725
15140,496107520,0.10014966342238431,2.97531681060791,0.5142747402191162,,61728
15150,496435200,0.10012556789717511,2.994427299499512,0.5191682815551758,,61742
15160,496762880,0.1001035856393363,2.9303009033203127,0.5104139804840088,,61717
15170,497090560,0.1000837167521287,2.9681842803955076,0.5083678722381592,,61745
15180,497418240,0.10006596132888562,2.929103469848633,0.5051941394805908,,61767
15190,497745920,0.10005031945301247,2.924275779724121,0.5088080883026123,,61814
15200,498073600,0.10003679119798632,2.975838279724121,0.515928316116333,,62183
15210,498401280,0.10002537662735562,2.930630111694336,0.5082386016845704,,62181
15220,498728960,0.1000160757947399,2.927751922607422,0.5125358581542969,,61769
15230,499056640,0.10000888874382939,2.953706741333008,0.5177360057830811,,61812
15240,499384320,0.100003815508385,2.9731781005859377,0.5112315654754639,,61847
15250,499712000,0.10000085611223805,2.9429252624511717,0.5082439422607422,,61787
15258,499974144,0.1000000105692902,2.9373316764831543,0.5116759538650513,,61611
