step,tokens,lr_mult,loss,grad_norm,value_grad_norm,tok_s
10,327680,0.01310615989515072,10.802278137207031,6.845184326171875,0.041538766026496886,60840
20,655360,0.02621231979030144,10.45999755859375,4.197801208496093,0.02342958152294159,66258
30,983040,0.039318479685452164,10.199403381347656,2.2697475433349608,0.01433999091386795,66121
40,1310720,0.05242463958060288,10.055634307861329,1.9324777603149415,0.01240326389670372,66352
50,1638400,0.0655307994757536,9.859202575683593,1.9479846954345703,0.012508544325828552,66759
60,1966080,0.07863695937090433,9.650527191162109,2.666087341308594,0.015558931231498718,67144
70,2293760,0.09174311926605505,9.442901611328125,1.8646549224853515,0.013807889819145203,67645
80,2621440,0.10484927916120576,9.222032928466797,1.92503662109375,0.01176389753818512,68007
90,2949120,0.11795543905635648,8.995115661621094,1.7634485244750977,0.011468279361724853,68124
100,3276800,0.1310615989515072,8.734725189208984,1.8146959304809571,0.012659415602684021,68230
110,3604480,0.14416775884665792,8.51025619506836,1.959733772277832,0.014739009737968444,68192
120,3932160,0.15727391874180865,8.279646301269532,1.660919189453125,0.012808525562286377,68233
130,4259840,0.17038007863695936,8.021533203125,1.5748126983642579,0.013687565922737122,68355
140,4587520,0.1834862385321101,7.827703857421875,1.4006003379821776,0.015159153938293457,68460
150,4915200,0.1965923984272608,7.634055328369141,1.329961109161377,0.017479336261749266,68479
160,5242880,0.20969855832241152,7.471849822998047,1.210090732574463,0.01602005958557129,68493
170,5570560,0.22280471821756226,7.319183349609375,0.9466716766357421,0.01694452464580536,68484
180,5898240,0.23591087811271297,7.190341949462891,0.8870021820068359,0.018684129416942596,68437
190,6225920,0.2490170380078637,7.1119941711425785,0.9036107063293457,0.019866003096103667,68432
200,6553600,0.2621231979030144,7.018318939208984,1.2747451782226562,0.026330989599227906,68414
210,6881280,0.27522935779816515,6.9180755615234375,0.8854082107543946,0.02313792407512665,68462
220,7208960,0.28833551769331583,6.854360198974609,1.1828917503356933,0.024980492889881134,68490
230,7536640,0.30144167758846657,6.733734130859375,0.920534896850586,0.026057016849517823,68466
240,7864320,0.3145478374836173,6.727532958984375,0.936136531829834,0.025703462958335876,68469
250,8192000,0.32765399737876805,6.608729553222656,0.9195024490356445,0.023563683032989502,68483
260,8519680,0.34076015727391873,6.596385192871094,1.0985116004943847,0.02740398645401001,68518
270,8847360,0.35386631716906947,6.4856925964355465,0.9390878677368164,0.027335533499717714,68536
280,9175040,0.3669724770642202,6.44984130859375,0.9382827758789063,0.025191205739974975,68565
290,9502720,0.3800786369593709,6.3910266876220705,0.9193334579467773,0.025238263607025146,68497
300,9830400,0.3931847968545216,6.369000625610352,0.9647857666015625,0.025394952297210692,68518
310,10158080,0.40629095674967236,6.282185363769531,0.8015588760375977,0.022652854025363923,68497
320,10485760,0.41939711664482304,6.268732070922852,0.9075802803039551,0.025169819593429565,68545
330,10813440,0.4325032765399738,6.27122802734375,1.0140043258666993,0.02649621069431305,68548
340,11141120,0.4456094364351245,6.190134048461914,0.9564041137695313,0.025178948044776918,68573
350,11468800,0.45871559633027525,6.127366256713867,0.8529367446899414,0.024783429503440858,68550
360,11796480,0.47182175622542594,6.102119445800781,0.8557735443115234,0.023491910099983214,68566
370,12124160,0.4849279161205767,6.04151496887207,0.8472767829895019,0.024263149499893187,68533
380,12451840,0.4980340760157274,6.015508651733398,0.8462056159973145,0.024094660580158234,68524
390,12779520,0.5111402359108781,5.990871810913086,0.8544526100158691,0.02465754747390747,68580
400,13107200,0.5242463958060288,5.9748291015625,0.8588086128234863,0.023223014175891878,68549
410,13434880,0.5373525557011796,5.9206291198730465,0.8613871574401856,0.02422664612531662,68526
420,13762560,0.5504587155963303,5.889767456054687,0.820213508605957,0.023433950543403626,68543
430,14090240,0.563564875491481,5.82293815612793,0.8564338684082031,0.02427828758955002,68530
440,14417920,0.5766710353866317,5.859413146972656,0.8737939834594727,0.024291139841079713,68587
450,14745600,0.5897771952817824,5.754411315917968,0.8221334457397461,0.023863674700260164,68560
460,15073280,0.6028833551769331,5.669477844238282,0.8727579116821289,0.024494150280952455,68595
470,15400960,0.6159895150720839,5.718157196044922,0.8614453315734864,0.02403379827737808,68546
480,15728640,0.6290956749672346,5.643233108520508,0.9556916236877442,0.025313827395439147,68618
490,16056320,0.6422018348623854,5.719708633422852,0.8863544464111328,0.023410163819789886,68555
500,16384000,0.6553079947575361,5.665823364257813,0.7765995979309082,0.021731722354888915,68526
510,16711680,0.6684141546526867,5.610026931762695,0.760903787612915,0.021688415110111235,68590
520,17039360,0.6815203145478375,5.613069152832031,0.8480119705200195,0.023275284469127654,68570
530,17367040,0.6946264744429882,5.579521942138672,0.8643745422363281,0.023724986612796782,68613
540,17694720,0.7077326343381389,5.560916900634766,0.7978294372558594,0.021902383863925935,68576
550,18022400,0.7208387942332897,5.468311309814453,0.7769741535186767,0.022084832191467285,68606
560,18350080,0.7339449541284404,5.508450698852539,0.7831862926483154,0.02188495546579361,68587
570,18677760,0.747051114023591,5.420458221435547,0.8380953788757324,0.022762998938560486,68632
580,19005440,0.7601572739187418,5.4435688018798825,0.7232243061065674,0.02096400558948517,68609
590,19333120,0.7732634338138925,5.4452262878417965,0.7337693691253662,0.020296348631381987,68628
600,19660800,0.7863695937090432,5.369503784179687,0.7932247638702392,0.02168855369091034,68630
610,19988480,0.799475753604194,5.3965309143066404,0.7797237396240234,0.020360994338989257,68650
620,20316160,0.8125819134993447,5.329640579223633,0.7039533615112304,0.019951650500297548,68633
630,20643840,0.8256880733944955,5.294720458984375,0.6871790409088134,0.020542100071907043,68674
640,20971520,0.8387942332896461,5.321138000488281,0.7069499015808105,0.01951625943183899,68630
650,21299200,0.8519003931847968,5.313428115844727,0.6992479801177979,0.020103856921195984,68677
660,21626880,0.8650065530799476,5.3441314697265625,0.7663697719573974,0.01924887001514435,68686
670,21954560,0.8781127129750983,5.296302032470703,0.7265141487121582,0.019539785385131837,68645
680,22282240,0.891218872870249,5.258536911010742,0.672941017150879,0.018898126482963563,68650
690,22609920,0.9043250327653998,5.2135261535644535,0.6695169925689697,0.018500545620918275,68624
700,22937600,0.9174311926605505,5.200457382202148,0.800233268737793,0.020594754815101625,68642
710,23265280,0.9305373525557011,5.1783294677734375,0.7533036231994629,0.019476218521595,68642
720,23592960,0.9436435124508519,5.142904663085938,0.7012173652648925,0.018644262850284577,68642
730,23920640,0.9567496723460026,5.15880241394043,0.6694212913513183,0.018756632506847382,68656
740,24248320,0.9698558322411533,5.217644882202149,0.7887136936187744,0.019031715393066407,68689
750,24576000,0.9829619921363041,5.145751190185547,0.7014261245727539,0.018578344583511354,68665
760,24903680,0.9960681520314548,5.1170001983642575,0.6818006992340088,0.018181225657463072,68694
770,25231360,0.999999619505605,5.050902938842773,0.6323318958282471,0.017175975441932678,68629
780,25559040,0.9999972942644099,5.098589324951172,0.6326877117156983,0.017125625908374787,68642
790,25886720,0.9999928551787042,5.003364562988281,0.6467578411102295,0.01822434663772583,68598
800,26214400,0.9999863022693405,5.028847885131836,0.7015474319458008,0.01819296330213547,68642
810,26542080,0.9999776355671006,5.026347351074219,0.6258965492248535,0.016948728263378142,68606
820,26869760,0.999966855112696,4.9350837707519535,0.6116666793823242,0.01678057312965393,68628
830,27197440,0.9999539609567677,5.005923080444336,0.6379005432128906,0.017447616159915923,68626
840,27525120,0.9999389531598855,4.9910530090332035,0.6031740665435791,0.016363126039505006,68625
850,27852800,0.9999218317925475,4.884326934814453,0.617670726776123,0.016642729938030242,68571
860,28180480,0.9999025969351808,4.907406616210937,0.6939672470092774,0.017550981044769286,68595
870,28508160,0.9998812486781407,4.899753570556641,0.8070024490356446,0.02008768916130066,68555
880,28835840,0.9998577871217097,4.904135131835938,0.6309865474700928,0.016357579827308656,68524
890,29163520,0.9998322123760972,4.846272277832031,0.6235057830810546,0.01667514890432358,68558
900,29491200,0.9998045245614399,4.886972808837891,0.5888548851013183,0.015829573571681976,68524
910,29818880,0.9997747238078001,4.823077392578125,0.5823121547698975,0.015463022887706757,68546
920,30146560,0.9997428102551656,4.7929435729980465,0.5650203704833985,0.015601542592048646,68509
930,30474240,0.9997087840534492,4.746140670776367,0.6893698215484619,0.017614760994911195,68564
940,30801920,0.9996726453624875,4.825944519042968,0.6053035736083985,0.015764832496643066,68531
950,31129600,0.9996343943520406,4.838315200805664,0.5977922916412354,0.015392182767391205,68503
960,31457280,0.9995940312017911,4.749928665161133,0.5947145462036133,0.015282124280929565,68494
970,31784960,0.9995515561013435,4.706158065795899,0.6150735378265381,0.01608167290687561,68513
980,32112640,0.9995069692502226,4.746155548095703,0.6119259357452392,0.01561165601015091,68509
990,32440320,0.9994602708578736,4.659857940673828,0.5764654636383056,0.014913102984428406,68519
1000,32768000,0.9994114611436603,4.61527099609375,0.5626437664031982,0.015104807913303375,68477
1010,33095680,0.9993605403368643,4.611809921264649,0.5848201751708985,0.01511330008506775,68482
1020,33423360,0.9993075086766843,4.5571544647216795,0.5746262073516846,0.015333092212677002,68452
1030,33751040,0.999252366412234,4.544573974609375,0.6157382488250732,0.015696805715560914,68489
1040,34078720,0.9991951138025426,4.580407333374024,0.6862739086151123,0.015508647263050079,68463
1050,34406400,0.9991357511165514,4.552106094360352,0.5928339958190918,0.015149088203907013,68491
1060,34734080,0.9990742786331146,4.561791229248047,0.5632337093353271,0.01496015042066574,68481
1070,35061760,0.9990106966409968,4.582805633544922,0.5740389823913574,0.014627254009246827,68473
1080,35389440,0.9989450054388717,4.486857986450195,0.5882059574127197,0.014825588464736939,68455
1090,35717120,0.9988772053353212,4.51255989074707,0.5618656158447266,0.014762422442436219,68489
1100,36044800,0.9988072966488337,4.526943588256836,0.6125401496887207,0.014591117203235627,68460
1110,36372480,0.9987352797078023,4.498018646240235,0.5774363994598388,0.014526912569999694,68452
1120,36700160,0.998661154850524,4.506999588012695,0.6937710285186768,0.01461562216281891,68431
1130,37027840,0.9985849224251971,4.493231582641601,0.5495512962341309,0.014138011634349823,68395
1140,37355520,0.9985065827899208,4.466381072998047,0.5638701438903808,0.01432252824306488,68431
1150,37683200,0.998426136312692,4.437778472900391,0.5687782764434814,0.014461205899715423,68455
1160,38010880,0.9983435833714049,4.3960315704345705,0.7387444496154785,0.015125374495983123,68426
1170,38338560,0.998258924353849,4.39703598022461,0.6453730583190918,0.014449423551559449,68427
1180,38666240,0.9981721596577064,4.448272323608398,0.5805065155029296,0.014405404031276704,68432
1190,38993920,0.9980832896905512,4.3204902648925785,0.5637134075164795,0.014812147617340088,68398
1200,39321600,0.9979923148698461,4.306663131713867,0.5326566696166992,0.014219889044761657,68376
1210,39649280,0.9978992356229419,4.3767242431640625,0.564374589920044,0.014870080351829528,68431
1220,39976960,0.9978040523870747,4.356832504272461,0.6127240180969238,0.015248723328113556,68390
1230,40304640,0.9977067656093641,4.327148056030273,0.5566062927246094,0.014032763242721558,68380
1240,40632320,0.9976073757468108,4.307660293579102,0.547279167175293,0.014042527973651886,68397
1250,40960000,0.9975058832662946,4.334710311889649,0.5491669178009033,0.014296898245811462,68361
1260,41287680,0.9974022886445727,4.358673858642578,0.6247422218322753,0.015569449961185455,68377
1270,41615360,0.9972965923682765,4.329545974731445,0.5930527687072754,0.015484790503978729,68341
1280,41943040,0.9971887949339102,4.305182647705078,0.5713530063629151,0.013979116082191467,68369
1290,42270720,0.9970788968478482,4.315360641479492,0.5525179862976074,0.014119113981723785,68337
1300,42598400,0.996966898626332,4.307940673828125,0.5422623634338379,0.01381443589925766,68372
1310,42926080,0.9968528007954691,4.278482818603516,0.5403587341308593,0.013975568115711212,68330
1320,43253760,0.9967366038912294,4.213928985595703,0.5549515724182129,0.014273439347743989,68300
1330,43581440,0.9966183084594433,4.335860824584961,0.5426797866821289,0.013868002593517304,68322
1340,43909120,0.996497915055799,4.279267883300781,0.5461402893066406,0.013862676918506622,68245
1350,44236800,0.9963754242458397,4.233523559570313,0.5235501766204834,0.013915242254734039,68319
1360,44564480,0.9962508366049612,4.2599647521972654,0.5442205905914307,0.013607862591743469,68313
1370,44892160,0.9961241527184089,4.187058639526367,0.5076948165893554,0.013395309448242188,68322
1380,45219840,0.9959953731812754,4.248757934570312,0.5458413124084472,0.014269794523715972,68356
1390,45547520,0.9958644985984976,4.219479370117187,0.5162742614746094,0.013664278388023376,68313
1400,45875200,0.9957315295848536,4.230572128295899,0.5486474514007569,0.013520169258117675,68338
1410,46202880,0.99559646676496,4.18339958190918,0.5235987663269043,0.013326744735240936,68285
1420,46530560,0.9954593107732691,4.180334091186523,0.5274018287658692,0.013934984803199768,68323
1430,46858240,0.9953200622540659,4.162771987915039,0.5205443382263184,0.01353410929441452,68279
1440,47185920,0.9951787218614647,4.179615020751953,0.5382344245910644,0.013545466959476471,68305
1450,47513600,0.9950352902594064,4.161351013183594,0.5161142349243164,0.013454854488372803,68232
1460,47841280,0.9948897681216552,4.178352355957031,0.5400673866271972,0.014127714931964875,68276
1470,48168960,0.9947421561317958,4.132427978515625,0.5134919643402099,0.013321733474731446,68264
1480,48496640,0.9945924549832297,4.176015090942383,0.5224360466003418,0.01342437118291855,68274
1490,48824320,0.9944406653791718,4.244921875,0.532239580154419,0.013293734192848206,68234
1500,49152000,0.994286788032648,4.120440673828125,0.5229272365570068,0.013631699979305268,68243
1510,49479680,0.9941308236664911,4.1336204528808596,0.5304847240447998,0.013428415358066558,68263
1520,49807360,0.9939727730133375,4.11226806640625,0.5240093231201172,0.013666321337223054,68239
1530,50135040,0.9938126368156238,4.043011474609375,0.5153169631958008,0.013405674695968628,68234
1540,50462720,0.9936504158255838,4.15157470703125,0.5130438804626465,0.013268348574638367,68231
1550,50790400,0.9934861108052436,4.0298717498779295,0.5375286102294922,0.013572505116462708,68205
1560,51118080,0.9933197225264201,4.089856719970703,0.5013554096221924,0.013371248543262482,68167
1570,51445760,0.9931512517707154,4.146150588989258,0.5079217910766601,0.013242830336093903,68183
1580,51773440,0.9929806993295143,4.061402893066406,0.49939765930175783,0.01310771405696869,68227
1590,52101120,0.99280806600398,4.079115295410157,0.5200821399688721,0.013265961408615112,68188
1600,52428800,0.9926333526050509,4.121554946899414,0.529196834564209,0.013373595476150513,68234
1610,52756480,0.9924565599534364,4.051181793212891,0.5255528926849365,0.013359768688678742,68186
1620,53084160,0.9922776888796125,4.105662536621094,0.5171043395996093,0.01317736804485321,68217
1630,53411840,0.9920967402238197,4.115880966186523,0.5158132076263428,0.013404089212417602,68198
1640,53739520,0.9919137148360565,4.062895202636719,0.5192976951599121,0.013151077926158905,68254
1650,54067200,0.9917286135760778,4.049583816528321,0.5140588760375977,0.013174332678318024,68224
1660,54394880,0.9915414373133894,3.9965633392333983,0.5098267555236816,0.013447670638561249,68222
1670,54722560,0.9913521869272444,4.02526969909668,0.5199541091918946,0.013133515417575837,68198
1680,55050240,0.991160863306639,4.031923294067383,0.5120359897613526,0.013146840035915375,68231
1690,55377920,0.9909674673503083,4.008594512939453,0.493235445022583,0.013222835958003998,68188
1700,55705600,0.9907719999667222,4.101970672607422,0.5064079284667968,0.01299368441104889,68214
1710,56033280,0.990574462074081,4.045011138916015,0.49213972091674807,0.013092012703418731,68168
1720,56360960,0.9903748546003112,4.061688613891602,0.49819445610046387,0.013026829063892364,68224
1730,56688640,0.9901731784830609,4.028764724731445,0.5313270568847657,0.013029201328754425,68186
1740,57016320,0.9899694346696959,4.001535415649414,0.5150998115539551,0.013008540868759156,68183
1750,57344000,0.9897636241172943,4.038788986206055,0.5057125091552734,0.012943683564662934,68107
1760,57671680,0.9895557477926437,4.046623611450196,0.5166497230529785,0.013014103472232818,68166
1770,57999360,0.9893458066722344,4.006518936157226,0.5221378326416015,0.013045276701450347,68101
1780,58327040,0.9891338017422565,3.994488525390625,0.4942279815673828,0.012892207503318787,68175
1790,58654720,0.988919733998595,3.997771453857422,0.5451266288757324,0.01386178433895111,68153
1800,58982400,0.9887036044468247,4.03636474609375,0.5103226661682129,0.0132340669631958,68159
1810,59310080,0.9884854141022056,3.968785858154297,0.5047749519348145,0.013440179824829101,68141
1820,59637760,0.9882651639896781,3.9832324981689453,0.5099989891052246,0.01296900063753128,68165
1830,59965440,0.9880428551438585,4.018412399291992,0.5133121967315674,0.013055628538131714,68079
1840,60293120,0.9878184886090338,3.941096878051758,0.5832838535308837,0.014212164282798766,68153
1850,60620800,0.9875920654391568,3.9475303649902345,0.550864839553833,0.01314331442117691,68153
1860,60948480,0.9873635866978416,4.000790786743164,0.5101434707641601,0.013094940781593322,68127
1870,61276160,0.987133053458358,4.061719512939453,0.49149212837219236,0.012796306610107422,68147
1880,61603840,0.9869004668036266,3.9825782775878906,0.5331181049346924,0.012979872524738312,68117
1890,61931520,0.9866658278262145,3.9415931701660156,0.49715242385864256,0.013374620676040649,68132
1900,62259200,0.9864291376283284,3.9306076049804686,0.4855020046234131,0.012790806591510773,68104
1910,62586880,0.9861903973218116,3.966736602783203,0.48780035972595215,0.012770678102970123,68137
1920,62914560,0.9859496080281371,3.9398494720458985,0.5014985084533692,0.012892624735832215,68117
1930,63242240,0.9857067708784032,3.8822052001953127,0.5015648365020752,0.012924994528293609,68093
1940,63569920,0.9854618870133276,3.9249134063720703,0.5093762397766113,0.013422764837741852,68044
1950,63897600,0.9852149575832427,3.8906761169433595,0.5107873916625977,0.012898066639900207,68051
1960,64225280,0.9849659837480899,3.905253601074219,0.581100606918335,0.013050659000873566,68076
1970,64552960,0.9847149666774135,3.9378536224365233,0.5119190216064453,0.013026557862758636,68104
1980,64880640,0.9844619075503569,3.91734619140625,0.5050273895263672,0.013041600584983826,68087
1990,65208320,0.9842068075556548,3.9001636505126953,0.4970566749572754,0.01300477683544159,68073
2000,65536000,0.9839496678916297,3.8820056915283203,0.49698662757873535,0.013106223940849305,68061
2010,65863680,0.9836904897661849,3.8712203979492186,0.5005288124084473,0.012719808518886567,68103
2020,66191360,0.9834292743967993,3.8887260437011717,0.484940767288208,0.01273094117641449,68049
2030,66519040,0.9831660230105219,3.9012584686279297,0.49657459259033204,0.01295904368162155,68093
2040,66846720,0.9829007368439657,3.9194057464599608,0.4933757305145264,0.012817302346229553,68035
2050,67174400,0.9826334171433019,3.898388671875,0.5557078361511231,0.014536872506141663,68073
2060,67502080,0.9823640651642543,3.912572479248047,0.5150264739990235,0.012917655706405639,68064
2070,67829760,0.9820926821720932,3.8447853088378907,0.5204906463623047,0.012899285554885865,68081
2080,68157440,0.9818192694416293,3.8894779205322267,0.48429055213928224,0.012813884019851684,68033
2090,68485120,0.9815438282572083,3.9101230621337892,0.4831972122192383,0.012743739783763886,68086
2100,68812800,0.9812663599127042,3.844629669189453,0.4972382068634033,0.012777741253376006,68055
2110,69140480,0.9809868657115136,3.8306396484375,0.49217853546142576,0.012905041873455047,68021
2120,69468160,0.9807053469665494,3.8980098724365235,0.49236769676208497,0.012877658009529114,68027
2130,69795840,0.980421805000235,3.8321128845214845,0.49465041160583495,0.012938302755355836,68041
2140,70123520,0.9801362411444974,3.8763687133789064,0.4972752571105957,0.012962721288204193,68041
2150,70451200,0.9798486567407615,3.843659591674805,0.4947254180908203,0.01326974630355835,68051
2160,70778880,0.9795590531399438,3.832546615600586,0.49614391326904295,0.013011497259140015,68048
2170,71106560,0.9792674317024457,3.8348628997802736,0.4924079418182373,0.012902121245861053,68050
2180,71434240,0.9789737937981473,3.889118194580078,0.5326093196868896,0.013425430655479431,68016
2190,71761920,0.9786781408064011,3.8626125335693358,0.4920693874359131,0.012806171178817749,68003
2200,72089600,0.9783804741160256,3.83929557800293,0.5120077133178711,0.012994793057441712,68052
2210,72417280,0.978080795125298,3.8179832458496095,0.49277534484863283,0.01294800490140915,68003
2220,72744960,0.9777791052419487,3.8287410736083984,0.4706608295440674,0.01272100955247879,68036
2230,73072640,0.9774754058831538,3.8266071319580077,0.4864958763122559,0.012825283408164977,68000
2240,73400320,0.9771696984755293,3.838103103637695,0.5256509780883789,0.012885554134845734,68006
2250,73728000,0.9768619844551234,3.812747573852539,0.5173890113830566,0.012896402180194855,68012
2260,74055680,0.9765522652674108,3.790858840942383,0.4895339488983154,0.012942785024642944,68021
2270,74383360,0.976240542367285,3.876771926879883,0.5118960857391357,0.012820905447006226,67994
2280,74711040,0.9759268172190521,3.8907352447509767,0.5000628471374512,0.012843899428844452,68012
2290,75038720,0.9756110912964235,3.824721908569336,0.48236913681030275,0.012631192803382874,68010
2300,75366400,0.9752933660825093,3.7989986419677733,0.46979680061340334,0.012668222188949585,68014
2310,75694080,0.9749736430698112,3.7777072906494142,0.5110052108764649,0.012917019426822662,67942
2320,76021760,0.9746519237602153,3.8121669769287108,0.514760160446167,0.012970000505447388,68002
2330,76349440,0.9743282096649852,3.8074504852294924,0.49426751136779784,0.013118897378444672,67981
2340,76677120,0.9740025023047555,3.7341156005859375,0.4745327949523926,0.012789404392242432,67964
2350,77004800,0.9736748032095234,3.7889495849609376,0.5145805835723877,0.012795785069465637,68005
2360,77332480,0.9733451139186423,3.877999496459961,0.5101871967315674,0.012705789506435394,67963
2370,77660160,0.973013435980815,3.7808876037597656,0.48152575492858884,0.012823684513568879,67987
2380,77987840,0.9726797709540852,3.8382949829101562,0.48880505561828613,0.012735800445079803,67953
2390,78315520,0.9723441204058314,3.8111923217773436,0.5026669502258301,0.012580153346061707,67976
2400,78643200,0.9720064859127585,3.7856304168701174,0.48318209648132326,0.012807570397853851,67946
2410,78970880,0.9716668690608914,3.790995407104492,0.4939457416534424,0.012870748341083527,68002
2420,79298560,0.9713252714455668,3.786656951904297,0.4712199687957764,0.01271955668926239,67958
2430,79626240,0.9709816946714261,3.8190967559814455,0.49161529541015625,0.012705795466899872,67964
2440,79953920,0.9706361403524074,3.857006072998047,0.4878178596496582,0.012700922787189484,67922
2450,80281600,0.9702886101117387,3.805928039550781,0.47775635719299314,0.012606754899024963,67962
2460,80609280,0.9699391055819293,3.7967994689941404,0.5028536319732666,0.01290392279624939,67963
2470,80936960,0.9695876284047632,3.848274993896484,0.47993807792663573,0.01255110204219818,67935
2480,81264640,0.9692341802312905,3.764241027832031,0.48896565437316897,0.012796013057231903,67975
2490,81592320,0.9688787627218198,3.8436248779296873,0.5091781139373779,0.013263632357120515,67953
2500,81920000,0.9685213775459112,3.796249008178711,0.5130565643310547,0.013084058463573457,67987
2510,82247680,0.968162026382367,3.693745803833008,0.48150129318237306,0.012851463258266449,67930
2520,82575360,0.9678007109192254,3.7322013854980467,0.506877088546753,0.012661702930927277,67991
2530,82903040,0.9674374328537514,3.6716609954833985,0.4738504886627197,0.012667904794216155,67938
2540,83230720,0.9670721938924294,3.742420196533203,0.47778801918029784,0.012704159319400787,67968
2550,83558400,0.966704995750955,3.8198001861572264,0.49567475318908694,0.012576925754547118,67941
2560,83886080,0.9663358401542269,3.7363285064697265,0.5055005550384521,0.012614816427230835,67909
2570,84213760,0.965964728836339,3.772067642211914,0.4688619613647461,0.012462076544761658,67912
2580,84541440,0.9655916635405721,3.839009094238281,0.5546013355255127,0.013737361133098602,67926
2590,84869120,0.9652166460193854,3.7993431091308594,0.5074875831604004,0.012756022810935973,67909
2600,85196800,0.9648396780344092,3.712615966796875,0.47365150451660154,0.012651844322681427,67937
2610,85524480,0.9644607613564357,3.6986362457275392,0.48173136711120607,0.01272754669189453,67917
2620,85852160,0.9640798977654107,3.7582950592041016,0.4800455570220947,0.012615524232387543,67929
2630,86179840,0.9636970890504263,3.700251007080078,0.4848668098449707,0.012769673764705659,67906
2640,86507520,0.963312337009711,3.7719268798828125,0.49187335968017576,0.012522770464420319,67906
2650,86835200,0.9629256434506225,3.751234436035156,0.4812304019927979,0.012527269124984742,67899
2660,87162880,0.9625370101896386,3.6627273559570312,0.4859294891357422,0.012586478888988496,67943
2670,87490560,0.9621464390523483,3.750613784790039,0.47675418853759766,0.012683862447738647,67876
2680,87818240,0.9617539318734444,3.7572269439697266,0.5119659900665283,0.012975378334522248,67895
2690,88145920,0.9613594904967137,3.714889144897461,0.4734057903289795,0.012562109529972077,67879
2700,88473600,0.9609631167750291,3.730449676513672,0.4999262809753418,0.012482976168394088,67910
2710,88801280,0.9605648125703407,3.730225372314453,0.5167712688446044,0.012807726860046387,67913
2720,89128960,0.9601645797536662,3.7838817596435548,0.5076511383056641,0.012575045228004456,67914
2730,89456640,0.959762420205084,3.753270721435547,0.48001823425292967,0.012464961409568787,67896
2740,89784320,0.9593583358137223,3.749384307861328,0.47300190925598146,0.012787845730781556,67933
2750,90112000,0.9589523284777519,3.7388973236083984,0.5035829544067383,0.012763574719429016,67877
2760,90439680,0.9585444001043758,3.728750228881836,0.48296637535095216,0.01259051114320755,67903
2770,90767360,0.9581345526098218,3.6586841583251952,0.4623272895812988,0.012483644485473632,67887
2780,91095040,0.9577227879193322,3.6477634429931642,0.4884972095489502,0.01266859620809555,67908
2790,91422720,0.9573091079671553,3.7137172698974608,0.47275629043579104,0.0124788299202919,67880
2800,91750400,0.9568935146965365,3.6964466094970705,0.4786642551422119,0.012651041150093079,67917
2810,92078080,0.9564760100597085,3.7357959747314453,0.4945643901824951,0.012540464103221894,67894
2820,92405760,0.956056596017883,3.6479602813720704,0.4758135795593262,0.012704640626907349,67868
2830,92733440,0.9556352745412409,3.7202121734619142,0.48348217010498046,0.012592948973178864,67887
2840,93061120,0.9552120476089232,3.6625831604003904,0.4679084777832031,0.012557747960090637,67845
2850,93388800,0.9547869172090215,3.730294418334961,0.48543381690979004,0.012467733025550843,67881
2860,93716480,0.9543598853385692,3.700091552734375,0.47632880210876466,0.012461420893669129,67846
2870,94044160,0.9539309540035318,3.7263210296630858,0.48664250373840334,0.012620939314365387,67898
2880,94371840,0.953500125218797,3.692930221557617,0.48346986770629885,0.012646093964576721,67826
2890,94699520,0.9530674010081663,3.661029052734375,0.48688540458679197,0.012669205665588379,67878
2900,95027200,0.9526327834043443,3.6324954986572267,0.48205175399780276,0.01266762763261795,67833
2910,95354880,0.9521962744489302,3.7426403045654295,0.48300604820251464,0.012465057522058487,67877
2920,95682560,0.9517578761924075,3.688030242919922,0.4700185775756836,0.012424709647893906,67829
2930,96010240,0.9513175906941347,3.6761932373046875,0.4761643886566162,0.01260969191789627,67849
2940,96337920,0.9508754200223356,3.6664592742919924,0.4871368885040283,0.012567570805549622,67838
2950,96665600,0.9504313662540893,3.663236618041992,0.4915337085723877,0.012706831097602844,67857
2960,96993280,0.949985431475321,3.6143848419189455,0.4682005405426025,0.012517648935317992,67816
2970,97320960,0.9495376177807917,3.699123001098633,0.47581844329833983,0.012516477704048156,67855
2980,97648640,0.9490879272740883,3.673906707763672,0.4814294815063477,0.012623454630374908,67825
2990,97976320,0.9486363620676144,3.653070068359375,0.47742605209350586,0.012356472760438919,67874
3000,98304000,0.9481829242825798,3.6753326416015626,0.47036590576171877,0.012657329440116882,67833
3010,98631680,0.9477276160489903,3.6967845916748048,0.48180618286132815,0.012532533705234527,67837
3020,98959360,0.9472704395056386,3.642274856567383,0.5068824291229248,0.012432528287172317,67848
3030,99287040,0.9468113968000933,3.6337520599365236,0.49292964935302735,0.012609671056270599,67847
3040,99614720,0.9463504900886894,3.70740966796875,0.48166713714599607,0.012376679480075837,67810
3050,99942400,0.9458877215365181,3.669247055053711,0.5027978420257568,0.012473969161510468,67842
3060,100270080,0.9454230933174161,3.676605987548828,0.49663195610046384,0.01256450116634369,67838
3070,100597760,0.9449566076139565,3.686402130126953,0.4767291069030762,0.012320870161056518,67842
3080,100925440,0.944488266617437,3.6854885101318358,0.5082402706146241,0.01249852403998375,67809
3090,101253120,0.9440180725278713,3.725937271118164,0.5098835468292237,0.012602469325065613,67805
3100,101580800,0.9435460275539773,3.643621063232422,0.4835655212402344,0.012452804297208787,67848
3110,101908480,0.9430721339131679,3.675726318359375,0.47930326461791994,0.012549489736557007,67781
3120,102236160,0.9425963938315396,3.6297672271728514,0.4783026218414307,0.01238921582698822,67820
3130,102563840,0.9421188095438624,3.6459735870361327,0.49505982398986814,0.012554670870304107,67792
3140,102891520,0.94163938329357,3.711267852783203,0.5006275653839112,0.012573687732219696,67822
3150,103219200,0.9411581173327482,3.6589256286621095,0.48137855529785156,0.012379098683595657,67798
3160,103546880,0.9406750139221247,3.679494857788086,0.4874166488647461,0.012475313246250152,67823
3170,103874560,0.9401900753310587,3.6294265747070313,0.4759334087371826,0.012452833354473114,67786
3180,104202240,0.9397033038375302,3.590239715576172,0.4727010726928711,0.012429380416870117,67845
3190,104529920,0.9392147017281288,3.6810733795166017,0.5068667888641357,0.012352900207042694,67810
3200,104857600,0.9387242712980439,3.656616973876953,0.5022634983062744,0.012384579330682755,67844
3210,105185280,0.9382320148510529,3.65504150390625,0.4825087547302246,0.01236373707652092,67803
3220,105512960,0.937737934699511,3.635342025756836,0.4826542854309082,0.012512922286987305,67804
3230,105840640,0.9372420331643404,3.646478271484375,0.47641944885253906,0.012406001985073089,67767
3240,106168320,0.9367443125750188,3.6167831420898438,0.48704986572265624,0.012504525482654572,67789
3250,106496000,0.936244775269569,3.6477939605712892,0.4926753997802734,0.01271294504404068,67741
3260,106823680,0.9357434235945475,3.589487075805664,0.4801628589630127,0.012495818734169006,67805
3270,107151360,0.9352402599050346,3.5676727294921875,0.50303955078125,0.01253012716770172,67777
3280,107479040,0.9347352865646213,3.650502395629883,0.4916731357574463,0.012356384098529816,67798
3290,107806720,0.9342285059454002,3.5749073028564453,0.4735420703887939,0.012520965933799744,67751
3300,108134400,0.9337199204279533,3.5872535705566406,0.4661919593811035,0.012394923716783524,67788
3310,108462080,0.9332095324013407,3.6607383728027343,0.47642035484313966,0.012322690337896347,67741
3320,108789760,0.93269734426309,3.6758174896240234,0.5102269172668457,0.012514784932136536,67798
3330,109117440,0.9321833584191851,3.7041400909423827,0.5061420440673828,0.012403278797864913,67778
3340,109445120,0.9316675772840538,3.5948062896728517,0.48857955932617186,0.012465651333332061,67784
3350,109772800,0.9311500032805579,3.6477615356445314,0.5073808193206787,0.012662956118583679,67771
3360,110100480,0.9306306388399807,3.6261665344238283,0.4931653022766113,0.012603564560413361,67752
3370,110428160,0.9301094864020161,3.6225086212158204,0.4763129234313965,0.012404391169548034,67799
3380,110755840,0.929586548414757,3.647213363647461,0.4810239315032959,0.012232004851102828,67760
3390,111083520,0.929061827334684,3.542681884765625,0.47652459144592285,0.012463494390249252,67778
3400,111411200,0.928535325626654,3.6313575744628905,0.48061509132385255,0.012398748844861984,67775
3410,111738880,0.9280070457638875,3.6752864837646486,0.4908572196960449,0.012241048365831375,67787
3420,112066560,0.9274769902279585,3.608430862426758,0.487247896194458,0.012410445511341095,67759
3430,112394240,0.9269451615087818,3.603934097290039,0.48467493057250977,0.01231680139899254,67779
3440,112721920,0.926411562104602,3.6089595794677733,0.4885446071624756,0.012426789849996567,67753
3450,113049600,0.9258761945219811,3.5638553619384767,0.47463312149047854,0.012397561967372895,67780
3460,113377280,0.9253390612757871,3.5758289337158202,0.4771397590637207,0.012399925291538239,67726
3470,113704960,0.9248001648891824,3.6516494750976562,0.4900349140167236,0.012488509714603423,67760
3480,114032640,0.9242595078936112,3.6409988403320312,0.48046188354492186,0.012412937730550766,67744
3490,114360320,0.9237170928287887,3.5864025115966798,0.479541540145874,0.012456025183200835,67747
3500,114688000,0.923172922242688,3.6624382019042967,0.473753547668457,0.012201125174760819,67751
3510,115015680,0.922626998691529,3.5909236907958983,0.5010626792907715,0.012250924110412597,67787
3520,115343360,0.922079324739766,3.563869094848633,0.48656163215637205,0.012245339155197144,67768
3530,115671040,0.9215299029600759,3.6010021209716796,0.47818813323974607,0.012417764961719513,67754
3540,115998720,0.9209787359333456,3.615202713012695,0.468601131439209,0.012413646280765533,67735
3550,116326400,0.9204258262486603,3.609894943237305,0.48120269775390623,0.012283338606357575,67745
3560,116654080,0.9198711765032919,3.5632450103759767,0.48333168029785156,0.012265563756227494,67761
3570,116981760,0.9193147893026851,3.5427627563476562,0.4816587448120117,0.012497320771217346,67757
3580,117309440,0.9187566672604472,3.584461212158203,0.4823907852172852,0.012456296384334565,67737
3590,117637120,0.9181968129983342,3.5875877380371093,0.47358074188232424,0.012260360270738601,67795
3600,117964800,0.9176352291462395,3.59432373046875,0.47891693115234374,0.012387173622846604,67710
3610,118292480,0.9170719183421812,3.623980712890625,0.4903713226318359,0.012365334481000901,67733
3620,118620160,0.9165068832322891,3.590469741821289,0.4744251728057861,0.012433266639709473,67704
3630,118947840,0.9159401264707938,3.5574878692626952,0.4729434013366699,0.012367835640907288,67738
3640,119275520,0.9153716507200125,3.586869812011719,0.4792750358581543,0.012479165941476822,67736
3650,119603200,0.9148014586503377,3.659636306762695,0.4803431034088135,0.012284497171640396,67719
3660,119930880,0.9142295529402239,3.593364715576172,0.48628082275390627,0.012360908091068268,67700
3670,120258560,0.9136559362761759,3.5754863739013674,0.46583876609802244,0.012387952953577041,67711
3680,120586240,0.9130806113527351,3.5717872619628905,0.491790771484375,0.012479416280984878,67749
3690,120913920,0.9125035808724679,3.6080062866210936,0.4762248516082764,0.012451042979955673,67702
3700,121241600,0.9119248475459516,3.5336971282958984,0.48095073699951174,0.012288459390401841,67725
3710,121569280,0.9113444140917637,3.601055908203125,0.47629265785217284,0.012407343834638596,67706
3720,121896960,0.9107622832364672,3.531482696533203,0.4654935359954834,0.01213357001543045,67736
3730,122224640,0.9101784577145987,3.5594257354736327,0.4842510223388672,0.012441690266132354,67695
3740,122552320,0.9095929402686556,3.5460750579833986,0.4745670795440674,0.012574423849582673,67657
3750,122880000,0.9090057336490831,3.618402099609375,0.4722083568572998,0.012373801320791245,67674
3760,123207680,0.908416840614261,3.579082489013672,0.5044667243957519,0.012537103891372681,67696
3770,123535360,0.9078262639304908,3.645874786376953,0.4924955368041992,0.012338140606880188,67671
3780,123863040,0.9072340063719835,3.5526561737060547,0.510914945602417,0.012849238514900208,67686
3790,124190720,0.9066400707208456,3.5235000610351563,0.5005743980407715,0.012385578453540802,67692
3800,124518400,0.906044459767066,3.606383514404297,0.48630127906799314,0.012386934459209442,67706
3810,124846080,0.905447176308504,3.592253875732422,0.4778705596923828,0.012282012403011322,67647
3820,125173760,0.9048482231508749,3.5257720947265625,0.46546111106872556,0.012366008013486862,67699
3830,125501440,0.9042476031077374,3.570708465576172,0.46462306976318357,0.01226125955581665,67677
3840,125829120,0.9036453190004807,3.560548782348633,0.5050265789031982,0.012510700523853302,67672
3850,126156800,0.9030413736583102,3.605542755126953,0.48210673332214354,0.012264414131641388,67665
3860,126484480,0.9024357699182355,3.5640838623046873,0.47007045745849607,0.012242095172405243,67702
3870,126812160,0.9018285106250563,3.563435745239258,0.4917759895324707,0.01241944581270218,67679
3880,127139840,0.901219598631349,3.548294448852539,0.4854245185852051,0.012264881283044815,67708
3890,127467520,0.9006090367974537,3.563284683227539,0.4883373737335205,0.012168282270431518,67691
3900,127795200,0.8999968279914605,3.543013000488281,0.48458385467529297,0.012448295205831527,67691
3910,128122880,0.8993829750891961,3.61373291015625,0.5008268356323242,0.012535443902015686,67672
3920,128450560,0.8987674809742102,3.5539268493652343,0.48180274963378905,0.012291571497917176,67690
3930,128778240,0.8981503485377622,3.5878734588623047,0.4848952293395996,0.012282397598028183,67650
3940,129105920,0.8975315806788072,3.5352718353271486,0.4872454643249512,0.012364581972360612,67661
3950,129433600,0.8969111803039826,3.578257369995117,0.47985053062438965,0.012342856079339982,67662
3960,129761280,0.8962891503275952,3.528851318359375,0.6235665321350098,0.012454483658075333,67652
3970,130088960,0.8956654936716058,3.57195930480957,0.4835483551025391,0.01227196529507637,67639
3980,130416640,0.8950402132656169,3.5898578643798826,0.47928667068481445,0.01226118803024292,67704
3990,130744320,0.8944133120468587,3.5394725799560547,0.48842473030090333,0.012392673641443253,67640
4000,131072000,0.8937847929601748,3.552922821044922,0.49432830810546874,0.012399829924106598,67679
4010,131399680,0.8931546589580086,3.578212356567383,0.4982426166534424,0.012334169447422027,67637
4020,131727360,0.8925229130003902,3.608712387084961,0.4708354949951172,0.012158169597387313,67673
4030,132055040,0.8918895580549208,3.533676528930664,0.4920815467834473,0.012239667773246764,67661
4040,132382720,0.8912545970967604,3.568572235107422,0.47391681671142577,0.012254126369953156,67628
4050,132710400,0.8906180331086129,3.550141143798828,0.4812477588653564,0.012321969866752625,67638
4060,133038080,0.8899798690807127,3.5271411895751954,0.4793820381164551,0.0121785469353199,67657
4070,133365760,0.8893401080108099,3.6124122619628904,0.49611802101135255,0.012122690677642822,67671
4080,133693440,0.8886987529041569,3.536030960083008,0.476125431060791,0.012287824600934982,67620
4090,134021120,0.888055806773494,3.565177154541016,0.48893046379089355,0.012433221936225891,67656
4100,134348800,0.8874112726390354,3.5276920318603517,0.4965965270996094,0.012374402582645416,67619
4110,134676480,0.8867651535284545,3.5712188720703124,0.4923248291015625,0.01228371039032936,67622
4120,135004160,0.8861174524768703,3.5373199462890623,0.48952593803405764,0.012478066980838776,67571
4130,135331840,0.8854681725268331,3.5593517303466795,0.4896840572357178,0.012266584485769273,67649
4140,135659520,0.8848173167283098,3.5786518096923827,0.4947834491729736,0.012246782332658768,67621
4150,135987200,0.8841648881386694,3.553512191772461,0.46823692321777344,0.01227627620100975,67635
4160,136314880,0.88351088982267,3.5658409118652346,0.47124605178833007,0.012215913087129594,67631
4170,136642560,0.8828553248524423,3.519710159301758,0.48571243286132815,0.012172991037368774,67669
4180,136970240,0.8821981963074773,3.5645168304443358,0.49526305198669435,0.012253718078136444,67643
4190,137297920,0.8815395072746101,3.5590354919433596,0.4791426658630371,0.012164361029863357,67662
4200,137625600,0.8808792608480065,3.491931915283203,0.4757375240325928,0.012217540293931961,67628
4210,137953280,0.8802174601291479,3.5569786071777343,0.47527432441711426,0.01229359656572342,67663
4220,138280960,0.8795541082268172,3.535419464111328,0.4813039779663086,0.01219218149781227,67659
4230,138608640,0.8788892082570837,3.572919464111328,0.4793978691101074,0.01218091994524002,67672
4240,138936320,0.8782227633432887,3.5423431396484375,0.47042045593261717,0.012261709570884705,67646
4250,139264000,0.877554776616031,3.5219661712646486,0.48629055023193357,0.012458767741918564,67655
4260,139591680,0.8768852512131515,3.5255596160888674,0.4687857151031494,0.01238727495074272,67621
4270,139919360,0.8762141902797198,3.5324859619140625,0.4796497344970703,0.012235528975725173,67678
4280,140247040,0.8755415969680176,3.5236305236816405,0.4890648365020752,0.012249775975942612,67634
4290,140574720,0.8748674744375259,3.573506164550781,0.49709792137145997,0.012069988995790482,67649
4300,140902400,0.8741918258549084,3.5057491302490233,0.4866018295288086,0.012297465652227401,67601
4310,141230080,0.8735146543939974,3.5629203796386717,0.4891645431518555,0.012193695455789567,67619
4320,141557760,0.8728359632357797,3.5032886505126952,0.4996798515319824,0.012334045022726059,67641
4330,141885440,0.8721557555683797,3.5342380523681642,0.4925512790679932,0.012247492372989655,67653
4340,142213120,0.8714740345870462,3.4791351318359376,0.4892875194549561,0.012194730341434479,67604
4350,142540800,0.8707908034941365,3.538888931274414,0.49474430084228516,0.012274450808763503,67623
4360,142868480,0.8701060654991017,3.5353126525878906,0.494519567489624,0.01243988648056984,67627
4370,143196160,0.8694198238184716,3.5202701568603514,0.4770163059234619,0.012251600623130798,67592
4380,143523840,0.8687320816758393,3.49713249206543,0.49262218475341796,0.012237729132175445,67621
4390,143851520,0.8680428423018461,3.511243438720703,0.4785804271697998,0.012128064036369323,67587
4400,144179200,0.8673521089341671,3.4903358459472655,0.4789161682128906,0.012013513594865799,67650
4410,144506880,0.866659884817495,3.512095642089844,0.48163180351257323,0.012265738844871522,67613
4420,144834560,0.865966173203525,3.477812576293945,0.4843739032745361,0.012257476150989533,67637
4430,145162240,0.86527097735094,3.5448421478271483,0.49832868576049805,0.012373012304306031,67581
4440,145489920,0.8645743005253953,3.5528488159179688,0.48483986854553224,0.012278081476688385,67615
4450,145817600,0.8638761459995025,3.496778869628906,0.49065389633178713,0.01233389601111412,67633
4460,146145280,0.8631765170528151,3.4924476623535154,0.47785534858703616,0.012176158279180527,67649
4470,146472960,0.8624754169718122,3.453199768066406,0.48885326385498046,0.01232145056128502,67632
4480,146800640,0.8617728490498839,3.503214645385742,0.4808854579925537,0.012392165511846543,67638
4490,147128320,0.8610688165873153,3.357381820678711,0.46703500747680665,0.012244385480880738,67602
4500,147456000,0.860363322891271,3.4631603240966795,0.4828099250793457,0.0124251089990139,67616
4510,147783680,0.8596563712757798,3.470328140258789,0.48783154487609864,0.012187375873327255,67589
4520,148111360,0.8589479650617188,3.461724853515625,0.4863446235656738,0.012175799161195756,67642
4530,148439040,0.8582381075767984,3.4713844299316405,0.48093738555908205,0.012144450098276138,67597
4540,148766720,0.8575268021555462,3.5091136932373046,0.4830137252807617,0.012268584221601486,67610
4550,149094400,0.8568140521392911,3.501203918457031,0.47789764404296875,0.012074705958366395,67607
4560,149422080,0.8560998608761481,3.502630615234375,0.48789634704589846,0.01218402236700058,67638
4570,149749760,0.8553842317210026,3.5334339141845703,0.4791862010955811,0.012102305889129639,67604
4580,150077440,0.8546671680354943,3.474031448364258,0.4751626968383789,0.012244145572185516,67590
4590,150405120,0.8539486731880013,3.5071842193603517,0.47754907608032227,0.012366743385791778,67607
4600,150732800,0.8532287505536249,3.4611766815185545,0.46915998458862307,0.012222832441329956,67579
4610,151060480,0.8525074035141732,3.5133766174316405,0.47979583740234377,0.01213325634598732,67592
4620,151388160,0.8517846354581458,3.508356475830078,0.4892580986022949,0.012259094417095185,67552
4630,151715840,0.8510604497807165,3.501995086669922,0.5102533340454102,0.01234559491276741,67582
4640,152043520,0.8503348498837191,3.452457809448242,0.4773863792419434,0.012238168716430664,67571
4650,152371200,0.8496078391756305,3.500752639770508,0.48261499404907227,0.012066628038883209,67565
4660,152698880,0.8488794210715549,3.453014373779297,0.4780886650085449,0.01219956874847412,67585
4670,153026560,0.8481495989932074,3.461139678955078,0.463909912109375,0.01227390617132187,67539
4680,153354240,0.8474183763688985,3.519675445556641,0.47442450523376467,0.012141460180282592,67584
4690,153681920,0.8466857566335172,3.4766567230224608,0.47316880226135255,0.012078261375427246,67569
4700,154009600,0.8459517432285163,3.5309818267822264,0.4962550163269043,0.01226641982793808,67566
4710,154337280,0.8452163396018946,3.4693511962890624,0.48790292739868163,0.012029330432415008,67563
4720,154664960,0.8444795492081815,3.4868499755859377,0.4831571578979492,0.012367874383926392,67589
4730,154992640,0.8437413755084207,3.5140625,0.4848460674285889,0.011965350806713104,67530
4740,155320320,0.8430018219701542,3.514750671386719,0.48809566497802737,0.012186111509799957,67571
4750,155648000,0.8422608920674052,3.4795654296875,0.4946049690246582,0.012062655389308929,67549
4760,155975680,0.841518589280663,3.5182384490966796,0.47534952163696287,0.012170767784118653,67552
4770,156303360,0.8407749170968652,3.493160629272461,0.4788377285003662,0.012097562104463578,67565
4780,156631040,0.8400298790093831,3.4497711181640627,0.47810850143432615,0.012393070012331009,67542
4790,156958720,0.8392834785180031,3.4555721282958984,0.47924237251281737,0.012316526472568512,67566
4800,157286400,0.8385357191289123,3.4876537322998047,0.5002325057983399,0.01261066198348999,67518
4810,157614080,0.837786604354681,3.477497863769531,0.48555688858032225,0.012318050116300583,67523
4820,157941760,0.8370361377142459,3.513381576538086,0.4986120223999023,0.012234315276145935,67508
4830,158269440,0.8362843227328948,3.4121109008789063,0.48052468299865725,0.012104053050279617,67550
4840,158597120,0.8355311629422486,3.4313777923583983,0.4883151054382324,0.012279121577739716,67523
4850,158924800,0.8347766618802456,3.4496944427490233,0.4817842960357666,0.012188270688056946,67539
4860,159252480,0.8340208230911248,3.4534801483154296,0.4737736701965332,0.012067271023988723,67536
4870,159580160,0.8332636501254091,3.453828048706055,0.475042724609375,0.0122175931930542,67550
4880,159907840,0.8325051465398888,3.4878890991210936,0.48010826110839844,0.012060538679361344,67551
4890,160235520,0.8317453158976044,3.4994068145751953,0.48868799209594727,0.012170249223709106,67553
4900,160563200,0.8309841617678299,3.404174041748047,0.47638626098632814,0.012218954414129258,67553
4910,160890880,0.8302216877260572,3.4578853607177735,0.48040409088134767,0.012201392650604248,67538
4920,161218560,0.829457897353978,3.461182403564453,0.5007322788238525,0.012418171763420105,67566
4930,161546240,0.8286927942394671,3.4377376556396486,0.496500301361084,0.012399312108755112,67532
4940,161873920,0.8279263819765664,3.486175537109375,0.5022168636322022,0.012216409295797348,67533
4950,162201600,0.827158664165467,3.4429641723632813,0.48038549423217775,0.012292091548442841,67523
4960,162529280,0.8263896444124933,3.4443405151367186,0.48219618797302244,0.012131567299365997,67576
4970,162856960,0.825619326330085,3.408892059326172,0.4935929298400879,0.012238392978906632,67538
4980,163184640,0.8248477135367809,3.45226936340332,0.4820828914642334,0.012316448986530304,67548
4990,163512320,0.8240748096572016,3.4133724212646483,0.495086669921875,0.012433858960866928,67531
5000,163840000,0.8233006183220325,3.410929870605469,0.49867615699768064,0.0122307687997818,67560
5010,164167680,0.8225251431680068,3.469278335571289,0.4882842540740967,0.012099843472242355,67520
5020,164495360,0.8217483878378885,3.3869483947753904,0.4796873092651367,0.01246146485209465,67549
5030,164823040,0.8209703559804551,3.4485363006591796,0.4709184646606445,0.012124334275722504,67567
5040,165150720,0.8201910512504803,3.486181640625,0.4977709293365479,0.012367762625217438,67516
5050,165478400,0.8194104773087175,3.4945842742919924,0.48827714920043946,0.012060342729091645,67532
5060,165806080,0.8186286378218818,3.4317901611328123,0.4838599681854248,0.012190663814544677,67513
5070,166133760,0.8178455364626335,3.423991012573242,0.4864502906799316,0.012023843824863434,67537
5080,166461440,0.8170611769095599,3.3586841583251954,0.4745299816131592,0.012273092567920686,67543
5090,166789120,0.8162755628471595,3.3495738983154295,0.48238372802734375,0.012185100466012955,67556
5100,167116800,0.815488697965823,3.426553726196289,0.5013588905334473,0.012225603312253952,67527
5110,167444480,0.8147005859618172,3.495296859741211,0.49800782203674315,0.012154141813516617,67573
5120,167772160,0.813911230537267,3.3978511810302736,0.500149154663086,0.0124687060713768,67532
5130,168099840,0.8131206354001385,3.483068084716797,0.49608235359191893,0.012129396200180054,67550
5140,168427520,0.8123288042642208,3.375225067138672,0.47702527046203613,0.012165074050426484,67514
5150,168755200,0.8115357408491098,3.428493881225586,0.49475250244140623,0.01210542619228363,67556
5160,169082880,0.8107414488801894,3.456360626220703,0.4860686302185059,0.012117152661085128,67518
5170,169410560,0.8099459320886147,3.4659473419189455,0.4880624771118164,0.012116423994302749,67579
5180,169738240,0.8091491942112942,3.4694408416748046,0.4874696731567383,0.012207926064729691,67539
5190,170065920,0.8083512389908728,3.417387771606445,0.49208712577819824,0.012257112562656403,67512
5200,170393600,0.8075520701757136,3.489798736572266,0.4865708827972412,0.012201429903507232,67542
5210,170721280,0.8067516915198807,3.46325798034668,0.49236254692077636,0.012084566801786423,67544
5220,171048960,0.8059501067831211,3.4546188354492187,0.4928884506225586,0.012128815054893494,67557
5230,171376640,0.8051473197308472,3.4148670196533204,0.483097505569458,0.012337436527013778,67519
5240,171704320,0.8043433341341197,3.4158565521240236,0.4881619453430176,0.0120682954788208,67556
5250,172032000,0.8035381537696291,3.4798397064208983,0.48954319953918457,0.011980622261762618,67558
5260,172359680,0.8027317824196785,3.4829280853271483,0.4912559986114502,0.012146212905645371,67535
5270,172687360,0.8019242238721653,3.4416576385498048,0.48972129821777344,0.01229299083352089,67503
5280,173015040,0.8011154819205639,3.4088855743408204,0.4829867839813232,0.012105392664670945,67541
5290,173342720,0.8003055603639075,3.438278579711914,0.49124488830566404,0.012194076925516129,67508
5300,173670400,0.799494463006771,3.439536285400391,0.4954872131347656,0.012050177901983261,67537
5310,173998080,0.7986821936592519,3.4720264434814454,0.48887338638305666,0.0121119424700737,67522
5320,174325760,0.7978687561369534,3.460051345825195,0.4886341571807861,0.012151955813169479,67528
5330,174653440,0.7970541542609662,3.4295631408691407,0.4861419677734375,0.01197710782289505,67492
5340,174981120,0.7962383918578503,3.413408660888672,0.47371230125427244,0.012294625490903854,67517
5350,175308800,0.7954214727596175,3.509817123413086,0.5138887405395508,0.012101477384567261,67517
5360,175636480,0.794603400803713,3.4085529327392576,0.49379591941833495,0.012134063243865966,67551
5370,175964160,0.7937841798329972,3.386997604370117,0.4841792106628418,0.01221967339515686,67493
5380,176291840,0.7929638136957288,3.3792049407958986,0.4880039691925049,0.012124559283256531,67525
5390,176619520,0.7921423062455447,3.4591594696044923,0.48873271942138674,0.012158366292715073,67480
5400,176947200,0.791319661341444,3.403306579589844,0.4828977584838867,0.012200532853603363,67484
5410,177274880,0.7904958828477688,3.4744625091552734,0.501304292678833,0.012129292637109757,67501
5420,177602560,0.7896709746341858,3.4014049530029298,0.4726545810699463,0.01210908144712448,67503
5430,177930240,0.7888449405756687,3.3996200561523438,0.4861571788787842,0.012149874120950699,67527
5440,178257920,0.78801778455248,3.423134613037109,0.485599946975708,0.012264920771121979,67509
5450,178585600,0.7871895104501523,3.388494873046875,0.49682302474975587,0.012345315515995025,67458
5460,178913280,0.7863601221594704,3.395801544189453,0.47730512619018556,0.012139818072319031,67455
5470,179240960,0.7855296235764533,3.4111400604248048,0.4882817268371582,0.01217515543103218,67468
5480,179568640,0.7846980186023351,3.4529205322265626,0.47873711585998535,0.012031207978725433,67466
5490,179896320,0.7838653111435474,3.377519226074219,0.5082835197448731,0.012114699184894561,67490
5500,180224000,0.7830315051117006,3.386691665649414,0.5022884845733643,0.012140386551618577,67498
5510,180551680,0.7821966044235655,3.4097156524658203,0.49567499160766604,0.01222803145647049,67510
5520,180879360,0.7813606130010551,3.463520812988281,0.4831970691680908,0.012090694904327393,67492
5530,181207040,0.7805235347712062,3.4775619506835938,0.5034123420715332,0.01218121573328972,67551
5540,181534720,0.7796853736661605,3.451076126098633,0.5110725402832031,0.012326867133378983,67508
5550,181862400,0.7788461336231468,3.39161376953125,0.4923121452331543,0.012040260434150695,67547
5560,182190080,0.7780058185844622,3.3999935150146485,0.49777889251708984,0.012263511121273041,67497
5570,182517760,0.777164432497453,3.3577980041503905,0.49013495445251465,0.012096478790044784,67494
5580,182845440,0.7763219793144973,3.4744571685791015,0.48931427001953126,0.012115148454904556,67457
5590,183173120,0.7754784629929858,3.3639713287353517,0.4750871181488037,0.012096749246120453,67515
5600,183500800,0.7746338874953032,3.3806629180908203,0.48734421730041505,0.012255148589611053,67485
5610,183828480,0.773788256788809,3.4104888916015623,0.4954537391662598,0.012192005664110184,67511
5620,184156160,0.7729415748458205,3.4063674926757814,0.49234824180603026,0.012139461934566498,67492
5630,184483840,0.7720938456435924,3.42978515625,0.4932564735412598,0.012044362723827362,67509
5640,184811520,0.7712450731642992,3.3385540008544923,0.4945953845977783,0.012117424607276916,67488
5650,185139200,0.7703952613950162,3.44158935546875,0.49501962661743165,0.012164857983589173,67502
5660,185466880,0.7695444143277006,3.3749156951904298,0.5004037380218506,0.012036890536546708,67479
5670,185794560,0.7686925359591726,3.3917362213134767,0.5046085834503173,0.01210705041885376,67503
5680,186122240,0.7678396302910978,3.442981719970703,0.4947805881500244,0.012152684479951858,67502
5690,186449920,0.7669857013299661,3.4507640838623046,0.49424114227294924,0.012133799493312836,67495
5700,186777600,0.7661307530870757,3.4730552673339843,0.49241132736206056,0.012115848064422608,67517
5710,187105280,0.7652747895785117,3.354479217529297,0.48554024696350095,0.012128783017396927,67488
5720,187432960,0.7644178148251293,3.2956779479980467,0.4722588062286377,0.01221778616309166,67453
5730,187760640,0.7635598328525331,3.4269283294677733,0.5077494144439697,0.012267931550741195,67500
5740,188088320,0.76270084769106,3.392409896850586,0.4925203800201416,0.01223444789648056,67465
5750,188416000,0.7618408633757584,3.420241928100586,0.48491978645324707,0.012069103866815567,67487
5760,188743680,0.760979883946371,3.4468429565429686,0.5117182731628418,0.012093784660100937,67509
5770,189071360,0.7601179134473144,3.4173606872558593,0.5089774608612061,0.012074954062700271,67519
5780,189399040,0.7592549559276612,3.415073776245117,0.48485593795776366,0.012017610669136047,67486
5790,189726720,0.7583910154411201,3.4768653869628907,0.49347782135009766,0.012196752429008483,67469
5800,190054400,0.7575260960460173,3.4436004638671873,0.4861912250518799,0.0120951808989048,67471
5810,190382080,0.7566602018052777,3.443285369873047,0.5067429542541504,0.012196013331413269,67524
5820,190709760,0.7557933367864051,3.454160690307617,0.5104243278503418,0.012005340307950974,67494
5830,191037440,0.7549255050614639,3.3947689056396486,0.49577999114990234,0.012162473797798157,67501
5840,191365120,0.7540567107070592,3.400012969970703,0.49071488380432127,0.012251012027263641,67473
5850,191692800,0.753186957804318,3.3874141693115236,0.5023234367370606,0.01210937723517418,67480
5860,192020480,0.7523162504388706,3.418245315551758,0.488903284072876,0.012035412341356277,67493
5870,192348160,0.7514445927008302,3.4502052307128905,0.49804348945617677,0.012004663050174714,67468
5880,192675840,0.7505719886847744,3.302907943725586,0.4962906837463379,0.012207359075546265,67508
5890,193003520,0.7496984424897264,3.4100021362304687,0.49614295959472654,0.012185655534267426,67427
5900,193331200,0.7488239582191348,3.371183395385742,0.497442626953125,0.012136878073215484,67471
5910,193658880,0.7479485399808549,3.400143051147461,0.49004287719726564,0.01229778751730919,67470
5920,193986560,0.7470721918871295,3.349333572387695,0.4951488494873047,0.012107562273740768,67480
5930,194314240,0.7461949180545687,3.3669879913330076,0.4920112133026123,0.012056639790534973,67493
5940,194641920,0.745316722604132,3.3959217071533203,0.4971441745758057,0.012041124701499938,67492
5950,194969600,0.744437609661108,3.430707550048828,0.5033592224121094,0.012047994881868362,67471
5960,195297280,0.7435575833550946,3.34417610168457,0.4981130599975586,0.012218119204044342,67518
5970,195624960,0.7426766478199808,3.4961700439453125,0.5259161472320557,0.012253665179014207,67484
5980,195952640,0.7417948071939264,3.389653778076172,0.4980274200439453,0.012304434180259704,67482
5990,196280320,0.7409120656193431,3.3285770416259766,0.4929682731628418,0.012066315114498138,67474
6000,196608000,0.7400284272428742,3.342778778076172,0.49225149154663084,0.012374147027730941,67461
6010,196935680,0.7391438962153765,3.383510971069336,0.4878824234008789,0.011984631419181824,67460
6020,197263360,0.7382584766918991,3.3894378662109377,0.4923866748809814,0.012094108760356903,67461
6030,197591040,0.7373721728316657,3.379728317260742,0.4926131248474121,0.01216586008667946,67466
6040,197918720,0.7364849887980534,3.4391242980957033,0.5195226192474365,0.012046520411968232,67430
6050,198246400,0.7355969287585742,3.427048110961914,0.5149106979370117,0.012162726372480392,67452
6060,198574080,0.7347079968848549,3.419374465942383,0.5003979206085205,0.012148258835077285,67402
6070,198901760,0.733818197352618,3.34759407043457,0.49373807907104494,0.01204700767993927,67475
6080,199229440,0.7329275343416618,3.294882583618164,0.489434814453125,0.012288101762533189,67423
6090,199557120,0.7320360120358402,3.383203125,0.4981550216674805,0.012172803282737732,67484
6100,199884800,0.7311436346230444,3.355784606933594,0.49065446853637695,0.012241882085800172,67439
6110,200212480,0.7302504062951819,3.4360477447509767,0.4941509246826172,0.01205483004450798,67444
6120,200540160,0.7293563312481574,3.347194290161133,0.5010971069335938,0.012150658667087555,67468
6130,200867840,0.7284614136818531,3.3676677703857423,0.482228422164917,0.012063027173280717,67442
6140,201195520,0.7275656578001092,3.3003196716308594,0.4897432327270508,0.012130708992481231,67472
6150,201523200,0.7266690678107032,3.3723686218261717,0.4932694911956787,0.012107264995574952,67444
6160,201850880,0.7257716479253312,3.3630931854248045,0.4872157096862793,0.012187469005584716,67465
6170,202178560,0.7248734023595879,3.328867721557617,0.4880180835723877,0.012260102480649949,67408
6180,202506240,0.7239743353329462,3.3659080505371093,0.49761595726013186,0.012207155674695968,67461
6190,202833920,0.7230744510687378,3.4251335144042967,0.49274578094482424,0.011992564052343368,67443
6200,203161600,0.7221737537941337,3.378739929199219,0.5049180507659912,0.012151885777711868,67461
6210,203489280,0.7212722477401238,3.3937049865722657,0.48632140159606935,0.01209815964102745,67426
6220,203816960,0.7203699371414969,3.4330669403076173,0.4988707542419434,0.012107699364423751,67463
6230,204144640,0.7194668262368217,3.3595245361328123,0.47937450408935545,0.012085952609777451,67462
6240,204472320,0.7185629192684256,3.3741504669189455,0.48681049346923827,0.012101094424724578,67452
6250,204800000,0.7176582204823762,3.3349372863769533,0.49391975402832033,0.012266398966312408,67416
6260,205127680,0.7167527341284602,3.3337261199951174,0.48616833686828614,0.012198835611343384,67442
6270,205455360,0.715846464460164,3.3771083831787108,0.49270877838134763,0.012056491523981094,67420
6280,205783040,0.7149394157346535,3.3542224884033205,0.49576563835144044,0.012040282785892486,67451
6290,206110720,0.7140315922127544,3.3748851776123048,0.5021347045898438,0.012161552906036377,67429
6300,206438400,0.7131229981589317,3.377680206298828,0.5091839790344238,0.012193340063095092,67439
6310,206766080,0.7122136378412699,3.33314208984375,0.5015405178070068,0.012384682893753052,67415
6320,207093760,0.7113035155314535,3.373831939697266,0.5055636882781982,0.012191066145896911,67440
6330,207421440,0.710392635504746,3.40238037109375,0.5007791996002198,0.011979528516530991,67438
6340,207749120,0.70948100203997,3.386051559448242,0.5019789695739746,0.012148541957139969,67424
6350,208076800,0.7085686194194882,3.4149120330810545,0.4953315734863281,0.012095671892166138,67408
6360,208404480,0.7076554919291816,3.362518310546875,0.5010084629058837,0.012135330587625504,67462
6370,208732160,0.7067416238584305,3.356691360473633,0.4925534725189209,0.012077564746141434,67412
6380,209059840,0.7058270195000943,3.417123031616211,0.49442319869995116,0.012199508398771286,67449
6390,209387520,0.7049116831504906,3.399544525146484,0.5086315155029297,0.012179299443960189,67431
6400,209715200,0.7039956191093758,3.4291194915771483,0.5065386772155762,0.01211903914809227,67431
6410,210042880,0.7030788316799246,3.41717643737793,0.50185227394104,0.012166934460401535,67408
6420,210370560,0.7021613251687095,3.3915958404541016,0.510225486755371,0.012357839941978454,67437
6430,210698240,0.7012431038856815,3.445600891113281,0.5008578777313233,0.012189898639917374,67399
6440,211025920,0.7003241721441484,3.353296661376953,0.5006505489349365,0.012101571261882781,67470
6450,211353600,0.699404534260756,3.3836894989013673,0.5029638290405274,0.012029769271612168,67440
6460,211681280,0.6984841945554667,3.3379302978515626,0.5121800422668457,0.012390606105327606,67450
6470,212008960,0.6975631573515402,3.3013301849365235,0.4933029651641846,0.01209799274802208,67444
6480,212336640,0.6966414269755121,3.3613746643066404,0.4893850803375244,0.01211012527346611,67445
6490,212664320,0.6957190077571747,3.3727359771728516,0.5032679080963135,0.012099812924861907,67419
6500,212992000,0.6947959040295556,3.281571960449219,0.49400014877319337,0.01227284073829651,67467
6510,213319680,0.693872120128898,3.38857421875,0.4945897102355957,0.012185882776975632,67473
6520,213647360,0.6929476603946405,3.3765918731689455,0.5063878059387207,0.012085232138633727,67403
6530,213975040,0.6920225291693962,3.3553577423095704,0.5009427070617676,0.012259888648986816,67462
6540,214302720,0.6910967307989323,3.2951419830322264,0.49307594299316404,0.012154775112867356,67428
6550,214630400,0.6901702696321502,3.3265186309814454,0.501528549194336,0.012160150706768036,67453
6560,214958080,0.6892431500210646,3.3611072540283202,0.4927031993865967,0.012131230533123016,67414
6570,215285760,0.6883153763207832,3.456142807006836,0.5139924049377441,0.012192802131175995,67433
6580,215613440,0.6873869528894864,3.3392379760742186,0.5008046150207519,0.012142050266265868,67438
6590,215941120,0.6864578840884065,3.3938392639160155,0.5163167953491211,0.012261909991502761,67420
6600,216268800,0.6855281742818073,3.347213363647461,0.5052422523498535,0.012268628180027007,67417
6610,216596480,0.6845978278369642,3.3536426544189455,0.5021917819976807,0.012421064823865891,67425
6620,216924160,0.683666849124143,3.4227970123291014,0.5064857482910157,0.012027823179960252,67416
6630,217251840,0.6827352425165789,3.3585086822509767,0.511441707611084,0.012212111055850983,67458
6640,217579520,0.6818030123904574,3.391311264038086,0.5074490547180176,0.012213144451379776,67430
6650,217907200,0.6808701631248927,3.352387237548828,0.4968425750732422,0.012207566946744918,67454
6660,218234880,0.6799366991019075,3.3624420166015625,0.4892743110656738,0.01218901053071022,67427
6670,218562560,0.6790026247064119,3.3888545989990235,0.5234780788421631,0.01217697337269783,67426
6680,218890240,0.6780679443261837,3.3353416442871096,0.5052186489105225,0.01232120767235756,67390
6690,219217920,0.6771326623518468,3.362350082397461,0.526022481918335,0.012230881303548814,67410
6700,219545600,0.6761967831768516,3.3492111206054687,0.5017404079437255,0.012318196892738342,67377
6710,219873280,0.6752603111974533,3.3432937622070313,0.49639601707458497,0.012104374170303345,67400
6720,220200960,0.6743232508126922,3.3962005615234374,0.5159076690673828,0.01217576116323471,67453
6730,220528640,0.6733856064243724,3.388580322265625,0.5088220596313476,0.012172167748212814,67469
6740,220856320,0.6724473824370414,3.26562385559082,0.4828444480895996,0.0123103566467762,67381
6750,221184000,0.6715085832579691,3.326020431518555,0.4950400352478027,0.01230568289756775,67429
6760,221511680,0.6705692132971278,3.339564895629883,0.5145630359649658,0.012301397323608399,67400
6770,221839360,0.6696292769671708,3.270412063598633,0.5080618858337402,0.012193118035793305,67437
6780,222167040,0.6686887786834115,3.3552200317382814,0.5044844150543213,0.012253738939762115,67424
6790,222494720,0.6677477228638038,3.3645729064941405,0.5115321636199951,0.012320897728204726,67412
6800,222822400,0.6668061139289202,3.319972610473633,0.48845739364624025,0.012237036973237992,67425
6810,223150080,0.6658639563019313,3.3566814422607423,0.4970852851867676,0.012205488234758376,67381
6820,223477760,0.6649212544085855,3.3711700439453125,0.5058576583862304,0.012195448577404022,67429
6830,223805440,0.6639780126771876,3.236402130126953,0.4932842254638672,0.012293143570423127,67432
6840,224133120,0.6630342355385784,3.328755569458008,0.49290990829467773,0.012129981070756912,67441
6850,224460800,0.6620899274261136,3.323314666748047,0.4850489616394043,0.012150244414806366,67411
6860,224788480,0.6611450927756435,3.348931884765625,0.49312872886657716,0.012200840562582017,67418
6870,225116160,0.6601997360254913,3.350626754760742,0.5163578033447266,0.012396959215402603,67403
6880,225443840,0.659253861616433,3.290483093261719,0.5001898288726807,0.012236189097166061,67426
6890,225771520,0.6583074739916764,3.307773971557617,0.4986924648284912,0.012146154046058654,67401
6900,226099200,0.65736057759684,3.3468307495117187,0.5006180763244629,0.012365476042032243,67459
6910,226426880,0.656413176879932,3.3964611053466798,0.5171420097351074,0.012146006524562835,67429
6920,226754560,0.65546527629133,3.4047225952148437,0.512694263458252,0.01213860809803009,67409
6930,227082240,0.6545168802837597,3.3522884368896486,0.5266047477722168,0.012400119751691818,67398
6940,227409920,0.6535679933122733,3.357849884033203,0.5128491401672364,0.012278155982494354,67401
6950,227737600,0.6526186198342305,3.318877410888672,0.4979583740234375,0.012188667058944702,67422
6960,228065280,0.6516687643092755,3.3804306030273437,0.4989426612854004,0.012104348093271256,67398
6970,228392960,0.6507184311993169,3.366620635986328,0.5157512664794922,0.012184914946556092,67429
6980,228720640,0.6497676249685073,3.3102256774902346,0.5153816223144532,0.012380223721265793,67409
6990,229048320,0.648816350083221,3.32244758605957,0.5076568603515625,0.012034152448177338,67454
7000,229376000,0.6478646110120344,3.3069095611572266,0.506843090057373,0.012161101400852203,67385
7010,229703680,0.6469124122257043,3.3087127685546873,0.49553213119506834,0.0121541365981102,67402
7020,230031360,0.6459597581971467,3.3228103637695314,0.49770803451538087,0.012167593836784363,67354
7030,230359040,0.6450066534014163,3.2445789337158204,0.4890582084655762,0.012339819222688675,67401
7040,230686720,0.6440531023156852,3.3315391540527344,0.5034535884857178,0.012201284617185592,67375
7050,231014400,0.643099109419222,3.3206607818603517,0.5057812690734863,0.012181173264980315,67451
7060,231342080,0.6421446791933706,3.29678955078125,0.49620590209960935,0.012143994122743607,67393
7070,231669760,0.6411898161215294,3.3130340576171875,0.4919905185699463,0.012106923758983612,67418
7080,231997440,0.6402345246891296,3.3009429931640626,0.6852176666259766,0.0152402326464653,67388
7090,232325120,0.6392788093836153,3.287068557739258,0.56327805519104,0.012496328353881836,67404
7100,232652800,0.6383226746944214,3.256151580810547,0.5228445053100585,0.012341536581516266,67380
7110,232980480,0.6373661251129528,3.2547245025634766,0.5131588459014893,0.012201953679323196,67412
7120,233308160,0.6364091651325631,3.253721237182617,0.5020461559295655,0.012270801514387131,67360
7130,233635840,0.6354517992485343,3.3683807373046877,0.5194520950317383,0.012099656462669372,67402
7140,233963520,0.6344940319580545,3.322581100463867,0.5002702713012696,0.01210491955280304,67362
7150,234291200,0.6335358677601981,3.3348060607910157,0.5162147045135498,0.012151768803596497,67377
7160,234618880,0.6325773111559034,3.3249210357666015,0.532081127166748,0.012370240688323975,67336
7170,234946560,0.631618366647952,3.3114578247070314,0.4988966464996338,0.012157459557056428,67371
7180,235274240,0.6306590387409481,3.302317810058594,0.5030199527740479,0.012118017673492432,67349
7190,235601920,0.6296993319412965,3.320759963989258,0.5042115688323975,0.012317336350679397,67385
7200,235929600,0.6287392507571821,3.3494163513183595,0.5040631294250488,0.012225569784641266,67358
7210,236257280,0.627778799698548,3.289321517944336,0.5082842826843261,0.012231965363025666,67376
7220,236584960,0.6268179832770756,3.312176513671875,0.506137466430664,0.012197352200746536,67389
7230,236912640,0.6258568060061616,3.288324737548828,0.5163106918334961,0.012247178703546524,67414
7240,237240320,0.6248952724008985,3.3132762908935547,0.49744458198547364,0.012254243344068527,67367
7250,237568000,0.6239333869780525,3.322164535522461,0.5307530879974365,0.012265525758266449,67425
7260,237895680,0.6229711542560421,3.2871864318847654,0.5053244590759277,0.012191216647624969,67364
7270,238223360,0.6220085787549176,3.2878170013427734,0.49327974319458007,0.012194011360406876,67397
7280,238551040,0.6210456649963396,3.2350204467773436,0.49895663261413575,0.012116426229476928,67390
7290,238878720,0.6200824175035572,3.2913887023925783,0.5021975040435791,0.012152012437582016,67401
7300,239206400,0.6191188408013876,3.334330368041992,0.5097928047180176,0.012315617501735687,67376
7310,239534080,0.618154939416194,3.2611766815185548,0.509152889251709,0.012286152690649033,67434
7320,239861760,0.6171907178758654,3.275075912475586,0.5090269088745117,0.012141407281160355,67363
7330,240189440,0.6162261807097943,3.328302001953125,0.5168721199035644,0.012237228453159332,67389
7340,240517120,0.615261332448856,3.3251010894775392,0.5043425559997559,0.012237017601728439,67415
7350,240844800,0.6142961776253867,3.292072296142578,0.5002870082855224,0.012201128900051117,67382
7360,241172480,0.6133307207731634,3.2957801818847656,0.5058737754821777,0.012275400757789611,67403
7370,241500160,0.6123649664273816,3.2881649017333983,0.505617904663086,0.012270686775445938,67370
7380,241827840,0.6113989191246338,3.2886280059814452,0.5139345645904541,0.012219461053609848,67394
7390,242155520,0.6104325834028894,3.2882713317871093,0.5025728702545166,0.012135467678308486,67364
7400,242483200,0.6094659638014722,3.3257522583007812,0.5053029537200928,0.012131287902593612,67423
7410,242810880,0.6084990648610393,3.2846492767333983,0.49199566841125486,0.012235403060913086,67322
7420,243138560,0.6075318911235607,3.3762676239013674,0.5195242881774902,0.012187959253787994,67352
7430,243466240,0.6065644471322965,3.3438495635986327,0.5189718246459961,0.012021324783563613,67382
7440,243793920,0.6055967374317768,3.378954315185547,0.5093008995056152,0.012245511263608932,67352
7450,244121600,0.6046287665677795,3.3179599761962892,0.5083763599395752,0.012059890478849412,67373
7460,244449280,0.6036605390873098,3.304249572753906,0.5098876476287841,0.012330889701843262,67376
7470,244776960,0.6026920595385779,3.297892379760742,0.5121594905853272,0.012144892662763595,67390
7480,245104640,0.6017233324709779,3.3022159576416015,0.5106551647186279,0.012360256910324097,67347
7490,245432320,0.6007543624350674,3.2312503814697267,0.5148790836334228,0.012159179151058196,67410
7500,245760000,0.5997851539825445,3.2225391387939455,0.5069793224334717,0.012190046161413193,67375
7510,246087680,0.5988157116662278,3.246572494506836,0.5007567405700684,0.0122190922498703,67374
7520,246415360,0.5978460400400343,3.249751663208008,0.5110868453979492,0.012099488824605941,67380
7530,246743040,0.5968761436589581,3.276287078857422,0.5303918838500976,0.01231250911951065,67374
7540,247070720,0.595906027079049,3.333469009399414,0.5212564468383789,0.012092877179384232,67331
7550,247398400,0.5949356948573915,3.263773727416992,0.5070830345153808,0.01222740337252617,67389
7560,247726080,0.593965151552083,3.2909679412841797,0.5094115257263183,0.012217532843351364,67352
7570,248053760,0.5929944017222119,3.231153106689453,0.5046919822692871,0.012167795747518539,67372
7580,248381440,0.5920234499278374,3.325008773803711,0.5192480564117432,0.01223084181547165,67358
7590,248709120,0.5910523007299672,3.278272247314453,0.5072273254394531,0.012244182080030442,67366
7600,249036800,0.5900809586905363,3.3263935089111327,0.5067680358886719,0.012139919400215148,67351
7610,249364480,0.5891094283723856,3.3046260833740235,0.5061170578002929,0.012218139320611953,67386
7620,249692160,0.5881377143392402,3.337699127197266,0.5248074531555176,0.01230451911687851,67339
7630,250019840,0.5871658211556886,3.3721752166748047,0.5310858249664306,0.012157873064279557,67339
7640,250347520,0.5861937533871606,3.2528343200683594,0.5119987010955811,0.012114119529724122,67404
7650,250675200,0.585221515599906,3.3024929046630858,0.5227311134338379,0.012153436243534089,67378
7660,251002880,0.5842491123609734,3.23400993347168,0.5120960235595703,0.012164965271949768,67394
7670,251330560,0.5832765482381888,3.3281696319580076,0.5129282474517822,0.012210114300251007,67360
7680,251658240,0.5823038278001335,3.296018600463867,0.5370603561401367,0.012455254793167114,67381
7690,251985920,0.5813309556161232,3.264303207397461,0.5122122287750244,0.012233436107635498,67363
7700,252313600,0.5803579362561871,3.292530822753906,0.5080104827880859,0.012240837514400481,67368
7710,252641280,0.5793847742910447,3.330249786376953,0.5182652950286866,0.01219707727432251,67353
7720,252968960,0.5784114742920861,3.295755386352539,0.5173224449157715,0.01228037029504776,67374
7730,253296640,0.5774380408313496,3.214451217651367,0.5224555015563965,0.012363582849502563,67373
7740,253624320,0.5764644784815004,3.265966033935547,0.5194879531860351,0.012322445958852768,67383
7750,253952000,0.575490791815809,3.333538818359375,0.5189773559570312,0.01225087121129036,67330
7760,254279680,0.5745169854081302,3.304831314086914,0.5078268051147461,0.012129176408052444,67364
7770,254607360,0.5735430638328811,3.2344852447509767,0.5188688278198242,0.012336361408233642,67310
7780,254935040,0.5725690316650198,3.2588428497314452,0.5142863750457763,0.012358704954385758,67332
7790,255262720,0.571594893480024,3.279948043823242,0.5082408905029296,0.012409061193466187,67326
7800,255590400,0.5706206538538694,3.3031009674072265,0.523478364944458,0.01225556582212448,67358
7810,255918080,0.5696463173630077,3.3177421569824217,0.5172539710998535,0.012208165973424912,67349
7820,256245760,0.5686718885843468,3.3009265899658202,0.5180193901062011,0.012205784022808076,67390
7830,256573440,0.5676973720952269,3.2825363159179686,0.5393527030944825,0.012507009506225585,67378
7840,256901120,0.5667227724734006,3.2894874572753907,0.5390478134155273,0.012297380715608597,67378
7850,257228800,0.5657480942970116,3.318980026245117,0.5175090789794922,0.01227174922823906,67382
7860,257556480,0.5647733421445715,3.289528656005859,0.5085735321044922,0.01217106282711029,67398
7870,257884160,0.5637985205949405,3.3098613739013674,0.5098240852355957,0.01227293387055397,67397
7880,258211840,0.5628236342273044,3.302817153930664,0.5103339672088623,0.012194954603910447,67373
7890,258539520,0.5618486876211529,3.2996971130371096,0.5084517478942872,0.01215580478310585,67349
7900,258867200,0.5608736853562596,3.295744705200195,0.5192682266235351,0.01235307902097702,67355
7910,259194880,0.5598986320126588,3.28485221862793,0.5086295127868652,0.012272641062736511,67365
7920,259522560,0.5589235321706254,3.1808856964111327,0.5071700572967529,0.012197056412696838,67391
7930,259850240,0.557948390410652,3.294778823852539,0.5245468139648437,0.01232438236474991,67340
7940,260177920,0.5569732113134289,3.2821285247802736,0.5168232917785645,0.012148535251617432,67387
7950,260505600,0.5559979994598211,3.2568389892578127,0.519807767868042,0.012383358925580979,67370
7960,260833280,0.5550227594308477,3.3417808532714846,0.5171470165252685,0.01224660947918892,67330
7970,261160960,0.5540474958076603,3.218446731567383,0.49977936744689944,0.012167800962924958,67395
7980,261488640,0.5530722131715214,3.2716163635253905,0.509086275100708,0.01233934685587883,67365
7990,261816320,0.5520969161037825,3.2715660095214845,0.5257787227630615,0.012268467247486115,67347
8000,262144000,0.551121609185863,3.310550308227539,0.5218852519989013,0.01234588623046875,67334
8010,262471680,0.5501462969992287,3.2155502319335936,0.5130086898803711,0.01230049431324005,67362
8020,262799360,0.5491709841253699,3.225830841064453,0.5180304050445557,0.012266432493925094,67344
8030,263127040,0.5481956751457805,3.2691795349121096,0.5229996681213379,0.012325537949800491,67351
8040,263454720,0.5472203746419358,3.2701488494873048,0.5187052726745606,0.012245649844408036,67342
8050,263782400,0.5462450871952715,3.2194049835205076,0.5148519515991211,0.012188108265399933,67369
8060,264110080,0.5452698173871616,3.2186969757080077,0.5149681091308593,0.012329560518264771,67336
8070,264437760,0.5442945697988978,3.2839221954345703,0.5063314437866211,0.012329237163066864,67349
8080,264765440,0.5433193490116667,3.287648010253906,0.5189592838287354,0.012313559651374817,67347
8090,265093120,0.5423441596065299,3.2594139099121096,0.5333703517913818,0.012335400283336639,67330
8100,265420800,0.5413690061644008,3.268354034423828,0.5250385284423829,0.012425167858600617,67324
8110,265748480,0.5403938932660243,3.2579776763916017,0.5254366397857666,0.012295366823673248,67366
8120,266076160,0.5394188254919544,3.292349624633789,0.5198827266693116,0.012136027961969376,67324
8130,266403840,0.538443807422534,3.2452091217041015,0.5127122879028321,0.012283605337142945,67395
8140,266731520,0.5374688436378715,3.254994583129883,0.5162150859832764,0.012282373756170273,67388
8150,267059200,0.5364939387178209,3.2947933197021486,0.504605484008789,0.012300302088260651,67348
8160,267386880,0.5355190972419597,3.183239555358887,0.5096513748168945,0.012317714095115662,67316
8170,267714560,0.5345443237895667,3.3020633697509765,0.5282273292541504,0.012170617282390595,67336
8180,268042240,0.5335696229396024,3.270756149291992,0.5215571880340576,0.012330099940299988,67305
8190,268369920,0.532594999270685,3.2806835174560547,0.5156476497650146,0.012325488030910492,67341
8200,268697600,0.5316204573610711,3.3281768798828124,0.5230988025665283,0.012265968322753906,67334
8210,269025280,0.5306460017886323,3.266475296020508,0.5179574489593506,0.012250346690416336,67356
8220,269352960,0.5296716371308356,3.2873226165771485,0.5121872425079346,0.012233258783817291,67331
8230,269680640,0.5286973679647203,3.2408065795898438,0.5218442440032959,0.012321851402521133,67342
8240,270008320,0.5277231988668772,3.258800506591797,0.5206243991851807,0.012283436954021454,67324
8250,270336000,0.5267491344134275,3.239571762084961,0.5174673557281494,0.01225370094180107,67371
8260,270663680,0.5257751791799999,3.2980533599853517,0.5298106670379639,0.012337889522314072,67346
8270,270991360,0.5248013377417113,3.2521347045898437,0.5232911586761475,0.01239437609910965,67345
8280,271319040,0.523827614673143,3.19744873046875,0.5120149612426758,0.01218920350074768,67325
8290,271646720,0.5228540145483207,3.227117919921875,0.5093153953552246,0.01227395236492157,67371
8300,271974400,0.5218805419406926,3.303847885131836,0.5129261493682862,0.012274158746004104,67319
8310,272302080,0.5209072014231075,3.218134307861328,0.5194180488586426,0.012407952547073364,67382
8320,272629760,0.5199339975677946,3.291548156738281,0.5144950866699218,0.012202198803424835,67355
8330,272957440,0.51896093494634,3.2912853240966795,0.5220439434051514,0.012183337658643722,67388
8340,273285120,0.5179880181296672,3.3170684814453124,0.5317125797271729,0.012420055270195008,67344
8350,273612800,0.5170152516880143,3.1725013732910154,0.5158926963806152,0.012348787486553192,67340
8360,273940480,0.5160426401909136,3.2581707000732423,0.5238607406616211,0.012313141673803329,67355
8370,274268160,0.5150701882071689,3.288372039794922,0.5222646713256835,0.01230987161397934,67309
8380,274595840,0.514097900304835,3.2735519409179688,0.5259066104888916,0.01219724416732788,67363
8390,274923520,0.5131257810511961,3.295388031005859,0.5499066352844239,0.012283403426408768,67328
8400,275251200,0.5121538350127436,3.253175735473633,0.5230124950408935,0.012459949404001237,67331
8410,275578880,0.511182066755156,3.1726491928100584,0.5134328842163086,0.01227114200592041,67322
8420,275906560,0.510210480843276,3.258739471435547,0.5148672103881836,0.012290260195732117,67325
8430,276234240,0.5092390818410902,3.236922836303711,0.527823543548584,0.012450710684061051,67306
8440,276561920,0.508267874311707,3.2299575805664062,0.5261601448059082,0.012354813516139984,67354
8450,276889600,0.5072968628173354,3.298387908935547,0.5188373565673828,0.012312469631433487,67317
8460,277217280,0.5063260519192636,3.2500885009765623,0.5290775299072266,0.012345800548791886,67340
8470,277544960,0.5053554461778373,3.2690258026123047,0.51627197265625,0.012320159375667572,67278
8480,277872640,0.5043850501524388,3.213530731201172,0.5169387340545655,0.01237545907497406,67336
8490,278200320,0.5034148684014648,3.273330307006836,0.5356499195098877,0.012370623648166656,67323
8500,278528000,0.502444905482306,3.2470844268798826,0.5284947872161865,0.012412640452384948,67349
8510,278855680,0.5014751659513248,3.232900619506836,0.5223330497741699,0.012375828623771668,67303
8520,279183360,0.5005056543638344,3.2185306549072266,0.5179300308227539,0.012335048615932464,67340
8530,279511040,0.499536375274077,3.257722854614258,0.5216960906982422,0.012327700853347778,67284
8540,279838720,0.4985673332352031,3.206050491333008,0.515563678741455,0.012585088610649109,67310
8550,280166400,0.49759853279924915,3.237347412109375,0.5137748718261719,0.01227019876241684,67338
8560,280494080,0.4966299785171171,3.243709945678711,0.5290487766265869,0.012338027358055115,67368
8570,280821760,0.4956616749385523,3.217523956298828,0.5260051250457763,0.012363484501838684,67323
8580,281149440,0.49469362661212246,3.294830322265625,0.5319603443145752,0.012210112810134888,67370
8590,281477120,0.49372583808519666,3.301200103759766,0.5120889186859131,0.012266336381435395,67346
8600,281804800,0.4927583139039229,3.251161575317383,0.5246597766876221,0.012357138842344285,67356
8610,282132480,0.49179105861320815,3.2173225402832033,0.5231215476989746,0.012305693328380584,67327
8620,282460160,0.4908240767566955,3.269151306152344,0.5214258670806885,0.01232321560382843,67323
8630,282787840,0.48985737287674447,3.243561553955078,0.5287267684936523,0.012507320940494537,67298
8640,283115520,0.4888909515144081,3.260529708862305,0.5294976234436035,0.012355602532625198,67354
8650,283443200,0.4879248172094126,3.2247676849365234,0.520219373703003,0.01219383254647255,67328
8660,283770880,0.4869589745001358,3.2794395446777345,0.5392989158630371,0.012224990874528885,67350
8670,284098560,0.48599342792358535,3.2490703582763674,0.550009822845459,0.012498945742845536,67352
8680,284426240,0.48502818201537845,3.2383888244628904,0.5195332527160644,0.012318849563598633,67349
8690,284753920,0.48406324130971956,3.233493423461914,0.5190599441528321,0.012270230054855346,67345
8700,285081600,0.4830986103393794,3.2305809020996095,0.525851058959961,0.012379719316959381,67323
8710,285409280,0.4821342936356737,3.2835350036621094,0.5194086551666259,0.012290614098310471,67354
8720,285736960,0.4811702957284427,3.279435729980469,0.5317634105682373,0.012431228160858154,67323
8730,286064640,0.48020662114602786,3.226934814453125,0.5244987487792969,0.012528681755065918,67325
8740,286392320,0.4792432744152527,3.266592025756836,0.5232001781463623,0.01231052502989769,67310
8750,286720000,0.47828026006140056,3.2657371520996095,0.5333258152008057,0.012442006170749665,67324
8760,287047680,0.477317582608193,3.1727630615234377,0.5211659431457519,0.01242194026708603,67311
8770,287375360,0.4763552465777695,3.247475814819336,0.5318575859069824,0.012281553447246551,67333
8780,287703040,0.47539325649066544,3.1898115158081053,0.5293939590454102,0.01234174445271492,67328
8790,288030720,0.4744316168657915,3.2328571319580077,0.5427268028259278,0.012527620792388916,67341
8800,288358400,0.47347033222041146,3.2263370513916017,0.533135175704956,0.012472550570964813,67314
8810,288686080,0.47250940707012234,3.219240188598633,0.5273865699768067,0.012587618827819825,67306
8820,289013760,0.47154884592883173,3.1922746658325196,0.5280051231384277,0.01245778352022171,67347
8830,289341440,0.4705886533087379,3.266565704345703,0.528746509552002,0.012397603690624237,67291
8840,289669120,0.4696288337203076,3.1983125686645506,0.5182988166809082,0.012376891076564788,67361
8850,289996800,0.4686693916722554,3.211081695556641,0.5249645233154296,0.012352827936410904,67288
8860,290324480,0.46771033167152265,3.2052322387695313,0.5466042518615722,0.01272033154964447,67352
8870,290652160,0.4667516582232554,3.2722564697265626,0.5237915515899658,0.012372501194477081,67291
8880,290979840,0.46579337583078473,3.2190006256103514,0.5167126655578613,0.012379329651594162,67327
8890,291307520,0.4648354889956039,3.253362274169922,0.5334555625915527,0.012394527345895768,67298
8900,291635200,0.4638780022173489,3.1995637893676756,0.5289487838745117,0.012346697598695755,67355
8910,291962880,0.4629209199937757,3.229827880859375,0.5264394283294678,0.012339742481708526,67348
8920,292290560,0.46196424682074044,3.226023864746094,0.5319786071777344,0.012502036988735199,67320
8930,292618240,0.4610079871921775,3.1746788024902344,0.532428503036499,0.012441398948431015,67329
8940,292945920,0.4600521456000787,3.225981521606445,0.5457104682922364,0.012492915987968445,67308
8950,293273600,0.4590967265344721,3.2468494415283202,0.5276625633239747,0.012480761110782623,67320
8960,293601280,0.4581417344834009,3.1780513763427733,0.5251924514770507,0.012512445449829102,67292
8970,293928960,0.45718717393290287,3.2137889862060547,0.5371272087097168,0.012483711540699004,67325
8980,294256640,0.45623304936698816,3.2095081329345705,0.5396636009216309,0.01227349191904068,67298
8990,294584320,0.4552793652676195,3.209716796875,0.5332324981689454,0.012424956262111663,67330
9000,294912000,0.4543261261146899,3.2161293029785156,0.5158802032470703,0.012337324768304824,67292
9010,295239680,0.45337333638600297,3.2867881774902346,0.5329665660858154,0.01242944374680519,67345
9020,295567360,0.45242100055725065,3.270947265625,0.535120677947998,0.012464604526758193,67300
9030,295895040,0.45146912310199294,3.265262222290039,0.5426469802856445,0.012405627965927124,67335
9040,296222720,0.4505177084916365,3.2406707763671876,0.5374645233154297,0.012490252405405045,67318
9050,296550400,0.44956676119541383,3.295367431640625,0.5378008842468261,0.012480404973030091,67333
9060,296878080,0.4486162856803626,3.2497276306152343,0.527196741104126,0.012341679632663726,67310
9070,297205760,0.44766628641130346,3.2001087188720705,0.5368602275848389,0.012456446141004562,67354
9080,297533440,0.4467167678508208,3.1728141784667967,0.5262884140014649,0.012694492936134338,67286
9090,297861120,0.44576773445924056,3.222597122192383,0.5237577438354493,0.012515883147716522,67312
9100,298188800,0.4448191906946096,3.274920654296875,0.5491134643554687,0.012381654977798463,67322
9110,298516480,0.44387114101267466,3.196575164794922,0.522698163986206,0.01236674040555954,67350
9120,298844160,0.44292358986686153,3.18402042388916,0.5357913970947266,0.01237071081995964,67276
9130,299171840,0.4419765417082546,3.190378952026367,0.5235946178436279,0.012509337067604065,67324
9140,299499520,0.4410300009855749,3.1903013229370116,0.5104035377502442,0.0124239519238472,67293
9150,299827200,0.4400839721451604,3.1898393630981445,0.5272075653076171,0.012443208694458007,67336
9160,300154880,0.43913845963094367,3.238690185546875,0.5298215389251709,0.01240411251783371,67335
9170,300482560,0.4381934678844329,3.2119102478027344,0.5369356155395508,0.012479930371046066,67343
9180,300810240,0.43724900134468936,3.227548599243164,0.5396640300750732,0.012411575019359588,67306
9190,301137920,0.4363050644483073,3.215998077392578,0.535538625717163,0.01263018250465393,67307
9200,301465600,0.4353616616293928,3.29775390625,0.541805362701416,0.012444505840539933,67293
9210,301793280,0.4344187973195436,3.276188278198242,0.5424546718597412,0.012411656230688095,67298
9220,302120960,0.43347647594782734,3.1813852310180666,0.5257890224456787,0.012565860152244568,67320
9230,302448640,0.4325347019407614,3.272063446044922,0.5221941471099854,0.01252036839723587,67314
9240,302776320,0.43159347972229234,3.224004364013672,0.5308446884155273,0.012393533438444137,67321
9250,303104000,0.43065281371377384,3.234000015258789,0.5238761901855469,0.012319551408290863,67320
9260,303431680,0.4297127083339477,3.216335678100586,0.5474964618682862,0.012660336494445801,67345
9270,303759360,0.4287731679989216,3.238706588745117,0.5368944644927979,0.012438727915287018,67304
9280,304087040,0.4278341971221492,3.184824752807617,0.5270979881286622,0.012519723176956177,67294
9290,304414720,0.4268958001144092,3.2395565032958986,0.5206820964813232,0.0125160813331604,67295
9300,304742400,0.42595798138378416,3.235845947265625,0.5189966201782227,0.012542141973972321,67314
9310,305070080,0.4250207453356408,3.244359588623047,0.5355843067169189,0.012478210777044297,67284
9320,305397760,0.42408409637260824,3.263611602783203,0.5311170101165772,0.012452960014343262,67307
9330,305725440,0.4231480388945583,3.2303977966308595,0.5276129245758057,0.01243673637509346,67318
9340,306053120,0.4222125772985835,3.2409832000732424,0.5391316413879395,0.012410947680473327,67318
9350,306380800,0.42127771597897823,3.1761758804321287,0.5240926265716552,0.01237015873193741,67332
9360,306708480,0.4203434593272163,3.253275680541992,0.52919020652771,0.012346839159727096,67317
9370,307036160,0.4194098117319315,3.218484115600586,0.5329226493835449,0.012593498826026917,67315
9380,307363840,0.41847677757889645,3.222643280029297,0.5395326614379883,0.012450913339853287,67290
9390,307691520,0.41754436125100236,3.2565521240234374,0.5402657508850097,0.012448020279407501,67328
9400,308019200,0.416612567128238,3.1974496841430664,0.5294571399688721,0.012420212477445602,67310
9410,308346880,0.41568139958766936,3.150322914123535,0.5356339931488037,0.012658089399337769,67338
9420,308674560,0.41475086300341946,3.191412925720215,0.5191377639770508,0.012593337893486023,67286
9430,309002240,0.41382096174664673,3.1764667510986326,0.5240790843963623,0.012498920410871505,67313
9440,309329920,0.412891700185526,3.2591567993164063,0.5344558238983155,0.012561577558517455,67282
9450,309657600,0.4119630826852264,3.1844717025756837,0.5292339324951172,0.012522298097610473,67318
9460,309985280,0.41103511360789224,3.2277175903320314,0.5400554656982421,0.012487985938787461,67288
9470,310312960,0.4101077973126215,3.2304622650146486,0.5305028438568116,0.012380629032850265,67349
9480,310640640,0.40918113815544555,3.1440319061279296,0.5236864566802979,0.012536989152431488,67350
9490,310968320,0.40825514048930955,3.1777921676635743,0.5228281497955323,0.012565153837203979,67313
9500,311296000,0.4073298086640508,3.2111888885498048,0.5332447052001953,0.012369176745414734,67317
9510,311623680,0.4064051470263791,3.1872299194335936,0.5304165840148926,0.012538549304008485,67319
9520,311951360,0.40548115991985556,3.2760971069335936,0.5422443389892578,0.012400300055742264,67304
9530,312279040,0.4045578516848737,3.170242500305176,0.5409990787506104,0.012488901615142822,67354
9540,312606720,0.40363522665863694,3.2191211700439455,0.5412285804748536,0.012668107450008393,67294
9550,312934400,0.4027132891751404,3.2339199066162108,0.5431028366088867,0.012409500032663345,67353
9560,313262080,0.40179204356514864,3.2008934020996094,0.5361724376678467,0.01238960325717926,67315
9570,313589760,0.4008714941561764,3.1623231887817385,0.5214677810668945,0.0125065878033638,67311
9580,313917440,0.3999516452724685,3.173633003234863,0.5236721038818359,0.012546716630458832,67288
9590,314245120,0.39903250123497847,3.1693904876708983,0.5220956802368164,0.012403307855129242,67307
9600,314572800,0.3981140663613494,3.2323436737060547,0.5467030525207519,0.012355877459049225,67314
9610,314900480,0.3971963449658923,3.248818206787109,0.5406180381774902,0.012378887832164764,67327
9620,315228160,0.39627934135956777,3.181065559387207,0.5238449096679687,0.012214845418930054,67296
9630,315555840,0.3953630598499638,3.236864471435547,0.5359023094177247,0.0125427708029747,67305
9640,315883520,0.3944475047412763,3.2363109588623047,0.5285616874694824,0.012531702220439912,67296
9650,316211200,0.3935326803342897,3.2475929260253906,0.543306541442871,0.012557511031627656,67350
9660,316538880,0.3926185909263551,3.282862091064453,0.5303133010864258,0.012463905662298203,67307
9670,316866560,0.3917052408113716,3.2168704986572267,0.5447027206420898,0.012596379220485687,67308
9680,317194240,0.39079263427976507,3.204314041137695,0.5338369846343994,0.01237587109208107,67266
9690,317521920,0.389880775618469,3.2140151977539064,0.5427505493164062,0.012359346449375152,67357
9700,317849600,0.388969669110903,3.2102279663085938,0.5342079162597656,0.012410807609558105,67305
9710,318177280,0.38805931903695423,3.2215866088867187,0.5463664531707764,0.01264335960149765,67332
9720,318504960,0.38714972967295613,3.1730535507202147,0.5341874122619629,0.01246122196316719,67270
9730,318832640,0.38624090529166855,3.16400260925293,0.5266413688659668,0.01249348297715187,67327
9740,319160320,0.3853328501622585,3.174015998840332,0.5369909286499024,0.012555602192878722,67319
9750,319488000,0.38442556855027865,3.255208969116211,0.5379205703735351,0.012544493377208709,67326
9760,319815680,0.38351906471764896,3.2092552185058594,0.5469801902770997,0.012676146626472474,67297
9770,320143360,0.3826133429226348,3.2241851806640627,0.5392373561859131,0.012447644025087357,67291
9780,320471040,0.38170840741982925,3.2264347076416016,0.536256217956543,0.01247493401169777,67329
9790,320798720,0.38080426246013044,3.1830257415771483,0.5382545948028564,0.012503141164779663,67304
9800,321126400,0.379900912290724,3.1305301666259764,0.5194707393646241,0.012631657719612121,67299
9810,321454080,0.3789983611550616,3.2112823486328126,0.5411875724792481,0.012431542575359344,67303
9820,321781760,0.3780966132928413,3.218183135986328,0.5361366271972656,0.012437978386878967,67326
9830,322109440,0.37719567293998824,3.215443420410156,0.5318154335021973,0.012576134502887725,67283
9840,322437120,0.3762955443286341,3.1781505584716796,0.5328163146972656,0.012496910244226455,67336
9850,322764800,0.37539623168709757,3.2731369018554686,0.5450559616088867,0.01255362331867218,67315
9860,323092480,0.37449773923986396,3.1449188232421874,0.5354160785675048,0.012584736943244934,67311
9870,323420160,0.37360007120756655,3.2312171936035154,0.5378791809082031,0.012530356645584106,67315
9880,323747840,0.37270323180696474,3.19698543548584,0.5305919170379638,0.012426444888114929,67292
9890,324075520,0.3718072252509268,3.1548166275024414,0.5314131736755371,0.012669093906879425,67305
9900,324403200,0.370912055748408,3.218810272216797,0.5338101387023926,0.012537649273872376,67273
9910,324730880,0.3700177275044315,3.211305618286133,0.5408848285675049,0.012509702146053315,67331
9920,325058560,0.369124244720069,3.160690689086914,0.5314675331115722,0.01270049661397934,67286
9930,325386240,0.36823161159242057,3.1750247955322264,0.5258138179779053,0.01257932037115097,67269
9940,325713920,0.3673398323145951,3.1963127136230467,0.5227301120758057,0.012566331028938293,67305
9950,326041600,0.36644891107569044,3.223112869262695,0.5365236282348633,0.012537018954753875,67290
9960,326369280,0.3655588520607741,3.209320068359375,0.5333688735961915,0.01276780515909195,67270
9970,326696960,0.3646696594508628,3.250533676147461,0.5381628513336182,0.012404140084981918,67272
9980,327024640,0.3637813374229041,3.192092704772949,0.5520602226257324,0.012793728709220886,67310
9990,327352320,0.36289389014975526,3.1532428741455076,0.5516305923461914,0.012678928673267365,67256
10000,327680000,0.3620073218001649,3.189394950866699,0.5453099250793457,0.012350088357925415,67297
10010,328007680,0.3611216365387533,3.2379417419433594,0.5485005378723145,0.012511800229549407,67272
10020,328335360,0.360236838525991,3.198191833496094,0.5612622737884522,0.012683653831481933,67309
10030,328663040,0.3593529319181825,3.2295768737792967,0.5458143711090088,0.012549789249897003,67295
10040,328990720,0.35846992086744367,3.173860549926758,0.5334833145141602,0.012499671429395676,67287
10050,329318400,0.35758780952168456,3.216093063354492,0.5588690757751464,0.012673555314540863,67307
10060,329646080,0.3567066020245879,3.156182289123535,0.53302001953125,0.01250869333744049,67272
10070,329973760,0.35582630251559155,3.182946968078613,0.5448099136352539,0.012635397911071777,67290
10080,330301440,0.3549469151298672,3.1274234771728517,0.5249749660491944,0.012550285458564759,67346
10090,330629120,0.3540684439983024,3.1759714126586913,0.5428081035614014,0.012764064967632294,67327
10100,330956800,0.3531908932474809,3.211293411254883,0.543284797668457,0.012528638541698455,67310
10110,331284480,0.3523142669996624,3.2158618927001954,0.5397308826446533,0.012617075443267822,67272
10120,331612160,0.3514385693727643,3.2050758361816407,0.5518818855285644,0.01251230388879776,67318
10130,331939840,0.3505638044803414,3.1919389724731446,0.5439512252807617,0.012540069222450257,67300
10140,332267520,0.3496899764315674,3.2291591644287108,0.5530451774597168,0.012561306357383728,67321
10150,332595200,0.3488170893312148,3.1487380981445314,0.532825231552124,0.01273762583732605,67281
10160,332922880,0.34794514727963644,3.1274078369140623,0.5307253360748291,0.012504699826240539,67326
10170,333250560,0.3470741543727457,3.173435401916504,0.5472497940063477,0.012527035176753997,67286
10180,333578240,0.346204114701997,3.1396720886230467,0.5465119361877442,0.012694114446640014,67275
10190,333905920,0.345335032354368,3.2171531677246095,0.5423069000244141,0.012590406835079193,67287
10200,334233600,0.34446691141233793,3.1543506622314452,0.5292625904083252,0.01273462176322937,67273
10210,334561280,0.34359975595387116,3.1060163497924806,0.5406115055084229,0.012579444050788879,67302
10220,334888960,0.3427335700523958,3.2121952056884764,0.5398513793945312,0.012558883428573609,67288
10230,335216640,0.3418683577767862,3.236594390869141,0.543438196182251,0.01259135752916336,67315
10240,335544320,0.34100412319134277,3.1943214416503904,0.5471373081207276,0.012438943982124329,67305
10250,335872000,0.34014087035577323,3.2166183471679686,0.5509701728820801,0.012712977826595306,67288
10260,336199680,0.33927860332517384,3.2402278900146486,0.5444565773010254,0.012572653591632843,67273
10270,336527360,0.3384173261500096,3.1189104080200196,0.5431909084320068,0.012463363260030747,67311
10280,336855040,0.33755704287609634,3.187307357788086,0.5398210525512696,0.01257493495941162,67286
10290,337182720,0.3366977575445804,3.1799158096313476,0.5387515544891357,0.0125121608376503,67299
10300,337510400,0.3358394741919212,3.16245059967041,0.5328364372253418,0.012469400465488435,67293
10310,337838080,0.33498219684987046,3.2664188385009765,0.5386432647705078,0.012662281095981599,67293
10320,338165760,0.3341259295454547,3.2300647735595702,0.5316879749298096,0.012523436546325683,67251
10330,338493440,0.33327067630095575,3.2418582916259764,0.5489140033721924,0.012677615880966187,67278
10340,338821120,0.3324164411338921,3.178230857849121,0.5408384323120117,0.012466792762279511,67288
10350,339148800,0.33156322805699956,3.164469337463379,0.5312514781951905,0.012632513046264648,67315
10360,339476480,0.3307110410782127,3.1738256454467773,0.5434543132781983,0.012560562789440155,67256
10370,339804160,0.32985988420064666,3.2232173919677733,0.5462264537811279,0.012549778819084168,67283
10380,340131840,0.3290097614225766,3.142405128479004,0.5342309474945068,0.012695543467998505,67319
10390,340459520,0.3281606767374211,3.187287712097168,0.5403779506683349,0.012699925899505615,67300
10400,340787200,0.3273126341337218,3.2148410797119142,0.5418681621551513,0.012473283708095551,67280
10410,341114880,0.3264656375951254,3.1228710174560548,0.5361372947692871,0.012657245993614197,67291
10420,341442560,0.3256196911003647,3.124667930603027,0.5383960723876953,0.012710997462272644,67279
10430,341770240,0.3247747986232399,3.165341377258301,0.5494120597839356,0.012520471215248108,67320
10440,342097920,0.3239309641325999,3.2076446533203127,0.5462586879730225,0.012635225057601928,67284
10450,342425600,0.3230881915923239,3.1840930938720704,0.5432230472564697,0.012628555297851562,67333
10460,342753280,0.32224648496130276,3.2227840423583984,0.5568525314331054,0.012673699855804443,67264
10470,343080960,0.32140584819341994,3.183864974975586,0.5491374969482422,0.012698400020599365,67323
10480,343408640,0.3205662852375337,3.179099273681641,0.5441963195800781,0.012656846642494201,67278
10490,343736320,0.3197278000374577,3.1475589752197264,0.5391453742980957,0.012650614976882935,67299
10500,344064000,0.31889039653194307,3.1304365158081056,0.5518019199371338,0.012708747386932373,67302
10510,344391680,0.31805407865465946,3.1406314849853514,0.5463755607604981,0.012587356567382812,67333
10520,344719360,0.31721885033417746,3.1637905120849608,0.5398860931396484,0.012652502954006195,67298
10530,345047040,0.3163847154939489,3.1715414047241213,0.5553385734558105,0.012684038281440735,67332
10540,345374720,0.3155516780522891,3.2113243103027345,0.5554757118225098,0.012544028460979462,67323
10550,345702400,0.31471974192235896,3.1228525161743166,0.5347920417785644,0.012524545192718506,67341
10560,346030080,0.313888911012145,3.2342910766601562,0.545341968536377,0.012508054077625275,67284
10570,346357760,0.3130591892244431,3.183275604248047,0.5419766902923584,0.012669271230697632,67302
10580,346685440,0.31223058045683816,3.1957376480102537,0.5565394401550293,0.012490504235029221,67283
10590,347013120,0.3114030886016875,3.1773794174194334,0.5400308132171631,0.012724184989929199,67297
10600,347340800,0.31057671754610106,3.15032958984375,0.538484764099121,0.012639200687408448,67284
10610,347668480,0.30975147117192475,3.0989654541015623,0.5393305778503418,0.012691707909107208,67302
10620,347996160,0.3089273533557203,3.241717529296875,0.5471850395202636,0.012636667490005494,67283
10630,348323840,0.3081043679687486,3.181671905517578,0.5382090091705323,0.012581217288970947,67315
10640,348651520,0.30728251887695135,3.210429000854492,0.5537109851837159,0.012570443749427795,67278
10650,348979200,0.30646180994093186,3.1534942626953124,0.5388099193572998,0.012726929783821107,67296
10660,349306880,0.3056422450159381,3.134028434753418,0.5346406459808349,0.01259506344795227,67272
10670,349634560,0.30482382795184393,3.118152046203613,0.5347407341003418,0.012666119635105133,67277
10680,349962240,0.3040065625931312,3.205535125732422,0.550601863861084,0.012701167166233063,67260
10690,350289920,0.30319045277887136,3.1348438262939453,0.5577798843383789,0.012914612889289856,67312
10700,350617600,0.3023755023427084,3.147377777099609,0.540523099899292,0.01261693686246872,67317
10710,350945280,0.3015617151128396,3.210358428955078,0.5570314407348633,0.012781180441379547,67293
10720,351272960,0.3007490949119982,3.1680553436279295,0.5515177249908447,0.012713451683521271,67294
10730,351600640,0.2999376455574358,3.207358169555664,0.5374918460845948,0.012504838407039642,67314
10740,351928320,0.29912737086090346,3.229460906982422,0.5444752216339112,0.012655621767044068,67269
10750,352256000,0.2983182746286347,3.179534149169922,0.5426846027374268,0.012680752575397492,67282
10760,352583680,0.29751036066132674,3.162496566772461,0.5582275867462159,0.012779884040355682,67302
10770,352911360,0.29670363275412404,3.197068786621094,0.5485839366912841,0.01252673864364624,67311
10780,353239040,0.2958980946965986,3.1258686065673826,0.540724515914917,0.012601126730442048,67289
10790,353566720,0.2950937502727342,3.119253730773926,0.5241347789764405,0.012655706703662872,67276
10800,353894400,0.2942906032609065,3.189404296875,0.5406790733337402,0.01280319094657898,67263
10810,354222080,0.29348865743386676,3.137245941162109,0.5411460399627686,0.012654614448547364,67278
10820,354549760,0.2926879165587243,3.114970588684082,0.5267298221588135,0.012747274339199066,67257
10830,354877440,0.2918883843969272,3.1470638275146485,0.5384855747222901,0.012667755782604217,67306
10840,355205120,0.2910900647042468,3.1792276382446287,0.549496841430664,0.012809677422046662,67289
10850,355532800,0.29029296123075793,3.202100372314453,0.5488319396972656,0.012862014770507812,67262
10860,355860480,0.2894970777208227,3.140783500671387,0.5463804721832275,0.012527953088283538,67314
10870,356188160,0.2887024179130724,3.1464649200439454,0.5428247451782227,0.01281379759311676,67270
10880,356515840,0.28790898554039035,3.2027965545654298,0.5376452922821044,0.012596184015274048,67279
10890,356843520,0.2871167843298935,3.1738025665283205,0.5404678344726562,0.012713275849819183,67234
10900,357171200,0.28632581800291573,3.1943349838256836,0.5534759521484375,0.012786613404750824,67273
10910,357498880,0.2855360902749904,3.1474145889282226,0.5434616088867188,0.012827527523040772,67241
10920,357826560,0.2847476048558321,3.149827003479004,0.5366840362548828,0.012737146019935608,67278
10930,358154240,0.2839603654493199,3.1552196502685548,0.5435640335083007,0.012711153924465179,67280
10940,358481920,0.2831743757534798,3.1911283493041993,0.5416247367858886,0.012608818709850311,67262
10950,358809600,0.2823896394604675,3.130681037902832,0.5424058437347412,0.012584123015403747,67293
10960,359137280,0.2816061602565507,3.2041252136230467,0.5560210227966309,0.012877658009529114,67247
10970,359464960,0.2808239418220919,3.185825538635254,0.5490971565246582,0.012671247124671936,67276
10980,359792640,0.2800429878315313,3.188986587524414,0.5432031631469727,0.012771233916282654,67265
10990,360120320,0.27926330195336935,3.1970911026000977,0.5678501129150391,0.012759312987327576,67296
11000,360448000,0.2784848878501499,3.1853700637817384,0.5518125534057617,0.012767575681209564,67274
11010,360775680,0.2777077491784421,3.196518135070801,0.547402811050415,0.012669013440608978,67285
11020,361103360,0.27693188958882464,3.150920295715332,0.5498412132263184,0.012524785101413726,67332
11030,361431040,0.27615731272586685,3.1192359924316406,0.539028263092041,0.012729835510253907,67253
11040,361758720,0.2753840222281132,3.1720064163208006,0.5435657024383544,0.012598663568496704,67306
11050,362086400,0.27461202172806515,3.1982770919799806,0.5593507766723633,0.012735997140407563,67277
11060,362414080,0.27384131485216434,3.0924686431884765,0.5346591949462891,0.0128374382853508,67298
11070,362741760,0.27307190522077623,3.160840606689453,0.5494861125946044,0.012829519808292389,67268
11080,363069440,0.2723037964481719,3.1412221908569338,0.5454931735992432,0.01274329274892807,67303
11090,363397120,0.27153699214251215,3.1983806610107424,0.5427237510681152,0.012705501914024354,67263
11100,363724800,0.27077149590582994,3.151021957397461,0.537844467163086,0.012679669260978698,67292
11110,364052480,0.27000731133401334,3.165940856933594,0.5402046203613281,0.012707039713859558,67249
11120,364380160,0.2692444420167893,3.1958608627319336,0.5535129070281982,0.012640912830829621,67254
11130,364707840,0.26848289153770644,3.1752241134643553,0.5544116020202636,0.01269017904996872,67258
11140,365035520,0.267722663474118,3.1567365646362306,0.5671858787536621,0.012841472029685974,67263
11150,365363200,0.2669637613971651,3.168027877807617,0.5451044559478759,0.012704490125179291,67284
11160,365690880,0.2662061888717604,3.1737607955932616,0.5581292152404785,0.012756207585334777,67270
11170,366018560,0.26544994945657074,3.203379821777344,0.5469881534576416,0.01261730194091797,67302
11180,366346240,0.2646950467040012,3.185416603088379,0.5470073223114014,0.012795798480510712,67271
11190,366673920,0.26394148416017726,3.1411361694335938,0.5400818824768067,0.012832552194595337,67265
11200,367001600,0.2631892653649296,3.170041084289551,0.5439668655395508,0.012813931703567505,67266
11210,367329280,0.26243839385177614,3.1555383682250975,0.5418032646179199,0.0128254696726799,67266
11220,367656960,0.261688873147906,3.111882209777832,0.5553834915161133,0.012685462832450867,67290
11230,367984640,0.2609407067741632,3.1359975814819334,0.5526404857635498,0.012882368266582489,67299
11240,368312320,0.2601938982450296,3.1278688430786135,0.558938455581665,0.012874871492385864,67274
11250,368640000,0.2594484510686089,3.1329977035522463,0.5500730991363525,0.012829510867595673,67286
11260,368967680,0.2587043687466096,3.1371912002563476,0.5413271427154541,0.01274724155664444,67248
11270,369295360,0.2579616547743293,3.1732982635498046,0.5454627990722656,0.012795314192771912,67262
11280,369623040,0.2572203126406374,3.1321029663085938,0.5507307529449463,0.012803705036640167,67250
11290,369950720,0.25648034582795914,3.169911575317383,0.551108455657959,0.012721119821071625,67213
11300,370278400,0.2557417578122594,3.1403175354003907,0.5375282287597656,0.012665346264839172,67277
11310,370606080,0.2550045520630264,3.1632986068725586,0.5327658653259277,0.012737002968788148,67271
11320,370933760,0.25426873204325495,3.104646682739258,0.541740608215332,0.012727729976177216,67289
11330,371261440,0.2535343012094305,3.103278160095215,0.5487776279449463,0.012726910412311554,67270
11340,371589120,0.25280126301151284,3.1609943389892576,0.5474050998687744,0.012777827680110931,67284
11350,371916800,0.25206962089291973,3.173879051208496,0.5483391284942627,0.012886589765548706,67277
11360,372244480,0.2513393782905116,3.126290130615234,0.5504639148712158,0.012777166068553924,67284
11370,372572160,0.25061053863457383,3.1571149826049805,0.5505997180938721,0.012630699574947358,67297
11380,372899840,0.24988310534880215,3.1723045349121093,0.546693229675293,0.012806198000907898,67260
11390,373227520,0.24915708185028554,3.129993438720703,0.5471346855163575,0.012764970958232879,67269
11400,373555200,0.2484324715494908,3.1366199493408202,0.5479302883148194,0.012732306122779846,67252
11410,373882880,0.24770927785024613,3.0752885818481444,0.5437821388244629,0.012724453210830688,67296
11420,374210560,0.24698750414972515,3.0850601196289062,0.5464900970458985,0.012645281851291656,67238
11430,374538240,0.2462671538384317,3.1599761962890627,0.5511816501617431,0.012705864012241363,67235
11440,374865920,0.24554823030018252,3.1216804504394533,0.5491770267486572,0.012959186732769013,67230
11450,375193600,0.24483073691209287,3.142667770385742,0.5534276962280273,0.012917816638946533,67277
11460,375521280,0.24411467704455944,3.1519754409790037,0.5497534275054932,0.01287839561700821,67233
11470,375848960,0.24340005406124518,3.122358512878418,0.5491456985473633,0.012934885919094086,67272
11480,376176640,0.24268687131906316,3.159530448913574,0.5427379608154297,0.012777304649353028,67220
11490,376504320,0.24197513216816144,3.1911563873291016,0.5533230781555176,0.012798735499382019,67280
11500,376832000,0.24126483995190637,3.122605895996094,0.5433173656463623,0.012963871657848357,67255
11510,377159680,0.24055599800686764,3.1704153060913085,0.5462390422821045,0.012827946245670319,67270
11520,377487360,0.23984860966280222,3.0927146911621093,0.5487971305847168,0.012911070883274079,67254
11530,377815040,0.2391426782426388,3.100531005859375,0.554544734954834,0.01279895454645157,67291
11540,378142720,0.2384382070624626,3.1691801071166994,0.5525981426239014,0.012794743478298187,67266
11550,378470400,0.23773519943149887,3.1683124542236327,0.5521468162536621,0.012852872908115386,67311
11560,378798080,0.23703365865209847,3.151227569580078,0.5546617984771729,0.01283046305179596,67249
11570,379125760,0.23633358801972137,3.1130443572998048,0.5464540481567383,0.0128831684589386,67284
11580,379453440,0.2356349908229217,3.108036231994629,0.5445106506347657,0.012686797976493835,67273
11590,379781120,0.23493787034333216,3.2167888641357423,0.5559879779815674,0.012861399352550507,67254
11600,380108800,0.23424222985564858,3.1059932708740234,0.5401336193084717,0.012760166823863984,67319
11610,380436480,0.23354807262761487,3.1543350219726562,0.5417156219482422,0.012779888510704041,67243
11620,380764160,0.232855401920007,3.1173192977905275,0.5407089233398438,0.012856397032737731,67285
11630,381091840,0.2321642209866184,3.14715633392334,0.5520153045654297,0.012812483310699462,67243
11640,381419520,0.23147453307424415,3.12771053314209,0.5531587600708008,0.012791495025157928,67288
11650,381747200,0.230786341422666,3.1389636993408203,0.5604887485504151,0.012865526974201203,67273
11660,382074880,0.2300996492646368,3.133701515197754,0.5654644966125488,0.012895193696022034,67293
11670,382402560,0.2294144598258662,3.167967414855957,0.5642471790313721,0.012682776153087615,67257
11680,382730240,0.2287307763250043,3.212453079223633,0.5728868007659912,0.013061465322971344,67255
11690,383057920,0.2280486019736274,3.1515625,0.5426907062530517,0.01283523440361023,67262
11700,383385600,0.22736793997622248,3.1423246383666994,0.5489018440246582,0.012878249585628509,67284
11710,383713280,0.2266887935301724,3.0720903396606447,0.5362072944641113,0.012884709239006042,67259
11720,384040960,0.22601116582574088,3.127522277832031,0.5421416282653808,0.012720918655395508,67271
11730,384368640,0.22533506004605705,3.0667295455932617,0.5524582862854004,0.012875482439994812,67268
11740,384696320,0.2246604793671014,3.136493682861328,0.5442648887634277,0.012808746099472046,67285
11750,385024000,0.22398742695768986,3.108690071105957,0.5485584259033203,0.012820379436016082,67269
11760,385351680,0.22331590597945955,3.123350143432617,0.549676513671875,0.012926779687404633,67290
11770,385679360,0.22264591958685376,3.2145286560058595,0.5700239658355712,0.012839378416538238,67245
11780,386007040,0.22197747092710685,3.092395210266113,0.5404568195343018,0.013014335930347443,67264
11790,386334720,0.22131056314023037,3.1395776748657225,0.5469362258911132,0.01289074718952179,67262
11800,386662400,0.22064519935899696,3.1489906311035156,0.5525525093078614,0.012879379093647003,67266
11810,386990080,0.21998138270892706,3.135637664794922,0.5504806995391845,0.012862350046634673,67240
11820,387317760,0.21931911630827294,3.14930419921875,0.5553804397583008,0.012970918416976928,67269
11830,387645440,0.21865840326800487,3.104056167602539,0.5414486885070801,0.01262788027524948,67282
11840,387973120,0.2179992466917961,3.127178192138672,0.5570377826690673,0.012894482910633087,67272
11850,388300800,0.21734164967600889,3.122328186035156,0.5390779495239257,0.012775619328022004,67251
11860,388628480,0.2166856153096791,3.1640926361083985,0.5694075584411621,0.012996642291545868,67270
11870,388956160,0.21603114667450216,3.1438339233398436,0.5571147918701171,0.012864215672016144,67241
11880,389283840,0.21537824684481896,3.1604135513305662,0.5588435173034668,0.012810410559177398,67285
11890,389611520,0.21472691888760015,3.1668405532836914,0.5530745506286621,0.012964856624603272,67259
11900,389939200,0.21407716586243347,3.0849782943725588,0.5482910633087158,0.012947078049182891,67240
11910,390266880,0.21342899082150785,3.1381887435913085,0.5504684925079346,0.012863494455814362,67299
11920,390594560,0.2127823968096001,3.108386993408203,0.5485730171203613,0.01280653178691864,67244
11930,390922240,0.21213738686406003,3.1054264068603517,0.5499529361724853,0.012861129641532899,67277
11940,391249920,0.2114939640147963,3.1338775634765623,0.541378402709961,0.012780588865280152,67265
11950,391577600,0.21085213128426236,3.1393184661865234,0.5507702827453613,0.012782002985477447,67295
11960,391905280,0.21021189168744198,3.080051803588867,0.5420066833496093,0.01300070881843567,67228
11970,392232960,0.2095732482318356,3.111884117126465,0.5466485977172851,0.012937094271183013,67254
11980,392560640,0.20893620391744544,3.0868064880371096,0.5421340942382813,0.012929010391235351,67271
11990,392888320,0.2083007617367621,3.1616559982299806,0.5693586349487305,0.012822471559047699,67303
12000,393216000,0.20766692467475006,3.1891050338745117,0.5702364921569825,0.012947866320610046,67263
12010,393543680,0.207034695708834,3.0859329223632814,0.5486050605773926,0.012804912030696869,67318
12020,393871360,0.20640407780888423,3.152863121032715,0.5590400695800781,0.01293940246105194,67265
12030,394199040,0.20577507393720368,3.1357494354248048,0.5508342742919922,0.012874670326709747,67277
12040,394526720,0.20514768704851313,3.126321792602539,0.5428359031677246,0.012819641828536987,67235
12050,394854400,0.20452192008993753,3.1220462799072264,0.5541671276092529,0.012899672985076905,67290
12060,395182080,0.20389777600099285,3.1462278366088867,0.5547141075134278,0.012792187929153442,67283
12070,395509760,0.2032752577135708,3.1312257766723635,0.5515399932861328,0.012999232113361358,67297
12080,395837440,0.20265436815192675,3.168402099609375,0.5614782810211182,0.012867486476898194,67254
12090,396165120,0.20203511023266468,3.074040412902832,0.547788143157959,0.012898348271846771,67265
12100,396492800,0.20141748686472444,3.1174795150756838,0.5538031101226807,0.012984143197536468,67243
12110,396820480,0.20080150094936725,3.1026885986328123,0.5399310111999511,0.012893861532211304,67267
12120,397148160,0.20018715538016268,3.068492126464844,0.5449184894561767,0.012919700145721436,67259
12130,397475840,0.1995744530429747,3.1486703872680666,0.5572600841522217,0.013056181371212006,67279
12140,397803520,0.1989633968159482,3.0747575759887695,0.537112808227539,0.012944257259368897,67222
12150,398131200,0.19835398956949601,3.108247184753418,0.5576987266540527,0.012925328314304351,67241
12160,398458880,0.19774623416628423,3.099569892883301,0.5529561996459961,0.013003824651241303,67244
12170,398786560,0.1971401334612201,3.116015625,0.5552928447723389,0.012910363078117371,67252
12180,399114240,0.19653569030143775,3.106681251525879,0.5607452869415284,0.013045231997966766,67245
12190,399441920,0.19593290752628495,3.14637451171875,0.570808219909668,0.012824620306491851,67269
12200,399769600,0.1953317879673098,3.1602115631103516,0.5603608608245849,0.012754705548286439,67239
12210,400097280,0.194732334448248,3.123736572265625,0.5425706386566163,0.012893518805503846,67249
12220,400424960,0.1941345497850086,3.151840591430664,0.5565221786499024,0.012913917005062104,67258
12230,400752640,0.19353843678566138,3.1535974502563477,0.5661321640014648,0.012850697338581085,67249
12240,401080320,0.1929439982504239,3.192321014404297,0.5614735603332519,0.012847234308719636,67275
12250,401408000,0.1923512369716472,3.099180793762207,0.5502875804901123,0.013100582361221313,67234
12260,401735680,0.19176015573380445,3.163936996459961,0.552013349533081,0.012884560227394103,67271
12270,402063360,0.191170757313476,3.079941177368164,0.5544088840484619,0.012873390316963195,67257
12280,402391040,0.19058304447933802,3.1435142517089845,0.5565310001373291,0.012983128428459167,67254
12290,402718720,0.1899970199921481,3.134640693664551,0.5612602710723877,0.012916079163551331,67229
12300,403046400,0.1894126866047332,3.0687892913818358,0.5601014137268067,0.012942251563072205,67254
12310,403374080,0.1888300470619763,3.148817443847656,0.5678780555725098,0.012941452860832214,67261
12320,403701760,0.18824910410080348,3.1212160110473635,0.5569202899932861,0.01306365579366684,67202
12330,404029440,0.18766986045017167,3.0710529327392577,0.552830696105957,0.012904617190361022,67223
12340,404357120,0.18709231883105468,3.2110774993896483,0.5782908439636231,0.012715528905391692,67265
12350,404684800,0.18651648195643172,3.171533966064453,0.562037467956543,0.01289592832326889,67223
12360,405012480,0.18594235253127372,3.1271799087524412,0.5547770500183106,0.012867751717567443,67245
12370,405340160,0.18536993325253082,3.16833553314209,0.5648004531860351,0.013026058673858643,67231
12380,405667840,0.18479922680912014,3.132963752746582,0.5530375957489013,0.01293179988861084,67257
12390,405995520,0.1842302358819124,3.0822622299194338,0.5591025829315186,0.012844473123550415,67261
12400,406323200,0.18366296314372033,3.0597721099853517,0.5473799228668212,0.012827172875404358,67252
12410,406650880,0.18309741125928486,3.1764314651489256,0.5672184467315674,0.012931378185749054,67234
12420,406978560,0.18253358288526406,3.1560951232910157,0.5593008995056152,0.012878848612308503,67236
12430,407306240,0.18197148067021893,3.1096315383911133,0.5658359050750732,0.013004419207572938,67222
12440,407633920,0.18141110725460283,3.054718589782715,0.5571776390075683,0.013119739294052125,67223
12450,407961600,0.1808524652707474,3.1153663635253905,0.5587007999420166,0.013068369030952454,67227
12460,408289280,0.18029555734285163,3.120945167541504,0.5535623073577881,0.01296679675579071,67253
12470,408616960,0.1797403860869683,3.1408807754516603,0.5678331851959229,0.012954215705394744,67249
12480,408944640,0.17918695411099256,3.1389930725097654,0.5608170032501221,0.012810680270195007,67271
12490,409272320,0.17863526401464913,3.112289047241211,0.5560383319854736,0.01288878321647644,67217
12500,409600000,0.17808531838948038,3.1311269760131837,0.5726698875427246,0.013091537356376647,67243
12510,409927680,0.17753711981883438,3.109189033508301,0.5570765018463135,0.012863802909851074,67236
12520,410255360,0.17699067087785206,3.157077598571777,0.5592249870300293,0.012919919192790985,67251
12530,410583040,0.17644597413345592,3.1351303100585937,0.5502961158752442,0.012852631509304047,67199
12540,410910720,0.1759030321443373,3.112706184387207,0.5468472480773926,0.012979015707969666,67236
12550,411238400,0.17536184746094474,3.0930849075317384,0.5665214538574219,0.01316000074148178,67230
12560,411566080,0.17482242262547187,3.1034093856811524,0.5576214790344238,0.013053438067436219,67262
12570,411893760,0.17428476017184552,3.205574798583984,0.557127571105957,0.012871195375919343,67191
12580,412221440,0.17374886262571393,3.122698974609375,0.5656389236450196,0.013018395006656646,67232
12590,412549120,0.17321473250443453,3.125468063354492,0.5678277492523194,0.012978900969028474,67235
12600,412876800,0.1726823723170628,3.081497383117676,0.5530498027801514,0.012811176478862762,67244
12610,413204480,0.1721517845643391,3.139967346191406,0.5607655048370361,0.012903448939323426,67253
12620,413532160,0.1716229717386789,3.118510055541992,0.5602577209472657,0.013076356053352356,67223
12630,413859840,0.17109593632415931,3.1119964599609373,0.5629726886749268,0.012850050628185273,67222
12640,414187520,0.17057068079650856,3.1154064178466796,0.5660712242126464,0.013018456101417542,67277
12650,414515200,0.17004720762309364,3.1198720932006836,0.5594109535217285,0.01292133927345276,67228
12660,414842880,0.1695255192629091,3.099518394470215,0.5486254215240478,0.012931849062442779,67244
12670,415170560,0.16900561816656542,3.1592830657958983,0.5676405906677247,0.013004422187805176,67206
12680,415498240,0.16848750677627727,3.067885971069336,0.549036169052124,0.012863942980766296,67255
12690,415825920,0.1679711875258528,3.1053482055664063,0.5447439670562744,0.012970264256000518,67235
12700,416153600,0.16745666284068098,3.0735841751098634,0.5532484531402588,0.013186438381671906,67239
12710,416481280,0.16694393513772138,3.0849990844726562,0.5657403945922852,0.013091985881328583,67210
12720,416808960,0.16643300682549206,3.096430778503418,0.5574805259704589,0.013002938032150269,67245
12730,417136640,0.16592388030405858,3.082849311828613,0.5611531257629394,0.0128178671002388,67206
12740,417464320,0.16541655796502264,3.1498924255371095,0.5628364086151123,0.012878811359405518,67243
12750,417792000,0.16491104219151081,3.115491485595703,0.564424991607666,0.013073468208312988,67206
12760,418119680,0.16440733535816363,3.1074180603027344,0.560921049118042,0.012961189448833465,67257
12770,418447360,0.16390543983112393,3.0536901473999025,0.5622148513793945,0.012932232022285462,67220
12780,418775040,0.1634053579680263,3.1038593292236327,0.5587872505187989,0.01273667961359024,67254
12790,419102720,0.1629070921179852,3.095895004272461,0.552698802947998,0.012996408343315124,67210
12800,419430400,0.16241064462158505,3.0815093994140623,0.5566804885864258,0.012922516465187073,67253
12810,419758080,0.16191601781086817,3.0382711410522463,0.5454916000366211,0.0129805788397789,67222
12820,420085760,0.1614232140093247,3.0864667892456055,0.5516181468963623,0.012861578166484833,67256
12830,420413440,0.1609322355318808,3.1404123306274414,0.5632582187652588,0.013018928468227386,67192
12840,420741120,0.1604430846848886,3.098923683166504,0.5522924423217773,0.013182500004768371,67210
12850,421068800,0.15995576376611487,3.1229421615600588,0.5535990715026855,0.012985429167747498,67212
12860,421396480,0.15947027506473016,3.137008857727051,0.5553390502929687,0.012929673492908477,67236
12870,421724160,0.15898662086129878,3.0585294723510743,0.5582861423492431,0.013013544678688049,67212
12880,422051840,0.15850480342776696,3.1731616973876955,0.5629589080810546,0.012953397631645203,67246
12890,422379520,0.1580248250274533,3.1615055084228514,0.5582228183746338,0.012899024784564972,67198
12900,422707200,0.1575466879150373,3.100667381286621,0.5585281848907471,0.013079100847244262,67229
12910,423034880,0.1570703943365491,3.1336652755737306,0.557261848449707,0.01295802891254425,67195
12920,423362560,0.15659594652935896,3.1241214752197264,0.572777795791626,0.01311228722333908,67221
12930,423690240,0.15612334672216666,3.2026729583740234,0.5763593196868897,0.012990042567253113,67201
12940,424017920,0.1556525971349913,3.0957830429077147,0.5536487102508545,0.013126879930496216,67243
12950,424345600,0.15518369997916026,3.0553083419799805,0.5625464916229248,0.013067656755447387,67220
12960,424673280,0.1547166574572997,3.106756591796875,0.5710457801818848,0.013038992881774902,67234
12970,425000960,0.15425147176332304,3.087606430053711,0.5593947410583496,0.013063612580299377,67189
12980,425328640,0.153788145082422,3.0883056640625,0.544799518585205,0.012987422943115234,67228
12990,425656320,0.15332667959105506,3.155230903625488,0.5572779178619385,0.012860997021198273,67244
13000,425984000,0.1528670774569385,3.0082160949707033,0.544786787033081,0.013039682805538178,67290
13010,426311680,0.15240934083903493,3.0708532333374023,0.5610766410827637,0.013020133972167969,67248
13020,426639360,0.15195347188754413,3.0501850128173826,0.557737159729004,0.013080653548240662,67244
13030,426967040,0.15149947274389244,3.08885498046875,0.5603434085845947,0.012933631241321564,67192
13040,427294720,0.15104734554072283,3.1660842895507812,0.5603249549865723,0.01303478479385376,67245
13050,427622400,0.15059709240188512,3.1493005752563477,0.5584958553314209,0.01308741867542267,67217
13060,427950080,0.1501487154424255,3.1252607345581054,0.5632899761199951,0.013121592998504638,67246
13070,428277760,0.1497022167685772,3.124271774291992,0.5544833183288574,0.01303519606590271,67184
13080,428605440,0.14925759847775003,3.121791458129883,0.5657401084899902,0.01304737627506256,67250
13090,428933120,0.14881486265852079,3.0730815887451173,0.5599978923797607,0.013109198212623597,67199
13100,429260800,0.14837401139062345,3.1625444412231447,0.5670308589935302,0.01293608546257019,67246
13110,429588480,0.14793504674493946,3.0940830230712892,0.5582104682922363,0.013098326325416566,67226
13120,429916160,0.14749797078348806,3.0228343963623048,0.5597875595092774,0.013225087523460388,67200
13130,430243840,0.14706278555941604,3.124527359008789,0.5608875274658203,0.013123080134391785,67208
13140,430571520,0.14662949311698908,3.122664451599121,0.572035264968872,0.012990415096282959,67222
13150,430899200,0.14619809549158108,3.1487010955810546,0.5660750865936279,0.01296088695526123,67256
13160,431226880,0.1457685947096655,3.1383161544799805,0.5609320163726806,0.013155019283294678,67189
13170,431554560,0.14534099278880513,3.048705291748047,0.5602113246917725,0.013103622198104858,67238
13180,431882240,0.14491529173764328,3.151189422607422,0.5604541778564454,0.013136181235313415,67219
13190,432209920,0.14449149355589372,3.1539384841918947,0.5687832355499267,0.012913045287132264,67301
13200,432537600,0.14406960023433169,3.124006462097168,0.5605973720550537,0.012986257672309875,67229
13210,432865280,0.14364961375478438,3.0364627838134766,0.5484684944152832,0.013138067722320557,67281
13220,433192960,0.1432315360901216,3.0877429962158205,0.5560747623443604,0.013117270171642303,67222
13230,433520640,0.14281536920424684,3.126555252075195,0.5579314708709717,0.01300213634967804,67235
13240,433848320,0.1424011150520874,3.098443794250488,0.5536786556243897,0.013070935010910034,67209
13250,434176000,0.141988775579586,3.0371397018432615,0.5600380420684814,0.013050763309001923,67248
13260,434503680,0.14157835272369096,3.0719465255737304,0.5698319435119629,0.012994231283664703,67239
13270,434831360,0.14116984841234742,3.1186861038208007,0.5514005184173584,0.013145147264003754,67253
13280,435159040,0.14076326456448812,3.1163930892944336,0.5530593872070313,0.012986981868743896,67220
13290,435486720,0.14035860309002474,3.103213882446289,0.5630048751831055,0.012898926436901093,67268
13300,435814400,0.1399558658898386,3.0778669357299804,0.5477639198303222,0.01301417052745819,67218
13310,436142080,0.13955505485577163,3.0676349639892577,0.5615931510925293,0.012947371602058411,67233
13320,436469760,0.13915617187061802,3.0477466583251953,0.5577581405639649,0.013116550445556641,67218
13330,436797440,0.13875921880811476,3.160144805908203,0.571092176437378,0.012971556186676026,67240
13340,437125120,0.13836419753293316,3.1421428680419923,0.5618843555450439,0.01293022483587265,67208
13350,437452800,0.13797110990066996,3.0893388748168946,0.5551804065704345,0.01308368593454361,67239
13360,437780480,0.137579957757839,3.091917610168457,0.5668696403503418,0.013131213188171387,67213
13370,438108160,0.13719074294186187,3.105855941772461,0.5708888053894043,0.013027650117874146,67246
13380,438435840,0.1368034672810598,3.181367874145508,0.5682091236114502,0.013116754591464996,67213
13390,438763520,0.13641813259464494,3.0869319915771483,0.559874153137207,0.013133610785007476,67249
13400,439091200,0.13603474069271163,3.058409309387207,0.5587216377258301,0.013065198063850402,67231
13410,439418880,0.1356532933762284,3.0888309478759766,0.5663735866546631,0.013118772208690644,67256
13420,439746560,0.13527379243702872,3.071574592590332,0.5577974319458008,0.013205824792385102,67201
13430,440074240,0.1348962396578035,3.1242069244384765,0.5648837089538574,0.013019651174545288,67204
13440,440401920,0.13452063681209184,3.048087501525879,0.5556865692138672,0.013026522099971771,67243
13450,440729600,0.13414698566427333,3.1370193481445314,0.5646158218383789,0.013022220134735108,67208
13460,441057280,0.1337752879695594,3.1028331756591796,0.5610509395599366,0.013061422109603881,67244
13470,441384960,0.1334055454739853,3.133503532409668,0.5697081089019775,0.012990993261337281,67213
13480,441712640,0.13303775991440192,3.138252067565918,0.5716054916381836,0.012998078763484956,67229
13490,442040320,0.1326719330184672,3.046657371520996,0.5572526454925537,0.013085108995437623,67224
13500,442368000,0.13230806650463867,3.099033737182617,0.565617561340332,0.012993921339511872,67249
13510,442695680,0.13194616208216495,3.1389184951782227,0.568732500076294,0.013136404752731323,67194
13520,443023360,0.13158622145107762,3.140365791320801,0.5675261497497559,0.013060364127159118,67257
13530,443351040,0.1312282463021836,3.059994125366211,0.5589274406433106,0.013140016794204712,67244
13540,443678720,0.13087223831705705,3.073537826538086,0.5604358673095703,0.013028061389923096,67229
13550,444006400,0.13051819916803145,3.007617950439453,0.5501410007476807,0.013049694895744323,67260
13560,444334080,0.1301661305181917,3.1103158950805665,0.5729461669921875,0.013167673349380493,67217
13570,444661760,0.12981603402136632,3.0968379974365234,0.5638338088989258,0.01317504346370697,67216
13580,444989440,0.1294679113221197,3.0757192611694335,0.5579646587371826,0.01302778273820877,67235
13590,445317120,0.12912176405574471,3.154800224304199,0.5737424850463867,0.01304817795753479,67270
13600,445644800,0.12877759384825416,3.1028972625732423,0.5651823997497558,0.01309744268655777,67236
13610,445972480,0.12843540231637426,3.0321760177612305,0.551167631149292,0.012957748770713807,67278
13620,446300160,0.1280951910675361,3.0601736068725587,0.570800495147705,0.013121238350868225,67264
13630,446627840,0.12775696169986858,3.060810852050781,0.5643844127655029,0.013054753839969634,67264
13640,446955520,0.12742071580219075,3.0901397705078124,0.5760899066925049,0.013250769674777984,67257
13650,447283200,0.12708645495400447,3.0890119552612303,0.5598053932189941,0.012981431186199188,67296
13660,447610880,0.1267541807254869,3.1058277130126952,0.5627171039581299,0.012954446673393249,67242
13670,447938560,0.12642389467748305,3.0619068145751953,0.572815990447998,0.01326618492603302,67265
13680,448266240,0.12609559836149858,3.09344367980957,0.566994047164917,0.013136696815490723,67253
13690,448593920,0.12576929331969258,3.040864181518555,0.5534247875213623,0.01308283507823944,67277
13700,448921600,0.12544498108486998,3.0177656173706056,0.5647424221038818,0.013169580698013305,67306
13710,449249280,0.12512266318047466,3.1133499145507812,0.5602499961853027,0.013008569180965424,67280
13720,449576960,0.12480234112058225,3.052296447753906,0.5543929100036621,0.013046905398368835,67237
13730,449904640,0.12448401640989308,3.0772266387939453,0.5628230571746826,0.013148711621761322,67251
13740,450232320,0.12416769054372481,3.083543395996094,0.566539716720581,0.013129869103431701,67298
13750,450560000,0.12385336500800571,3.1537958145141602,0.5663834095001221,0.013187684118747711,67240
13760,450887680,0.12354104127926756,3.0446918487548826,0.5692715644836426,0.013295595347881318,67286
13770,451215360,0.12323072082463879,3.0891443252563477,0.5580827236175537,0.013125225901603699,67257
13780,451543040,0.12292240510183737,3.124612808227539,0.5637531280517578,0.013111558556556702,67287
13790,451870720,0.12261609555916432,3.1258792877197266,0.557937479019165,0.013129729032516479,67226
13800,452198400,0.1223117936354966,3.0201154708862306,0.5558208465576172,0.013025793433189391,67325
13810,452526080,0.1220095007602805,3.0990015029907227,0.578118896484375,0.013149242103099822,67276
13820,452853760,0.1217092183535248,3.1367618560791017,0.5679878234863281,0.013103288412094117,67236
13830,453181440,0.12141094782579417,3.148866081237793,0.5698679447174072,0.013202816247940063,67253
13840,453509120,0.12111469057820282,3.159132957458496,0.5667162895202636,0.013034158945083618,67233
13850,453836800,0.12082044800240728,3.0737300872802735,0.5560982704162598,0.013207510113716125,67223
13860,454164480,0.12052822148060055,3.0976894378662108,0.5553957462310791,0.013243702054023743,67226
13870,454492160,0.12023801238550516,3.0511825561523436,0.5621202945709228,0.013006845116615295,67289
13880,454819840,0.11994982208036684,3.1188684463500977,0.5707220077514649,0.013202816247940063,67234
13890,455147520,0.1196636519189481,3.159870147705078,0.5667181491851807,0.01307363361120224,67249
13900,455475200,0.11937950324552202,3.061697769165039,0.5673880100250244,0.013172180950641632,67246
13910,455802880,0.11909737739486582,3.065878677368164,0.5608049392700195,0.013228455185890197,67239
13920,456130560,0.1188172756922545,3.090917778015137,0.5706846237182617,0.013020192086696625,67261
13930,456458240,0.1185391994534547,3.068770980834961,0.5727148532867432,0.013109710812568665,67287
13940,456785920,0.1182631499847186,3.1526157379150392,0.5702563285827636,0.013098761439323425,67257
13950,457113600,0.11798912858277767,3.114198684692383,0.5689915657043457,0.013204003870487212,67276
13960,457441280,0.11771713653483655,3.089396286010742,0.570668888092041,0.013186970353126526,67243
13970,457768960,0.1174471751185673,3.040262222290039,0.5668370723724365,0.013148435950279235,67254
13980,458096640,0.1171792456021029,3.1080371856689455,0.5913510799407959,0.01323576271533966,67227
13990,458424320,0.11691334924403168,3.120050621032715,0.571108055114746,0.013098488748073577,67267
14000,458752000,0.11664948729339125,3.0431880950927734,0.5573120594024659,0.013076072931289673,67193
14010,459079680,0.1163876609896627,3.1394832611083983,0.5681768894195557,0.013119068741798402,67257
14020,459407360,0.11612787156276486,3.096464157104492,0.5536630153656006,0.013140980899333955,67221
14030,459735040,0.11587012023304813,3.1188381195068358,0.5607471942901612,0.013138173520565033,67236
14040,460062720,0.1156144082112893,3.0754776000976562,0.567127799987793,0.013179610669612884,67224
14050,460390400,0.11536073669868546,3.113629913330078,0.5640950679779053,0.01293768286705017,67286
14060,460718080,0.11510910688684858,3.051501655578613,0.5587822914123535,0.013312892615795135,67217
14070,461045760,0.1148595199577997,3.016622543334961,0.5597799301147461,0.013340844213962555,67244
14080,461373440,0.11461197708396349,3.0629592895507813,0.5661365032196045,0.013195677101612091,67228
14090,461701120,0.11436647942816297,3.0938274383544924,0.5630308151245117,0.013054755330085755,67274
14100,462028800,0.11412302814361354,3.092539405822754,0.5753970623016358,0.013063958287239075,67244
14110,462356480,0.11388162437391813,3.053296661376953,0.5589103698730469,0.013360354304313659,67251
14120,462684160,0.11364226925306124,3.0965784072875975,0.5709052562713623,0.01323142796754837,67222
14130,463011840,0.11340496390540424,3.11346321105957,0.5625145435333252,0.013099254667758941,67244
14140,463339520,0.1131697094456795,3.120981979370117,0.5660699844360352,0.013290520012378692,67218
14150,463667200,0.11293650697898572,3.1067584991455077,0.5715365886688233,0.01326809823513031,67265
14160,463994880,0.11270535760078214,3.0991783142089844,0.5648784160614013,0.01312047690153122,67250
14170,464322560,0.11247626239688388,3.1076333999633787,0.5613739013671875,0.013030371069908142,67266
14180,464650240,0.11224922244345657,3.059353256225586,0.5656397819519043,0.01313416063785553,67209
14190,464977920,0.1120242388070114,3.0889871597290037,0.5725400447845459,0.013438528776168824,67202
14200,465305600,0.11180131254440019,3.140171241760254,0.5810758113861084,0.013242998719215393,67231
14210,465633280,0.1115804447028102,3.07998104095459,0.5629822254180908,0.013203081488609315,67243
14220,465960960,0.11136163631975948,3.1231475830078126,0.5768369674682617,0.013170844316482544,67212
14230,466288640,0.11114488842309167,3.1399438858032225,0.582940149307251,0.013245208561420441,67251
14240,466616320,0.11093020203097147,3.1520336151123045,0.5909067153930664,0.013127462565898895,67234
14250,466944000,0.11071757815187974,3.0075262069702147,0.5594192504882812,0.013189911842346191,67254
14260,467271680,0.11050701778460868,3.0389682769775392,0.5580718040466308,0.013249069452285767,67221
14270,467599360,0.11029852191825738,3.0592260360717773,0.5734813690185547,0.013197875022888184,67235
14280,467927040,0.11009209153222692,3.034312057495117,0.5679425239562989,0.013141906261444092,67194
14290,468254720,0.1098877275962159,3.084745979309082,0.5595034599304199,0.013122715055942535,67242
14300,468582400,0.10968543107021578,3.0899679183959963,0.5602674961090088,0.013180314004421234,67196
14310,468910080,0.10948520290450654,3.1465181350708007,0.5664841651916503,0.013108362257480622,67252
14320,469237760,0.10928704403965202,3.096251106262207,0.5715754985809326,0.013129733502864838,67212
14330,469565440,0.10909095540649572,3.0787351608276365,0.5654685497283936,0.013140338659286498,67234
14340,469893120,0.10889693792615628,3.0642768859863283,0.563719654083252,0.013150519132614136,67210
14350,470220800,0.10870499251002304,3.0925165176391602,0.5718629360198975,0.013309748470783233,67223
14360,470548480,0.10851512005975213,3.1231157302856447,0.563525390625,0.013148695230484009,67221
14370,470876160,0.10832732146726176,3.0935237884521483,0.5664072513580323,0.013248728215694427,67258
14380,471203840,0.10814159761472848,3.094460105895996,0.5694149971008301,0.013124631345272064,67238
14390,471531520,0.10795794937458267,3.0908641815185547,0.5630839824676513,0.013151347637176514,67232
14400,471859200,0.1077763776095048,3.0883247375488283,0.5683165073394776,0.01319538801908493,67209
14410,472186880,0.107596883172421,3.116939353942871,0.5807209968566894,0.013055546581745148,67256
14420,472514560,0.10741946690649931,3.0937921524047853,0.5712195873260498,0.013249711692333221,67226
14430,472842240,0.10724412964514562,3.117618370056152,0.5677781581878663,0.013176526129245757,67239
14440,473169920,0.10707087221199973,3.0557443618774416,0.5572067737579346,0.013097554445266724,67197
14450,473497600,0.10689969542093168,3.064389228820801,0.5613974094390869,0.013215142488479614,67193
14460,473825280,0.10673060007603764,3.16583251953125,0.5694168090820313,0.013250172138214111,67212
14470,474152960,0.10656358697163638,3.0707916259765624,0.5678747177124024,0.0132937490940094,67232
14480,474480640,0.10639865689226519,3.079892158508301,0.5679281711578369,0.013187994062900544,67208
14490,474808320,0.10623581061267677,3.079059600830078,0.5640913486480713,0.013215586543083191,67224
14500,475136000,0.10607504889783496,3.0755666732788085,0.5783614158630371,0.013197508454322816,67214
14510,475463680,0.10591637250291171,3.062935638427734,0.5656559944152832,0.013068628311157227,67252
14520,475791360,0.10575978217328301,3.096050262451172,0.5699586391448974,0.013261407613754272,67212
14530,476119040,0.10560527864452576,3.125296974182129,0.5663980484008789,0.013044159114360809,67242
14540,476446720,0.10545286264241416,3.059897041320801,0.5684830188751221,0.013181343674659729,67235
14550,476774400,0.10530253488291638,3.034694862365723,0.5600395202636719,0.01331695169210434,67247
14560,477102080,0.1051542960721912,3.1012475967407225,0.5692452907562255,0.013233213126659394,67218
14570,477429760,0.10500814690658448,3.0583391189575195,0.5661681652069092,0.01333187222480774,67250
14580,477757440,0.10486408807262619,3.1259336471557617,0.5739521026611328,0.013269247114658355,67210
14590,478085120,0.104722120247027,3.0488422393798826,0.5626050949096679,0.013177070021629333,67229
14600,478412800,0.10458224409667521,3.0816707611083984,0.5622686386108399,0.013297551870346069,67193
14610,478740480,0.10444446027863345,3.115568923950195,0.5686172485351563,0.013283780217170716,67231
14620,479068160,0.10430876944013576,3.0714544296264648,0.5840134620666504,0.01329246312379837,67259
14630,479395840,0.10417517221858452,3.092626762390137,0.5715970516204834,0.013287505507469178,67237
14640,479723520,0.1040436692415474,3.0718505859375,0.5674253940582276,0.013284438848495483,67215
14650,480051200,0.10391426112675443,3.0904747009277345,0.5777071952819824,0.013168548047542573,67250
14660,480378880,0.10378694848209509,3.126740074157715,0.580065107345581,0.01332738846540451,67244
14670,480706560,0.10366173190561558,3.0977455139160157,0.5745633602142334,0.013239747285842896,67236
14680,481034240,0.10353861198551571,3.048118019104004,0.5762181282043457,0.013168467581272126,67279
14690,481361920,0.10341758930014654,3.0616582870483398,0.5583695888519287,0.01314397007226944,67248
14700,481689600,0.10329866441800734,3.1485191345214845,0.5882351875305176,0.013115942478179932,67252
14710,482017280,0.10318183789774295,3.1652326583862305,0.5889209747314453,0.01336982548236847,67228
14720,482344960,0.10306711028814143,3.0762636184692385,0.5720142364501953,0.013158068060874939,67254
14730,482672640,0.10295448212813114,3.10321044921875,0.5651849269866943,0.013285982608795165,67222
14740,483000320,0.10284395394677846,3.052699661254883,0.5708109855651855,0.013165153563022614,67231
14750,483328000,0.10273552626328514,3.072743606567383,0.5745553493499755,0.013183458149433136,67225
14760,483655680,0.10262919958698588,3.0459196090698244,0.5671710968017578,0.013081207871437073,67251
14770,483983360,0.10252497441734616,3.0188581466674806,0.5716543197631836,0.01339910626411438,67216
14780,484311040,0.10242285124395946,3.0897083282470703,0.5685561656951904,0.013209708034992218,67251
14790,484638720,0.10232283054654547,3.122625541687012,0.5820981979370117,0.013214775919914245,67183
14800,484966400,0.10222491279494736,3.1061071395874023,0.5678032398223877,0.013206797838211059,67219
14810,485294080,0.10212909844913001,3.1082216262817384,0.5902482032775879,0.01345512717962265,67209
14820,485621760,0.10203538795917738,3.069413757324219,0.5626054286956788,0.013168933987617492,67231
14830,485949440,0.101943781765291,3.0422037124633787,0.5691614627838135,0.013082194328308105,67200
14840,486277120,0.10185428029778715,2.98480224609375,0.5675239086151123,0.01327122449874878,67244
14850,486604800,0.1017668839770955,3.0760076522827147,0.5654980659484863,0.013250862061977387,67212
14860,486932480,0.10168159321375685,3.0981523513793947,0.5743719100952148,0.013280190527439117,67249
14870,487260160,0.10159840840842116,3.0498754501342775,0.565166425704956,0.013319426774978637,67206
14880,487587840,0.1015173299518458,3.023531913757324,0.5623174190521241,0.01333761066198349,67244
14890,487915520,0.10143835822489358,3.1085214614868164,0.5819580554962158,0.013348372280597686,67239
14900,488243200,0.10136149359853108,3.0686363220214843,0.5657004356384278,0.013212868571281433,67224
14910,488570880,0.10128673643382681,2.9858928680419923,0.5740958213806152,0.013214504718780518,67280
14920,488898560,0.10121408708194966,3.084800148010254,0.5662491321563721,0.013247975707054138,67228
14930,489226240,0.10114354588416707,3.0741058349609376,0.568598461151123,0.013244347274303436,67252
14940,489553920,0.1010751131718435,3.023247718811035,0.573495626449585,0.01306891143321991,67241
14950,489881600,0.10100878926643891,3.0705490112304688,0.5675602912902832,0.013324007391929626,67193
14960,490209280,0.1009445744795073,3.003163146972656,0.5718606472015381,0.013124807178974152,67237
14970,490536960,0.10088246911269502,3.063589096069336,0.588516092300415,0.013225911557674408,67209
14980,490864640,0.1008224734577396,3.1122116088867187,0.578706693649292,0.01334770917892456,67236
14990,491192320,0.10076458779646827,3.1198747634887694,0.584588098526001,0.013351124525070191,67225
15000,491520000,0.10070881240079659,3.0799047470092775,0.5902439594268799,0.013232462108135223,67264
15010,491847680,0.10065514753272739,3.070290374755859,0.5779167175292969,0.013393746316432953,67217
15020,492175360,0.10060359344434912,3.078859329223633,0.655370569229126,0.014601962268352508,67242
15030,492503040,0.10055415037783517,3.096622276306152,0.5784304141998291,0.013297514617443084,67221
15040,492830720,0.10050681856544236,3.0977571487426756,0.5767733573913574,0.01329566091299057,67254
15050,493158400,0.10046159822951001,3.074069023132324,0.5772854804992675,0.013479816913604736,67212
15060,493486080,0.10041848958245882,3.0076805114746095,0.560298490524292,0.013283084332942962,67232
15070,493813760,0.10037749282679005,3.108063888549805,0.58174729347229,0.013525944948196412,67182
15080,494141440,0.10033860815508432,3.124639320373535,0.5817254543304443,0.013181458413600921,67235
15090,494469120,0.10030183575000079,3.0907398223876954,0.5721774101257324,0.013322052359580994,67186
15100,494796800,0.10026717578427634,3.0841838836669924,0.5747353553771972,0.013169148564338684,67219
15110,495124480,0.10023462842072489,3.0695276260375977,0.5781523227691651,0.013423645496368408,67196
15120,495452160,0.1002041938122364,3.1802499771118162,0.5910658359527587,0.013168798387050628,67204
15130,495779840,0.10017587210177614,3.075734329223633,0.5752869606018066,0.013344958424568176,67142
15140,496107520,0.10014966342238431,3.101251411437988,0.5847427845001221,0.01336989551782608,67199
15150,496435200,0.10012556789717511,3.12343807220459,0.5831107139587403,0.013285744190216064,67211
15160,496762880,0.1001035856393363,3.0583019256591797,0.573861026763916,0.013305290043354035,67226
15170,497090560,0.1000837167521287,3.092280387878418,0.5719427108764649,0.013370423018932343,67226
15180,497418240,0.10006596132888562,3.055074119567871,0.5633103847503662,0.01322757601737976,67197
15190,497745920,0.10005031945301247,3.0465085983276365,0.5655371189117432,0.013418786227703094,67215
15200,498073600,0.10003679119798632,3.1027528762817385,0.579892921447754,0.01306721419095993,67204
15210,498401280,0.10002537662735562,3.0567625045776365,0.5684271335601807,0.013296180963516235,67235
15220,498728960,0.1000160757947399,3.052522087097168,0.5765977382659913,0.013518239557743072,67204
15230,499056640,0.10000888874382939,3.0814491271972657,0.5755362987518311,0.013276177644729614,67238
15240,499384320,0.100003815508385,3.0979488372802733,0.5767422199249268,0.013230890035629272,67252
15250,499712000,0.10000085611223805,3.0705753326416017,0.5695908546447754,0.013322076201438904,67199
15258,499974144,0.1000000105692902,3.062248706817627,0.5741140842437744,0.013381300494074821,67250
