step,tokens,lr_mult,loss,grad_norm,value_grad_norm,tok_s
10,327680,0.01310615989515072,10.767621612548828,7.772650146484375,,80322
20,655360,0.02621231979030144,10.382453155517577,4.198160934448242,,91724
30,983040,0.039318479685452164,10.150555419921876,2.1236663818359376,,91754
40,1310720,0.05242463958060288,10.013426971435546,1.9564115524291992,,91736
50,1638400,0.0655307994757536,9.808567810058594,2.1580127716064452,,91748
60,1966080,0.07863695937090433,9.607725524902344,2.7216148376464844,,91840
70,2293760,0.09174311926605505,9.410614776611329,1.8038127899169922,,91970
80,2621440,0.10484927916120576,9.195878601074218,2.0136688232421873,,92061
90,2949120,0.11795543905635648,8.974689483642578,1.7141258239746093,,92066
100,3276800,0.1310615989515072,8.716885375976563,1.8339675903320312,,92136
110,3604480,0.14416775884665792,8.50939483642578,1.951739501953125,,92106
120,3932160,0.15727391874180865,8.274155426025391,1.6378232955932617,,92103
130,4259840,0.17038007863695936,8.026245880126954,1.5095839500427246,,92095
140,4587520,0.1834862385321101,7.826820373535156,1.3428313255310058,,92118
150,4915200,0.1965923984272608,7.6346290588378904,1.4754426956176758,,92100
160,5242880,0.20969855832241152,7.478846740722656,1.1618626594543457,,92029
170,5570560,0.22280471821756226,7.325023651123047,1.0070838928222656,,92060
180,5898240,0.23591087811271297,7.201234436035156,1.0049707412719726,,92044
190,6225920,0.2490170380078637,7.123890686035156,0.9351850509643554,,91984
200,6553600,0.2621231979030144,7.014872741699219,0.9104690551757812,,91877
210,6881280,0.27522935779816515,6.921382904052734,1.1490793228149414,,91795
220,7208960,0.28833551769331583,6.8558349609375,1.0020041465759277,,91721
230,7536640,0.30144167758846657,6.7445533752441404,1.0130987167358398,,91659
240,7864320,0.3145478374836173,6.734989929199219,1.0374481201171875,,91710
250,8192000,0.32765399737876805,6.620330047607422,1.0077523231506347,,91699
260,8519680,0.34076015727391873,6.603176879882812,0.992133903503418,,91683
270,8847360,0.35386631716906947,6.503318786621094,1.1163094520568848,,91695
280,9175040,0.3669724770642202,6.466419982910156,0.9717062950134278,,91673
290,9502720,0.3800786369593709,6.404045104980469,0.8531817436218262,,91637
300,9830400,0.3931847968545216,6.379644393920898,0.9497349739074707,,91643
310,10158080,0.40629095674967236,6.300861358642578,0.9283964157104492,,91428
320,10485760,0.41939711664482304,6.282603073120117,1.0361233711242677,,91690
330,10813440,0.4325032765399738,6.281118011474609,1.0120142936706542,,91642
340,11141120,0.4456094364351245,6.20666389465332,1.0291172981262207,,91660
350,11468800,0.45871559633027525,6.143959808349609,1.026077651977539,,91687
360,11796480,0.47182175622542594,6.115337371826172,0.9472809791564941,,91635
370,12124160,0.4849279161205767,6.0559638977050785,0.8743197441101074,,91666
380,12451840,0.4980340760157274,6.028098678588867,0.9031182289123535,,91656
390,12779520,0.5111402359108781,6.0084373474121096,1.1798162460327148,,91659
400,13107200,0.5242463958060288,5.986539077758789,0.8489519119262695,,91706
410,13434880,0.5373525557011796,5.933951187133789,0.9153538703918457,,91652
420,13762560,0.5504587155963303,5.898384857177734,0.8332036972045899,,91663
430,14090240,0.563564875491481,5.836528015136719,0.9245146751403809,,91733
440,14417920,0.5766710353866317,5.8697154998779295,0.886410903930664,,91670
450,14745600,0.5897771952817824,5.761894607543946,0.878629207611084,,91664
460,15073280,0.6028833551769331,5.67122802734375,0.8826374053955078,,91672
470,15400960,0.6159895150720839,5.722245788574218,0.914832878112793,,91652
480,15728640,0.6290956749672346,5.645476531982422,0.8994498252868652,,91659
490,16056320,0.6422018348623854,5.7192127227783205,0.8952739715576172,,91626
500,16384000,0.6553079947575361,5.669538497924805,0.8044140815734864,,91664
510,16711680,0.6684141546526867,5.616376495361328,0.8305368423461914,,91648
520,17039360,0.6815203145478375,5.623674774169922,0.9472704887390136,,91632
530,17367040,0.6946264744429882,5.588907241821289,0.9015715599060059,,91667
540,17694720,0.7077326343381389,5.56590576171875,0.8448742866516114,,91620
550,18022400,0.7208387942332897,5.473523330688477,0.7806948661804199,,91679
560,18350080,0.7339449541284404,5.515265655517578,0.8219236373901367,,91618
570,18677760,0.747051114023591,5.42486343383789,0.8787803649902344,,91608
580,19005440,0.7601572739187418,5.453836441040039,0.8029592514038086,,91634
590,19333120,0.7732634338138925,5.4544677734375,0.7689496517181397,,91577
600,19660800,0.7863695937090432,5.379712295532227,0.8116363525390625,,91596
610,19988480,0.799475753604194,5.4034465789794925,0.80538330078125,,91573
620,20316160,0.8125819134993447,5.339794921875,0.7539548873901367,,91545
630,20643840,0.8256880733944955,5.308939743041992,0.7889244079589843,,91645
640,20971520,0.8387942332896461,5.331613922119141,0.7411087989807129,,91617
650,21299200,0.8519003931847968,5.325798034667969,0.7872853755950928,,91605
660,21626880,0.8650065530799476,5.355970764160157,0.7830419063568115,,91550
670,21954560,0.8781127129750983,5.30664291381836,0.7464287757873536,,91600
680,22282240,0.891218872870249,5.271718978881836,0.7253440380096435,,91594
690,22609920,0.9043250327653998,5.225373077392578,0.7059106826782227,,91604
700,22937600,0.9174311926605505,5.216382598876953,0.8808418273925781,,91621
710,23265280,0.9305373525557011,5.192209625244141,0.7574025630950928,,91499
720,23592960,0.9436435124508519,5.160685729980469,0.7706835269927979,,91577
730,23920640,0.9567496723460026,5.183376312255859,0.7704296588897706,,91623
740,24248320,0.9698558322411533,5.238365936279297,0.9511161804199219,,91586
750,24576000,0.9829619921363041,5.165692520141602,0.7522753715515137,,91603
760,24903680,0.9960681520314548,5.134867858886719,0.7478889942169189,,91621
770,25231360,0.999999619505605,5.070838928222656,0.6732363700866699,,91608
780,25559040,0.9999972942644099,5.115578079223633,0.673347806930542,,91580
790,25886720,0.9999928551787042,5.022258758544922,0.6973937511444092,,91599
800,26214400,0.9999863022693405,5.042181015014648,0.716754150390625,,91565
810,26542080,0.9999776355671006,5.050423431396484,0.6930930137634277,,91606
820,26869760,0.999966855112696,4.961272430419922,0.6686722278594971,,91542
830,27197440,0.9999539609567677,5.028029251098633,0.6879368305206299,,91640
840,27525120,0.9999389531598855,5.008961486816406,0.6489192008972168,,91582
850,27852800,0.9999218317925475,4.9102783203125,0.6884106636047364,,91583
860,28180480,0.9999025969351808,4.938868713378906,0.9482206344604492,,91546
870,28508160,0.9998812486781407,4.922693252563477,0.6818348407745362,,91603
880,28835840,0.9998577871217097,4.924095916748047,0.6576742649078369,,91579
890,29163520,0.9998322123760972,4.87212905883789,0.6470998287200928,,91601
900,29491200,0.9998045245614399,4.915060043334961,0.6133598804473877,,91639
910,29818880,0.9997747238078001,4.857088088989258,0.6575501918792724,,91556
920,30146560,0.9997428102551656,4.825205230712891,0.6272426605224609,,91305
930,30474240,0.9997087840534492,4.7768714904785154,0.676878023147583,,91599
940,30801920,0.9996726453624875,4.850746536254883,0.6235934734344483,,91616
950,31129600,0.9996343943520406,4.870322418212891,0.6058366298675537,,91577
960,31457280,0.9995940312017911,4.784176254272461,0.5984925270080567,,91604
970,31784960,0.9995515561013435,4.738305282592774,0.6436594486236572,,91523
980,32112640,0.9995069692502226,4.78294677734375,0.6180620670318604,,91566
990,32440320,0.9994602708578736,4.7024585723876955,0.6018270492553711,,91587
1000,32768000,0.9994114611436603,4.657210922241211,0.6015218734741211,,91508
1010,33095680,0.9993605403368643,4.653479766845703,0.6115079402923584,,91557
1020,33423360,0.9993075086766843,4.600965118408203,0.6165955066680908,,91564
1030,33751040,0.999252366412234,4.586145401000977,0.6362223148345947,,91578
1040,34078720,0.9991951138025426,4.617544555664063,0.6424692153930665,,91566
1050,34406400,0.9991357511165514,4.594424819946289,0.6109760761260986,,91545
1060,34734080,0.9990742786331146,4.599903106689453,0.5941140174865722,,91513
1070,35061760,0.9990106966409968,4.619171524047852,0.589627742767334,,91560
1080,35389440,0.9989450054388717,4.525140380859375,0.588315773010254,,91521
1090,35717120,0.9988772053353212,4.555063247680664,0.5772026062011719,,91555
1100,36044800,0.9988072966488337,4.567991638183594,0.6140285968780518,,91587
1110,36372480,0.9987352797078023,4.5359962463378904,0.5787970542907714,,91541
1120,36700160,0.998661154850524,4.543040466308594,0.5947382926940918,,91509
1130,37027840,0.9985849224251971,4.532728576660157,0.5861468315124512,,91577
1140,37355520,0.9985065827899208,4.5025146484375,0.573817253112793,,91558
1150,37683200,0.998426136312692,4.4798095703125,0.5976025581359863,,91601
1160,38010880,0.9983435833714049,4.4392749786376955,0.7273738384246826,,91550
1170,38338560,0.998258924353849,4.43078384399414,0.6128512859344483,,91531
1180,38666240,0.9981721596577064,4.486504364013672,0.6836602210998535,,91530
1190,38993920,0.9980832896905512,4.356682586669922,0.5783583641052246,,91499
1200,39321600,0.9979923148698461,4.345003128051758,0.7216878890991211,,91512
1210,39649280,0.9978992356229419,4.405885314941406,0.573594617843628,,91539
1220,39976960,0.9978040523870747,4.386967468261719,0.5938006401062011,,91584
1230,40304640,0.9977067656093641,4.358198165893555,0.5840211868286133,,91437
1240,40632320,0.9976073757468108,4.34601058959961,0.5864247798919677,,91531
1250,40960000,0.9975058832662946,4.37544059753418,0.5790913581848145,,91506
1260,41287680,0.9974022886445727,4.391582489013672,0.6409388542175293,,91565
1270,41615360,0.9972965923682765,4.367181015014649,0.7924369812011719,,91528
1280,41943040,0.9971887949339102,4.346971130371093,0.6492180824279785,,91509
1290,42270720,0.9970788968478482,4.352006912231445,0.5734730243682862,,91524
1300,42598400,0.996966898626332,4.345444107055664,0.574959659576416,,91596
1310,42926080,0.9968528007954691,4.31915054321289,0.5669163227081299,,91565
1320,43253760,0.9967366038912294,4.253632354736328,0.5809208869934082,,91543
1330,43581440,0.9966183084594433,4.370624923706055,0.5567878246307373,,91508
1340,43909120,0.996497915055799,4.316541290283203,0.5618256092071533,,91462
1350,44236800,0.9963754242458397,4.274430847167968,0.5557058334350586,,91512
1360,44564480,0.9962508366049612,4.2916618347167965,0.5532565116882324,,91451
1370,44892160,0.9961241527184089,4.224311828613281,0.5351978778839112,,91521
1380,45219840,0.9959953731812754,4.28002815246582,0.5582120895385743,,91465
1390,45547520,0.9958644985984976,4.26134147644043,0.5605289459228515,,91510
1400,45875200,0.9957315295848536,4.266466903686523,0.5653251647949219,,91503
1410,46202880,0.99559646676496,4.219712448120117,0.5396964073181152,,91545
1420,46530560,0.9954593107732691,4.217485046386718,0.5642848491668702,,91519
1430,46858240,0.9953200622540659,4.203871536254883,0.5602569580078125,,91539
1440,47185920,0.9951787218614647,4.212975311279297,0.5483018398284912,,91499
1450,47513600,0.9950352902594064,4.204520416259766,0.5381387233734131,,91546
1460,47841280,0.9948897681216552,4.2159076690673825,0.5807265758514404,,91474
1470,48168960,0.9947421561317958,4.173550033569336,0.5523433685302734,,91482
1480,48496640,0.9945924549832297,4.211251068115234,0.5338592529296875,,91473
1490,48824320,0.9944406653791718,4.280891036987304,0.5478060722351075,,91536
1500,49152000,0.994286788032648,4.16035041809082,0.5560076713562012,,91512
1510,49479680,0.9941308236664911,4.172211074829102,0.5485336303710937,,91581
1520,49807360,0.9939727730133375,4.149478149414063,0.5528789043426514,,91483
1530,50135040,0.9938126368156238,4.080496978759766,0.5300922393798828,,91388
1540,50462720,0.9936504158255838,4.189230728149414,0.5400470733642578,,91518
1550,50790400,0.9934861108052436,4.063895034790039,0.555832052230835,,91492
1560,51118080,0.9933197225264201,4.126727294921875,0.5255084991455078,,91499
1570,51445760,0.9931512517707154,4.188127899169922,0.5541677474975586,,91471
1580,51773440,0.9929806993295143,4.096961593627929,0.5196977615356445,,91477
1590,52101120,0.99280806600398,4.110414123535156,0.5330772399902344,,91535
1600,52428800,0.9926333526050509,4.157411575317383,0.5343372821807861,,91563
1610,52756480,0.9924565599534364,4.088448715209961,0.5511300086975097,,91467
1620,53084160,0.9922776888796125,4.139433670043945,0.5363694667816162,,91457
1630,53411840,0.9920967402238197,4.153128433227539,0.5601327896118165,,91555
1640,53739520,0.9919137148360565,4.100428771972656,0.5389869213104248,,91549
1650,54067200,0.9917286135760778,4.083558654785156,0.5367685794830322,,91545
1660,54394880,0.9915414373133894,4.036701583862305,0.5539472103118896,,91547
1670,54722560,0.9913521869272444,4.064212036132813,0.5239716053009034,,91561
1680,55050240,0.991160863306639,4.066531753540039,0.5146253108978271,,91549
1690,55377920,0.9909674673503083,4.044189071655273,0.520816421508789,,91546
1700,55705600,0.9907719999667222,4.135457229614258,0.5110230922698975,,91544
1710,56033280,0.990574462074081,4.082620620727539,0.519556188583374,,91536
1720,56360960,0.9903748546003112,4.098748397827149,0.5252917289733887,,91514
1730,56688640,0.9901731784830609,4.065518188476562,0.524666690826416,,91517
1740,57016320,0.9899694346696959,4.03462028503418,0.5119714736938477,,91543
1750,57344000,0.9897636241172943,4.078830718994141,0.520299768447876,,91497
1760,57671680,0.9895557477926437,4.085604095458985,0.5352911949157715,,91505
1770,57999360,0.9893458066722344,4.047458648681641,0.5334052562713623,,91532
1780,58327040,0.9891338017422565,4.038677215576172,0.5242035388946533,,91544
1790,58654720,0.988919733998595,4.038272857666016,0.5234962940216065,,91557
1800,58982400,0.9887036044468247,4.07060432434082,0.5248249053955079,,91488
1810,59310080,0.9884854141022056,4.0047248840332035,0.5282393455505371,,91538
1820,59637760,0.9882651639896781,4.021818542480469,0.5303654670715332,,91493
1830,59965440,0.9880428551438585,4.0523731231689455,0.5241172790527344,,91521
1840,60293120,0.9878184886090338,3.979446029663086,0.5406490802764893,,91447
1850,60620800,0.9875920654391568,3.9807010650634767,0.524843692779541,,91526
1860,60948480,0.9873635866978416,4.035226440429687,0.5109910488128662,,91467
1870,61276160,0.987133053458358,4.097945022583008,0.5129407405853271,,91501
1880,61603840,0.9869004668036266,4.017156982421875,0.5190504550933838,,91529
1890,61931520,0.9866658278262145,3.9768497467041017,0.5235348701477051,,91491
1900,62259200,0.9864291376283284,3.967795562744141,0.5138752937316895,,91517
1910,62586880,0.9861903973218116,4.005069732666016,0.5058751583099366,,91447
1920,62914560,0.9859496080281371,3.9758686065673827,0.5163082122802735,,91436
1930,63242240,0.9857067708784032,3.9196041107177733,0.5109360694885254,,91466
1940,63569920,0.9854618870133276,3.9603424072265625,0.5125271797180175,,91539
1950,63897600,0.9852149575832427,3.925748825073242,0.5173636913299561,,91511
1960,64225280,0.9849659837480899,3.936982345581055,0.5248085975646972,,91557
1970,64552960,0.9847149666774135,3.9762550354003907,0.5219354629516602,,91462
1980,64880640,0.9844619075503569,3.957593536376953,0.9622001647949219,,91433
1990,65208320,0.9842068075556548,3.941974639892578,0.5389235973358154,,91484
2000,65536000,0.9839496678916297,3.921676254272461,0.5203547954559327,,91496
2010,65863680,0.9836904897661849,3.910531997680664,0.5120326042175293,,91446
2020,66191360,0.9834292743967993,3.92950439453125,0.49786882400512694,,91511
2030,66519040,0.9831660230105219,3.938678741455078,0.5154763221740722,,91500
2040,66846720,0.9829007368439657,3.953717041015625,0.5080525398254394,,91453
2050,67174400,0.9826334171433019,3.9408985137939454,0.5567767143249511,,91509
2060,67502080,0.9823640651642543,3.9453052520751952,0.49950647354125977,,91473
2070,67829760,0.9820926821720932,3.880552291870117,0.5223332405090332,,91548
2080,68157440,0.9818192694416293,3.9285186767578124,0.5071755886077881,,91412
2090,68485120,0.9815438282572083,3.9475387573242187,0.5012953758239747,,91531
2100,68812800,0.9812663599127042,3.883050537109375,0.509348726272583,,91516
2110,69140480,0.9809868657115136,3.8732368469238283,0.5182834148406983,,91477
2120,69468160,0.9807053469665494,3.9396526336669924,0.508497667312622,,91489
2130,69795840,0.980421805000235,3.8718456268310546,0.4987489700317383,,91458
2140,70123520,0.9801362411444974,3.9201709747314455,0.5284585952758789,,91259
2150,70451200,0.9798486567407615,3.889731597900391,0.5291036605834961,,91509
2160,70778880,0.9795590531399438,3.875766372680664,0.5246791362762451,,91466
2170,71106560,0.9792674317024457,3.8741146087646485,0.5211032867431641,,91482
2180,71434240,0.9789737937981473,3.9233280181884767,0.5161931991577149,,91586
2190,71761920,0.9786781408064011,3.901555633544922,0.5122076511383057,,91507
2200,72089600,0.9783804741160256,3.8803966522216795,0.5804394721984864,,91479
2210,72417280,0.978080795125298,3.861741638183594,0.5161347389221191,,91514
2220,72744960,0.9777791052419487,3.8707645416259764,0.5018709659576416,,91499
2230,73072640,0.9774754058831538,3.8695552825927733,0.5009371280670166,,91445
2240,73400320,0.9771696984755293,3.877710723876953,0.5270932197570801,,91537
2250,73728000,0.9768619844551234,3.8544734954833983,0.5928906440734864,,91474
2260,74055680,0.9765522652674108,3.8381912231445314,0.5189694404602051,,91504
2270,74383360,0.976240542367285,3.915547180175781,0.5183084964752197,,91447
2280,74711040,0.9759268172190521,3.9301826477050783,0.49919919967651366,,91460
2290,75038720,0.9756110912964235,3.8675918579101562,0.5127830505371094,,91468
2300,75366400,0.9752933660825093,3.845302200317383,0.49135818481445315,,91422
2310,75694080,0.9749736430698112,3.8180992126464846,0.5036248683929443,,91491
2320,76021760,0.9746519237602153,3.854601287841797,0.5135441303253174,,91478
2330,76349440,0.9743282096649852,3.849506378173828,0.5220982551574707,,91527
2340,76677120,0.9740025023047555,3.7749710083007812,0.4885745048522949,,91505
2350,77004800,0.9736748032095234,3.830745315551758,0.505051851272583,,91468
2360,77332480,0.9733451139186423,3.9172389984130858,0.5179757595062255,,91427
2370,77660160,0.973013435980815,3.823943328857422,0.5111255168914794,,91522
2380,77987840,0.9726797709540852,3.8826015472412108,0.4989190101623535,,91490
2390,78315520,0.9723441204058314,3.8469284057617186,0.49936609268188475,,91495
2400,78643200,0.9720064859127585,3.8310428619384767,0.4938697338104248,,91446
2410,78970880,0.9716668690608914,3.8332054138183596,0.5072307109832763,,91543
2420,79298560,0.9713252714455668,3.828508758544922,0.4969052791595459,,91491
2430,79626240,0.9709816946714261,3.8624088287353517,0.5006866455078125,,91465
2440,79953920,0.9706361403524074,3.9011112213134767,0.5094721794128418,,91571
2450,80281600,0.9702886101117387,3.851472091674805,0.5090376853942871,,91437
2460,80609280,0.9699391055819293,3.8421646118164063,0.5203618049621582,,91501
2470,80936960,0.9695876284047632,3.893117904663086,0.501526165008545,,91498
2480,81264640,0.9692341802312905,3.8074127197265626,0.5116299152374267,,91495
2490,81592320,0.9688787627218198,3.882306671142578,0.5070559978485107,,91546
2500,81920000,0.9685213775459112,3.8396156311035154,0.5287916660308838,,91502
2510,82247680,0.968162026382367,3.737620544433594,0.49766149520874026,,91483
2520,82575360,0.9678007109192254,3.7742488861083983,0.5128423690795898,,91482
2530,82903040,0.9674374328537514,3.715055465698242,0.4921626091003418,,91530
2540,83230720,0.9670721938924294,3.7845943450927733,0.5005887031555176,,91519
2550,83558400,0.966704995750955,3.8650634765625,0.5181984424591064,,91499
2560,83886080,0.9663358401542269,3.7789772033691404,0.5050164222717285,,91488
2570,84213760,0.965964728836339,3.81390495300293,0.4824418544769287,,91509
2580,84541440,0.9655916635405721,3.872667694091797,0.5101901531219483,,91549
2590,84869120,0.9652166460193854,3.8394134521484373,0.5306098461151123,,91498
2600,85196800,0.9648396780344092,3.7588863372802734,0.5098603248596192,,91518
2610,85524480,0.9644607613564357,3.742815399169922,0.502997875213623,,91446
2620,85852160,0.9640798977654107,3.8025432586669923,0.49878463745117185,,91502
2630,86179840,0.9636970890504263,3.74505615234375,0.5057868003845215,,91464
2640,86507520,0.963312337009711,3.8122657775878905,0.5068008899688721,,91517
2650,86835200,0.9629256434506225,3.795984649658203,0.4957163333892822,,91439
2660,87162880,0.9625370101896386,3.7146156311035154,0.500428581237793,,91513
2670,87490560,0.9621464390523483,3.799205780029297,0.4973316669464111,,91479
2680,87818240,0.9617539318734444,3.802413558959961,0.545709753036499,,91481
2690,88145920,0.9613594904967137,3.7650215148925783,0.49869694709777834,,91434
2700,88473600,0.9609631167750291,3.777304840087891,0.5086496353149415,,91504
2710,88801280,0.9605648125703407,3.7776798248291015,0.5244407653808594,,91498
2720,89128960,0.9601645797536662,3.8326229095458983,0.5170698165893555,,91535
2730,89456640,0.959762420205084,3.8007171630859373,0.4955920219421387,,91551
2740,89784320,0.9593583358137223,3.78888053894043,0.489452600479126,,91506
2750,90112000,0.9589523284777519,3.782910919189453,0.4992674827575684,,91333
2760,90439680,0.9585444001043758,3.770923614501953,0.498903751373291,,91451
2770,90767360,0.9581345526098218,3.705310821533203,0.48658123016357424,,91546
2780,91095040,0.9577227879193322,3.6987335205078127,0.50103759765625,,91503
2790,91422720,0.9573091079671553,3.762023162841797,0.49288463592529297,,91511
2800,91750400,0.9568935146965365,3.7466163635253906,0.5004100322723388,,91503
2810,92078080,0.9564760100597085,3.784043884277344,0.5109010696411133,,91482
2820,92405760,0.956056596017883,3.697719955444336,0.502843189239502,,91483
2830,92733440,0.9556352745412409,3.764476776123047,0.5032199382781982,,91460
2840,93061120,0.9552120476089232,3.7111854553222656,0.5020373821258545,,91561
2850,93388800,0.9547869172090215,3.77508659362793,0.49528889656066893,,91469
2860,93716480,0.9543598853385692,3.7471195220947267,0.49337139129638674,,91508
2870,94044160,0.9539309540035318,3.7748977661132814,0.5062341690063477,,91459
2880,94371840,0.953500125218797,3.7446063995361327,0.4952248573303223,,91464
2890,94699520,0.9530674010081663,3.7079017639160154,0.5131289482116699,,91502
2900,95027200,0.9526327834043443,3.683669662475586,0.5107195854187012,,91456
2910,95354880,0.9521962744489302,3.788631820678711,0.4962122917175293,,91470
2920,95682560,0.9517578761924075,3.737825393676758,0.49280657768249514,,91500
2930,96010240,0.9513175906941347,3.7260501861572264,0.4972482681274414,,91502
2940,96337920,0.9508754200223356,3.715944290161133,0.4990778923034668,,91463
2950,96665600,0.9504313662540893,3.710905838012695,0.5091700553894043,,91505
2960,96993280,0.949985431475321,3.664937210083008,0.4873969554901123,,91464
2970,97320960,0.9495376177807917,3.7471969604492186,0.5044063091278076,,91475
2980,97648640,0.9490879272740883,3.7245723724365236,0.5038186073303222,,91500
2990,97976320,0.9486363620676144,3.7016456604003904,0.4959817409515381,,91486
3000,98304000,0.9481829242825798,3.728200149536133,0.48480448722839353,,91424
3010,98631680,0.9477276160489903,3.745952606201172,0.5013935089111328,,91455
3020,98959360,0.9472704395056386,3.6926193237304688,0.5118673801422119,,91455
3030,99287040,0.9468113968000933,3.6813690185546877,0.5091964721679687,,91473
3040,99614720,0.9463504900886894,3.7539173126220704,0.49256014823913574,,91451
3050,99942400,0.9458877215365181,3.7170795440673827,0.5023359775543212,,91453
3060,100270080,0.9454230933174161,3.727024459838867,0.5187689304351807,,91421
3070,100597760,0.9449566076139565,3.738765335083008,0.5036805152893067,,91400
3080,100925440,0.944488266617437,3.7336452484130858,0.5155059337615967,,91447
3090,101253120,0.9440180725278713,3.7801368713378904,0.533043909072876,,91485
3100,101580800,0.9435460275539773,3.6926513671875,0.5041609287261963,,91455
3110,101908480,0.9430721339131679,3.7276649475097656,0.4940958499908447,,91509
3120,102236160,0.9425963938315396,3.6800506591796873,0.4882498741149902,,91473
3130,102563840,0.9421188095438624,3.698771667480469,0.4984065055847168,,91503
3140,102891520,0.94163938329357,3.7583560943603516,0.5156754493713379,,91511
3150,103219200,0.9411581173327482,3.713883972167969,0.5057172775268555,,91493
3160,103546880,0.9406750139221247,3.735794448852539,0.49807281494140626,,91507
3170,103874560,0.9401900753310587,3.6811443328857423,0.49220905303955076,,91487
3180,104202240,0.9397033038375302,3.642365264892578,0.5012104988098145,,91496
3190,104529920,0.9392147017281288,3.7315109252929686,0.5183142185211181,,91484
3200,104857600,0.9387242712980439,3.710575485229492,0.5133857727050781,,91523
3210,105185280,0.9382320148510529,3.706776428222656,0.4917314529418945,,91439
3220,105512960,0.937737934699511,3.6893280029296873,0.5016315460205079,,91546
3230,105840640,0.9372420331643404,3.700123596191406,0.5082625389099121,,91505
3240,106168320,0.9367443125750188,3.6685142517089844,0.5135515689849853,,91495
3250,106496000,0.936244775269569,3.703179931640625,0.4993232250213623,,91483
3260,106823680,0.9357434235945475,3.640213394165039,0.49764204025268555,,91485
3270,107151360,0.9352402599050346,3.619482421875,0.5141545295715332,,91580
3280,107479040,0.9347352865646213,3.7022815704345704,0.5108623504638672,,91543
3290,107806720,0.9342285059454002,3.6262317657470704,0.49669504165649414,,91572
3300,108134400,0.9337199204279533,3.6415122985839843,0.4900991916656494,,91467
3310,108462080,0.9332095324013407,3.7133289337158204,0.48851776123046875,,91524
3320,108789760,0.93269734426309,3.730869674682617,0.5197181701660156,,91523
3330,109117440,0.9321833584191851,3.7529903411865235,0.5135246276855469,,91526
3340,109445120,0.9316675772840538,3.6464271545410156,0.5032474040985108,,91532
3350,109772800,0.9311500032805579,3.6970199584960937,0.5122359275817872,,91486
3360,110100480,0.9306306388399807,3.6799976348876955,0.5128532409667969,,91395
3370,110428160,0.9301094864020161,3.67928466796875,0.49984989166259763,,91538
3380,110755840,0.929586548414757,3.7012325286865235,0.49754767417907714,,91466
3390,111083520,0.929061827334684,3.5956153869628906,0.4884338855743408,,91524
3400,111411200,0.928535325626654,3.681957244873047,0.5002260208129883,,91513
3410,111738880,0.9280070457638875,3.732684326171875,0.5231471061706543,,91537
3420,112066560,0.9274769902279585,3.66461067199707,0.5188253402709961,,91516
3430,112394240,0.9269451615087818,3.6625614166259766,0.5013718605041504,,91489
3440,112721920,0.926411562104602,3.6638515472412108,0.4992847442626953,,91545
3450,113049600,0.9258761945219811,3.6218944549560548,0.49921231269836425,,91502
3460,113377280,0.9253390612757871,3.6395267486572265,0.49169301986694336,,91529
3470,113704960,0.9248001648891824,3.7056312561035156,0.5134529590606689,,91499
3480,114032640,0.9242595078936112,3.6949649810791017,0.49564075469970703,,91495
3490,114360320,0.9237170928287887,3.6420238494873045,0.5098961353302002,,91519
3500,114688000,0.923172922242688,3.7188987731933594,0.4913059711456299,,91555
3510,115015680,0.922626998691529,3.6446598052978514,0.5077516078948975,,91505
3520,115343360,0.922079324739766,3.621852493286133,0.49118866920471194,,91473
3530,115671040,0.9215299029600759,3.6567760467529298,0.4976515293121338,,91502
3540,115998720,0.9209787359333456,3.6722480773925783,0.49776639938354494,,91450
3550,116326400,0.9204258262486603,3.669123077392578,0.4900370597839355,,91479
3560,116654080,0.9198711765032919,3.6175552368164063,0.49248428344726564,,91504
3570,116981760,0.9193147893026851,3.6014331817626952,0.5021944522857666,,91493
3580,117309440,0.9187566672604472,3.640616226196289,0.4988523006439209,,91505
3590,117637120,0.9181968129983342,3.645314025878906,0.5003864765167236,,91544
3600,117964800,0.9176352291462395,3.650449752807617,0.49304022789001467,,91520
3610,118292480,0.9170719183421812,3.6863407135009765,0.515880537033081,,91494
3620,118620160,0.9165068832322891,3.648651885986328,0.4920478343963623,,91423
3630,118947840,0.9159401264707938,3.6166152954101562,0.49183130264282227,,91443
3640,119275520,0.9153716507200125,3.647897720336914,0.5062441825866699,,91509
3650,119603200,0.9148014586503377,3.7157302856445313,0.506542444229126,,91449
3660,119930880,0.9142295529402239,3.6513603210449217,0.5022232532501221,,91519
3670,120258560,0.9136559362761759,3.6345966339111326,0.4915322303771973,,91498
3680,120586240,0.9130806113527351,3.630915069580078,0.5072946071624755,,91519
3690,120913920,0.9125035808724679,3.6660221099853514,0.49807071685791016,,91495
3700,121241600,0.9119248475459516,3.5950859069824217,0.4850639343261719,,91483
3710,121569280,0.9113444140917637,3.6589691162109377,0.48624286651611326,,91507
3720,121896960,0.9107622832364672,3.5895503997802733,0.48714609146118165,,91516
3730,122224640,0.9101784577145987,3.6187812805175783,0.4995756149291992,,91543
3740,122552320,0.9095929402686556,3.6117622375488283,0.5313220024108887,,91471
3750,122880000,0.9090057336490831,3.680173873901367,0.5049864768981933,,91492
3760,123207680,0.908416840614261,3.6381851196289063,0.5154731273651123,,91514
3770,123535360,0.9078262639304908,3.7066219329833983,0.518134355545044,,91561
3780,123863040,0.9072340063719835,3.6154525756835936,0.5313561916351318,,91510
3790,124190720,0.9066400707208456,3.582131576538086,0.5167108058929444,,91535
3800,124518400,0.906044459767066,3.6671871185302733,0.5088906764984131,,91510
3810,124846080,0.905447176308504,3.6542774200439454,0.5059028625488281,,91468
3820,125173760,0.9048482231508749,3.588913345336914,0.5010594844818115,,91534
3830,125501440,0.9042476031077374,3.6310684204101564,0.4937559127807617,,91545
3840,125829120,0.9036453190004807,3.6168598175048827,0.5135931015014649,,91502
3850,126156800,0.9030413736583102,3.6629993438720705,0.4977381229400635,,91605
3860,126484480,0.9024357699182355,3.624571990966797,0.49475717544555664,,91558
3870,126812160,0.9018285106250563,3.628005599975586,0.5141010284423828,,91527
3880,127139840,0.901219598631349,3.609721374511719,0.503243350982666,,91473
3890,127467520,0.9006090367974537,3.6205673217773438,0.4973057746887207,,91509
3900,127795200,0.8999968279914605,3.6045547485351563,0.507812213897705,,91565
3910,128122880,0.8993829750891961,3.676472854614258,0.5203455448150635,,91519
3920,128450560,0.8987674809742102,3.6153236389160157,0.5027758121490479,,91489
3930,128778240,0.8981503485377622,3.65115966796875,0.5004667282104492,,91500
3940,129105920,0.8975315806788072,3.598633575439453,0.5005357265472412,,91557
3950,129433600,0.8969111803039826,3.636581039428711,0.5036085605621338,,91535
3960,129761280,0.8962891503275952,3.5908843994140627,0.48871641159057616,,91534
3970,130088960,0.8956654936716058,3.6291175842285157,0.49546041488647463,,91425
3980,130416640,0.8950402132656169,3.65186767578125,0.5043079853057861,,91535
3990,130744320,0.8944133120468587,3.6053794860839843,0.518120288848877,,91490
4000,131072000,0.8937847929601748,3.610002136230469,0.5078134536743164,,91522
4010,131399680,0.8931546589580086,3.637990951538086,0.5058244228363037,,91568
4020,131727360,0.8925229130003902,3.667127990722656,0.4916348457336426,,91577
4030,132055040,0.8918895580549208,3.597972106933594,0.5174998283386231,,91523
4040,132382720,0.8912545970967604,3.6320785522460937,0.4966084957122803,,91567
4050,132710400,0.8906180331086129,3.6150539398193358,0.4986821174621582,,91455
4060,133038080,0.8899798690807127,3.5899307250976564,0.4983323574066162,,91527
4070,133365760,0.8893401080108099,3.6713836669921873,0.5164996147155761,,91565
4080,133693440,0.8886987529041569,3.5933601379394533,0.49350948333740235,,91471
4090,134021120,0.888055806773494,3.633740234375,0.5224931716918946,,91514
4100,134348800,0.8874112726390354,3.5904022216796876,0.5176704406738282,,91533
4110,134676480,0.8867651535284545,3.6353385925292967,0.5034065246582031,,91560
4120,135004160,0.8861174524768703,3.6009140014648438,0.49745898246765136,,91607
4130,135331840,0.8854681725268331,3.6220897674560546,0.5118999004364013,,91513
4140,135659520,0.8848173167283098,3.6453365325927733,0.5107665538787842,,91565
4150,135987200,0.8841648881386694,3.618564987182617,0.5044388771057129,,91545
4160,136314880,0.88351088982267,3.6322200775146483,0.5021021366119385,,91564
4170,136642560,0.8828553248524423,3.5808666229248045,0.5029762744903564,,91500
4180,136970240,0.8821981963074773,3.632040786743164,0.5167903900146484,,91517
4190,137297920,0.8815395072746101,3.6200145721435546,0.5059946060180665,,91555
4200,137625600,0.8808792608480065,3.5526988983154295,0.48801217079162595,,91550
4210,137953280,0.8802174601291479,3.622160720825195,0.49662156105041505,,91548
4220,138280960,0.8795541082268172,3.6014030456542967,0.5001406192779541,,91531
4230,138608640,0.8788892082570837,3.6382747650146485,0.5002735614776611,,91486
4240,138936320,0.8782227633432887,3.60455207824707,0.4935590744018555,,91553
4250,139264000,0.877554776616031,3.585682678222656,0.5061022758483886,,91553
4260,139591680,0.8768852512131515,3.593212127685547,0.4963208198547363,,91556
4270,139919360,0.8762141902797198,3.600002670288086,0.5086756706237793,,91583
4280,140247040,0.8755415969680176,3.589304733276367,0.523257827758789,,91593
4290,140574720,0.8748674744375259,3.6385520935058593,0.5109457492828369,,91669
4300,140902400,0.8741918258549084,3.5718849182128904,0.5187268733978272,,91609
4310,141230080,0.8735146543939974,3.626321792602539,0.5120301246643066,,91487
4320,141557760,0.8728359632357797,3.5682796478271483,0.5073739528656006,,91445
4330,141885440,0.8721557555683797,3.596720886230469,0.5065542221069336,,91504
4340,142213120,0.8714740345870462,3.543045425415039,0.5125063896179199,,91525
4350,142540800,0.8707908034941365,3.6031570434570312,0.5148548126220703,,91549
4360,142868480,0.8701060654991017,3.6027206420898437,0.5041535377502442,,91598
4370,143196160,0.8694198238184716,3.5874073028564455,0.49151110649108887,,91492
4380,143523840,0.8687320816758393,3.565401077270508,0.4968412399291992,,91541
4390,143851520,0.8680428423018461,3.574539566040039,0.5052501678466796,,91536
4400,144179200,0.8673521089341671,3.559619903564453,0.5081233024597168,,91523
4410,144506880,0.866659884817495,3.5813411712646483,0.5156740188598633,,91527
4420,144834560,0.865966173203525,3.541087341308594,0.5010509967803956,,91542
4430,145162240,0.86527097735094,3.6117366790771483,0.5206521034240723,,91482
4440,145489920,0.8645743005253953,3.6186771392822266,0.5036510944366455,,91524
4450,145817600,0.8638761459995025,3.565053939819336,0.5029242038726807,,91573
4460,146145280,0.8631765170528151,3.559000778198242,0.5097379684448242,,91602
4470,146472960,0.8624754169718122,3.5236949920654297,0.5170347213745117,,91575
4480,146800640,0.8617728490498839,3.5747013092041016,0.5094122886657715,,91531
4490,147128320,0.8610688165873153,3.422991943359375,0.48795123100280763,,91572
4500,147456000,0.860363322891271,3.5317432403564455,0.5050343036651611,,91598
4510,147783680,0.8596563712757798,3.5395702362060546,0.5123279571533204,,91538
4520,148111360,0.8589479650617188,3.527373504638672,0.5033483028411865,,91492
4530,148439040,0.8582381075767984,3.54501953125,0.5065503120422363,,91571
4540,148766720,0.8575268021555462,3.5769248962402345,0.5024555683135986,,91554
4550,149094400,0.8568140521392911,3.5687694549560547,0.49794840812683105,,91570
4560,149422080,0.8560998608761481,3.568157958984375,0.5050422668457031,,91595
4570,149749760,0.8553842317210026,3.6027278900146484,0.501155948638916,,91653
4580,150077440,0.8546671680354943,3.54521484375,0.5088062286376953,,91546
4590,150405120,0.8539486731880013,3.575579071044922,0.4988068103790283,,91710
4600,150732800,0.8532287505536249,3.5282913208007813,0.498974084854126,,91701
4610,151060480,0.8525074035141732,3.580169677734375,0.5047655582427979,,91699
4620,151388160,0.8517846354581458,3.5746726989746094,0.5009836673736572,,91681
4630,151715840,0.8510604497807165,3.5716552734375,0.5155889511108398,,91651
4640,152043520,0.8503348498837191,3.5199115753173826,0.5029986381530762,,91659
4650,152371200,0.8496078391756305,3.567121124267578,0.4988226413726807,,91644
4660,152698880,0.8488794210715549,3.5222843170166014,0.49806718826293944,,91598
4670,153026560,0.8481495989932074,3.533212661743164,0.49883294105529785,,91606
4680,153354240,0.8474183763688985,3.5917583465576173,0.5035409927368164,,91623
4690,153681920,0.8466857566335172,3.545696258544922,0.5004015445709229,,91587
4700,154009600,0.8459517432285163,3.5974693298339844,0.5098439216613769,,91601
4710,154337280,0.8452163396018946,3.5383277893066407,0.4958804607391357,,91690
4720,154664960,0.8444795492081815,3.5526287078857424,0.5022592067718505,,91671
4730,154992640,0.8437413755084207,3.585408020019531,0.5280060768127441,,91697
4740,155320320,0.8430018219701542,3.5812618255615236,0.5116291522979737,,91664
4750,155648000,0.8422608920674052,3.5479888916015625,0.5191292285919189,,91613
4760,155975680,0.841518589280663,3.5885887145996094,0.507411003112793,,91629
4770,156303360,0.8407749170968652,3.563991165161133,0.5027910232543945,,91642
4780,156631040,0.8400298790093831,3.5213546752929688,0.49982295036315916,,91669
4790,156958720,0.8392834785180031,3.5262786865234377,0.5034969329833985,,91643
4800,157286400,0.8385357191289123,3.5513038635253906,0.49866838455200196,,91625
4810,157614080,0.837786604354681,3.549486541748047,0.5040695190429687,,91692
4820,157941760,0.8370361377142459,3.5827911376953123,0.5183299541473388,,91689
4830,158269440,0.8362843227328948,3.48450927734375,0.5151915073394775,,91695
4840,158597120,0.8355311629422486,3.5026885986328127,0.507413911819458,,91702
4850,158924800,0.8347766618802456,3.5202442169189454,0.49723014831542967,,91642
4860,159252480,0.8340208230911248,3.524304962158203,0.5070683002471924,,91640
4870,159580160,0.8332636501254091,3.5257259368896485,0.5037285804748535,,91677
4880,159907840,0.8325051465398888,3.5596248626708986,0.5163942813873291,,91727
4890,160235520,0.8317453158976044,3.571009063720703,0.5098221778869629,,91640
4900,160563200,0.8309841617678299,3.4808162689208983,0.5025544166564941,,91689
4910,160890880,0.8302216877260572,3.5260910034179687,0.5066052436828613,,91743
4920,161218560,0.829457897353978,3.530669021606445,0.5148662090301513,,91756
4930,161546240,0.8286927942394671,3.510354232788086,0.5285334110260009,,91778
4940,161873920,0.8279263819765664,3.5570884704589845,0.5172382354736328,,91750
4950,162201600,0.827158664165467,3.5144577026367188,0.5028628826141357,,91804
4960,162529280,0.8263896444124933,3.5171634674072267,0.5026058673858642,,91766
4970,162856960,0.825619326330085,3.4848304748535157,0.5142590522766113,,91721
4980,163184640,0.8248477135367809,3.5250797271728516,0.5024837970733642,,91736
4990,163512320,0.8240748096572016,3.4894309997558595,0.531122875213623,,91795
5000,163840000,0.8233006183220325,3.4813003540039062,0.5248645305633545,,91692
5010,164167680,0.8225251431680068,3.5387847900390623,0.5076192378997803,,91747
5020,164495360,0.8217483878378885,3.459503173828125,0.5072707653045654,,91790
5030,164823040,0.8209703559804551,3.52021484375,0.5044613361358643,,91781
5040,165150720,0.8201910512504803,3.5602348327636717,0.5300821304321289,,91741
5050,165478400,0.8194104773087175,3.5689491271972655,0.5149803161621094,,91748
5060,165806080,0.8186286378218818,3.5048202514648437,0.49729223251342775,,91763
5070,166133760,0.8178455364626335,3.495431137084961,0.49718465805053713,,91715
5080,166461440,0.8170611769095599,3.4333309173583983,0.5005743503570557,,91737
5090,166789120,0.8162755628471595,3.4228111267089845,0.513507890701294,,91757
5100,167116800,0.815488697965823,3.4978378295898436,0.5230740547180176,,91744
5110,167444480,0.8147005859618172,3.5646697998046877,0.531886625289917,,91779
5120,167772160,0.813911230537267,3.4710975646972657,0.4999959945678711,,91828
5130,168099840,0.8131206354001385,3.5536319732666017,0.5140743255615234,,91770
5140,168427520,0.8123288042642208,3.4454383850097656,0.49988269805908203,,91774
5150,168755200,0.8115357408491098,3.499981689453125,0.5275437355041503,,91728
5160,169082880,0.8107414488801894,3.5295650482177736,0.5107650279998779,,91757
5170,169410560,0.8099459320886147,3.543915557861328,0.5148830890655518,,91773
5180,169738240,0.8091491942112942,3.5453857421875,0.5172760009765625,,91796
5190,170065920,0.8083512389908728,3.487376403808594,0.518008804321289,,91501
5200,170393600,0.8075520701757136,3.5596874237060545,0.5084712505340576,,91759
5210,170721280,0.8067516915198807,3.537277603149414,0.5122214317321777,,91712
5220,171048960,0.8059501067831211,3.5269962310791017,0.5134028434753418,,91824
5230,171376640,0.8051473197308472,3.4943431854248046,0.5189806461334229,,91769
5240,171704320,0.8043433341341197,3.490924072265625,0.5147556304931641,,91781
5250,172032000,0.8035381537696291,3.550698089599609,0.5147005081176758,,91724
5260,172359680,0.8027317824196785,3.5556915283203123,0.5143093585968017,,91751
5270,172687360,0.8019242238721653,3.519879150390625,0.5126189231872559,,91819
5280,173015040,0.8011154819205639,3.483366775512695,0.5062784194946289,,91785
5290,173342720,0.8003055603639075,3.5112518310546874,0.5097140312194824,,91776
5300,173670400,0.799494463006771,3.5088932037353517,0.5069033145904541,,91788
5310,173998080,0.7986821936592519,3.5467987060546875,0.5076818943023682,,91770
5320,174325760,0.7978687561369534,3.532023239135742,0.5063724517822266,,91786
5330,174653440,0.7970541542609662,3.5013893127441404,0.49935212135314944,,91763
5340,174981120,0.7962383918578503,3.486836624145508,0.5120993614196777,,91755
5350,175308800,0.7954214727596175,3.578827667236328,0.5319153785705566,,91745
5360,175636480,0.794603400803713,3.479521942138672,0.5210401535034179,,91800
5370,175964160,0.7937841798329972,3.4641490936279298,0.5090216636657715,,91741
5380,176291840,0.7929638136957288,3.45574836730957,0.5238381862640381,,91808
5390,176619520,0.7921423062455447,3.5346473693847655,0.5155640125274659,,91849
5400,176947200,0.791319661341444,3.4778942108154296,0.508563756942749,,91788
5410,177274880,0.7904958828477688,3.5493038177490233,0.5278056621551513,,91800
5420,177602560,0.7896709746341858,3.4762500762939452,0.5015408039093018,,91771
5430,177930240,0.7888449405756687,3.4783897399902344,0.5125386238098144,,91752
5440,178257920,0.78801778455248,3.4978591918945314,0.5183561325073243,,91784
5450,178585600,0.7871895104501523,3.465169143676758,0.5204433917999267,,91759
5460,178913280,0.7863601221594704,3.4746299743652345,0.5147941589355469,,91796
5470,179240960,0.7855296235764533,3.4843231201171876,0.5187471866607666,,91787
5480,179568640,0.7846980186023351,3.527176284790039,0.5112375736236572,,91799
5490,179896320,0.7838653111435474,3.4512912750244142,0.5367086887359619,,91803
5500,180224000,0.7830315051117006,3.4586986541748046,0.5199681282043457,,91671
5510,180551680,0.7821966044235655,3.4846710205078124,0.5123064517974854,,91745
5520,180879360,0.7813606130010551,3.5374591827392576,0.5109560012817382,,91758
5530,181207040,0.7805235347712062,3.5553634643554686,0.5190905570983887,,91729
5540,181534720,0.7796853736661605,3.5283447265625,0.5359593868255615,,91809
5550,181862400,0.7788461336231468,3.467864227294922,0.514946985244751,,91795
5560,182190080,0.7780058185844622,3.4807411193847657,0.5265350818634034,,91801
5570,182517760,0.777164432497453,3.439422607421875,0.5185885906219483,,91753
5580,182845440,0.7763219793144973,3.5532344818115233,0.5067393779754639,,91770
5590,183173120,0.7754784629929858,3.4394596099853514,0.512770414352417,,91767
5600,183500800,0.7746338874953032,3.4586673736572267,0.5190526485443115,,91774
5610,183828480,0.773788256788809,3.487753677368164,0.517152738571167,,91743
5620,184156160,0.7729415748458205,3.481637191772461,0.50611252784729,,91743
5630,184483840,0.7720938456435924,3.507046127319336,0.5191719055175781,,91823
5640,184811520,0.7712450731642992,3.4134571075439455,0.520520544052124,,91809
5650,185139200,0.7703952613950162,3.5224353790283205,0.5265228271484375,,91794
5660,185466880,0.7695444143277006,3.4556529998779295,0.53164701461792,,91810
5670,185794560,0.7686925359591726,3.469976806640625,0.524110221862793,,91778
5680,186122240,0.7678396302910978,3.5230636596679688,0.5339923858642578,,91750
5690,186449920,0.7669857013299661,3.523748779296875,0.5202067852020263,,91757
5700,186777600,0.7661307530870757,3.5505706787109377,0.523907470703125,,91707
5710,187105280,0.7652747895785117,3.436029815673828,0.5154479026794434,,91746
5720,187432960,0.7644178148251293,3.3738895416259767,0.5087411403656006,,91773
5730,187760640,0.7635598328525331,3.5076763153076174,0.5466588497161865,,91779
5740,188088320,0.76270084769106,3.4758819580078124,0.5150317192077637,,91776
5750,188416000,0.7618408633757584,3.4947261810302734,0.5025182247161866,,91765
5760,188743680,0.760979883946371,3.525004196166992,0.5257169723510742,,91792
5770,189071360,0.7601179134473144,3.492823028564453,0.5220451354980469,,91787
5780,189399040,0.7592549559276612,3.493091583251953,0.50894775390625,,91751
5790,189726720,0.7583910154411201,3.5549747467041017,0.5218368530273437,,91764
5800,190054400,0.7575260960460173,3.520519256591797,0.5107281684875489,,91549
5810,190382080,0.7566602018052777,3.5190139770507813,0.5255684852600098,,91774
5820,190709760,0.7557933367864051,3.529938507080078,0.5331506252288818,,91749
5830,191037440,0.7549255050614639,3.474892807006836,0.5170743465423584,,91759
5840,191365120,0.7540567107070592,3.478422164916992,0.5215418338775635,,91758
5850,191692800,0.753186957804318,3.46551628112793,0.5369879722595214,,91741
5860,192020480,0.7523162504388706,3.497628402709961,0.5228713035583497,,91743
5870,192348160,0.7514445927008302,3.53149299621582,0.542218542098999,,91735
5880,192675840,0.7505719886847744,3.3835643768310546,0.5346197128295899,,91758
5890,193003520,0.7496984424897264,3.49011344909668,0.527412223815918,,91752
5900,193331200,0.7488239582191348,3.45428466796875,0.5382720947265625,,91806
5910,193658880,0.7479485399808549,3.4847312927246095,0.5269704818725586,,91814
5920,193986560,0.7470721918871295,3.427529525756836,0.5113096237182617,,91776
5930,194314240,0.7461949180545687,3.4408924102783205,0.517298412322998,,91768
5940,194641920,0.745316722604132,3.4725719451904298,0.5244443416595459,,91743
5950,194969600,0.744437609661108,3.508045196533203,0.5238028526306152,,91735
5960,195297280,0.7435575833550946,3.4248565673828124,0.5315476417541504,,91728
5970,195624960,0.7426766478199808,3.573215866088867,0.5280595302581788,,91714
5980,195952640,0.7417948071939264,3.4719211578369142,0.5360472202301025,,91794
5990,196280320,0.7409120656193431,3.4086116790771483,0.5238333702087402,,91737
6000,196608000,0.7400284272428742,3.4303638458251955,0.5242195129394531,,91767
6010,196935680,0.7391438962153765,3.4629741668701173,0.51078200340271,,91766
6020,197263360,0.7382584766918991,3.4685874938964845,0.5201524257659912,,91759
6030,197591040,0.7373721728316657,3.4631542205810546,0.5304435729980469,,91769
6040,197918720,0.7364849887980534,3.5148090362548827,0.5234604835510254,,91742
6050,198246400,0.7355969287585742,3.506177520751953,0.528987979888916,,91708
6060,198574080,0.7347079968848549,3.5013675689697266,0.5233483791351319,,91721
6070,198901760,0.733818197352618,3.4269760131835936,0.5193082332611084,,91782
6080,199229440,0.7329275343416618,3.3736438751220703,0.5099553108215332,,91839
6090,199557120,0.7320360120358402,3.462858963012695,0.5195045471191406,,91743
6100,199884800,0.7311436346230444,3.4360023498535157,0.5228053569793701,,91762
6110,200212480,0.7302504062951819,3.5175125122070314,0.5362380981445313,,91660
6120,200540160,0.7293563312481574,3.429408645629883,0.5223345279693603,,91723
6130,200867840,0.7284614136818531,3.4510730743408202,0.5148262500762939,,91729
6140,201195520,0.7275656578001092,3.3823898315429686,0.5139367580413818,,91683
6150,201523200,0.7266690678107032,3.4524394989013674,0.5289528846740723,,91768
6160,201850880,0.7257716479253312,3.445561981201172,0.5106406211853027,,91766
6170,202178560,0.7248734023595879,3.4178924560546875,0.5339188575744629,,91781
6180,202506240,0.7239743353329462,3.4445571899414062,0.5176564693450928,,91787
6190,202833920,0.7230744510687378,3.504955291748047,0.5184978008270263,,91764
6200,203161600,0.7221737537941337,3.4583080291748045,0.5252565383911133,,91768
6210,203489280,0.7212722477401238,3.4795867919921877,0.5244548797607422,,91732
6220,203816960,0.7203699371414969,3.5178386688232424,0.5197094440460205,,91713
6230,204144640,0.7194668262368217,3.441820526123047,0.513143253326416,,91737
6240,204472320,0.7185629192684256,3.4597347259521483,0.5240301609039306,,91811
6250,204800000,0.7176582204823762,3.4189193725585936,0.519049072265625,,91770
6260,205127680,0.7167527341284602,3.416815185546875,0.5202662467956543,,91774
6270,205455360,0.715846464460164,3.4575931549072267,0.5138172626495361,,91786
6280,205783040,0.7149394157346535,3.434915542602539,0.525465440750122,,91792
6290,206110720,0.7140315922127544,3.458338165283203,0.5377072334289551,,91758
6300,206438400,0.7131229981589317,3.4606708526611327,0.5325385093688965,,91724
6310,206766080,0.7122136378412699,3.422548294067383,0.5334303855895997,,91700
6320,207093760,0.7113035155314535,3.4567981719970704,0.5265182495117188,,91709
6330,207421440,0.710392635504746,3.485796356201172,0.5228643894195557,,91811
6340,207749120,0.70948100203997,3.471680450439453,0.5278834342956543,,91809
6350,208076800,0.7085686194194882,3.4986652374267577,0.5207059860229493,,91805
6360,208404480,0.7076554919291816,3.4440311431884765,0.5190543174743653,,91734
6370,208732160,0.7067416238584305,3.4372161865234374,0.5219868183135986,,91744
6380,209059840,0.7058270195000943,3.5023311614990233,0.5178430080413818,,91781
6390,209387520,0.7049116831504906,3.4788623809814454,0.5246602058410644,,91708
6400,209715200,0.7039956191093758,3.514005661010742,0.5253525733947754,,91705
6410,210042880,0.7030788316799246,3.5001800537109373,0.5263850688934326,,91568
6420,210370560,0.7021613251687095,3.4741180419921873,0.5326228141784668,,91745
6430,210698240,0.7012431038856815,3.528237152099609,0.5299700736999512,,91743
6440,211025920,0.7003241721441484,3.433493804931641,0.5261146545410156,,91756
6450,211353600,0.699404534260756,3.465668487548828,0.5252968311309815,,91747
6460,211681280,0.6984841945554667,3.419919967651367,0.5233020782470703,,91755
6470,212008960,0.6975631573515402,3.381349563598633,0.5158621788024902,,91713
6480,212336640,0.6966414269755121,3.446124267578125,0.5214654445648194,,91759
6490,212664320,0.6957190077571747,3.452252960205078,0.5292855262756347,,91753
6500,212992000,0.6947959040295556,3.3676048278808595,0.5315159320831299,,91776
6510,213319680,0.693872120128898,3.476019287109375,0.5276120185852051,,91761
6520,213647360,0.6929476603946405,3.461748504638672,0.5437138080596924,,91779
6530,213975040,0.6920225291693962,3.4389118194580077,0.5343708992004395,,91768
6540,214302720,0.6910967307989323,3.3824153900146485,0.5288985252380372,,91750
6550,214630400,0.6901702696321502,3.4103485107421876,0.5397190570831298,,91766
6560,214958080,0.6892431500210646,3.445118713378906,0.5301790714263916,,91799
6570,215285760,0.6883153763207832,3.541595458984375,0.5391332626342773,,91717
6580,215613440,0.6873869528894864,3.425902557373047,0.5341578006744385,,91738
6590,215941120,0.6864578840884065,3.482249450683594,0.5345935344696044,,91739
6600,216268800,0.6855281742818073,3.433148956298828,0.5370891094207764,,91728
6610,216596480,0.6845978278369642,3.4419490814208986,0.5452478885650635,,91767
6620,216924160,0.683666849124143,3.508182907104492,0.5275311470031738,,91764
6630,217251840,0.6827352425165789,3.4415111541748047,0.5402778148651123,,91791
6640,217579520,0.6818030123904574,3.477418899536133,0.5339885234832764,,91749
6650,217907200,0.6808701631248927,3.4361934661865234,0.5302557945251465,,91759
6660,218234880,0.6799366991019075,3.449920654296875,0.5332716464996338,,91737
6670,218562560,0.6790026247064119,3.4718517303466796,0.546930980682373,,91775
6680,218890240,0.6780679443261837,3.4204025268554688,0.536136531829834,,91724
6690,219217920,0.6771326623518468,3.446795654296875,0.5515122413635254,,91743
6700,219545600,0.6761967831768516,3.4368953704833984,0.5263117790222168,,91743
6710,219873280,0.6752603111974533,3.4309452056884764,0.5317070484161377,,91763
6720,220200960,0.6743232508126922,3.4786518096923826,0.5373182773590088,,91572
6730,220528640,0.6733856064243724,3.470416259765625,0.5469010829925537,,91682
6740,220856320,0.6724473824370414,3.3568042755126952,0.5191531658172608,,91745
6750,221184000,0.6715085832579691,3.4108463287353517,0.5398965835571289,,91731
6760,221511680,0.6705692132971278,3.427907943725586,0.5415826320648194,,91737
6770,221839360,0.6696292769671708,3.3547401428222656,0.531402587890625,,91764
6780,222167040,0.6686887786834115,3.440995788574219,0.5425459861755371,,91739
6790,222494720,0.6677477228638038,3.4539676666259767,0.5504217147827148,,91733
6800,222822400,0.6668061139289202,3.4075218200683595,0.5270156383514404,,91740
6810,223150080,0.6658639563019313,3.444566345214844,0.5316378593444824,,91720
6820,223477760,0.6649212544085855,3.455474853515625,0.5351635456085205,,91709
6830,223805440,0.6639780126771876,3.3283676147460937,0.577934455871582,,91716
6840,224133120,0.6630342355385784,3.4190025329589844,0.5329129695892334,,91705
6850,224460800,0.6620899274261136,3.408896636962891,0.5286064147949219,,91739
6860,224788480,0.6611450927756435,3.437765121459961,0.5244492530822754,,91770
6870,225116160,0.6601997360254913,3.438020706176758,0.5431817054748536,,91724
6880,225443840,0.659253861616433,3.3762096405029296,0.5273098468780517,,91721
6890,225771520,0.6583074739916764,3.3926578521728517,0.5246602058410644,,91737
6900,226099200,0.65736057759684,3.4337108612060545,0.5298385143280029,,91750
6910,226426880,0.656413176879932,3.4819721221923827,0.5343395233154297,,91720
6920,226754560,0.65546527629133,3.490610885620117,0.5421287536621093,,91737
6930,227082240,0.6545168802837597,3.4428379058837892,0.5566465854644775,,91721
6940,227409920,0.6535679933122733,3.4486225128173826,0.5466280937194824,,91746
6950,227737600,0.6526186198342305,3.4073417663574217,0.5314765930175781,,91743
6960,228065280,0.6516687643092755,3.465689849853516,0.5387261390686036,,91763
6970,228392960,0.6507184311993169,3.454650115966797,0.5315913200378418,,91747
6980,228720640,0.6497676249685073,3.39886474609375,0.5508270263671875,,91762
6990,229048320,0.648816350083221,3.408085250854492,0.5396185398101807,,91755
7000,229376000,0.6478646110120344,3.3968700408935546,0.5378063201904297,,91736
7010,229703680,0.6469124122257043,3.3947906494140625,0.5269020080566407,,91719
7020,230031360,0.6459597581971467,3.41027717590332,0.5364601135253906,,91466
7030,230359040,0.6450066534014163,3.333438491821289,0.5126174926757813,,91747
7040,230686720,0.6440531023156852,3.421902084350586,0.5446845054626465,,91757
7050,231014400,0.643099109419222,3.4126964569091798,0.5372780323028564,,91734
7060,231342080,0.6421446791933706,3.3840873718261717,0.5303062438964844,,91796
7070,231669760,0.6411898161215294,3.399484634399414,0.5262419223785401,,91743
7080,231997440,0.6402345246891296,3.3910423278808595,0.6903434276580811,,91709
7090,232325120,0.6392788093836153,3.376475143432617,0.5553778171539306,,91726
7100,232652800,0.6383226746944214,3.343861389160156,0.7034502983093261,,91752
7110,232980480,0.6373661251129528,3.3421630859375,0.558055305480957,,91727
7120,233308160,0.6364091651325631,3.3440902709960936,0.5318239688873291,,91734
7130,233635840,0.6354517992485343,3.450526809692383,0.5572345733642579,,91784
7140,233963520,0.6344940319580545,3.4076385498046875,0.5340488910675049,,91745
7150,234291200,0.6335358677601981,3.424015426635742,0.5367545127868653,,91723
7160,234618880,0.6325773111559034,3.413682556152344,0.5483458995819092,,91731
7170,234946560,0.631618366647952,3.398394775390625,0.528428316116333,,91753
7180,235274240,0.6306590387409481,3.389562225341797,0.5373720169067383,,91706
7190,235601920,0.6296993319412965,3.410811996459961,0.543107557296753,,91751
7200,235929600,0.6287392507571821,3.436688232421875,0.5337750911712646,,91724
7210,236257280,0.627778799698548,3.378531646728516,0.5476465702056885,,91780
7220,236584960,0.6268179832770756,3.401663970947266,0.5361515045166015,,91757
7230,236912640,0.6258568060061616,3.37493896484375,0.5507916927337646,,91720
7240,237240320,0.6248952724008985,3.4034446716308593,0.5406566143035889,,91742
7250,237568000,0.6239333869780525,3.4116939544677733,0.5491174697875977,,89960
7260,237895680,0.6229711542560421,3.3766666412353517,0.5314500331878662,,91714
7270,238223360,0.6220085787549176,3.376648712158203,0.5293082237243653,,91708
7280,238551040,0.6210456649963396,3.3248966217041014,0.5303592681884766,,91687
7290,238878720,0.6200824175035572,3.381052017211914,0.5372598171234131,,91735
7300,239206400,0.6191188408013876,3.426517868041992,0.5486720561981201,,91756
7310,239534080,0.618154939416194,3.347823715209961,0.5369100570678711,,91711
7320,239861760,0.6171907178758654,3.364435577392578,0.5382172107696533,,91746
7330,240189440,0.6162261807097943,3.4188507080078123,0.5538037776947021,,91617
7340,240517120,0.615261332448856,3.4132659912109373,0.5362996101379395,,91710
7350,240844800,0.6142961776253867,3.3819961547851562,0.5384879112243652,,91729
7360,241172480,0.6133307207731634,3.384891128540039,0.5403786659240722,,91730
7370,241500160,0.6123649664273816,3.380348968505859,0.5406067371368408,,91728
7380,241827840,0.6113989191246338,3.377518081665039,0.5470201015472412,,91755
7390,242155520,0.6104325834028894,3.38226432800293,0.5387187480926514,,91728
7400,242483200,0.6094659638014722,3.4160202026367186,0.5457776069641114,,91713
7410,242810880,0.6084990648610393,3.376730728149414,0.5307293891906738,,91721
7420,243138560,0.6075318911235607,3.4635284423828123,0.5526721000671386,,91753
7430,243466240,0.6065644471322965,3.4308399200439452,0.5479697227478028,,91716
7440,243793920,0.6055967374317768,3.4685001373291016,0.5383866786956787,,91713
7450,244121600,0.6046287665677795,3.4088626861572267,0.5368119239807129,,91704
7460,244449280,0.6036605390873098,3.391796875,0.5369452476501465,,91728
7470,244776960,0.6026920595385779,3.3886253356933596,0.551663875579834,,91767
7480,245104640,0.6017233324709779,3.393233871459961,0.5396554946899415,,91710
7490,245432320,0.6007543624350674,3.322965621948242,0.5436683654785156,,91707
7500,245760000,0.5997851539825445,3.3096187591552733,0.5282485008239746,,91708
7510,246087680,0.5988157116662278,3.3337303161621095,0.5362605571746826,,91739
7520,246415360,0.5978460400400343,3.340657424926758,0.5397099494934082,,91757
7530,246743040,0.5968761436589581,3.3663368225097656,0.5562578201293945,,91709
7540,247070720,0.595906027079049,3.4210575103759764,0.5484602928161622,,91738
7550,247398400,0.5949356948573915,3.3549903869628905,0.5473939895629882,,91674
7560,247726080,0.593965151552083,3.3822757720947267,0.5350491046905518,,91707
7570,248053760,0.5929944017222119,3.3257041931152345,0.5294534206390381,,91744
7580,248381440,0.5920234499278374,3.4153671264648438,0.5395818233489991,,91756
7590,248709120,0.5910523007299672,3.3715274810791014,0.548518705368042,,91787
7600,249036800,0.5900809586905363,3.4175987243652344,0.5446761131286622,,91713
7610,249364480,0.5891094283723856,3.3990413665771486,0.5372321128845214,,91696
7620,249692160,0.5881377143392402,3.4291049957275392,0.5498475074768067,,91742
7630,250019840,0.5871658211556886,3.4665248870849608,0.5541186809539795,,91443
7640,250347520,0.5861937533871606,3.3425907135009765,0.5366923332214355,,91662
7650,250675200,0.585221515599906,3.3907020568847654,0.5512709140777587,,91749
7660,251002880,0.5842491123609734,3.322738265991211,0.5459804534912109,,91772
7670,251330560,0.5832765482381888,3.4201278686523438,0.5441800594329834,,91739
7680,251658240,0.5823038278001335,3.3856155395507814,0.5529638767242432,,91742
7690,251985920,0.5813309556161232,3.35479736328125,0.5422837257385253,,91728
7700,252313600,0.5803579362561871,3.385028839111328,0.5402685642242432,,91710
7710,252641280,0.5793847742910447,3.4220722198486326,0.5519264221191407,,91687
7720,252968960,0.5784114742920861,3.385384368896484,0.555025053024292,,91688
7730,253296640,0.5774380408313496,3.3064395904541017,0.5638335227966309,,91733
7740,253624320,0.5764644784815004,3.359176254272461,0.5571709632873535,,91774
7750,253952000,0.575490791815809,3.424209213256836,0.5478002548217773,,91748
7760,254279680,0.5745169854081302,3.396719741821289,0.538856315612793,,91703
7770,254607360,0.5735430638328811,3.3292076110839846,0.5453690528869629,,91730
7780,254935040,0.5725690316650198,3.347972869873047,0.5510148048400879,,91747
7790,255262720,0.571594893480024,3.3726055145263674,0.5517086029052735,,91718
7800,255590400,0.5706206538538694,3.3947189331054686,0.5505078792572021,,91727
7810,255918080,0.5696463173630077,3.4082794189453125,0.5550382614135743,,91668
7820,256245760,0.5686718885843468,3.3914772033691407,0.5452121734619141,,91712
7830,256573440,0.5676973720952269,3.37613525390625,0.5604631423950195,,91760
7840,256901120,0.5667227724734006,3.3799476623535156,0.5756320953369141,,91748
7850,257228800,0.5657480942970116,3.4080886840820312,0.5562132835388184,,91708
7860,257556480,0.5647733421445715,3.3840404510498048,0.5459532260894775,,91735
7870,257884160,0.5637985205949405,3.401694107055664,0.5468957901000977,,91704
7880,258211840,0.5628236342273044,3.396678161621094,0.5443927764892578,,91772
7890,258539520,0.5618486876211529,3.394705963134766,0.5425283908843994,,91723
7900,258867200,0.5608736853562596,3.3892669677734375,0.5463012218475342,,91672
7910,259194880,0.5598986320126588,3.3766857147216798,0.5451961517333984,,91678
7920,259522560,0.5589235321706254,3.2721931457519533,0.5460841655731201,,91732
7930,259850240,0.557948390410652,3.3855754852294924,0.5657433986663818,,91761
7940,260177920,0.5569732113134289,3.377346420288086,0.5574758529663086,,91603
7950,260505600,0.5559979994598211,3.3544551849365236,0.5597161293029785,,91674
7960,260833280,0.5550227594308477,3.4302581787109374,0.5512851715087891,,91704
7970,261160960,0.5540474958076603,3.3147663116455077,0.5484760761260986,,91705
7980,261488640,0.5530722131715214,3.3657768249511717,0.5555606842041015,,91702
7990,261816320,0.5520969161037825,3.3667575836181642,0.5539644241333008,,91738
8000,262144000,0.551121609185863,3.403763198852539,0.5581034660339356,,91732
8010,262471680,0.5501462969992287,3.3124671936035157,0.5477748870849609,,91745
8020,262799360,0.5491709841253699,3.3186294555664064,0.5390966415405274,,91727
8030,263127040,0.5481956751457805,3.3623775482177733,0.5465681076049804,,91788
8040,263454720,0.5472203746419358,3.3624637603759764,0.548371696472168,,91731
8050,263782400,0.5462450871952715,3.311301422119141,0.5451713562011719,,91703
8060,264110080,0.5452698173871616,3.311961364746094,0.5489428520202637,,91707
8070,264437760,0.5442945697988978,3.376726531982422,0.5501919269561768,,91719
8080,264765440,0.5433193490116667,3.380658721923828,0.5614817619323731,,91718
8090,265093120,0.5423441596065299,3.352189636230469,0.5636394500732422,,91736
8100,265420800,0.5413690061644008,3.364191436767578,0.5631563186645507,,91704
8110,265748480,0.5403938932660243,3.355826568603516,0.5605504989624024,,91754
8120,266076160,0.5394188254919544,3.387223815917969,0.5517386436462403,,91703
8130,266403840,0.538443807422534,3.3391277313232424,0.5513604640960693,,91724
8140,266731520,0.5374688436378715,3.3513778686523437,0.5549305438995361,,91716
8150,267059200,0.5364939387178209,3.38831787109375,0.5450632095336914,,91740
8160,267386880,0.5355190972419597,3.2794879913330077,0.5438137531280518,,91696
8170,267714560,0.5345443237895667,3.397821044921875,0.5500619888305665,,91717
8180,268042240,0.5335696229396024,3.3638004302978515,0.5589545726776123,,91735
8190,268369920,0.532594999270685,3.3727996826171873,0.5526956558227539,,91726
8200,268697600,0.5316204573610711,3.419293975830078,0.5676004409790039,,91724
8210,269025280,0.5306460017886323,3.3567531585693358,0.5493464469909668,,91720
8220,269352960,0.5296716371308356,3.380907440185547,0.5477091312408447,,91760
8230,269680640,0.5286973679647203,3.335143280029297,0.555106782913208,,91707
8240,270008320,0.5277231988668772,3.3469127655029296,0.5508416175842286,,91460
8250,270336000,0.5267491344134275,3.3363937377929687,0.5613109588623046,,91740
8260,270663680,0.5257751791799999,3.395512008666992,0.5633172988891602,,91732
8270,270991360,0.5248013377417113,3.3489604949951173,0.5584969043731689,,91707
8280,271319040,0.523827614673143,3.2940723419189455,0.5557048797607422,,91734
8290,271646720,0.5228540145483207,3.317610168457031,0.5527098178863525,,91716
8300,271974400,0.5218805419406926,3.3997573852539062,0.5561157703399658,,91724
8310,272302080,0.5209072014231075,3.311762237548828,0.5527039527893066,,91690
8320,272629760,0.5199339975677946,3.3838726043701173,0.553476619720459,,91707
8330,272957440,0.51896093494634,3.3845283508300783,0.5611058235168457,,91692
8340,273285120,0.5179880181296672,3.4109756469726564,0.5655482292175293,,91692
8350,273612800,0.5170152516880143,3.27154426574707,0.5613574028015137,,91730
8360,273940480,0.5160426401909136,3.350175476074219,0.5589586734771729,,91772
8370,274268160,0.5150701882071689,3.3835529327392577,0.549181604385376,,91774
8380,274595840,0.514097900304835,3.3622703552246094,0.5607711791992187,,91722
8390,274923520,0.5131257810511961,3.3928501129150392,0.5822288513183593,,91749
8400,275251200,0.5121538350127436,3.3492393493652344,0.5521899223327636,,91712
8410,275578880,0.511182066755156,3.2697628021240233,0.545363187789917,,91695
8420,275906560,0.510210480843276,3.3510486602783205,0.5456014633178711,,91675
8430,276234240,0.5092390818410902,3.334664154052734,0.557459545135498,,91716
8440,276561920,0.508267874311707,3.323041534423828,0.5545948505401611,,91721
8450,276889600,0.5072968628173354,3.3955005645751952,0.564384651184082,,91754
8460,277217280,0.5063260519192636,3.339670181274414,0.5666627883911133,,91771
8470,277544960,0.5053554461778373,3.367609405517578,0.5559722423553467,,91716
8480,277872640,0.5043850501524388,3.309414291381836,0.5471559047698975,,91698
8490,278200320,0.5034148684014648,3.3696884155273437,0.5735761165618897,,91715
8500,278528000,0.502444905482306,3.3441524505615234,0.5659058094024658,,91694
8510,278855680,0.5014751659513248,3.3275146484375,0.5607014656066894,,91667
8520,279183360,0.5005056543638344,3.31933708190918,0.5599225521087646,,91731
8530,279511040,0.499536375274077,3.3562931060791015,0.5676654815673828,,91693
8540,279838720,0.4985673332352031,3.3074546813964845,0.568199634552002,,91691
8550,280166400,0.49759853279924915,3.3307403564453124,0.5582446098327637,,91614
8560,280494080,0.4966299785171171,3.3393798828125,0.5617036819458008,,91727
8570,280821760,0.4956616749385523,3.318378448486328,0.5613536357879638,,91695
8580,281149440,0.49469362661212246,3.3863815307617187,0.5556759357452392,,91695
8590,281477120,0.49372583808519666,3.3989704132080076,0.5566952705383301,,91734
8600,281804800,0.4927583139039229,3.3515186309814453,0.556565523147583,,91695
8610,282132480,0.49179105861320815,3.313836669921875,0.557624340057373,,91721
8620,282460160,0.4908240767566955,3.3657371520996096,0.5696484088897705,,91736
8630,282787840,0.48985737287674447,3.3428340911865235,0.5692936897277832,,91677
8640,283115520,0.4888909515144081,3.3561733245849608,0.568697452545166,,91716
8650,283443200,0.4879248172094126,3.3225807189941405,0.5668859004974365,,91681
8660,283770880,0.4869589745001358,3.374409484863281,0.5788575649261475,,91721
8670,284098560,0.48599342792358535,3.34669189453125,0.5570009708404541,,91651
8680,284426240,0.48502818201537845,3.3341835021972654,0.5509747982025146,,91663
8690,284753920,0.48406324130971956,3.3275989532470702,0.559650182723999,,91657
8700,285081600,0.4830986103393794,3.326243591308594,0.5502294063568115,,91719
8710,285409280,0.4821342936356737,3.3788917541503904,0.561259412765503,,91779
8720,285736960,0.4811702957284427,3.3755382537841796,0.5652044773101806,,91726
8730,286064640,0.48020662114602786,3.325055694580078,0.5607649803161621,,91729
8740,286392320,0.4792432744152527,3.3650161743164064,0.5661906719207763,,91665
8750,286720000,0.47828026006140056,3.3654727935791016,0.5712459087371826,,91724
8760,287047680,0.477317582608193,3.269817352294922,0.5566238403320313,,91685
8770,287375360,0.4763552465777695,3.346087646484375,0.5571408271789551,,91705
8780,287703040,0.47539325649066544,3.291706085205078,0.5676552295684815,,91731
8790,288030720,0.4744316168657915,3.3347888946533204,0.5718772411346436,,91737
8800,288358400,0.47347033222041146,3.3243980407714844,0.5763883590698242,,91696
8810,288686080,0.47250940707012234,3.3211990356445313,0.5577856063842773,,91747
8820,289013760,0.47154884592883173,3.291220855712891,0.5654161930084228,,91734
8830,289341440,0.4705886533087379,3.364181137084961,0.5715482234954834,,91693
8840,289669120,0.4696288337203076,3.2956714630126953,0.5621173858642579,,91697
8850,289996800,0.4686693916722554,3.3101085662841796,0.5635499000549317,,91430
8860,290324480,0.46771033167152265,3.302407073974609,0.5691818237304688,,91656
8870,290652160,0.4667516582232554,3.3722393035888674,0.5662043571472168,,91693
8880,290979840,0.46579337583078473,3.315538024902344,0.5522250175476074,,91717
8890,291307520,0.4648354889956039,3.350779724121094,0.5646936893463135,,91691
8900,291635200,0.4638780022173489,3.2991790771484375,0.5593344211578369,,91701
8910,291962880,0.4629209199937757,3.324967956542969,0.5703115940093995,,91674
8920,292290560,0.46196424682074044,3.327684020996094,0.5608089447021485,,91666
8930,292618240,0.4610079871921775,3.275263214111328,0.5593645095825195,,91675
8940,292945920,0.4600521456000787,3.3266361236572264,0.5833398342132569,,91666
8950,293273600,0.4590967265344721,3.343709182739258,0.5709593296051025,,91674
8960,293601280,0.4581417344834009,3.280129623413086,0.5735904693603515,,91694
8970,293928960,0.45718717393290287,3.315097427368164,0.5804875373840332,,91729
8980,294256640,0.45623304936698816,3.3068611145019533,0.5646163940429687,,91716
8990,294584320,0.4552793652676195,3.310575485229492,0.5731928825378418,,91694
9000,294912000,0.4543261261146899,3.312775421142578,0.554949426651001,,91645
9010,295239680,0.45337333638600297,3.3829605102539064,0.5735013961791993,,91654
9020,295567360,0.45242100055725065,3.3716564178466797,0.5823383808135987,,91665
9030,295895040,0.45146912310199294,3.3639965057373047,0.5819839000701904,,91624
9040,296222720,0.4505177084916365,3.3393001556396484,0.5733234405517578,,91659
9050,296550400,0.44956676119541383,3.3933406829833985,0.5753756523132324,,91700
9060,296878080,0.4486162856803626,3.342721176147461,0.5679293632507324,,91716
9070,297205760,0.44766628641130346,3.3006259918212892,0.5694520473480225,,91700
9080,297533440,0.4467167678508208,3.2746692657470704,0.57524733543396,,91695
9090,297861120,0.44576773445924056,3.3260963439941404,0.56279296875,,91715
9100,298188800,0.4448191906946096,3.3748519897460936,0.5817641258239746,,91707
9110,298516480,0.44387114101267466,3.295237350463867,0.5676136016845703,,91653
9120,298844160,0.44292358986686153,3.2814586639404295,0.5653024673461914,,91649
9130,299171840,0.4419765417082546,3.287906265258789,0.5657068252563476,,91701
9140,299499520,0.4410300009855749,3.2923866271972657,0.5563774108886719,,91704
9150,299827200,0.4400839721451604,3.2873401641845703,0.5614008426666259,,91688
9160,300154880,0.43913845963094367,3.3377147674560548,0.5604978561401367,,91550
9170,300482560,0.4381934678844329,3.3125492095947267,0.5693224430084228,,91682
9180,300810240,0.43724900134468936,3.326551055908203,0.5774452686309814,,91695
9190,301137920,0.4363050644483073,3.3183460235595703,0.5691142559051514,,91681
9200,301465600,0.4353616616293928,3.3964073181152346,0.5834399223327636,,91654
9210,301793280,0.4344187973195436,3.3761932373046877,0.5723536491394043,,91616
9220,302120960,0.43347647594782734,3.2834213256835936,0.5648816108703614,,91666
9230,302448640,0.4325347019407614,3.373151397705078,0.5659963130950928,,91711
9240,302776320,0.43159347972229234,3.3211380004882813,0.5607739448547363,,91720
9250,303104000,0.43065281371377384,3.330788803100586,0.5610377788543701,,91711
9260,303431680,0.4297127083339477,3.3151390075683596,0.5831616401672364,,91706
9270,303759360,0.4287731679989216,3.337525177001953,0.5792483329772949,,91642
9280,304087040,0.4278341971221492,3.284915542602539,0.5647166728973388,,91649
9290,304414720,0.4268958001144092,3.342818832397461,0.5667736053466796,,91665
9300,304742400,0.42595798138378416,3.3372726440429688,0.565174913406372,,91675
9310,305070080,0.4250207453356408,3.3450469970703125,0.5918059825897217,,91687
9320,305397760,0.42408409637260824,3.365835189819336,0.5791597843170166,,91700
9330,305725440,0.4231480388945583,3.332571029663086,0.5735825538635254,,91721
9340,306053120,0.4222125772985835,3.340404510498047,0.5748756885528564,,91708
9350,306380800,0.42127771597897823,3.2718502044677735,0.5660226345062256,,91744
9360,306708480,0.4203434593272163,3.352665328979492,0.5728053569793701,,91685
9370,307036160,0.4194098117319315,3.3180980682373047,0.569338035583496,,91657
9380,307363840,0.41847677757889645,3.3229522705078125,0.5706934452056884,,91666
9390,307691520,0.41754436125100236,3.355203628540039,0.5693694591522217,,91688
9400,308019200,0.416612567128238,3.296194839477539,0.5617783546447754,,91670
9410,308346880,0.41568139958766936,3.2535369873046873,0.5713101863861084,,91693
9420,308674560,0.41475086300341946,3.294091796875,0.5713717460632324,,91673
9430,309002240,0.41382096174664673,3.280713653564453,0.5709428787231445,,91715
9440,309329920,0.412891700185526,3.3609371185302734,0.5725917816162109,,91683
9450,309657600,0.4119630826852264,3.28277702331543,0.565576171875,,91665
9460,309985280,0.41103511360789224,3.326471710205078,0.5728350639343261,,91443
9470,310312960,0.4101077973126215,3.333829879760742,0.5688968658447265,,91644
9480,310640640,0.40918113815544555,3.2477073669433594,0.5735965728759765,,91666
9490,310968320,0.40825514048930955,3.2794952392578125,0.5706174373626709,,91679
9500,311296000,0.4073298086640508,3.3103305816650392,0.5686644554138184,,91690
9510,311623680,0.4064051470263791,3.2872142791748047,0.5772419929504394,,91648
9520,311951360,0.40548115991985556,3.374050521850586,0.5856816291809082,,91649
9530,312279040,0.4045578516848737,3.2758712768554688,0.5896271228790283,,91707
9540,312606720,0.40363522665863694,3.3207263946533203,0.5864458084106445,,91700
9550,312934400,0.4027132891751404,3.334120178222656,0.5755557060241699,,91636
9560,313262080,0.40179204356514864,3.296834945678711,0.577720308303833,,91662
9570,313589760,0.4008714941561764,3.263301467895508,0.5646796703338623,,91677
9580,313917440,0.3999516452724685,3.272730255126953,0.5698160648345947,,91640
9590,314245120,0.39903250123497847,3.267308807373047,0.5662247657775878,,91655
9600,314572800,0.3981140663613494,3.3314277648925783,0.5883749961853028,,91715
9610,314900480,0.3971963449658923,3.347543716430664,0.5815117359161377,,91705
9620,315228160,0.39627934135956777,3.2806118011474608,0.5665506362915039,,91667
9630,315555840,0.3953630598499638,3.3358909606933596,0.5748012065887451,,91657
9640,315883520,0.3944475047412763,3.3397148132324217,0.5736806869506836,,91653
9650,316211200,0.3935326803342897,3.3509891510009764,0.5842249393463135,,91648
9660,316538880,0.3926185909263551,3.381883239746094,0.5705190658569336,,91620
9670,316866560,0.3917052408113716,3.3183406829833983,0.5783498287200928,,91645
9680,317194240,0.39079263427976507,3.3062664031982423,0.6054563999176026,,91686
9690,317521920,0.389880775618469,3.3103565216064452,0.6004920959472656,,91737
9700,317849600,0.388969669110903,3.3071422576904297,0.5780253410339355,,91679
9710,318177280,0.38805931903695423,3.328530502319336,0.6100739479064942,,91677
9720,318504960,0.38714972967295613,3.2767402648925783,0.5732908725738526,,91651
9730,318832640,0.38624090529166855,3.2655780792236326,0.5666810512542725,,91647
9740,319160320,0.3853328501622585,3.2772998809814453,0.5800451278686524,,91687
9750,319488000,0.38442556855027865,3.3550540924072267,0.5859931945800781,,91667
9760,319815680,0.38351906471764896,3.313119888305664,0.5818319320678711,,91705
9770,320143360,0.3826133429226348,3.328212356567383,0.5789217472076416,,91552
9780,320471040,0.38170840741982925,3.3261375427246094,0.5802443981170654,,91659
9790,320798720,0.38080426246013044,3.2829944610595705,0.5788763046264649,,91645
9800,321126400,0.379900912290724,3.235406494140625,0.5722455978393555,,91671
9810,321454080,0.3789983611550616,3.3078941345214843,0.5831875324249267,,91696
9820,321781760,0.3780966132928413,3.321005630493164,0.5769735813140869,,91629
9830,322109440,0.37719567293998824,3.320257568359375,0.570656681060791,,91714
9840,322437120,0.3762955443286341,3.2792606353759766,0.573288106918335,,91734
9850,322764800,0.37539623168709757,3.3793960571289063,0.584971570968628,,91712
9860,323092480,0.37449773923986396,3.24828987121582,0.5861542224884033,,91666
9870,323420160,0.37360007120756655,3.332851791381836,0.5786650657653809,,91661
9880,323747840,0.37270323180696474,3.3015071868896486,0.5728184700012207,,91666
9890,324075520,0.3718072252509268,3.2597660064697265,0.5784219741821289,,91648
9900,324403200,0.370912055748408,3.322409820556641,0.5831031799316406,,91610
9910,324730880,0.3700177275044315,3.313489532470703,0.5840977668762207,,91624
9920,325058560,0.369124244720069,3.264327621459961,0.5759162902832031,,91650
9930,325386240,0.36823161159242057,3.2830047607421875,0.5718974113464356,,91648
9940,325713920,0.3673398323145951,3.2951824188232424,0.5682535171508789,,91697
9950,326041600,0.36644891107569044,3.3301441192626955,0.5866864681243896,,91685
9960,326369280,0.3655588520607741,3.318889617919922,0.579326581954956,,91683
9970,326696960,0.3646696594508628,3.3508525848388673,0.5828891277313233,,91702
9980,327024640,0.3637813374229041,3.293771743774414,0.573093318939209,,91666
9990,327352320,0.36289389014975526,3.257388687133789,0.5808459758758545,,91611
10000,327680000,0.3620073218001649,3.285643768310547,0.5723934650421143,,91655
10010,328007680,0.3611216365387533,3.3411754608154296,0.5920104026794434,,91664
10020,328335360,0.360236838525991,3.300886535644531,0.6037281036376954,,91682
10030,328663040,0.3593529319181825,3.333361053466797,0.582042121887207,,91688
10040,328990720,0.35846992086744367,3.277217483520508,0.5711482048034668,,91729
10050,329318400,0.35758780952168456,3.3147552490234373,0.5969174385070801,,91676
10060,329646080,0.3567066020245879,3.263134002685547,0.5823569297790527,,91669
10070,329973760,0.35582630251559155,3.2856155395507813,0.5831832885742188,,91372
10080,330301440,0.3549469151298672,3.230591583251953,0.5707595825195313,,91594
10090,330629120,0.3540684439983024,3.2802242279052733,0.5906839847564698,,91675
10100,330956800,0.3531908932474809,3.314845657348633,0.5871209144592285,,91726
10110,331284480,0.3523142669996624,3.3210941314697267,0.5888360023498536,,91694
10120,331612160,0.3514385693727643,3.306537628173828,0.5819355964660644,,91727
10130,331939840,0.3505638044803414,3.2935436248779295,0.5833006381988526,,91698
10140,332267520,0.3496899764315674,3.330979919433594,0.5947263240814209,,91686
10150,332595200,0.3488170893312148,3.2585018157958983,0.5828493595123291,,91670
10160,332922880,0.34794514727963644,3.2325294494628904,0.5791528701782227,,91623
10170,333250560,0.3470741543727457,3.272248077392578,0.585969352722168,,91710
10180,333578240,0.346204114701997,3.2429878234863283,0.5842292785644532,,91630
10190,333905920,0.345335032354368,3.3231739044189452,0.5857462406158447,,91678
10200,334233600,0.34446691141233793,3.2618148803710936,0.5855362892150879,,91640
10210,334561280,0.34359975595387116,3.2062915802001952,0.5824627876281738,,91726
10220,334888960,0.3427335700523958,3.316316604614258,0.5804229736328125,,91683
10230,335216640,0.3418683577767862,3.3388442993164062,0.5856124877929687,,91685
10240,335544320,0.34100412319134277,3.295930862426758,0.588219165802002,,91676
10250,335872000,0.34014087035577323,3.319540023803711,0.5855610370635986,,91695
10260,336199680,0.33927860332517384,3.3443565368652344,0.5905742645263672,,91664
10270,336527360,0.3384173261500096,3.223035430908203,0.58722825050354,,91658
10280,336855040,0.33755704287609634,3.288629913330078,0.5879806041717529,,91677
10290,337182720,0.3366977575445804,3.281350326538086,0.5865066528320313,,91725
10300,337510400,0.3358394741919212,3.2630619049072265,0.5799627780914307,,91718
10310,337838080,0.33498219684987046,3.367967224121094,0.581803846359253,,91650
10320,338165760,0.3341259295454547,3.335034942626953,0.5792983055114747,,91669
10330,338493440,0.33327067630095575,3.346871566772461,0.5944951057434082,,91681
10340,338821120,0.3324164411338921,3.27624397277832,0.5880009174346924,,91651
10350,339148800,0.33156322805699956,3.2669239044189453,0.5794921398162842,,91652
10360,339476480,0.3307110410782127,3.2768157958984374,0.5815982818603516,,91665
10370,339804160,0.32985988420064666,3.3252323150634764,0.5880825042724609,,91670
10380,340131840,0.3290097614225766,3.250870132446289,0.5825648307800293,,91607
10390,340459520,0.3281606767374211,3.2926464080810547,0.5865594387054444,,91647
10400,340787200,0.3273126341337218,3.314198303222656,0.5938497543334961,,91669
10410,341114880,0.3264656375951254,3.22894287109375,0.5902786731719971,,91683
10420,341442560,0.3256196911003647,3.2324287414550783,0.5920229434967041,,91694
10430,341770240,0.3247747986232399,3.270336151123047,0.5987837791442872,,91677
10440,342097920,0.3239309641325999,3.3101150512695314,0.6197755813598633,,91681
10450,342425600,0.3230881915923239,3.28824462890625,0.5930033683776855,,91660
10460,342753280,0.32224648496130276,3.3318222045898436,0.6029654502868652,,91702
10470,343080960,0.32140584819341994,3.2869319915771484,0.6020871639251709,,91671
10480,343408640,0.3205662852375337,3.279448699951172,0.5865367889404297,,91694
10490,343736320,0.3197278000374577,3.2530292510986327,0.5962549209594726,,91642
10500,344064000,0.31889039653194307,3.232979583740234,0.6011036396026611,,91639
10510,344391680,0.31805407865465946,3.2393863677978514,0.594331932067871,,91658
10520,344719360,0.31721885033417746,3.2673038482666015,0.579523229598999,,91644
10530,345047040,0.3163847154939489,3.2740970611572267,0.5892488479614257,,91630
10540,345374720,0.3155516780522891,3.3112300872802733,0.590537691116333,,91667
10550,345702400,0.31471974192235896,3.224065399169922,0.578530216217041,,91667
10560,346030080,0.313888911012145,3.3344966888427736,0.5901124477386475,,91621
10570,346357760,0.3130591892244431,3.284715270996094,0.5833086967468262,,91665
10580,346685440,0.31223058045683816,3.2993328094482424,0.5935340404510498,,91698
10590,347013120,0.3114030886016875,3.2850921630859373,0.5876108646392822,,91656
10600,347340800,0.31057671754610106,3.2574867248535155,0.5830385684967041,,91630
10610,347668480,0.30975147117192475,3.2061893463134767,0.5811561584472656,,91632
10620,347996160,0.3089273533557203,3.348095703125,0.596665620803833,,91641
10630,348323840,0.3081043679687486,3.2828433990478514,0.5874366760253906,,91614
10640,348651520,0.30728251887695135,3.315470886230469,0.6033044815063476,,91676
10650,348979200,0.30646180994093186,3.256395721435547,0.5879642009735108,,91653
10660,349306880,0.3056422450159381,3.2396366119384767,0.5823055744171143,,91721
10670,349634560,0.30482382795184393,3.2248722076416017,0.5835529327392578,,91699
10680,349962240,0.3040065625931312,3.3103084564208984,0.5881743907928467,,91433
10690,350289920,0.30319045277887136,3.243768310546875,0.6023679256439209,,91647
10700,350617600,0.3023755023427084,3.2537425994873046,0.5913452625274658,,91640
10710,350945280,0.3015617151128396,3.3158279418945313,0.5916839122772217,,91644
10720,351272960,0.3007490949119982,3.2734317779541016,0.5963708400726319,,91664
10730,351600640,0.2999376455574358,3.3125797271728517,0.5878145217895507,,91656
10740,351928320,0.29912737086090346,3.3346981048583983,0.5913350105285644,,91693
10750,352256000,0.2983182746286347,3.2874935150146483,0.592256736755371,,91682
10760,352583680,0.29751036066132674,3.268524169921875,0.6042803287506103,,91589
10770,352911360,0.29670363275412404,3.2999000549316406,0.5939534664154053,,91633
10780,353239040,0.2958980946965986,3.228740692138672,0.5831821441650391,,91606
10790,353566720,0.2950937502727342,3.225570297241211,0.5812169075012207,,91603
10800,353894400,0.2942906032609065,3.295760726928711,0.5916402339935303,,91611
10810,354222080,0.29348865743386676,3.2423301696777345,0.5848917484283447,,91681
10820,354549760,0.2926879165587243,3.224456024169922,0.5839113235473633,,91683
10830,354877440,0.2918883843969272,3.251255416870117,0.590244197845459,,91683
10840,355205120,0.2910900647042468,3.284280776977539,0.595680570602417,,91660
10850,355532800,0.29029296123075793,3.308094787597656,0.5959023475646973,,91674
10860,355860480,0.2894970777208227,3.2443214416503907,0.5942359924316406,,91629
10870,356188160,0.2887024179130724,3.2532135009765626,0.5957818984985351,,91597
10880,356515840,0.28790898554039035,3.3052886962890624,0.5906320095062256,,91655
10890,356843520,0.2871167843298935,3.283158874511719,0.5959042072296142,,91633
10900,357171200,0.28632581800291573,3.2978992462158203,0.6015902519226074,,91645
10910,357498880,0.2855360902749904,3.2555072784423826,0.598980712890625,,91666
10920,357826560,0.2847476048558321,3.2620338439941405,0.5977302074432373,,91691
10930,358154240,0.2839603654493199,3.2593650817871094,0.5886489391326905,,91666
10940,358481920,0.2831743757534798,3.2985069274902346,0.5904449462890625,,91670
10950,358809600,0.2823896394604675,3.2389205932617187,0.5990839958190918,,91659
10960,359137280,0.2816061602565507,3.3117504119873047,0.6040842056274414,,91648
10970,359464960,0.2808239418220919,3.293428421020508,0.6010632038116455,,91637
10980,359792640,0.2800429878315313,3.2920955657958983,0.5964602470397949,,91649
10990,360120320,0.27926330195336935,3.2998191833496096,0.6078346729278564,,91603
11000,360448000,0.2784848878501499,3.2902488708496094,0.5973332405090332,,91682
11010,360775680,0.2777077491784421,3.298656463623047,0.5927745342254639,,91671
11020,361103360,0.27693188958882464,3.2525588989257814,0.6008891105651856,,91693
11030,361431040,0.27615731272586685,3.2276584625244142,0.5860343456268311,,91634
11040,361758720,0.2753840222281132,3.277457046508789,0.5957688331604004,,91635
11050,362086400,0.27461202172806515,3.3030319213867188,0.6027244091033935,,91639
11060,362414080,0.27384131485216434,3.201522445678711,0.5981769561767578,,91607
11070,362741760,0.27307190522077623,3.2712375640869142,0.5958822250366211,,91677
11080,363069440,0.2723037964481719,3.246509552001953,0.5930489063262939,,91713
11090,363397120,0.27153699214251215,3.305336761474609,0.5907151222229003,,91656
11100,363724800,0.27077149590582994,3.259332275390625,0.5901665687561035,,91647
11110,364052480,0.27000731133401334,3.271993637084961,0.5851729393005372,,91672
11120,364380160,0.2692444420167893,3.2990577697753904,0.5956943988800049,,91647
11130,364707840,0.26848289153770644,3.2834007263183596,0.6041909217834472,,91661
11140,365035520,0.267722663474118,3.264714813232422,0.6127438068389892,,91626
11150,365363200,0.2669637613971651,3.2742198944091796,0.5971599578857422,,91596
11160,365690880,0.2662061888717604,3.2788944244384766,0.5975409507751465,,91603
11170,366018560,0.26544994945657074,3.311024475097656,0.590883445739746,,91659
11180,366346240,0.2646950467040012,3.292636489868164,0.5968822479248047,,91607
11190,366673920,0.26394148416017726,3.2541324615478517,0.5962285041809082,,91614
11200,367001600,0.2631892653649296,3.2784805297851562,0.5909197807312012,,91701
11210,367329280,0.26243839385177614,3.264356994628906,0.5852975368499755,,91636
11220,367656960,0.261688873147906,3.2157596588134765,0.5976579666137696,,91598
11230,367984640,0.2609407067741632,3.249807357788086,0.6027481555938721,,91597
11240,368312320,0.2601938982450296,3.2376216888427733,0.6071793556213378,,91605
11250,368640000,0.2594484510686089,3.2462589263916017,0.5985953330993652,,91634
11260,368967680,0.2587043687466096,3.243029022216797,0.5924735546112061,,91656
11270,369295360,0.2579616547743293,3.283009719848633,0.5925282001495361,,91651
11280,369623040,0.2572203126406374,3.2411991119384767,0.6027132987976074,,91660
11290,369950720,0.25648034582795914,3.279666519165039,0.5963069915771484,,91428
11300,370278400,0.2557417578122594,3.2437713623046873,0.5814519405364991,,91601
11310,370606080,0.2550045520630264,3.268003463745117,0.5854771137237549,,91531
11320,370933760,0.25426873204325495,3.2129920959472655,0.5894425868988037,,91634
11330,371261440,0.2535343012094305,3.20606689453125,0.5997026443481446,,91628
11340,371589120,0.25280126301151284,3.2669296264648438,0.6049078941345215,,91643
11350,371916800,0.25206962089291973,3.2834854125976562,0.6078217983245849,,91610
11360,372244480,0.2513393782905116,3.2334739685058596,0.6013184547424316,,91629
11370,372572160,0.25061053863457383,3.263936996459961,0.597693681716919,,91654
11380,372899840,0.24988310534880215,3.2804203033447266,0.6018019676208496,,91606
11390,373227520,0.24915708185028554,3.2365032196044923,0.6001601696014405,,91650
11400,373555200,0.2484324715494908,3.2423866271972654,0.5994990348815918,,91606
11410,373882880,0.24770927785024613,3.180266571044922,0.5858796119689942,,91581
11420,374210560,0.24698750414972515,3.1917606353759767,0.5929932594299316,,91591
11430,374538240,0.2462671538384317,3.2695171356201174,0.6005759239196777,,91646
11440,374865920,0.24554823030018252,3.2357044219970703,0.6087984085083008,,91685
11450,375193600,0.24483073691209287,3.248587799072266,0.5982738494873047,,91610
11460,375521280,0.24411467704455944,3.2595146179199217,0.5954037666320801,,91632
11470,375848960,0.24340005406124518,3.2314903259277346,0.5975776672363281,,91629
11480,376176640,0.24268687131906316,3.2713855743408202,0.5993098258972168,,91574
11490,376504320,0.24197513216816144,3.29942626953125,0.6078561305999756,,91596
11500,376832000,0.24126483995190637,3.234954071044922,0.5998472690582275,,91577
11510,377159680,0.24055599800686764,3.277812194824219,0.597179365158081,,91605
11520,377487360,0.23984860966280222,3.2008819580078125,0.6017283916473388,,91615
11530,377815040,0.2391426782426388,3.2110618591308593,0.6124059677124023,,91610
11540,378142720,0.2384382070624626,3.2780345916748046,0.608093547821045,,91658
11550,378470400,0.23773519943149887,3.2785308837890623,0.6083802223205567,,91605
11560,378798080,0.23703365865209847,3.2608741760253905,0.6018743991851807,,91619
11570,379125760,0.23633358801972137,3.221859359741211,0.6032295227050781,,91586
11580,379453440,0.2356349908229217,3.218492889404297,0.5969380378723145,,91569
11590,379781120,0.23493787034333216,3.322936248779297,0.6053961753845215,,91558
11600,380108800,0.23424222985564858,3.2171783447265625,0.5937195777893066,,91533
11610,380436480,0.23354807262761487,3.2620086669921875,0.5937703132629395,,91657
11620,380764160,0.232855401920007,3.2271907806396483,0.5915878772735595,,91643
11630,381091840,0.2321642209866184,3.252727508544922,0.6006582260131836,,91653
11640,381419520,0.23147453307424415,3.2360584259033205,0.5968191146850585,,91638
11650,381747200,0.230786341422666,3.2487442016601564,0.6060130596160889,,91659
11660,382074880,0.2300996492646368,3.243514633178711,0.6250057697296143,,91635
11670,382402560,0.2294144598258662,3.2692020416259764,0.6168224334716796,,91601
11680,382730240,0.2287307763250043,3.322560119628906,0.6260009765625,,91616
11690,383057920,0.2280486019736274,3.260953903198242,0.6004158020019531,,91645
11700,383385600,0.22736793997622248,3.2522830963134766,0.6027969360351563,,91629
11710,383713280,0.2266887935301724,3.17999324798584,0.5934449195861816,,91640
11720,384040960,0.22601116582574088,3.232402038574219,0.5970962047576904,,91617
11730,384368640,0.22533506004605705,3.1739360809326174,0.6077113628387452,,91601
11740,384696320,0.2246604793671014,3.2452014923095702,0.6003529071807862,,91631
11750,385024000,0.22398742695768986,3.214494323730469,0.6006578922271728,,91618
11760,385351680,0.22331590597945955,3.2332485198974608,0.6024944305419921,,91615
11770,385679360,0.22264591958685376,3.317874526977539,0.6176144123077393,,91657
11780,386007040,0.22197747092710685,3.2054141998291015,0.6027450561523438,,91646
11790,386334720,0.22131056314023037,3.250628662109375,0.598211669921875,,91661
11800,386662400,0.22064519935899696,3.2550308227539064,0.6020875453948975,,91651
11810,386990080,0.21998138270892706,3.2425636291503905,0.6074681758880616,,91586
11820,387317760,0.21931911630827294,3.2587955474853514,0.6123952865600586,,91642
11830,387645440,0.21865840326800487,3.210814666748047,0.5914183616638183,,91594
11840,387973120,0.2179992466917961,3.237923812866211,0.6063173294067383,,91626
11850,388300800,0.21734164967600889,3.2316730499267576,0.5941226959228516,,91611
11860,388628480,0.2166856153096791,3.276243209838867,0.6177128791809082,,91598
11870,388956160,0.21603114667450216,3.252415084838867,0.6025676250457763,,91592
11880,389283840,0.21537824684481896,3.26998291015625,0.6169182777404785,,91643
11890,389611520,0.21472691888760015,3.2742645263671877,0.6204306125640869,,91667
11900,389939200,0.21407716586243347,3.1947700500488283,0.6070820808410644,,91297
11910,390266880,0.21342899082150785,3.245635986328125,0.6020779609680176,,91543
11920,390594560,0.2127823968096001,3.213790512084961,0.595569372177124,,91580
11930,390922240,0.21213738686406003,3.2138900756835938,0.6113827705383301,,91614
11940,391249920,0.2114939640147963,3.242514801025391,0.6038383960723877,,91594
11950,391577600,0.21085213128426236,3.2451705932617188,0.6086185932159424,,91635
11960,391905280,0.21021189168744198,3.1917449951171877,0.6005281448364258,,91617
11970,392232960,0.2095732482318356,3.2257408142089843,0.607212495803833,,91594
11980,392560640,0.20893620391744544,3.1937793731689452,0.6002353668212891,,91583
11990,392888320,0.2083007617367621,3.2689983367919924,0.6272010326385498,,91611
12000,393216000,0.20766692467475006,3.293499755859375,0.6216213703155518,,91593
12010,393543680,0.207034695708834,3.1935632705688475,0.5965651035308838,,91560
12020,393871360,0.20640407780888423,3.26295166015625,0.6023216724395752,,91586
12030,394199040,0.20577507393720368,3.2448284149169924,0.6023499965667725,,91619
12040,394526720,0.20514768704851313,3.2346553802490234,0.6071204662322998,,91635
12050,394854400,0.20452192008993753,3.2274707794189452,0.6152211189270019,,91638
12060,395182080,0.20389777600099285,3.250135040283203,0.614411735534668,,91613
12070,395509760,0.2032752577135708,3.2397750854492187,0.6052522182464599,,91646
12080,395837440,0.20265436815192675,3.2792118072509764,0.6112674713134766,,91627
12090,396165120,0.20203511023266468,3.190338706970215,0.6016017436981201,,91564
12100,396492800,0.20141748686472444,3.2267040252685546,0.6041751384735108,,91621
12110,396820480,0.20080150094936725,3.2156448364257812,0.5944931983947754,,91572
12120,397148160,0.20018715538016268,3.177760696411133,0.6019027709960938,,91608
12130,397475840,0.1995744530429747,3.261799621582031,0.616129207611084,,91615
12140,397803520,0.1989633968159482,3.1867605209350587,0.6022581577301025,,91612
12150,398131200,0.19835398956949601,3.2162742614746094,0.6103926658630371,,91656
12160,398458880,0.19774623416628423,3.207266616821289,0.6118281364440918,,91632
12170,398786560,0.1971401334612201,3.2266563415527343,0.6019612312316894,,91666
12180,399114240,0.19653569030143775,3.2186634063720705,0.6108227252960206,,91595
12190,399441920,0.19593290752628495,3.254363250732422,0.6230820178985595,,91616
12200,399769600,0.1953317879673098,3.2696002960205077,0.6134737014770508,,91586
12210,400097280,0.194732334448248,3.232011413574219,0.603534460067749,,91523
12220,400424960,0.1941345497850086,3.2605007171630858,0.6073412418365478,,91657
12230,400752640,0.19353843678566138,3.261780548095703,0.6115593910217285,,91662
12240,401080320,0.1929439982504239,3.2984832763671874,0.6137367248535156,,91637
12250,401408000,0.1923512369716472,3.217049407958984,0.6038044929504395,,91625
12260,401735680,0.19176015573380445,3.27021484375,0.6040363311767578,,91675
12270,402063360,0.191170757313476,3.1907770156860353,0.6066291332244873,,91636
12280,402391040,0.19058304447933802,3.249658966064453,0.6074835777282714,,91618
12290,402718720,0.1899970199921481,3.2481895446777345,0.6097947597503662,,91610
12300,403046400,0.1894126866047332,3.181376266479492,0.608404541015625,,91683
12310,403374080,0.1888300470619763,3.2570465087890623,0.6193368911743165,,91623
12320,403701760,0.18824910410080348,3.234088897705078,0.6253626823425293,,91664
12330,404029440,0.18766986045017167,3.181893730163574,0.6071044445037842,,91665
12340,404357120,0.18709231883105468,3.317279052734375,0.6228460311889649,,91659
12350,404684800,0.18651648195643172,3.281560516357422,0.6164024829864502,,91636
12360,405012480,0.18594235253127372,3.231871795654297,0.6099127292633056,,91592
12370,405340160,0.18536993325253082,3.277818298339844,0.6178234100341797,,91595
12380,405667840,0.18479922680912014,3.2416942596435545,0.6100194931030274,,91602
12390,405995520,0.1842302358819124,3.189141845703125,0.6218661785125732,,91687
12400,406323200,0.18366296314372033,3.1696189880371093,0.6014005661010742,,91693
12410,406650880,0.18309741125928486,3.2811527252197266,0.627900505065918,,91670
12420,406978560,0.18253358288526406,3.2677280426025392,0.6198993682861328,,91621
12430,407306240,0.18197148067021893,3.2146629333496093,0.6313838481903076,,91637
12440,407633920,0.18141110725460283,3.172591209411621,0.6122096538543701,,91662
12450,407961600,0.1808524652707474,3.224140930175781,0.6187951564788818,,91592
12460,408289280,0.18029555734285163,3.2346527099609377,0.6134822845458985,,91616
12470,408616960,0.1797403860869683,3.2523155212402344,0.6185909748077393,,91615
12480,408944640,0.17918695411099256,3.242715835571289,0.6112373828887939,,91639
12490,409272320,0.17863526401464913,3.2245952606201174,0.6161643028259277,,91636
12500,409600000,0.17808531838948038,3.2403400421142576,0.6197525024414062,,91649
12510,409927680,0.17753711981883438,3.221051788330078,0.6123416423797607,,91380
12520,410255360,0.17699067087785206,3.2676555633544924,0.6113917350769043,,91598
12530,410583040,0.17644597413345592,3.2420734405517577,0.6041348457336426,,91596
12540,410910720,0.1759030321443373,3.220298004150391,0.6016753196716309,,91573
12550,411238400,0.17536184746094474,3.2047794342041014,0.626366376876831,,91638
12560,411566080,0.17482242262547187,3.2124473571777346,0.6151737689971923,,91657
12570,411893760,0.17428476017184552,3.3162113189697267,0.613231611251831,,91670
12580,412221440,0.17374886262571393,3.231444549560547,0.6114787101745606,,91642
12590,412549120,0.17321473250443453,3.23938102722168,0.6270328521728515,,91646
12600,412876800,0.1726823723170628,3.1928110122680664,0.6141944885253906,,91651
12610,413204480,0.1721517845643391,3.2466033935546874,0.6161374568939209,,91624
12620,413532160,0.1716229717386789,3.2310501098632813,0.6157832145690918,,91582
12630,413859840,0.17109593632415931,3.221718978881836,0.6143867492675781,,91629
12640,414187520,0.17057068079650856,3.2247962951660156,0.6365893840789795,,91602
12650,414515200,0.17004720762309364,3.2298641204833984,0.6090092182159423,,91648
12660,414842880,0.1695255192629091,3.204694366455078,0.6052609443664551,,91649
12670,415170560,0.16900561816656542,3.2727020263671873,0.6304316997528077,,91674
12680,415498240,0.16848750677627727,3.1781810760498046,0.6114352703094482,,91628
12690,415825920,0.1679711875258528,3.2143409729003904,0.6011688232421875,,91621
12700,416153600,0.16745666284068098,3.1843000411987306,0.6138222694396973,,91623
12710,416481280,0.16694393513772138,3.1981533050537108,0.6322750091552735,,91581
12720,416808960,0.16643300682549206,3.201813888549805,0.6142256736755372,,91633
12730,417136640,0.16592388030405858,3.190628433227539,0.614188289642334,,91622
12740,417464320,0.16541655796502264,3.2523166656494142,0.6129960536956787,,91665
12750,417792000,0.16491104219151081,3.223615264892578,0.6136376857757568,,91624
12760,418119680,0.16440733535816363,3.217182159423828,0.615929126739502,,91622
12770,418447360,0.16390543983112393,3.1623950958251954,0.6185971260070801,,91681
12780,418775040,0.1634053579680263,3.2059043884277343,0.6109878540039062,,91658
12790,419102720,0.1629070921179852,3.200799560546875,0.6085599422454834,,91666
12800,419430400,0.16241064462158505,3.191177177429199,0.6075612068176269,,91649
12810,419758080,0.16191601781086817,3.149868392944336,0.6012701511383056,,91606
12820,420085760,0.1614232140093247,3.1972091674804686,0.6081735610961914,,91563
12830,420413440,0.1609322355318808,3.252292251586914,0.6209643363952637,,91659
12840,420741120,0.1604430846848886,3.2086620330810547,0.6151084899902344,,91645
12850,421068800,0.15995576376611487,3.232914352416992,0.6136962890625,,91641
12860,421396480,0.15947027506473016,3.2460941314697265,0.6100375175476074,,91642
12870,421724160,0.15898662086129878,3.167613983154297,0.6172023296356202,,91601
12880,422051840,0.15850480342776696,3.282037353515625,0.6192033767700196,,91602
12890,422379520,0.1580248250274533,3.269053649902344,0.6186947345733642,,91690
12900,422707200,0.1575466879150373,3.211135482788086,0.617926025390625,,91642
12910,423034880,0.1570703943365491,3.241851043701172,0.6145337104797364,,91535
12920,423362560,0.15659594652935896,3.235042953491211,0.6296380996704102,,91639
12930,423690240,0.15612334672216666,3.3172191619873046,0.6248138427734375,,91689
12940,424017920,0.1556525971349913,3.2070873260498045,0.6120420455932617,,91639
12950,424345600,0.15518369997916026,3.168590545654297,0.6186189174652099,,91680
12960,424673280,0.1547166574572997,3.219298553466797,0.6250267028808594,,91612
12970,425000960,0.15425147176332304,3.197255325317383,0.6206188201904297,,91637
12980,425328640,0.153788145082422,3.1998783111572267,0.6047443389892578,,91624
12990,425656320,0.15332667959105506,3.263325881958008,0.6150670051574707,,91614
13000,425984000,0.1528670774569385,3.1195796966552733,0.6065642833709717,,91615
13010,426311680,0.15240934083903493,3.1813386917114257,0.6170299530029297,,91642
13020,426639360,0.15195347188754413,3.162596321105957,0.6166461944580078,,91693
13030,426967040,0.15149947274389244,3.1999250411987306,0.6171041011810303,,91651
13040,427294720,0.15104734554072283,3.279379653930664,0.6196585655212402,,91633
13050,427622400,0.15059709240188512,3.2595134735107423,0.6231332778930664,,91636
13060,427950080,0.1501487154424255,3.2383472442626955,0.620186185836792,,91600
13070,428277760,0.1497022167685772,3.234939193725586,0.6199767589569092,,91609
13080,428605440,0.14925759847775003,3.231846237182617,0.624359130859375,,91635
13090,428933120,0.14881486265852079,3.181785774230957,0.6219480991363525,,91610
13100,429260800,0.14837401139062345,3.268036651611328,0.6159194469451904,,91651
13110,429588480,0.14793504674493946,3.2069957733154295,0.6144033432006836,,91652
13120,429916160,0.14749797078348806,3.1363121032714845,0.6141006469726562,,91405
13130,430243840,0.14706278555941604,3.2383262634277346,0.6155797004699707,,91674
13140,430571520,0.14662949311698908,3.2311164855957033,0.6307008266448975,,91633
13150,430899200,0.14619809549158108,3.2591854095458985,0.6261960983276367,,91641
13160,431226880,0.1457685947096655,3.2492393493652343,0.6164659976959228,,91632
13170,431554560,0.14534099278880513,3.1578020095825194,0.6217353820800782,,91602
13180,431882240,0.14491529173764328,3.2627513885498045,0.6245156288146972,,91651
13190,432209920,0.14449149355589372,3.2613143920898438,0.6254919528961181,,91654
13200,432537600,0.14406960023433169,3.232685089111328,0.6144931793212891,,91616
13210,432865280,0.14364961375478438,3.1524728775024413,0.6104085445404053,,91641
13220,433192960,0.1432315360901216,3.2003345489501953,0.6245025634765625,,91647
13230,433520640,0.14281536920424684,3.2366641998291015,0.6209460258483886,,91626
13240,433848320,0.1424011150520874,3.208599090576172,0.6258289337158203,,91590
13250,434176000,0.141988775579586,3.1472942352294924,0.6146546363830566,,91570
13260,434503680,0.14157835272369096,3.1818870544433593,0.6222613334655762,,91611
13270,434831360,0.14116984841234742,3.229077911376953,0.6105197906494141,,91621
13280,435159040,0.14076326456448812,3.2259159088134766,0.6116535663604736,,91630
13290,435486720,0.14035860309002474,3.2108474731445313,0.617777967453003,,91603
13300,435814400,0.1399558658898386,3.1901960372924805,0.6160270690917968,,91608
13310,436142080,0.13955505485577163,3.176810455322266,0.6179111003875732,,91603
13320,436469760,0.13915617187061802,3.1605602264404298,0.6173497200012207,,91565
13330,436797440,0.13875921880811476,3.2693904876708983,0.6262644767761231,,91584
13340,437125120,0.13836419753293316,3.248858642578125,0.6174673557281494,,91567
13350,437452800,0.13797110990066996,3.201939010620117,0.6143847465515136,,91611
13360,437780480,0.137579957757839,3.203386688232422,0.6262902736663818,,91652
13370,438108160,0.13719074294186187,3.216339874267578,0.6223425388336181,,91654
13380,438435840,0.1368034672810598,3.289236831665039,0.6225327014923095,,91616
13390,438763520,0.13641813259464494,3.199759292602539,0.6240262031555176,,91626
13400,439091200,0.13603474069271163,3.1764896392822264,0.6178054809570312,,91571
13410,439418880,0.1356532933762284,3.200529861450195,0.6302750587463379,,91607
13420,439746560,0.13527379243702872,3.185975456237793,0.6278452396392822,,91603
13430,440074240,0.1348962396578035,3.2378612518310548,0.6348634719848633,,91487
13440,440401920,0.13452063681209184,3.1586685180664062,0.6188109397888184,,91626
13450,440729600,0.13414698566427333,3.2472320556640626,0.6200315475463867,,91593
13460,441057280,0.1337752879695594,3.214072036743164,0.62982177734375,,91629
13470,441384960,0.1334055454739853,3.2409534454345703,0.6286958694458008,,91620
13480,441712640,0.13303775991440192,3.2508190155029295,0.6259737014770508,,91640
13490,442040320,0.1326719330184672,3.1562616348266603,0.6175681114196777,,91607
13500,442368000,0.13230806650463867,3.2084892272949217,0.6192647457122803,,91565
13510,442695680,0.13194616208216495,3.2500484466552733,0.6264902591705322,,91614
13520,443023360,0.13158622145107762,3.248657989501953,0.6284311294555665,,91599
13530,443351040,0.1312282463021836,3.173208808898926,0.6200477123260498,,91653
13540,443678720,0.13087223831705705,3.1828922271728515,0.6241504192352295,,91661
13550,444006400,0.13051819916803145,3.1188602447509766,0.615665054321289,,91658
13560,444334080,0.1301661305181917,3.222828674316406,0.6240446090698242,,91660
13570,444661760,0.12981603402136632,3.212404251098633,0.6174399375915527,,91617
13580,444989440,0.1294679113221197,3.1839624404907227,0.6284152030944824,,91551
13590,445317120,0.12912176405574471,3.262968826293945,0.6330862998962402,,91625
13600,445644800,0.12877759384825416,3.2162342071533203,0.628730583190918,,91625
13610,445972480,0.12843540231637426,3.1422845840454103,0.6109748363494873,,91609
13620,446300160,0.1280951910675361,3.1695392608642576,0.6286599159240722,,91636
13630,446627840,0.12775696169986858,3.1748703002929686,0.6258233547210693,,91623
13640,446955520,0.12742071580219075,3.19785099029541,0.6506035804748536,,91555
13650,447283200,0.12708645495400447,3.196322441101074,0.6174871444702148,,91578
13660,447610880,0.1267541807254869,3.2176849365234377,0.6199507713317871,,91645
13670,447938560,0.12642389467748305,3.175597381591797,0.6288571834564209,,91658
13680,448266240,0.12609559836149858,3.203220748901367,0.6189101696014404,,91606
13690,448593920,0.12576929331969258,3.15670223236084,0.6129926681518555,,91617
13700,448921600,0.12544498108486998,3.1266752243041993,0.6179102897644043,,91629
13710,449249280,0.12512266318047466,3.2224494934082033,0.6222079753875732,,91647
13720,449576960,0.12480234112058225,3.1608537673950194,0.6128957271575928,,91610
13730,449904640,0.12448401640989308,3.18902473449707,0.6278251647949219,,91300
13740,450232320,0.12416769054372481,3.194663429260254,0.6282273292541504,,91597
13750,450560000,0.12385336500800571,3.266434097290039,0.6238415718078614,,91658
13760,450887680,0.12354104127926756,3.1581089019775392,0.6245707511901856,,91649
13770,451215360,0.12323072082463879,3.2010356903076174,0.6205811023712158,,91621
13780,451543040,0.12292240510183737,3.2351753234863283,0.6248087406158447,,91620
13790,451870720,0.12261609555916432,3.237660598754883,0.6134270668029785,,91634
13800,452198400,0.1223117936354966,3.1324018478393554,0.6212646484375,,91667
13810,452526080,0.1220095007602805,3.2096477508544923,0.6325700283050537,,91679
13820,452853760,0.1217092183535248,3.249927520751953,0.6257894039154053,,91651
13830,453181440,0.12141094782579417,3.257973861694336,0.6267827987670899,,91602
13840,453509120,0.12111469057820282,3.2684005737304687,0.6186529159545898,,91630
13850,453836800,0.12082044800240728,3.192563056945801,0.6223108768463135,,91618
13860,454164480,0.12052822148060055,3.2113021850585937,0.6203990459442139,,91628
13870,454492160,0.12023801238550516,3.160293960571289,0.623278284072876,,91582
13880,454819840,0.11994982208036684,3.2323341369628906,0.6389851093292236,,91648
13890,455147520,0.1196636519189481,3.271586227416992,0.6268195152282715,,91656
13900,455475200,0.11937950324552202,3.17230110168457,0.6282193660736084,,91640
13910,455802880,0.11909737739486582,3.1807798385620116,0.625227689743042,,91647
13920,456130560,0.1188172756922545,3.2000904083251953,0.6298482418060303,,91609
13930,456458240,0.1185391994534547,3.1784542083740233,0.6285248756408691,,91620
13940,456785920,0.1182631499847186,3.2638427734375,0.6263043880462646,,91620
13950,457113600,0.11798912858277767,3.2263538360595705,0.6320989608764649,,91609
13960,457441280,0.11771713653483655,3.2037708282470705,0.6332685470581054,,91613
13970,457768960,0.1174471751185673,3.148299217224121,0.6277760028839111,,91608
13980,458096640,0.1171792456021029,3.220550537109375,0.6545030117034912,,91647
13990,458424320,0.11691334924403168,3.2318065643310545,0.6330848217010498,,91641
14000,458752000,0.11664948729339125,3.155039596557617,0.6138596057891845,,91678
14010,459079680,0.1163876609896627,3.2475002288818358,0.6245417594909668,,91625
14020,459407360,0.11612787156276486,3.209328460693359,0.6152368545532226,,91624
14030,459735040,0.11587012023304813,3.233798599243164,0.6266896724700928,,91631
14040,460062720,0.1156144082112893,3.19134407043457,0.6330747127532959,,91512
14050,460390400,0.11536073669868546,3.2231021881103517,0.6206797122955322,,91628
14060,460718080,0.11510910688684858,3.1681539535522463,0.6267985343933106,,91648
14070,461045760,0.1148595199577997,3.1356807708740235,0.6231950759887696,,91618
14080,461373440,0.11461197708396349,3.1773632049560545,0.6354541778564453,,91641
14090,461701120,0.11436647942816297,3.2050045013427733,0.6274233818054199,,91666
14100,462028800,0.11412302814361354,3.2029373168945314,0.6395379066467285,,91612
14110,462356480,0.11388162437391813,3.1680395126342775,0.6263474941253662,,91593
14120,462684160,0.11364226925306124,3.209552764892578,0.6383822917938232,,91595
14130,463011840,0.11340496390540424,3.223659133911133,0.6226777076721192,,91621
14140,463339520,0.1131697094456795,3.2349388122558596,0.625035572052002,,91658
14150,463667200,0.11293650697898572,3.2168731689453125,0.6298380851745605,,91641
14160,463994880,0.11270535760078214,3.214849853515625,0.6286865234375,,91628
14170,464322560,0.11247626239688388,3.216135787963867,0.6178603172302246,,91649
14180,464650240,0.11224922244345657,3.1742645263671876,0.6234702587127685,,91653
14190,464977920,0.1120242388070114,3.203871154785156,0.63363037109375,,91662
14200,465305600,0.11180131254440019,3.2548168182373045,0.6453043937683105,,91614
14210,465633280,0.1115804447028102,3.192782974243164,0.6306331157684326,,91601
14220,465960960,0.11136163631975948,3.2360347747802733,0.6384200096130371,,91627
14230,466288640,0.11114488842309167,3.252681350708008,0.6532806873321533,,91655
14240,466616320,0.11093020203097147,3.2620033264160155,0.6397457599639893,,91634
14250,466944000,0.11071757815187974,3.1195531845092774,0.6401102066040039,,91631
14260,467271680,0.11050701778460868,3.152140426635742,0.6246888637542725,,91652
14270,467599360,0.11029852191825738,3.172222709655762,0.6323820590972901,,91624
14280,467927040,0.11009209153222692,3.1457773208618165,0.6286191940307617,,91587
14290,468254720,0.1098877275962159,3.1966251373291015,0.631463623046875,,91615
14300,468582400,0.10968543107021578,3.2032283782958983,0.6238686561584472,,91634
14310,468910080,0.10948520290450654,3.2563262939453126,0.6331385612487793,,91627
14320,469237760,0.10928704403965202,3.2077152252197267,0.638471269607544,,91581
14330,469565440,0.10909095540649572,3.1888238906860353,0.6321601867675781,,91668
14340,469893120,0.10889693792615628,3.172921562194824,0.6318535804748535,,91318
14350,470220800,0.10870499251002304,3.206219482421875,0.6296309947967529,,91602
14360,470548480,0.10851512005975213,3.233852005004883,0.6327399730682373,,91597
14370,470876160,0.10832732146726176,3.2112911224365233,0.6307893753051758,,91632
14380,471203840,0.10814159761472848,3.205269622802734,0.6343804836273194,,91604
14390,471531520,0.10795794937458267,3.200825881958008,0.624128007888794,,91599
14400,471859200,0.1077763776095048,3.2019195556640625,0.6308428764343261,,91619
14410,472186880,0.107596883172421,3.2226398468017576,0.6389750003814697,,91620
14420,472514560,0.10741946690649931,3.2080318450927736,0.6247225761413574,,91632
14430,472842240,0.10724412964514562,3.2296566009521483,0.634813642501831,,91623
14440,473169920,0.10707087221199973,3.1659273147583007,0.6267914295196533,,91614
14450,473497600,0.10689969542093168,3.1742361068725584,0.6356218814849853,,91583
14460,473825280,0.10673060007603764,3.285626983642578,0.6246644496917725,,91633
14470,474152960,0.10656358697163638,3.1812679290771486,0.638828706741333,,91603
14480,474480640,0.10639865689226519,3.197967529296875,0.62785325050354,,91573
14490,474808320,0.10623581061267677,3.194384956359863,0.6256566524505616,,91568
14500,475136000,0.10607504889783496,3.1897327423095705,0.6371089935302734,,91662
14510,475463680,0.10591637250291171,3.1715978622436523,0.6233469009399414,,91676
14520,475791360,0.10575978217328301,3.207976531982422,0.6336029052734375,,91604
14530,476119040,0.10560527864452576,3.2303436279296873,0.627001953125,,91641
14540,476446720,0.10545286264241416,3.1753608703613283,0.6317294120788575,,91613
14550,476774400,0.10530253488291638,3.1522825241088865,0.6316277027130127,,91596
14560,477102080,0.1051542960721912,3.21588134765625,0.6385495662689209,,91617
14570,477429760,0.10500814690658448,3.176988983154297,0.6345696449279785,,91597
14580,477757440,0.10486408807262619,3.239813232421875,0.6401901721954346,,91627
14590,478085120,0.104722120247027,3.1637924194335936,0.6306530952453613,,91638
14600,478412800,0.10458224409667521,3.1947280883789064,0.6301513195037842,,91680
14610,478740480,0.10444446027863345,3.230042266845703,0.6329897403717041,,91654
14620,479068160,0.10430876944013576,3.1839776992797852,0.639664602279663,,91683
14630,479395840,0.10417517221858452,3.211574935913086,0.6346007823944092,,91606
14640,479723520,0.1040436692415474,3.1849388122558593,0.6322713375091553,,91673
14650,480051200,0.10391426112675443,3.2042430877685546,0.6377760887145996,,91505
14660,480378880,0.10378694848209509,3.241506576538086,0.643132209777832,,91598
14670,480706560,0.10366173190561558,3.2071979522705076,0.6446255207061767,,91650
14680,481034240,0.10353861198551571,3.1610748291015627,0.6448049545288086,,91640
14690,481361920,0.10341758930014654,3.169551658630371,0.6241202354431152,,91597
14700,481689600,0.10329866441800734,3.261022186279297,0.6441882610321045,,91644
14710,482017280,0.10318183789774295,3.2748691558837892,0.6438462257385253,,91630
14720,482344960,0.10306711028814143,3.1869956970214846,0.6300870895385742,,91584
14730,482672640,0.10295448212813114,3.2121810913085938,0.631831169128418,,91593
14740,483000320,0.10284395394677846,3.162061882019043,0.6310020446777344,,91590
14750,483328000,0.10273552626328514,3.182632255554199,0.630993127822876,,91661
14760,483655680,0.10262919958698588,3.1582674026489257,0.6345293521881104,,91656
14770,483983360,0.10252497441734616,3.1377986907958983,0.6392661094665527,,91635
14780,484311040,0.10242285124395946,3.202118682861328,0.6348565101623536,,91690
14790,484638720,0.10232283054654547,3.2321746826171873,0.6429651260375977,,91685
14800,484966400,0.10222491279494736,3.2213161468505858,0.6305867195129394,,91675
14810,485294080,0.10212909844913001,3.221657562255859,0.6647594928741455,,91630
14820,485621760,0.10203538795917738,3.180312156677246,0.6328313827514649,,91629
14830,485949440,0.101943781765291,3.1506763458251954,0.630089521408081,,91616
14840,486277120,0.10185428029778715,3.0971193313598633,0.6300690174102783,,91609
14850,486604800,0.1017668839770955,3.1856595993041994,0.6309201717376709,,91596
14860,486932480,0.10168159321375685,3.208934783935547,0.6489176750183105,,91623
14870,487260160,0.10159840840842116,3.1640214920043945,0.6348552703857422,,91636
14880,487587840,0.1015173299518458,3.1393089294433594,0.6283730506896973,,91702
14890,487915520,0.10143835822489358,3.218952178955078,0.6494836807250977,,91634
14900,488243200,0.10136149359853108,3.175621223449707,0.6308205604553223,,91596
14910,488570880,0.10128673643382681,3.0979894638061523,0.6273453712463379,,91619
14920,488898560,0.10121408708194966,3.1972677230834963,0.6334924697875977,,91585
14930,489226240,0.10114354588416707,3.1884891510009767,0.6370780944824219,,91631
14940,489553920,0.1010751131718435,3.134063720703125,0.6348249435424804,,91596
14950,489881600,0.10100878926643891,3.186766815185547,0.6286296844482422,,91392
14960,490209280,0.1009445744795073,3.1116050720214843,0.6300680637359619,,91666
14970,490536960,0.10088246911269502,3.1765560150146483,0.6421457767486572,,91634
14980,490864640,0.1008224734577396,3.2278373718261717,0.6440343379974365,,91600
14990,491192320,0.10076458779646827,3.2350742340087892,0.6452033042907714,,91605
15000,491520000,0.10070881240079659,3.192289924621582,0.6440944671630859,,91594
15010,491847680,0.10065514753272739,3.1869001388549805,0.6444454193115234,,91629
15020,492175360,0.10060359344434912,3.191773223876953,0.7172509670257569,,91629
15030,492503040,0.10055415037783517,3.2086818695068358,0.6398037910461426,,91662
15040,492830720,0.10050681856544236,3.2079578399658204,0.6382407665252685,,91566
15050,493158400,0.10046159822951001,3.189871597290039,0.6454854965209961,,91618
15060,493486080,0.10041848958245882,3.1239599227905273,0.6286466598510743,,91602
15070,493813760,0.10037749282679005,3.2221141815185548,0.6507378101348877,,91598
15080,494141440,0.10033860815508432,3.236195755004883,0.6429498672485352,,91591
15090,494469120,0.10030183575000079,3.2069488525390626,0.6459074497222901,,91584
15100,494796800,0.10026717578427634,3.192721366882324,0.6408916473388672,,91595
15110,495124480,0.10023462842072489,3.1840242385864257,0.6504639625549317,,91642
15120,495452160,0.1002041938122364,3.2924537658691406,0.6446888446807861,,91683
15130,495779840,0.10017587210177614,3.1898244857788085,0.6395034313201904,,91666
15140,496107520,0.10014966342238431,3.2149349212646485,0.6417348861694336,,91644
15150,496435200,0.10012556789717511,3.237096405029297,0.6440833568572998,,91629
15160,496762880,0.1001035856393363,3.170765686035156,0.6340283870697021,,91620
15170,497090560,0.1000837167521287,3.205952835083008,0.633903980255127,,91601
15180,497418240,0.10006596132888562,3.168973922729492,0.6287604808807373,,91607
15190,497745920,0.10005031945301247,3.1608112335205076,0.6346545219421387,,91585
15200,498073600,0.10003679119798632,3.212189483642578,0.639468002319336,,91659
15210,498401280,0.10002537662735562,3.1694149017333983,0.6398040771484375,,91659
15220,498728960,0.1000160757947399,3.168380928039551,0.6426639556884766,,91623
15230,499056640,0.10000888874382939,3.1965946197509765,0.6473327159881592,,91660
15240,499384320,0.100003815508385,3.2078784942626952,0.640521240234375,,91629
15250,499712000,0.10000085611223805,3.185679626464844,0.6387478351593018,,91645
15258,499974144,0.1000000105692902,3.1752593517303467,0.6374500393867493,,91451
