step,tokens,lr_mult,loss,grad_norm,value_grad_norm,tok_s
10,327680,0.01310615989515072,10.795919799804688,7.557560729980469,0.02359890192747116,73953
20,655360,0.02621231979030144,10.442430114746093,4.3171836853027346,0.01289701759815216,81645
30,983040,0.039318479685452164,10.188887786865234,2.331069755554199,0.008463229984045029,78686
40,1310720,0.05242463958060288,10.048007202148437,1.9894641876220702,0.007659963518381119,73289
50,1638400,0.0655307994757536,9.84517593383789,2.009609603881836,0.007997217774391174,75379
60,1966080,0.07863695937090433,9.636430358886718,2.861801338195801,0.010349337011575699,75068
70,2293760,0.09174311926605505,9.433563232421875,1.944511604309082,0.009613046795129776,76666
80,2621440,0.10484927916120576,9.213243103027343,1.943313980102539,0.009796267002820968,74393
90,2949120,0.11795543905635648,8.984712219238281,1.7635536193847656,0.010454151034355163,76745
100,3276800,0.1310615989515072,8.72243881225586,1.911046600341797,0.012406493723392486,82413
110,3604480,0.14416775884665792,8.496609497070313,2.0522912979125976,0.013016869127750397,82974
120,3932160,0.15727391874180865,8.261021423339844,1.7735279083251954,0.013750584423542022,82646
130,4259840,0.17038007863695936,8.004987335205078,1.6731607437133789,0.013110792636871338,83039
140,4587520,0.1834862385321101,7.808452606201172,1.4620314598083497,0.01475682258605957,85220
150,4915200,0.1965923984272608,7.613734436035156,1.4775259017944335,0.01566600799560547,79329
160,5242880,0.20969855832241152,7.445748901367187,1.0915616989135741,0.015182924270629884,83051
170,5570560,0.22280471821756226,7.289713287353516,0.9635021209716796,0.016515976190567015,86581
180,5898240,0.23591087811271297,7.1553802490234375,0.962819766998291,0.017310625314712523,85615
190,6225920,0.2490170380078637,7.070200347900391,0.8724099159240722,0.01833410859107971,81264
200,6553600,0.2621231979030144,6.963469696044922,1.054075336456299,0.022246123850345613,82338
210,6881280,0.27522935779816515,6.862674713134766,1.1094329833984375,0.02335987538099289,94316
220,7208960,0.28833551769331583,6.793555450439453,1.032090950012207,0.022615110874176024,76374
230,7536640,0.30144167758846657,6.676454162597656,0.9691906929016113,0.025027570128440858,77905
240,7864320,0.3145478374836173,6.666816711425781,0.9896832466125488,0.02432509809732437,88817
250,8192000,0.32765399737876805,6.5457618713378904,0.8724843978881835,0.023433825373649596,82699
260,8519680,0.34076015727391873,6.531715393066406,1.098140811920166,0.027083665132522583,87838
270,8847360,0.35386631716906947,6.4170082092285154,0.9037094116210938,0.02697840929031372,83742
280,9175040,0.3669724770642202,6.380677032470703,0.8696718215942383,0.02559972107410431,76307
290,9502720,0.3800786369593709,6.320329284667968,0.8795662879943847,0.025585857033729554,85116
300,9830400,0.3931847968545216,6.2954456329345705,0.9241509437561035,0.025876519083976746,83982
310,10158080,0.40629095674967236,6.2089591979980465,0.8120705604553222,0.023910185694694518,85132
320,10485760,0.41939711664482304,6.192221069335938,0.8722209930419922,0.02663072943687439,85064
330,10813440,0.4325032765399738,6.192739105224609,0.9157167434692383,0.02753465473651886,84957
340,11141120,0.4456094364351245,6.107983779907227,0.9007414817810059,0.02661452293395996,86856
350,11468800,0.45871559633027525,6.0514778137207035,1.0008527755737304,0.026430872082710267,88545
360,11796480,0.47182175622542594,6.0272773742675785,0.8589923858642579,0.02499116361141205,88228
370,12124160,0.4849279161205767,5.964847183227539,0.8153131484985352,0.025152209401130676,87161
380,12451840,0.4980340760157274,5.939598464965821,0.8227930068969727,0.02496788799762726,85432
390,12779520,0.5111402359108781,5.911342620849609,0.8743400573730469,0.025942972302436827,87144
400,13107200,0.5242463958060288,5.893408584594726,0.7438206195831298,0.02334277480840683,88149
410,13434880,0.5373525557011796,5.838764953613281,0.8560333251953125,0.02489846795797348,84252
420,13762560,0.5504587155963303,5.8077392578125,0.7778890609741211,0.02408991605043411,90950
430,14090240,0.563564875491481,5.741836929321289,0.7788861274719239,0.02553861141204834,87977
440,14417920,0.5766710353866317,5.787600708007813,0.9012123107910156,0.025636699795722962,93924
450,14745600,0.5897771952817824,5.674326324462891,0.8115634918212891,0.024372535943984985,86693
460,15073280,0.6028833551769331,5.58826904296875,0.7752950191497803,0.02411328852176666,98480
470,15400960,0.6159895150720839,5.632558441162109,0.7651157379150391,0.024716246128082275,91372
480,15728640,0.6290956749672346,5.556021881103516,0.8417383193969726,0.024749653041362764,83998
490,16056320,0.6422018348623854,5.6397052764892575,0.8302616119384766,0.02367088943719864,86424
500,16384000,0.6553079947575361,5.584780502319336,0.7249694347381592,0.02280336767435074,88811
510,16711680,0.6684141546526867,5.525611877441406,0.7226796627044678,0.02246507853269577,84122
520,17039360,0.6815203145478375,5.52935676574707,0.8088604927062988,0.02415381222963333,89555
530,17367040,0.6946264744429882,5.492929840087891,0.7604482650756836,0.023520922660827635,81608
540,17694720,0.7077326343381389,5.479703903198242,0.7789525508880615,0.0230482816696167,80826
550,18022400,0.7208387942332897,5.382712554931641,0.6899879932403564,0.02265818864107132,77900
560,18350080,0.7339449541284404,5.427497863769531,0.7546414375305176,0.022933070361614228,79706
570,18677760,0.747051114023591,5.334746551513672,0.7380553245544433,0.023178189992904663,83963
580,19005440,0.7601572739187418,5.359843444824219,0.6559151649475098,0.021937215328216554,86098
590,19333120,0.7732634338138925,5.365478515625,0.6794233322143555,0.02173302322626114,87024
600,19660800,0.7863695937090432,5.291392135620117,0.7253082752227783,0.023053842782974242,81609
610,19988480,0.799475753604194,5.316354751586914,0.6981777667999267,0.021323567628860472,79870
620,20316160,0.8125819134993447,5.248357772827148,0.709233570098877,0.021144209802150725,83422
630,20643840,0.8256880733944955,5.211423873901367,0.6619578838348389,0.021310336887836456,77484
640,20971520,0.8387942332896461,5.2500144958496096,0.7110005378723144,0.020678164064884187,80323
650,21299200,0.8519003931847968,5.236197280883789,0.7284469127655029,0.020911841094493865,81763
660,21626880,0.8650065530799476,5.268257141113281,0.665785551071167,0.020154511928558348,84612
670,21954560,0.8781127129750983,5.217001342773438,0.7082672119140625,0.020324552059173585,86056
680,22282240,0.891218872870249,5.18426628112793,0.8234346389770508,0.019945773482322692,87247
690,22609920,0.9043250327653998,5.139855575561524,0.8310362815856933,0.01951998919248581,83373
700,22937600,0.9174311926605505,5.130022811889648,0.8514158248901367,0.022506122291088105,80922
710,23265280,0.9305373525557011,5.099989318847657,0.7164143562316895,0.020468229055404664,84316
720,23592960,0.9436435124508519,5.06573371887207,0.6667078018188477,0.0194002702832222,81677
730,23920640,0.9567496723460026,5.0818523406982425,0.6562614440917969,0.01942800134420395,84913
740,24248320,0.9698558322411533,5.132294464111328,0.6723773956298829,0.0196340411901474,85784
750,24576000,0.9829619921363041,5.057190704345703,0.6552327632904053,0.01896769553422928,89184
760,24903680,0.9960681520314548,5.026272583007812,0.6972346782684327,0.01929800659418106,81037
770,25231360,0.999999619505605,4.956923294067383,0.6087088108062744,0.01810574680566788,77648
780,25559040,0.9999972942644099,4.999369812011719,0.6456670761108398,0.018023262917995452,82462
790,25886720,0.9999928551787042,4.895403671264648,0.6383826255798339,0.01903681755065918,84196
800,26214400,0.9999863022693405,4.915716552734375,0.6587924957275391,0.018009178340435028,82393
810,26542080,0.9999776355671006,4.922473907470703,0.649801778793335,0.01732090413570404,83784
820,26869760,0.999966855112696,4.826144790649414,0.6187128543853759,0.017413493990898133,84081
830,27197440,0.9999539609567677,4.883880233764648,0.6535625457763672,0.017216242849826813,82485
840,27525120,0.9999389531598855,4.864633560180664,0.6035414695739746,0.016561421751976012,85420
850,27852800,0.9999218317925475,4.748072814941406,0.5818399906158447,0.01661207973957062,84908
860,28180480,0.9999025969351808,4.768919372558594,0.6652488231658935,0.01694461852312088,85141
870,28508160,0.9998812486781407,4.760944366455078,0.7122387409210205,0.017810948193073273,80254
880,28835840,0.9998577871217097,4.753309631347657,0.6224381923675537,0.01606972813606262,79546
890,29163520,0.9998322123760972,4.696513748168945,0.6072968006134033,0.016252130270004272,83606
900,29491200,0.9998045245614399,4.7457427978515625,0.5772042274475098,0.015392361581325531,80024
910,29818880,0.9997747238078001,4.68878402709961,0.6207176208496094,0.016040104627609252,79837
920,30146560,0.9997428102551656,4.6682075500488285,0.7705724716186524,0.015563419461250306,95469
930,30474240,0.9997087840534492,4.616520690917969,0.6826298236846924,0.017442461848258973,80743
940,30801920,0.9996726453624875,4.695898056030273,0.5814370155334473,0.015567158162593842,80412
950,31129600,0.9996343943520406,4.708071517944336,0.5843117713928223,0.014760537445545197,79668
960,31457280,0.9995940312017911,4.624581527709961,0.5622999668121338,0.01474963128566742,77892
970,31784960,0.9995515561013435,4.580115127563476,0.5638783931732178,0.01520550400018692,81300
980,32112640,0.9995069692502226,4.6209556579589846,0.5818614482879638,0.014747630059719085,78264
990,32440320,0.9994602708578736,4.542684173583984,0.5391319751739502,0.014380183815956116,80376
1000,32768000,0.9994114611436603,4.505835723876953,0.5443895816802978,0.014502207934856414,80462
1010,33095680,0.9993605403368643,4.508779525756836,0.6478355884552002,0.015276016294956207,81820
1020,33423360,0.9993075086766843,4.455041122436524,0.5612659454345703,0.014571812748908997,77582
1030,33751040,0.999252366412234,4.4322349548339846,0.5873113632202148,0.014534342288970947,76859
1040,34078720,0.9991951138025426,4.47410888671875,0.5876093864440918,0.014760814607143402,80169
1050,34406400,0.9991357511165514,4.451745986938477,0.5583871841430664,0.014371997117996216,78528
1060,34734080,0.9990742786331146,4.458172607421875,0.5293660163879395,0.013957791030406952,78168
1070,35061760,0.9990106966409968,4.478378677368164,0.5336029052734375,0.013994458317756652,75852
1080,35389440,0.9989450054388717,4.384155654907227,0.5293980598449707,0.013929235935211181,81546
1090,35717120,0.9988772053353212,4.416923141479492,0.7816802024841308,0.013955268263816833,78957
1100,36044800,0.9988072966488337,4.434039688110351,0.5827208518981933,0.01411043256521225,80409
1110,36372480,0.9987352797078023,4.403729248046875,0.5370162010192872,0.013766129314899445,83362
1120,36700160,0.998661154850524,4.410018539428711,0.5229890823364258,0.01366397887468338,75746
1130,37027840,0.9985849224251971,4.405025863647461,0.5325169086456298,0.013484083116054535,77752
1140,37355520,0.9985065827899208,4.377053833007812,0.5341454982757569,0.013583488762378693,73492
1150,37683200,0.998426136312692,4.345442199707032,0.5179360389709473,0.01357405036687851,81034
1160,38010880,0.9983435833714049,4.308206558227539,0.5175052165985108,0.013638004660606384,80701
1170,38338560,0.998258924353849,4.309521484375,0.5180178642272949,0.013465867936611175,78058
1180,38666240,0.9981721596577064,4.363320159912109,0.578124713897705,0.014376020431518555,82264
1190,38993920,0.9980832896905512,4.23419418334961,0.5142357349395752,0.013888223469257355,81713
1200,39321600,0.9979923148698461,4.220365905761719,0.4982431888580322,0.013510750234127044,79517
1210,39649280,0.9978992356229419,4.283230590820312,0.5170528888702393,0.013230063021183014,78486
1220,39976960,0.9978040523870747,4.261025619506836,0.5332248687744141,0.013550229370594025,75914
1230,40304640,0.9977067656093641,4.241612243652344,0.5326441764831543,0.01379058212041855,82183
1240,40632320,0.9976073757468108,4.228411102294922,0.5418527603149415,0.013328085839748382,76609
1250,40960000,0.9975058832662946,4.257575225830078,0.5280565738677978,0.013229632377624511,79659
1260,41287680,0.9974022886445727,4.276053619384766,0.5656049728393555,0.013984505832195283,81308
1270,41615360,0.9972965923682765,4.246924209594726,0.5088683605194092,0.012997466325759887,86309
1280,41943040,0.9971887949339102,4.223433303833008,0.5071520328521728,0.01323610097169876,80088
1290,42270720,0.9970788968478482,4.234461975097656,0.5156674861907959,0.013032914698123932,77781
1300,42598400,0.996966898626332,4.227915191650391,0.5053042411804199,0.012975722551345825,82111
1310,42926080,0.9968528007954691,4.200202178955078,0.515000581741333,0.013142727315425873,81820
1320,43253760,0.9967366038912294,4.12991943359375,0.5051909446716308,0.013073472678661347,76170
1330,43581440,0.9966183084594433,4.254585266113281,0.4966719150543213,0.012775348126888275,77874
1340,43909120,0.996497915055799,4.200927734375,0.5003468990325928,0.013011457026004791,86565
1350,44236800,0.9963754242458397,4.1531837463378904,0.4902458190917969,0.012862259149551391,76564
1360,44564480,0.9962508366049612,4.180801773071289,0.5177109718322754,0.012825331091880799,81773
1370,44892160,0.9961241527184089,4.1155437469482425,0.49418230056762696,0.012654067575931549,80913
1380,45219840,0.9959953731812754,4.168397521972656,0.4948703765869141,0.012661144137382507,78432
1390,45547520,0.9958644985984976,4.145578765869141,0.4964158058166504,0.012804427742958069,82435
1400,45875200,0.9957315295848536,4.155302429199219,0.5130724906921387,0.01271618902683258,77389
1410,46202880,0.99559646676496,4.108797073364258,0.49267148971557617,0.01267441213130951,80174
1420,46530560,0.9954593107732691,4.10343017578125,0.5021644115447998,0.012902428209781647,75875
1430,46858240,0.9953200622540659,4.088629913330078,0.48996844291687014,0.012654347717761994,79821
1440,47185920,0.9951787218614647,4.103396987915039,0.4924623966217041,0.012589135766029358,76487
1450,47513600,0.9950352902594064,4.08582878112793,0.476694393157959,0.012608322501182555,80472
1460,47841280,0.9948897681216552,4.0980476379394535,0.4910980224609375,0.012762172520160675,77251
1470,48168960,0.9947421561317958,4.0611927032470705,0.5004555225372315,0.012558230757713318,81070
1480,48496640,0.9945924549832297,4.109104919433594,0.5034962654113769,0.01251443475484848,79550
1490,48824320,0.9944406653791718,4.173868560791016,0.5067843437194824,0.012419451773166657,78766
1500,49152000,0.994286788032648,4.051967620849609,0.48702259063720704,0.012685868144035339,75899
1510,49479680,0.9941308236664911,4.0589744567871096,0.5029531955718994,0.012532997131347656,76926
1520,49807360,0.9939727730133375,4.036509323120117,0.4903106212615967,0.012567935883998871,80300
1530,50135040,0.9938126368156238,3.972720718383789,0.4780951976776123,0.012504374980926514,88090
1540,50462720,0.9936504158255838,4.080970764160156,0.49002876281738283,0.012378597259521484,73338
1550,50790400,0.9934861108052436,3.9526084899902343,0.5044936656951904,0.012577185034751892,79707
1560,51118080,0.9933197225264201,4.021498107910157,0.4700599193572998,0.012409273535013199,76657
1570,51445760,0.9931512517707154,4.077687454223633,0.4930716514587402,0.012359558045864106,75959
1580,51773440,0.9929806993295143,3.9933456420898437,0.473650598526001,0.012230077385902404,78117
1590,52101120,0.99280806600398,4.004534912109375,0.48467221260070803,0.012361247837543488,80856
1600,52428800,0.9926333526050509,4.047480773925781,0.4958492279052734,0.012333111464977264,79943
1610,52756480,0.9924565599534364,3.986669921875,0.5402499198913574,0.012998664379119873,75735
1620,53084160,0.9922776888796125,4.040571594238282,0.5062345504760742,0.012324009835720063,78683
1630,53411840,0.9920967402238197,4.0524955749511715,0.5042604923248291,0.012459966540336608,80288
1640,53739520,0.9919137148360565,3.9959075927734373,0.48240933418273924,0.012159833312034607,81978
1650,54067200,0.9917286135760778,3.9809646606445312,0.49511289596557617,0.012250356376171112,83859
1660,54394880,0.9915414373133894,3.929326629638672,0.47922353744506835,0.012398773431777954,80094
1670,54722560,0.9913521869272444,3.9574146270751953,0.48945250511169436,0.012154991924762725,81587
1680,55050240,0.991160863306639,3.959508514404297,0.45614008903503417,0.012161377072334289,85617
1690,55377920,0.9909674673503083,3.944203567504883,0.46787433624267577,0.012215466052293778,81722
1700,55705600,0.9907719999667222,4.034576034545898,0.46006002426147463,0.012025292962789536,78963
1710,56033280,0.990574462074081,3.9818634033203124,0.46071662902832033,0.012184859812259674,77907
1720,56360960,0.9903748546003112,3.997913360595703,0.4745318412780762,0.012097447365522384,76811
1730,56688640,0.9901731784830609,3.963275909423828,0.49791750907897947,0.012070918083190918,81561
1740,57016320,0.9899694346696959,3.9352569580078125,0.4809123039245605,0.012113583832979202,84985
1750,57344000,0.9897636241172943,3.9741455078125,0.480711555480957,0.012057168781757355,80886
1760,57671680,0.9895557477926437,3.982168197631836,0.48557868003845217,0.012164747714996338,80643
1770,57999360,0.9893458066722344,3.9442481994628906,0.46562986373901366,0.012037089467048645,84539
1780,58327040,0.9891338017422565,3.9345321655273438,0.46387104988098143,0.012071077525615693,95228
1790,58654720,0.988919733998595,3.9378196716308596,0.63800950050354,0.012173246592283249,83140
1800,58982400,0.9887036044468247,3.96923942565918,0.47556142807006835,0.011985894292593002,82094
1810,59310080,0.9884854141022056,3.9041828155517577,0.49423766136169434,0.012525798380374908,79031
1820,59637760,0.9882651639896781,3.9205421447753905,0.47714791297912595,0.012001791596412658,85810
1830,59965440,0.9880428551438585,3.9550716400146486,0.4722166061401367,0.01221340373158455,80667
1840,60293120,0.9878184886090338,3.8731380462646485,0.4676389217376709,0.011973699182271957,82860
1850,60620800,0.9875920654391568,3.879059600830078,0.4650107860565186,0.012007399648427963,79856
1860,60948480,0.9873635866978416,3.935230255126953,0.46378202438354493,0.011993014812469482,76300
1870,61276160,0.987133053458358,3.9974140167236327,0.4628609657287598,0.012010988593101502,81480
1880,61603840,0.9869004668036266,3.914392852783203,0.4631518363952637,0.011864794045686721,79975
1890,61931520,0.9866658278262145,3.8804397583007812,0.47530155181884765,0.012056006491184235,77088
1900,62259200,0.9864291376283284,3.865140914916992,0.4618386268615723,0.011903463304042817,78669
1910,62586880,0.9861903973218116,3.906947708129883,0.4635136604309082,0.011937834322452545,84518
1920,62914560,0.9859496080281371,3.875703811645508,0.47680273056030276,0.011929403245449065,77603
1930,63242240,0.9857067708784032,3.8175327301025392,0.46069064140319826,0.011963394284248353,74661
1940,63569920,0.9854618870133276,3.8588985443115233,0.4580906867980957,0.012006168812513351,79235
1950,63897600,0.9852149575832427,3.8267635345458983,0.4766787052154541,0.012019816786050797,74694
1960,64225280,0.9849659837480899,3.8378604888916015,0.47008986473083497,0.011892657727003098,78875
1970,64552960,0.9847149666774135,3.878081130981445,0.4947214603424072,0.012125930935144424,74969
1980,64880640,0.9844619075503569,3.8589103698730467,0.4821596622467041,0.012076932936906815,79026
1990,65208320,0.9842068075556548,3.840991973876953,0.46061882972717283,0.012026917189359665,82877
2000,65536000,0.9839496678916297,3.8245086669921875,0.47877726554870603,0.012214821577072144,79748
2010,65863680,0.9836904897661849,3.8131992340087892,0.457519006729126,0.011743221431970596,81139
2020,66191360,0.9834292743967993,3.826996612548828,0.4454549789428711,0.011889287829399109,78726
2030,66519040,0.9831660230105219,3.8404502868652344,0.4787613391876221,0.012076213955879211,78598
2040,66846720,0.9829007368439657,3.861177444458008,0.4719854354858398,0.011918018013238907,79056
2050,67174400,0.9826334171433019,3.838348388671875,0.48628873825073243,0.012117143720388412,80328
2060,67502080,0.9823640651642543,3.8471214294433596,0.47583751678466796,0.011795026808977127,76201
2070,67829760,0.9820926821720932,3.7845523834228514,0.465891695022583,0.012123694270849228,77510
2080,68157440,0.9818192694416293,3.8277721405029297,0.4569413185119629,0.011862217634916305,80716
2090,68485120,0.9815438282572083,3.850546646118164,0.4467909336090088,0.011872398108243943,76419
2100,68812800,0.9812663599127042,3.7815765380859374,0.45543532371520995,0.011785092949867248,77424
2110,69140480,0.9809868657115136,3.772652816772461,0.4584929943084717,0.011848910897970199,79902
2120,69468160,0.9807053469665494,3.836700439453125,0.4505650520324707,0.011825953423976899,79790
2130,69795840,0.980421805000235,3.775395965576172,0.4602774143218994,0.011822286248207092,77960
2140,70123520,0.9801362411444974,3.819774627685547,0.4621565818786621,0.011851495504379273,88460
2150,70451200,0.9798486567407615,3.789902114868164,0.4798904895782471,0.012028463184833527,75383
2160,70778880,0.9795590531399438,3.7770687103271485,0.4662745475769043,0.01191135197877884,77094
2170,71106560,0.9792674317024457,3.7725025177001954,0.4544353485107422,0.011810319125652313,78434
2180,71434240,0.9789737937981473,3.8210010528564453,0.4485918998718262,0.011852888762950898,79930
2190,71761920,0.9786781408064011,3.8023845672607424,0.44945130348205564,0.011829546093940735,79524
2200,72089600,0.9783804741160256,3.779305648803711,0.4954694271087646,0.012030450254678726,76942
2210,72417280,0.978080795125298,3.7606029510498047,0.4578896999359131,0.011905668675899506,78941
2220,72744960,0.9777791052419487,3.7723056793212892,0.44467482566833494,0.011817598342895507,75775
2230,73072640,0.9774754058831538,3.77177734375,0.45830621719360354,0.011790803074836731,77642
2240,73400320,0.9771696984755293,3.7819190979003907,0.5301481723785401,0.012211354821920395,78446
2250,73728000,0.9768619844551234,3.754813385009766,0.49360504150390627,0.012469860911369323,80300
2260,74055680,0.9765522652674108,3.7349964141845704,0.4663840770721436,0.011819259822368621,76745
2270,74383360,0.976240542367285,3.8197090148925783,0.47271881103515623,0.011702109873294831,81042
2280,74711040,0.9759268172190521,3.830628204345703,0.4462413311004639,0.011726426333189011,78812
2290,75038720,0.9756110912964235,3.7690074920654295,0.4407280445098877,0.01172860786318779,88583
2300,75366400,0.9752933660825093,3.7433223724365234,0.4297624588012695,0.011656715720891952,79554
2310,75694080,0.9749736430698112,3.7206226348876954,0.46810240745544435,0.011705947667360305,77560
2320,76021760,0.9746519237602153,3.7599353790283203,0.4683418273925781,0.011818033456802369,80320
2330,76349440,0.9743282096649852,3.7533435821533203,0.4548783779144287,0.011763445287942886,81390
2340,76677120,0.9740025023047555,3.6776947021484374,0.44889516830444337,0.011781544983386993,80823
2350,77004800,0.9736748032095234,3.7331714630126953,0.4616957187652588,0.011828161776065826,77039
2360,77332480,0.9733451139186423,3.81968994140625,0.46314067840576173,0.01168074756860733,77704
2370,77660160,0.973013435980815,3.727307891845703,0.4457531452178955,0.01177450641989708,81032
2380,77987840,0.9726797709540852,3.7825550079345702,0.4616884231567383,0.01177385225892067,82133
2390,78315520,0.9723441204058314,3.757320785522461,0.4594681739807129,0.011635398864746094,81852
2400,78643200,0.9720064859127585,3.729444122314453,0.4388850212097168,0.01166360080242157,79093
2410,78970880,0.9716668690608914,3.7311691284179687,0.4368340015411377,0.011603457480669021,81022
2420,79298560,0.9713252714455668,3.7291641235351562,0.4390763759613037,0.011700844764709473,83411
2430,79626240,0.9709816946714261,3.768956756591797,0.4523155212402344,0.011599399894475938,80486
2440,79953920,0.9706361403524074,3.799913787841797,0.44789862632751465,0.01169137954711914,79761
2450,80281600,0.9702886101117387,3.750752258300781,0.45762290954589846,0.011695914715528489,82179
2460,80609280,0.9699391055819293,3.744366455078125,0.49807209968566896,0.012255706638097764,74706
2470,80936960,0.9695876284047632,3.794225311279297,0.4441803455352783,0.011744582653045654,75447
2480,81264640,0.9692341802312905,3.7087291717529296,0.447553825378418,0.011778781563043595,77883
2490,81592320,0.9688787627218198,3.783747100830078,0.4365166187286377,0.011621415615081787,77455
2500,81920000,0.9685213775459112,3.7337196350097654,0.45261445045471194,0.011814605444669724,69606
2510,82247680,0.968162026382367,3.6346473693847656,0.4468235492706299,0.011709372699260711,80494
2520,82575360,0.9678007109192254,3.6795082092285156,0.47655630111694336,0.011604031175374984,83218
2530,82903040,0.9674374328537514,3.61615104675293,0.44852313995361326,0.011715590208768844,80366
2540,83230720,0.9670721938924294,3.6879909515380858,0.44443316459655763,0.011570313572883606,74704
2550,83558400,0.966704995750955,3.7646312713623047,0.4547565460205078,0.011648609489202499,81817
2560,83886080,0.9663358401542269,3.6811275482177734,0.44335761070251467,0.011588529497385026,78962
2570,84213760,0.965964728836339,3.718628692626953,0.42832117080688475,0.01153174638748169,79266
2580,84541440,0.9655916635405721,3.771309661865234,0.4483912467956543,0.011643912643194199,76685
2590,84869120,0.9652166460193854,3.7424808502197267,0.4733088970184326,0.011715558916330337,79411
2600,85196800,0.9648396780344092,3.657465362548828,0.4384523868560791,0.0114763543009758,78779
2610,85524480,0.9644607613564357,3.6420673370361327,0.43073291778564454,0.011652497202157974,79717
2620,85852160,0.9640798977654107,3.705095672607422,0.43886442184448243,0.011572948098182679,77140
2630,86179840,0.9636970890504263,3.646417236328125,0.4380477428436279,0.011605525761842728,82161
2640,86507520,0.963312337009711,3.7180854797363283,0.4590712070465088,0.01148831695318222,79106
2650,86835200,0.9629256434506225,3.6955806732177736,0.4492509841918945,0.011542082577943803,79264
2660,87162880,0.9625370101896386,3.6100185394287108,0.44957523345947265,0.011657457053661346,75853
2670,87490560,0.9621464390523483,3.694535827636719,0.4363828659057617,0.011657298356294633,73071
2680,87818240,0.9617539318734444,3.706827926635742,0.48883771896362305,0.01182350367307663,75899
2690,88145920,0.9613594904967137,3.661014175415039,0.44856715202331543,0.01150318756699562,79274
2700,88473600,0.9609631167750291,3.675750732421875,0.46665120124816895,0.011501683294773102,79003
2710,88801280,0.9605648125703407,3.6753421783447267,0.4742741107940674,0.011718669533729553,80157
2720,89128960,0.9601645797536662,3.732303237915039,0.4711642265319824,0.011518637835979461,80139
2730,89456640,0.959762420205084,3.7005336761474608,0.4541759967803955,0.011528024077415466,81100
2740,89784320,0.9593583358137223,3.689930725097656,0.4374734401702881,0.01150609627366066,78161
2750,90112000,0.9589523284777519,3.6809707641601563,0.4555838108062744,0.011628028750419617,84382
2760,90439680,0.9585444001043758,3.672732925415039,0.4496132850646973,0.01160339117050171,75551
2770,90767360,0.9581345526098218,3.604064178466797,0.4411440372467041,0.011457448452711105,78394
2780,91095040,0.9577227879193322,3.5939987182617186,0.45739030838012695,0.011666043102741242,76134
2790,91422720,0.9573091079671553,3.662302017211914,0.4498617172241211,0.01148722842335701,81557
2800,91750400,0.9568935146965365,3.643758010864258,0.45164103507995607,0.011524955183267594,80093
2810,92078080,0.9564760100597085,3.6834896087646483,0.451779842376709,0.011561280488967896,80313
2820,92405760,0.956056596017883,3.5925132751464846,0.4409770488739014,0.011586298048496247,81092
2830,92733440,0.9556352745412409,3.665863800048828,0.4505163192749023,0.011518245190382003,78342
2840,93061120,0.9552120476089232,3.6153392791748047,0.44959301948547364,0.011688251793384553,81180
2850,93388800,0.9547869172090215,3.6776214599609376,0.4367522716522217,0.01139979436993599,78528
2860,93716480,0.9543598853385692,3.64324951171875,0.4360486030578613,0.011430799961090088,75850
2870,94044160,0.9539309540035318,3.6780727386474608,0.45935907363891604,0.011501900851726532,76390
2880,94371840,0.953500125218797,3.6400524139404298,0.445963716506958,0.01159697026014328,82634
2890,94699520,0.9530674010081663,3.6085391998291017,0.45743279457092284,0.011536036431789399,77867
2900,95027200,0.9526327834043443,3.578718566894531,0.451108455657959,0.011599268764257431,77798
2910,95354880,0.9521962744489302,3.690745162963867,0.44469804763793946,0.011451510339975357,73180
2920,95682560,0.9517578761924075,3.6333431243896483,0.44203886985778806,0.011468912661075591,77674
2930,96010240,0.9513175906941347,3.6263965606689452,0.442017126083374,0.011615001410245896,78119
2940,96337920,0.9508754200223356,3.6108470916748048,0.437684965133667,0.011465761810541153,83808
2950,96665600,0.9504313662540893,3.6062301635742187,0.435943603515625,0.011490912735462188,80249
2960,96993280,0.949985431475321,3.5618480682373046,0.43615875244140623,0.011502306163311004,78059
2970,97320960,0.9495376177807917,3.6448577880859374,0.4497342586517334,0.011430496722459793,74055
2980,97648640,0.9490879272740883,3.621959686279297,0.45121264457702637,0.011516882479190827,96263
2990,97976320,0.9486363620676144,3.5970314025878904,0.4365368843078613,0.01134759485721588,77760
3000,98304000,0.9481829242825798,3.6258716583251953,0.4380547523498535,0.011461401730775833,77144
3010,98631680,0.9477276160489903,3.643393325805664,0.4441057205200195,0.011529012769460677,76418
3020,98959360,0.9472704395056386,3.589296340942383,0.4646409034729004,0.011405996233224868,75734
3030,99287040,0.9468113968000933,3.580508804321289,0.4437141418457031,0.011425843834877015,79670
3040,99614720,0.9463504900886894,3.6522781372070314,0.4417113304138184,0.011324211210012435,79929
3050,99942400,0.9458877215365181,3.6153125762939453,0.446410608291626,0.011376851052045823,77714
3060,100270080,0.9454230933174161,3.6210922241210937,0.460054874420166,0.011452127993106843,80935
3070,100597760,0.9449566076139565,3.631011962890625,0.43753986358642577,0.011421361565589904,78179
3080,100925440,0.944488266617437,3.6355281829833985,0.45960111618041993,0.0113810732960701,79308
3090,101253120,0.9440180725278713,3.6716983795166014,0.4637919425964355,0.011598010361194611,78091
3100,101580800,0.9435460275539773,3.5910694122314455,0.45964870452880857,0.011368434131145477,79685
3110,101908480,0.9430721339131679,3.624384307861328,0.4550050735473633,0.011578790843486786,77264
3120,102236160,0.9425963938315396,3.5735107421875,0.4397564888000488,0.011382602900266648,75042
3130,102563840,0.9421188095438624,3.5933559417724608,0.44282994270324705,0.011368635296821594,77220
3140,102891520,0.94163938329357,3.6562496185302735,0.45916900634765623,0.011410604417324065,78506
3150,103219200,0.9411581173327482,3.6065242767333983,0.43916945457458495,0.011412221193313598,76612
3160,103546880,0.9406750139221247,3.6275260925292967,0.4421337604522705,0.011393391340970994,77638
3170,103874560,0.9401900753310587,3.5797565460205076,0.4470048427581787,0.011440158635377885,80002
3180,104202240,0.9397033038375302,3.538465881347656,0.4478963851928711,0.01137600764632225,77449
3190,104529920,0.9392147017281288,3.629296875,0.45141940116882323,0.011325594782829285,78368
3200,104857600,0.9387242712980439,3.6042770385742187,0.4462738037109375,0.011364265531301498,77927
3210,105185280,0.9382320148510529,3.601780319213867,0.43960037231445315,0.011380672454833984,82622
3220,105512960,0.937737934699511,3.583628463745117,0.4383634090423584,0.011439870297908782,78136
3230,105840640,0.9372420331643404,3.595403289794922,0.45903563499450684,0.011504270881414414,81769
3240,106168320,0.9367443125750188,3.5653507232666017,0.4457059383392334,0.011400360614061356,76698
3250,106496000,0.936244775269569,3.5965717315673826,0.45333185195922854,0.011602400243282318,79309
3260,106823680,0.9357434235945475,3.540174102783203,0.4477872848510742,0.011391063779592514,79813
3270,107151360,0.9352402599050346,3.5173576354980467,0.4555790901184082,0.011469559371471405,77258
3280,107479040,0.9347352865646213,3.600255584716797,0.44890627861022947,0.011340902000665665,76103
3290,107806720,0.9342285059454002,3.519070053100586,0.4348308086395264,0.011391934007406235,80308
3300,108134400,0.9337199204279533,3.5377548217773436,0.4386471748352051,0.011363811045885085,78291
3310,108462080,0.9332095324013407,3.6082073211669923,0.436369800567627,0.011290448904037475,82479
3320,108789760,0.93269734426309,3.6233600616455077,0.4524348735809326,0.011391982436180115,77486
3330,109117440,0.9321833584191851,3.6487957000732423,0.4618044853210449,0.011416663229465485,78180
3340,109445120,0.9316675772840538,3.542575454711914,0.4428436756134033,0.011365144699811935,77797
3350,109772800,0.9311500032805579,3.594904327392578,0.4498422145843506,0.011365227401256561,76951
3360,110100480,0.9306306388399807,3.5757625579833983,0.44747443199157716,0.011342743039131164,82146
3370,110428160,0.9301094864020161,3.570357894897461,0.4518496036529541,0.01131942868232727,80079
3380,110755840,0.929586548414757,3.59525146484375,0.4387948036193848,0.011131477355957032,79964
3390,111083520,0.929061827334684,3.492994689941406,0.4337583541870117,0.01134418547153473,75921
3400,111411200,0.928535325626654,3.583782958984375,0.43950510025024414,0.01127488911151886,79634
3410,111738880,0.9280070457638875,3.6234413146972657,0.4481219291687012,0.011255969107151032,76337
3420,112066560,0.9274769902279585,3.5574390411376955,0.4487751483917236,0.011485742032527923,82016
3430,112394240,0.9269451615087818,3.553936004638672,0.4541497707366943,0.011362954229116439,80265
3440,112721920,0.926411562104602,3.56102294921875,0.4524190902709961,0.011429676413536071,83193
3450,113049600,0.9258761945219811,3.5136154174804686,0.4536658763885498,0.011409267783164978,76957
3460,113377280,0.9253390612757871,3.529013824462891,0.4386923789978027,0.011297435313463212,81541
3470,113704960,0.9248001648891824,3.6016902923583984,0.45098133087158204,0.011379241943359375,84285
3480,114032640,0.9242595078936112,3.591237258911133,0.44245100021362305,0.01120961457490921,83266
3490,114360320,0.9237170928287887,3.5346916198730467,0.4450118064880371,0.011382624506950378,81889
3500,114688000,0.923172922242688,3.6123931884765623,0.4501040458679199,0.01118263453245163,78690
3510,115015680,0.922626998691529,3.54154052734375,0.463196849822998,0.01125844419002533,77872
3520,115343360,0.922079324739766,3.513630676269531,0.4485504627227783,0.011143498122692108,76668
3530,115671040,0.9215299029600759,3.55057373046875,0.4334882259368896,0.01131289079785347,76116
3540,115998720,0.9209787359333456,3.565198516845703,0.44336752891540526,0.011414294689893722,77513
3550,116326400,0.9204258262486603,3.5584903717041017,0.44156503677368164,0.011356619000434876,78333
3560,116654080,0.9198711765032919,3.51492919921875,0.44224209785461427,0.01122497022151947,80121
3570,116981760,0.9193147893026851,3.489156723022461,0.44391965866088867,0.01134333312511444,79546
3580,117309440,0.9187566672604472,3.531239700317383,0.44237618446350097,0.01132258027791977,78322
3590,117637120,0.9181968129983342,3.5376613616943358,0.4445237636566162,0.011197666823863982,75818
3600,117964800,0.9176352291462395,3.5413684844970703,0.44296655654907224,0.0112302266061306,78538
3610,118292480,0.9170719183421812,3.5769039154052735,0.45515995025634765,0.011362037062644959,85747
3620,118620160,0.9165068832322891,3.5353115081787108,0.43619070053100584,0.011350346356630325,78191
3630,118947840,0.9159401264707938,3.5113433837890624,0.44253993034362793,0.011247510462999344,79095
3640,119275520,0.9153716507200125,3.533660888671875,0.4355455875396729,0.011266398429870605,80879
3650,119603200,0.9148014586503377,3.607570266723633,0.438716983795166,0.011305960267782212,77918
3660,119930880,0.9142295529402239,3.5410507202148436,0.4444886207580566,0.011208079755306244,80335
3670,120258560,0.9136559362761759,3.522391128540039,0.4328916549682617,0.011355267465114593,83080
3680,120586240,0.9130806113527351,3.5195423126220704,0.45518927574157714,0.011371485143899917,78968
3690,120913920,0.9125035808724679,3.5575641632080077,0.43569259643554686,0.0113408662378788,77576
3700,121241600,0.9119248475459516,3.4833770751953126,0.43105902671813967,0.011178982257843018,78138
3710,121569280,0.9113444140917637,3.548578643798828,0.4321617603302002,0.011331263929605484,77440
3720,121896960,0.9107622832364672,3.481291580200195,0.4338883876800537,0.01112026572227478,77446
3730,122224640,0.9101784577145987,3.5081592559814454,0.44874939918518064,0.011286424100399017,78495
3740,122552320,0.9095929402686556,3.4943023681640626,0.4449748992919922,0.011508804559707642,83370
3750,122880000,0.9090057336490831,3.5695873260498048,0.44162516593933104,0.011314386129379272,83420
3760,123207680,0.908416840614261,3.528142547607422,0.4574918746948242,0.011288747936487199,75907
3770,123535360,0.9078262639304908,3.5980148315429688,0.46072797775268554,0.011312408000230789,76552
3780,123863040,0.9072340063719835,3.5012928009033204,0.4618239402770996,0.011310721188783646,77530
3790,124190720,0.9066400707208456,3.471124267578125,0.45766334533691405,0.011316650360822678,77722
3800,124518400,0.906044459767066,3.555445098876953,0.4547001838684082,0.011370544135570527,78780
3810,124846080,0.905447176308504,3.539920425415039,0.441177225112915,0.011293040961027146,80966
3820,125173760,0.9048482231508749,3.4733959197998048,0.4422964572906494,0.011220451444387436,80958
3830,125501440,0.9042476031077374,3.523779296875,0.4435560703277588,0.011220693588256836,79661
3840,125829120,0.9036453190004807,3.5088958740234375,0.465059757232666,0.011460136622190475,78535
3850,126156800,0.9030413736583102,3.5533626556396483,0.4400594711303711,0.011224368214607238,75727
3860,126484480,0.9024357699182355,3.5162384033203127,0.44052886962890625,0.011168460547924041,80811
3870,126812160,0.9018285106250563,3.512591552734375,0.45622940063476564,0.011352336406707764,76843
3880,127139840,0.901219598631349,3.4987457275390623,0.45063199996948244,0.01110379323363304,80758
3890,127467520,0.9006090367974537,3.5139739990234373,0.4468519687652588,0.011152368783950806,68058
3900,127795200,0.8999968279914605,3.491856002807617,0.45372581481933594,0.01135670840740204,76097
3910,128122880,0.8993829750891961,3.5646812438964846,0.46715540885925294,0.011370532214641571,64927
3920,128450560,0.8987674809742102,3.5026683807373047,0.43982949256896975,0.011229147017002106,64658
3930,128778240,0.8981503485377622,3.5377098083496095,0.44970197677612306,0.011259327828884124,65743
3940,129105920,0.8975315806788072,3.4862789154052733,0.453537130355835,0.011161728203296662,65514
3950,129433600,0.8969111803039826,3.525467300415039,0.4447150230407715,0.011183260381221772,68128
3960,129761280,0.8962891503275952,3.4759464263916016,0.43740167617797854,0.011288605630397797,81444
3970,130088960,0.8956654936716058,3.514835739135742,0.4401064395904541,0.011227317899465562,71327
3980,130416640,0.8950402132656169,3.539540100097656,0.4443809032440186,0.011132816970348357,70384
3990,130744320,0.8944133120468587,3.488987350463867,0.4519066333770752,0.011317165195941925,67603
4000,131072000,0.8937847929601748,3.5003997802734377,0.44788780212402346,0.011251886934041977,65691
4010,131399680,0.8931546589580086,3.526139831542969,0.4568174839019775,0.011243519186973572,70871
4020,131727360,0.8925229130003902,3.559438705444336,0.4364375114440918,0.011072967946529389,71538
4030,132055040,0.8918895580549208,3.482573318481445,0.45613393783569334,0.01124136671423912,69533
4040,132382720,0.8912545970967604,3.518717575073242,0.43825998306274416,0.011212676763534546,69461
4050,132710400,0.8906180331086129,3.497850036621094,0.4445645332336426,0.011213184893131256,75330
4060,133038080,0.8899798690807127,3.4787120819091797,0.46120500564575195,0.011299122869968415,63701
4070,133365760,0.8893401080108099,3.566889190673828,0.4638923168182373,0.011138121783733367,70070
4080,133693440,0.8886987529041569,3.485974884033203,0.43654627799987794,0.011072491109371186,73308
4090,134021120,0.888055806773494,3.5177688598632812,0.46113028526306155,0.011408922076225281,72200
4100,134348800,0.8874112726390354,3.4737079620361326,0.4582358360290527,0.011333099752664565,69089
4110,134676480,0.8867651535284545,3.521669387817383,0.4533241271972656,0.011171428859233857,70681
4120,135004160,0.8861174524768703,3.486155700683594,0.43393311500549314,0.011218787729740142,78284
4130,135331840,0.8854681725268331,3.5075496673583983,0.44852280616760254,0.011196432262659073,75058
4140,135659520,0.8848173167283098,3.5302860260009767,0.45536651611328127,0.011175408959388733,62184
4150,135987200,0.8841648881386694,3.5011928558349608,0.43967161178588865,0.011235859245061874,76565
4160,136314880,0.88351088982267,3.515057373046875,0.44257278442382814,0.011171820759773254,71611
4170,136642560,0.8828553248524423,3.472869873046875,0.4542110443115234,0.011201286315917968,76378
4180,136970240,0.8821981963074773,3.5179672241210938,0.46608929634094237,0.011150278151035309,77162
4190,137297920,0.8815395072746101,3.508386993408203,0.4507460117340088,0.011150875687599182,72849
4200,137625600,0.8808792608480065,3.443223571777344,0.44830913543701173,0.011108196526765823,80291
4210,137953280,0.8802174601291479,3.506496810913086,0.44000997543334963,0.011223769187927246,74019
4220,138280960,0.8795541082268172,3.4826927185058594,0.44622273445129396,0.011197252571582795,73099
4230,138608640,0.8788892082570837,3.5233928680419924,0.44472651481628417,0.01117752268910408,80081
4240,138936320,0.8782227633432887,3.4939144134521483,0.442714262008667,0.011198684573173523,80390
4250,139264000,0.877554776616031,3.4723861694335936,0.43747339248657224,0.011243162304162979,76029
4260,139591680,0.8768852512131515,3.473037338256836,0.4392148494720459,0.011333238333463669,69338
4270,139919360,0.8762141902797198,3.4828948974609375,0.45597500801086427,0.011225081980228424,68420
4280,140247040,0.8755415969680176,3.4747005462646485,0.45740327835083006,0.011133771389722824,57740
4290,140574720,0.8748674744375259,3.522943878173828,0.452803897857666,0.011049216985702515,51509
4300,140902400,0.8741918258549084,3.4541194915771483,0.44903926849365233,0.011226388812065124,54509
4310,141230080,0.8735146543939974,3.5121429443359373,0.4524181842803955,0.01110026016831398,55350
4320,141557760,0.8728359632357797,3.455216979980469,0.4599156856536865,0.011174511909484864,53663
4330,141885440,0.8721557555683797,3.484035873413086,0.45688486099243164,0.011195586621761322,51955
4340,142213120,0.8714740345870462,3.4286502838134765,0.45782222747802737,0.011097632348537445,54488
4350,142540800,0.8707908034941365,3.490648651123047,0.456970739364624,0.011088169366121291,54207
4360,142868480,0.8701060654991017,3.481803131103516,0.45610837936401366,0.011212865263223648,56161
4370,143196160,0.8694198238184716,3.4727947235107424,0.44013729095458987,0.01110863983631134,53521
4380,143523840,0.8687320816758393,3.44403076171875,0.44550909996032717,0.01119331642985344,54685
4390,143851520,0.8680428423018461,3.463642883300781,0.44674091339111327,0.01098024919629097,56087
4400,144179200,0.8673521089341671,3.4403926849365236,0.44728455543518064,0.010975503921508789,55257
4410,144506880,0.866659884817495,3.4667236328125,0.46603970527648925,0.011295398324728012,54459
4420,144834560,0.865966173203525,3.4319602966308596,0.45631561279296873,0.011193884164094925,55148
4430,145162240,0.86527097735094,3.4954776763916016,0.47067675590515134,0.011329706758260727,54167
4440,145489920,0.8645743005253953,3.504962158203125,0.44496884346008303,0.01121618002653122,53723
4450,145817600,0.8638761459995025,3.4491622924804686,0.4516951560974121,0.011118600517511368,52117
4460,146145280,0.8631765170528151,3.4423538208007813,0.4480741500854492,0.011081475764513016,50809
4470,146472960,0.8624754169718122,3.399966812133789,0.4508481979370117,0.011162495613098145,55709
4480,146800640,0.8617728490498839,3.4523109436035155,0.4446995258331299,0.011231207847595214,54881
4490,147128320,0.8610688165873153,3.3067611694335937,0.4398216247558594,0.01112014353275299,54770
4500,147456000,0.860363322891271,3.412859344482422,0.45990705490112305,0.011318353563547134,52993
4510,147783680,0.8596563712757798,3.4202945709228514,0.44761080741882325,0.01107974275946617,54186
4520,148111360,0.8589479650617188,3.412586212158203,0.43990492820739746,0.01104297861456871,53598
4530,148439040,0.8582381075767984,3.420475387573242,0.4430203437805176,0.01111639142036438,54714
4540,148766720,0.8575268021555462,3.4584423065185548,0.4534581661224365,0.011256093531847,52777
4550,149094400,0.8568140521392911,3.4545570373535157,0.4478878974914551,0.011041778326034545,56204
4560,149422080,0.8560998608761481,3.4519195556640625,0.4459723472595215,0.01106736809015274,50147
4570,149749760,0.8553842317210026,3.4843059539794923,0.43785390853881834,0.011035088449716568,52266
4580,150077440,0.8546671680354943,3.4270656585693358,0.4466681003570557,0.01119120866060257,67138
4590,150405120,0.8539486731880013,3.457332229614258,0.44675326347351074,0.011201111972332001,55071
4600,150732800,0.8532287505536249,3.4110294342041017,0.4331775665283203,0.011046192795038223,54328
4610,151060480,0.8525074035141732,3.4659343719482423,0.44860048294067384,0.011054304987192154,51367
4620,151388160,0.8517846354581458,3.456319808959961,0.44039120674133303,0.01104685664176941,54080
4630,151715840,0.8510604497807165,3.4524097442626953,0.47363848686218263,0.011216188222169876,53404
4640,152043520,0.8503348498837191,3.402436447143555,0.44364428520202637,0.011161574721336364,54921
4650,152371200,0.8496078391756305,3.454337310791016,0.4472014904022217,0.010974837094545364,54167
4660,152698880,0.8488794210715549,3.403230667114258,0.4427278995513916,0.011137837171554565,51440
4670,153026560,0.8481495989932074,3.4126213073730467,0.4389683246612549,0.011057253926992416,53281
4680,153354240,0.8474183763688985,3.473200225830078,0.4428749084472656,0.011038750410079956,53418
4690,153681920,0.8466857566335172,3.4287746429443358,0.43484201431274416,0.010990312695503235,54530
4700,154009600,0.8459517432285163,3.4816383361816405,0.4605982780456543,0.011250412464141846,54434
4710,154337280,0.8452163396018946,3.4224563598632813,0.4591482639312744,0.011008428782224655,53023
4720,154664960,0.8444795492081815,3.436841583251953,0.44422569274902346,0.011231813579797745,50248
4730,154992640,0.8437413755084207,3.466323471069336,0.4529094219207764,0.010949847847223282,52501
4740,155320320,0.8430018219701542,3.464567947387695,0.4502840518951416,0.01106608510017395,56250
4750,155648000,0.8422608920674052,3.428683853149414,0.45350055694580077,0.011053668707609177,54207
4760,155975680,0.841518589280663,3.46991081237793,0.44954500198364256,0.011070895195007324,54282
4770,156303360,0.8407749170968652,3.4438228607177734,0.4535236358642578,0.011070046573877335,53764
4780,156631040,0.8400298790093831,3.4002120971679686,0.4444279670715332,0.011166784167289733,54610
4790,156958720,0.8392834785180031,3.403081512451172,0.4464367389678955,0.011183342337608338,53973
4800,157286400,0.8385357191289123,3.434531402587891,0.4627833366394043,0.011434877663850785,55508
4810,157614080,0.837786604354681,3.4252281188964844,0.4373756408691406,0.011162677407264709,53475
4820,157941760,0.8370361377142459,3.4608455657958985,0.4533245086669922,0.011016897857189178,54105
4830,158269440,0.8362843227328948,3.3620792388916017,0.4443229675292969,0.010928785055875778,54229
4840,158597120,0.8355311629422486,3.380321502685547,0.4472834587097168,0.011128605902194976,51500
4850,158924800,0.8347766618802456,3.395833969116211,0.4427938938140869,0.011039668321609497,52576
4860,159252480,0.8340208230911248,3.40759391784668,0.4550034523010254,0.011086542159318924,54684
4870,159580160,0.8332636501254091,3.4000614166259764,0.43915386199951173,0.011118168383836747,53974
4880,159907840,0.8325051465398888,3.438893127441406,0.45407772064208984,0.010907480120658874,52721
4890,160235520,0.8317453158976044,3.4492889404296876,0.45255088806152344,0.010997455567121506,70149
4900,160563200,0.8309841617678299,3.355668640136719,0.44357762336730955,0.011036114394664764,55752
4910,160890880,0.8302216877260572,3.404978942871094,0.45859346389770506,0.011089871823787689,49176
4920,161218560,0.829457897353978,3.4114353179931642,0.4534617900848389,0.011078987270593643,52336
4930,161546240,0.8286927942394671,3.3840885162353516,0.4617310523986816,0.011290603876113891,55144
4940,161873920,0.8279263819765664,3.438650894165039,0.45609259605407715,0.011096499860286713,55372
4950,162201600,0.827158664165467,3.3948036193847657,0.45747861862182615,0.011216370761394501,52623
4960,162529280,0.8263896444124933,3.3982364654541017,0.44641809463500975,0.01100219190120697,53067
4970,162856960,0.825619326330085,3.361753463745117,0.4533062934875488,0.01111961156129837,53496
4980,163184640,0.8248477135367809,3.4000389099121096,0.4466400623321533,0.011137328296899795,53722
4990,163512320,0.8240748096572016,3.362721633911133,0.46265277862548826,0.011164069175720215,52453
5000,163840000,0.8233006183220325,3.3589282989501954,0.45902838706970217,0.011085872352123261,51175
5010,164167680,0.8225251431680068,3.4167591094970704,0.45027761459350585,0.010947628319263459,53283
5020,164495360,0.8217483878378885,3.3353496551513673,0.4452906608581543,0.011125114560127259,52402
5030,164823040,0.8209703559804551,3.3999256134033202,0.44177608489990233,0.010984465479850769,55281
5040,165150720,0.8201910512504803,3.437511444091797,0.4672292709350586,0.011227850615978242,54230
5050,165478400,0.8194104773087175,3.4462074279785155,0.4508701801300049,0.011013753712177277,52810
5060,165806080,0.8186286378218818,3.382155990600586,0.4548649311065674,0.011047086119651795,54389
5070,166133760,0.8178455364626335,3.3700801849365236,0.44184308052062987,0.010989030450582504,57246
5080,166461440,0.8170611769095599,3.3113651275634766,0.4630101203918457,0.01111162155866623,54524
5090,166789120,0.8162755628471595,3.3000438690185545,0.4535652160644531,0.011089291423559189,54446
5100,167116800,0.815488697965823,3.3769916534423827,0.4628880977630615,0.01112077534198761,54279
5110,167444480,0.8147005859618172,3.443035125732422,0.4624787330627441,0.01097157970070839,54917
5120,167772160,0.813911230537267,3.3474380493164064,0.4479516506195068,0.011075890809297561,54443
5130,168099840,0.8131206354001385,3.4317066192626955,0.44591875076293946,0.010963618010282516,55234
5140,168427520,0.8123288042642208,3.3262542724609374,0.4456294536590576,0.011076943576335907,54635
5150,168755200,0.8115357408491098,3.3794055938720704,0.45516414642333985,0.010992568731307984,57040
5160,169082880,0.8107414488801894,3.4090694427490233,0.45357527732849123,0.010928373038768768,55021
5170,169410560,0.8099459320886147,3.4214126586914064,0.4558116912841797,0.01107219010591507,55754
5180,169738240,0.8091491942112942,3.4193092346191407,0.46504554748535154,0.01113879755139351,50453
5190,170065920,0.8083512389908728,3.369694137573242,0.46353745460510254,0.011196383833885193,72262
5200,170393600,0.8075520701757136,3.4353614807128907,0.44103174209594725,0.011003704369068145,67539
5210,170721280,0.8067516915198807,3.415244293212891,0.45348196029663085,0.011027859151363372,64750
5220,171048960,0.8059501067831211,3.405061721801758,0.46030001640319823,0.010987232625484466,54876
5230,171376640,0.8051473197308472,3.3611316680908203,0.4570762634277344,0.011145133525133133,50440
5240,171704320,0.8043433341341197,3.366078567504883,0.44605841636657717,0.010959775000810624,53510
5250,172032000,0.8035381537696291,3.4299110412597655,0.4566949844360352,0.01101859137415886,55671
5260,172359680,0.8027317824196785,3.4317840576171874,0.45990915298461915,0.011078304052352906,54195
5270,172687360,0.8019242238721653,3.3874790191650392,0.4578920841217041,0.01122250109910965,55258
5280,173015040,0.8011154819205639,3.359881591796875,0.4528465747833252,0.011053869128227234,54306
5290,173342720,0.8003055603639075,3.3889060974121095,0.45382080078125,0.011077892780303956,53340
5300,173670400,0.799494463006771,3.3880359649658205,0.45798187255859374,0.010924603044986724,53663
5310,173998080,0.7986821936592519,3.425653076171875,0.46064419746398927,0.011004031449556351,54210
5320,174325760,0.7978687561369534,3.4104976654052734,0.4557152271270752,0.010981155186891555,55524
5330,174653440,0.7970541542609662,3.381454086303711,0.4504361629486084,0.010897109657526017,54255
5340,174981120,0.7962383918578503,3.364853286743164,0.4559441089630127,0.011141893267631531,53463
5350,175308800,0.7954214727596175,3.456258010864258,0.4814265727996826,0.01100589632987976,54891
5360,175636480,0.794603400803713,3.3593910217285154,0.45133333206176757,0.01099146082997322,54591
5370,175964160,0.7937841798329972,3.3352256774902345,0.4511990547180176,0.011140058934688567,54296
5380,176291840,0.7929638136957288,3.334152603149414,0.45610599517822265,0.011063037067651748,54277
5390,176619520,0.7921423062455447,3.4114994049072265,0.46680350303649903,0.011083633452653886,51970
5400,176947200,0.791319661341444,3.3530532836914064,0.4566791534423828,0.01107284426689148,54335
5410,177274880,0.7904958828477688,3.4238964080810548,0.46165099143981936,0.011003413051366807,57765
5420,177602560,0.7896709746341858,3.3548656463623048,0.44392008781433107,0.011078667640686036,55475
5430,177930240,0.7888449405756687,3.3513713836669923,0.45218377113342284,0.011093652993440627,53519
5440,178257920,0.78801778455248,3.374385452270508,0.4500363826751709,0.011031532287597656,51028
5450,178585600,0.7871895104501523,3.3372867584228514,0.45497989654541016,0.011012294888496399,51896
5460,178913280,0.7863601221594704,3.3469051361083983,0.44735078811645507,0.011007613688707351,51416
5470,179240960,0.7855296235764533,3.3592987060546875,0.4472442626953125,0.010988761484622956,51254
5480,179568640,0.7846980186023351,3.4013740539550783,0.43961596488952637,0.010968069732189178,52853
5490,179896320,0.7838653111435474,3.330530548095703,0.47412919998168945,0.0110578253865242,54426
5500,180224000,0.7830315051117006,3.3378536224365236,0.4581292152404785,0.010908441245555877,71404
5510,180551680,0.7821966044235655,3.3575485229492186,0.4547379970550537,0.010990862548351289,66028
5520,180879360,0.7813606130010551,3.415080261230469,0.4474173545837402,0.01089727133512497,64690
5530,181207040,0.7805235347712062,3.4305858612060547,0.46454343795776365,0.01103302538394928,52197
5540,181534720,0.7796853736661605,3.399992752075195,0.4758094310760498,0.011172426491975784,53166
5550,181862400,0.7788461336231468,3.3442714691162108,0.45947775840759275,0.010921790450811385,54367
5560,182190080,0.7780058185844622,3.3456981658935545,0.45574021339416504,0.011082150787115098,55446
5570,182517760,0.777164432497453,3.310397720336914,0.4611396312713623,0.010984014719724655,55811
5580,182845440,0.7763219793144973,3.4246959686279297,0.45461812019348147,0.011073942482471465,54251
5590,183173120,0.7754784629929858,3.315298080444336,0.4437411785125732,0.011021720618009568,56351
5600,183500800,0.7746338874953032,3.3300975799560546,0.4526238918304443,0.011079151928424836,55174
5610,183828480,0.773788256788809,3.3632991790771483,0.4552634239196777,0.011047269403934478,55347
5620,184156160,0.7729415748458205,3.356331634521484,0.4528641223907471,0.011036250740289688,53077
5630,184483840,0.7720938456435924,3.380044174194336,0.46247501373291017,0.010913016647100449,53984
5640,184811520,0.7712450731642992,3.287012481689453,0.46038036346435546,0.010936635732650756,52382
5650,185139200,0.7703952613950162,3.393498992919922,0.4649037837982178,0.011060460656881332,55704
5660,185466880,0.7695444143277006,3.329752731323242,0.47362260818481444,0.011108768731355667,52866
5670,185794560,0.7686925359591726,3.3421199798583983,0.46068363189697265,0.01094340905547142,51295
5680,186122240,0.7678396302910978,3.398337173461914,0.4905560970306396,0.011162369698286056,50661
5690,186449920,0.7669857013299661,3.4017959594726563,0.4668898582458496,0.011045594513416291,53472
5700,186777600,0.7661307530870757,3.4219944000244142,0.4590126991271973,0.011024323850870132,54987
5710,187105280,0.7652747895785117,3.310165023803711,0.4540138244628906,0.01102609783411026,53201
5720,187432960,0.7644178148251293,3.247614288330078,0.44554862976074217,0.011070647090673447,49570
5730,187760640,0.7635598328525331,3.3790355682373048,0.47053942680358884,0.011044446378946304,52231
5740,188088320,0.76270084769106,3.341436767578125,0.4552621841430664,0.011075208336114884,53319
5750,188416000,0.7618408633757584,3.3672954559326174,0.4504706859588623,0.011023636907339096,52986
5760,188743680,0.760979883946371,3.3961566925048827,0.4819648742675781,0.01100265309214592,53452
5770,189071360,0.7601179134473144,3.369952392578125,0.4728682518005371,0.010919391363859176,54366
5780,189399040,0.7592549559276612,3.3672462463378907,0.45095534324645997,0.010948505997657777,52124
5790,189726720,0.7583910154411201,3.4260108947753904,0.45964417457580564,0.01105002462863922,52300
5800,190054400,0.7575260960460173,3.3967510223388673,0.45491318702697753,0.010985300689935685,75374
5810,190382080,0.7566602018052777,3.3941158294677733,0.4656531810760498,0.010968338698148727,66469
5820,190709760,0.7557933367864051,3.40633544921875,0.4698925495147705,0.010958112031221389,68185
5830,191037440,0.7549255050614639,3.3455322265625,0.45549712181091306,0.010991474986076355,66659
5840,191365120,0.7540567107070592,3.3457752227783204,0.45185465812683107,0.011038008332252502,56258
5850,191692800,0.753186957804318,3.340437316894531,0.4681241035461426,0.010954450070858001,54655
5860,192020480,0.7523162504388706,3.368832015991211,0.4649022102355957,0.010941683501005172,54595
5870,192348160,0.7514445927008302,3.402142333984375,0.48462858200073244,0.011217136681079865,54518
5880,192675840,0.7505719886847744,3.2559471130371094,0.47771463394165037,0.011085321754217147,54934
5890,193003520,0.7496984424897264,3.3621517181396485,0.4691206455230713,0.011106275022029877,55389
5900,193331200,0.7488239582191348,3.3241024017333984,0.46379694938659666,0.011036376655101775,53204
5910,193658880,0.7479485399808549,3.350238800048828,0.4540850639343262,0.011163385957479477,54517
5920,193986560,0.7470721918871295,3.299460601806641,0.452825927734375,0.010935968905687331,54596
5930,194314240,0.7461949180545687,3.3192874908447267,0.4660071849822998,0.01104125902056694,55116
5940,194641920,0.745316722604132,3.346913146972656,0.4591070652008057,0.0109285868704319,53672
5950,194969600,0.744437609661108,3.385818099975586,0.47339563369750975,0.010891730338335038,51695
5960,195297280,0.7435575833550946,3.2959259033203123,0.46675820350646974,0.010971495509147644,51185
5970,195624960,0.7426766478199808,3.447918701171875,0.47866048812866213,0.010995420813560485,50462
5980,195952640,0.7417948071939264,3.3419300079345704,0.47837162017822266,0.011240171641111374,52503
5990,196280320,0.7409120656193431,3.2783786773681642,0.46703147888183594,0.011010416597127915,48778
6000,196608000,0.7400284272428742,3.2934955596923827,0.46051735877990724,0.01123567894101143,52839
6010,196935680,0.7391438962153765,3.3337337493896486,0.4540994644165039,0.010917018353939056,50161
6020,197263360,0.7382584766918991,3.3399116516113283,0.4639084815979004,0.010914569348096847,53952
6030,197591040,0.7373721728316657,3.3313724517822267,0.46981105804443357,0.011014682799577713,53913
6040,197918720,0.7364849887980534,3.389383316040039,0.47852253913879395,0.010961371660232543,53943
6050,198246400,0.7355969287585742,3.378104019165039,0.46521849632263185,0.010980132967233658,54365
6060,198574080,0.7347079968848549,3.3711265563964843,0.4657442569732666,0.01106773242354393,56341
6070,198901760,0.733818197352618,3.2992538452148437,0.4695415019989014,0.011006604135036468,56874
6080,199229440,0.7329275343416618,3.243050384521484,0.4531869888305664,0.011048825085163116,54173
6090,199557120,0.7320360120358402,3.331888961791992,0.46245641708374025,0.01101776510477066,54466
6100,199884800,0.7311436346230444,3.305316162109375,0.45890045166015625,0.011058704555034637,54248
6110,200212480,0.7302504062951819,3.384294128417969,0.46395649909973147,0.011049482971429825,64347
6120,200540160,0.7293563312481574,3.3002758026123047,0.4619726657867432,0.010989629477262498,66756
6130,200867840,0.7284614136818531,3.317707824707031,0.4526350021362305,0.011049554497003556,65945
6140,201195520,0.7275656578001092,3.252162551879883,0.4612473487854004,0.011034689098596572,67892
6150,201523200,0.7266690678107032,3.320653533935547,0.46207571029663086,0.011002348363399505,57379
6160,201850880,0.7257716479253312,3.3129676818847655,0.4531687259674072,0.011028243601322174,54197
6170,202178560,0.7248734023595879,3.2792598724365236,0.4592764377593994,0.01113297939300537,51978
6180,202506240,0.7239743353329462,3.316935729980469,0.4598491668701172,0.010948006808757783,52615
6190,202833920,0.7230744510687378,3.3719951629638674,0.4497671127319336,0.010913889110088348,51576
6200,203161600,0.7221737537941337,3.327370452880859,0.46699748039245603,0.011028072237968445,54647
6210,203489280,0.7212722477401238,3.344800567626953,0.4583468437194824,0.011051145195961,54015
6220,203816960,0.7203699371414969,3.383835220336914,0.45787997245788575,0.010966717451810836,55156
6230,204144640,0.7194668262368217,3.3104442596435546,0.45606236457824706,0.010956933349370956,53319
6240,204472320,0.7185629192684256,3.326487350463867,0.4546149730682373,0.010987229645252228,54984
6250,204800000,0.7176582204823762,3.2871021270751952,0.4585141181945801,0.011115889996290207,51621
6260,205127680,0.7167527341284602,3.2819892883300783,0.4651371479034424,0.011087729781866073,50106
6270,205455360,0.715846464460164,3.3260093688964845,0.45768394470214846,0.010943226516246796,51533
6280,205783040,0.7149394157346535,3.303697967529297,0.4612360954284668,0.010980451107025146,52500
6290,206110720,0.7140315922127544,3.3265846252441404,0.4691300868988037,0.01097056344151497,50411
6300,206438400,0.7131229981589317,3.3285888671875,0.49044528007507326,0.010992009937763215,52791
6310,206766080,0.7122136378412699,3.276924896240234,0.47423949241638186,0.01125834509730339,53913
6320,207093760,0.7113035155314535,3.324595642089844,0.4752032279968262,0.011051484942436218,52773
6330,207421440,0.710392635504746,3.356563949584961,0.45923328399658203,0.010873129218816757,51936
6340,207749120,0.70948100203997,3.3371532440185545,0.4607094764709473,0.011023901402950287,53945
6350,208076800,0.7085686194194882,3.364654541015625,0.45665225982666013,0.011001510918140412,53416
6360,208404480,0.7076554919291816,3.3116783142089843,0.4572314739227295,0.010946375876665115,52591
6370,208732160,0.7067416238584305,3.306687927246094,0.4553388595581055,0.010936476290225983,52561
6380,209059840,0.7058270195000943,3.36787109375,0.45961642265319824,0.010977787524461746,54488
6390,209387520,0.7049116831504906,3.3509620666503905,0.4758706569671631,0.011110709607601165,58044
6400,209715200,0.7039956191093758,3.3802947998046875,0.47126202583312987,0.011004206538200379,49661
6410,210042880,0.7030788316799246,3.369456100463867,0.47084932327270507,0.011011770367622376,56979
6420,210370560,0.7021613251687095,3.3363582611083986,0.4652057647705078,0.011085793375968933,65471
6430,210698240,0.7012431038856815,3.395119476318359,0.4647204399108887,0.011031994968652726,68381
6440,211025920,0.7003241721441484,3.3036968231201174,0.46682229042053225,0.01101694032549858,68575
6450,211353600,0.699404534260756,3.3368736267089845,0.4735203742980957,0.010905668884515763,67018
6460,211681280,0.6984841945554667,3.289910888671875,0.4778914928436279,0.011338339000940324,57394
6470,212008960,0.6975631573515402,3.252503204345703,0.45520572662353515,0.010828034579753875,54153
6480,212336640,0.6966414269755121,3.314646911621094,0.4567736625671387,0.010995536297559737,55333
6490,212664320,0.6957190077571747,3.3228206634521484,0.46556434631347654,0.01092020869255066,52882
6500,212992000,0.6947959040295556,3.234309768676758,0.4714210033416748,0.011010130494832992,51349
6510,213319680,0.693872120128898,3.339863586425781,0.46518421173095703,0.011013981699943543,53251
6520,213647360,0.6929476603946405,3.331819534301758,0.4813987731933594,0.010960017144680024,53952
6530,213975040,0.6920225291693962,3.305105972290039,0.4703402519226074,0.011028854548931122,52453
6540,214302720,0.6910967307989323,3.242420959472656,0.4710423469543457,0.011069076508283615,53649
6550,214630400,0.6901702696321502,3.277688980102539,0.4680269718170166,0.010979680716991425,52501
6560,214958080,0.6892431500210646,3.3119430541992188,0.46777849197387694,0.01095161959528923,55284
6570,215285760,0.6883153763207832,3.4049308776855467,0.4707161903381348,0.011012186855077743,53674
6580,215613440,0.6873869528894864,3.2915557861328124,0.46962475776672363,0.01109737977385521,52218
6590,215941120,0.6864578840884065,3.342115783691406,0.4718461990356445,0.010999680310487748,53503
6600,216268800,0.6855281742818073,3.2952896118164063,0.4656867027282715,0.011096426844596862,53477
6610,216596480,0.6845978278369642,3.3023887634277345,0.465164852142334,0.01119161769747734,54630
6620,216924160,0.683666849124143,3.3750843048095702,0.46187481880187986,0.010883595794439316,52352
6630,217251840,0.6827352425165789,3.3069843292236327,0.47338218688964845,0.011076601594686509,57048
6640,217579520,0.6818030123904574,3.3397777557373045,0.47197914123535156,0.011082723736763,58504
6650,217907200,0.6808701631248927,3.3045204162597654,0.4679105758666992,0.011047164350748062,53303
6660,218234880,0.6799366991019075,3.3162887573242186,0.46922850608825684,0.011035411059856415,51273
6670,218562560,0.6790026247064119,3.337183380126953,0.501175832748413,0.011137805879116058,53896
6680,218890240,0.6780679443261837,3.28485221862793,0.47332301139831545,0.011092502623796463,54216
6690,219217920,0.6771326623518468,3.312818908691406,0.48868699073791505,0.011071516573429108,54155
6700,219545600,0.6761967831768516,3.2971115112304688,0.4629981517791748,0.011133573949337006,54499
6710,219873280,0.6752603111974533,3.2896808624267577,0.4613283634185791,0.010936219245195389,52876
6720,220200960,0.6743232508126922,3.3444869995117186,0.4705605983734131,0.011011148244142533,51687
6730,220528640,0.6733856064243724,3.339509201049805,0.4843297004699707,0.01102776750922203,69525
6740,220856320,0.6724473824370414,3.216884231567383,0.46418023109436035,0.011118781566619874,66095
6750,221184000,0.6715085832579691,3.277447509765625,0.46227278709411623,0.011093122512102127,66063
6760,221511680,0.6705692132971278,3.2884853363037108,0.47526025772094727,0.011148039996623994,66936
6770,221839360,0.6696292769671708,3.2200531005859374,0.47304701805114746,0.011031188070774078,56413
6780,222167040,0.6686887786834115,3.308287811279297,0.4859764575958252,0.01119217723608017,55027
6790,222494720,0.6677477228638038,3.312984848022461,0.4826760768890381,0.01107693612575531,51928
6800,222822400,0.6668061139289202,3.2698490142822267,0.46211881637573243,0.01110643446445465,53419
6810,223150080,0.6658639563019313,3.3070095062255858,0.4823747634887695,0.01105743795633316,54602
6820,223477760,0.6649212544085855,3.322015380859375,0.46642775535583497,0.010960318148136139,54232
6830,223805440,0.6639780126771876,3.18740177154541,0.46164779663085936,0.011074687540531158,55103
6840,224133120,0.6630342355385784,3.2828330993652344,0.46847896575927733,0.010985417664051056,52979
6850,224460800,0.6620899274261136,3.272064208984375,0.46352996826171877,0.011031638830900192,50495
6860,224788480,0.6611450927756435,3.300611114501953,0.46393771171569825,0.0110342837870121,54387
6870,225116160,0.6601997360254913,3.2964881896972655,0.4824071407318115,0.011148662865161895,53688
6880,225443840,0.659253861616433,3.238827133178711,0.46137404441833496,0.011022955179214478,53237
6890,225771520,0.6583074739916764,3.2594589233398437,0.469041633605957,0.010910022258758544,48745
6900,226099200,0.65736057759684,3.2944793701171875,0.47219095230102537,0.011062228679656982,51681
6910,226426880,0.656413176879932,3.345342254638672,0.47441468238830564,0.011039812117815018,55170
6920,226754560,0.65546527629133,3.354541015625,0.47711668014526365,0.010976368188858032,47948
6930,227082240,0.6545168802837597,3.3031242370605467,0.48885307312011717,0.01105336844921112,52434
6940,227409920,0.6535679933122733,3.3104312896728514,0.47635760307312014,0.011106130480766297,53825
6950,227737600,0.6526186198342305,3.269943618774414,0.46205625534057615,0.010964524745941163,55203
6960,228065280,0.6516687643092755,3.333063507080078,0.4754819869995117,0.01092323213815689,55105
6970,228392960,0.6507184311993169,3.3155208587646485,0.4753291130065918,0.011079245060682297,52394
6980,228720640,0.6497676249685073,3.2629768371582033,0.4820375919342041,0.011159014701843262,53720
6990,229048320,0.648816350083221,3.2726287841796875,0.4813203811645508,0.010879111289978028,50723
7000,229376000,0.6478646110120344,3.259294128417969,0.4828164577484131,0.011090279370546342,55109
7010,229703680,0.6469124122257043,3.2573429107666017,0.4661224842071533,0.011000539362430572,54602
7020,230031360,0.6459597581971467,3.2712608337402345,0.4740105152130127,0.011066608875989915,55349
7030,230359040,0.6450066534014163,3.1933820724487303,0.46234798431396484,0.011206036061048507,56027
7040,230686720,0.6440531023156852,3.28375129699707,0.4747457981109619,0.011029904335737228,64572
7050,231014400,0.643099109419222,3.2696212768554687,0.4809422016143799,0.01100524589419365,65407
7060,231342080,0.6421446791933706,3.249276351928711,0.47214641571044924,0.010965415835380554,65502
7070,231669760,0.6411898161215294,3.2651615142822266,0.46207895278930666,0.010977789014577865,66145
7080,231997440,0.6402345246891296,3.2495887756347654,0.6178219795227051,0.012853498756885528,58565
7090,232325120,0.6392788093836153,3.2372989654541016,0.49562788009643555,0.011182284355163575,50122
7100,232652800,0.6383226746944214,3.2140247344970705,0.6617640972137451,0.013613370060920716,53792
7110,232980480,0.6373661251129528,3.206513214111328,0.48867368698120117,0.011066509038209915,54748
7120,233308160,0.6364091651325631,3.2023540496826173,0.4744748592376709,0.011109869182109832,54021
7130,233635840,0.6354517992485343,3.3221157073974608,0.5075548648834228,0.01101987436413765,52082
7140,233963520,0.6344940319580545,3.27470703125,0.4864341259002686,0.011111135780811309,52039
7150,234291200,0.6335358677601981,3.284954833984375,0.474529504776001,0.010953405499458313,52000
7160,234618880,0.6325773111559034,3.2746070861816405,0.4857481479644775,0.011164405941963195,53713
7170,234946560,0.631618366647952,3.260760498046875,0.4658689498901367,0.010958979278802872,54761
7180,235274240,0.6306590387409481,3.2532176971435547,0.46267271041870117,0.011008152365684509,53264
7190,235601920,0.6296993319412965,3.267598342895508,0.4662642955780029,0.011067736893892288,48989
7200,235929600,0.6287392507571821,3.299896240234375,0.46920065879821776,0.010969053208827972,51605
7210,236257280,0.627778799698548,3.2379642486572267,0.4831103324890137,0.011146746575832367,50553
7220,236584960,0.6268179832770756,3.2644542694091796,0.4757840633392334,0.011045977473258972,52193
7230,236912640,0.6258568060061616,3.2372791290283205,0.4835675239562988,0.011078062653541564,49723
7240,237240320,0.6248952724008985,3.266543960571289,0.46645708084106446,0.011074298620223999,50327
7250,237568000,0.6239333869780525,3.2709335327148437,0.48639678955078125,0.011101920902729035,51826
7260,237895680,0.6229711542560421,3.236428070068359,0.4697303295135498,0.011021795123815537,54410
7270,238223360,0.6220085787549176,3.241547393798828,0.471422004699707,0.010968246310949326,53268
7280,238551040,0.6210456649963396,3.187513542175293,0.4674369812011719,0.010955548286437989,53709
7290,238878720,0.6200824175035572,3.2412952423095702,0.4695253849029541,0.01100163757801056,53270
7300,239206400,0.6191188408013876,3.2811649322509764,0.4744268417358398,0.011058155447244644,50768
7310,239534080,0.618154939416194,3.2125503540039064,0.4841275215148926,0.011153659969568252,49705
7320,239861760,0.6171907178758654,3.2262744903564453,0.4641261100769043,0.010920551419258118,54063
7330,240189440,0.6162261807097943,3.2785228729248046,0.4788509368896484,0.011074896901845932,56172
7340,240517120,0.615261332448856,3.2769405364990236,0.4710359573364258,0.011080905795097351,49162
7350,240844800,0.6142961776253867,3.2439231872558594,0.47457308769226075,0.010978211462497712,59175
7360,241172480,0.6133307207731634,3.245793914794922,0.47003707885742185,0.011027850210666656,65331
7370,241500160,0.6123649664273816,3.238623046875,0.4737980842590332,0.011057909578084946,66845
7380,241827840,0.6113989191246338,3.2376190185546876,0.4795279026031494,0.011053334176540374,67330
7390,242155520,0.6104325834028894,3.2378002166748048,0.47247905731201173,0.01105731725692749,62227
7400,242483200,0.6094659638014722,3.2785953521728515,0.4801492691040039,0.011051608622074128,53058
7410,242810880,0.6084990648610393,3.2363441467285154,0.4648193359375,0.011022213846445084,56801
7420,243138560,0.6075318911235607,3.324850082397461,0.4782698154449463,0.010999403893947601,54599
7430,243466240,0.6065644471322965,3.2984378814697264,0.48111281394958494,0.010835979878902436,54709
7440,243793920,0.6055967374317768,3.3278846740722656,0.477123498916626,0.011065332591533661,53865
7450,244121600,0.6046287665677795,3.2671463012695314,0.4760401248931885,0.010959910601377488,55800
7460,244449280,0.6036605390873098,3.2524986267089844,0.4902798175811768,0.011113613098859786,53831
7470,244776960,0.6026920595385779,3.2511138916015625,0.483168888092041,0.010983747988939285,54243
7480,245104640,0.6017233324709779,3.2507602691650392,0.470571231842041,0.011059296876192093,54720
7490,245432320,0.6007543624350674,3.1830163955688477,0.4774947166442871,0.010950388759374619,51765
7500,245760000,0.5997851539825445,3.1696949005126953,0.47590079307556155,0.010986477881669999,55123
7510,246087680,0.5988157116662278,3.1975082397460937,0.4688671112060547,0.010954937338829041,52812
7520,246415360,0.5978460400400343,3.1999814987182615,0.46649785041809083,0.010946272313594818,52288
7530,246743040,0.5968761436589581,3.226227951049805,0.4830638885498047,0.011099471896886825,51371
7540,247070720,0.595906027079049,3.2844223022460937,0.47932024002075196,0.010912083089351654,50407
7550,247398400,0.5949356948573915,3.211852264404297,0.4739657402038574,0.010992384701967239,50579
7560,247726080,0.593965151552083,3.2423847198486326,0.4767119884490967,0.01106041818857193,53665
7570,248053760,0.5929944017222119,3.178909683227539,0.46779556274414064,0.011027245223522187,54790
7580,248381440,0.5920234499278374,3.2734249114990233,0.47707562446594237,0.010967059433460236,54397
7590,248709120,0.5910523007299672,3.231863784790039,0.4757077693939209,0.011070908606052398,54605
7600,249036800,0.5900809586905363,3.2776870727539062,0.47528963088989257,0.011024650186300278,50831
7610,249364480,0.5891094283723856,3.253368377685547,0.4701861381530762,0.011001504957675934,52690
7620,249692160,0.5881377143392402,3.2854263305664064,0.480988073348999,0.011111032217741013,54599
7630,250019840,0.5871658211556886,3.323683166503906,0.49341793060302735,0.01100889891386032,53553
7640,250347520,0.5861937533871606,3.2034885406494142,0.4754547119140625,0.010956019908189774,49229
7650,250675200,0.585221515599906,3.252898406982422,0.488810396194458,0.01092725694179535,57673
7660,251002880,0.5842491123609734,3.1854293823242186,0.48122005462646483,0.010945358872413635,69550
7670,251330560,0.5832765482381888,3.2819473266601564,0.48285136222839353,0.011100515723228455,66796
7680,251658240,0.5823038278001335,3.2442180633544924,0.4895023345947266,0.011238974332809449,76382
7690,251985920,0.5813309556161232,3.2158767700195314,0.4722884654998779,0.010944319516420364,68316
7700,252313600,0.5803579362561871,3.240171432495117,0.4673046112060547,0.011067874729633331,62933
7710,252641280,0.5793847742910447,3.2802852630615233,0.47472376823425294,0.011019919812679291,52992
7720,252968960,0.5784114742920861,3.2457645416259764,0.485066556930542,0.011036734282970428,51247
7730,253296640,0.5774380408313496,3.16434268951416,0.48545308113098146,0.01120951548218727,51004
7740,253624320,0.5764644784815004,3.215625,0.4828339576721191,0.011101585626602174,54349
7750,253952000,0.575490791815809,3.283451461791992,0.4816129684448242,0.011061426997184754,56618
7760,254279680,0.5745169854081302,3.255945587158203,0.47986445426940916,0.010979340970516204,54607
7770,254607360,0.5735430638328811,3.1822124481201173,0.47701544761657716,0.011193621158599853,54109
7780,254935040,0.5725690316650198,3.2075157165527344,0.48234052658081056,0.0110044464468956,52624
7790,255262720,0.571594893480024,3.2306339263916017,0.47759380340576174,0.01124614179134369,51497
7800,255590400,0.5706206538538694,3.253071594238281,0.48533358573913576,0.01102728173136711,56484
7810,255918080,0.5696463173630077,3.2678577423095705,0.48721961975097655,0.011058513075113297,55267
7820,256245760,0.5686718885843468,3.254843902587891,0.4781651020050049,0.01102576106786728,53909
7830,256573440,0.5676973720952269,3.2297996520996093,0.49298605918884275,0.011161264032125473,56912
7840,256901120,0.5667227724734006,3.2367927551269533,0.4933933258056641,0.011054129898548126,56592
7850,257228800,0.5657480942970116,3.270323944091797,0.48325333595275877,0.011046372354030609,56449
7860,257556480,0.5647733421445715,3.241781234741211,0.47896461486816405,0.011038319766521454,54621
7870,257884160,0.5637985205949405,3.2576168060302733,0.47797813415527346,0.011054841428995132,55143
7880,258211840,0.5628236342273044,3.2546878814697267,0.4807601451873779,0.011030297726392746,56199
7890,258539520,0.5618486876211529,3.248735046386719,0.4777539253234863,0.010981141030788422,51701
7900,258867200,0.5608736853562596,3.244818115234375,0.48792181015014646,0.011131983250379562,56192
7910,259194880,0.5598986320126588,3.233312225341797,0.4799708366394043,0.011114571988582612,55018
7920,259522560,0.5589235321706254,3.136114501953125,0.48287429809570315,0.011129407584667206,55494
7930,259850240,0.557948390410652,3.2448848724365233,0.4930169105529785,0.01113758161664009,55222
7940,260177920,0.5569732113134289,3.2321983337402345,0.4840564250946045,0.011002983897924423,56411
7950,260505600,0.5559979994598211,3.2091415405273436,0.4813957214355469,0.011078336834907531,54504
7960,260833280,0.5550227594308477,3.2953460693359373,0.49810471534729006,0.011117000132799149,54411
7970,261160960,0.5540474958076603,3.1705556869506837,0.47475218772888184,0.010994728654623032,62259
7980,261488640,0.5530722131715214,3.2218643188476563,0.47721428871154786,0.011162909120321274,73581
7990,261816320,0.5520969161037825,3.2209625244140625,0.4884368896484375,0.011050711572170257,70971
8000,262144000,0.551121609185863,3.26159553527832,0.48116073608398435,0.0111370250582695,73018
8010,262471680,0.5501462969992287,3.1659664154052733,0.4824689388275146,0.011148490011692047,69665
8020,262799360,0.5491709841253699,3.1755332946777344,0.4823281288146973,0.011136184632778167,62544
8030,263127040,0.5481956751457805,3.216012954711914,0.48062381744384763,0.011114342510700226,59764
8040,263454720,0.5472203746419358,3.220526123046875,0.47926039695739747,0.011145131289958954,60295
8050,263782400,0.5462450871952715,3.1665084838867186,0.4756020069122314,0.010995978116989135,56119
8060,264110080,0.5452698173871616,3.1698001861572265,0.49169397354125977,0.011219386011362076,53242
8070,264437760,0.5442945697988978,3.233278274536133,0.4750870704650879,0.011119677126407624,53277
8080,264765440,0.5433193490116667,3.2361122131347657,0.4817350387573242,0.011142611503601074,52203
8090,265093120,0.5423441596065299,3.2069980621337892,0.496107816696167,0.0111394964158535,52283
8100,265420800,0.5413690061644008,3.2187286376953126,0.4909764289855957,0.011187881231307983,55230
8110,265748480,0.5403938932660243,3.2065452575683593,0.48978662490844727,0.011161568015813828,54252
8120,266076160,0.5394188254919544,3.2463760375976562,0.48653721809387207,0.010931290686130524,53468
8130,266403840,0.538443807422534,3.1970809936523437,0.4860403060913086,0.011078348755836487,53325
8140,266731520,0.5374688436378715,3.2041248321533202,0.4822841644287109,0.011137665808200836,53659
8150,267059200,0.5364939387178209,3.245396041870117,0.48058786392211916,0.01106584444642067,54843
8160,267386880,0.5355190972419597,3.1366348266601562,0.47490615844726564,0.011099094897508622,55372
8170,267714560,0.5345443237895667,3.2520820617675783,0.4907345771789551,0.011015859246253968,53925
8180,268042240,0.5335696229396024,3.220083236694336,0.49172148704528806,0.01108320951461792,55250
8190,268369920,0.532594999270685,3.230403518676758,0.4849688053131104,0.011087799817323685,53808
8200,268697600,0.5316204573610711,3.2758052825927733,0.4887555122375488,0.011108439415693283,55059
8210,269025280,0.5306460017886323,3.220073699951172,0.4855088710784912,0.011079762876033784,52251
8220,269352960,0.5296716371308356,3.2360584259033205,0.48233656883239745,0.011011814326047897,49697
8230,269680640,0.5286973679647203,3.189338493347168,0.48928542137145997,0.0111558698117733,56241
8240,270008320,0.5277231988668772,3.2092018127441406,0.47929673194885253,0.01109657883644104,55514
8250,270336000,0.5267491344134275,3.190015983581543,0.48307070732116697,0.011144489049911499,54459
8260,270663680,0.5257751791799999,3.247409439086914,0.48482093811035154,0.011149396002292634,55217
8270,270991360,0.5248013377417113,3.204484558105469,0.48079671859741213,0.011191053688526154,53760
8280,271319040,0.523827614673143,3.1486446380615236,0.4833652973175049,0.011014475673437118,55054
8290,271646720,0.5228540145483207,3.1764528274536135,0.47681565284729005,0.01102132648229599,65786
8300,271974400,0.5218805419406926,3.255898284912109,0.4876428127288818,0.011121483147144317,69493
8310,272302080,0.5209072014231075,3.17038516998291,0.4796150207519531,0.011048081517219543,67372
8320,272629760,0.5199339975677946,3.243230438232422,0.4801055908203125,0.01096183955669403,66932
8330,272957440,0.51896093494634,3.2422767639160157,0.4875230312347412,0.011023727804422378,62310
8340,273285120,0.5179880181296672,3.264307403564453,0.49473557472229,0.011187013238668442,55477
8350,273612800,0.5170152516880143,3.1273460388183594,0.48090686798095705,0.011122370511293412,55092
8360,273940480,0.5160426401909136,3.206843948364258,0.4944604873657227,0.011074455827474594,57562
8370,274268160,0.5150701882071689,3.236115264892578,0.4892688274383545,0.011086015403270722,52935
8380,274595840,0.514097900304835,3.2246414184570313,0.4857796192169189,0.011064826697111129,56547
8390,274923520,0.5131257810511961,3.2484764099121093,0.5085960865020752,0.011040908098220826,53912
8400,275251200,0.5121538350127436,3.2037242889404296,0.4882970809936523,0.011202605813741684,54698
8410,275578880,0.511182066755156,3.123594284057617,0.481599760055542,0.011094637215137482,57382
8420,275906560,0.510210480843276,3.2094486236572264,0.4765629291534424,0.011044105887413025,56112
8430,276234240,0.5092390818410902,3.1875314712524414,0.4933141231536865,0.011158016324043275,56322
8440,276561920,0.508267874311707,3.1792173385620117,0.48939971923828124,0.01110256314277649,54555
8450,276889600,0.5072968628173354,3.2463520050048826,0.49321651458740234,0.011200611293315888,54286
8460,277217280,0.5063260519192636,3.1966070175170898,0.49489903450012207,0.011089888215065003,55616
8470,277544960,0.5053554461778373,3.2166488647460936,0.4844862937927246,0.011221198737621308,55250
8480,277872640,0.5043850501524388,3.1607900619506837,0.484141206741333,0.011121870577335357,52555
8490,278200320,0.5034148684014648,3.2256168365478515,0.5148073196411133,0.011179087311029434,51386
8500,278528000,0.502444905482306,3.1982185363769533,0.4973568916320801,0.011210478842258453,50786
8510,278855680,0.5014751659513248,3.181255912780762,0.4890896797180176,0.011111550033092499,49190
8520,279183360,0.5005056543638344,3.1685741424560545,0.49112496376037595,0.011173836886882782,52447
8530,279511040,0.499536375274077,3.208206558227539,0.490170955657959,0.011126746982336044,53757
8540,279838720,0.4985673332352031,3.1553131103515626,0.48845653533935546,0.011304836720228195,55816
8550,280166400,0.49759853279924915,3.1893308639526365,0.48512706756591795,0.011047715693712235,55090
8560,280494080,0.4966299785171171,3.194819450378418,0.49521918296813966,0.011126752197742461,55593
8570,280821760,0.4956616749385523,3.165398597717285,0.495408821105957,0.011107107251882553,52235
8580,281149440,0.49469362661212246,3.24671630859375,0.49382829666137695,0.010959435254335403,53829
8590,281477120,0.49372583808519666,3.2496273040771486,0.47951316833496094,0.01105247363448143,55244
8600,281804800,0.4927583139039229,3.199553871154785,0.4883752346038818,0.011161760985851287,54548
8610,282132480,0.49179105861320815,3.168718147277832,0.4918648719787598,0.011068768799304962,69281
8620,282460160,0.4908240767566955,3.2196388244628906,0.5021745681762695,0.011137669533491134,69360
8630,282787840,0.48985737287674447,3.191765785217285,0.49599313735961914,0.011174023896455765,68780
8640,283115520,0.4888909515144081,3.2103107452392576,0.5021432399749756,0.011142752319574355,65168
8650,283443200,0.4879248172094126,3.1734746932983398,0.4951425075531006,0.010987449437379837,54223
8660,283770880,0.4869589745001358,3.231806182861328,0.5053531646728515,0.011063120514154434,57038
8670,284098560,0.48599342792358535,3.198581314086914,0.49501333236694334,0.01117112934589386,54796
8680,284426240,0.48502818201537845,3.184879684448242,0.4872011184692383,0.011137230694293976,56032
8690,284753920,0.48406324130971956,3.182852935791016,0.4902020454406738,0.011139000952243804,58826
8700,285081600,0.4830986103393794,3.1781536102294923,0.48964223861694334,0.011098560690879822,57495
8710,285409280,0.4821342936356737,3.233540725708008,0.4913912296295166,0.011085030436515809,59261
8720,285736960,0.4811702957284427,3.228394317626953,0.49593396186828614,0.011199332028627395,56952
8730,286064640,0.48020662114602786,3.1735374450683596,0.49062533378601075,0.011240147054195404,55064
8740,286392320,0.4792432744152527,3.213560104370117,0.4859720230102539,0.011103303730487823,56202
8750,286720000,0.47828026006140056,3.2167888641357423,0.4920405387878418,0.011241093277931213,58190
8760,287047680,0.477317582608193,3.123017501831055,0.4814208984375,0.011142174154520035,55604
8770,287375360,0.4763552465777695,3.1994792938232424,0.4913495540618896,0.011063884198665618,56559
8780,287703040,0.47539325649066544,3.1419233322143554,0.4964731216430664,0.011132660508155822,56439
8790,288030720,0.4744316168657915,3.185080146789551,0.4965961933135986,0.011169122159481048,59614
8800,288358400,0.47347033222041146,3.1770435333251954,0.4998983383178711,0.011200999468564987,57627
8810,288686080,0.47250940707012234,3.1705133438110353,0.48942861557006834,0.01127099022269249,60393
8820,289013760,0.47154884592883173,3.1429426193237306,0.49437437057495115,0.01118517741560936,59905
8830,289341440,0.4705886533087379,3.2189052581787108,0.4929154396057129,0.011156880110502244,57765
8840,289669120,0.4696288337203076,3.148506736755371,0.4947373390197754,0.01122492328286171,54231
8850,289996800,0.4686693916722554,3.160870170593262,0.48937649726867677,0.011199995875358582,55726
8860,290324480,0.46771033167152265,3.1566356658935546,0.49790081977844236,0.01125284656882286,61095
8870,290652160,0.4667516582232554,3.2215858459472657,0.48790993690490725,0.011145778000354767,55468
8880,290979840,0.46579337583078473,3.1681116104125975,0.4837194919586182,0.011161305010318756,57533
8890,291307520,0.4648354889956039,3.202083969116211,0.49690756797790525,0.011165913939476014,56320
8900,291635200,0.4638780022173489,3.1519041061401367,0.49243669509887694,0.011079308390617371,59671
8910,291962880,0.4629209199937757,3.17926139831543,0.49891095161437987,0.011176621913909912,58797
8920,292290560,0.46196424682074044,3.1771572113037108,0.49579944610595705,0.011261092126369476,57861
8930,292618240,0.4610079871921775,3.1232046127319335,0.49554643630981443,0.01117899939417839,70724
8940,292945920,0.4600521456000787,3.175436782836914,0.506958293914795,0.011252510547637939,68503
8950,293273600,0.4590967265344721,3.1977739334106445,0.4940042495727539,0.011090588569641114,71373
8960,293601280,0.4581417344834009,3.1293540954589845,0.5006504058837891,0.011270513385534286,70332
8970,293928960,0.45718717393290287,3.163469123840332,0.5006662368774414,0.011285396665334702,64770
8980,294256640,0.45623304936698816,3.161504364013672,0.5020824432373047,0.011027415096759797,57764
8990,294584320,0.4552793652676195,3.158875846862793,0.4953904628753662,0.011196418106555939,55314
9000,294912000,0.4543261261146899,3.1663467407226564,0.483927059173584,0.011092100292444229,60944
9010,295239680,0.45337333638600297,3.2351551055908203,0.4995790958404541,0.011195108294487,53302
9020,295567360,0.45242100055725065,3.2208236694335937,0.49509611129760744,0.011191004514694214,54172
9030,295895040,0.45146912310199294,3.2149120330810548,0.510047435760498,0.011167260259389878,54726
9040,296222720,0.4505177084916365,3.185732841491699,0.4964119911193848,0.011171041429042817,59690
9050,296550400,0.44956676119541383,3.2474292755126952,0.4993077278137207,0.011233144253492356,55584
9060,296878080,0.4486162856803626,3.1989551544189454,0.5083304882049561,0.011247161775827408,54694
9070,297205760,0.44766628641130346,3.148681640625,0.4893797874450684,0.011169441789388657,60797
9080,297533440,0.4467167678508208,3.1224769592285155,0.4895761489868164,0.01132536232471466,51302
9090,297861120,0.44576773445924056,3.169552230834961,0.4867990493774414,0.01128016859292984,58098
9100,298188800,0.4448191906946096,3.2257591247558595,0.5049962043762207,0.011229319870471955,58018
9110,298516480,0.44387114101267466,3.148666191101074,0.4882089138031006,0.011085767298936844,54813
9120,298844160,0.44292358986686153,3.1328540802001954,0.48265805244445803,0.011062470078468323,53794
9130,299171840,0.4419765417082546,3.1410770416259766,0.49197773933410643,0.011160322278738023,54723
9140,299499520,0.4410300009855749,3.14174747467041,0.4858677864074707,0.01116800457239151,56339
9150,299827200,0.4400839721451604,3.1413314819335936,0.5006117820739746,0.011288478225469589,54421
9160,300154880,0.43913845963094367,3.1845819473266603,0.49858994483947755,0.011219996213912963,54823
9170,300482560,0.4381934678844329,3.159988594055176,0.49998931884765624,0.011241870373487473,51948
9180,300810240,0.43724900134468936,3.182102012634277,0.5042668342590332,0.011072183400392533,52023
9190,301137920,0.4363050644483073,3.1658273696899415,0.4978034973144531,0.011307385563850404,50931
9200,301465600,0.4353616616293928,3.245496368408203,0.5028348445892334,0.011254195123910904,49630
9210,301793280,0.4344187973195436,3.226239776611328,0.5019583702087402,0.011160120368003845,54279
9220,302120960,0.43347647594782734,3.132210922241211,0.4874293327331543,0.011297385394573211,55470
9230,302448640,0.4325347019407614,3.2200660705566406,0.48822798728942873,0.011242178082466126,55685
9240,302776320,0.43159347972229234,3.172957420349121,0.48843746185302733,0.011141560971736908,58168
9250,303104000,0.43065281371377384,3.1816301345825195,0.48380093574523925,0.011117544025182724,67865
9260,303431680,0.4297127083339477,3.1646049499511717,0.5109479904174805,0.011385970562696458,66769
9270,303759360,0.4287731679989216,3.187397766113281,0.49792962074279784,0.011153677105903625,66570
9280,304087040,0.4278341971221492,3.1324298858642576,0.49170684814453125,0.011193949729204178,67004
9290,304414720,0.4268958001144092,3.1885812759399412,0.49157052040100097,0.01119493693113327,57380
9300,304742400,0.42595798138378416,3.1861854553222657,0.4888773918151855,0.011275205761194229,67477
9310,305070080,0.4250207453356408,3.195608901977539,0.5025249481201172,0.011296889930963516,56389
9320,305397760,0.42408409637260824,3.2133583068847655,0.5058837413787842,0.011242391914129258,52868
9330,305725440,0.4231480388945583,3.180902099609375,0.502369499206543,0.011232392489910125,55323
9340,306053120,0.4222125772985835,3.19146785736084,0.5120491981506348,0.011237799376249313,55750
9350,306380800,0.42127771597897823,3.1245981216430665,0.4971747398376465,0.011151866614818573,55539
9360,306708480,0.4203434593272163,3.202892303466797,0.4989763736724854,0.011119012534618378,55207
9370,307036160,0.4194098117319315,3.167272758483887,0.49766201972961427,0.011241360753774642,52327
9380,307363840,0.41847677757889645,3.171751594543457,0.5005762100219726,0.011164533346891404,55642
9390,307691520,0.41754436125100236,3.203771209716797,0.5013366222381592,0.011195004731416703,49490
9400,308019200,0.416612567128238,3.148321342468262,0.4877620220184326,0.011188456416130066,55245
9410,308346880,0.41568139958766936,3.096287727355957,0.49829978942871095,0.011267157644033432,55022
9420,308674560,0.41475086300341946,3.1404037475585938,0.49438138008117677,0.011278824508190155,53788
9430,309002240,0.41382096174664673,3.1294649124145506,0.49702863693237304,0.011290969699621201,51106
9440,309329920,0.412891700185526,3.2084880828857423,0.49698243141174314,0.011233069002628326,52228
9450,309657600,0.4119630826852264,3.131865310668945,0.49341483116149903,0.011207275092601776,51042
9460,309985280,0.41103511360789224,3.1797918319702148,0.5020670413970947,0.011227814853191376,54618
9470,310312960,0.4101077973126215,3.1812232971191405,0.49070143699645996,0.01119808405637741,53814
9480,310640640,0.40918113815544555,3.0958368301391603,0.49163217544555665,0.011202531307935715,53712
9490,310968320,0.40825514048930955,3.1305091857910154,0.4851274013519287,0.011254086345434188,54569
9500,311296000,0.4073298086640508,3.1609542846679686,0.4984712600708008,0.011152823269367219,53108
9510,311623680,0.4064051470263791,3.136123466491699,0.4965827941894531,0.011279899626970291,49904
9520,311951360,0.40548115991985556,3.227001953125,0.5125988483428955,0.01116771250963211,51069
9530,312279040,0.4045578516848737,3.120819854736328,0.5163742542266846,0.01122656986117363,50253
9540,312606720,0.40363522665863694,3.1679767608642577,0.5059953212738038,0.011346455663442612,51797
9550,312934400,0.4027132891751404,3.1838130950927734,0.5089017868041992,0.011202950030565262,54947
9560,313262080,0.40179204356514864,3.148372459411621,0.5028624534606934,0.011106814444065093,66847
9570,313589760,0.4008714941561764,3.112299156188965,0.4931015491485596,0.011195814609527588,65817
9580,313917440,0.3999516452724685,3.1213455200195312,0.48719038963317873,0.01127176284790039,68055
9590,314245120,0.39903250123497847,3.118852996826172,0.4856999397277832,0.011190970987081527,68148
9600,314572800,0.3981140663613494,3.183987045288086,0.5028733730316162,0.011135576665401459,53314
9610,314900480,0.3971963449658923,3.1991453170776367,0.5076699733734131,0.011190583556890487,50793
9620,315228160,0.39627934135956777,3.1322607040405273,0.4914910316467285,0.010940493643283844,49908
9630,315555840,0.3953630598499638,3.1859535217285155,0.49814252853393554,0.01131664589047432,52639
9640,315883520,0.3944475047412763,3.1860515594482424,0.49480242729187013,0.011247458308935166,52549
9650,316211200,0.3935326803342897,3.196704292297363,0.5054173469543457,0.011248281598091126,55484
9660,316538880,0.3926185909263551,3.2298755645751953,0.49156994819641114,0.011212452501058578,54889
9670,316866560,0.3917052408113716,3.1631311416625976,0.5069992065429687,0.01133156642317772,51515
9680,317194240,0.39079263427976507,3.1568809509277345,0.5291825771331787,0.011437498033046722,53705
9690,317521920,0.389880775618469,3.1670581817626955,0.5161071300506592,0.011131556332111358,53969
9700,317849600,0.388969669110903,3.1603366851806642,0.5015532970428467,0.01124495193362236,53909
9710,318177280,0.38805931903695423,3.1748355865478515,0.5142508506774902,0.011333657801151276,57459
9720,318504960,0.38714972967295613,3.120002555847168,0.49455766677856444,0.011172618716955185,53282
9730,318832640,0.38624090529166855,3.1141330718994142,0.4889712333679199,0.011216344684362412,57887
9740,319160320,0.3853328501622585,3.1234014511108397,0.49169192314147947,0.011247554421424865,55417
9750,319488000,0.38442556855027865,3.2058074951171873,0.5066871643066406,0.011271442472934722,52977
9760,319815680,0.38351906471764896,3.159234809875488,0.5093998908996582,0.011351574957370759,54231
9770,320143360,0.3826133429226348,3.1771774291992188,0.5077127933502197,0.011177176237106323,54884
9780,320471040,0.38170840741982925,3.1723695755004884,0.502134895324707,0.011221973598003388,53996
9790,320798720,0.38080426246013044,3.133342742919922,0.5026731491088867,0.011173966526985168,52139
9800,321126400,0.379900912290724,3.081516647338867,0.4962486267089844,0.011341967433691025,54257
9810,321454080,0.3789983611550616,3.1624170303344727,0.5009397983551025,0.011178269237279891,53536
9820,321781760,0.3780966132928413,3.171939468383789,0.5048197746276856,0.011166616529226302,55614
9830,322109440,0.37719567293998824,3.1650232315063476,0.4964564323425293,0.011304663121700287,53432
9840,322437120,0.3762955443286341,3.1294988632202148,0.5077849388122558,0.011260956525802612,53243
9850,322764800,0.37539623168709757,3.223732757568359,0.5059836387634278,0.01135387048125267,50543
9860,323092480,0.37449773923986396,3.092011260986328,0.498841667175293,0.011313986033201218,59481
9870,323420160,0.37360007120756655,3.175937461853027,0.5023341178894043,0.011244632303714752,68180
9880,323747840,0.37270323180696474,3.148316192626953,0.49486889839172366,0.011177309602499009,68082
9890,324075520,0.3718072252509268,3.1056282043457033,0.4960330009460449,0.011340700089931488,65637
9900,324403200,0.370912055748408,3.1668270111083983,0.5043781757354736,0.011227017641067505,60570
9910,324730880,0.3700177275044315,3.162444305419922,0.5082341194152832,0.011224120855331421,54637
9920,325058560,0.369124244720069,3.1084514617919923,0.4948612689971924,0.011334768682718276,55046
9930,325386240,0.36823161159242057,3.1239017486572265,0.49559841156005857,0.011310827732086182,53152
9940,325713920,0.3673398323145951,3.1456026077270507,0.48902621269226076,0.011197913438081741,52387
9950,326041600,0.36644891107569044,3.1731636047363283,0.4992531776428223,0.011292428523302079,50765
9960,326369280,0.3655588520607741,3.1566253662109376,0.5057864189147949,0.011430107057094574,51994
9970,326696960,0.3646696594508628,3.202260208129883,0.5091685771942138,0.011191809177398681,52937
9980,327024640,0.3637813374229041,3.141383171081543,0.4987302780151367,0.011293525993824004,52463
9990,327352320,0.36289389014975526,3.102011871337891,0.4981179714202881,0.011304526776075362,53335
10000,327680000,0.3620073218001649,3.1363719940185546,0.49576892852783205,0.011093799024820328,50716
10010,328007680,0.3611216365387533,3.189722442626953,0.5076090335845947,0.011238377541303635,51329
10020,328335360,0.360236838525991,3.1454519271850585,0.5161606788635253,0.011248210817575455,52210
10030,328663040,0.3593529319181825,3.1803564071655273,0.5039351940155029,0.01131296306848526,54345
10040,328990720,0.35846992086744367,3.1265890121459963,0.49616336822509766,0.01118786185979843,51529
10050,329318400,0.35758780952168456,3.163848114013672,0.5221164703369141,0.01135990023612976,53759
10060,329646080,0.3567066020245879,3.104098892211914,0.49707651138305664,0.011293334513902664,51746
10070,329973760,0.35582630251559155,3.132468032836914,0.496355676651001,0.011298011988401413,46658
10080,330301440,0.3549469151298672,3.076470375061035,0.48781566619873046,0.01130005121231079,52483
10090,330629120,0.3540684439983024,3.1236717224121096,0.5049162864685058,0.011462883651256561,52625
10100,330956800,0.3531908932474809,3.163251495361328,0.5055462837219238,0.011190219968557357,52722
10110,331284480,0.3523142669996624,3.164534568786621,0.5097736835479736,0.011375764757394791,53267
10120,331612160,0.3514385693727643,3.1580230712890627,0.5081660270690918,0.01121944934129715,52718
10130,331939840,0.3505638044803414,3.1422895431518554,0.5046627521514893,0.011243326961994171,52321
10140,332267520,0.3496899764315674,3.1796817779541016,0.5182736396789551,0.011380625516176223,49991
10150,332595200,0.3488170893312148,3.0977863311767577,0.5029422283172608,0.011432500928640366,52236
10160,332922880,0.34794514727963644,3.074978256225586,0.498646879196167,0.011186537891626358,54642
10170,333250560,0.3470741543727457,3.1239267349243165,0.512387466430664,0.011353658139705658,66115
10180,333578240,0.346204114701997,3.088150405883789,0.5035264968872071,0.011286987364292145,65401
10190,333905920,0.345335032354368,3.1655391693115233,0.5103158473968505,0.011335203051567077,65663
10200,334233600,0.34446691141233793,3.103219223022461,0.5012175559997558,0.011430201679468155,65795
10210,334561280,0.34359975595387116,3.0539434432983397,0.5007737636566162,0.011305765062570573,54931
10220,334888960,0.3427335700523958,3.1631282806396483,0.5016744136810303,0.011273807287216187,50137
10230,335216640,0.3418683577767862,3.186925506591797,0.5151784420013428,0.011307744681835175,52453
10240,335544320,0.34100412319134277,3.1461410522460938,0.5099394798278809,0.011162721365690232,52031
10250,335872000,0.34014087035577323,3.1657711029052735,0.507105016708374,0.011354305595159531,51901
10260,336199680,0.33927860332517384,3.1914052963256836,0.5093850135803223,0.011273765563964843,52819
10270,336527360,0.3384173261500096,3.072243881225586,0.5046233177185059,0.011213068664073945,52829
10280,336855040,0.33755704287609634,3.1372402191162108,0.509095287322998,0.011291344463825227,50275
10290,337182720,0.3366977575445804,3.1290042877197264,0.5094217300415039,0.011406593769788743,50272
10300,337510400,0.3358394741919212,3.112965202331543,0.49861764907836914,0.011231013387441636,48812
10310,337838080,0.33498219684987046,3.215956115722656,0.5076796054840088,0.011350463330745696,52736
10320,338165760,0.3341259295454547,3.183371925354004,0.49973344802856445,0.011238758265972138,54176
10330,338493440,0.33327067630095575,3.1926979064941405,0.5109805107116699,0.011420542001724243,53981
10340,338821120,0.3324164411338921,3.1265567779541015,0.5013421535491943,0.011181662231683731,56948
10350,339148800,0.33156322805699956,3.1117944717407227,0.4970837116241455,0.011260997503995895,49621
10360,339476480,0.3307110410782127,3.1214929580688477,0.5011734962463379,0.011355816572904586,50090
10370,339804160,0.32985988420064666,3.1704111099243164,0.507707929611206,0.011198335886001587,52484
10380,340131840,0.3290097614225766,3.0940956115722655,0.49850287437438967,0.011397351324558259,51831
10390,340459520,0.3281606767374211,3.138684844970703,0.5112456321716309,0.011439339816570282,50326
10400,340787200,0.3273126341337218,3.1660364151000975,0.5102583885192871,0.011237887293100357,51556
10410,341114880,0.3264656375951254,3.0719135284423826,0.5064332962036133,0.011383499950170517,53183
10420,341442560,0.3256196911003647,3.0740951538085937,0.5052824497222901,0.011370564997196197,54778
10430,341770240,0.3247747986232399,3.1164316177368163,0.5079895973205566,0.011235465109348298,54548
10440,342097920,0.3239309641325999,3.1562326431274412,0.5154571533203125,0.011406906694173814,54138
10450,342425600,0.3230881915923239,3.133290481567383,0.5107881546020507,0.011340876668691635,49337
10460,342753280,0.32224648496130276,3.1702291488647463,0.5175553321838379,0.011387955397367477,54648
10470,343080960,0.32140584819341994,3.1358375549316406,0.5254234313964844,0.011439923942089082,58602
10480,343408640,0.3205662852375337,3.1276119232177733,0.5064360141754151,0.011362600326538085,66163
10490,343736320,0.3197278000374577,3.0989030838012694,0.5072203636169433,0.011313073337078094,64897
10500,344064000,0.31889039653194307,3.0782472610473635,0.5195282459259033,0.011396820843219756,66863
10510,344391680,0.31805407865465946,3.0879585266113283,0.5059428691864014,0.011268455535173416,62269
10520,344719360,0.31721885033417746,3.115496063232422,0.5054594993591308,0.01136959046125412,50520
10530,345047040,0.3163847154939489,3.11898136138916,0.5107907295227051,0.011360536515712737,50533
10540,345374720,0.3155516780522891,3.15847110748291,0.5137766838073731,0.011292510479688645,54050
10550,345702400,0.31471974192235896,3.075823211669922,0.5046289920806885,0.011227218806743622,54337
10560,346030080,0.313888911012145,3.182077980041504,0.5056245803833008,0.011338342726230622,52617
10570,346357760,0.3130591892244431,3.129925537109375,0.5027609825134277,0.011319487541913986,53113
10580,346685440,0.31223058045683816,3.146118927001953,0.5135540962219238,0.011221743375062942,52342
10590,347013120,0.3114030886016875,3.12772159576416,0.5010651111602783,0.01132872849702835,52810
10600,347340800,0.31057671754610106,3.1017990112304688,0.5025430202484131,0.011309557408094407,56310
10610,347668480,0.30975147117192475,3.0495626449584963,0.5039785861968994,0.011355754733085633,52852
10620,347996160,0.3089273533557203,3.1884082794189452,0.5071157455444336,0.0113355353474617,53495
10630,348323840,0.3081043679687486,3.132168197631836,0.506282377243042,0.011276679486036301,52273
10640,348651520,0.30728251887695135,3.1639598846435546,0.5204097747802734,0.011285234987735749,52663
10650,348979200,0.30646180994093186,3.106382369995117,0.5068229675292969,0.011380987614393235,53513
10660,349306880,0.3056422450159381,3.084127426147461,0.4976350784301758,0.011260977387428284,55923
10670,349634560,0.30482382795184393,3.0696390151977537,0.501642894744873,0.011293056607246398,52460
10680,349962240,0.3040065625931312,3.1535213470458983,0.5085246086120605,0.011392694711685181,51756
10690,350289920,0.30319045277887136,3.0832952499389648,0.5137831211090088,0.011499740183353424,52245
10700,350617600,0.3023755023427084,3.0962217330932615,0.5038849830627441,0.011300664395093918,52898
10710,350945280,0.3015617151128396,3.1581138610839843,0.5105166912078858,0.01144968494772911,55727
10720,351272960,0.3007490949119982,3.1191944122314452,0.5125040054321289,0.011379516124725342,52253
10730,351600640,0.2999376455574358,3.156573677062988,0.5007469654083252,0.011263453215360642,52178
10740,351928320,0.29912737086090346,3.1813596725463866,0.5083410263061523,0.011358682811260224,50609
10750,352256000,0.2983182746286347,3.13134765625,0.5081450939178467,0.011367491632699966,51663
10760,352583680,0.29751036066132674,3.107688331604004,0.5185955047607422,0.011451329290866851,49986
10770,352911360,0.29670363275412404,3.1452524185180666,0.5171358108520507,0.011216779798269272,51041
10780,353239040,0.2958980946965986,3.0743619918823244,0.49971628189086914,0.011259125918149948,59428
10790,353566720,0.2950937502727342,3.068408203125,0.49462547302246096,0.011296679079532624,66434
10800,353894400,0.2942906032609065,3.140956497192383,0.5098192691802979,0.011432690918445588,65721
10810,354222080,0.29348865743386676,3.08615779876709,0.5050398349761963,0.011320851743221283,65549
10820,354549760,0.2926879165587243,3.0658281326293944,0.4995452880859375,0.011442404240369797,60847
10830,354877440,0.2918883843969272,3.0977651596069338,0.5098365783691406,0.011384725570678711,50075
10840,355205120,0.2910900647042468,3.128584098815918,0.5129450798034668,0.011436694860458374,49105
10850,355532800,0.29029296123075793,3.150922393798828,0.5206144332885743,0.011469712853431702,52539
10860,355860480,0.2894970777208227,3.0915447235107423,0.5127697944641113,0.011304448544979095,54646
10870,356188160,0.2887024179130724,3.0948854446411134,0.5082989692687988,0.011462989449501037,52724
10880,356515840,0.28790898554039035,3.1534088134765623,0.5031787872314453,0.011264137923717499,52422
10890,356843520,0.2871167843298935,3.122362518310547,0.5056463718414307,0.01141916960477829,53290
10900,357171200,0.28632581800291573,3.1436861038208006,0.5159689426422119,0.011404745280742645,54694
10910,357498880,0.2855360902749904,3.0980060577392576,0.5086662292480468,0.011505446583032607,50732
10920,357826560,0.2847476048558321,3.099404716491699,0.5030535221099853,0.011426515877246857,52315
10930,358154240,0.2839603654493199,3.1041500091552736,0.5118004322052002,0.011409199982881545,52984
10940,358481920,0.2831743757534798,3.1407703399658202,0.5106254100799561,0.011407104134559632,52592
10950,358809600,0.2823896394604675,3.0824262619018556,0.5185994148254395,0.011304447054862976,52184
10960,359137280,0.2816061602565507,3.150579643249512,0.5173982143402099,0.011480279266834259,52984
10970,359464960,0.2808239418220919,3.134930229187012,0.5193699359893799,0.011473696678876877,53014
10980,359792640,0.2800429878315313,3.136951446533203,0.5077558517456054,0.011444758623838425,52215
10990,360120320,0.27926330195336935,3.1468019485473633,0.5146259307861328,0.011331233382225036,53605
11000,360448000,0.2784848878501499,3.132077217102051,0.5067492485046386,0.011395188421010971,52622
11010,360775680,0.2777077491784421,3.148281288146973,0.5076435089111329,0.011294694244861602,52999
11020,361103360,0.27693188958882464,3.102940559387207,0.5152783393859863,0.011291498690843583,51960
11030,361431040,0.27615731272586685,3.067601776123047,0.5011683464050293,0.011396379768848419,51858
11040,361758720,0.2753840222281132,3.120947265625,0.512777042388916,0.011315746605396271,49406
11050,362086400,0.27461202172806515,3.147149085998535,0.523484754562378,0.011450281739234925,53313
11060,362414080,0.27384131485216434,3.0427597045898436,0.49879889488220214,0.011404608190059663,53397
11070,362741760,0.27307190522077623,3.1064823150634764,0.5102995872497559,0.011447431892156601,53140
11080,363069440,0.2723037964481719,3.08984317779541,0.5058964252471924,0.011382736265659332,56487
11090,363397120,0.27153699214251215,3.149455451965332,0.5081692695617676,0.011449115723371506,65548
11100,363724800,0.27077149590582994,3.103768539428711,0.505380392074585,0.011384031921625137,63961
11110,364052480,0.27000731133401334,3.112474822998047,0.504275131225586,0.011403001099824905,65508
11120,364380160,0.2692444420167893,3.1470287322998045,0.5099827289581299,0.011328287422657013,65199
11130,364707840,0.26848289153770644,3.1259910583496096,0.5174988269805908,0.011400505900382996,54571
11140,365035520,0.267722663474118,3.107777976989746,0.5143636703491211,0.011444507539272309,53703
11150,365363200,0.2669637613971651,3.1162296295166017,0.5122797966003418,0.011441788077354431,51948
11160,365690880,0.2662061888717604,3.1254297256469727,0.5144706249237061,0.011397527903318405,52943
11170,366018560,0.26544994945657074,3.152307319641113,0.5102437973022461,0.011356138437986375,52707
11180,366346240,0.2646950467040012,3.1343109130859377,0.5202270030975342,0.011430919170379639,72444
11190,366673920,0.26394148416017726,3.090851593017578,0.5099344253540039,0.011510451138019562,66700
11200,367001600,0.2631892653649296,3.120670509338379,0.5093555927276612,0.011422336101531982,53652
11210,367329280,0.26243839385177614,3.104534721374512,0.5034465312957763,0.011452589929103852,53071
11220,367656960,0.261688873147906,3.0627826690673827,0.5200366020202637,0.01134358048439026,51953
11230,367984640,0.2609407067741632,3.085445213317871,0.5198747158050537,0.011525317281484603,53241
11240,368312320,0.2601938982450296,3.0781038284301756,0.518897533416748,0.011542881280183792,52873
11250,368640000,0.2594484510686089,3.081364631652832,0.5195468902587891,0.011424274742603302,54110
11260,368967680,0.2587043687466096,3.086690139770508,0.5125895500183105,0.011400975286960602,71789
11270,369295360,0.2579616547743293,3.123200225830078,0.5060851573944092,0.011370828747749329,72066
11280,369623040,0.2572203126406374,3.0798553466796874,0.5157620429992675,0.011477978527545929,69998
11290,369950720,0.25648034582795914,3.1174007415771485,0.5126760005950928,0.011420540511608124,57684
11300,370278400,0.2557417578122594,3.089046859741211,0.5066751956939697,0.011335035413503647,54587
11310,370606080,0.2550045520630264,3.1121912002563477,0.5050230503082276,0.011429938673973083,53765
11320,370933760,0.25426873204325495,3.0551406860351564,0.5061651706695557,0.011421238631010055,53993
11330,371261440,0.2535343012094305,3.0528846740722657,0.5125214576721191,0.011321364343166352,53717
11340,371589120,0.25280126301151284,3.111288070678711,0.5151969432830811,0.011418461799621582,51832
11350,371916800,0.25206962089291973,3.1230136871337892,0.5220511436462403,0.011490876972675323,51274
11360,372244480,0.2513393782905116,3.074044036865234,0.5172199726104736,0.011450380086898804,52924
11370,372572160,0.25061053863457383,3.1073116302490233,0.5099548816680908,0.011343246698379517,51184
11380,372899840,0.24988310534880215,3.119266891479492,0.5151286602020264,0.011376726627349853,58793
11390,373227520,0.24915708185028554,3.0801469802856447,0.5132314682006835,0.011427714675664901,66322
11400,373555200,0.2484324715494908,3.0869848251342775,0.5110230922698975,0.011354050785303115,67612
11410,373882880,0.24770927785024613,3.026773452758789,0.5046792030334473,0.011353176087141037,65341
11420,374210560,0.24698750414972515,3.034312629699707,0.5090162277221679,0.011357075721025466,59200
11430,374538240,0.2462671538384317,3.1102439880371096,0.5180927753448487,0.011433959007263184,52844
11440,374865920,0.24554823030018252,3.067618751525879,0.5214447498321533,0.011615186184644698,54291
11450,375193600,0.24483073691209287,3.087167739868164,0.5113016128540039,0.011506880819797515,54094
11460,375521280,0.24411467704455944,3.104399490356445,0.5144197940826416,0.011453137546777726,54055
11470,375848960,0.24340005406124518,3.071026420593262,0.5042435646057128,0.011532542109489442,53904
11480,376176640,0.24268687131906316,3.109490966796875,0.5040402412414551,0.011478257924318313,54585
11490,376504320,0.24197513216816144,3.1417470932006837,0.5190914154052735,0.01144840121269226,53264
11500,376832000,0.24126483995190637,3.0712799072265624,0.5116683006286621,0.011509986966848374,55544
11510,377159680,0.24055599800686764,3.1191169738769533,0.5154477119445801,0.011418819427490234,52527
11520,377487360,0.23984860966280222,3.0444015502929687,0.5141700744628906,0.011538217216730118,53535
11530,377815040,0.2391426782426388,3.0495231628417967,0.5139984130859375,0.011433251947164536,51747
11540,378142720,0.2384382070624626,3.118743324279785,0.5171995162963867,0.011522673815488816,54528
11550,378470400,0.23773519943149887,3.115034484863281,0.514743709564209,0.011473044008016586,53621
11560,378798080,0.23703365865209847,3.1000152587890626,0.5156521320343017,0.011462127417325973,53587
11570,379125760,0.23633358801972137,3.0624950408935545,0.5131152629852295,0.01154509037733078,51554
11580,379453440,0.2356349908229217,3.0558956146240233,0.5131364822387695,0.011390301585197448,54408
11590,379781120,0.23493787034333216,3.1667036056518554,0.5266575813293457,0.011511578410863876,55179
11600,380108800,0.23424222985564858,3.054648780822754,0.5041983604431153,0.011401931941509246,53793
11610,380436480,0.23354807262761487,3.1021234512329103,0.5033131122589112,0.011397619545459748,50264
11620,380764160,0.232855401920007,3.064251708984375,0.503087329864502,0.011483779549598694,50397
11630,381091840,0.2321642209866184,3.0946834564208983,0.5171657085418702,0.011484401673078537,51850
11640,381419520,0.23147453307424415,3.078470802307129,0.5122582912445068,0.011413689702749252,55440
11650,381747200,0.230786341422666,3.088328170776367,0.5184745788574219,0.011521975696086883,52753
11660,382074880,0.2300996492646368,3.0824817657470702,0.5224561214447021,0.011537739634513855,53691
11670,382402560,0.2294144598258662,3.115988922119141,0.5264958381652832,0.011370991915464401,51591
11680,382730240,0.2287307763250043,3.1601680755615233,0.5282622814178467,0.011641510576009751,53603
11690,383057920,0.2280486019736274,3.0999162673950194,0.5116755485534668,0.011461521685123443,64039
11700,383385600,0.22736793997622248,3.090049934387207,0.5102993011474609,0.011515447497367859,68034
11710,383713280,0.2266887935301724,3.02243709564209,0.5063632965087891,0.011527030915021896,68915
11720,384040960,0.22601116582574088,3.075649452209473,0.5154273509979248,0.01139482855796814,72972
11730,384368640,0.22533506004605705,3.0158517837524412,0.5162037372589111,0.011451920866966248,60955
11740,384696320,0.2246604793671014,3.0847267150878905,0.5108391761779785,0.011457249522209167,54039
11750,385024000,0.22398742695768986,3.055979347229004,0.5109512805938721,0.011428386718034745,55389
11760,385351680,0.22331590597945955,3.073739242553711,0.5120838165283204,0.011544591188430786,52045
11770,385679360,0.22264591958685376,3.161451721191406,0.5263225078582764,0.011445380002260207,54219
11780,386007040,0.22197747092710685,3.043670654296875,0.503211259841919,0.011571511626243591,57692
11790,386334720,0.22131056314023037,3.0883079528808595,0.5158785820007324,0.011552195250988006,53859
11800,386662400,0.22064519935899696,3.099253845214844,0.5157870769500732,0.01150558739900589,56948
11810,386990080,0.21998138270892706,3.0848703384399414,0.513731861114502,0.011450383067131042,60981
11820,387317760,0.21931911630827294,3.0969001770019533,0.5197885513305665,0.011599745601415634,57116
11830,387645440,0.21865840326800487,3.0544153213500977,0.513300609588623,0.011336204409599305,53826
11840,387973120,0.2179992466917961,3.0770511627197266,0.5263502120971679,0.01152443140745163,54873
11850,388300800,0.21734164967600889,3.0721677780151366,0.5057805061340332,0.011390768736600877,53420
11860,388628480,0.2166856153096791,3.109394073486328,0.5268979072570801,0.011642375588417053,54977
11870,388956160,0.21603114667450216,3.089520072937012,0.5171246528625488,0.0114250510931015,53737
11880,389283840,0.21537824684481896,3.1076074600219727,0.5251266479492187,0.011498704552650452,52593
11890,389611520,0.21472691888760015,3.115018844604492,0.5228296756744385,0.011569367349147796,51935
11900,389939200,0.21407716586243347,3.033885955810547,0.5138842105865479,0.011528608202934266,52832
11910,390266880,0.21342899082150785,3.0897075653076174,0.516883373260498,0.011517300456762313,52579
11920,390594560,0.2127823968096001,3.058407211303711,0.5108987808227539,0.01147378832101822,52945
11930,390922240,0.21213738686406003,3.055824089050293,0.5168369770050049,0.011433495581150055,52692
11940,391249920,0.2114939640147963,3.08209114074707,0.5061298847198487,0.011437725275754929,55592
11950,391577600,0.21085213128426236,3.0880672454833986,0.5128813266754151,0.011433359980583192,52332
11960,391905280,0.21021189168744198,3.0258647918701174,0.509770679473877,0.011603220552206039,53566
11970,392232960,0.2095732482318356,3.059184265136719,0.5142875671386719,0.011623527109622955,54394
11980,392560640,0.20893620391744544,3.0399406433105467,0.5121740818023681,0.011533798277378082,54805
11990,392888320,0.2083007617367621,3.1108633041381837,0.5263815879821777,0.011476626247167587,53589
12000,393216000,0.20766692467475006,3.136621856689453,0.5416159629821777,0.011561507731676102,61641
12010,393543680,0.207034695708834,3.034854698181152,0.5174075126647949,0.011554748564958573,66348
12020,393871360,0.20640407780888423,3.100416374206543,0.5200023174285888,0.011548001319169998,65173
12030,394199040,0.20577507393720368,3.0853757858276367,0.5100214958190918,0.011512594670057297,67129
12040,394526720,0.20514768704851313,3.0776782989501954,0.5102370738983154,0.011468017846345902,57655
12050,394854400,0.20452192008993753,3.071187973022461,0.5193731784820557,0.011519842594861985,50244
12060,395182080,0.20389777600099285,3.0984289169311525,0.5260335445404053,0.011374837160110474,51119
12070,395509760,0.2032752577135708,3.078558921813965,0.5192394256591797,0.011624316871166229,51330
12080,395837440,0.20265436815192675,3.1166316986083986,0.5250766754150391,0.011529694497585296,54496
12090,396165120,0.20203511023266468,3.022945022583008,0.5163711547851563,0.0115249864757061,56148
12100,396492800,0.20141748686472444,3.0657215118408203,0.5208914279937744,0.011611969023942948,55618
12110,396820480,0.20080150094936725,3.0521474838256837,0.5119325637817382,0.011554059386253358,55321
12120,397148160,0.20018715538016268,3.0172969818115236,0.512492561340332,0.0114628367125988,55012
12130,397475840,0.1995744530429747,3.096214485168457,0.5235044956207275,0.011715959757566452,57264
12140,397803520,0.1989633968159482,3.0238100051879884,0.5014781951904297,0.01156584471464157,55279
12150,398131200,0.19835398956949601,3.057321548461914,0.517577838897705,0.011567688733339309,54533
12160,398458880,0.19774623416628423,3.0465593338012695,0.5212941646575928,0.01164686232805252,55141
12170,398786560,0.1971401334612201,3.0647485733032225,0.5166866302490234,0.011566220223903656,53853
12180,399114240,0.19653569030143775,3.057084655761719,0.5338735103607177,0.011726090312004089,52963
12190,399441920,0.19593290752628495,3.0936817169189452,0.5275617122650147,0.011520600318908692,56109
12200,399769600,0.1953317879673098,3.1107187271118164,0.5225961685180665,0.01143680363893509,54470
12210,400097280,0.194732334448248,3.0715328216552735,0.5098580837249755,0.011504653841257095,55981
12220,400424960,0.1941345497850086,3.0997957229614257,0.5235758781433105,0.011562047153711319,55350
12230,400752640,0.19353843678566138,3.1025428771972656,0.5267768859863281,0.011499750614166259,53795
12240,401080320,0.1929439982504239,3.1408212661743162,0.5300146102905273,0.011519952863454818,57846
12250,401408000,0.1923512369716472,3.0472091674804687,0.5123695373535156,0.01165384128689766,58732
12260,401735680,0.19176015573380445,3.110456848144531,0.514355993270874,0.011529365181922912,52045
12270,402063360,0.191170757313476,3.0287092208862303,0.5189547061920166,0.011557937413454056,53273
12280,402391040,0.19058304447933802,3.088755416870117,0.5190422058105468,0.011582107096910477,54885
12290,402718720,0.1899970199921481,3.086047554016113,0.5202731609344482,0.011554897576570512,55269
12300,403046400,0.1894126866047332,3.0182109832763673,0.5186942100524903,0.011536143720149994,57794
12310,403374080,0.1888300470619763,3.096974754333496,0.5320909500122071,0.011518701165914535,61505
12320,403701760,0.18824910410080348,3.06883544921875,0.5225103378295899,0.01166619211435318,68609
12330,404029440,0.18766986045017167,3.0197164535522463,0.5196491718292237,0.011563612520694733,70423
12340,404357120,0.18709231883105468,3.1616777420043944,0.5396712303161622,0.011434930562973022,68513
12350,404684800,0.18651648195643172,3.122507095336914,0.52567138671875,0.011519484221935272,69090
12360,405012480,0.18594235253127372,3.076789665222168,0.5227835655212403,0.011491811275482178,51098
12370,405340160,0.18536993325253082,3.116369438171387,0.5246863842010498,0.011600859463214874,56203
12380,405667840,0.18479922680912014,3.08264274597168,0.5205163955688477,0.0115669347345829,55979
12390,405995520,0.1842302358819124,3.03338565826416,0.5259506702423096,0.011516633629798888,54770
12400,406323200,0.18366296314372033,3.0100101470947265,0.5089253902435302,0.011453785747289658,53511
12410,406650880,0.18309741125928486,3.1243701934814454,0.5310097217559815,0.01159365102648735,53426
12420,406978560,0.18253358288526406,3.104236602783203,0.5213319301605225,0.01151539757847786,51496
12430,407306240,0.18197148067021893,3.0604476928710938,0.5354002952575684,0.011650205403566361,49744
12440,407633920,0.18141110725460283,3.0029975891113283,0.5201772689819336,0.011680889129638671,50606
12450,407961600,0.1808524652707474,3.064159393310547,0.5246912956237793,0.011634811758995056,50419
12460,408289280,0.18029555734285163,3.0690824508666994,0.5199101448059082,0.011575116217136383,52889
12470,408616960,0.1797403860869683,3.0883644104003904,0.5272678375244141,0.01157647967338562,56147
12480,408944640,0.17918695411099256,3.0879085540771483,0.5199951171875,0.011479347944259644,52351
12490,409272320,0.17863526401464913,3.062203598022461,0.518334150314331,0.01151132807135582,54611
12500,409600000,0.17808531838948038,3.078635025024414,0.5241531372070313,0.011669161915779113,55280
12510,409927680,0.17753711981883438,3.059003448486328,0.5192789077758789,0.011512541025877,54368
12520,410255360,0.17699067087785206,3.108345603942871,0.5267970085144043,0.01159481257200241,51411
12530,410583040,0.17644597413345592,3.082907295227051,0.5165300369262695,0.011504141986370087,48995
12540,410910720,0.1759030321443373,3.062837600708008,0.5121497631072998,0.011586330831050873,53257
12550,411238400,0.17536184746094474,3.0420858383178713,0.5262567520141601,0.011721273511648178,52999
12560,411566080,0.17482242262547187,3.052298736572266,0.5221975803375244,0.011647411435842515,50096
12570,411893760,0.17428476017184552,3.1569856643676757,0.5212631225585938,0.01157754212617874,52195
12580,412221440,0.17374886262571393,3.0697641372680664,0.5200570106506348,0.011591343581676484,54197
12590,412549120,0.17321473250443453,3.0728416442871094,0.5294113159179688,0.011588768661022186,53448
12600,412876800,0.1726823723170628,3.033647918701172,0.5253880977630615,0.011404660344123841,53172
12610,413204480,0.1721517845643391,3.0879728317260744,0.5293718338012695,0.011494725197553634,54695
12620,413532160,0.1716229717386789,3.0673961639404297,0.522051191329956,0.011649556457996368,54972
12630,413859840,0.17109593632415931,3.0600521087646486,0.5208330631256104,0.011501124501228333,68526
12640,414187520,0.17057068079650856,3.063368225097656,0.5260279655456543,0.01161094531416893,65782
12650,414515200,0.17004720762309364,3.068252372741699,0.5214195728302002,0.01151052638888359,66788
12660,414842880,0.1695255192629091,3.0473236083984374,0.5151711463928222,0.011517077684402466,65222
12670,415170560,0.16900561816656542,3.106716346740723,0.5307931900024414,0.011617547273635865,55000
12680,415498240,0.16848750677627727,3.017258644104004,0.5186956405639649,0.01153104156255722,54100
12690,415825920,0.1679711875258528,3.053238868713379,0.5171391010284424,0.011665982007980347,50772
12700,416153600,0.16745666284068098,3.0213022232055664,0.5210548400878906,0.011711811274290084,54078
12710,416481280,0.16694393513772138,3.0369876861572265,0.5280585289001465,0.011649897694587708,54063
12720,416808960,0.16643300682549206,3.0452190399169923,0.5171363353729248,0.011577104032039643,53296
12730,417136640,0.16592388030405858,3.037260818481445,0.5230320453643799,0.01143624410033226,52649
12740,417464320,0.16541655796502264,3.098637008666992,0.5267505168914794,0.011542808264493942,53223
12750,417792000,0.16491104219151081,3.0647981643676756,0.5265360832214355,0.01163458228111267,52595
12760,418119680,0.16440733535816363,3.055014991760254,0.522368335723877,0.01155468076467514,53124
12770,418447360,0.16390543983112393,3.0018390655517577,0.5175511360168457,0.011534428596496582,50838
12780,418775040,0.1634053579680263,3.0531129837036133,0.5208090782165528,0.011358405649662017,53892
12790,419102720,0.1629070921179852,3.044570541381836,0.520697021484375,0.011579392105340957,52933
12800,419430400,0.16241064462158505,3.032261276245117,0.5180328845977783,0.011544299125671387,50604
12810,419758080,0.16191601781086817,2.9852117538452148,0.5093658924102783,0.011569485068321228,48544
12820,420085760,0.1614232140093247,3.0364812850952148,0.5161595344543457,0.011566117405891418,54545
12830,420413440,0.1609322355318808,3.0876144409179687,0.5235360622406006,0.011667342483997345,52769
12840,420741120,0.1604430846848886,3.0451255798339845,0.5194180488586426,0.011682003736495972,51064
12850,421068800,0.15995576376611487,3.071818733215332,0.518193531036377,0.011574417352676392,52010
12860,421396480,0.15947027506473016,3.086309623718262,0.522700834274292,0.011500689387321471,50370
12870,421724160,0.15898662086129878,3.0093265533447267,0.5275307655334472,0.011651093512773514,53523
12880,422051840,0.15850480342776696,3.121454048156738,0.5264833450317383,0.011612151563167573,52143
12890,422379520,0.1580248250274533,3.1132211685180664,0.5236160278320312,0.011526515334844589,56574
12900,422707200,0.1575466879150373,3.0479547500610353,0.5190682411193848,0.011620324105024338,52169
12910,423034880,0.1570703943365491,3.079023742675781,0.5237237453460694,0.01159202829003334,52002
12920,423362560,0.15659594652935896,3.071518898010254,0.5344964504241944,0.011708586663007736,51801
12930,423690240,0.15612334672216666,3.1512468338012694,0.5321314811706543,0.01160423457622528,61258
12940,424017920,0.1556525971349913,3.043074035644531,0.5215532302856445,0.011748367547988891,65729
12950,424345600,0.15518369997916026,3.0030048370361326,0.5235528945922852,0.011624743044376374,67007
12960,424673280,0.1547166574572997,3.05399112701416,0.5286026000976562,0.011713281273841858,66332
12970,425000960,0.15425147176332304,3.0346019744873045,0.5189838409423828,0.011645109206438065,60916
12980,425328640,0.153788145082422,3.0395524978637694,0.5132473945617676,0.01158110350370407,53760
12990,425656320,0.15332667959105506,3.104340934753418,0.5275998115539551,0.011491458863019943,53503
13000,425984000,0.1528670774569385,2.9540477752685548,0.5198155403137207,0.011559883505105973,53471
13010,426311680,0.15240934083903493,3.0215259552001954,0.5272550106048584,0.0116348996758461,53754
13020,426639360,0.15195347188754413,3.000498962402344,0.5206914901733398,0.011667978018522263,53260
13030,426967040,0.15149947274389244,3.0367046356201173,0.5171881198883057,0.011538423597812653,51348
13040,427294720,0.15104734554072283,3.1146738052368166,0.523613452911377,0.011671008169651031,52961
13050,427622400,0.15059709240188512,3.0969594955444335,0.529655933380127,0.011656756699085235,54527
13060,427950080,0.1501487154424255,3.073612022399902,0.5264955997467041,0.011776638776063919,52162
13070,428277760,0.1497022167685772,3.069985580444336,0.5236469745635987,0.011666510254144669,51773
13080,428605440,0.14925759847775003,3.0724721908569337,0.532774829864502,0.011728093773126603,54015
13090,428933120,0.14881486265852079,3.0231578826904295,0.5253523349761963,0.011636900156736374,53519
13100,429260800,0.14837401139062345,3.1090394973754885,0.5252423763275147,0.011584153026342392,51574
13110,429588480,0.14793504674493946,3.0420305252075197,0.5221135139465332,0.011672750115394592,53226
13120,429916160,0.14749797078348806,2.9717361450195314,0.519106388092041,0.011772866547107696,54692
13130,430243840,0.14706278555941604,3.0731605529785155,0.5235773086547851,0.01170811578631401,55566
13140,430571520,0.14662949311698908,3.072018051147461,0.5344023704528809,0.011628727614879607,55519
13150,430899200,0.14619809549158108,3.099210739135742,0.5245458126068115,0.011593419313430785,53087
13160,431226880,0.1457685947096655,3.0855417251586914,0.5287133693695069,0.011770386993885041,55137
13170,431554560,0.14534099278880513,2.997683525085449,0.5205605506896973,0.011635787039995193,53519
13180,431882240,0.14491529173764328,3.0978939056396486,0.5247584819793701,0.011698271334171294,53171
13190,432209920,0.14449149355589372,3.1016958236694334,0.5299252033233642,0.011548099666833877,51535
13200,432537600,0.14406960023433169,3.073237419128418,0.5210262298583984,0.011565709114074707,50889
13210,432865280,0.14364961375478438,2.9852975845336913,0.5140093803405762,0.011707236617803573,56009
13220,433192960,0.1432315360901216,3.0367971420288087,0.5193285942077637,0.011665805429220199,53144
13230,433520640,0.14281536920424684,3.0758056640625,0.5234533786773682,0.011607243120670319,54293
13240,433848320,0.1424011150520874,3.0462560653686523,0.5220526695251465,0.011647755652666092,65294
13250,434176000,0.141988775579586,2.987537384033203,0.5214343070983887,0.01168779879808426,67003
13260,434503680,0.14157835272369096,3.021161651611328,0.528217887878418,0.011571046710014344,67077
13270,434831360,0.14116984841234742,3.069819450378418,0.5181867122650147,0.011654195189476014,65228
13280,435159040,0.14076326456448812,3.0638986587524415,0.5222872734069824,0.011572931706905366,55748
13290,435486720,0.14035860309002474,3.053581428527832,0.5255188941955566,0.01153300777077675,53079
13300,435814400,0.1399558658898386,3.0270059585571287,0.5190677165985107,0.01166142001748085,54394
13310,436142080,0.13955505485577163,3.017466735839844,0.5223056316375733,0.011547235399484634,53293
13320,436469760,0.13915617187061802,2.998515510559082,0.5247369766235351,0.011739075183868408,54299
13330,436797440,0.13875921880811476,3.1096012115478517,0.532066822052002,0.011557966470718384,55424
13340,437125120,0.13836419753293316,3.092171859741211,0.5273274898529052,0.011582909524440766,52226
13350,437452800,0.13797110990066996,3.037990951538086,0.5201135158538819,0.011692626774311066,53996
13360,437780480,0.137579957757839,3.0440139770507812,0.532890510559082,0.011680633574724198,53317
13370,438108160,0.13719074294186187,3.0565332412719726,0.529061222076416,0.011563138663768768,54523
13380,438435840,0.1368034672810598,3.1313364028930666,0.5297558307647705,0.01167309209704399,51658
13390,438763520,0.13641813259464494,3.0349924087524416,0.5207135677337646,0.0116950161755085,52138
13400,439091200,0.13603474069271163,3.0060726165771485,0.5275314331054688,0.011675571650266647,51072
13410,439418880,0.1356532933762284,3.036288261413574,0.5324806213378906,0.011709453910589218,53143
13420,439746560,0.13527379243702872,3.0167070388793946,0.5250779151916504,0.011753522604703904,52683
13430,440074240,0.1348962396578035,3.0720151901245116,0.5315430164337158,0.011618991196155549,53190
13440,440401920,0.13452063681209184,2.997590446472168,0.5180320739746094,0.011590874940156936,54860
13450,440729600,0.13414698566427333,3.087687873840332,0.525248384475708,0.01159541830420494,54001
13460,441057280,0.1337752879695594,3.051276206970215,0.5319322109222412,0.011691784858703614,54070
13470,441384960,0.1334055454739853,3.082713508605957,0.5302114963531495,0.0116086408495903,55204
13480,441712640,0.13303775991440192,3.0873291015625,0.5268261432647705,0.011678882688283921,53038
13490,442040320,0.1326719330184672,2.9943714141845703,0.5211522102355957,0.011669377237558365,51849
13500,442368000,0.13230806650463867,3.047999954223633,0.5253165245056153,0.011608830839395522,53489
13510,442695680,0.13194616208216495,3.0862794876098634,0.5286483764648438,0.011684596538543701,49856
13520,443023360,0.13158622145107762,3.0894359588623046,0.5346693992614746,0.01168496385216713,55325
13530,443351040,0.1312282463021836,3.008683204650879,0.5187458515167236,0.01170833334326744,55308
13540,443678720,0.13087223831705705,3.023779296875,0.5213486671447753,0.011632248014211654,58480
13550,444006400,0.13051819916803145,2.957986068725586,0.5155997276306152,0.011597052961587907,65618
13560,444334080,0.1301661305181917,3.05856876373291,0.533267593383789,0.011804926395416259,66752
13570,444661760,0.12981603402136632,3.0454320907592773,0.5215170383453369,0.011705583333969117,67193
13580,444989440,0.1294679113221197,3.0226842880249025,0.5252586364746094,0.011633850634098053,68348
13590,445317120,0.12912176405574471,3.100693130493164,0.5376180171966553,0.011651359498500824,51902
13600,445644800,0.12877759384825416,3.048708915710449,0.5291079044342041,0.011687610298395157,53082
13610,445972480,0.12843540231637426,2.9807411193847657,0.512484359741211,0.011552675068378449,54015
13620,446300160,0.1280951910675361,3.0075666427612306,0.5311646461486816,0.011642830818891526,54242
13630,446627840,0.12775696169986858,3.0130638122558593,0.5289570808410644,0.011652392148971558,48646
13640,446955520,0.12742071580219075,3.0396965026855467,0.5427547931671143,0.01180170401930809,53229
13650,447283200,0.12708645495400447,3.039842224121094,0.5206649780273438,0.011555951088666916,52846
13660,447610880,0.1267541807254869,3.0526735305786135,0.5272151947021484,0.011611438542604446,53765
13670,447938560,0.12642389467748305,3.0108171463012696,0.5277466297149658,0.011793940514326095,52231
13680,448266240,0.12609559836149858,3.039593315124512,0.5194144725799561,0.011651964485645294,53418
13690,448593920,0.12576929331969258,2.990057182312012,0.5123289585113525,0.01167963445186615,54800
13700,448921600,0.12544498108486998,2.9672428131103517,0.5215969562530518,0.011653275042772294,54713
13710,449249280,0.12512266318047466,3.065548896789551,0.5248319625854492,0.01164616346359253,54345
13720,449576960,0.12480234112058225,3.000009536743164,0.5142173290252685,0.011643319576978683,53061
13730,449904640,0.12448401640989308,3.0267337799072265,0.5237181186676025,0.011717377603054047,52553
13740,450232320,0.12416769054372481,3.033189582824707,0.5253891944885254,0.011659368872642517,53383
13750,450560000,0.12385336500800571,3.103700065612793,0.531909990310669,0.011724577844142913,49785
13760,450887680,0.12354104127926756,2.992643928527832,0.5348873138427734,0.011961095780134202,51257
13770,451215360,0.12323072082463879,3.0342618942260744,0.5201352119445801,0.011684425175189972,51397
13780,451543040,0.12292240510183737,3.0763097763061524,0.5303494453430175,0.011715587973594666,50316
13790,451870720,0.12261609555916432,3.074127769470215,0.5177929401397705,0.011667364835739135,51909
13800,452198400,0.1223117936354966,2.9723108291625975,0.5221920490264893,0.011642297357320785,52529
13810,452526080,0.1220095007602805,3.047507476806641,0.5273879528045654,0.011759302020072937,51919
13820,452853760,0.1217092183535248,3.0836160659790037,0.5299173355102539,0.011676643788814545,52561
13830,453181440,0.12141094782579417,3.099754524230957,0.5343655586242676,0.011758372187614441,52561
13840,453509120,0.12111469057820282,3.1073419570922853,0.5288603782653809,0.011630620062351226,50861
13850,453836800,0.12082044800240728,3.0234043121337892,0.5214329719543457,0.011736232787370682,71424
13860,454164480,0.12052822148060055,3.048827362060547,0.5226205348968506,0.011756112426519394,66258
13870,454492160,0.12023801238550516,3.0000009536743164,0.52623291015625,0.011586513370275497,66868
13880,454819840,0.11994982208036684,3.0662694931030274,0.5327951908111572,0.011781629920005799,65461
13890,455147520,0.1196636519189481,3.1099504470825194,0.5318089008331299,0.0116157166659832,53250
13900,455475200,0.11937950324552202,3.011669731140137,0.5262033462524414,0.011705441027879715,50321
13910,455802880,0.11909737739486582,3.0138988494873047,0.5265615940093994,0.011814717948436738,50411
13920,456130560,0.1188172756922545,3.040786552429199,0.5300681591033936,0.01163719967007637,52165
13930,456458240,0.1185391994534547,3.0184148788452148,0.5351350784301758,0.011650292575359345,54795
13940,456785920,0.1182631499847186,3.100962257385254,0.5287687301635742,0.011701273173093796,55583
13950,457113600,0.11798912858277767,3.0625278472900392,0.5342859745025634,0.011759646981954575,56432
13960,457441280,0.11771713653483655,3.0382776260375977,0.5299900054931641,0.01171160489320755,53774
13970,457768960,0.1174471751185673,2.9917428970336912,0.5314776420593261,0.011794693768024445,54596
13980,458096640,0.1171792456021029,3.0555393218994142,0.5455706119537354,0.01176203191280365,55352
13990,458424320,0.11691334924403168,3.069560432434082,0.5318577766418457,0.011713303625583649,54461
14000,458752000,0.11664948729339125,2.9932363510131834,0.5172619819641113,0.011688382923603058,49819
14010,459079680,0.1163876609896627,3.08848876953125,0.5334262847900391,0.011652026325464249,54501
14020,459407360,0.11612787156276486,3.0462518692016602,0.5215440273284913,0.011758346855640412,53781
14030,459735040,0.11587012023304813,3.069188117980957,0.5252573013305664,0.011656367033720017,50240
14040,460062720,0.1156144082112893,3.0219472885131835,0.5308337211608887,0.011768095940351487,53327
14050,460390400,0.11536073669868546,3.0652349472045897,0.5313940525054932,0.011557802557945251,53848
14060,460718080,0.11510910688684858,2.998883056640625,0.5221912384033203,0.011823014169931412,52729
14070,461045760,0.1148595199577997,2.9625810623168944,0.5164913177490235,0.011804469674825669,48688
14080,461373440,0.11461197708396349,3.0134714126586912,0.5281363010406495,0.011763677746057511,53184
14090,461701120,0.11436647942816297,3.041960906982422,0.5273360729217529,0.011645655333995818,55708
14100,462028800,0.11412302814361354,3.04373722076416,0.5381663799285888,0.011643320322036743,52830
14110,462356480,0.11388162437391813,3.0025314331054687,0.5290592670440674,0.011868588626384735,53637
14120,462684160,0.11364226925306124,3.0440881729125975,0.53044753074646,0.011705925315618515,54841
14130,463011840,0.11340496390540424,3.0602449417114257,0.5260815620422363,0.011709535121917724,54906
14140,463339520,0.1131697094456795,3.0704986572265627,0.5312241077423095,0.011783025413751601,50182
14150,463667200,0.11293650697898572,3.055747413635254,0.5298083782196045,0.011711806803941727,50328
14160,463994880,0.11270535760078214,3.0506336212158205,0.530957841873169,0.011678699404001236,63437
14170,464322560,0.11247626239688388,3.057124137878418,0.5195733070373535,0.011595573276281357,68114
14180,464650240,0.11224922244345657,3.008804130554199,0.5280359268188477,0.011719824373722076,68780
14190,464977920,0.1120242388070114,3.034284973144531,0.5349095344543457,0.011866652220487595,66570
14200,465305600,0.11180131254440019,3.0897130966186523,0.5436662673950196,0.011862823367118835,59596
14210,465633280,0.1115804447028102,3.0271060943603514,0.5251884460449219,0.011721789091825485,52013
14220,465960960,0.11136163631975948,3.071877670288086,0.5337121486663818,0.011721678078174591,49950
14230,466288640,0.11114488842309167,3.0868762969970702,0.5395998001098633,0.011811234802007676,51719
14240,466616320,0.11093020203097147,3.101373291015625,0.5406297206878662,0.011760305613279343,51879
14250,466944000,0.11071757815187974,2.9557024002075196,0.5243737697601318,0.011723041534423828,51728
14260,467271680,0.11050701778460868,2.987040710449219,0.5188536643981934,0.011768684536218644,55724
14270,467599360,0.11029852191825738,3.005849266052246,0.5356463432312012,0.011730482429265976,54332
14280,467927040,0.11009209153222692,2.9846771240234373,0.5278891563415528,0.011741089075803757,55248
14290,468254720,0.1098877275962159,3.0329219818115236,0.5253901004791259,0.011734367161989213,52969
14300,468582400,0.10968543107021578,3.0393245697021483,0.5241143703460693,0.01173751950263977,53045
14310,468910080,0.10948520290450654,3.094634246826172,0.5312911987304687,0.011737482249736786,51677
14320,469237760,0.10928704403965202,3.0447307586669923,0.5319957256317138,0.011688155680894851,52856
14330,469565440,0.10909095540649572,3.0295282363891602,0.5266714572906495,0.011723410338163376,54259
14340,469893120,0.10889693792615628,3.013480377197266,0.5301253318786621,0.011728361994028092,53422
14350,470220800,0.10870499251002304,3.0395893096923827,0.5320858001708985,0.011855250597000122,55647
14360,470548480,0.10851512005975213,3.070315933227539,0.5310978412628173,0.011688894033432007,52656
14370,470876160,0.10832732146726176,3.044786262512207,0.530373477935791,0.011792648583650589,53713
14380,471203840,0.10814159761472848,3.044692611694336,0.5312730312347412,0.011641398072242737,53870
14390,471531520,0.10795794937458267,3.0416938781738283,0.5205039024353028,0.01173863485455513,53607
14400,471859200,0.1077763776095048,3.035186767578125,0.5315457820892334,0.011774268001317978,53221
14410,472186880,0.107596883172421,3.066534233093262,0.5408087253570557,0.01163669154047966,54912
14420,472514560,0.10741946690649931,3.045706939697266,0.5275190353393555,0.011814167350530624,52782
14430,472842240,0.10724412964514562,3.0670923233032226,0.5364312648773193,0.01175766959786415,54727
14440,473169920,0.10707087221199973,3.0040016174316406,0.5234587669372559,0.011688248068094254,52371
14450,473497600,0.10689969542093168,3.0135250091552734,0.5215918064117432,0.011771588772535323,54929
14460,473825280,0.10673060007603764,3.11207275390625,0.5312681674957276,0.01185329705476761,52506
14470,474152960,0.10656358697163638,3.017083930969238,0.5354463577270507,0.011865565925836563,59586
14480,474480640,0.10639865689226519,3.0267160415649412,0.5313344478607178,0.01171480566263199,66943
14490,474808320,0.10623581061267677,3.030364418029785,0.5252171516418457,0.01178189367055893,66748
14500,475136000,0.10607504889783496,3.022444725036621,0.5341805934906005,0.011765576153993606,65606
14510,475463680,0.10591637250291171,3.0096462249755858,0.5287367820739746,0.011633633077144623,60120
14520,475791360,0.10575978217328301,3.0478382110595703,0.5364877223968506,0.011784704029560089,54943
14530,476119040,0.10560527864452576,3.0750423431396485,0.5310811519622802,0.011573368310928344,54270
14540,476446720,0.10545286264241416,3.0081560134887697,0.530892276763916,0.011691935360431671,56021
14550,476774400,0.10530253488291638,2.986219787597656,0.5311207294464111,0.01188172549009323,54770
14560,477102080,0.1051542960721912,3.050311279296875,0.5333854675292968,0.011786700785160064,51381
14570,477429760,0.10500814690658448,3.0072072982788085,0.529811429977417,0.01185346469283104,52834
14580,477757440,0.10486408807262619,3.0748035430908205,0.537974739074707,0.011756547540426255,48889
14590,478085120,0.104722120247027,2.9965997695922852,0.5298357486724854,0.011798745393753052,54371
14600,478412800,0.10458224409667521,3.0305770874023437,0.5266884326934814,0.011807775497436524,52641
14610,478740480,0.10444446027863345,3.0658685684204103,0.5332576274871826,0.011866001039743423,58039
14620,479068160,0.10430876944013576,3.0205322265625,0.5369365692138672,0.011777845025062562,57657
14630,479395840,0.10417517221858452,3.0414403915405273,0.5317689418792725,0.011856024712324142,52877
14640,479723520,0.1040436692415474,3.0222967147827147,0.5310934543609619,0.01176392138004303,50278
14650,480051200,0.10391426112675443,3.0402141571044923,0.5362602233886719,0.011753880232572556,55100
14660,480378880,0.10378694848209509,3.075868606567383,0.5362256526947021,0.011840279400348663,55271
14670,480706560,0.10366173190561558,3.0469974517822265,0.5409374713897706,0.011773177981376648,54638
14680,481034240,0.10353861198551571,2.996830940246582,0.5454573631286621,0.011785280704498292,54661
14690,481361920,0.10341758930014654,3.0111412048339843,0.5274792194366456,0.011733206361532212,53238
14700,481689600,0.10329866441800734,3.100277137756348,0.5448660373687744,0.011708644777536392,56231
14710,482017280,0.10318183789774295,3.1130950927734373,0.5445058822631836,0.011828543990850449,50037
14720,482344960,0.10306711028814143,3.023854637145996,0.5382049560546875,0.01173630654811859,50262
14730,482672640,0.10295448212813114,3.050802993774414,0.5352421760559082,0.011807990819215774,52745
14740,483000320,0.10284395394677846,3.003520202636719,0.5339377403259278,0.011708441376686095,53154
14750,483328000,0.10273552626328514,3.0226736068725586,0.5352871894836426,0.011724421381950378,53073
14760,483655680,0.10262919958698588,2.993851661682129,0.5290361404418945,0.011663426458835603,55203
14770,483983360,0.10252497441734616,2.967938041687012,0.5365056037902832,0.0119282066822052,56600
14780,484311040,0.10242285124395946,3.0359991073608397,0.5290607929229736,0.011782946437597275,67673
14790,484638720,0.10232283054654547,3.0707630157470702,0.5351993560791015,0.011836804449558258,68717
14800,484966400,0.10222491279494736,3.054670715332031,0.5349857330322265,0.011733368039131165,66397
14810,485294080,0.10212909844913001,3.0575328826904298,0.5487989902496337,0.011899803578853608,66841
14820,485621760,0.10203538795917738,3.020519256591797,0.5299039840698242,0.011732041835784912,58667
14830,485949440,0.101943781765291,2.9949672698974608,0.5332367420196533,0.011695101857185364,53795
14840,486277120,0.10185428029778715,2.934108352661133,0.5456704139709473,0.011906388401985168,54600
14850,486604800,0.1017668839770955,3.025574493408203,0.5324058532714844,0.011822907626628876,53919
14860,486932480,0.10168159321375685,3.047865867614746,0.5460049629211425,0.011891882121562957,51210
14870,487260160,0.10159840840842116,3.0002994537353516,0.5323904037475586,0.011838575452566147,51970
14880,487587840,0.1015173299518458,2.970734977722168,0.5218780994415283,0.011855099350214005,51999
14890,487915520,0.10143835822489358,3.056109809875488,0.53749680519104,0.011856761574745179,52749
14900,488243200,0.10136149359853108,3.0171733856201173,0.5328244686126709,0.011794564127922059,54243
14910,488570880,0.10128673643382681,2.933985710144043,0.5294419288635254,0.011750569939613343,52179
14920,488898560,0.10121408708194966,3.0337203979492187,0.5321693420410156,0.011843615770339965,50724
14930,489226240,0.10114354588416707,3.0224464416503904,0.5296274185180664,0.011771684885025025,49812
14940,489553920,0.1010751131718435,2.974173927307129,0.532267951965332,0.01168181300163269,54273
14950,489881600,0.10100878926643891,3.0197057723999023,0.527027702331543,0.011818218231201171,54812
14960,490209280,0.1009445744795073,2.950250816345215,0.5281660079956054,0.0117329441010952,55330
14970,490536960,0.10088246911269502,3.0122148513793947,0.5395747184753418,0.011730211228132248,53744
14980,490864640,0.1008224734577396,3.0614269256591795,0.5372157096862793,0.01189841702580452,54573
14990,491192320,0.10076458779646827,3.070042610168457,0.5420178890228271,0.011881056427955627,53472
15000,491520000,0.10070881240079659,3.0252965927124023,0.5425071716308594,0.01178567335009575,56084
15010,491847680,0.10065514753272739,3.0200881958007812,0.5386978149414062,0.011895108222961425,55145
15020,492175360,0.10060359344434912,3.030284881591797,0.6350337028503418,0.013295157253742218,56073
15030,492503040,0.10055415037783517,3.0470348358154298,0.5407989978790283,0.011818425357341766,52525
15040,492830720,0.10050681856544236,3.047451400756836,0.5358418464660645,0.011793437600135803,51253
15050,493158400,0.10046159822951001,3.0204261779785155,0.5368619918823242,0.011951424926519395,51821
15060,493486080,0.10041848958245882,2.958087158203125,0.5256364822387696,0.01183381825685501,54521
15070,493813760,0.10037749282679005,3.055495834350586,0.5394597053527832,0.011970169842243195,54776
15080,494141440,0.10033860815508432,3.0764097213745116,0.5441696643829346,0.01170964315533638,53488
15090,494469120,0.10030183575000079,3.0402057647705076,0.5393874168395996,0.01183217391371727,65856
15100,494796800,0.10026717578427634,3.036184883117676,0.5424646854400634,0.011753077805042266,66183
15110,495124480,0.10023462842072489,3.0179988861083986,0.543061351776123,0.01192983016371727,65223
15120,495452160,0.1002041938122364,3.126811981201172,0.5413372039794921,0.011744774132966995,69393
15130,495779840,0.10017587210177614,3.0230117797851563,0.5360051155090332,0.011889243870973587,55077
15140,496107520,0.10014966342238431,3.0485050201416017,0.5437538623809814,0.011877398192882537,50174
15150,496435200,0.10012556789717511,3.069801902770996,0.5471410274505615,0.011919964849948884,55655
15160,496762880,0.1001035856393363,3.006709861755371,0.5355577945709229,0.011809907853603363,54158
15170,497090560,0.1000837167521287,3.0420740127563475,0.5295444011688233,0.011921096593141556,55403
15180,497418240,0.10006596132888562,3.005365180969238,0.5261728286743164,0.011740626394748687,57860
15190,497745920,0.10005031945301247,2.9975576400756836,0.5293049812316895,0.011898807436227798,54773
15200,498073600,0.10003679119798632,3.0542959213256835,0.5389750957489013,0.011660169064998626,54260
15210,498401280,0.10002537662735562,3.0070247650146484,0.5324682235717774,0.011795868724584579,52538
15220,498728960,0.1000160757947399,3.0018264770507814,0.5354307651519775,0.012010376155376434,52089
15230,499056640,0.10000888874382939,3.031779479980469,0.5432161331176758,0.011908207088708878,52154
15240,499384320,0.100003815508385,3.0465911865234374,0.5373896598815918,0.01174175664782524,51786
15250,499712000,0.10000085611223805,3.019376754760742,0.5325599670410156,0.01188187301158905,50684
15258,499974144,0.1000000105692902,3.0093069076538086,0.5319569110870361,0.011872835457324982,55318
