time,t_s,edge_c,junction_c,mem_c,power_w,sclk_mhz,mclk_mhz,fan,vram_used_gib
2026-10-08T22:24:28,0.0,47.0,50.0,68.0,30.0,556.0,96.0,61.0,0.63
2026-10-08T22:24:38,10.0,45.0,46.0,66.0,9.0,11.0,96.0,0.0,0.63
2026-10-08T22:24:48,20.0,44.0,45.0,66.0,5.0,0.0,96.0,0.0,0.63
2026-10-08T22:24:58,30.0,43.0,44.0,66.0,5.0,0.0,96.0,0.0,0.63
2026-10-08T22:25:08,40.0,42.0,43.0,64.0,5.0,0.0,96.0,0.0,0.63
2026-10-08T22:25:18,50.0,42.0,43.0,64.0,5.0,0.0,96.0,0.0,0.63
2026-10-08T22:25:28,60.0,41.0,42.0,64.0,5.0,0.0,96.0,0.0,0.63
2026-10-08T22:25:38,70.0,40.0,41.0,64.0,5.0,0.0,96.0,0.0,0.63
2026-10-08T22:25:48,80.0,42.0,49.0,66.0,89.0,1968.0,1258.0,0.0,6.18
2026-10-08T22:25:58,90.0,43.0,52.0,67.0,96.0,2085.0,1258.0,0.0,6.18
2026-10-08T22:26:08,100.0,45.0,53.0,68.0,97.0,2088.0,1258.0,0.0,6.18
2026-10-08T22:26:18,110.0,46.0,54.0,70.0,97.0,2083.0,1258.0,0.0,6.18
2026-10-08T22:26:28,120.0,47.0,55.0,70.0,98.0,2090.0,1258.0,304.0,6.18
2026-10-08T22:26:38,130.0,47.0,56.0,70.0,94.0,2014.0,1258.0,512.0,6.22
2026-10-08T22:26:48,140.1,47.0,53.0,70.0,67.0,1376.0,1258.0,124.0,7.88
2026-10-08T22:26:58,150.1,47.0,52.0,69.0,61.0,1209.0,1258.0,0.0,8.67
2026-10-08T22:27:08,160.1,48.0,53.0,70.0,67.0,1368.0,1258.0,6.0,8.67
2026-10-08T22:27:18,170.1,48.0,54.0,70.0,70.0,1431.0,1258.0,0.0,8.67
2026-10-08T22:27:28,180.1,48.0,54.0,70.0,70.0,1435.0,1258.0,69.0,8.67
2026-10-08T22:27:38,190.1,48.0,54.0,70.0,70.0,1434.0,1258.0,95.0,8.67
2026-10-08T22:27:48,200.1,48.0,54.0,71.0,70.0,1442.0,1258.0,173.0,9.44
2026-10-08T22:27:58,210.1,48.0,54.0,71.0,68.0,1391.0,1258.0,407.0,9.44
2026-10-08T22:28:08,220.1,48.0,54.0,70.0,65.0,1321.0,1258.0,0.0,9.44
2026-10-08T22:28:18,230.1,48.0,54.0,71.0,66.0,1361.0,1258.0,171.0,10.21
2026-10-08T22:28:28,240.1,48.0,54.0,71.0,71.0,1487.0,1258.0,508.0,10.21
2026-10-08T22:28:38,250.1,48.0,54.0,70.0,63.0,1283.0,1258.0,166.0,10.21
2026-10-08T22:28:48,260.1,48.0,54.0,71.0,67.0,1401.0,1258.0,252.0,10.21
2026-10-08T22:28:58,270.1,48.0,54.0,71.0,69.0,1472.0,1258.0,423.0,10.21
2026-10-08T22:29:08,280.1,48.0,53.0,70.0,62.0,1303.0,1258.0,176.0,10.21
2026-10-08T22:29:18,290.1,48.0,54.0,71.0,72.0,1540.0,1258.0,215.0,10.21
2026-10-08T22:29:28,300.1,48.0,53.0,70.0,63.0,1271.0,1258.0,318.0,10.21
2026-10-08T22:29:38,310.1,48.0,54.0,71.0,68.0,1403.0,1258.0,221.0,10.21
2026-10-08T22:29:48,320.1,48.0,53.0,70.0,66.0,41.0,1258.0,376.0,10.21
2026-10-08T22:29:58,330.1,48.0,53.0,71.0,64.0,1301.0,1258.0,199.0,10.21
2026-10-08T22:30:08,340.1,48.0,54.0,71.0,70.0,1462.0,1258.0,187.0,10.21
2026-10-08T22:30:18,350.1,48.0,53.0,70.0,62.0,1266.0,1258.0,112.0,10.21
2026-10-08T22:30:28,360.1,48.0,54.0,71.0,70.0,1452.0,1258.0,170.0,10.21
2026-10-08T22:30:38,370.1,48.0,54.0,70.0,68.0,1393.0,1258.0,197.0,10.21
2026-10-08T22:30:48,380.1,48.0,53.0,71.0,65.0,1328.0,1258.0,232.0,10.21
2026-10-08T22:30:58,390.1,48.0,54.0,71.0,68.0,1386.0,1258.0,177.0,10.21
2026-10-08T22:31:08,400.1,48.0,54.0,71.0,70.0,1455.0,1258.0,244.0,10.21
2026-10-08T22:31:18,410.1,48.0,54.0,71.0,70.0,1453.0,1258.0,204.0,10.21
2026-10-08T22:31:28,420.1,48.0,54.0,71.0,71.0,1473.0,1258.0,118.0,10.21
2026-10-08T22:31:38,430.2,48.0,54.0,71.0,46.0,42.0,1258.0,230.0,10.21
2026-10-08T22:31:48,440.2,48.0,54.0,71.0,67.0,1367.0,1258.0,203.0,10.21
2026-10-08T22:31:58,450.2,48.0,54.0,71.0,67.0,1377.0,1258.0,0.0,10.21
2026-10-08T22:32:08,460.2,48.0,54.0,71.0,69.0,1419.0,1258.0,149.0,10.21
2026-10-08T22:32:18,470.2,48.0,54.0,71.0,70.0,1449.0,1258.0,208.0,10.21
2026-10-08T22:32:28,480.2,48.0,54.0,71.0,70.0,1454.0,1258.0,180.0,10.21
2026-10-08T22:32:38,490.2,48.0,54.0,71.0,70.0,1442.0,1258.0,215.0,10.21
2026-10-08T22:32:48,500.2,48.0,54.0,71.0,71.0,1456.0,1258.0,0.0,10.21
2026-10-08T22:32:58,510.2,48.0,54.0,71.0,73.0,1507.0,1258.0,225.0,10.21
2026-10-08T22:33:08,520.2,48.0,54.0,71.0,73.0,1500.0,1258.0,434.0,10.21
2026-10-08T22:33:18,530.2,48.0,54.0,71.0,74.0,1529.0,1258.0,325.0,10.21
2026-10-08T22:33:28,540.2,48.0,54.0,71.0,70.0,1415.0,1258.0,243.0,10.21
2026-10-08T22:33:38,550.2,48.0,54.0,71.0,76.0,1572.0,1258.0,272.0,10.21
2026-10-08T22:33:48,560.2,48.0,54.0,71.0,74.0,1516.0,1258.0,355.0,10.21
2026-10-08T22:33:58,570.2,48.0,54.0,71.0,74.0,1500.0,1258.0,249.0,10.21
2026-10-08T22:34:08,580.2,48.0,55.0,71.0,76.0,1556.0,1258.0,325.0,10.21
2026-10-08T22:34:18,590.2,48.0,54.0,71.0,74.0,1520.0,1258.0,304.0,10.21
2026-10-08T22:34:28,600.2,48.0,55.0,71.0,75.0,1538.0,1258.0,359.0,10.21
2026-10-08T22:34:38,610.2,48.0,54.0,71.0,76.0,1553.0,1258.0,290.0,10.21
2026-10-08T22:34:48,620.2,48.0,54.0,70.0,45.0,41.0,1258.0,0.0,10.21
2026-10-08T22:34:58,630.2,48.0,55.0,71.0,80.0,1652.0,1258.0,393.0,10.21
2026-10-08T22:35:08,640.2,48.0,54.0,71.0,74.0,1496.0,1258.0,307.0,10.21
2026-10-08T22:35:18,650.2,48.0,54.0,71.0,75.0,1530.0,1258.0,352.0,10.21
2026-10-08T22:35:28,660.2,48.0,55.0,71.0,79.0,1623.0,1258.0,329.0,10.21
2026-10-08T22:35:38,670.2,48.0,54.0,71.0,74.0,1493.0,1258.0,356.0,10.21
2026-10-08T22:35:48,680.2,48.0,55.0,71.0,77.0,1577.0,1258.0,393.0,10.21
2026-10-08T22:35:58,690.2,48.0,54.0,71.0,77.0,1569.0,1258.0,330.0,10.21
2026-10-08T22:36:08,700.2,48.0,54.0,71.0,75.0,1514.0,1258.0,360.0,10.21
2026-10-08T22:36:18,710.2,48.0,55.0,71.0,78.0,1584.0,1258.0,410.0,10.21
2026-10-08T22:36:28,720.2,48.0,55.0,71.0,80.0,1632.0,1258.0,348.0,10.21
2026-10-08T22:36:38,730.2,48.0,54.0,71.0,75.0,41.0,1258.0,431.0,10.21
2026-10-08T22:36:48,740.3,48.0,54.0,71.0,76.0,1549.0,1258.0,398.0,10.21
2026-10-08T22:36:58,750.3,48.0,55.0,71.0,78.0,1592.0,1258.0,392.0,10.21
2026-10-08T22:37:08,760.3,48.0,55.0,71.0,80.0,1623.0,1258.0,422.0,10.21
2026-10-08T22:37:18,770.3,48.0,55.0,71.0,80.0,1620.0,1258.0,414.0,10.21
2026-10-08T22:37:28,780.3,48.0,55.0,72.0,80.0,1629.0,1258.0,407.0,10.21
2026-10-08T22:37:38,790.3,48.0,55.0,71.0,80.0,1624.0,1258.0,405.0,10.21
2026-10-08T22:37:48,800.3,48.0,55.0,71.0,80.0,1625.0,1258.0,416.0,10.21
2026-10-08T22:37:58,810.3,48.0,55.0,71.0,80.0,1619.0,1258.0,478.0,10.21
2026-10-08T22:38:08,820.3,48.0,55.0,71.0,80.0,1616.0,1258.0,398.0,10.21
2026-10-08T22:38:18,830.3,48.0,55.0,72.0,80.0,1618.0,1258.0,438.0,10.21
2026-10-08T22:38:28,840.3,48.0,55.0,71.0,80.0,1611.0,1258.0,469.0,10.21
2026-10-08T22:38:38,850.3,48.0,55.0,71.0,80.0,1618.0,1258.0,457.0,10.21
2026-10-08T22:38:48,860.3,48.0,55.0,72.0,82.0,1660.0,1258.0,0.0,10.21
2026-10-08T22:38:58,870.3,48.0,55.0,71.0,80.0,1624.0,1258.0,489.0,10.21
2026-10-08T22:39:08,880.3,48.0,55.0,71.0,80.0,1629.0,1258.0,469.0,10.21
2026-10-08T22:39:18,890.3,48.0,55.0,71.0,81.0,1640.0,1258.0,481.0,10.21
2026-10-08T22:39:28,900.3,48.0,55.0,71.0,81.0,1631.0,1258.0,368.0,10.21
2026-10-08T22:39:38,910.3,48.0,55.0,72.0,80.0,1632.0,1258.0,408.0,10.21
2026-10-08T22:39:48,920.3,48.0,55.0,71.0,80.0,1613.0,1258.0,439.0,10.21
2026-10-08T22:39:58,930.3,48.0,55.0,71.0,79.0,1612.0,1258.0,407.0,10.21
2026-10-08T22:40:08,940.3,48.0,55.0,71.0,79.0,1602.0,1258.0,419.0,10.21
2026-10-08T22:40:18,950.3,48.0,55.0,71.0,79.0,1603.0,1258.0,408.0,10.21
2026-10-08T22:40:28,960.3,48.0,55.0,71.0,78.0,1587.0,1258.0,438.0,10.21
2026-10-08T22:40:38,970.3,48.0,55.0,72.0,80.0,1630.0,1258.0,473.0,10.21
2026-10-08T22:40:48,980.3,48.0,55.0,72.0,80.0,1637.0,1258.0,403.0,10.21
2026-10-08T22:40:58,990.3,48.0,55.0,71.0,80.0,1631.0,1258.0,411.0,10.21
2026-10-08T22:41:08,1000.3,48.0,55.0,71.0,80.0,1621.0,1258.0,420.0,10.21
2026-10-08T22:41:18,1010.3,48.0,55.0,71.0,78.0,1585.0,1258.0,413.0,10.21
2026-10-08T22:41:28,1020.3,48.0,55.0,71.0,79.0,1607.0,1258.0,414.0,10.21
2026-10-08T22:41:38,1030.3,48.0,55.0,71.0,77.0,1575.0,1258.0,368.0,10.21
2026-10-08T22:41:48,1040.3,48.0,55.0,71.0,78.0,1582.0,1258.0,393.0,10.21
2026-10-08T22:41:58,1050.3,48.0,55.0,71.0,78.0,1576.0,1258.0,393.0,10.21
2026-10-08T22:42:08,1060.3,48.0,55.0,71.0,80.0,1626.0,1258.0,416.0,10.21
2026-10-08T22:42:18,1070.3,48.0,55.0,72.0,80.0,1641.0,1258.0,399.0,10.21
2026-10-08T22:42:28,1080.3,48.0,55.0,71.0,80.0,1634.0,1258.0,588.0,10.21
2026-10-08T22:42:38,1090.3,48.0,55.0,71.0,78.0,1579.0,1258.0,389.0,10.21
2026-10-08T22:42:48,1100.3,48.0,55.0,71.0,78.0,1586.0,1258.0,500.0,10.21
2026-10-08T22:42:58,1110.4,48.0,55.0,71.0,78.0,1583.0,1258.0,416.0,10.21
2026-10-08T22:43:08,1120.4,48.0,54.0,71.0,78.0,1580.0,1258.0,485.0,10.21
2026-10-08T22:43:18,1130.4,48.0,55.0,71.0,79.0,1600.0,1258.0,384.0,10.21
2026-10-08T22:43:28,1140.4,48.0,55.0,71.0,80.0,1637.0,1258.0,392.0,10.21
2026-10-08T22:43:38,1150.4,48.0,55.0,71.0,80.0,1642.0,1258.0,332.0,10.21
2026-10-08T22:43:48,1160.4,48.0,55.0,71.0,78.0,1586.0,1258.0,365.0,10.21
2026-10-08T22:43:58,1170.4,48.0,55.0,71.0,77.0,1571.0,1258.0,423.0,10.21
2026-10-08T22:44:08,1180.4,48.0,54.0,71.0,77.0,1567.0,1258.0,385.0,10.21
2026-10-08T22:44:18,1190.4,48.0,55.0,71.0,78.0,1587.0,1258.0,381.0,10.21
2026-10-08T22:44:28,1200.4,48.0,55.0,72.0,80.0,1641.0,1258.0,381.0,10.21
2026-10-08T22:44:38,1210.4,48.0,55.0,71.0,80.0,1638.0,1258.0,411.0,10.21
2026-10-08T22:44:48,1220.4,48.0,55.0,71.0,78.0,1587.0,1258.0,388.0,10.21
2026-10-08T22:44:58,1230.4,48.0,55.0,71.0,78.0,1593.0,1258.0,399.0,10.21
2026-10-08T22:45:08,1240.4,48.0,55.0,71.0,77.0,1578.0,1258.0,392.0,10.21
2026-10-08T22:45:18,1250.4,48.0,55.0,71.0,77.0,1580.0,1258.0,395.0,10.21
2026-10-08T22:45:28,1260.4,48.0,55.0,71.0,79.0,1602.0,1258.0,406.0,10.21
2026-10-08T22:45:38,1270.4,48.0,55.0,72.0,80.0,1640.0,1258.0,402.0,10.21
2026-10-08T22:45:48,1280.4,48.0,55.0,71.0,79.0,1620.0,1258.0,372.0,10.21
2026-10-08T22:45:58,1290.4,48.0,54.0,71.0,76.0,1552.0,1258.0,394.0,10.21
2026-10-08T22:46:08,1300.4,48.0,55.0,71.0,77.0,1567.0,1258.0,396.0,10.21
2026-10-08T22:46:18,1310.4,48.0,55.0,71.0,78.0,1590.0,1258.0,441.0,10.21
2026-10-08T22:46:28,1320.4,48.0,55.0,71.0,80.0,1648.0,1258.0,348.0,10.21
2026-10-08T22:46:38,1330.4,48.0,54.0,71.0,77.0,1577.0,1258.0,337.0,10.21
2026-10-08T22:46:48,1340.4,48.0,54.0,71.0,46.0,42.0,1258.0,0.0,10.21
2026-10-08T22:46:58,1350.4,48.0,55.0,71.0,77.0,1562.0,1258.0,435.0,10.21
2026-10-08T22:47:08,1360.4,48.0,55.0,72.0,80.0,1658.0,1258.0,407.0,10.21
2026-10-08T22:47:18,1370.4,48.0,56.0,72.0,93.0,1972.0,1258.0,563.0,10.21
2026-10-08T22:47:28,1380.4,48.0,57.0,72.0,98.0,2084.0,1258.0,783.0,10.21
2026-10-08T22:47:38,1390.4,48.0,57.0,72.0,98.0,2084.0,1258.0,672.0,10.21
2026-10-08T22:47:48,1400.4,49.0,57.0,72.0,98.0,2091.0,1258.0,611.0,10.21
2026-10-08T22:47:58,1410.4,49.0,57.0,72.0,98.0,2093.0,1258.0,612.0,10.21
2026-10-08T22:48:08,1420.4,49.0,57.0,72.0,96.0,2042.0,1258.0,610.0,10.21
2026-10-08T22:48:18,1430.4,49.0,55.0,72.0,77.0,1571.0,1258.0,609.0,10.21
2026-10-08T22:48:28,1440.4,49.0,55.0,72.0,81.0,1657.0,1258.0,548.0,10.21
2026-10-08T22:48:38,1450.4,48.0,55.0,72.0,76.0,1556.0,1258.0,404.0,10.21
2026-10-08T22:48:48,1460.4,48.0,55.0,72.0,75.0,1528.0,1258.0,528.0,10.21
2026-10-08T22:48:58,1470.4,48.0,55.0,71.0,78.0,1607.0,1258.0,360.0,10.21
2026-10-08T22:49:08,1480.4,48.0,54.0,71.0,73.0,1489.0,1258.0,336.0,10.21
2026-10-08T22:49:18,1490.4,48.0,55.0,71.0,77.0,1565.0,1258.0,430.0,10.21
2026-10-08T22:49:28,1500.4,48.0,55.0,72.0,46.0,41.0,1258.0,569.0,10.21
2026-10-08T22:49:38,1510.4,48.0,55.0,71.0,79.0,1605.0,1258.0,552.0,10.21
2026-10-08T22:49:48,1520.5,48.0,55.0,71.0,76.0,1554.0,1258.0,358.0,10.21
2026-10-08T22:49:58,1530.5,48.0,54.0,71.0,75.0,1542.0,1258.0,418.0,10.21
2026-10-08T22:50:08,1540.5,48.0,55.0,72.0,80.0,1659.0,1258.0,382.0,10.21
2026-10-08T22:50:18,1550.5,48.0,55.0,71.0,78.0,1590.0,1258.0,391.0,10.21
2026-10-08T22:50:28,1560.5,48.0,54.0,71.0,46.0,41.0,1258.0,489.0,10.21
2026-10-08T22:50:38,1570.5,48.0,55.0,71.0,77.0,1565.0,1258.0,393.0,10.21
2026-10-08T22:50:48,1580.5,48.0,55.0,71.0,81.0,1661.0,1258.0,387.0,10.21
2026-10-08T22:50:58,1590.5,48.0,54.0,71.0,75.0,1534.0,1258.0,379.0,10.21
2026-10-08T22:51:08,1600.5,48.0,54.0,71.0,76.0,1556.0,1258.0,339.0,10.21
2026-10-08T22:51:18,1610.5,48.0,55.0,71.0,79.0,1619.0,1258.0,420.0,10.21
2026-10-08T22:51:28,1620.5,48.0,55.0,71.0,79.0,42.0,1258.0,521.0,10.21
2026-10-08T22:51:38,1630.5,48.0,54.0,71.0,76.0,1543.0,1258.0,329.0,10.21
2026-10-08T22:51:48,1640.5,48.0,55.0,71.0,76.0,1550.0,1258.0,401.0,10.21
2026-10-08T22:51:58,1650.5,48.0,55.0,71.0,81.0,1667.0,1258.0,368.0,10.21
2026-10-08T22:52:08,1660.5,48.0,54.0,71.0,77.0,1562.0,1258.0,403.0,10.21
2026-10-08T22:52:18,1670.5,48.0,54.0,71.0,75.0,1536.0,1258.0,395.0,10.21
2026-10-08T22:52:28,1680.5,48.0,55.0,71.0,79.0,1616.0,1258.0,346.0,10.21
2026-10-08T22:52:38,1690.5,48.0,54.0,71.0,78.0,1597.0,1258.0,359.0,10.21
2026-10-08T22:52:48,1700.5,48.0,54.0,71.0,75.0,1537.0,1258.0,344.0,10.21
2026-10-08T22:52:58,1710.5,48.0,55.0,71.0,78.0,1593.0,1258.0,379.0,10.21
2026-10-08T22:53:08,1720.5,48.0,55.0,71.0,79.0,1625.0,1258.0,505.0,10.21
2026-10-08T22:53:18,1730.5,48.0,54.0,71.0,75.0,1532.0,1258.0,478.0,10.21
2026-10-08T22:53:28,1740.5,48.0,55.0,71.0,77.0,1570.0,1258.0,457.0,10.21
2026-10-08T22:53:38,1750.5,48.0,55.0,71.0,79.0,1629.0,1258.0,309.0,10.21
2026-10-08T22:53:48,1760.5,48.0,54.0,71.0,74.0,1505.0,1258.0,0.0,10.21
2026-10-08T22:53:58,1770.5,48.0,55.0,71.0,78.0,1606.0,1258.0,413.0,10.21
2026-10-08T22:54:08,1780.5,48.0,54.0,71.0,78.0,1597.0,1258.0,543.0,10.21
2026-10-08T22:54:18,1790.5,48.0,54.0,71.0,75.0,1535.0,1258.0,0.0,10.21
2026-10-08T22:54:28,1800.5,48.0,54.0,71.0,78.0,1600.0,1258.0,312.0,10.21
2026-10-08T22:54:38,1810.6,48.0,54.0,71.0,78.0,1610.0,1258.0,354.0,10.21
2026-10-08T22:54:48,1820.6,48.0,54.0,71.0,75.0,1534.0,1258.0,368.0,10.21
2026-10-08T22:54:58,1830.6,48.0,54.0,71.0,78.0,1599.0,1258.0,382.0,10.21
2026-10-08T22:55:08,1840.6,48.0,54.0,71.0,78.0,1595.0,1258.0,280.0,10.21
2026-10-08T22:55:18,1850.6,48.0,54.0,71.0,75.0,41.0,1258.0,0.0,10.21
2026-10-08T22:55:28,1860.6,48.0,55.0,72.0,78.0,1614.0,1258.0,410.0,10.21
2026-10-08T22:55:38,1870.6,48.0,54.0,71.0,77.0,1581.0,1258.0,278.0,10.21
2026-10-08T22:55:48,1880.6,48.0,54.0,71.0,75.0,1527.0,1258.0,340.0,10.21
2026-10-08T22:55:58,1890.6,48.0,55.0,71.0,79.0,1636.0,1258.0,341.0,10.21
2026-10-08T22:56:08,1900.6,48.0,54.0,71.0,77.0,1580.0,1258.0,355.0,10.21
2026-10-08T22:56:18,1910.6,48.0,54.0,71.0,75.0,1526.0,1258.0,342.0,10.21
2026-10-08T22:56:28,1920.6,48.0,55.0,72.0,80.0,1644.0,1258.0,360.0,10.21
2026-10-08T22:56:38,1930.6,48.0,54.0,71.0,76.0,1558.0,1258.0,303.0,10.21
2026-10-08T22:56:48,1940.6,48.0,54.0,71.0,74.0,1526.0,1258.0,349.0,10.21
2026-10-08T22:56:58,1950.6,48.0,55.0,72.0,81.0,1671.0,1258.0,309.0,10.21
2026-10-08T22:57:08,1960.6,48.0,54.0,71.0,75.0,1540.0,1258.0,303.0,10.21
2026-10-08T22:57:18,1970.6,48.0,54.0,71.0,75.0,1539.0,1258.0,363.0,10.21
2026-10-08T22:57:28,1980.6,48.0,55.0,72.0,81.0,1663.0,1258.0,393.0,10.21
2026-10-08T22:57:38,1990.6,48.0,54.0,71.0,76.0,1556.0,1258.0,279.0,10.21
2026-10-08T22:57:48,2000.6,48.0,54.0,71.0,75.0,1530.0,1258.0,396.0,10.21
2026-10-08T22:57:58,2010.6,48.0,55.0,71.0,81.0,1663.0,1258.0,319.0,10.21
2026-10-08T22:58:08,2020.6,48.0,54.0,71.0,75.0,1531.0,1258.0,0.0,10.21
2026-10-08T22:58:18,2030.6,48.0,54.0,71.0,76.0,1554.0,1258.0,336.0,10.21
2026-10-08T22:58:28,2040.6,48.0,54.0,71.0,79.0,1631.0,1258.0,325.0,10.21
2026-10-08T22:58:38,2050.6,48.0,54.0,71.0,75.0,1527.0,1258.0,311.0,10.21
2026-10-08T22:58:48,2060.6,48.0,54.0,72.0,77.0,1597.0,1258.0,368.0,10.21
2026-10-08T22:58:58,2070.6,48.0,54.0,71.0,77.0,1579.0,1258.0,320.0,10.21
2026-10-08T22:59:08,2080.6,48.0,54.0,71.0,74.0,1525.0,1258.0,341.0,10.21
2026-10-08T22:59:18,2090.6,48.0,55.0,72.0,81.0,1887.0,1258.0,328.0,10.22
2026-10-08T22:59:28,2100.6,48.0,54.0,71.0,74.0,1639.0,1258.0,347.0,10.21
2026-10-08T22:59:38,2110.6,48.0,54.0,72.0,77.0,1586.0,1258.0,338.0,10.21
2026-10-08T22:59:48,2120.6,48.0,54.0,71.0,77.0,1586.0,1258.0,310.0,10.21
2026-10-08T22:59:58,2130.6,48.0,54.0,71.0,74.0,1523.0,1258.0,321.0,10.21
2026-10-08T23:00:08,2140.6,48.0,55.0,72.0,46.0,41.0,1258.0,532.0,10.21
2026-10-08T23:00:18,2150.6,48.0,54.0,71.0,74.0,1511.0,1258.0,312.0,10.21
2026-10-08T23:00:28,2160.6,48.0,54.0,71.0,77.0,1585.0,1258.0,352.0,10.21
2026-10-08T23:00:38,2170.6,48.0,54.0,71.0,76.0,1577.0,1258.0,354.0,10.21
2026-10-08T23:00:48,2180.6,48.0,54.0,71.0,74.0,1523.0,1258.0,365.0,10.21
2026-10-08T23:00:58,2190.6,48.0,54.0,71.0,80.0,1655.0,1258.0,335.0,10.21
2026-10-08T23:01:08,2200.6,48.0,54.0,71.0,74.0,1510.0,1258.0,0.0,10.21
2026-10-08T23:01:18,2210.7,48.0,54.0,72.0,78.0,1610.0,1258.0,409.0,10.21
2026-10-08T23:01:28,2220.7,48.0,54.0,71.0,76.0,1559.0,1258.0,284.0,10.21
2026-10-08T23:01:38,2230.7,48.0,54.0,71.0,75.0,1531.0,1258.0,307.0,10.21
2026-10-08T23:01:48,2240.7,48.0,55.0,71.0,81.0,1661.0,1258.0,401.0,10.21
2026-10-08T23:01:58,2250.7,48.0,54.0,71.0,75.0,1535.0,1258.0,303.0,10.21
2026-10-08T23:02:08,2260.7,48.0,54.0,71.0,76.0,1570.0,1258.0,403.0,10.21
2026-10-08T23:02:18,2270.7,48.0,54.0,71.0,77.0,1584.0,1258.0,285.0,10.21
2026-10-08T23:02:28,2280.7,48.0,54.0,71.0,74.0,1511.0,1258.0,360.0,10.21
2026-10-08T23:02:38,2290.7,48.0,55.0,71.0,80.0,1652.0,1258.0,320.0,10.21
2026-10-08T23:02:48,2300.7,48.0,54.0,71.0,75.0,41.0,1258.0,0.0,10.21
2026-10-08T23:02:58,2310.7,48.0,55.0,72.0,77.0,1595.0,1258.0,301.0,10.21
2026-10-08T23:03:08,2320.7,48.0,54.0,71.0,76.0,1559.0,1258.0,293.0,10.21
2026-10-08T23:03:18,2330.7,48.0,54.0,71.0,75.0,1539.0,1258.0,316.0,10.21
2026-10-08T23:03:28,2340.7,48.0,55.0,71.0,78.0,1609.0,1258.0,301.0,10.21
2026-10-08T23:03:38,2350.7,48.0,54.0,71.0,74.0,1525.0,1258.0,318.0,10.21
2026-10-08T23:03:48,2360.7,48.0,55.0,72.0,79.0,1647.0,1258.0,368.0,10.21
2026-10-08T23:03:58,2370.7,48.0,54.0,71.0,73.0,1500.0,1258.0,264.0,10.21
2026-10-08T23:04:08,2380.7,48.0,55.0,71.0,78.0,1617.0,1258.0,379.0,10.21
2026-10-08T23:04:18,2390.7,48.0,54.0,71.0,76.0,1565.0,1258.0,328.0,10.21
2026-10-08T23:04:28,2400.7,48.0,54.0,71.0,74.0,1521.0,1258.0,309.0,10.21
2026-10-08T23:04:38,2410.7,48.0,55.0,71.0,80.0,1657.0,1258.0,370.0,10.21
2026-10-08T23:04:48,2420.7,48.0,54.0,71.0,73.0,1505.0,1258.0,0.0,10.21
2026-10-08T23:04:58,2430.7,48.0,54.0,71.0,79.0,1629.0,1258.0,340.0,10.21
2026-10-08T23:05:08,2440.7,48.0,54.0,71.0,74.0,1520.0,1258.0,283.0,10.21
2026-10-08T23:05:18,2450.7,48.0,54.0,71.0,77.0,1589.0,1258.0,326.0,10.21
2026-10-08T23:05:28,2460.7,48.0,54.0,71.0,76.0,1574.0,1258.0,0.0,10.21
2026-10-08T23:05:38,2470.7,48.0,54.0,71.0,74.0,1528.0,1258.0,199.0,10.21
2026-10-08T23:05:48,2480.7,48.0,55.0,71.0,78.0,1624.0,1258.0,298.0,10.21
2026-10-08T23:05:58,2490.7,48.0,54.0,71.0,73.0,1494.0,1258.0,335.0,10.21
2026-10-08T23:06:08,2500.7,48.0,54.0,71.0,79.0,1643.0,1258.0,344.0,10.21
2026-10-08T23:06:18,2510.7,48.0,54.0,71.0,73.0,1500.0,1258.0,312.0,10.21
2026-10-08T23:06:28,2520.7,48.0,55.0,72.0,80.0,1651.0,1258.0,376.0,10.21
2026-10-08T23:06:38,2530.7,48.0,54.0,71.0,75.0,1541.0,1258.0,370.0,10.21
2026-10-08T23:06:48,2540.7,48.0,54.0,71.0,76.0,1558.0,1258.0,301.0,10.21
2026-10-08T23:06:58,2550.8,48.0,54.0,71.0,78.0,41.0,1258.0,491.0,10.21
2026-10-08T23:07:08,2560.8,48.0,54.0,71.0,74.0,1517.0,1258.0,397.0,10.21
2026-10-08T23:07:18,2570.8,48.0,54.0,71.0,79.0,1645.0,1258.0,282.0,10.21
2026-10-08T23:07:28,2580.8,48.0,55.0,71.0,80.0,1683.0,1258.0,401.0,10.21
2026-10-08T23:07:38,2590.8,48.0,56.0,72.0,96.0,2050.0,1258.0,733.0,10.21
2026-10-08T23:07:48,2600.8,48.0,56.0,72.0,95.0,2039.0,1258.0,681.0,10.21
2026-10-08T23:07:58,2610.8,48.0,56.0,72.0,95.0,2033.0,1258.0,614.0,10.21
2026-10-08T23:08:08,2620.8,49.0,56.0,72.0,96.0,2050.0,1258.0,611.0,10.21
2026-10-08T23:08:18,2630.8,49.0,57.0,72.0,96.0,2053.0,1258.0,609.0,10.21
2026-10-08T23:08:28,2640.8,49.0,57.0,72.0,93.0,1996.0,1258.0,607.0,10.22
2026-10-08T23:08:38,2650.8,49.0,55.0,72.0,73.0,1499.0,1258.0,611.0,10.22
2026-10-08T23:08:48,2660.8,48.0,55.0,72.0,79.0,1632.0,1258.0,532.0,10.22
2026-10-08T23:08:58,2670.8,48.0,54.0,72.0,73.0,1498.0,1258.0,433.0,10.22
2026-10-08T23:09:08,2680.8,48.0,55.0,72.0,79.0,1642.0,1258.0,387.0,10.22
2026-10-08T23:09:18,2690.8,48.0,54.0,71.0,73.0,1504.0,1258.0,322.0,10.22
2026-10-08T23:09:28,2700.8,48.0,54.0,72.0,79.0,1629.0,1258.0,380.0,10.22
2026-10-08T23:09:38,2710.8,48.0,54.0,71.0,75.0,1546.0,1258.0,333.0,10.22
2026-10-08T23:09:48,2720.8,48.0,54.0,72.0,76.0,1573.0,1258.0,314.0,10.22
2026-10-08T23:09:58,2730.8,48.0,54.0,71.0,74.0,1531.0,1258.0,207.0,10.22
2026-10-08T23:10:08,2740.8,48.0,54.0,71.0,76.0,1575.0,1258.0,318.0,10.22
2026-10-08T23:10:18,2750.8,48.0,54.0,71.0,77.0,1585.0,1258.0,273.0,10.22
2026-10-08T23:10:28,2760.8,48.0,54.0,71.0,74.0,1532.0,1258.0,319.0,10.22
2026-10-08T23:10:38,2770.8,48.0,54.0,71.0,77.0,1595.0,1258.0,400.0,10.22
2026-10-08T23:10:48,2780.8,48.0,54.0,71.0,74.0,1516.0,1258.0,410.0,10.22
2026-10-08T23:10:58,2790.8,48.0,54.0,72.0,78.0,1633.0,1258.0,500.0,10.22
2026-10-08T23:11:08,2800.8,48.0,54.0,71.0,73.0,1501.0,1258.0,361.0,10.22
2026-10-08T23:11:18,2810.8,48.0,54.0,72.0,79.0,1646.0,1258.0,221.0,10.22
2026-10-08T23:11:28,2820.8,48.0,54.0,71.0,72.0,1486.0,1258.0,304.0,10.22
2026-10-08T23:11:38,2830.8,48.0,55.0,71.0,79.0,117.0,1258.0,535.0,10.22
2026-10-08T23:11:49,2840.8,48.0,54.0,71.0,74.0,1511.0,1258.0,345.0,10.22
2026-10-08T23:11:59,2850.8,48.0,54.0,72.0,79.0,1640.0,1258.0,293.0,10.22
2026-10-08T23:12:09,2860.8,48.0,54.0,71.0,72.0,1485.0,1258.0,272.0,10.22
2026-10-08T23:12:19,2870.8,48.0,54.0,71.0,78.0,1624.0,1258.0,353.0,10.22
2026-10-08T23:12:29,2880.8,48.0,54.0,71.0,72.0,1481.0,1258.0,254.0,10.22
2026-10-08T23:12:39,2890.8,48.0,54.0,71.0,79.0,1632.0,1258.0,340.0,10.22
2026-10-08T23:12:49,2900.8,48.0,54.0,71.0,72.0,44.0,1258.0,0.0,10.22
2026-10-08T23:12:59,2910.9,48.0,54.0,72.0,79.0,1636.0,1258.0,344.0,10.22
2026-10-08T23:13:09,2920.9,48.0,54.0,71.0,73.0,1490.0,1258.0,264.0,10.22
2026-10-08T23:13:19,2930.9,48.0,54.0,71.0,79.0,41.0,1258.0,518.0,10.22
2026-10-08T23:13:29,2940.9,48.0,54.0,71.0,72.0,1483.0,1258.0,313.0,10.22
2026-10-08T23:13:39,2950.9,48.0,55.0,71.0,78.0,1628.0,1258.0,0.0,10.22
2026-10-08T23:13:49,2960.9,48.0,54.0,71.0,73.0,1493.0,1258.0,279.0,10.22
2026-10-08T23:13:59,2970.9,48.0,55.0,72.0,79.0,1631.0,1258.0,327.0,10.22
2026-10-08T23:14:09,2980.9,48.0,54.0,71.0,72.0,1481.0,1258.0,325.0,10.22
2026-10-08T23:14:19,2990.9,48.0,54.0,71.0,79.0,1645.0,1258.0,321.0,10.22
2026-10-08T23:14:29,3000.9,48.0,54.0,71.0,73.0,1495.0,1258.0,297.0,10.22
2026-10-08T23:14:39,3010.9,48.0,54.0,71.0,78.0,1621.0,1258.0,259.0,10.22
2026-10-08T23:14:49,3020.9,48.0,54.0,71.0,73.0,1486.0,1258.0,360.0,10.22
2026-10-08T23:14:59,3030.9,48.0,54.0,71.0,79.0,1647.0,1258.0,346.0,10.22
2026-10-08T23:15:09,3040.9,48.0,54.0,71.0,73.0,1506.0,1258.0,221.0,10.22
2026-10-08T23:15:19,3050.9,48.0,55.0,72.0,79.0,1642.0,1258.0,330.0,10.22
2026-10-08T23:15:29,3060.9,48.0,54.0,71.0,72.0,1489.0,1258.0,248.0,10.22
2026-10-08T23:15:39,3070.9,48.0,54.0,72.0,78.0,1633.0,1258.0,330.0,10.22
2026-10-08T23:15:49,3080.9,48.0,54.0,71.0,72.0,1474.0,1258.0,305.0,10.22
2026-10-08T23:15:59,3090.9,48.0,54.0,71.0,78.0,1634.0,1258.0,304.0,10.22
2026-10-08T23:16:09,3100.9,48.0,54.0,71.0,73.0,1503.0,1258.0,361.0,10.22
2026-10-08T23:16:19,3110.9,48.0,54.0,71.0,78.0,1625.0,1258.0,311.0,10.22
2026-10-08T23:16:29,3120.9,48.0,54.0,71.0,73.0,1509.0,1258.0,287.0,10.22
2026-10-08T23:16:39,3130.9,48.0,54.0,71.0,78.0,1614.0,1258.0,272.0,10.22
2026-10-08T23:16:49,3140.9,48.0,54.0,71.0,74.0,1523.0,1258.0,413.0,10.22
2026-10-08T23:16:59,3150.9,48.0,54.0,71.0,76.0,1577.0,1258.0,277.0,10.22
2026-10-08T23:17:09,3160.9,48.0,54.0,71.0,75.0,1565.0,1258.0,261.0,10.22
2026-10-08T23:17:19,3170.9,48.0,54.0,71.0,75.0,1546.0,1258.0,306.0,10.22
2026-10-08T23:17:29,3180.9,48.0,54.0,71.0,77.0,1586.0,1258.0,363.0,10.22
2026-10-08T23:17:39,3190.9,48.0,54.0,71.0,75.0,41.0,1258.0,464.0,10.22
2026-10-08T23:17:49,3200.9,48.0,52.0,72.0,46.0,41.0,1258.0,577.0,10.22
2026-10-08T23:17:59,3210.9,48.0,54.0,71.0,74.0,1529.0,1258.0,298.0,10.22
2026-10-08T23:18:09,3220.9,48.0,54.0,71.0,77.0,1603.0,1258.0,366.0,10.22
2026-10-08T23:18:19,3231.0,48.0,54.0,71.0,74.0,1527.0,1258.0,191.0,10.22
2026-10-08T23:18:29,3241.0,48.0,54.0,72.0,77.0,1606.0,1258.0,290.0,10.22
2026-10-08T23:18:39,3251.0,48.0,54.0,71.0,73.0,1503.0,1258.0,250.0,10.22
2026-10-08T23:18:49,3261.0,48.0,54.0,71.0,78.0,1625.0,1258.0,362.0,10.22
2026-10-08T23:18:59,3271.0,48.0,54.0,71.0,71.0,1468.0,1258.0,0.0,10.22
2026-10-08T23:19:09,3281.0,48.0,54.0,71.0,77.0,1614.0,1258.0,290.0,10.22
2026-10-08T23:19:19,3291.0,48.0,54.0,71.0,74.0,1534.0,1258.0,311.0,10.22
2026-10-08T23:19:29,3301.0,48.0,54.0,71.0,76.0,1570.0,1258.0,250.0,10.22
2026-10-08T23:19:39,3311.0,48.0,54.0,71.0,76.0,1571.0,1258.0,426.0,10.22
2026-10-08T23:19:49,3321.0,48.0,54.0,71.0,74.0,1531.0,1258.0,264.0,10.22
2026-10-08T23:19:59,3331.0,48.0,54.0,71.0,77.0,1613.0,1258.0,309.0,10.22
2026-10-08T23:20:09,3341.0,48.0,54.0,71.0,72.0,1479.0,1258.0,443.0,10.22
2026-10-08T23:20:19,3351.0,48.0,54.0,71.0,78.0,1621.0,1258.0,301.0,10.22
2026-10-08T23:20:29,3361.0,48.0,54.0,71.0,72.0,1483.0,1258.0,216.0,10.22
2026-10-08T23:20:39,3371.0,48.0,54.0,71.0,76.0,1585.0,1258.0,270.0,10.22
2026-10-08T23:20:49,3381.0,48.0,54.0,71.0,76.0,1570.0,1258.0,346.0,10.22
2026-10-08T23:20:59,3391.0,48.0,54.0,71.0,74.0,1516.0,1258.0,265.0,10.22
2026-10-08T23:21:09,3401.0,48.0,55.0,72.0,78.0,1613.0,1258.0,349.0,10.22
2026-10-08T23:21:19,3411.0,48.0,54.0,71.0,72.0,1493.0,1258.0,275.0,10.22
2026-10-08T23:21:29,3421.0,48.0,54.0,72.0,78.0,1630.0,1258.0,251.0,10.22
2026-10-08T23:21:39,3431.0,48.0,54.0,71.0,72.0,1482.0,1258.0,276.0,10.22
2026-10-08T23:21:49,3441.0,48.0,54.0,71.0,78.0,42.0,1258.0,451.0,10.22
2026-10-08T23:21:59,3451.0,48.0,54.0,71.0,74.0,1519.0,1258.0,403.0,10.22
2026-10-08T23:22:09,3461.0,48.0,54.0,71.0,75.0,1558.0,1258.0,327.0,10.22
2026-10-08T23:22:19,3471.0,48.0,54.0,71.0,77.0,1600.0,1258.0,360.0,10.22
2026-10-08T23:22:29,3481.0,48.0,54.0,71.0,73.0,1493.0,1258.0,246.0,10.22
2026-10-08T23:22:39,3491.0,48.0,54.0,71.0,78.0,1635.0,1258.0,381.0,10.22
2026-10-08T23:22:49,3501.0,48.0,54.0,71.0,72.0,1487.0,1258.0,261.0,10.22
2026-10-08T23:22:59,3511.0,48.0,54.0,72.0,78.0,41.0,1258.0,454.0,10.22
2026-10-08T23:23:09,3521.0,48.0,54.0,71.0,72.0,1475.0,1258.0,314.0,10.22
2026-10-08T23:23:19,3531.0,48.0,54.0,71.0,77.0,1614.0,1258.0,275.0,10.22
2026-10-08T23:23:29,3541.0,48.0,54.0,71.0,74.0,1543.0,1258.0,298.0,10.22
2026-10-08T23:23:39,3551.0,48.0,54.0,71.0,74.0,1526.0,1258.0,282.0,10.22
2026-10-08T23:23:49,3561.0,48.0,54.0,71.0,77.0,1612.0,1258.0,233.0,10.22
2026-10-08T23:23:59,3571.0,48.0,54.0,71.0,71.0,1466.0,1258.0,294.0,10.22
2026-10-08T23:24:09,3581.0,48.0,54.0,71.0,77.0,1606.0,1258.0,378.0,10.22
2026-10-08T23:24:19,3591.0,48.0,54.0,71.0,74.0,1546.0,1258.0,226.0,10.22
2026-10-08T23:24:29,3601.0,48.0,54.0,71.0,73.0,1507.0,1258.0,214.0,10.22
2026-10-08T23:24:39,3611.0,48.0,54.0,71.0,77.0,1607.0,1258.0,548.0,10.22
2026-10-08T23:24:49,3621.1,48.0,54.0,71.0,72.0,1480.0,1258.0,307.0,10.22
2026-10-08T23:24:59,3631.1,48.0,54.0,71.0,77.0,1605.0,1258.0,289.0,10.22
2026-10-08T23:25:09,3641.1,48.0,54.0,71.0,75.0,1559.0,1258.0,369.0,10.22
2026-10-08T23:25:19,3651.1,48.0,54.0,71.0,73.0,1499.0,1258.0,271.0,10.22
2026-10-08T23:25:29,3661.1,48.0,54.0,71.0,76.0,1584.0,1258.0,304.0,10.22
2026-10-08T23:25:39,3671.1,48.0,54.0,71.0,73.0,1521.0,1258.0,187.0,10.22
2026-10-08T23:25:49,3681.1,48.0,54.0,71.0,75.0,1561.0,1258.0,222.0,10.22
2026-10-08T23:25:59,3691.1,48.0,54.0,72.0,77.0,1599.0,1258.0,266.0,10.22
2026-10-08T23:26:09,3701.1,48.0,54.0,71.0,71.0,1464.0,1258.0,356.0,10.22
2026-10-08T23:26:19,3711.1,48.0,54.0,71.0,77.0,1602.0,1258.0,363.0,10.22
2026-10-08T23:26:29,3721.1,48.0,54.0,71.0,74.0,1535.0,1258.0,274.0,10.22
2026-10-08T23:26:39,3731.1,48.0,54.0,71.0,74.0,1528.0,1258.0,213.0,10.22
2026-10-08T23:26:49,3741.1,48.0,54.0,71.0,77.0,1593.0,1258.0,286.0,10.22
2026-10-08T23:26:59,3751.1,48.0,54.0,71.0,72.0,1481.0,1258.0,359.0,10.22
2026-10-08T23:27:09,3761.1,48.0,54.0,71.0,75.0,1571.0,1258.0,45.0,10.22
2026-10-08T23:27:19,3771.1,48.0,55.0,72.0,76.0,1592.0,1258.0,311.0,10.22
2026-10-08T23:27:29,3781.1,48.0,54.0,71.0,71.0,1452.0,1258.0,339.0,10.22
2026-10-08T23:27:39,3791.1,48.0,54.0,71.0,76.0,1592.0,1258.0,529.0,10.22
2026-10-08T23:27:49,3801.1,48.0,54.0,71.0,76.0,1583.0,1258.0,297.0,10.22
2026-10-08T23:27:59,3811.1,48.0,54.0,71.0,70.0,1442.0,1258.0,176.0,10.22
2026-10-08T23:28:09,3821.1,48.0,54.0,71.0,76.0,1587.0,1258.0,347.0,10.22
2026-10-08T23:28:19,3831.1,48.0,54.0,71.0,76.0,1597.0,1258.0,218.0,10.22
2026-10-08T23:28:29,3841.1,48.0,54.0,70.0,46.0,41.0,1258.0,0.0,10.22
2026-10-08T23:28:39,3851.1,48.0,54.0,71.0,76.0,1594.0,1258.0,199.0,10.22
2026-10-08T23:28:49,3861.1,48.0,54.0,71.0,76.0,1587.0,1258.0,312.0,10.22
2026-10-08T23:28:59,3871.1,48.0,54.0,71.0,70.0,1437.0,1258.0,263.0,10.22
2026-10-08T23:29:09,3881.1,48.0,54.0,71.0,76.0,1586.0,1258.0,635.0,10.22
2026-10-08T23:29:19,3891.1,48.0,55.0,72.0,85.0,1815.0,1258.0,502.0,10.22
2026-10-08T23:29:29,3901.1,48.0,56.0,72.0,92.0,1997.0,1258.0,662.0,10.22
2026-10-08T23:29:39,3911.1,48.0,56.0,72.0,92.0,1995.0,1258.0,612.0,10.22
2026-10-08T23:29:49,3921.1,49.0,56.0,72.0,92.0,1994.0,1258.0,614.0,10.22
2026-10-08T23:29:59,3931.1,49.0,56.0,72.0,93.0,2003.0,1258.0,611.0,10.22
2026-10-08T23:30:09,3941.1,49.0,56.0,72.0,93.0,2004.0,1258.0,611.0,10.22
2026-10-08T23:30:19,3951.1,49.0,57.0,72.0,91.0,1970.0,1258.0,611.0,10.22
2026-10-08T23:30:29,3961.1,49.0,55.0,72.0,76.0,1601.0,1258.0,544.0,10.22
2026-10-08T23:30:39,3971.1,48.0,55.0,72.0,76.0,1583.0,1258.0,438.0,10.22
2026-10-08T23:30:49,3981.1,48.0,54.0,72.0,73.0,1515.0,1258.0,250.0,10.22
2026-10-08T23:30:59,3991.1,48.0,54.0,71.0,73.0,1518.0,1258.0,265.0,10.22
2026-10-08T23:31:09,4001.1,48.0,54.0,72.0,76.0,41.0,1258.0,532.0,10.22
2026-10-08T23:31:19,4011.2,48.0,54.0,71.0,73.0,1512.0,1258.0,303.0,10.22
2026-10-08T23:31:29,4021.2,48.0,54.0,71.0,73.0,1515.0,1258.0,265.0,10.22
2026-10-08T23:31:39,4031.2,48.0,54.0,71.0,76.0,1586.0,1258.0,481.0,10.22
2026-10-08T23:31:49,4041.2,48.0,54.0,71.0,74.0,1528.0,1258.0,272.0,10.22
2026-10-08T23:31:59,4051.2,48.0,54.0,71.0,72.0,1475.0,1258.0,341.0,10.22
2026-10-08T23:32:09,4061.2,48.0,54.0,71.0,75.0,1578.0,1258.0,248.0,10.22
2026-10-08T23:32:19,4071.2,48.0,54.0,71.0,76.0,1572.0,1258.0,403.0,10.22
2026-10-08T23:32:29,4081.2,48.0,54.0,71.0,72.0,1474.0,1258.0,182.0,10.22
2026-10-08T23:32:39,4091.2,48.0,54.0,71.0,75.0,1575.0,1258.0,278.0,10.22
2026-10-08T23:32:49,4101.2,48.0,54.0,72.0,76.0,1583.0,1258.0,188.0,10.22
2026-10-08T23:32:59,4111.2,48.0,54.0,71.0,70.0,1447.0,1258.0,255.0,10.22
2026-10-08T23:33:09,4121.2,48.0,54.0,71.0,76.0,1583.0,1258.0,308.0,10.22
2026-10-08T23:33:19,4131.2,48.0,54.0,71.0,76.0,1580.0,1258.0,393.0,10.22
2026-10-08T23:33:29,4141.2,48.0,54.0,71.0,71.0,1473.0,1258.0,226.0,10.22
2026-10-08T23:33:39,4151.2,48.0,54.0,71.0,74.0,1544.0,1258.0,209.0,10.22
2026-10-08T23:33:49,4161.2,48.0,54.0,71.0,76.0,1595.0,1258.0,267.0,10.22
2026-10-08T23:33:59,4171.2,48.0,54.0,71.0,72.0,1484.0,1258.0,288.0,10.22
2026-10-08T23:34:09,4181.2,48.0,54.0,71.0,74.0,1545.0,1258.0,0.0,10.22
2026-10-08T23:34:19,4191.2,48.0,54.0,71.0,75.0,1575.0,1258.0,265.0,10.22
2026-10-08T23:34:29,4201.2,48.0,54.0,71.0,73.0,1514.0,1258.0,222.0,10.22
2026-10-08T23:34:39,4211.2,48.0,54.0,71.0,73.0,1505.0,1258.0,0.0,10.22
2026-10-08T23:34:49,4221.2,48.0,54.0,71.0,76.0,1577.0,1258.0,314.0,10.22
2026-10-08T23:34:59,4231.2,48.0,54.0,71.0,74.0,1546.0,1258.0,337.0,10.22
2026-10-08T23:35:09,4241.2,48.0,54.0,71.0,71.0,1471.0,1258.0,341.0,10.22
2026-10-08T23:35:19,4251.2,48.0,54.0,71.0,47.0,41.0,1258.0,436.0,10.22
2026-10-08T23:35:29,4261.2,48.0,54.0,71.0,75.0,1575.0,1258.0,259.0,10.22
2026-10-08T23:35:39,4271.2,48.0,54.0,71.0,72.0,1480.0,1258.0,338.0,10.22
2026-10-08T23:35:49,4281.2,48.0,54.0,71.0,73.0,1523.0,1258.0,0.0,10.22
2026-10-08T23:35:59,4291.2,48.0,54.0,71.0,75.0,1572.0,1258.0,293.0,10.22
2026-10-08T23:36:09,4301.3,48.0,54.0,71.0,74.0,1543.0,1258.0,295.0,10.22
2026-10-08T23:36:19,4311.3,48.0,54.0,71.0,70.0,1454.0,1258.0,173.0,10.22
2026-10-08T23:36:29,4321.3,48.0,54.0,71.0,75.0,1574.0,1258.0,252.0,10.22
2026-10-08T23:36:39,4331.3,48.0,54.0,71.0,76.0,1576.0,1258.0,325.0,10.22
2026-10-08T23:36:49,4341.3,48.0,54.0,71.0,72.0,1484.0,1258.0,301.0,10.22
2026-10-08T23:36:59,4351.3,48.0,54.0,71.0,74.0,1530.0,1258.0,218.0,10.22
2026-10-08T23:37:09,4361.3,48.0,54.0,71.0,75.0,1567.0,1258.0,245.0,10.22
2026-10-08T23:37:19,4371.3,48.0,54.0,71.0,75.0,1551.0,1258.0,272.0,10.22
2026-10-08T23:37:29,4381.3,48.0,54.0,71.0,70.0,1443.0,1258.0,293.0,10.22
2026-10-08T23:37:39,4391.3,48.0,54.0,71.0,75.0,1561.0,1258.0,265.0,10.22
2026-10-08T23:37:49,4401.3,48.0,54.0,71.0,75.0,1564.0,1258.0,292.0,10.22
2026-10-08T23:37:59,4411.3,48.0,54.0,71.0,73.0,1524.0,1258.0,282.0,10.22
2026-10-08T23:38:09,4421.3,48.0,54.0,71.0,72.0,1496.0,1258.0,259.0,10.22
2026-10-08T23:38:19,4431.3,48.0,54.0,71.0,76.0,1580.0,1258.0,215.0,10.22
2026-10-08T23:38:29,4441.3,48.0,54.0,71.0,75.0,1559.0,1258.0,270.0,10.22
2026-10-08T23:38:39,4451.3,48.0,54.0,71.0,70.0,1440.0,1258.0,284.0,10.22
2026-10-08T23:38:49,4461.3,48.0,54.0,71.0,75.0,1564.0,1258.0,203.0,10.22
2026-10-08T23:38:59,4471.3,48.0,54.0,71.0,75.0,1570.0,1258.0,229.0,10.22
2026-10-08T23:39:09,4481.3,48.0,54.0,71.0,73.0,1518.0,1258.0,333.0,10.22
2026-10-08T23:39:19,4491.3,48.0,54.0,71.0,71.0,1472.0,1258.0,272.0,10.22
2026-10-08T23:39:29,4501.3,48.0,54.0,71.0,76.0,1578.0,1258.0,320.0,10.22
2026-10-08T23:39:39,4511.3,48.0,54.0,71.0,75.0,1576.0,1258.0,458.0,10.22
2026-10-08T23:39:49,4521.3,48.0,54.0,71.0,71.0,1462.0,1258.0,271.0,10.22
2026-10-08T23:39:59,4531.3,48.0,54.0,71.0,73.0,1512.0,1258.0,229.0,10.22
2026-10-08T23:40:09,4541.3,48.0,54.0,71.0,75.0,1573.0,1258.0,205.0,10.22
2026-10-08T23:40:19,4551.3,48.0,54.0,71.0,75.0,1572.0,1258.0,374.0,10.22
2026-10-08T23:40:29,4561.3,48.0,54.0,71.0,70.0,1462.0,1258.0,318.0,10.22
2026-10-08T23:40:39,4571.3,48.0,54.0,71.0,73.0,1557.0,1258.0,167.0,10.22
2026-10-08T23:40:49,4581.3,48.0,54.0,71.0,75.0,1592.0,1258.0,227.0,10.22
2026-10-08T23:40:59,4591.3,48.0,54.0,71.0,74.0,1593.0,1258.0,507.0,10.22
2026-10-08T23:41:09,4601.3,48.0,54.0,71.0,72.0,1544.0,1258.0,298.0,10.22
2026-10-08T23:41:19,4611.3,48.0,54.0,71.0,71.0,1500.0,1258.0,262.0,10.22
2026-10-08T23:41:29,4621.3,48.0,54.0,71.0,75.0,1600.0,1258.0,0.0,10.22
2026-10-08T23:41:39,4631.3,48.0,54.0,71.0,75.0,1579.0,1258.0,273.0,10.22
2026-10-08T23:41:49,4641.3,48.0,54.0,71.0,74.0,1538.0,1258.0,361.0,10.22
2026-10-08T23:41:59,4651.3,48.0,54.0,71.0,70.0,1447.0,1258.0,260.0,10.22
2026-10-08T23:42:09,4661.3,48.0,54.0,71.0,73.0,1536.0,1258.0,50.0,10.22
2026-10-08T23:42:19,4671.3,48.0,54.0,71.0,75.0,1574.0,1258.0,322.0,10.22
2026-10-08T23:42:29,4681.3,48.0,54.0,71.0,75.0,1562.0,1258.0,231.0,10.22
2026-10-08T23:42:39,4691.3,48.0,54.0,71.0,70.0,1453.0,1258.0,273.0,10.22
2026-10-08T23:42:49,4701.4,48.0,54.0,71.0,72.0,1491.0,1258.0,0.0,10.22
2026-10-08T23:42:59,4711.4,48.0,54.0,71.0,75.0,1563.0,1258.0,0.0,10.22
2026-10-08T23:43:09,4721.4,48.0,54.0,71.0,75.0,1561.0,1258.0,364.0,10.22
2026-10-08T23:43:19,4731.4,48.0,54.0,71.0,73.0,1512.0,1258.0,302.0,10.22
2026-10-08T23:43:29,4741.4,48.0,54.0,71.0,70.0,1481.0,1258.0,189.0,10.22
2026-10-08T23:43:39,4751.4,48.0,54.0,71.0,74.0,1576.0,1258.0,210.0,10.22
2026-10-08T23:43:49,4761.4,48.0,54.0,71.0,75.0,1573.0,1258.0,330.0,10.22
2026-10-08T23:43:59,4771.4,48.0,54.0,71.0,74.0,1550.0,1258.0,326.0,10.22
2026-10-08T23:44:09,4781.4,48.0,54.0,71.0,72.0,1486.0,1258.0,227.0,10.22
2026-10-08T23:44:19,4791.4,48.0,54.0,71.0,71.0,1480.0,1258.0,291.0,10.22
2026-10-08T23:44:29,4801.4,48.0,54.0,71.0,74.0,1553.0,1258.0,246.0,10.22
2026-10-08T23:44:39,4811.4,48.0,54.0,71.0,74.0,1553.0,1258.0,234.0,10.22
2026-10-08T23:44:49,4821.4,48.0,54.0,71.0,74.0,1552.0,1258.0,234.0,10.22
2026-10-08T23:44:59,4831.4,48.0,54.0,71.0,70.0,1460.0,1258.0,139.0,10.22
2026-10-08T23:45:09,4841.4,48.0,54.0,71.0,72.0,1487.0,1258.0,275.0,10.22
2026-10-08T23:45:19,4851.4,48.0,54.0,71.0,74.0,1540.0,1258.0,227.0,10.22
2026-10-08T23:45:29,4861.4,48.0,54.0,71.0,46.0,41.0,1258.0,0.0,10.22
2026-10-08T23:45:39,4871.4,48.0,54.0,71.0,75.0,1564.0,1258.0,262.0,10.22
2026-10-08T23:45:49,4881.4,48.0,54.0,71.0,71.0,1462.0,1258.0,227.0,10.22
2026-10-08T23:45:59,4891.4,48.0,54.0,71.0,71.0,1458.0,1258.0,271.0,10.22
2026-10-08T23:46:09,4901.4,48.0,54.0,71.0,74.0,1552.0,1258.0,51.0,10.22
2026-10-08T23:46:19,4911.4,48.0,54.0,71.0,74.0,1553.0,1258.0,287.0,10.22
2026-10-08T23:46:29,4921.4,48.0,54.0,71.0,74.0,1544.0,1258.0,328.0,10.22
2026-10-08T23:46:39,4931.4,48.0,54.0,71.0,72.0,1483.0,1258.0,253.0,10.22
2026-10-08T23:46:49,4941.4,48.0,54.0,71.0,71.0,1461.0,1258.0,291.0,10.22
2026-10-08T23:46:59,4951.4,48.0,54.0,71.0,74.0,1535.0,1258.0,287.0,10.22
2026-10-08T23:47:09,4961.4,48.0,54.0,71.0,46.0,41.0,1258.0,453.0,10.22
2026-10-08T23:47:19,4971.4,48.0,54.0,71.0,74.0,1542.0,1258.0,305.0,10.22
2026-10-08T23:47:29,4981.4,48.0,54.0,71.0,74.0,1535.0,1258.0,286.0,10.22
2026-10-08T23:47:39,4991.4,48.0,54.0,71.0,71.0,1460.0,1258.0,226.0,10.22
2026-10-08T23:47:49,5001.4,48.0,54.0,71.0,71.0,1477.0,1258.0,247.0,10.22
2026-10-08T23:47:59,5011.4,48.0,54.0,71.0,75.0,1560.0,1258.0,212.0,10.22
2026-10-08T23:48:09,5021.4,48.0,54.0,71.0,75.0,1565.0,1258.0,189.0,10.22
2026-10-08T23:48:19,5031.4,48.0,54.0,71.0,73.0,1534.0,1258.0,192.0,10.22
2026-10-08T23:48:29,5041.4,48.0,54.0,71.0,71.0,1465.0,1258.0,261.0,10.22
2026-10-08T23:48:39,5051.5,48.0,54.0,71.0,71.0,1477.0,1258.0,265.0,10.22
2026-10-08T23:48:49,5061.5,48.0,54.0,71.0,74.0,1547.0,1258.0,327.0,10.22
2026-10-08T23:48:59,5071.5,48.0,54.0,71.0,74.0,1551.0,1258.0,161.0,10.22
2026-10-08T23:49:09,5081.5,48.0,54.0,71.0,73.0,1520.0,1258.0,197.0,10.22
2026-10-08T23:49:19,5091.5,48.0,54.0,71.0,72.0,1493.0,1258.0,108.0,10.22
2026-10-08T23:49:29,5101.5,48.0,54.0,71.0,71.0,1468.0,1258.0,320.0,10.22
2026-10-08T23:49:39,5111.5,48.0,54.0,71.0,71.0,1461.0,1258.0,313.0,10.22
2026-10-08T23:49:49,5121.5,48.0,54.0,71.0,72.0,1500.0,1258.0,0.0,10.22
2026-10-08T23:49:59,5131.5,48.0,54.0,71.0,74.0,1542.0,1258.0,249.0,10.22
2026-10-08T23:50:09,5141.5,48.0,54.0,71.0,74.0,1535.0,1258.0,332.0,10.22
2026-10-08T23:50:19,5151.5,48.0,54.0,71.0,74.0,1550.0,1258.0,485.0,10.22
2026-10-08T23:50:29,5161.5,48.0,54.0,71.0,71.0,1477.0,1258.0,193.0,10.22
2026-10-08T23:50:39,5171.5,48.0,54.0,71.0,71.0,1465.0,1258.0,262.0,10.22
2026-10-08T23:50:49,5181.5,48.0,54.0,71.0,72.0,1495.0,1258.0,322.0,10.22
2026-10-08T23:50:59,5191.5,48.0,54.0,71.0,73.0,1539.0,1258.0,102.0,10.22
2026-10-08T23:51:09,5201.5,48.0,54.0,71.0,73.0,1532.0,1258.0,69.0,10.22
2026-10-08T23:51:19,5211.5,48.0,54.0,71.0,74.0,1542.0,1258.0,320.0,10.22
2026-10-08T23:51:29,5221.5,48.0,54.0,71.0,73.0,1524.0,1258.0,339.0,10.22
2026-10-08T23:51:39,5231.5,48.0,54.0,71.0,70.0,1464.0,1258.0,250.0,10.22
2026-10-08T23:51:49,5241.5,48.0,54.0,71.0,72.0,1498.0,1258.0,196.0,10.22
2026-10-08T23:51:59,5251.5,48.0,54.0,71.0,73.0,1535.0,1258.0,253.0,10.22
2026-10-08T23:52:09,5261.5,48.0,54.0,71.0,74.0,1545.0,1258.0,311.0,10.22
2026-10-08T23:52:19,5271.5,48.0,54.0,71.0,73.0,1534.0,1258.0,248.0,10.22
2026-10-08T23:52:29,5281.5,48.0,54.0,71.0,72.0,1514.0,1258.0,62.0,10.22
2026-10-08T23:52:39,5291.5,48.0,54.0,71.0,70.0,1461.0,1258.0,241.0,10.22
2026-10-08T23:52:49,5301.5,48.0,54.0,71.0,71.0,1469.0,1258.0,353.0,10.22
2026-10-08T23:52:59,5311.5,48.0,54.0,71.0,73.0,1533.0,1258.0,253.0,10.22
2026-10-08T23:53:09,5321.5,48.0,55.0,72.0,82.0,1758.0,1258.0,390.0,10.22
2026-10-08T23:53:19,5331.5,48.0,56.0,72.0,90.0,1967.0,1258.0,630.0,10.22
2026-10-08T23:53:29,5341.5,48.0,56.0,72.0,90.0,1955.0,1258.0,611.0,10.22
2026-10-08T23:53:39,5351.5,48.0,56.0,72.0,90.0,1959.0,1258.0,614.0,10.22
2026-10-08T23:53:49,5361.5,49.0,56.0,72.0,90.0,1959.0,1258.0,614.0,10.22
2026-10-08T23:53:59,5371.5,49.0,56.0,72.0,90.0,1963.0,1258.0,613.0,10.22
2026-10-08T23:54:09,5381.5,49.0,56.0,72.0,90.0,1965.0,1258.0,614.0,10.22
2026-10-08T23:54:19,5391.5,49.0,56.0,72.0,85.0,1842.0,1258.0,619.0,10.22
2026-10-08T23:54:29,5401.5,48.0,54.0,71.0,70.0,1456.0,1258.0,433.0,10.22
2026-10-08T23:54:39,5411.5,48.0,54.0,71.0,72.0,1497.0,1258.0,324.0,10.22
2026-10-08T23:54:49,5421.5,48.0,54.0,71.0,73.0,1534.0,1258.0,201.0,10.22
2026-10-08T23:54:59,5431.5,48.0,54.0,71.0,73.0,1533.0,1258.0,320.0,10.22
2026-10-08T23:55:09,5441.5,48.0,54.0,71.0,74.0,1539.0,1258.0,235.0,10.22
2026-10-08T23:55:19,5451.5,48.0,54.0,71.0,73.0,1529.0,1258.0,283.0,10.22
2026-10-08T23:55:29,5461.5,48.0,54.0,71.0,71.0,1480.0,1258.0,209.0,10.22
2026-10-08T23:55:39,5471.5,48.0,54.0,71.0,70.0,1462.0,1258.0,197.0,10.22
2026-10-08T23:55:49,5481.5,48.0,54.0,71.0,71.0,1480.0,1258.0,245.0,10.22
2026-10-08T23:55:59,5491.5,48.0,54.0,71.0,74.0,1541.0,1258.0,136.0,10.22
2026-10-08T23:56:09,5501.5,48.0,54.0,71.0,73.0,1526.0,1258.0,315.0,10.22
2026-10-08T23:56:19,5511.5,48.0,54.0,71.0,73.0,1526.0,1258.0,131.0,10.22
2026-10-08T23:56:29,5521.5,48.0,54.0,71.0,73.0,1537.0,1258.0,273.0,10.22
2026-10-08T23:56:39,5531.5,48.0,54.0,71.0,71.0,1487.0,1258.0,312.0,10.22
2026-10-08T23:56:49,5541.6,48.0,54.0,71.0,70.0,1457.0,1258.0,146.0,10.22
2026-10-08T23:56:59,5551.6,48.0,54.0,71.0,71.0,1484.0,1258.0,249.0,10.22
2026-10-08T23:57:09,5561.6,48.0,54.0,71.0,73.0,1529.0,1258.0,217.0,10.22
2026-10-08T23:57:19,5571.6,48.0,54.0,71.0,73.0,1533.0,1258.0,206.0,10.22
2026-10-08T23:57:29,5581.6,48.0,54.0,71.0,74.0,1540.0,1258.0,293.0,10.22
2026-10-08T23:57:39,5591.6,48.0,54.0,71.0,73.0,1520.0,1258.0,278.0,10.22
2026-10-08T23:57:49,5601.6,48.0,54.0,71.0,72.0,1498.0,1258.0,248.0,10.22
2026-10-08T23:57:59,5611.6,48.0,54.0,71.0,71.0,1462.0,1258.0,248.0,10.22
2026-10-08T23:58:09,5621.6,48.0,54.0,71.0,71.0,1467.0,1258.0,215.0,10.22
2026-10-08T23:58:19,5631.6,48.0,54.0,71.0,73.0,1513.0,1258.0,259.0,10.22
2026-10-08T23:58:29,5641.6,48.0,54.0,71.0,73.0,1534.0,1258.0,298.0,10.22
2026-10-08T23:58:39,5651.6,48.0,54.0,71.0,73.0,1522.0,1258.0,196.0,10.22
2026-10-08T23:58:49,5661.6,48.0,54.0,71.0,73.0,1523.0,1258.0,113.0,10.22
2026-10-08T23:58:59,5671.6,48.0,54.0,71.0,73.0,1538.0,1258.0,186.0,10.22
2026-10-08T23:59:09,5681.6,48.0,54.0,71.0,71.0,1486.0,1258.0,234.0,10.22
2026-10-08T23:59:19,5691.6,48.0,54.0,71.0,71.0,1464.0,1258.0,272.0,10.22
2026-10-08T23:59:29,5701.6,48.0,54.0,71.0,71.0,1488.0,1258.0,264.0,10.22
2026-10-08T23:59:39,5711.6,48.0,54.0,71.0,73.0,1527.0,1258.0,348.0,10.22
2026-10-08T23:59:49,5721.6,48.0,54.0,71.0,74.0,1542.0,1258.0,278.0,10.22
2026-10-08T23:59:59,5731.6,48.0,54.0,71.0,73.0,1521.0,1258.0,269.0,10.22
2026-10-09T00:00:09,5741.6,48.0,54.0,71.0,73.0,1529.0,1258.0,152.0,10.21
2026-10-09T00:00:19,5751.6,48.0,54.0,71.0,72.0,1504.0,1258.0,76.0,10.21
2026-10-09T00:00:29,5761.6,48.0,54.0,71.0,70.0,1458.0,1258.0,282.0,10.21
2026-10-09T00:00:39,5771.6,48.0,54.0,71.0,71.0,1473.0,1258.0,318.0,10.21
2026-10-09T00:00:49,5781.6,48.0,54.0,71.0,72.0,1509.0,1258.0,289.0,10.21
2026-10-09T00:00:59,5791.6,48.0,54.0,71.0,73.0,1519.0,1258.0,0.0,10.21
2026-10-09T00:01:09,5801.6,48.0,54.0,71.0,73.0,1526.0,1258.0,220.0,10.21
2026-10-09T00:01:19,5811.6,48.0,54.0,71.0,73.0,1532.0,1258.0,282.0,10.21
2026-10-09T00:01:29,5821.6,48.0,54.0,71.0,73.0,1523.0,1258.0,154.0,10.21
2026-10-09T00:01:39,5831.6,48.0,54.0,71.0,71.0,1488.0,1258.0,235.0,10.21
2026-10-09T00:01:49,5841.6,48.0,54.0,71.0,70.0,1457.0,1258.0,290.0,10.21
2026-10-09T00:01:59,5851.6,48.0,54.0,71.0,71.0,1479.0,1258.0,268.0,10.21
2026-10-09T00:02:09,5861.6,48.0,54.0,71.0,73.0,1527.0,1258.0,94.0,10.21
2026-10-09T00:02:19,5871.6,48.0,54.0,71.0,73.0,1523.0,1258.0,191.0,10.21
2026-10-09T00:02:29,5881.6,48.0,54.0,71.0,73.0,1527.0,1258.0,200.0,10.21
2026-10-09T00:02:39,5891.6,48.0,54.0,71.0,73.0,1522.0,1258.0,185.0,10.21
2026-10-09T00:02:49,5901.6,48.0,54.0,71.0,73.0,1518.0,1258.0,319.0,10.21
2026-10-09T00:02:59,5911.6,48.0,54.0,71.0,72.0,1493.0,1258.0,294.0,10.21
2026-10-09T00:03:09,5921.6,48.0,54.0,71.0,71.0,1469.0,1258.0,257.0,10.21
2026-10-09T00:03:19,5931.6,48.0,54.0,71.0,71.0,1467.0,1258.0,243.0,10.21
2026-10-09T00:03:29,5941.6,48.0,54.0,71.0,72.0,1508.0,1258.0,293.0,10.21
2026-10-09T00:03:39,5951.6,48.0,54.0,71.0,72.0,1519.0,1258.0,105.0,10.21
2026-10-09T00:03:49,5961.6,48.0,54.0,71.0,73.0,1538.0,1258.0,182.0,10.21
2026-10-09T00:03:59,5971.6,48.0,54.0,71.0,73.0,1523.0,1258.0,124.0,10.21
2026-10-09T00:04:09,5981.6,48.0,54.0,71.0,72.0,1510.0,1258.0,222.0,10.21
2026-10-09T00:04:19,5991.6,48.0,54.0,71.0,46.0,42.0,1258.0,491.0,10.21
2026-10-09T00:04:29,6001.7,48.0,54.0,71.0,71.0,1483.0,1258.0,301.0,10.21
2026-10-09T00:04:39,6011.7,48.0,54.0,71.0,71.0,1469.0,1258.0,211.0,10.21
2026-10-09T00:04:49,6021.7,48.0,54.0,71.0,71.0,1470.0,1258.0,296.0,10.21
2026-10-09T00:04:59,6031.7,48.0,54.0,71.0,71.0,1475.0,1258.0,206.0,10.21
2026-10-09T00:05:09,6041.7,48.0,54.0,71.0,72.0,1521.0,1258.0,158.0,10.21
2026-10-09T00:05:19,6051.7,48.0,54.0,71.0,73.0,1518.0,1258.0,191.0,10.21
2026-10-09T00:05:29,6061.7,48.0,54.0,71.0,72.0,41.0,1258.0,0.0,10.21
2026-10-09T00:05:39,6071.7,48.0,54.0,71.0,72.0,1513.0,1258.0,208.0,10.21
2026-10-09T00:05:49,6081.7,48.0,54.0,71.0,72.0,1516.0,1258.0,171.0,10.21
2026-10-09T00:05:59,6091.7,48.0,54.0,71.0,72.0,1509.0,1258.0,200.0,10.21
2026-10-09T00:06:09,6101.7,48.0,54.0,71.0,72.0,1517.0,1258.0,328.0,10.21
2026-10-09T00:06:19,6111.7,48.0,54.0,71.0,71.0,1470.0,1258.0,257.0,10.21
2026-10-09T00:06:29,6121.7,48.0,54.0,71.0,71.0,1472.0,1258.0,142.0,10.21
2026-10-09T00:06:39,6131.7,48.0,54.0,71.0,71.0,1466.0,1258.0,224.0,10.21
2026-10-09T00:06:49,6141.7,48.0,54.0,71.0,72.0,1517.0,1258.0,139.0,10.21
2026-10-09T00:06:59,6151.7,48.0,54.0,71.0,73.0,1517.0,1258.0,254.0,10.21
2026-10-09T00:07:09,6161.7,48.0,54.0,71.0,72.0,1507.0,1258.0,289.0,10.21
2026-10-09T00:07:19,6171.7,48.0,54.0,71.0,72.0,1509.0,1258.0,142.0,10.21
2026-10-09T00:07:29,6181.7,48.0,54.0,71.0,73.0,1517.0,1258.0,266.0,10.21
2026-10-09T00:07:39,6191.7,48.0,54.0,71.0,72.0,1512.0,1258.0,224.0,10.21
2026-10-09T00:07:49,6201.7,48.0,54.0,71.0,73.0,1523.0,1258.0,138.0,10.21
2026-10-09T00:07:59,6211.7,48.0,54.0,71.0,71.0,1482.0,1258.0,276.0,10.21
2026-10-09T00:08:09,6221.7,48.0,54.0,71.0,71.0,1590.0,1258.0,288.0,10.21
2026-10-09T00:08:19,6231.7,48.0,54.0,71.0,72.0,1698.0,1258.0,240.0,10.2
2026-10-09T00:08:29,6241.7,48.0,54.0,71.0,71.0,1509.0,1258.0,239.0,10.2
2026-10-09T00:08:39,6251.7,48.0,54.0,71.0,71.0,1482.0,1258.0,265.0,10.2
2026-10-09T00:08:49,6261.7,48.0,54.0,71.0,72.0,1513.0,1258.0,130.0,10.2
2026-10-09T00:08:59,6271.7,48.0,54.0,71.0,72.0,1506.0,1258.0,652.0,10.2
2026-10-09T00:09:09,6281.7,48.0,54.0,71.0,73.0,1518.0,1258.0,186.0,10.19
2026-10-09T00:09:19,6291.7,48.0,54.0,71.0,73.0,1526.0,1258.0,199.0,10.19
2026-10-09T00:09:29,6301.7,48.0,54.0,71.0,72.0,1513.0,1258.0,448.0,10.19
2026-10-09T00:09:39,6311.7,48.0,54.0,71.0,72.0,1511.0,1258.0,330.0,10.19
2026-10-09T00:09:49,6321.7,48.0,54.0,71.0,73.0,1521.0,1258.0,292.0,10.19
2026-10-09T00:09:59,6331.7,47.0,54.0,71.0,71.0,1474.0,1258.0,103.0,10.19
2026-10-09T00:10:09,6341.7,47.0,54.0,71.0,71.0,1476.0,1258.0,131.0,10.19
2026-10-09T00:10:19,6351.7,48.0,54.0,71.0,71.0,1478.0,1258.0,233.0,10.19
2026-10-09T00:10:29,6361.8,48.0,54.0,71.0,71.0,1469.0,1258.0,121.0,10.19
2026-10-09T00:10:39,6371.8,48.0,54.0,71.0,71.0,1474.0,1258.0,53.0,10.19
2026-10-09T00:10:49,6381.8,48.0,54.0,71.0,71.0,1488.0,1258.0,78.0,10.19
2026-10-09T00:10:59,6391.8,48.0,54.0,71.0,72.0,1505.0,1258.0,274.0,10.19
2026-10-09T00:11:09,6401.8,48.0,54.0,71.0,72.0,1516.0,1258.0,151.0,10.19
2026-10-09T00:11:19,6411.8,48.0,54.0,71.0,73.0,1527.0,1258.0,197.0,10.19
2026-10-09T00:11:29,6421.8,48.0,54.0,71.0,46.0,47.0,1258.0,0.0,10.19
2026-10-09T00:11:39,6431.8,48.0,54.0,71.0,73.0,1522.0,1258.0,205.0,10.19
2026-10-09T00:11:49,6441.8,48.0,54.0,71.0,72.0,1511.0,1258.0,316.0,10.19
2026-10-09T00:11:59,6451.8,48.0,54.0,71.0,72.0,1511.0,1258.0,0.0,10.19
2026-10-09T00:12:09,6461.8,48.0,54.0,71.0,71.0,1488.0,1258.0,165.0,10.19
2026-10-09T00:12:19,6471.8,48.0,54.0,71.0,71.0,1473.0,1258.0,186.0,10.19
2026-10-09T00:12:29,6481.8,48.0,54.0,71.0,71.0,1478.0,1258.0,256.0,10.19
2026-10-09T00:12:39,6491.8,48.0,54.0,71.0,71.0,1476.0,1258.0,115.0,10.19
2026-10-09T00:12:49,6501.8,48.0,54.0,71.0,71.0,1478.0,1258.0,117.0,10.19
2026-10-09T00:12:59,6511.8,48.0,54.0,71.0,71.0,1482.0,1258.0,76.0,10.19
2026-10-09T00:13:09,6521.8,48.0,54.0,71.0,72.0,1513.0,1258.0,203.0,10.19
2026-10-09T00:13:19,6531.8,48.0,54.0,71.0,73.0,1522.0,1258.0,236.0,10.19
2026-10-09T00:13:29,6541.8,48.0,54.0,71.0,73.0,1698.0,1258.0,0.0,10.19
2026-10-09T00:13:39,6551.8,48.0,54.0,71.0,71.0,1499.0,1258.0,33.0,10.19
2026-10-09T00:13:49,6561.8,48.0,54.0,71.0,72.0,1513.0,1258.0,401.0,10.19
2026-10-09T00:14:00,6571.8,48.0,54.0,71.0,71.0,1493.0,1258.0,253.0,10.19
2026-10-09T00:14:10,6581.8,48.0,54.0,71.0,71.0,1502.0,1258.0,45.0,10.19
2026-10-09T00:14:20,6591.8,48.0,54.0,71.0,71.0,1484.0,1258.0,67.0,10.19
2026-10-09T00:14:30,6601.8,48.0,54.0,71.0,72.0,1501.0,1258.0,367.0,10.19
2026-10-09T00:14:40,6611.8,48.0,54.0,71.0,72.0,1503.0,1258.0,168.0,10.19
2026-10-09T00:14:50,6621.8,48.0,54.0,71.0,72.0,1510.0,1258.0,142.0,10.19
2026-10-09T00:15:00,6631.8,48.0,54.0,71.0,71.0,1478.0,1258.0,137.0,10.19
2026-10-09T00:15:10,6641.8,47.0,54.0,71.0,71.0,1478.0,1258.0,245.0,10.19
2026-10-09T00:15:20,6651.9,47.0,54.0,71.0,71.0,1478.0,1258.0,154.0,10.19
2026-10-09T00:15:30,6661.9,47.0,54.0,71.0,71.0,1478.0,1258.0,0.0,10.19
2026-10-09T00:15:40,6671.9,48.0,54.0,71.0,71.0,1475.0,1258.0,182.0,10.19
2026-10-09T00:15:50,6681.9,47.0,54.0,71.0,71.0,1479.0,1258.0,149.0,10.19
2026-10-09T00:16:00,6691.9,47.0,54.0,71.0,72.0,1500.0,1258.0,0.0,10.19
2026-10-09T00:16:10,6701.9,47.0,54.0,71.0,71.0,1490.0,1258.0,186.0,10.19
2026-10-09T00:16:20,6711.9,47.0,54.0,70.0,71.0,1492.0,1258.0,136.0,10.19
2026-10-09T00:16:30,6721.9,47.0,54.0,70.0,72.0,1513.0,1258.0,11.0,10.19
2026-10-09T00:16:40,6731.9,47.0,54.0,71.0,72.0,1500.0,1258.0,146.0,10.19
2026-10-09T00:16:50,6741.9,47.0,54.0,71.0,72.0,1502.0,1258.0,216.0,10.19
2026-10-09T00:17:00,6751.9,47.0,54.0,71.0,72.0,1504.0,1258.0,0.0,10.19
2026-10-09T00:17:10,6761.9,48.0,54.0,71.0,71.0,1486.0,1258.0,0.0,10.19
2026-10-09T00:17:20,6771.9,48.0,54.0,71.0,72.0,1501.0,1258.0,113.0,10.19
2026-10-09T00:17:30,6781.9,48.0,54.0,71.0,72.0,1507.0,1258.0,476.0,10.19
2026-10-09T00:17:40,6791.9,48.0,54.0,71.0,72.0,1504.0,1258.0,203.0,10.19
2026-10-09T00:17:50,6801.9,47.0,54.0,71.0,72.0,1517.0,1258.0,255.0,10.19
2026-10-09T00:18:00,6811.9,47.0,54.0,70.0,71.0,1488.0,1258.0,107.0,10.19
2026-10-09T00:18:10,6821.9,47.0,54.0,70.0,71.0,1478.0,1258.0,118.0,10.19
2026-10-09T00:18:20,6831.9,47.0,54.0,70.0,71.0,1479.0,1258.0,115.0,10.19
2026-10-09T00:18:30,6841.9,47.0,54.0,70.0,69.0,1496.0,1258.0,67.0,10.19
2026-10-09T00:18:40,6851.9,47.0,55.0,71.0,82.0,1811.0,1258.0,331.0,10.19
2026-10-09T00:18:50,6861.9,47.0,55.0,72.0,87.0,1938.0,1258.0,607.0,10.19
2026-10-09T00:19:00,6871.9,47.0,55.0,72.0,87.0,1938.0,1258.0,608.0,10.19
2026-10-09T00:19:10,6881.9,47.0,55.0,72.0,87.0,1929.0,1258.0,609.0,10.19
2026-10-09T00:19:20,6891.9,47.0,55.0,71.0,87.0,1939.0,1258.0,609.0,10.19
2026-10-09T00:19:30,6901.9,47.0,55.0,72.0,87.0,1938.0,1258.0,576.0,10.19
2026-10-09T00:19:40,6911.9,47.0,55.0,71.0,87.0,1943.0,1258.0,0.0,10.19
2026-10-09T00:19:50,6921.9,47.0,55.0,71.0,83.0,1845.0,1258.0,28.0,10.19
2026-10-09T00:20:00,6931.9,47.0,54.0,70.0,69.0,1480.0,1258.0,191.0,10.19
2026-10-09T00:20:10,6941.9,47.0,54.0,70.0,69.0,1472.0,1258.0,0.0,10.19
2026-10-09T00:20:20,6951.9,47.0,54.0,70.0,69.0,1473.0,1258.0,146.0,10.19
2026-10-09T00:20:30,6961.9,47.0,54.0,70.0,69.0,1484.0,1258.0,0.0,10.19
2026-10-09T00:20:40,6971.9,47.0,54.0,70.0,69.0,1472.0,1258.0,45.0,10.19
2026-10-09T00:20:50,6982.0,47.0,54.0,70.0,69.0,1472.0,1258.0,95.0,10.19
2026-10-09T00:21:00,6992.0,47.0,54.0,70.0,69.0,1486.0,1258.0,111.0,10.19
2026-10-09T00:21:10,7002.0,47.0,53.0,70.0,69.0,1488.0,1258.0,121.0,10.19
2026-10-09T00:21:20,7012.0,47.0,54.0,70.0,70.0,1500.0,1258.0,11.0,10.19
2026-10-09T00:21:30,7022.0,47.0,54.0,70.0,70.0,1505.0,1258.0,28.0,10.19
2026-10-09T00:21:40,7032.0,47.0,54.0,70.0,71.0,1517.0,1258.0,137.0,10.19
2026-10-09T00:21:50,7042.0,47.0,54.0,70.0,70.0,1500.0,1258.0,127.0,10.19
2026-10-09T00:22:00,7052.0,47.0,54.0,70.0,70.0,1496.0,1258.0,59.0,10.19
2026-10-09T00:22:10,7062.0,47.0,54.0,70.0,69.0,1493.0,1258.0,0.0,10.19
2026-10-09T00:22:20,7072.0,47.0,54.0,70.0,69.0,1489.0,1258.0,53.0,10.19
2026-10-09T00:22:30,7082.0,47.0,54.0,70.0,70.0,1501.0,1258.0,0.0,10.19
2026-10-09T00:22:40,7092.0,47.0,54.0,70.0,69.0,1486.0,1258.0,21.0,10.19
2026-10-09T00:22:50,7102.0,47.0,54.0,70.0,70.0,1494.0,1258.0,19.0,10.19
2026-10-09T00:23:00,7112.0,47.0,54.0,70.0,69.0,1489.0,1258.0,52.0,10.19
2026-10-09T00:23:10,7122.0,47.0,54.0,70.0,69.0,1491.0,1258.0,0.0,10.19
2026-10-09T00:23:20,7132.0,47.0,54.0,70.0,70.0,1505.0,1258.0,77.0,10.19
2026-10-09T00:23:30,7142.0,47.0,54.0,70.0,69.0,1487.0,1258.0,87.0,10.19
2026-10-09T00:23:40,7152.0,47.0,54.0,70.0,69.0,1484.0,1258.0,13.0,10.19
2026-10-09T00:23:50,7162.0,47.0,54.0,70.0,70.0,1494.0,1258.0,63.0,10.19
2026-10-09T00:24:00,7172.0,47.0,54.0,70.0,70.0,1500.0,1258.0,61.0,10.19
2026-10-09T00:24:10,7182.0,47.0,54.0,70.0,69.0,1474.0,1258.0,14.0,10.19
2026-10-09T00:24:20,7192.0,47.0,54.0,70.0,69.0,1484.0,1258.0,61.0,10.19
2026-10-09T00:24:30,7202.0,47.0,54.0,70.0,69.0,1481.0,1258.0,80.0,10.19
2026-10-09T00:24:40,7212.0,47.0,54.0,70.0,69.0,1477.0,1258.0,15.0,10.19
2026-10-09T00:24:50,7222.0,47.0,54.0,70.0,69.0,1475.0,1258.0,117.0,10.19
2026-10-09T00:25:00,7232.0,47.0,54.0,70.0,69.0,1481.0,1258.0,17.0,10.19
2026-10-09T00:25:10,7242.0,47.0,54.0,70.0,69.0,1485.0,1258.0,33.0,10.19
2026-10-09T00:25:20,7252.0,47.0,54.0,70.0,69.0,1478.0,1258.0,9.0,10.19
2026-10-09T00:25:30,7262.0,47.0,54.0,70.0,69.0,1480.0,1258.0,39.0,10.19
2026-10-09T00:25:40,7272.0,47.0,54.0,70.0,69.0,1478.0,1258.0,126.0,10.19
2026-10-09T00:25:50,7282.0,47.0,54.0,70.0,69.0,1474.0,1258.0,54.0,10.19
2026-10-09T00:26:00,7292.0,47.0,54.0,70.0,69.0,1478.0,1258.0,4.0,10.19
2026-10-09T00:26:10,7302.0,47.0,54.0,70.0,69.0,1486.0,1258.0,94.0,10.19
2026-10-09T00:26:20,7312.0,47.0,54.0,70.0,70.0,1496.0,1258.0,35.0,10.19
2026-10-09T00:26:30,7322.0,47.0,54.0,70.0,69.0,1485.0,1258.0,23.0,10.19
2026-10-09T00:26:40,7332.0,47.0,54.0,70.0,69.0,1489.0,1258.0,77.0,10.19
2026-10-09T00:26:50,7342.0,47.0,54.0,70.0,70.0,1500.0,1258.0,33.0,10.19
2026-10-09T00:27:00,7352.0,47.0,54.0,70.0,70.0,1491.0,1258.0,146.0,10.19
2026-10-09T00:27:10,7362.0,47.0,54.0,70.0,70.0,1494.0,1258.0,0.0,10.19
2026-10-09T00:27:20,7372.0,47.0,54.0,70.0,70.0,1492.0,1258.0,0.0,10.19
2026-10-09T00:27:30,7382.1,47.0,54.0,70.0,69.0,41.0,1258.0,0.0,10.19
2026-10-09T00:27:40,7392.1,47.0,54.0,70.0,69.0,1475.0,1258.0,36.0,10.19
2026-10-09T00:27:50,7402.1,47.0,54.0,70.0,70.0,1496.0,1258.0,84.0,10.19
2026-10-09T00:28:00,7412.1,47.0,53.0,70.0,69.0,1481.0,1258.0,6.0,10.19
2026-10-09T00:28:10,7422.1,47.0,54.0,70.0,69.0,1482.0,1258.0,83.0,10.19
2026-10-09T00:28:20,7432.1,47.0,54.0,70.0,69.0,1485.0,1258.0,28.0,10.19
2026-10-09T00:28:30,7442.1,47.0,54.0,70.0,69.0,1486.0,1258.0,0.0,10.19
2026-10-09T00:28:40,7452.1,47.0,54.0,70.0,69.0,1486.0,1258.0,0.0,10.19
2026-10-09T00:28:50,7462.1,47.0,54.0,70.0,69.0,1475.0,1258.0,46.0,10.19
2026-10-09T00:29:00,7472.1,47.0,54.0,70.0,69.0,1487.0,1258.0,76.0,10.19
2026-10-09T00:29:10,7482.1,47.0,54.0,70.0,70.0,1496.0,1258.0,62.0,10.19
2026-10-09T00:29:20,7492.1,47.0,54.0,70.0,69.0,1480.0,1258.0,124.0,10.19
2026-10-09T00:29:30,7502.1,47.0,54.0,70.0,69.0,1485.0,1258.0,120.0,10.19
2026-10-09T00:29:40,7512.1,47.0,54.0,70.0,69.0,1487.0,1258.0,42.0,10.19
2026-10-09T00:29:50,7522.1,47.0,54.0,70.0,68.0,1471.0,1258.0,0.0,10.19
2026-10-09T00:30:00,7532.1,47.0,54.0,70.0,69.0,41.0,1258.0,0.0,10.19
2026-10-09T00:30:10,7542.1,47.0,54.0,70.0,69.0,41.0,1258.0,0.0,10.19
2026-10-09T00:30:20,7552.1,47.0,54.0,70.0,69.0,1477.0,1258.0,74.0,10.19
2026-10-09T00:30:30,7562.1,47.0,54.0,70.0,69.0,1491.0,1258.0,15.0,10.19
2026-10-09T00:30:40,7572.1,47.0,54.0,70.0,70.0,1492.0,1258.0,82.0,10.19
2026-10-09T00:30:50,7582.1,47.0,53.0,70.0,69.0,1475.0,1258.0,93.0,10.19
2026-10-09T00:31:00,7592.1,47.0,53.0,70.0,69.0,1491.0,1258.0,0.0,10.19
2026-10-09T00:31:10,7602.1,47.0,54.0,70.0,69.0,1488.0,1258.0,0.0,10.19
2026-10-09T00:31:20,7612.1,47.0,54.0,70.0,69.0,1485.0,1258.0,63.0,10.19
2026-10-09T00:31:30,7622.1,47.0,54.0,70.0,69.0,41.0,1258.0,0.0,10.19
2026-10-09T00:31:40,7632.1,47.0,54.0,70.0,70.0,1493.0,1258.0,24.0,10.19
2026-10-09T00:31:50,7642.1,47.0,54.0,70.0,69.0,1472.0,1258.0,20.0,10.19
2026-10-09T00:32:00,7652.1,47.0,54.0,70.0,69.0,1482.0,1258.0,26.0,10.19
2026-10-09T00:32:10,7662.1,47.0,54.0,70.0,44.0,42.0,1258.0,0.0,10.19
2026-10-09T00:32:20,7672.1,47.0,54.0,70.0,69.0,1488.0,1258.0,105.0,10.19
2026-10-09T00:32:30,7682.1,47.0,54.0,70.0,69.0,1482.0,1258.0,0.0,10.19
2026-10-09T00:32:40,7692.1,47.0,54.0,70.0,68.0,1469.0,1258.0,163.0,10.19
2026-10-09T00:32:50,7702.2,47.0,54.0,70.0,69.0,1471.0,1258.0,0.0,10.19
2026-10-09T00:33:00,7712.2,47.0,54.0,70.0,69.0,1476.0,1258.0,0.0,10.19
2026-10-09T00:33:10,7722.2,47.0,54.0,70.0,69.0,1471.0,1258.0,42.0,10.19
2026-10-09T00:33:20,7732.2,47.0,54.0,70.0,69.0,1481.0,1258.0,190.0,10.19
2026-10-09T00:33:30,7742.2,47.0,54.0,70.0,68.0,1463.0,1258.0,146.0,10.19
2026-10-09T00:33:40,7752.2,47.0,54.0,70.0,69.0,1483.0,1258.0,93.0,10.19
2026-10-09T00:33:50,7762.2,47.0,54.0,70.0,69.0,1478.0,1258.0,85.0,10.19
2026-10-09T00:34:00,7772.2,47.0,54.0,70.0,69.0,1477.0,1258.0,6.0,10.19
2026-10-09T00:34:10,7782.2,47.0,54.0,70.0,69.0,1472.0,1258.0,51.0,10.19
2026-10-09T00:34:20,7792.2,47.0,54.0,70.0,69.0,1481.0,1258.0,114.0,10.19
2026-10-09T00:34:30,7802.2,47.0,54.0,70.0,69.0,1473.0,1258.0,0.0,10.19
2026-10-09T00:34:40,7812.2,47.0,54.0,70.0,69.0,1470.0,1258.0,43.0,10.19
2026-10-09T00:34:50,7822.2,47.0,54.0,70.0,69.0,1474.0,1258.0,100.0,10.19
2026-10-09T00:35:00,7832.2,47.0,54.0,70.0,69.0,1478.0,1258.0,68.0,10.19
2026-10-09T00:35:10,7842.2,47.0,54.0,70.0,69.0,1481.0,1258.0,80.0,10.19
2026-10-09T00:35:20,7852.2,47.0,54.0,70.0,69.0,1489.0,1258.0,30.0,10.19
2026-10-09T00:35:30,7862.2,47.0,54.0,70.0,69.0,1488.0,1258.0,87.0,10.19
2026-10-09T00:35:40,7872.2,47.0,54.0,70.0,69.0,1484.0,1258.0,103.0,10.19
2026-10-09T00:35:50,7882.2,47.0,54.0,70.0,69.0,1481.0,1258.0,155.0,10.19
2026-10-09T00:36:00,7892.2,47.0,54.0,70.0,69.0,1481.0,1258.0,5.0,10.19
2026-10-09T00:36:10,7902.2,47.0,54.0,70.0,69.0,1486.0,1258.0,101.0,10.19
2026-10-09T00:36:20,7912.2,47.0,54.0,70.0,69.0,1482.0,1258.0,138.0,10.19
2026-10-09T00:36:30,7922.2,47.0,54.0,70.0,69.0,1482.0,1258.0,141.0,10.19
2026-10-09T00:36:40,7932.2,47.0,54.0,70.0,69.0,1487.0,1258.0,227.0,10.19
2026-10-09T00:36:50,7942.2,47.0,54.0,70.0,69.0,1477.0,1258.0,43.0,10.19
2026-10-09T00:37:00,7952.2,47.0,54.0,70.0,69.0,1478.0,1258.0,6.0,10.19
2026-10-09T00:37:10,7962.2,47.0,54.0,70.0,69.0,1488.0,1258.0,61.0,10.19
2026-10-09T00:37:20,7972.2,47.0,54.0,70.0,69.0,1491.0,1258.0,88.0,10.21
2026-10-09T00:37:30,7982.3,47.0,54.0,70.0,69.0,1483.0,1258.0,124.0,10.21
2026-10-09T00:37:40,7992.3,47.0,54.0,70.0,69.0,1482.0,1258.0,21.0,10.21
2026-10-09T00:37:50,8002.3,47.0,54.0,70.0,69.0,1482.0,1258.0,142.0,10.21
2026-10-09T00:38:00,8012.3,47.0,54.0,70.0,69.0,1492.0,1258.0,228.0,10.21
2026-10-09T00:38:10,8022.3,47.0,54.0,70.0,69.0,1482.0,1258.0,81.0,10.21
2026-10-09T00:38:20,8032.3,47.0,54.0,70.0,69.0,1492.0,1258.0,156.0,10.21
2026-10-09T00:38:30,8042.3,47.0,54.0,70.0,69.0,1486.0,1258.0,10.0,10.21
2026-10-09T00:38:40,8052.3,47.0,54.0,70.0,69.0,1487.0,1258.0,51.0,10.21
2026-10-09T00:38:50,8062.3,47.0,54.0,70.0,69.0,1480.0,1258.0,24.0,10.21
2026-10-09T00:39:00,8072.3,47.0,54.0,70.0,69.0,1488.0,1258.0,179.0,10.21
2026-10-09T00:39:10,8082.3,47.0,54.0,70.0,69.0,41.0,1258.0,0.0,10.21
2026-10-09T00:39:20,8092.3,47.0,54.0,70.0,69.0,1473.0,1258.0,77.0,10.21
2026-10-09T00:39:30,8102.3,47.0,54.0,70.0,69.0,1477.0,1258.0,98.0,10.21
2026-10-09T00:39:40,8112.3,47.0,54.0,70.0,68.0,44.0,1258.0,0.0,10.21
2026-10-09T00:39:50,8122.3,47.0,54.0,70.0,44.0,41.0,1258.0,0.0,10.21
2026-10-09T00:40:00,8132.3,47.0,54.0,70.0,68.0,1462.0,1258.0,18.0,10.21
2026-10-09T00:40:10,8142.3,47.0,54.0,70.0,69.0,1483.0,1258.0,197.0,10.21
2026-10-09T00:40:20,8152.3,47.0,54.0,70.0,69.0,1478.0,1258.0,195.0,10.21
2026-10-09T00:40:30,8162.3,47.0,54.0,70.0,68.0,1463.0,1258.0,18.0,10.21
2026-10-09T00:40:40,8172.3,47.0,54.0,70.0,69.0,1473.0,1258.0,72.0,10.21
2026-10-09T00:40:50,8182.3,47.0,54.0,70.0,69.0,1476.0,1258.0,154.0,10.21
2026-10-09T00:41:00,8192.3,47.0,54.0,70.0,68.0,1460.0,1258.0,56.0,10.21
2026-10-09T00:41:10,8202.3,47.0,54.0,70.0,68.0,1464.0,1258.0,98.0,10.21
2026-10-09T00:41:20,8212.3,47.0,54.0,70.0,68.0,1454.0,1258.0,0.0,10.21
2026-10-09T00:41:30,8222.3,47.0,53.0,70.0,69.0,1471.0,1258.0,187.0,10.21
2026-10-09T00:41:40,8232.3,47.0,53.0,70.0,68.0,1463.0,1258.0,129.0,10.21
2026-10-09T00:41:50,8242.3,47.0,53.0,70.0,68.0,1462.0,1258.0,91.0,10.21
2026-10-09T00:42:00,8252.3,47.0,53.0,70.0,69.0,1488.0,1258.0,113.0,10.21
2026-10-09T00:42:10,8262.3,47.0,54.0,70.0,69.0,1495.0,1258.0,76.0,10.21
2026-10-09T00:42:20,8272.3,47.0,53.0,70.0,69.0,1490.0,1258.0,84.0,10.21
2026-10-09T00:42:30,8282.3,47.0,54.0,70.0,69.0,1487.0,1258.0,108.0,10.21
2026-10-09T00:42:40,8292.3,47.0,54.0,70.0,69.0,1485.0,1258.0,54.0,10.21
2026-10-09T00:42:50,8302.3,47.0,54.0,70.0,70.0,1496.0,1258.0,95.0,10.21
2026-10-09T00:43:00,8312.3,47.0,54.0,70.0,69.0,1486.0,1258.0,144.0,10.21
2026-10-09T00:43:10,8322.3,47.0,54.0,70.0,69.0,1484.0,1258.0,104.0,10.21
2026-10-09T00:43:20,8332.3,47.0,54.0,70.0,69.0,1485.0,1258.0,163.0,10.21
2026-10-09T00:43:30,8342.3,47.0,54.0,70.0,69.0,1481.0,1258.0,43.0,10.21
2026-10-09T00:43:40,8352.3,47.0,54.0,70.0,69.0,1473.0,1258.0,189.0,10.21
2026-10-09T00:43:50,8362.4,47.0,53.0,70.0,68.0,1455.0,1258.0,40.0,10.21
2026-10-09T00:44:00,8372.4,47.0,54.0,70.0,69.0,1480.0,1258.0,66.0,10.21
2026-10-09T00:44:10,8382.4,47.0,54.0,70.0,69.0,1475.0,1258.0,141.0,10.21
2026-10-09T00:44:20,8392.4,47.0,54.0,70.0,69.0,1475.0,1258.0,76.0,10.21
2026-10-09T00:44:30,8402.4,47.0,54.0,70.0,69.0,1473.0,1258.0,195.0,10.21
2026-10-09T00:44:40,8412.4,47.0,54.0,70.0,69.0,1478.0,1258.0,149.0,10.21
2026-10-09T00:44:50,8422.4,47.0,54.0,70.0,69.0,1470.0,1258.0,154.0,10.21
2026-10-09T00:45:00,8432.4,47.0,54.0,70.0,69.0,1470.0,1258.0,27.0,10.21
2026-10-09T00:45:10,8442.4,47.0,54.0,70.0,68.0,1466.0,1258.0,0.0,10.21
2026-10-09T00:45:20,8452.4,47.0,55.0,71.0,78.0,1710.0,1258.0,170.0,10.21
2026-10-09T00:45:30,8462.4,48.0,55.0,72.0,86.0,1925.0,1258.0,641.0,10.21
2026-10-09T00:45:40,8472.4,48.0,55.0,72.0,86.0,1922.0,1258.0,622.0,10.21
2026-10-09T00:45:50,8482.4,48.0,55.0,72.0,86.0,1921.0,1258.0,617.0,10.21
2026-10-09T00:46:00,8492.4,47.0,55.0,72.0,86.0,1916.0,1258.0,592.0,10.21
2026-10-09T00:46:10,8502.4,47.0,55.0,72.0,87.0,1930.0,1258.0,620.0,10.21
2026-10-09T00:46:20,8512.4,47.0,55.0,72.0,87.0,1929.0,1258.0,588.0,10.21
2026-10-09T00:46:30,8522.4,47.0,55.0,71.0,84.0,1888.0,1258.0,536.0,10.21
2026-10-09T00:46:40,8532.4,47.0,54.0,71.0,74.0,1631.0,1258.0,86.0,10.21
2026-10-09T00:46:50,8542.4,47.0,53.0,70.0,69.0,1491.0,1258.0,13.0,10.21
2026-10-09T00:47:00,8552.4,47.0,54.0,70.0,69.0,1482.0,1258.0,128.0,10.21
2026-10-09T00:47:10,8562.4,47.0,54.0,70.0,69.0,1481.0,1258.0,71.0,10.21
2026-10-09T00:47:20,8572.4,47.0,54.0,71.0,69.0,1481.0,1258.0,110.0,10.21
2026-10-09T00:47:30,8582.4,47.0,54.0,70.0,69.0,1472.0,1258.0,33.0,10.21
2026-10-09T00:47:40,8592.4,47.0,54.0,71.0,69.0,1473.0,1258.0,130.0,10.21
2026-10-09T00:47:50,8602.4,47.0,54.0,70.0,68.0,1454.0,1258.0,142.0,10.21
2026-10-09T00:48:00,8612.4,47.0,54.0,71.0,69.0,1480.0,1258.0,121.0,10.21
2026-10-09T00:48:10,8622.4,47.0,54.0,70.0,69.0,1472.0,1258.0,205.0,10.21
2026-10-09T00:48:20,8632.4,47.0,54.0,70.0,68.0,1465.0,1258.0,321.0,10.21
2026-10-09T00:48:30,8642.4,47.0,54.0,70.0,69.0,1474.0,1258.0,92.0,10.21
2026-10-09T00:48:40,8652.4,47.0,54.0,70.0,69.0,1472.0,1258.0,15.0,10.21
2026-10-09T00:48:50,8662.4,47.0,54.0,70.0,68.0,1468.0,1258.0,0.0,10.21
2026-10-09T00:49:00,8672.4,47.0,54.0,71.0,68.0,1458.0,1258.0,10.0,10.21
2026-10-09T00:49:10,8682.4,47.0,54.0,71.0,68.0,1458.0,1258.0,178.0,10.21
2026-10-09T00:49:20,8692.4,47.0,54.0,71.0,68.0,1467.0,1258.0,243.0,10.21
2026-10-09T00:49:30,8702.4,47.0,54.0,70.0,69.0,1469.0,1258.0,192.0,10.21
2026-10-09T00:49:40,8712.4,47.0,54.0,70.0,69.0,1481.0,1258.0,96.0,10.21
2026-10-09T00:49:50,8722.4,47.0,54.0,70.0,68.0,1470.0,1258.0,105.0,10.21
2026-10-09T00:50:00,8732.4,47.0,54.0,70.0,69.0,1498.0,1258.0,25.0,10.21
2026-10-09T00:50:10,8742.4,47.0,54.0,70.0,69.0,1479.0,1258.0,206.0,10.21
2026-10-09T00:50:20,8752.4,47.0,54.0,70.0,69.0,1493.0,1258.0,213.0,10.21
2026-10-09T00:50:30,8762.4,47.0,54.0,70.0,69.0,1489.0,1258.0,89.0,10.21
2026-10-09T00:50:40,8772.4,47.0,54.0,70.0,69.0,1488.0,1258.0,108.0,10.21
2026-10-09T00:50:50,8782.5,47.0,54.0,71.0,69.0,1484.0,1258.0,113.0,10.21
2026-10-09T00:51:00,8792.5,47.0,54.0,70.0,69.0,1484.0,1258.0,5.0,10.21
2026-10-09T00:51:10,8802.5,47.0,54.0,71.0,69.0,1487.0,1258.0,103.0,10.21
2026-10-09T00:51:20,8812.5,47.0,54.0,71.0,69.0,1487.0,1258.0,93.0,10.21
2026-10-09T00:51:30,8822.5,47.0,54.0,71.0,68.0,1463.0,1258.0,188.0,10.21
2026-10-09T00:51:40,8832.5,47.0,54.0,70.0,68.0,1466.0,1258.0,187.0,10.21
2026-10-09T00:51:50,8842.5,47.0,54.0,70.0,68.0,1470.0,1258.0,79.0,10.21
2026-10-09T00:52:00,8852.5,47.0,54.0,70.0,69.0,1472.0,1258.0,30.0,10.21
2026-10-09T00:52:10,8862.5,47.0,54.0,71.0,68.0,1453.0,1258.0,126.0,10.21
2026-10-09T00:52:20,8872.5,47.0,54.0,70.0,69.0,1472.0,1258.0,88.0,10.21
2026-10-09T00:52:30,8882.5,47.0,54.0,71.0,68.0,1463.0,1258.0,93.0,10.21
2026-10-09T00:52:40,8892.5,47.0,54.0,70.0,68.0,1453.0,1258.0,0.0,10.21
2026-10-09T00:52:50,8902.5,47.0,54.0,71.0,68.0,1449.0,1258.0,147.0,10.21
2026-10-09T00:53:00,8912.5,47.0,54.0,71.0,68.0,1468.0,1258.0,226.0,10.21
2026-10-09T00:53:10,8922.5,47.0,54.0,70.0,68.0,1448.0,1258.0,203.0,10.21
2026-10-09T00:53:20,8932.5,47.0,54.0,70.0,69.0,1486.0,1258.0,69.0,10.21
2026-10-09T00:53:30,8942.5,47.0,54.0,70.0,69.0,1486.0,1258.0,97.0,10.21
2026-10-09T00:53:40,8952.5,47.0,54.0,70.0,69.0,1494.0,1258.0,162.0,10.21
2026-10-09T00:53:50,8962.5,47.0,54.0,70.0,70.0,1498.0,1258.0,84.0,10.21
2026-10-09T00:54:00,8972.5,47.0,54.0,70.0,69.0,1490.0,1258.0,193.0,10.21
2026-10-09T00:54:10,8982.5,47.0,54.0,70.0,69.0,1491.0,1258.0,53.0,10.21
2026-10-09T00:54:20,8992.5,47.0,54.0,71.0,70.0,1496.0,1258.0,170.0,10.21
2026-10-09T00:54:30,9002.5,47.0,54.0,70.0,68.0,1466.0,1258.0,158.0,10.21
2026-10-09T00:54:40,9012.5,47.0,54.0,70.0,68.0,42.0,1258.0,453.0,10.21
2026-10-09T00:54:50,9022.5,47.0,54.0,70.0,69.0,1484.0,1258.0,28.0,10.21
2026-10-09T00:55:00,9032.5,47.0,54.0,70.0,68.0,1465.0,1258.0,42.0,10.21
2026-10-09T00:55:10,9042.5,47.0,54.0,70.0,68.0,1466.0,1258.0,395.0,10.21
2026-10-09T00:55:20,9052.5,47.0,54.0,70.0,67.0,1445.0,1258.0,164.0,10.21
2026-10-09T00:55:30,9062.5,47.0,54.0,70.0,68.0,1458.0,1258.0,90.0,10.21
2026-10-09T00:55:40,9072.5,47.0,54.0,70.0,68.0,1447.0,1258.0,0.0,10.21
2026-10-09T00:55:50,9082.5,47.0,54.0,70.0,68.0,1457.0,1258.0,183.0,10.21
2026-10-09T00:56:00,9092.5,47.0,54.0,71.0,68.0,1465.0,1258.0,0.0,10.21
2026-10-09T00:56:10,9102.5,47.0,54.0,70.0,69.0,1472.0,1258.0,93.0,10.21
2026-10-09T00:56:20,9112.5,47.0,54.0,70.0,69.0,1487.0,1258.0,154.0,10.21
2026-10-09T00:56:30,9122.5,47.0,54.0,70.0,69.0,1485.0,1258.0,101.0,10.21
2026-10-09T00:56:40,9132.5,47.0,54.0,70.0,69.0,1485.0,1258.0,128.0,10.21
2026-10-09T00:56:50,9142.5,47.0,54.0,71.0,69.0,1487.0,1258.0,63.0,10.21
2026-10-09T00:57:00,9152.5,47.0,54.0,70.0,69.0,1495.0,1258.0,149.0,10.21
2026-10-09T00:57:10,9162.5,47.0,54.0,70.0,69.0,1489.0,1258.0,206.0,10.21
2026-10-09T00:57:20,9172.5,47.0,53.0,70.0,69.0,1483.0,1258.0,185.0,10.21
2026-10-09T00:57:30,9182.5,47.0,53.0,70.0,69.0,1470.0,1258.0,30.0,10.21
2026-10-09T00:57:40,9192.6,47.0,54.0,70.0,69.0,1467.0,1258.0,0.0,10.21
2026-10-09T00:57:50,9202.6,47.0,54.0,71.0,69.0,1466.0,1258.0,119.0,10.21
2026-10-09T00:58:00,9212.6,47.0,54.0,70.0,68.0,1462.0,1258.0,173.0,10.21
2026-10-09T00:58:10,9222.6,47.0,53.0,70.0,67.0,1444.0,1258.0,81.0,10.21
2026-10-09T00:58:20,9232.6,47.0,54.0,70.0,43.0,42.0,1258.0,0.0,10.21
2026-10-09T00:58:30,9242.6,47.0,54.0,70.0,69.0,1468.0,1258.0,123.0,10.21
2026-10-09T00:58:40,9252.6,47.0,54.0,70.0,68.0,1461.0,1258.0,292.0,10.21
2026-10-09T00:58:50,9262.6,47.0,53.0,70.0,68.0,1458.0,1258.0,131.0,10.21
2026-10-09T00:59:00,9272.6,47.0,53.0,70.0,69.0,1476.0,1258.0,0.0,10.21
2026-10-09T00:59:10,9282.6,47.0,54.0,70.0,68.0,1457.0,1258.0,47.0,10.21
2026-10-09T00:59:20,9292.6,47.0,54.0,70.0,69.0,1486.0,1258.0,61.0,10.21
2026-10-09T00:59:30,9302.6,47.0,54.0,71.0,69.0,1493.0,1258.0,136.0,10.21
2026-10-09T00:59:40,9312.6,47.0,54.0,71.0,69.0,1497.0,1258.0,229.0,10.21
2026-10-09T00:59:50,9322.6,47.0,54.0,70.0,69.0,1495.0,1258.0,121.0,10.21
2026-10-09T01:00:00,9332.6,47.0,54.0,70.0,69.0,1494.0,1258.0,33.0,10.21
2026-10-09T01:00:10,9342.6,47.0,54.0,70.0,69.0,1489.0,1258.0,228.0,10.21
2026-10-09T01:00:20,9352.6,47.0,54.0,70.0,68.0,1464.0,1258.0,92.0,10.21
2026-10-09T01:00:30,9362.6,47.0,54.0,70.0,68.0,1458.0,1258.0,52.0,10.21
2026-10-09T01:00:40,9372.6,47.0,54.0,70.0,68.0,1464.0,1258.0,458.0,10.21
2026-10-09T01:00:50,9382.6,47.0,53.0,70.0,68.0,1459.0,1258.0,195.0,10.21
2026-10-09T01:01:00,9392.6,47.0,53.0,70.0,68.0,1459.0,1258.0,145.0,10.21
2026-10-09T01:01:10,9402.6,47.0,54.0,70.0,68.0,1461.0,1258.0,16.0,10.21
2026-10-09T01:01:20,9412.6,47.0,54.0,70.0,68.0,1463.0,1258.0,122.0,10.21
2026-10-09T01:01:30,9422.6,47.0,54.0,70.0,68.0,1452.0,1258.0,132.0,10.21
2026-10-09T01:01:40,9432.6,47.0,54.0,70.0,68.0,1461.0,1258.0,74.0,10.21
2026-10-09T01:01:50,9442.6,47.0,54.0,70.0,68.0,1459.0,1258.0,158.0,10.21
2026-10-09T01:02:00,9452.6,47.0,54.0,71.0,69.0,1478.0,1258.0,234.0,10.21
2026-10-09T01:02:10,9462.6,47.0,54.0,70.0,70.0,1501.0,1258.0,125.0,10.21
2026-10-09T01:02:20,9472.6,47.0,54.0,70.0,69.0,1494.0,1258.0,90.0,10.21
2026-10-09T01:02:30,9482.6,47.0,54.0,70.0,69.0,1493.0,1258.0,207.0,10.21
2026-10-09T01:02:40,9492.6,47.0,54.0,70.0,70.0,1499.0,1258.0,201.0,10.21
2026-10-09T01:02:50,9502.6,47.0,53.0,70.0,68.0,1464.0,1258.0,76.0,10.21
2026-10-09T01:03:00,9512.6,47.0,54.0,70.0,68.0,1447.0,1258.0,42.0,10.21
2026-10-09T01:03:10,9522.6,47.0,54.0,70.0,68.0,1466.0,1258.0,50.0,10.21
2026-10-09T01:03:20,9532.6,47.0,54.0,70.0,67.0,1447.0,1258.0,136.0,10.21
2026-10-09T01:03:30,9542.6,47.0,54.0,70.0,68.0,1457.0,1258.0,188.0,10.21
2026-10-09T01:03:40,9552.7,47.0,54.0,70.0,68.0,1454.0,1258.0,132.0,10.21
2026-10-09T01:03:50,9562.7,47.0,54.0,70.0,68.0,42.0,1258.0,0.0,10.21
2026-10-09T01:04:00,9572.7,47.0,54.0,70.0,68.0,1450.0,1258.0,215.0,10.21
2026-10-09T01:04:10,9582.7,47.0,54.0,70.0,69.0,1473.0,1258.0,107.0,10.21
2026-10-09T01:04:20,9592.7,47.0,54.0,70.0,69.0,1496.0,1258.0,35.0,10.21
2026-10-09T01:04:30,9602.7,47.0,54.0,71.0,70.0,1502.0,1258.0,110.0,10.21
2026-10-09T01:04:40,9612.7,47.0,54.0,71.0,69.0,1490.0,1258.0,62.0,10.21
2026-10-09T01:04:50,9622.7,47.0,54.0,70.0,69.0,1491.0,1258.0,509.0,10.21
2026-10-09T01:05:00,9632.7,47.0,54.0,70.0,68.0,1457.0,1258.0,117.0,10.21
2026-10-09T01:05:10,9642.7,47.0,54.0,70.0,68.0,1455.0,1258.0,213.0,10.21
2026-10-09T01:05:20,9652.7,47.0,54.0,70.0,68.0,1457.0,1258.0,0.0,10.21
2026-10-09T01:05:30,9662.7,47.0,54.0,70.0,68.0,1455.0,1258.0,60.0,10.21
2026-10-09T01:05:40,9672.7,47.0,54.0,70.0,68.0,1451.0,1258.0,293.0,10.21
2026-10-09T01:05:50,9682.7,47.0,54.0,70.0,68.0,1451.0,1258.0,145.0,10.21
2026-10-09T01:06:00,9692.7,47.0,54.0,70.0,68.0,1453.0,1258.0,138.0,10.21
2026-10-09T01:06:10,9702.7,47.0,54.0,70.0,68.0,1455.0,1258.0,160.0,10.21
2026-10-09T01:06:20,9712.7,47.0,54.0,70.0,69.0,1484.0,1258.0,189.0,10.21
2026-10-09T01:06:30,9722.7,47.0,54.0,70.0,70.0,1500.0,1258.0,227.0,10.21
2026-10-09T01:06:40,9732.7,47.0,54.0,70.0,69.0,1492.0,1258.0,35.0,10.21
2026-10-09T01:06:50,9742.7,47.0,54.0,70.0,69.0,1490.0,1258.0,122.0,10.21
2026-10-09T01:07:00,9752.7,47.0,54.0,70.0,69.0,1471.0,1258.0,220.0,10.21
2026-10-09T01:07:10,9762.7,47.0,53.0,70.0,68.0,41.0,1258.0,267.0,10.21
2026-10-09T01:07:20,9772.7,47.0,53.0,70.0,68.0,1451.0,1258.0,21.0,10.21
2026-10-09T01:07:30,9782.7,47.0,54.0,70.0,68.0,1453.0,1258.0,60.0,10.21
2026-10-09T01:07:40,9792.7,47.0,54.0,70.0,67.0,1439.0,1258.0,0.0,10.21
2026-10-09T01:07:50,9802.7,47.0,54.0,70.0,68.0,1456.0,1258.0,120.0,10.21
2026-10-09T01:08:00,9812.7,47.0,54.0,70.0,68.0,1450.0,1258.0,149.0,10.21
2026-10-09T01:08:10,9822.7,47.0,54.0,70.0,68.0,1461.0,1258.0,57.0,10.21
2026-10-09T01:08:20,9832.7,47.0,54.0,70.0,69.0,1488.0,1258.0,61.0,10.21
2026-10-09T01:08:30,9842.7,47.0,54.0,71.0,69.0,1490.0,1258.0,265.0,10.21
2026-10-09T01:08:40,9852.8,47.0,54.0,70.0,69.0,1496.0,1258.0,150.0,10.21
2026-10-09T01:08:50,9862.8,47.0,54.0,70.0,70.0,1502.0,1258.0,125.0,10.21
2026-10-09T01:09:00,9872.8,47.0,54.0,70.0,68.0,1466.0,1258.0,99.0,10.21
2026-10-09T01:09:10,9882.8,47.0,54.0,70.0,68.0,1459.0,1258.0,378.0,10.21
2026-10-09T01:09:20,9892.8,47.0,54.0,70.0,68.0,1459.0,1258.0,129.0,10.21
2026-10-09T01:09:30,9902.8,47.0,54.0,70.0,67.0,1448.0,1258.0,143.0,10.21
2026-10-09T01:09:40,9912.8,47.0,54.0,70.0,69.0,1469.0,1258.0,78.0,10.21
2026-10-09T01:09:50,9922.8,47.0,54.0,70.0,68.0,1454.0,1258.0,54.0,10.21
2026-10-09T01:10:00,9932.8,47.0,54.0,70.0,68.0,1452.0,1258.0,152.0,10.21
2026-10-09T01:10:10,9942.8,47.0,54.0,71.0,68.0,1449.0,1258.0,234.0,10.21
2026-10-09T01:10:20,9952.8,47.0,53.0,71.0,68.0,1467.0,1258.0,150.0,10.21
2026-10-09T01:10:30,9962.8,47.0,54.0,70.0,69.0,1496.0,1258.0,96.0,10.21
2026-10-09T01:10:40,9972.8,47.0,54.0,70.0,69.0,1494.0,1258.0,57.0,10.21
2026-10-09T01:10:50,9982.8,47.0,54.0,71.0,69.0,1496.0,1258.0,90.0,10.21
2026-10-09T01:11:00,9992.8,47.0,54.0,71.0,69.0,1493.0,1258.0,143.0,10.21
2026-10-09T01:11:10,10002.8,47.0,54.0,70.0,67.0,1445.0,1258.0,94.0,10.21
2026-10-09T01:11:20,10012.8,47.0,54.0,70.0,68.0,1455.0,1258.0,166.0,10.21
2026-10-09T01:11:30,10022.8,47.0,54.0,70.0,68.0,44.0,1258.0,371.0,10.21
2026-10-09T01:11:40,10032.8,47.0,54.0,70.0,68.0,1459.0,1258.0,133.0,10.21
2026-10-09T01:11:50,10042.8,47.0,54.0,70.0,68.0,1449.0,1258.0,178.0,10.21
2026-10-09T01:12:00,10052.8,47.0,53.0,70.0,68.0,1451.0,1258.0,184.0,10.21
2026-10-09T01:12:10,10062.8,47.0,54.0,70.0,68.0,1453.0,1258.0,21.0,10.21
2026-10-09T01:12:20,10072.8,47.0,54.0,71.0,68.0,1470.0,1258.0,220.0,10.21
2026-10-09T01:12:30,10082.8,47.0,54.0,70.0,69.0,1480.0,1258.0,132.0,10.21
2026-10-09T01:12:40,10092.8,47.0,54.0,70.0,70.0,1500.0,1258.0,147.0,10.21
2026-10-09T01:12:50,10102.8,47.0,54.0,70.0,73.0,1594.0,1258.0,234.0,10.21
2026-10-09T01:13:00,10112.8,47.0,55.0,72.0,85.0,1911.0,1258.0,599.0,10.21
2026-10-09T01:13:11,10122.8,47.0,55.0,72.0,85.0,1905.0,1258.0,619.0,10.21
2026-10-09T01:13:21,10132.8,47.0,55.0,72.0,85.0,1911.0,1258.0,618.0,10.21
2026-10-09T01:13:31,10142.8,47.0,55.0,72.0,85.0,1908.0,1258.0,550.0,10.21
2026-10-09T01:13:41,10152.8,47.0,55.0,72.0,86.0,1915.0,1258.0,610.0,10.21
2026-10-09T01:13:51,10162.8,47.0,55.0,72.0,85.0,1914.0,1258.0,559.0,10.21
2026-10-09T01:14:01,10172.8,47.0,55.0,72.0,85.0,1906.0,1258.0,531.0,10.21
2026-10-09T01:14:11,10182.8,47.0,54.0,71.0,79.0,1779.0,1258.0,40.0,10.21
2026-10-09T01:14:21,10192.8,47.0,54.0,71.0,70.0,1502.0,1258.0,234.0,10.21
2026-10-09T01:14:31,10202.8,47.0,53.0,71.0,68.0,1459.0,1258.0,154.0,10.21
2026-10-09T01:14:41,10212.8,47.0,53.0,70.0,67.0,1447.0,1258.0,57.0,10.21
2026-10-09T01:14:51,10222.8,47.0,54.0,70.0,68.0,1454.0,1258.0,0.0,10.21
2026-10-09T01:15:01,10232.8,47.0,54.0,70.0,68.0,1452.0,1258.0,113.0,10.21
2026-10-09T01:15:11,10242.9,47.0,54.0,70.0,68.0,1452.0,1258.0,185.0,10.21
2026-10-09T01:15:21,10252.9,47.0,54.0,70.0,68.0,1448.0,1258.0,50.0,10.21
2026-10-09T01:15:31,10262.9,47.0,54.0,71.0,67.0,1440.0,1258.0,62.0,10.21
2026-10-09T01:15:41,10272.9,47.0,54.0,71.0,69.0,1498.0,1258.0,57.0,10.21
2026-10-09T01:15:51,10282.9,47.0,54.0,71.0,69.0,1494.0,1258.0,214.0,10.21
2026-10-09T01:16:01,10292.9,47.0,54.0,71.0,69.0,1499.0,1258.0,195.0,10.21
2026-10-09T01:16:11,10302.9,47.0,54.0,71.0,69.0,1495.0,1258.0,211.0,10.21
2026-10-09T01:16:21,10312.9,47.0,54.0,70.0,68.0,41.0,1258.0,0.0,10.21
2026-10-09T01:16:31,10322.9,47.0,54.0,70.0,68.0,1444.0,1258.0,88.0,10.21
2026-10-09T01:16:41,10332.9,47.0,54.0,70.0,68.0,1456.0,1258.0,91.0,10.21
2026-10-09T01:16:51,10342.9,47.0,54.0,70.0,67.0,1426.0,1258.0,93.0,10.21
2026-10-09T01:17:01,10352.9,47.0,54.0,71.0,68.0,1447.0,1258.0,89.0,10.21
2026-10-09T01:17:11,10362.9,47.0,54.0,71.0,68.0,46.0,1258.0,0.0,10.21
2026-10-09T01:17:21,10372.9,47.0,54.0,70.0,68.0,1475.0,1258.0,142.0,10.21
2026-10-09T01:17:31,10382.9,47.0,54.0,70.0,69.0,1492.0,1258.0,185.0,10.21
2026-10-09T01:17:41,10392.9,47.0,54.0,70.0,70.0,1505.0,1258.0,216.0,10.21
2026-10-09T01:17:51,10402.9,47.0,54.0,70.0,69.0,1500.0,1258.0,32.0,10.21
2026-10-09T01:18:01,10412.9,47.0,54.0,70.0,68.0,1451.0,1258.0,111.0,10.21
2026-10-09T01:18:11,10422.9,47.0,53.0,70.0,67.0,1439.0,1258.0,199.0,10.21
2026-10-09T01:18:21,10432.9,47.0,53.0,70.0,67.0,1445.0,1258.0,181.0,10.21
2026-10-09T01:18:31,10442.9,47.0,53.0,70.0,68.0,1449.0,1258.0,83.0,10.21
2026-10-09T01:18:41,10452.9,47.0,53.0,70.0,68.0,1449.0,1258.0,107.0,10.21
2026-10-09T01:18:51,10462.9,47.0,53.0,70.0,67.0,1449.0,1258.0,75.0,10.21
2026-10-09T01:19:01,10472.9,47.0,54.0,70.0,69.0,1482.0,1258.0,75.0,10.21
2026-10-09T01:19:11,10482.9,47.0,54.0,70.0,70.0,1502.0,1258.0,142.0,10.21
2026-10-09T01:19:21,10492.9,47.0,54.0,70.0,70.0,1501.0,1258.0,159.0,10.21
2026-10-09T01:19:31,10502.9,47.0,54.0,70.0,69.0,1480.0,1258.0,114.0,10.21
2026-10-09T01:19:41,10512.9,47.0,54.0,70.0,67.0,1444.0,1258.0,125.0,10.21
2026-10-09T01:19:51,10522.9,47.0,53.0,70.0,67.0,43.0,1258.0,0.0,10.21
2026-10-09T01:20:01,10532.9,47.0,53.0,70.0,68.0,1450.0,1258.0,71.0,10.21
2026-10-09T01:20:11,10542.9,47.0,54.0,70.0,67.0,1436.0,1258.0,358.0,10.21
2026-10-09T01:20:21,10552.9,47.0,54.0,70.0,67.0,1446.0,1258.0,167.0,10.21
2026-10-09T01:20:31,10562.9,47.0,54.0,70.0,68.0,1479.0,1258.0,11.0,10.21
2026-10-09T01:20:41,10572.9,47.0,54.0,71.0,70.0,1501.0,1258.0,91.0,10.21
2026-10-09T01:20:51,10582.9,47.0,54.0,70.0,70.0,1502.0,1258.0,199.0,10.21
2026-10-09T01:21:01,10593.0,47.0,54.0,71.0,69.0,1491.0,1258.0,44.0,10.21
2026-10-09T01:21:11,10603.0,47.0,54.0,70.0,68.0,42.0,1258.0,372.0,10.21
2026-10-09T01:21:21,10613.0,47.0,54.0,71.0,67.0,1443.0,1258.0,150.0,10.21
2026-10-09T01:21:31,10623.0,47.0,54.0,71.0,68.0,1448.0,1258.0,131.0,10.21
2026-10-09T01:21:41,10633.0,47.0,54.0,70.0,67.0,1443.0,1258.0,0.0,10.21
2026-10-09T01:21:51,10643.0,47.0,54.0,70.0,68.0,1447.0,1258.0,173.0,10.21
2026-10-09T01:22:01,10653.0,47.0,54.0,70.0,67.0,1441.0,1258.0,215.0,10.21
2026-10-09T01:22:11,10663.0,47.0,54.0,70.0,70.0,1504.0,1258.0,114.0,10.21
2026-10-09T01:22:21,10673.0,47.0,54.0,70.0,70.0,1503.0,1258.0,169.0,10.21
2026-10-09T01:22:31,10683.0,47.0,54.0,70.0,69.0,1498.0,1258.0,161.0,10.21
2026-10-09T01:22:41,10693.0,47.0,53.0,70.0,68.0,1447.0,1258.0,35.0,10.21
2026-10-09T01:22:51,10703.0,47.0,54.0,70.0,67.0,1443.0,1258.0,78.0,10.21
2026-10-09T01:23:01,10713.0,47.0,54.0,70.0,67.0,1437.0,1258.0,188.0,10.21
2026-10-09T01:23:11,10723.0,47.0,53.0,70.0,67.0,1432.0,1258.0,157.0,10.21
2026-10-09T01:23:21,10733.0,47.0,54.0,70.0,67.0,1442.0,1258.0,179.0,10.21
2026-10-09T01:23:31,10743.0,47.0,54.0,70.0,68.0,1455.0,1258.0,161.0,10.21
2026-10-09T01:23:41,10753.0,47.0,54.0,70.0,69.0,1490.0,1258.0,66.0,10.21
2026-10-09T01:23:51,10763.0,47.0,54.0,71.0,70.0,1503.0,1258.0,99.0,10.21
2026-10-09T01:24:01,10773.0,47.0,54.0,70.0,70.0,1499.0,1258.0,175.0,10.21
2026-10-09T01:24:11,10783.0,47.0,54.0,71.0,69.0,1485.0,1258.0,419.0,10.21
2026-10-09T01:24:21,10793.0,47.0,53.0,70.0,67.0,1437.0,1258.0,167.0,10.21
2026-10-09T01:24:31,10803.0,47.0,53.0,70.0,68.0,1451.0,1258.0,155.0,10.21
2026-10-09T01:24:41,10813.0,47.0,54.0,70.0,68.0,1449.0,1258.0,91.0,10.21
2026-10-09T01:24:51,10823.0,47.0,54.0,70.0,67.0,1436.0,1258.0,121.0,10.21
2026-10-09T01:25:01,10833.0,47.0,54.0,70.0,67.0,1435.0,1258.0,186.0,10.21
2026-10-09T01:25:11,10843.0,47.0,54.0,70.0,68.0,1475.0,1258.0,140.0,10.21
2026-10-09T01:25:21,10853.0,47.0,54.0,70.0,69.0,1499.0,1258.0,199.0,10.21
2026-10-09T01:25:31,10863.0,47.0,54.0,70.0,70.0,1504.0,1258.0,126.0,10.21
2026-10-09T01:25:41,10873.0,47.0,54.0,70.0,68.0,1461.0,1258.0,151.0,10.21
2026-10-09T01:25:51,10883.0,47.0,54.0,70.0,67.0,1446.0,1258.0,139.0,10.21
2026-10-09T01:26:01,10893.0,47.0,54.0,70.0,67.0,1438.0,1258.0,130.0,10.21
2026-10-09T01:26:11,10903.1,47.0,54.0,70.0,67.0,1427.0,1258.0,151.0,10.21
2026-10-09T01:26:21,10913.1,47.0,54.0,70.0,68.0,1446.0,1258.0,195.0,10.21
2026-10-09T01:26:31,10923.1,47.0,53.0,70.0,68.0,1450.0,1258.0,141.0,10.21
2026-10-09T01:26:41,10933.1,47.0,54.0,70.0,70.0,1505.0,1258.0,110.0,10.21
2026-10-09T01:26:51,10943.1,47.0,54.0,70.0,70.0,1504.0,1258.0,101.0,10.21
2026-10-09T01:27:01,10953.1,47.0,54.0,70.0,69.0,42.0,1258.0,487.0,10.21
2026-10-09T01:27:11,10963.1,47.0,54.0,70.0,67.0,1435.0,1258.0,56.0,10.21
2026-10-09T01:27:21,10973.1,47.0,54.0,70.0,67.0,1443.0,1258.0,83.0,10.21
2026-10-09T01:27:31,10983.1,47.0,54.0,70.0,67.0,1441.0,1258.0,122.0,10.21
2026-10-09T01:27:41,10993.1,47.0,54.0,70.0,67.0,1436.0,1258.0,213.0,10.21
2026-10-09T01:27:51,11003.1,47.0,54.0,70.0,67.0,1445.0,1258.0,192.0,10.21
2026-10-09T01:28:01,11013.1,47.0,54.0,70.0,68.0,1470.0,1258.0,175.0,10.21
2026-10-09T01:28:11,11023.1,47.0,54.0,70.0,70.0,1510.0,1258.0,162.0,10.21
2026-10-09T01:28:21,11033.1,47.0,54.0,70.0,70.0,1497.0,1258.0,216.0,10.21
2026-10-09T01:28:31,11043.1,47.0,54.0,70.0,68.0,1473.0,1258.0,36.0,10.21
2026-10-09T01:28:41,11053.1,47.0,54.0,70.0,67.0,1424.0,1258.0,98.0,10.21
2026-10-09T01:28:51,11063.1,47.0,54.0,70.0,68.0,1444.0,1258.0,153.0,10.21
2026-10-09T01:29:01,11073.1,47.0,53.0,70.0,67.0,1419.0,1258.0,0.0,10.21
2026-10-09T01:29:11,11083.1,47.0,54.0,70.0,67.0,1440.0,1258.0,0.0,10.21
2026-10-09T01:29:21,11093.1,47.0,54.0,70.0,69.0,1470.0,1258.0,199.0,10.21
2026-10-09T01:29:31,11103.1,47.0,54.0,70.0,70.0,1499.0,1258.0,119.0,10.21
2026-10-09T01:29:41,11113.1,47.0,54.0,70.0,70.0,1495.0,1258.0,187.0,10.21
2026-10-09T01:29:51,11123.1,47.0,54.0,70.0,69.0,1486.0,1258.0,79.0,10.21
2026-10-09T01:30:01,11133.1,47.0,53.0,70.0,67.0,1444.0,1258.0,139.0,10.21
2026-10-09T01:30:11,11143.1,47.0,53.0,70.0,67.0,1429.0,1258.0,154.0,10.21
2026-10-09T01:30:21,11153.1,47.0,53.0,70.0,67.0,1442.0,1258.0,0.0,10.21
2026-10-09T01:30:31,11163.1,47.0,53.0,70.0,67.0,1443.0,1258.0,87.0,10.21
2026-10-09T01:30:41,11173.1,47.0,53.0,70.0,67.0,1439.0,1258.0,0.0,10.21
2026-10-09T01:30:51,11183.2,47.0,54.0,70.0,69.0,1494.0,1258.0,152.0,10.21
2026-10-09T01:31:01,11193.2,47.0,54.0,70.0,70.0,1502.0,1258.0,88.0,10.21
2026-10-09T01:31:11,11203.2,47.0,54.0,70.0,70.0,1502.0,1258.0,214.0,10.21
2026-10-09T01:31:21,11213.2,47.0,53.0,70.0,67.0,1435.0,1258.0,27.0,10.21
2026-10-09T01:31:31,11223.2,47.0,54.0,70.0,67.0,1434.0,1258.0,0.0,10.21
2026-10-09T01:31:41,11233.2,47.0,54.0,70.0,67.0,1439.0,1258.0,193.0,10.21
2026-10-09T01:31:51,11243.2,47.0,54.0,70.0,68.0,1449.0,1258.0,129.0,10.21
2026-10-09T01:32:01,11253.2,47.0,54.0,70.0,67.0,1431.0,1258.0,192.0,10.21
2026-10-09T01:32:11,11263.2,47.0,54.0,70.0,69.0,1487.0,1258.0,264.0,10.21
2026-10-09T01:32:21,11273.2,47.0,53.0,70.0,70.0,1501.0,1258.0,94.0,10.21
2026-10-09T01:32:31,11283.2,47.0,54.0,70.0,69.0,1492.0,1258.0,55.0,10.21
2026-10-09T01:32:41,11293.2,47.0,54.0,70.0,68.0,1465.0,1258.0,60.0,10.21
2026-10-09T01:32:51,11303.2,47.0,54.0,70.0,67.0,1429.0,1258.0,97.0,10.21
2026-10-09T01:33:01,11313.2,47.0,53.0,70.0,67.0,1426.0,1258.0,247.0,10.21
2026-10-09T01:33:11,11323.2,47.0,54.0,70.0,67.0,1446.0,1258.0,163.0,10.21
2026-10-09T01:33:21,11333.2,47.0,53.0,70.0,68.0,1448.0,1258.0,91.0,10.21
2026-10-09T01:33:31,11343.2,47.0,54.0,70.0,69.0,1479.0,1258.0,254.0,10.21
2026-10-09T01:33:41,11353.2,47.0,54.0,70.0,70.0,1504.0,1258.0,116.0,10.21
2026-10-09T01:33:51,11363.2,47.0,53.0,70.0,70.0,1511.0,1258.0,148.0,10.21
2026-10-09T01:34:01,11373.2,47.0,53.0,70.0,67.0,1435.0,1258.0,34.0,10.21
2026-10-09T01:34:11,11383.2,47.0,54.0,70.0,67.0,1436.0,1258.0,129.0,10.21
2026-10-09T01:34:21,11393.2,47.0,53.0,70.0,67.0,1432.0,1258.0,190.0,10.21
2026-10-09T01:34:31,11403.2,47.0,53.0,70.0,67.0,1425.0,1258.0,165.0,10.21
2026-10-09T01:34:41,11413.2,47.0,53.0,70.0,67.0,1440.0,1258.0,106.0,10.21
2026-10-09T01:34:51,11423.2,47.0,54.0,70.0,70.0,1502.0,1258.0,152.0,10.21
2026-10-09T01:35:01,11433.2,47.0,54.0,70.0,70.0,1506.0,1258.0,116.0,10.21
2026-10-09T01:35:11,11443.2,47.0,53.0,70.0,69.0,1488.0,1258.0,124.0,10.21
2026-10-09T01:35:21,11453.2,47.0,53.0,70.0,67.0,1437.0,1258.0,269.0,10.21
2026-10-09T01:35:31,11463.2,47.0,53.0,70.0,67.0,1432.0,1258.0,160.0,10.21
2026-10-09T01:35:41,11473.2,47.0,53.0,70.0,67.0,1432.0,1258.0,189.0,10.21
2026-10-09T01:35:51,11483.2,47.0,53.0,70.0,67.0,1441.0,1258.0,161.0,10.21
2026-10-09T01:36:01,11493.2,47.0,53.0,70.0,68.0,1463.0,1258.0,129.0,10.21
2026-10-09T01:36:11,11503.2,47.0,54.0,70.0,70.0,1504.0,1258.0,149.0,10.21
2026-10-09T01:36:21,11513.2,47.0,53.0,70.0,70.0,1506.0,1258.0,132.0,10.21
2026-10-09T01:36:31,11523.2,47.0,53.0,70.0,68.0,1457.0,1258.0,26.0,10.21
2026-10-09T01:36:41,11533.2,47.0,53.0,70.0,67.0,1433.0,1258.0,71.0,10.21
2026-10-09T01:36:51,11543.2,47.0,54.0,70.0,67.0,1433.0,1258.0,75.0,10.21
2026-10-09T01:37:01,11553.2,47.0,54.0,70.0,67.0,1429.0,1258.0,114.0,10.21
2026-10-09T01:37:11,11563.2,47.0,54.0,70.0,67.0,1432.0,1258.0,216.0,10.21
2026-10-09T01:37:21,11573.3,47.0,54.0,70.0,70.0,1504.0,1258.0,197.0,10.21
2026-10-09T01:37:31,11583.3,47.0,54.0,70.0,69.0,1503.0,1258.0,35.0,10.21
2026-10-09T01:37:41,11593.3,47.0,54.0,70.0,69.0,1480.0,1258.0,70.0,10.21
2026-10-09T01:37:51,11603.3,47.0,53.0,70.0,67.0,41.0,1258.0,316.0,10.21
2026-10-09T01:38:01,11613.3,47.0,53.0,70.0,67.0,1431.0,1258.0,166.0,10.21
2026-10-09T01:38:11,11623.3,47.0,53.0,70.0,67.0,1442.0,1258.0,153.0,10.21
2026-10-09T01:38:21,11633.3,47.0,53.0,70.0,67.0,1439.0,1258.0,127.0,10.21
2026-10-09T01:38:31,11643.3,47.0,54.0,70.0,68.0,1453.0,1258.0,96.0,10.21
2026-10-09T01:38:41,11653.3,47.0,54.0,70.0,70.0,1501.0,1258.0,151.0,10.21
2026-10-09T01:38:51,11663.3,47.0,54.0,70.0,70.0,1507.0,1258.0,149.0,10.21
2026-10-09T01:39:01,11673.3,47.0,53.0,70.0,68.0,1453.0,1258.0,194.0,10.21
2026-10-09T01:39:11,11683.3,47.0,53.0,70.0,66.0,1423.0,1258.0,216.0,10.21
2026-10-09T01:39:21,11693.3,47.0,53.0,70.0,67.0,1433.0,1258.0,178.0,10.21
2026-10-09T01:39:31,11703.3,47.0,53.0,70.0,66.0,1423.0,1258.0,143.0,10.21
2026-10-09T01:39:41,11713.3,47.0,53.0,70.0,68.0,1452.0,1258.0,69.0,10.21
2026-10-09T01:39:51,11723.3,47.0,54.0,70.0,70.0,1508.0,1258.0,133.0,10.21
2026-10-09T01:40:01,11733.3,47.0,53.0,70.0,70.0,1511.0,1258.0,126.0,10.21
2026-10-09T01:40:11,11743.3,47.0,53.0,70.0,66.0,1425.0,1258.0,46.0,10.21
2026-10-09T01:40:21,11753.3,47.0,53.0,70.0,67.0,1427.0,1258.0,197.0,10.21
2026-10-09T01:40:31,11763.3,47.0,53.0,70.0,67.0,1429.0,1258.0,194.0,10.21
2026-10-09T01:40:41,11773.3,47.0,53.0,70.0,66.0,1424.0,1258.0,25.0,10.21
2026-10-09T01:40:51,11783.3,47.0,54.0,70.0,69.0,1493.0,1258.0,115.0,10.21
2026-10-09T01:41:01,11793.3,47.0,54.0,70.0,70.0,1512.0,1258.0,217.0,10.21
2026-10-09T01:41:11,11803.3,47.0,53.0,70.0,69.0,1503.0,1258.0,609.0,10.21
2026-10-09T01:41:21,11813.3,47.0,55.0,72.0,85.0,1908.0,1258.0,579.0,10.21
2026-10-09T01:41:31,11823.3,47.0,55.0,72.0,85.0,1902.0,1258.0,621.0,10.21
2026-10-09T01:41:41,11833.3,47.0,55.0,72.0,85.0,1902.0,1258.0,574.0,10.21
2026-10-09T01:41:51,11843.3,47.0,55.0,72.0,85.0,1903.0,1258.0,571.0,10.21
2026-10-09T01:42:01,11853.3,47.0,54.0,72.0,85.0,1907.0,1258.0,620.0,10.21
2026-10-09T01:42:11,11863.3,47.0,54.0,72.0,85.0,1908.0,1258.0,487.0,10.21
2026-10-09T01:42:21,11873.3,47.0,55.0,72.0,85.0,1906.0,1258.0,517.0,10.21
2026-10-09T01:42:31,11883.3,47.0,55.0,71.0,82.0,1845.0,1258.0,16.0,10.21
2026-10-09T01:42:41,11893.3,47.0,53.0,71.0,67.0,1436.0,1258.0,0.0,10.21
2026-10-09T01:42:51,11903.3,47.0,53.0,71.0,67.0,1426.0,1258.0,213.0,10.21
2026-10-09T01:43:01,11913.3,47.0,53.0,71.0,67.0,1432.0,1258.0,133.0,10.21
2026-10-09T01:43:11,11923.3,47.0,54.0,70.0,69.0,1489.0,1258.0,26.0,10.21
2026-10-09T01:43:21,11933.4,47.0,54.0,70.0,70.0,1508.0,1258.0,156.0,10.21
2026-10-09T01:43:31,11943.4,47.0,54.0,70.0,69.0,1494.0,1258.0,380.0,10.21
2026-10-09T01:43:41,11953.4,47.0,53.0,70.0,66.0,44.0,1258.0,229.0,10.21
2026-10-09T01:43:51,11963.4,47.0,53.0,70.0,66.0,1423.0,1258.0,193.0,10.21
2026-10-09T01:44:01,11973.4,47.0,53.0,70.0,67.0,1434.0,1258.0,213.0,10.21
2026-10-09T01:44:11,11983.4,47.0,53.0,70.0,66.0,1416.0,1258.0,208.0,10.21
2026-10-09T01:44:21,11993.4,47.0,53.0,70.0,70.0,1513.0,1258.0,30.0,10.21
2026-10-09T01:44:31,12003.4,47.0,54.0,70.0,70.0,1512.0,1258.0,4.0,10.21
2026-10-09T01:44:41,12013.4,47.0,53.0,70.0,66.0,41.0,1258.0,377.0,10.21
2026-10-09T01:44:51,12023.4,47.0,54.0,70.0,67.0,1433.0,1258.0,169.0,10.21
2026-10-09T01:45:01,12033.4,47.0,54.0,70.0,67.0,1441.0,1258.0,36.0,10.21
2026-10-09T01:45:11,12043.4,47.0,54.0,70.0,67.0,1436.0,1258.0,214.0,10.21
2026-10-09T01:45:21,12053.4,47.0,54.0,70.0,68.0,1465.0,1258.0,140.0,10.21
2026-10-09T01:45:31,12063.4,47.0,54.0,70.0,70.0,1503.0,1258.0,201.0,10.21
2026-10-09T01:45:41,12073.4,47.0,54.0,70.0,70.0,1505.0,1258.0,184.0,10.21
2026-10-09T01:45:51,12083.4,47.0,53.0,70.0,67.0,1452.0,1258.0,107.0,10.21
2026-10-09T01:46:01,12093.4,47.0,53.0,70.0,67.0,1434.0,1258.0,122.0,10.21
2026-10-09T01:46:11,12103.4,47.0,53.0,70.0,66.0,1422.0,1258.0,0.0,10.21
2026-10-09T01:46:21,12113.4,47.0,53.0,70.0,67.0,1431.0,1258.0,78.0,10.21
2026-10-09T01:46:31,12123.4,47.0,53.0,70.0,68.0,1448.0,1258.0,212.0,10.21
2026-10-09T01:46:41,12133.4,47.0,54.0,70.0,70.0,1504.0,1258.0,200.0,10.21
2026-10-09T01:46:51,12143.4,47.0,53.0,70.0,70.0,1505.0,1258.0,147.0,10.21
2026-10-09T01:47:01,12153.4,47.0,53.0,70.0,68.0,1466.0,1258.0,49.0,10.21
2026-10-09T01:47:11,12163.4,47.0,53.0,70.0,67.0,1441.0,1258.0,100.0,10.21
2026-10-09T01:47:21,12173.4,47.0,54.0,70.0,67.0,1437.0,1258.0,147.0,10.21
2026-10-09T01:47:31,12183.4,47.0,53.0,70.0,67.0,1428.0,1258.0,0.0,10.21
2026-10-09T01:47:41,12193.4,47.0,54.0,70.0,67.0,41.0,1258.0,0.0,10.21
2026-10-09T01:47:51,12203.4,47.0,54.0,70.0,68.0,1471.0,1258.0,192.0,10.21
2026-10-09T01:48:01,12213.5,47.0,54.0,70.0,70.0,1509.0,1258.0,159.0,10.21
2026-10-09T01:48:11,12223.5,47.0,54.0,70.0,69.0,1493.0,1258.0,453.0,10.21
2026-10-09T01:48:21,12233.5,47.0,53.0,70.0,44.0,41.0,1258.0,0.0,10.21
2026-10-09T01:48:31,12243.5,47.0,54.0,70.0,67.0,1425.0,1258.0,97.0,10.21
2026-10-09T01:48:41,12253.5,47.0,53.0,70.0,66.0,1415.0,1258.0,135.0,10.21
2026-10-09T01:48:51,12263.5,47.0,54.0,70.0,67.0,1434.0,1258.0,148.0,10.21
2026-10-09T01:49:01,12273.5,47.0,54.0,70.0,69.0,1492.0,1258.0,182.0,10.21
2026-10-09T01:49:11,12283.5,47.0,54.0,70.0,70.0,1508.0,1258.0,82.0,10.21
2026-10-09T01:49:21,12293.5,47.0,54.0,70.0,69.0,1491.0,1258.0,151.0,10.21
2026-10-09T01:49:31,12303.5,47.0,53.0,70.0,67.0,1437.0,1258.0,86.0,10.21
2026-10-09T01:49:41,12313.5,47.0,53.0,70.0,66.0,1416.0,1258.0,129.0,10.21
2026-10-09T01:49:51,12323.5,47.0,53.0,70.0,67.0,1432.0,1258.0,241.0,10.21
2026-10-09T01:50:01,12333.5,47.0,53.0,70.0,66.0,1415.0,1258.0,165.0,10.21
2026-10-09T01:50:11,12343.5,47.0,54.0,70.0,68.0,1468.0,1258.0,48.0,10.21
2026-10-09T01:50:21,12353.5,47.0,54.0,70.0,70.0,1506.0,1258.0,173.0,10.21
2026-10-09T01:50:31,12363.5,47.0,54.0,70.0,70.0,1507.0,1258.0,77.0,10.21
2026-10-09T01:50:41,12373.5,47.0,53.0,70.0,67.0,1427.0,1258.0,57.0,10.21
2026-10-09T01:50:51,12383.5,47.0,53.0,70.0,66.0,1425.0,1258.0,192.0,10.21
2026-10-09T01:51:01,12393.5,47.0,53.0,70.0,66.0,1413.0,1258.0,58.0,10.21
2026-10-09T01:51:11,12403.5,47.0,54.0,70.0,67.0,1429.0,1258.0,113.0,10.21
2026-10-09T01:51:21,12413.5,47.0,54.0,70.0,70.0,1502.0,1258.0,213.0,10.21
2026-10-09T01:51:31,12423.5,47.0,54.0,70.0,70.0,1506.0,1258.0,142.0,10.21
2026-10-09T01:51:41,12433.5,47.0,53.0,70.0,68.0,1469.0,1258.0,174.0,10.21
2026-10-09T01:51:51,12443.5,47.0,53.0,70.0,67.0,1431.0,1258.0,121.0,10.21
2026-10-09T01:52:01,12453.5,47.0,53.0,70.0,67.0,1432.0,1258.0,43.0,10.21
2026-10-09T01:52:11,12463.5,47.0,53.0,70.0,66.0,44.0,1258.0,0.0,10.21
2026-10-09T01:52:21,12473.5,47.0,54.0,70.0,67.0,1437.0,1258.0,130.0,10.21
2026-10-09T01:52:31,12483.5,47.0,54.0,70.0,70.0,1516.0,1258.0,184.0,10.21
2026-10-09T01:52:41,12493.5,47.0,54.0,70.0,70.0,1506.0,1258.0,198.0,10.21
2026-10-09T01:52:51,12503.5,47.0,53.0,70.0,66.0,1416.0,1258.0,67.0,10.21
2026-10-09T01:53:01,12513.5,47.0,53.0,70.0,67.0,1441.0,1258.0,12.0,10.21
2026-10-09T01:53:11,12523.5,47.0,54.0,70.0,67.0,1425.0,1258.0,164.0,10.21
2026-10-09T01:53:21,12533.5,47.0,53.0,70.0,66.0,1407.0,1258.0,218.0,10.21
2026-10-09T01:53:31,12543.5,47.0,54.0,70.0,69.0,1495.0,1258.0,120.0,10.21
2026-10-09T01:53:41,12553.5,47.0,54.0,70.0,69.0,1505.0,1258.0,61.0,10.21
2026-10-09T01:53:51,12563.5,47.0,54.0,70.0,68.0,1474.0,1258.0,364.0,10.21
2026-10-09T01:54:01,12573.5,47.0,54.0,70.0,67.0,1429.0,1258.0,126.0,10.21
2026-10-09T01:54:11,12583.5,47.0,53.0,70.0,67.0,1430.0,1258.0,0.0,10.21
2026-10-09T01:54:21,12593.6,47.0,54.0,70.0,66.0,1414.0,1258.0,165.0,10.21
2026-10-09T01:54:31,12603.6,47.0,54.0,70.0,68.0,1463.0,1258.0,185.0,10.21
2026-10-09T01:54:41,12613.6,47.0,54.0,70.0,70.0,1511.0,1258.0,209.0,10.21
2026-10-09T01:54:51,12623.6,47.0,54.0,70.0,69.0,1486.0,1258.0,78.0,10.21
2026-10-09T01:55:01,12633.6,47.0,53.0,70.0,67.0,1426.0,1258.0,111.0,10.21
2026-10-09T01:55:11,12643.6,47.0,54.0,70.0,67.0,1432.0,1258.0,0.0,10.21
2026-10-09T01:55:21,12653.6,47.0,54.0,70.0,67.0,1427.0,1258.0,88.0,10.21
2026-10-09T01:55:31,12663.6,47.0,54.0,70.0,66.0,1419.0,1258.0,96.0,10.21
2026-10-09T01:55:41,12673.6,47.0,54.0,70.0,69.0,1496.0,1258.0,100.0,10.21
2026-10-09T01:55:51,12683.6,47.0,54.0,70.0,70.0,1509.0,1258.0,214.0,10.21
2026-10-09T01:56:01,12693.6,47.0,54.0,70.0,69.0,41.0,1258.0,0.0,10.21
2026-10-09T01:56:11,12703.6,47.0,54.0,70.0,66.0,1424.0,1258.0,125.0,10.21
2026-10-09T01:56:21,12713.6,47.0,54.0,70.0,67.0,1429.0,1258.0,193.0,10.21
2026-10-09T01:56:31,12723.6,47.0,54.0,70.0,66.0,1421.0,1258.0,0.0,10.21
2026-10-09T01:56:41,12733.6,47.0,54.0,70.0,67.0,1426.0,1258.0,179.0,10.21
2026-10-09T01:56:51,12743.6,47.0,54.0,70.0,70.0,1509.0,1258.0,149.0,10.21
2026-10-09T01:57:01,12753.6,47.0,54.0,70.0,70.0,1508.0,1258.0,141.0,10.21
2026-10-09T01:57:11,12763.6,47.0,53.0,70.0,67.0,1440.0,1258.0,78.0,10.21
2026-10-09T01:57:21,12773.6,47.0,53.0,70.0,66.0,1421.0,1258.0,105.0,10.21
2026-10-09T01:57:31,12783.6,47.0,53.0,70.0,66.0,1409.0,1258.0,125.0,10.21
2026-10-09T01:57:41,12793.6,47.0,54.0,70.0,67.0,1427.0,1258.0,80.0,10.21
2026-10-09T01:57:51,12803.6,47.0,54.0,70.0,70.0,1510.0,1258.0,183.0,10.21
2026-10-09T01:58:01,12813.6,47.0,54.0,70.0,70.0,1506.0,1258.0,156.0,10.21
2026-10-09T01:58:11,12823.6,47.0,54.0,70.0,66.0,1419.0,1258.0,353.0,10.21
2026-10-09T01:58:21,12833.6,47.0,54.0,70.0,67.0,1429.0,1258.0,145.0,10.21
2026-10-09T01:58:31,12843.6,47.0,54.0,70.0,66.0,1421.0,1258.0,157.0,10.21
2026-10-09T01:58:41,12853.6,47.0,54.0,70.0,67.0,1422.0,1258.0,142.0,10.21
2026-10-09T01:58:51,12863.6,47.0,54.0,71.0,70.0,1504.0,1258.0,196.0,10.21
2026-10-09T01:59:01,12873.6,47.0,54.0,70.0,70.0,1505.0,1258.0,153.0,10.21
2026-10-09T01:59:11,12883.6,47.0,54.0,70.0,68.0,1472.0,1258.0,59.0,10.21
2026-10-09T01:59:21,12893.6,47.0,54.0,70.0,66.0,1416.0,1258.0,406.0,10.21
2026-10-09T01:59:31,12903.7,47.0,53.0,70.0,66.0,1409.0,1258.0,140.0,10.21
2026-10-09T01:59:41,12913.7,47.0,53.0,70.0,66.0,1405.0,1258.0,177.0,10.21
2026-10-09T01:59:51,12923.7,47.0,54.0,70.0,69.0,1494.0,1258.0,187.0,10.21
2026-10-09T02:00:01,12933.7,47.0,54.0,70.0,70.0,1510.0,1258.0,24.0,10.21
2026-10-09T02:00:11,12943.7,47.0,54.0,70.0,68.0,1468.0,1258.0,154.0,10.21
2026-10-09T02:00:21,12953.7,47.0,53.0,70.0,66.0,41.0,1258.0,483.0,10.21
2026-10-09T02:00:31,12963.7,47.0,53.0,70.0,67.0,1431.0,1258.0,180.0,10.21
2026-10-09T02:00:41,12973.7,47.0,53.0,70.0,66.0,1425.0,1258.0,0.0,10.21
2026-10-09T02:00:51,12983.7,47.0,53.0,70.0,68.0,1462.0,1258.0,130.0,10.21
2026-10-09T02:01:01,12993.7,47.0,54.0,70.0,70.0,1513.0,1258.0,120.0,10.21
2026-10-09T02:01:11,13003.7,47.0,54.0,70.0,69.0,1492.0,1258.0,160.0,10.21
2026-10-09T02:01:21,13013.7,47.0,53.0,70.0,67.0,1428.0,1258.0,163.0,10.21
2026-10-09T02:01:31,13023.7,47.0,53.0,70.0,67.0,1427.0,1258.0,0.0,10.21
2026-10-09T02:01:41,13033.7,47.0,53.0,70.0,66.0,1421.0,1258.0,0.0,10.21
2026-10-09T02:01:51,13043.7,47.0,53.0,70.0,67.0,1422.0,1258.0,164.0,10.21
2026-10-09T02:02:01,13053.7,47.0,54.0,70.0,70.0,1507.0,1258.0,25.0,10.21
2026-10-09T02:02:11,13063.7,47.0,54.0,70.0,70.0,1505.0,1258.0,115.0,10.21
2026-10-09T02:02:21,13073.7,47.0,54.0,70.0,68.0,1453.0,1258.0,239.0,10.21
2026-10-09T02:02:31,13083.7,47.0,54.0,70.0,66.0,1417.0,1258.0,173.0,10.21
2026-10-09T02:02:41,13093.7,47.0,53.0,70.0,66.0,1415.0,1258.0,151.0,10.21
2026-10-09T02:02:51,13103.7,47.0,54.0,70.0,66.0,1422.0,1258.0,160.0,10.21
2026-10-09T02:03:01,13113.7,47.0,54.0,70.0,70.0,1507.0,1258.0,158.0,10.21
2026-10-09T02:03:11,13123.7,47.0,54.0,70.0,70.0,1510.0,1258.0,120.0,10.21
2026-10-09T02:03:21,13133.7,47.0,54.0,70.0,67.0,1440.0,1258.0,314.0,10.21
2026-10-09T02:03:31,13143.7,47.0,54.0,70.0,67.0,1426.0,1258.0,161.0,10.21
2026-10-09T02:03:41,13153.7,47.0,54.0,70.0,66.0,1424.0,1258.0,185.0,10.21
2026-10-09T02:03:51,13163.7,47.0,53.0,70.0,66.0,1412.0,1258.0,146.0,10.21
2026-10-09T02:04:01,13173.7,47.0,54.0,70.0,70.0,1511.0,1258.0,108.0,10.21
2026-10-09T02:04:11,13183.7,47.0,54.0,70.0,70.0,1507.0,1258.0,154.0,10.21
2026-10-09T02:04:21,13193.7,47.0,53.0,70.0,67.0,1435.0,1258.0,98.0,10.21
2026-10-09T02:04:31,13203.7,47.0,53.0,70.0,66.0,1414.0,1258.0,372.0,10.21
2026-10-09T02:04:41,13213.8,47.0,53.0,70.0,66.0,1408.0,1258.0,107.0,10.21
2026-10-09T02:04:51,13223.8,47.0,54.0,70.0,67.0,1450.0,1258.0,118.0,10.21
2026-10-09T02:05:01,13233.8,47.0,54.0,70.0,70.0,1512.0,1258.0,175.0,10.21
2026-10-09T02:05:11,13243.8,47.0,54.0,70.0,69.0,1492.0,1258.0,143.0,10.21
2026-10-09T02:05:21,13253.8,47.0,53.0,70.0,66.0,1420.0,1258.0,85.0,10.21
2026-10-09T02:05:31,13263.8,47.0,53.0,70.0,66.0,1418.0,1258.0,0.0,10.21
2026-10-09T02:05:41,13273.8,47.0,54.0,70.0,67.0,1434.0,1258.0,45.0,10.21
2026-10-09T02:05:51,13283.8,47.0,54.0,70.0,66.0,1423.0,1258.0,168.0,10.21
2026-10-09T02:06:01,13293.8,47.0,54.0,70.0,70.0,1510.0,1258.0,128.0,10.21
2026-10-09T02:06:11,13303.8,47.0,54.0,70.0,70.0,1503.0,1258.0,136.0,10.21
2026-10-09T02:06:21,13313.8,47.0,53.0,70.0,67.0,1428.0,1258.0,353.0,10.21
2026-10-09T02:06:31,13323.8,47.0,53.0,70.0,67.0,1426.0,1258.0,146.0,10.21
2026-10-09T02:06:41,13333.8,47.0,53.0,70.0,66.0,1418.0,1258.0,118.0,10.21
2026-10-09T02:06:51,13343.8,47.0,54.0,70.0,67.0,1429.0,1258.0,138.0,10.21
2026-10-09T02:07:01,13353.8,47.0,54.0,70.0,70.0,1511.0,1258.0,261.0,10.21
2026-10-09T02:07:11,13363.8,47.0,54.0,70.0,70.0,1509.0,1258.0,443.0,10.21
2026-10-09T02:07:21,13373.8,47.0,53.0,70.0,66.0,1419.0,1258.0,115.0,10.21
2026-10-09T02:07:31,13383.8,47.0,53.0,70.0,66.0,1423.0,1258.0,265.0,10.21
2026-10-09T02:07:41,13393.8,47.0,53.0,70.0,66.0,1420.0,1258.0,159.0,10.21
2026-10-09T02:07:51,13403.8,47.0,53.0,70.0,66.0,1429.0,1258.0,70.0,10.21
2026-10-09T02:08:02,13413.8,47.0,54.0,70.0,70.0,1509.0,1258.0,146.0,10.21
2026-10-09T02:08:12,13423.8,47.0,54.0,70.0,69.0,1500.0,1258.0,146.0,10.21
2026-10-09T02:08:22,13433.8,47.0,53.0,70.0,66.0,1412.0,1258.0,162.0,10.21
2026-10-09T02:08:32,13443.8,47.0,53.0,70.0,67.0,1428.0,1258.0,82.0,10.21
2026-10-09T02:08:42,13453.8,47.0,53.0,70.0,52.0,3065.0,1258.0,0.0,10.21
2026-10-09T02:08:52,13463.8,47.0,54.0,70.0,67.0,1434.0,1258.0,114.0,10.21
2026-10-09T02:09:02,13473.8,47.0,54.0,70.0,70.0,1517.0,1258.0,261.0,10.21
2026-10-09T02:09:12,13483.8,47.0,54.0,70.0,69.0,41.0,1258.0,453.0,10.21
2026-10-09T02:09:22,13493.8,47.0,53.0,70.0,66.0,1410.0,1258.0,0.0,10.21
2026-10-09T02:09:32,13503.9,47.0,53.0,70.0,66.0,1418.0,1258.0,4.0,10.21
2026-10-09T02:09:42,13513.9,47.0,53.0,70.0,66.0,1424.0,1258.0,129.0,10.21
2026-10-09T02:09:52,13523.9,47.0,54.0,70.0,68.0,1467.0,1258.0,163.0,10.21
2026-10-09T02:10:02,13533.9,47.0,54.0,70.0,70.0,1512.0,1258.0,149.0,10.21
2026-10-09T02:10:12,13543.9,47.0,54.0,71.0,79.0,1760.0,1258.0,388.0,10.21
2026-10-09T02:10:22,13553.9,47.0,55.0,72.0,84.0,1898.0,1258.0,621.0,10.21
2026-10-09T02:10:32,13563.9,47.0,55.0,72.0,85.0,1898.0,1258.0,603.0,10.21
2026-10-09T02:10:42,13573.9,47.0,55.0,72.0,84.0,1894.0,1258.0,617.0,10.21
2026-10-09T02:10:52,13583.9,47.0,54.0,72.0,84.0,1893.0,1258.0,578.0,10.21
2026-10-09T02:11:02,13593.9,47.0,54.0,72.0,85.0,1902.0,1258.0,608.0,10.21
2026-10-09T02:11:12,13603.9,47.0,54.0,72.0,85.0,1910.0,1258.0,625.0,10.21
2026-10-09T02:11:22,13613.9,47.0,54.0,71.0,83.0,1869.0,1258.0,278.0,10.21
2026-10-09T02:11:32,13623.9,47.0,54.0,71.0,74.0,1633.0,1258.0,104.0,10.21
2026-10-09T02:11:42,13633.9,47.0,53.0,71.0,66.0,1419.0,1258.0,0.0,10.21
2026-10-09T02:11:52,13643.9,47.0,54.0,71.0,68.0,1468.0,1258.0,125.0,10.21
2026-10-09T02:12:02,13653.9,47.0,54.0,71.0,70.0,1508.0,1258.0,107.0,10.21
2026-10-09T02:12:12,13663.9,47.0,53.0,71.0,68.0,1469.0,1258.0,79.0,10.21
2026-10-09T02:12:22,13673.9,47.0,53.0,70.0,66.0,1416.0,1258.0,156.0,10.21
2026-10-09T02:12:32,13683.9,47.0,53.0,70.0,66.0,47.0,1258.0,0.0,10.21
2026-10-09T02:12:42,13693.9,47.0,53.0,70.0,66.0,1413.0,1258.0,161.0,10.21
2026-10-09T02:12:52,13703.9,47.0,53.0,70.0,69.0,1498.0,1258.0,162.0,10.21
2026-10-09T02:13:02,13713.9,47.0,53.0,70.0,69.0,1500.0,1258.0,180.0,10.21
2026-10-09T02:13:12,13723.9,47.0,53.0,70.0,67.0,41.0,1258.0,0.0,10.21
2026-10-09T02:13:22,13733.9,47.0,53.0,70.0,66.0,1412.0,1258.0,77.0,10.21
2026-10-09T02:13:32,13743.9,47.0,53.0,70.0,66.0,1416.0,1258.0,198.0,10.21
2026-10-09T02:13:42,13753.9,47.0,53.0,70.0,66.0,1421.0,1258.0,85.0,10.21
2026-10-09T02:13:52,13763.9,47.0,54.0,70.0,70.0,1513.0,1258.0,132.0,10.21
2026-10-09T02:14:02,13773.9,47.0,53.0,70.0,70.0,1504.0,1258.0,80.0,10.21
2026-10-09T02:14:12,13783.9,47.0,53.0,70.0,65.0,1401.0,1258.0,126.0,10.21
2026-10-09T02:14:22,13793.9,47.0,53.0,70.0,66.0,1423.0,1258.0,75.0,10.21
2026-10-09T02:14:32,13804.0,47.0,53.0,70.0,66.0,1420.0,1258.0,206.0,10.21
2026-10-09T02:14:42,13814.0,47.0,53.0,70.0,68.0,1462.0,1258.0,136.0,10.21
2026-10-09T02:14:52,13824.0,47.0,53.0,70.0,70.0,1515.0,1258.0,85.0,10.21
2026-10-09T02:15:02,13834.0,47.0,53.0,70.0,68.0,1466.0,1258.0,85.0,10.21
2026-10-09T02:15:12,13844.0,47.0,53.0,70.0,66.0,1404.0,1258.0,88.0,10.21
2026-10-09T02:15:22,13854.0,47.0,53.0,70.0,66.0,1423.0,1258.0,147.0,10.21
2026-10-09T02:15:32,13864.0,47.0,53.0,70.0,43.0,138.0,1258.0,0.0,10.21
2026-10-09T02:15:42,13874.0,47.0,54.0,70.0,69.0,1502.0,1258.0,144.0,10.21
2026-10-09T02:15:52,13884.0,47.0,54.0,70.0,70.0,1508.0,1258.0,164.0,10.21
2026-10-09T02:16:02,13894.0,47.0,53.0,70.0,67.0,1432.0,1258.0,98.0,10.21
2026-10-09T02:16:12,13904.0,47.0,53.0,70.0,66.0,1424.0,1258.0,215.0,10.21
2026-10-09T02:16:22,13914.0,47.0,53.0,70.0,66.0,1423.0,1258.0,131.0,10.21
2026-10-09T02:16:32,13924.0,47.0,53.0,70.0,66.0,1421.0,1258.0,121.0,10.21
2026-10-09T02:16:42,13934.0,47.0,54.0,70.0,69.0,1500.0,1258.0,88.0,10.21
2026-10-09T02:16:52,13944.0,47.0,54.0,70.0,70.0,1506.0,1258.0,135.0,10.21
2026-10-09T02:17:02,13954.0,47.0,53.0,70.0,68.0,1455.0,1258.0,46.0,10.21
2026-10-09T02:17:12,13964.0,47.0,53.0,70.0,66.0,1414.0,1258.0,209.0,10.21
2026-10-09T02:17:22,13974.0,47.0,53.0,70.0,66.0,1403.0,1258.0,92.0,10.21
2026-10-09T02:17:32,13984.0,47.0,53.0,70.0,67.0,1428.0,1258.0,105.0,10.21
2026-10-09T02:17:42,13994.0,47.0,54.0,70.0,70.0,1512.0,1258.0,93.0,10.21
2026-10-09T02:17:52,14004.0,47.0,54.0,70.0,69.0,1508.0,1258.0,62.0,10.21
2026-10-09T02:18:02,14014.0,47.0,53.0,70.0,66.0,1399.0,1258.0,162.0,10.21
2026-10-09T02:18:12,14024.0,47.0,53.0,70.0,66.0,1423.0,1258.0,209.0,10.21
2026-10-09T02:18:22,14034.0,47.0,53.0,70.0,66.0,1425.0,1258.0,65.0,10.21
2026-10-09T02:18:32,14044.0,47.0,54.0,70.0,68.0,1458.0,1258.0,106.0,10.21
2026-10-09T02:18:42,14054.0,47.0,54.0,70.0,70.0,1518.0,1258.0,89.0,10.21
2026-10-09T02:18:52,14064.0,47.0,53.0,70.0,67.0,1440.0,1258.0,116.0,10.21
2026-10-09T02:19:02,14074.0,47.0,53.0,70.0,66.0,1403.0,1258.0,191.0,10.21
2026-10-09T02:19:12,14084.0,47.0,53.0,70.0,66.0,1427.0,1258.0,106.0,10.21
2026-10-09T02:19:22,14094.0,47.0,53.0,70.0,67.0,1436.0,1258.0,158.0,10.21
2026-10-09T02:19:32,14104.0,47.0,53.0,70.0,70.0,1517.0,1258.0,164.0,10.21
2026-10-09T02:19:42,14114.0,47.0,53.0,70.0,69.0,1491.0,1258.0,21.0,10.21
2026-10-09T02:19:52,14124.0,47.0,53.0,70.0,66.0,1425.0,1258.0,94.0,10.21
2026-10-09T02:20:02,14134.0,47.0,53.0,70.0,66.0,1406.0,1258.0,124.0,10.21
2026-10-09T02:20:12,14144.0,47.0,53.0,70.0,66.0,1417.0,1258.0,125.0,10.21
2026-10-09T02:20:22,14154.0,47.0,54.0,70.0,68.0,1459.0,1258.0,146.0,10.21
2026-10-09T02:20:32,14164.1,47.0,54.0,70.0,70.0,1515.0,1258.0,83.0,10.21
2026-10-09T02:20:42,14174.1,47.0,53.0,70.0,68.0,1464.0,1258.0,147.0,10.21
2026-10-09T02:20:52,14184.1,47.0,53.0,70.0,66.0,41.0,1258.0,282.0,10.21
2026-10-09T02:21:02,14194.1,47.0,53.0,70.0,66.0,1406.0,1258.0,17.0,10.21
2026-10-09T02:21:12,14204.1,47.0,54.0,70.0,66.0,1425.0,1258.0,99.0,10.21
2026-10-09T02:21:22,14214.1,47.0,54.0,70.0,70.0,1517.0,1258.0,225.0,10.21
2026-10-09T02:21:32,14224.1,47.0,54.0,70.0,69.0,1493.0,1258.0,130.0,10.21
2026-10-09T02:21:42,14234.1,47.0,53.0,70.0,66.0,1409.0,1258.0,322.0,10.21
2026-10-09T02:21:52,14244.1,47.0,53.0,70.0,66.0,1406.0,1258.0,122.0,10.21
2026-10-09T02:22:02,14254.1,47.0,53.0,70.0,66.0,1407.0,1258.0,116.0,10.21
2026-10-09T02:22:12,14264.1,47.0,54.0,70.0,70.0,1506.0,1258.0,175.0,10.21
2026-10-09T02:22:22,14274.1,47.0,54.0,70.0,70.0,1510.0,1258.0,177.0,10.21
2026-10-09T02:22:32,14284.1,47.0,53.0,70.0,67.0,1430.0,1258.0,18.0,10.21
2026-10-09T02:22:42,14294.1,47.0,54.0,70.0,66.0,1424.0,1258.0,60.0,10.21
2026-10-09T02:22:52,14304.1,47.0,53.0,70.0,66.0,1411.0,1258.0,164.0,10.21
2026-10-09T02:23:02,14314.1,47.0,53.0,70.0,67.0,1431.0,1258.0,192.0,10.21
2026-10-09T02:23:12,14324.1,47.0,54.0,70.0,70.0,1512.0,1258.0,171.0,10.21
2026-10-09T02:23:22,14334.1,47.0,53.0,70.0,68.0,1478.0,1258.0,46.0,10.21
2026-10-09T02:23:32,14344.1,47.0,53.0,70.0,66.0,1411.0,1258.0,25.0,10.21
2026-10-09T02:23:42,14354.1,47.0,53.0,70.0,65.0,1402.0,1258.0,155.0,10.21
2026-10-09T02:23:52,14364.1,47.0,53.0,70.0,66.0,1425.0,1258.0,151.0,10.21
2026-10-09T02:24:02,14374.1,47.0,54.0,70.0,70.0,1508.0,1258.0,24.0,10.21
2026-10-09T02:24:12,14384.1,47.0,54.0,70.0,70.0,1515.0,1258.0,193.0,10.21
2026-10-09T02:24:22,14394.1,47.0,53.0,70.0,66.0,1417.0,1258.0,141.0,10.21
2026-10-09T02:24:32,14404.1,47.0,53.0,70.0,66.0,1416.0,1258.0,0.0,10.21
2026-10-09T02:24:42,14414.1,47.0,53.0,70.0,66.0,1407.0,1258.0,145.0,10.21
2026-10-09T02:24:52,14424.1,47.0,53.0,70.0,68.0,1451.0,1258.0,164.0,10.21
2026-10-09T02:25:02,14434.1,47.0,54.0,70.0,70.0,1514.0,1258.0,39.0,10.21
2026-10-09T02:25:12,14444.1,47.0,53.0,70.0,67.0,1440.0,1258.0,23.0,10.21
2026-10-09T02:25:22,14454.1,47.0,53.0,70.0,66.0,1405.0,1258.0,386.0,10.21
2026-10-09T02:25:32,14464.1,47.0,53.0,70.0,66.0,1412.0,1258.0,173.0,10.21
2026-10-09T02:25:42,14474.1,47.0,53.0,70.0,67.0,1442.0,1258.0,140.0,10.21
2026-10-09T02:25:52,14484.1,47.0,54.0,70.0,70.0,1513.0,1258.0,212.0,10.21
2026-10-09T02:26:02,14494.2,47.0,53.0,70.0,69.0,1487.0,1258.0,81.0,10.21
2026-10-09T02:26:12,14504.2,47.0,53.0,70.0,66.0,1418.0,1258.0,36.0,10.21
2026-10-09T02:26:22,14514.2,47.0,53.0,70.0,66.0,1405.0,1258.0,60.0,10.21
2026-10-09T02:26:32,14524.2,47.0,53.0,70.0,66.0,1423.0,1258.0,213.0,10.21
2026-10-09T02:26:42,14534.2,47.0,54.0,70.0,69.0,1492.0,1258.0,138.0,10.21
2026-10-09T02:26:52,14544.2,47.0,54.0,70.0,70.0,1513.0,1258.0,137.0,10.21
2026-10-09T02:27:02,14554.2,47.0,53.0,70.0,67.0,1427.0,1258.0,125.0,10.21
2026-10-09T02:27:12,14564.2,47.0,53.0,70.0,65.0,1401.0,1258.0,124.0,10.21
2026-10-09T02:27:22,14574.2,47.0,53.0,70.0,65.0,1389.0,1258.0,188.0,10.21
2026-10-09T02:27:32,14584.2,47.0,53.0,70.0,69.0,1486.0,1258.0,174.0,10.21
2026-10-09T02:27:42,14594.2,47.0,53.0,70.0,69.0,41.0,1258.0,391.0,10.21
2026-10-09T02:27:52,14604.2,47.0,53.0,70.0,66.0,1406.0,1258.0,23.0,10.21
2026-10-09T02:28:02,14614.2,47.0,53.0,70.0,66.0,1416.0,1258.0,156.0,10.21
2026-10-09T02:28:12,14624.2,47.0,53.0,70.0,66.0,1411.0,1258.0,121.0,10.21
2026-10-09T02:28:22,14634.2,47.0,54.0,70.0,69.0,1491.0,1258.0,162.0,10.21
2026-10-09T02:28:32,14644.2,47.0,53.0,70.0,44.0,41.0,1258.0,340.0,10.21
2026-10-09T02:28:42,14654.2,47.0,53.0,70.0,65.0,1399.0,1258.0,138.0,10.21
2026-10-09T02:28:52,14664.2,47.0,53.0,70.0,66.0,1411.0,1258.0,61.0,10.21
2026-10-09T02:29:02,14674.2,47.0,53.0,70.0,66.0,1406.0,1258.0,85.0,10.21
2026-10-09T02:29:12,14684.2,47.0,54.0,70.0,69.0,1497.0,1258.0,176.0,10.21
2026-10-09T02:29:22,14694.2,47.0,54.0,70.0,70.0,1514.0,1258.0,10.0,10.21
2026-10-09T02:29:32,14704.2,47.0,53.0,70.0,66.0,1420.0,1258.0,100.0,10.21
2026-10-09T02:29:42,14714.2,47.0,53.0,70.0,65.0,1400.0,1258.0,157.0,10.21
2026-10-09T02:29:52,14724.2,47.0,53.0,70.0,66.0,1419.0,1258.0,157.0,10.21
2026-10-09T02:30:02,14734.2,47.0,54.0,70.0,68.0,1457.0,1258.0,90.0,10.21
2026-10-09T02:30:12,14744.2,47.0,54.0,70.0,70.0,1514.0,1258.0,209.0,10.21
2026-10-09T02:30:22,14754.2,47.0,53.0,70.0,67.0,1450.0,1258.0,112.0,10.21
2026-10-09T02:30:32,14764.2,47.0,53.0,70.0,66.0,1411.0,1258.0,39.0,10.21
2026-10-09T02:30:42,14774.2,47.0,53.0,70.0,66.0,1409.0,1258.0,126.0,10.21
2026-10-09T02:30:52,14784.2,47.0,53.0,70.0,67.0,1447.0,1258.0,195.0,10.21
2026-10-09T02:31:02,14794.2,47.0,54.0,70.0,70.0,1514.0,1258.0,115.0,10.21
2026-10-09T02:31:12,14804.2,47.0,53.0,70.0,68.0,1460.0,1258.0,122.0,10.21
2026-10-09T02:31:22,14814.2,47.0,53.0,70.0,66.0,1414.0,1258.0,89.0,10.21
2026-10-09T02:31:32,14824.2,47.0,53.0,70.0,66.0,1409.0,1258.0,48.0,10.21
2026-10-09T02:31:42,14834.2,47.0,54.0,70.0,66.0,1422.0,1258.0,137.0,10.21
2026-10-09T02:31:52,14844.2,47.0,54.0,70.0,70.0,1519.0,1258.0,157.0,10.21
2026-10-09T02:32:02,14854.2,47.0,54.0,70.0,69.0,1491.0,1258.0,106.0,10.21
2026-10-09T02:32:12,14864.2,47.0,53.0,70.0,66.0,1414.0,1258.0,150.0,10.21
2026-10-09T02:32:22,14874.3,47.0,53.0,70.0,66.0,1400.0,1258.0,170.0,10.21
2026-10-09T02:32:32,14884.3,47.0,53.0,70.0,65.0,1399.0,1258.0,118.0,10.21
2026-10-09T02:32:42,14894.3,47.0,54.0,70.0,70.0,1513.0,1258.0,189.0,10.21
2026-10-09T02:32:52,14904.3,47.0,53.0,70.0,69.0,1490.0,1258.0,116.0,10.21
2026-10-09T02:33:02,14914.3,47.0,53.0,70.0,66.0,1410.0,1258.0,101.0,10.21
2026-10-09T02:33:12,14924.3,47.0,53.0,70.0,67.0,1433.0,1258.0,0.0,10.21
2026-10-09T02:33:22,14934.3,47.0,54.0,70.0,66.0,1419.0,1258.0,0.0,10.21
2026-10-09T02:33:32,14944.3,47.0,54.0,70.0,67.0,1444.0,1258.0,177.0,10.21
2026-10-09T02:33:42,14954.3,47.0,54.0,70.0,70.0,1520.0,1258.0,145.0,10.21
2026-10-09T02:33:52,14964.3,47.0,54.0,70.0,68.0,1462.0,1258.0,159.0,10.21
2026-10-09T02:34:02,14974.3,47.0,53.0,70.0,66.0,1405.0,1258.0,155.0,10.21
2026-10-09T02:34:12,14984.3,47.0,53.0,70.0,66.0,1413.0,1258.0,0.0,10.21
2026-10-09T02:34:22,14994.3,47.0,53.0,70.0,66.0,1432.0,1258.0,130.0,10.21
2026-10-09T02:34:32,15004.3,47.0,54.0,70.0,70.0,1518.0,1258.0,48.0,10.21
2026-10-09T02:34:42,15014.3,47.0,53.0,70.0,67.0,1444.0,1258.0,49.0,10.21
2026-10-09T02:34:52,15024.3,47.0,53.0,70.0,65.0,1391.0,1258.0,129.0,10.21
2026-10-09T02:35:02,15034.3,47.0,53.0,70.0,66.0,1409.0,1258.0,159.0,10.21
2026-10-09T02:35:12,15044.3,47.0,54.0,70.0,69.0,1479.0,1258.0,128.0,10.21
2026-10-09T02:35:22,15054.3,47.0,54.0,70.0,70.0,1516.0,1258.0,113.0,10.21
2026-10-09T02:35:32,15064.3,47.0,53.0,70.0,65.0,1401.0,1258.0,154.0,10.21
2026-10-09T02:35:42,15074.3,47.0,53.0,70.0,66.0,1410.0,1258.0,106.0,10.21
2026-10-09T02:35:52,15084.3,47.0,53.0,70.0,66.0,1412.0,1258.0,34.0,10.21
2026-10-09T02:36:02,15094.3,47.0,54.0,70.0,69.0,1477.0,1258.0,94.0,10.21
2026-10-09T02:36:12,15104.3,47.0,54.0,70.0,70.0,1509.0,1258.0,111.0,10.21
2026-10-09T02:36:22,15114.3,47.0,54.0,70.0,68.0,1464.0,1258.0,158.0,10.21
2026-10-09T02:36:32,15124.3,47.0,53.0,70.0,67.0,1425.0,1258.0,98.0,10.21
2026-10-09T02:36:42,15134.3,47.0,53.0,70.0,66.0,1408.0,1258.0,200.0,10.21
2026-10-09T02:36:52,15144.3,47.0,53.0,70.0,66.0,1409.0,1258.0,109.0,10.21
2026-10-09T02:37:02,15154.3,47.0,54.0,70.0,69.0,1506.0,1258.0,83.0,10.21
2026-10-09T02:37:12,15164.3,47.0,54.0,70.0,69.0,1491.0,1258.0,123.0,10.21
2026-10-09T02:37:22,15174.3,47.0,53.0,70.0,66.0,1407.0,1258.0,54.0,10.21
2026-10-09T02:37:32,15184.3,47.0,53.0,70.0,66.0,1408.0,1258.0,123.0,10.21
2026-10-09T02:37:42,15194.3,47.0,53.0,70.0,66.0,1406.0,1258.0,256.0,10.21
2026-10-09T02:37:52,15204.3,47.0,53.0,70.0,70.0,1513.0,1258.0,86.0,10.21
2026-10-09T02:38:02,15214.3,47.0,53.0,70.0,69.0,1497.0,1258.0,73.0,10.21
2026-10-09T02:38:12,15224.3,47.0,53.0,70.0,65.0,1394.0,1258.0,87.0,10.21
2026-10-09T02:38:22,15234.3,47.0,53.0,70.0,66.0,41.0,1258.0,0.0,10.21
2026-10-09T02:38:32,15244.3,47.0,53.0,70.0,66.0,1403.0,1258.0,122.0,10.21
2026-10-09T02:38:42,15254.3,47.0,54.0,70.0,70.0,1508.0,1258.0,56.0,10.21
2026-10-09T02:38:52,15264.3,47.0,54.0,70.0,70.0,1513.0,1258.0,172.0,10.21
2026-10-09T02:39:02,15274.3,47.0,53.0,70.0,65.0,1400.0,1258.0,95.0,10.21
2026-10-09T02:39:12,15284.4,47.0,53.0,70.0,66.0,1421.0,1258.0,95.0,10.21
2026-10-09T02:39:22,15294.4,47.0,53.0,70.0,65.0,1390.0,1258.0,154.0,10.21
2026-10-09T02:39:32,15304.4,47.0,54.0,70.0,74.0,1636.0,1258.0,188.0,10.21
2026-10-09T02:39:42,15314.4,47.0,55.0,72.0,85.0,1901.0,1258.0,531.0,10.21
2026-10-09T02:39:52,15324.4,47.0,55.0,72.0,84.0,1888.0,1258.0,571.0,10.21
2026-10-09T02:40:02,15334.4,47.0,55.0,72.0,84.0,1896.0,1258.0,567.0,10.21
2026-10-09T02:40:12,15344.4,47.0,55.0,72.0,84.0,1890.0,1258.0,543.0,10.21
2026-10-09T02:40:22,15354.4,47.0,55.0,72.0,84.0,1894.0,1258.0,626.0,10.21
2026-10-09T02:40:32,15364.4,47.0,55.0,72.0,85.0,1900.0,1258.0,611.0,10.21
2026-10-09T02:40:42,15374.4,47.0,54.0,72.0,84.0,1896.0,1258.0,522.0,10.21
2026-10-09T02:40:52,15384.4,47.0,54.0,71.0,81.0,1843.0,1258.0,266.0,10.21
2026-10-09T02:41:02,15394.4,47.0,55.0,72.0,84.0,1898.0,1258.0,554.0,10.21
2026-10-09T02:41:12,15404.4,47.0,55.0,72.0,84.0,1895.0,1258.0,621.0,10.21
2026-10-09T02:41:22,15414.4,47.0,54.0,72.0,84.0,1895.0,1258.0,625.0,10.21
2026-10-09T02:41:32,15424.4,47.0,54.0,72.0,84.0,1888.0,1258.0,596.0,10.21
2026-10-09T02:41:42,15434.4,47.0,54.0,72.0,84.0,1890.0,1258.0,549.0,10.21
2026-10-09T02:41:52,15444.4,47.0,54.0,72.0,85.0,1903.0,1258.0,573.0,10.21
2026-10-09T02:42:02,15454.4,47.0,54.0,72.0,84.0,1898.0,1258.0,626.0,10.21
2026-10-09T02:42:12,15464.4,47.0,54.0,71.0,82.0,1851.0,1258.0,116.0,10.21
2026-10-09T02:42:22,15474.4,47.0,54.0,70.0,70.0,1929.0,1258.0,0.0,7.2
