step,tokens,lr_mult,loss,grad_norm,value_grad_norm,tok_s
10,327680,0.018518518518518517,10.795816040039062,6.456847381591797,0.009401124715805054,66986
20,655360,0.037037037037037035,10.3710205078125,3.3979663848876953,0.00555095225572586,72627
30,983040,0.05555555555555555,10.117015075683593,2.0722681045532227,0.004814570397138595,72335
40,1310720,0.07407407407407407,9.830958557128906,2.560118293762207,0.006927233934402466,72518
50,1638400,0.09259259259259259,9.460404968261718,2.2445497512817383,0.004787156730890274,72669
60,1966080,0.1111111111111111,9.181776428222657,1.8581724166870117,0.0026462920010089873,73001
70,2293760,0.12962962962962962,8.910862731933594,1.7968940734863281,0.0019521694630384445,73198
80,2621440,0.14814814814814814,8.621246337890625,1.6475675582885743,0.0016778083518147469,73224
90,2949120,0.16666666666666666,8.300992584228515,1.5970858573913573,0.0016680637374520302,73226
100,3276800,0.18518518518518517,7.982130432128907,1.5786914825439453,0.0018177317455410958,73170
110,3604480,0.2037037037037037,7.709626770019531,1.4768074989318847,0.001970172114670277,73155
120,3932160,0.2222222222222222,7.431588745117187,1.3175498962402343,0.0019892584532499313,73231
130,4259840,0.24074074074074073,7.1432746887207035,1.0962274551391602,0.002026978135108948,73213
140,4587520,0.25925925925925924,6.967734527587891,0.894318675994873,0.0022846689447760583,73139
150,4915200,0.2777777777777778,6.818270111083985,0.8009723663330078,0.0027664564549922943,73090
160,5242880,0.2962962962962963,6.675713348388672,0.6992244243621826,0.0028644075617194177,73102
170,5570560,0.3148148148148148,6.593869018554687,0.795047378540039,0.0034620024263858793,73010
180,5898240,0.3333333333333333,6.496595764160157,0.7423277378082276,0.00359431654214859,72953
190,6225920,0.35185185185185186,6.428548431396484,0.6679788589477539,0.0036679890006780626,72972
200,6553600,0.37037037037037035,6.352114868164063,0.8264967918395996,0.004271088913083076,72928
210,6881280,0.3888888888888889,6.309073638916016,0.8454985618591309,0.004671831429004669,72907
220,7208960,0.4074074074074074,6.231554794311523,0.7860790252685547,0.004696668684482574,72916
230,7536640,0.42592592592592593,6.198169326782226,0.752819013595581,0.0049273155629634855,72900
240,7864320,0.4444444444444444,6.116904449462891,0.7006049156188965,0.004943417385220528,72856
250,8192000,0.46296296296296297,6.0646320343017575,0.8110977172851562,0.005629322305321693,72800
260,8519680,0.48148148148148145,6.038504028320313,0.8099934577941894,0.005859721451997757,72805
270,8847360,0.5,5.938253402709961,0.8504573822021484,0.006095945090055466,72824
280,9175040,0.5185185185185185,5.920327758789062,0.8320450782775879,0.006541895121335984,72780
290,9502720,0.5370370370370371,5.870587158203125,0.794250774383545,0.006542268395423889,72759
300,9830400,0.5555555555555556,5.824689102172852,0.8007851600646972,0.00691201463341713,72734
310,10158080,0.5740740740740741,5.785064315795898,0.7907110691070557,0.007108129560947418,72723
320,10485760,0.5925925925925926,5.732583236694336,0.7797692298889161,0.007136561721563339,72693
330,10813440,0.6111111111111112,5.71660270690918,0.8276748657226562,0.007552877068519592,72746
340,11141120,0.6296296296296297,5.682721328735352,0.8260017395019531,0.007795116305351258,72723
350,11468800,0.6481481481481481,5.636700057983399,0.8130577087402344,0.007842034101486206,72745
360,11796480,0.6666666666666666,5.6146808624267575,0.8187031745910645,0.007855315506458283,72691
370,12124160,0.6851851851851852,5.5975898742675785,0.735304594039917,0.007805886864662171,72691
380,12451840,0.7037037037037037,5.520694351196289,0.8286149978637696,0.008272239565849304,72682
390,12779520,0.7222222222222222,5.495236587524414,0.7795041084289551,0.007944317907094956,72706
400,13107200,0.7407407407407407,5.482568359375,0.8250535011291504,0.008473070710897446,72684
410,13434880,0.7592592592592593,5.439822387695313,0.7427657604217529,0.00824289321899414,72684
420,13762560,0.7777777777777778,5.4213722229003904,0.7640986442565918,0.008406682312488556,72657
430,14090240,0.7962962962962963,5.408458709716797,0.7612038135528565,0.008469218760728836,72639
440,14417920,0.8148148148148148,5.3291473388671875,0.8073920249938965,0.008839779347181321,72646
450,14745600,0.8333333333333334,5.310932159423828,0.7336799144744873,0.008541496098041534,72678
460,15073280,0.8518518518518519,5.310514831542969,0.7025978088378906,0.008232837170362472,72656
470,15400960,0.8703703703703703,5.2675224304199215,0.7803670406341553,0.008752202242612838,72657
480,15728640,0.8888888888888888,5.282919311523438,0.7542198657989502,0.008705813437700272,72658
490,16056320,0.9074074074074074,5.216803741455078,0.722849178314209,0.008899340033531189,72583
500,16384000,0.9259259259259259,5.172031402587891,0.7180937767028809,0.00877646505832672,72583
510,16711680,0.9444444444444444,5.209838485717773,0.7024547576904296,0.008817659318447113,72597
520,17039360,0.9629629629629629,5.172758865356445,0.7125089645385743,0.00880529060959816,72610
530,17367040,0.9814814814814815,5.12744140625,0.6630131244659424,0.008601927757263183,72625
540,17694720,1.0,5.12144660949707,0.7204658508300781,0.009085027873516083,72627
550,18022400,0.9999982912745576,5.124046707153321,0.6886958122253418,0.008736777305603027,72614
560,18350080,0.9999923845859849,5.108813095092773,0.6790882587432862,0.008825035393238067,72593
570,18677760,0.9999822588942721,5.065425109863281,0.6751034736633301,0.008919408917427063,72571
580,19005440,0.999967914294355,5.045656967163086,0.6316059589385986,0.008763956278562546,72583
590,19333120,0.9999493509207248,5.000439834594727,0.6758824825286865,0.009000974893569946,72599
600,19660800,0.9999265689474259,5.01495132446289,0.6417285442352295,0.008940987288951874,72576
610,19988480,0.9998995685880564,4.96900749206543,0.6284748077392578,0.00875086784362793,72533
620,20316160,0.9998683500957637,4.993371963500977,0.6211188793182373,0.008863623440265655,72548
630,20643840,0.9998329137632439,4.935689544677734,0.8750406265258789,0.010046346485614777,72504
640,20971520,0.9997932599227379,4.925522994995117,0.6473639488220215,0.009131091088056565,72521
650,21299200,0.9997493889460295,4.872518157958984,0.5936250209808349,0.008738783746957779,72509
660,21626880,0.9997013012444405,4.903311157226563,0.5964435577392578,0.008994805067777634,72480
670,21954560,0.9996489972688276,4.866423416137695,0.6011541366577149,0.009031502902507782,72487
680,22282240,0.9995924775095786,4.841026687622071,0.598372220993042,0.009212696552276611,72472
690,22609920,0.9995317424966069,4.9056243896484375,0.6135082721710206,0.009076113998889922,72469
700,22937600,0.9994667927993469,4.833278656005859,0.6301835060119629,0.00917063131928444,72474
710,23265280,0.9993976290267491,4.821688461303711,0.6549348354339599,0.009597745537757874,72441
720,23592960,0.9993242518272736,4.795250701904297,0.6044061660766602,0.009339905530214309,72428
730,23920640,0.9992466618888847,4.7971641540527346,0.5815951347351074,0.009406421333551407,72455
740,24248320,0.9991648599390438,4.7643180847167965,0.5792580604553222,0.009373008459806442,72457
750,24576000,0.9990788467447033,4.777685546875,0.5987792491912842,0.009609192609786987,72459
760,24903680,0.998988623112299,4.78956298828125,0.5727886199951172,0.009540266543626785,72417
770,25231360,0.9988941898877425,4.746759033203125,0.5614059448242188,0.009544402360916138,72426
780,25559040,0.9987955479564131,4.720260238647461,0.5614873886108398,0.009531117230653762,72391
790,25886720,0.9986926982431505,4.707376861572266,0.57747802734375,0.009637029469013214,72414
800,26214400,0.9985856417122446,4.705516815185547,0.6579270362854004,0.009595495462417603,72394
810,26542080,0.9984743793674279,4.704605484008789,0.6983370780944824,0.00979459136724472,72380
820,26869760,0.9983589122518649,4.67926254272461,0.582674217224121,0.009796293079853058,72361
830,27197440,0.9982392414481429,4.666423416137695,0.5862511157989502,0.010074639320373535,72315
840,27525120,0.9981153680782624,4.667709732055664,0.5654135704040527,0.00980115607380867,72401
850,27852800,0.9979872933036253,4.6364082336425785,0.5593290328979492,0.010031720995903015,72320
860,28180480,0.9978550183250252,4.626308822631836,0.5364928722381592,0.00986928716301918,72329
870,28508160,0.9977185443826352,4.63394775390625,0.5707032203674316,0.010223273932933808,72323
880,28835840,0.997577872755997,4.61292724609375,0.5498409748077393,0.010181065648794174,72303
890,29163520,0.9974330047640086,4.567076873779297,0.5548392295837402,0.010048848390579224,72393
900,29491200,0.997283941764912,4.600609588623047,0.5472126483917237,0.010283777117729187,72304
910,29818880,0.9971306851562801,4.537004089355468,0.5474591732025147,0.010102358460426331,72291
920,30146560,0.9969732363750042,4.554029083251953,0.5562784671783447,0.010484136641025543,72268
930,30474240,0.9968115968972803,4.529552459716797,0.5356928825378418,0.010162507742643356,72279
940,30801920,0.996645768238595,4.5831047058105465,0.5577886581420899,0.01065027192234993,72249
950,31129600,0.9964757519537114,4.509446716308593,0.5466966152191162,0.010456322133541108,72266
960,31457280,0.9963015496366552,4.560434722900391,0.5597753047943115,0.010736164450645447,72243
970,31784960,0.9961231629206984,4.5344078063964846,0.5333422183990478,0.010290240496397018,72246
980,32112640,0.9959405934783451,4.507752227783203,0.5326132297515869,0.010702812671661377,72230
990,32440320,0.9957538430213158,4.487374114990234,0.5424810886383057,0.010941887646913529,72228
1000,32768000,0.9955629133005303,4.499930953979492,0.5392761707305909,0.010781855881214141,72261
1010,33095680,0.9953678061060928,4.50512466430664,0.560669994354248,0.010806263238191605,72260
1020,33423360,0.9951685232672738,4.463410186767578,0.5502213954925537,0.010963211208581925,72234
1030,33751040,0.9949650666524937,4.4970550537109375,0.5443795204162598,0.011083394289016724,72216
1040,34078720,0.9947574381693048,4.442494583129883,0.5383214950561523,0.011118394136428834,72179
1050,34406400,0.9945456397643743,4.432992172241211,0.5304051876068115,0.010930572450160981,72117
1060,34734080,0.9943296734234646,4.461479187011719,0.548011302947998,0.011159837990999222,72166
1070,35061760,0.994109541171416,4.427560424804687,0.5449302196502686,0.011280572414398194,72193
1080,35389440,0.993885245072127,4.422677612304687,0.5317922115325928,0.011306307464838027,72100
1090,35717120,0.9936567872285358,4.376961517333984,0.5239570140838623,0.011144737899303436,72189
1100,36044800,0.9934241697825988,4.372942733764648,0.5410947799682617,0.011450938135385513,72134
1110,36372480,0.9931873949152726,4.388378524780274,0.5312159538269043,0.011398665606975555,72196
1120,36700160,0.9929464648464924,4.3981578826904295,0.5207687377929687,0.011431422829627991,72151
1130,37027840,0.9927013818351514,4.365100860595703,0.5191133499145508,0.011399482935667038,72149
1140,37355520,0.9924521481790796,4.377145385742187,0.5391939163208008,0.011416488885879516,72135
1150,37683200,0.9921987662150219,4.366699981689453,0.5326781749725342,0.011638032644987107,72167
1160,38010880,0.9919412383186172,4.334937667846679,0.5311472892761231,0.011519911140203476,72158
1170,38338560,0.9916795669043754,4.352239608764648,0.5234199047088623,0.011652900278568268,72140
1180,38666240,0.9914137544256545,4.376979827880859,0.5317438125610352,0.01170792281627655,72134
1190,38993920,0.9911438033746384,4.29403076171875,0.6121368885040284,0.01190098151564598,72154
1200,39321600,0.9908697162823128,4.380310440063477,0.5301976203918457,0.011589199304580688,72145
1210,39649280,0.9905914957184417,4.307879638671875,0.5456192493438721,0.011833634972572327,72117
1220,39976960,0.9903091442915438,4.24992561340332,0.5285772323608399,0.011705069243907929,72130
1230,40304640,0.9900226646488671,4.301522445678711,0.511529016494751,0.011689420044422149,72107
1240,40632320,0.9897320594763651,4.2357322692871096,0.515413475036621,0.011700986325740815,72109
1250,40960000,0.9894373314986707,4.27183952331543,0.5248957633972168,0.011738170683383942,72078
1260,41287680,0.9891384834790714,4.246023941040039,0.520442008972168,0.01201212704181671,72063
1270,41615360,0.9888355182194829,4.242561721801758,0.523094654083252,0.011821071058511734,72090
1280,41943040,0.9885284385604228,4.246378707885742,0.510212755203247,0.01184375137090683,72040
1290,42270720,0.9882172473809846,4.23840217590332,0.5299787044525146,0.011867272853851318,72106
1300,42598400,0.98790194759881,4.2036689758300785,0.5151554584503174,0.011953378468751908,72036
1310,42926080,0.9875825421700617,4.231527328491211,0.5267726421356201,0.012113843858242036,72116
1320,43253760,0.9872590340893962,4.218992614746094,0.506743335723877,0.01188027262687683,72119
1330,43581440,0.9869314263899347,4.168536376953125,0.4978951454162598,0.01179758831858635,72122
1340,43909120,0.986599722143236,4.187811279296875,0.5011159420013428,0.011936751008033753,72123
1350,44236800,0.9862639244592665,4.189126586914062,0.5072205066680908,0.012119780480861663,72098
1360,44564480,0.9859240364863717,4.187950515747071,0.5079386711120606,0.01211528480052948,72073
1370,44892160,0.9855800614112464,4.136030578613282,0.5135363101959228,0.012380492687225342,72073
1380,45219840,0.9852320024589052,4.148881149291992,0.503554391860962,0.012270823121070862,72059
1390,45547520,0.9848798628926516,4.103133010864258,0.4993735790252686,0.012064259499311447,72037
1400,45875200,0.984523646014048,4.134302139282227,0.5111898899078369,0.012279176712036132,72096
1410,46202880,0.9841633551628844,4.157070541381836,0.5102686405181884,0.012422632426023483,72069
1420,46530560,0.983798993717148,4.161933898925781,0.49250068664550783,0.01201334223151207,72046
1430,46858240,0.9834305650929893,4.156417465209961,0.4938372611999512,0.012163201719522477,72022
1440,47185920,0.983058072744693,4.118563842773438,0.5014632701873779,0.012269841879606247,72029
1450,47513600,0.9826815201646432,4.095879745483399,0.49042181968688964,0.012199045717716217,71996
1460,47841280,0.982300910883292,4.08865966796875,0.49743051528930665,0.012489651888608932,71990
1470,48168960,0.9819162484691257,4.1515148162841795,0.5089414596557618,0.012380971014499665,71974
1480,48496640,0.9815275365286322,4.111306762695312,0.5003535747528076,0.012453602254390716,71947
1490,48824320,0.9811347787062661,4.099095153808594,0.5030218124389648,0.01250550001859665,71946
1500,49152000,0.9807379786844153,4.1183021545410154,0.49448466300964355,0.012450232356786727,71983
1510,49479680,0.980337140183366,4.090216445922851,0.5033843040466308,0.012436632812023164,72001
1520,49807360,0.9799322669612684,4.068071746826172,0.5059223651885987,0.012411697208881379,71960
1530,50135040,0.9795233628141009,4.081768035888672,0.4865830421447754,0.012392736971378326,71977
1540,50462720,0.9791104315756348,4.0134632110595705,0.4898689746856689,0.012518799304962159,71976
1550,50790400,0.9786934771173983,4.0929817199707035,0.4862171173095703,0.012400227040052414,71978
1560,51118080,0.9782725033486401,4.054399490356445,0.49331841468811033,0.012852443754673004,71962
1570,51445760,0.977847514216293,4.086511611938477,0.49860620498657227,0.012593582272529602,72011
1580,51773440,0.9774185137049364,4.104519653320312,0.4921515941619873,0.012445004284381866,71982
1590,52101120,0.9769855058367597,4.030925369262695,0.4906320095062256,0.012637324631214142,71991
1600,52428800,0.9765484946715238,4.075537872314453,0.4940822601318359,0.012819711863994599,71974
1610,52756480,0.9761074843065236,4.049317932128906,0.4888286590576172,0.012629885971546174,71944
1620,53084160,0.9756624788765493,4.019378662109375,0.47562522888183595,0.012501753866672516,71930
1630,53411840,0.975213482553848,3.9837574005126952,0.48561701774597166,0.012783834338188171,71994
1640,53739520,0.9747604995480836,4.008371353149414,0.48679146766662595,0.01271023005247116,72016
1650,54067200,0.9743035341062987,4.0111137390136715,0.4904013633728027,0.012741382420063018,71994
1660,54394880,0.9738425905128739,3.977614974975586,0.4903261661529541,0.012642255425453186,71984
1670,54722560,0.9733776730894877,4.001658248901367,0.47841310501098633,0.012759719789028168,71965
1680,55050240,0.9729087861950766,3.9796268463134767,0.48650403022766114,0.0127693310379982,72000
1690,55377920,0.972435934225793,4.00114631652832,0.5112316131591796,0.012995588779449462,71950
1700,55705600,0.9719591216149652,3.989493560791016,0.48622841835021974,0.013073527812957763,72002
1710,56033280,0.9714783528330554,3.9802883148193358,0.4836625576019287,0.013124819099903106,71881
1720,56360960,0.9709936323876177,3.997759246826172,0.48686718940734863,0.013249345123767853,71948
1730,56688640,0.9705049648232557,3.9680614471435547,0.48514561653137206,0.013117551803588867,71957
1740,57016320,0.9700123547215803,3.978777313232422,0.4775892734527588,0.013071835041046143,71936
1750,57344000,0.9695158067011665,3.989216613769531,0.4866952419281006,0.01303313821554184,71912
1760,57671680,0.9690153254175102,3.9447296142578123,0.47938241958618166,0.012944696843624115,71917
1770,57999360,0.9685109155629843,3.9953418731689454,0.47591519355773926,0.01327817440032959,71915
1780,58327040,0.9680025818667949,3.9578495025634766,0.4741965770721436,0.012950104475021363,71922
1790,58654720,0.9674903290949369,3.9593631744384767,0.48618149757385254,0.013000141084194183,71917
1800,58982400,0.96697416205015,3.966510009765625,0.49853901863098143,0.013166035711765289,71893
1810,59310080,0.9664540855718718,3.996175765991211,0.49293885231018064,0.013155889511108399,71920
1820,59637760,0.9659301045361949,3.96817626953125,0.4854928493499756,0.013072443008422852,71941
1830,59965440,0.9654022238558191,3.97242431640625,0.48965163230895997,0.013125303387641906,71940
1840,60293120,0.9648704484800066,3.9611644744873047,0.4822122097015381,0.013301169872283936,71937
1850,60620800,0.9643347833945352,3.92623291015625,0.47862653732299804,0.013192637264728546,71938
1860,60948480,0.9637952336216511,3.937968063354492,0.48329720497131345,0.013328100740909576,71913
1870,61276160,0.9632518042200229,3.92137451171875,0.48395843505859376,0.013232634961605072,71927
1880,61603840,0.9627045002846928,3.962326431274414,0.49541897773742677,0.01337846666574478,71988
1890,61931520,0.96215332694703,3.911910629272461,0.4800769329071045,0.013104474544525147,71990
1900,62259200,0.9615982893746823,3.9365867614746093,0.48388872146606443,0.01306602954864502,72003
1910,62586880,0.9610393927715268,3.8822498321533203,0.4889481544494629,0.013558684289455414,72025
1920,62914560,0.9604766423776228,3.947260284423828,0.47554788589477537,0.01332046091556549,72001
1930,63242240,0.9599100434691605,4.001576995849609,0.48003454208374025,0.01329217255115509,72001
1940,63569920,0.9593396013584137,3.890945816040039,0.48068509101867674,0.013338039815425872,72005
1950,63897600,0.9587653213936885,3.856451416015625,0.48453121185302733,0.013445542752742767,71967
1960,64225280,0.9581872089592738,3.8941509246826174,0.4875496864318848,0.013469633460044862,71883
1970,64552960,0.9576052694753903,3.9081871032714846,0.47951531410217285,0.013252685964107513,71934
1980,64880640,0.9570195083981407,3.931498336791992,0.4845131874084473,0.013405446708202363,71922
1990,65208320,0.9564299312194574,3.867311477661133,0.4773550987243652,0.013637809455394745,71964
2000,65536000,0.9558365434670516,3.9081661224365236,0.4778602123260498,0.013510701060295106,72031
2010,65863680,0.9552393507043617,3.8468017578125,0.4812768459320068,0.013192236423492432,72009
2020,66191360,0.9546383585305002,3.9020336151123045,0.48378958702087405,0.013532403111457824,71974
2030,66519040,0.9540335725802023,3.8984188079833983,0.4798453330993652,0.013653144240379333,71985
2040,66846720,0.9534249985237726,3.8992271423339844,0.47274603843688967,0.013394035398960114,71964
2050,67174400,0.9528126420670315,3.9248619079589844,0.47871150970458987,0.01338113695383072,72025
2060,67502080,0.9521965089512627,3.8864192962646484,0.4756136894226074,0.01345880627632141,72024
2070,67829760,0.9515766049531583,3.8512298583984377,0.4903850555419922,0.013841275870800019,72018
2080,68157440,0.9509529358847655,3.9156166076660157,0.4823932647705078,0.013375318050384522,72036
2090,68485120,0.9503255075934316,3.901380157470703,0.47983250617980955,0.013506045937538147,72044
2100,68812800,0.9496943259617492,3.8677417755126955,0.4817803382873535,0.013694602251052856,72011
2110,69140480,0.9490593969075014,3.8330333709716795,0.4775865077972412,0.01350405067205429,72052
2120,69468160,0.948420726383606,3.868952178955078,0.4801656723022461,0.013646842539310455,72048
2130,69795840,0.9477783203780596,3.854930114746094,0.46935396194458007,0.01386052519083023,72097
2140,70123520,0.9471321849138822,3.8586475372314455,0.47556195259094236,0.01361890584230423,72037
2150,70451200,0.9464823260490595,3.866627502441406,0.4735844612121582,0.013537363708019256,72127
2160,70778880,0.9458287498764869,3.8840309143066407,0.48829197883605957,0.013661795854568481,72073
2170,71106560,0.9451714625239126,3.8100013732910156,0.4809840202331543,0.013775768876075744,72025
2180,71434240,0.9445104701538795,3.824252700805664,0.47234582901000977,0.013781784474849701,72043
2190,71761920,0.9438457789636678,3.756083679199219,0.47259836196899413,0.013888286054134369,72055
2200,72089600,0.9431773951852368,3.868153381347656,0.4837675094604492,0.013572664558887481,71990
2210,72417280,0.9425053250851664,3.857801818847656,0.4845399856567383,0.013875851035118103,72041
2220,72744960,0.9418295749645985,3.83831672668457,0.4762458324432373,0.013920864462852478,72011
2230,73072640,0.9411501511591778,3.8040367126464845,0.478821849822998,0.014099003374576568,72044
2240,73400320,0.9404670600389926,3.77012939453125,0.4804551124572754,0.013883870840072633,72041
2250,73728000,0.9397803080085146,3.817540740966797,0.4841588020324707,0.01391986608505249,72063
2260,74055680,0.9390899015065397,3.8496036529541016,0.4860083103179932,0.013747254014015197,72042
2270,74383360,0.9383958470061263,3.8287548065185546,0.4810959815979004,0.013791027665138244,72054
2280,74711040,0.9376981510145364,3.8184993743896483,0.4782862663269043,0.01403602510690689,72014
2290,75038720,0.9369968200731726,3.849176788330078,0.4997035026550293,0.013987009227275849,72095
2300,75366400,0.9362918607575188,3.8072986602783203,0.47768735885620117,0.013846050202846526,72044
2310,75694080,0.9355832796770766,3.801844024658203,0.4646913051605225,0.01393616795539856,72042
2320,76021760,0.9348710834753048,3.7855316162109376,0.47061781883239745,0.014010389149188996,71998
2330,76349440,0.9341552788295563,3.782261276245117,0.46770634651184084,0.014000067114830017,71978
2340,76677120,0.9334358724510162,3.824797439575195,0.4909322738647461,0.014001065492630005,72070
2350,77004800,0.9327128710846379,3.7438793182373047,0.48181748390197754,0.014080339670181274,72084
2360,77332480,0.9319862815090807,3.766950225830078,0.4797954082489014,0.013842873275279999,72029
2370,77660160,0.9312561105366457,3.823888397216797,0.4907205104827881,0.014177779853343963,72087
2380,77987840,0.9305223650132127,3.733895492553711,0.4688666820526123,0.014227598905563354,72006
2390,78315520,0.929785051818175,3.7945762634277345,0.4769114971160889,0.014070045948028565,72022
2400,78643200,0.9290441778643755,3.7730758666992186,0.48053641319274903,0.014224131405353547,72278
2410,78970880,0.928299750098042,3.7924922943115233,0.47327389717102053,0.014026950299739837,72303
2420,79298560,0.9275517754987215,3.7845226287841798,0.48529777526855467,0.01423393189907074,72235
2430,79626240,0.9268002610792152,3.7854892730712892,0.47487668991088866,0.01406666487455368,71984
2440,79953920,0.9260452138855131,3.7971435546875,0.4733086109161377,0.013876309990882874,72009
2450,80281600,0.9252866409967271,3.8704883575439455,0.4945487976074219,0.014171825349330902,72020
2460,80609280,0.924524549525025,3.7772361755371096,0.4672863960266113,0.014011529088020325,72061
2470,80936960,0.923758946615564,3.785065841674805,0.4822685241699219,0.014296060800552369,71974
2480,81264640,0.9229898394464237,3.8057228088378907,0.48436532020568845,0.01446118950843811,71975
2490,81592320,0.922217235228538,3.748301696777344,0.4868505001068115,0.014457044005393983,72055
2500,81920000,0.9214411412056294,3.764743423461914,0.47702527046203613,0.014054971933364867,72037
2510,82247680,0.9206615646541384,3.7113006591796873,0.4751091957092285,0.01445237398147583,72002
2520,82575360,0.9198785128831577,3.8023704528808593,0.4865581035614014,0.014279280602931977,71977
2530,82903040,0.9190919932343625,3.7378971099853517,0.48144378662109377,0.01419323980808258,72166
2540,83230720,0.9183020130819415,3.7316768646240233,0.4740330696105957,0.014309775829315186,72242
2550,83558400,0.9175085798325283,3.7882598876953124,0.477125883102417,0.014290714263916015,72242
2560,83886080,0.9167117009251322,3.749993896484375,0.46895809173583985,0.014354093372821808,72049
2570,84213760,0.9159113838310676,3.750977325439453,0.4856091022491455,0.014358678460121154,72018
2580,84541440,0.9151076360538841,3.772167205810547,0.47928805351257325,0.014482209086418152,72003
2590,84869120,0.9143004651292971,3.740674591064453,0.4688018798828125,0.014244908094406128,72015
2600,85196800,0.913489878625116,3.7389942169189454,0.47913341522216796,0.014239284396171569,71960
2610,85524480,0.912675884141174,3.773701858520508,0.48212037086486814,0.014149592816829681,72013
2620,85852160,0.9118584893092562,3.7192989349365235,0.47383723258972166,0.01424739807844162,71979
2630,86179840,0.9110377017930288,3.732263946533203,0.47670745849609375,0.014475291967391968,72035
2640,86507520,0.9102135292879667,3.714186096191406,0.9906984329223633,0.014914084970951081,72003
2650,86835200,0.9093859795212818,3.7312881469726564,0.49802703857421876,0.014288322627544403,71999
2660,87162880,0.9085550602518495,3.7199787139892577,0.47848072052001955,0.014577466249465942,71975
2670,87490560,0.9077207792701376,3.722528839111328,0.49356985092163086,0.014281080663204193,72017
2680,87818240,0.9068831443981318,3.7286895751953124,0.48493432998657227,0.01466647833585739,71967
2690,88145920,0.9060421634892631,3.7412017822265624,0.4752190589904785,0.014369235932826996,71995
2700,88473600,0.9051978444283342,3.7184497833251955,0.48889780044555664,0.014616400003433228,72016
2710,88801280,0.9043501951314451,3.7205249786376955,0.48140802383422854,0.01481737345457077,72070
2720,89128960,0.9034992235459193,3.7040473937988283,0.48194398880004885,0.014329759776592255,72001
2730,89456640,0.9026449376502291,3.7025688171386717,0.5170947074890136,0.014520922303199768,71967
2740,89784320,0.9017873454539209,3.719224548339844,0.4728389739990234,0.014065007865428924,72006
2750,90112000,0.9009264549975401,3.76197509765625,0.48225975036621094,0.014680635929107667,72017
2760,90439680,0.9000622743525556,3.6843101501464846,0.47137041091918946,0.014741890132427216,71920
2770,90767360,0.899194811621284,3.722225570678711,0.4790083885192871,0.014554043114185334,72035
2780,91095040,0.8983240749368143,3.683431625366211,0.47786760330200195,0.014419028162956237,72044
2790,91422720,0.8974500724629308,3.7157352447509764,0.4736777782440186,0.014541015028953552,71940
2800,91750400,0.896572812394037,3.6725143432617187,0.47588071823120115,0.014808590710163116,71988
2810,92078080,0.8956923029550786,3.6863887786865233,0.4755678176879883,0.014822639524936676,71978
2820,92405760,0.8948085524014668,3.6909637451171875,0.4893230438232422,0.014766712486743928,71999
2830,92733440,0.8939215690190004,3.6856990814208985,0.48068413734436033,0.014526543021202088,71981
2840,93061120,0.8930313611237881,3.6969642639160156,0.47570600509643557,0.014556652307510376,71984
2850,93388800,0.892137937062171,3.6883255004882813,0.4731949806213379,0.014784376323223113,71970
2860,93716480,0.8912413052106443,3.6761226654052734,0.4823915958404541,0.014710679650306702,71965
2870,94044160,0.890341473975778,3.6970924377441405,0.48541908264160155,0.01484117954969406,71976
2880,94371840,0.8894384517941388,3.7263229370117186,0.47944087982177735,0.014539735019207,71962
2890,94699520,0.8885322471322111,3.694766616821289,0.4845792293548584,0.01473514586687088,71973
2900,95027200,0.8876228684863171,3.7169368743896483,0.48797607421875,0.014638231694698333,72190
2910,95354880,0.8867103243825375,3.6674957275390625,0.47934637069702146,0.014570808410644532,72192
2920,95682560,0.8857946233766313,3.6399581909179686,0.48889827728271484,0.014879165589809418,72036
2930,96010240,0.8848757740539559,3.675465774536133,0.48189210891723633,0.014769196510314941,71872
2940,96337920,0.8839537850293865,3.730371856689453,0.47471184730529786,0.01458873450756073,71940
2950,96665600,0.8830286649472348,3.6857730865478517,0.47516255378723143,0.014671781659126281,71905
2960,96993280,0.882100422481169,3.7023738861083983,0.4755467414855957,0.014772436022758484,71916
2970,97320960,0.8811690663341317,3.662484359741211,0.47919178009033203,0.014890661835670472,71902
2980,97648640,0.8802346052382582,3.6706912994384764,0.4753533363342285,0.014710904657840728,71874
2990,97976320,0.8792970479547958,3.683195114135742,0.4777377128601074,0.014818024635314942,71964
3000,98304000,0.8783564032740195,3.6870754241943358,0.48903555870056153,0.014806197583675384,71960
3010,98631680,0.877412680015152,3.7108623504638674,0.4913167953491211,0.014827665686607362,71971
3020,98959360,0.8764658870262793,3.6483802795410156,0.4807244300842285,0.014911600947380066,71945
3030,99287040,0.8755160331842685,3.6560043334960937,0.47551164627075193,0.014717902243137359,71939
3040,99614720,0.8745631273946847,3.6310375213623045,0.4697396278381348,0.014917913079261779,71901
3050,99942400,0.8736071785917066,3.6550621032714843,0.47402348518371584,0.01493348628282547,71929
3060,100270080,0.8726481957380435,3.624686050415039,0.4752377510070801,0.015039503574371338,71948
3070,100597760,0.8716861878248516,3.673300933837891,0.4857752323150635,0.014902700483798981,71973
3080,100925440,0.8707211638716489,3.6870487213134764,0.48232388496398926,0.014823205769062042,71925
3090,101253120,0.8697531329262307,3.6654457092285155,0.4773885726928711,0.014926926791667938,71941
3100,101580800,0.8687821040645854,3.6399356842041017,0.4824664115905762,0.015158584713935852,71948
3110,101908480,0.8678080863908089,3.6299678802490236,0.4764564990997314,0.01496112197637558,71936
3120,102236160,0.8668310890370192,3.6352378845214846,0.48680830001831055,0.014869515597820283,71914
3130,102563840,0.8658511211632715,3.682143783569336,0.4756775379180908,0.01497194916009903,71922
3140,102891520,0.8648681919574708,3.6498336791992188,0.4724111557006836,0.014805437624454498,72004
3150,103219200,0.8638823106352876,3.643707275390625,0.4746097087860107,0.015049362182617187,71910
3160,103546880,0.8628934864400705,3.6547256469726563,0.48140912055969237,0.015040552616119385,71930
3170,103874560,0.861901728642759,3.6537899017333983,0.47129206657409667,0.01472805142402649,71942
3180,104202240,0.8609070465417982,3.6158653259277345,0.47626585960388185,0.014887788891792297,71930
3190,104529920,0.8599094494630499,3.6815139770507814,0.4884624004364014,0.015114982426166535,71894
3200,104857600,0.858908946759706,3.6647903442382814,0.4847527027130127,0.015053832530975341,71922
3210,105185280,0.8579055478122014,3.6321216583251954,0.4863719940185547,0.015250736474990844,71966
3220,105512960,0.8568992620281244,3.6325740814208984,0.4863912105560303,0.015105083584785461,71944
3230,105840640,0.8558900988421302,3.673666763305664,0.487369966506958,0.014906586706638336,71952
3240,106168320,0.8548780677158514,3.636882019042969,0.48139567375183107,0.015102623403072358,71960
3250,106496000,0.8538631781378098,3.626079559326172,0.48146686553955076,0.014990979433059692,71941
3260,106823680,0.8528454396233269,3.6841922760009767,0.49013290405273435,0.014873436093330384,71905
3270,107151360,0.8518248617144356,3.623724365234375,0.4832395076751709,0.015211033821105956,71938
3280,107479040,0.8508014539797896,3.5874839782714845,0.48789277076721194,0.015298061072826385,71970
3290,107806720,0.8497752260145746,3.6266624450683596,0.4878549575805664,0.015152353048324584,71933
3300,108134400,0.8487461874404177,3.616182327270508,0.47759714126586916,0.014936168491840363,71959
3310,108462080,0.8477143479052979,3.5950847625732423,0.4756906509399414,0.015147094428539277,71914
3320,108789760,0.846679717083455,3.647207260131836,0.4750422477722168,0.015109403431415558,71873
3330,109117440,0.845642304675299,3.6321743011474608,0.47867770195007325,0.015142317116260528,71911
3340,109445120,0.8446021204073193,3.5980926513671876,0.48310103416442873,0.015307700634002686,71864
3350,109772800,0.8435591740319939,3.6535869598388673,0.47814116477966306,0.014975351095199586,71961
3360,110100480,0.842513475327697,3.599995803833008,0.4824954032897949,0.015293614566326141,71927
3370,110428160,0.8414650340986083,3.6522632598876954,0.48011255264282227,0.015055523812770843,71965
3380,110755840,0.8404138601746204,3.6086448669433593,0.4830929279327393,0.01536027193069458,71939
3390,111083520,0.8393599634112467,3.624776077270508,0.4843555450439453,0.01522001326084137,71938
3400,111411200,0.8383033536895299,3.6282779693603517,0.4924319744110107,0.015418867766857147,71923
3410,111738880,0.8372440409159477,3.611048126220703,0.4782355785369873,0.01514168530702591,71899
3420,112066560,0.8361820350223216,3.5930423736572266,0.4859946250915527,0.015186169743537902,71926
3430,112394240,0.8351173459657227,3.6585163116455077,0.48839626312255857,0.015200310945510864,71927
3440,112721920,0.8340499837283787,3.6543521881103516,0.48641386032104494,0.01537056714296341,71916
3450,113049600,0.8329799583175806,3.6066749572753904,0.47787861824035643,0.01525903046131134,71915
3460,113377280,0.831907279765588,3.5844467163085936,0.4903665065765381,0.015438379347324371,71911
3470,113704960,0.8308319581295361,3.618228530883789,0.48350820541381834,0.01510956883430481,71897
3480,114032640,0.8297540034913407,3.605172348022461,0.49137001037597655,0.015498104691505431,71870
3490,114360320,0.8286734259576041,3.532809829711914,0.49001379013061525,0.015501496195793153,71944
3500,114688000,0.8275902356595198,3.6158893585205076,0.4807985782623291,0.015379293262958527,71944
3510,115015680,0.8265044427527782,3.6417892456054686,0.47948627471923827,0.015239028632640839,71893
3520,115343360,0.8254160574174707,3.6063438415527345,0.47756338119506836,0.015342077612876892,71872
3530,115671040,0.824325089857995,3.590922546386719,0.4818276405334473,0.015284919738769531,71886
3540,115998720,0.8232315503029586,3.624164581298828,0.48644771575927737,0.015369848906993866,71869
3550,116326400,0.8221354490050835,3.576541519165039,0.4778726577758789,0.015414190292358399,71905
3560,116654080,0.8210367962411099,3.611526870727539,0.4934982776641846,0.01550430953502655,71857
3570,116981760,0.8199356023116999,3.6100292205810547,0.48741302490234373,0.015562094748020172,71872
3580,117309440,0.8188318775413406,3.5638256072998047,0.4814760684967041,0.015387491881847381,71894
3590,117637120,0.8177256322782479,3.5866634368896486,0.47597460746765136,0.015274137258529663,72130
3600,117964800,0.8166168768942689,3.6290306091308593,0.484743070602417,0.015327070653438569,71925
3610,118292480,0.8155056217847848,3.536054229736328,0.4829126834869385,0.015664759278297424,71863
3620,118620160,0.814391877368614,3.53441162109375,0.4899769306182861,0.015964370965957642,71872
3630,118947840,0.8132756540879134,3.5474761962890624,0.48756022453308107,0.01621909737586975,71872
3640,119275520,0.8121569624080812,3.5400569915771483,0.48392653465270996,0.016111110150814057,71873
3650,119603200,0.811035812817659,3.5296485900878904,0.48734140396118164,0.016207945346832276,71962
3660,119930880,0.8099122158282326,3.499644470214844,0.48335905075073243,0.016402892768383026,71885
3670,120258560,0.8087861819743342,3.492143249511719,0.48403396606445315,0.016187021136283876,71912
3680,120586240,0.807657721813343,3.537645721435547,0.47696690559387206,0.016005325317382812,71887
3690,120913920,0.8065268459253873,3.4801651000976563,0.48456320762634275,0.016300225257873537,71881
3700,121241600,0.8053935649132437,3.5238197326660154,0.47502694129943845,0.01642029732465744,71822
3710,121569280,0.8042578894022393,3.5112449645996096,0.4741657257080078,0.01618295758962631,71920
3720,121896960,0.803119830040151,3.4938339233398437,0.48296160697937013,0.016444285213947297,71926
3730,122224640,0.8019793974971061,3.485260009765625,0.47512497901916506,0.016484205424785615,71901
3740,122552320,0.800836602465482,3.5116920471191406,0.4917304992675781,0.016545116901397705,71929
3750,122880000,0.7996914556598066,3.527940368652344,0.48555335998535154,0.01629815697669983,71900
3760,123207680,0.7985439678166568,3.4727516174316406,0.48609604835510256,0.01645471006631851,71819
3770,123535360,0.797394149694559,3.5211231231689455,0.4898067951202393,0.016579386591911317,71850
3780,123863040,0.796242012073887,3.5223625183105467,0.48695101737976076,0.016459429264068605,71876
3790,124190720,0.7950875657567622,3.5063709259033202,0.4876821994781494,0.016493183374404908,71943
3800,124518400,0.7939308215669512,3.541737747192383,0.49131007194519044,0.01640860438346863,71929
3810,124846080,0.7927717903497652,3.5211742401123045,0.4805576324462891,0.01666828691959381,71885
3820,125173760,0.7916104829719576,3.5271778106689453,0.49686570167541505,0.01675655096769333,71895
3830,125501440,0.7904469103216227,3.506790542602539,0.48770861625671386,0.016474682092666625,71851
3840,125829120,0.7892810833080932,3.521287536621094,0.49587554931640626,0.01664610058069229,71819
3850,126156800,0.7881130128618383,3.4993247985839844,0.4930107116699219,0.01651398539543152,71874
3860,126484480,0.7869427099343606,3.5091983795166017,0.508843183517456,0.016763754189014435,71965
3870,126812160,0.7857701854980944,3.5204708099365236,0.4918067932128906,0.016659601032733916,71901
3880,127139840,0.7845954505463014,3.515187072753906,0.48441119194030763,0.016682837903499604,71917
3890,127467520,0.7834185160929696,3.4688789367675783,0.4942821979522705,0.016637523472309113,71910
3900,127795200,0.7822393931727079,3.4999313354492188,0.48820481300354,0.016815531253814697,71941
3910,128122880,0.7810580928406442,3.5049060821533202,0.4894509792327881,0.016475650668144225,71863
3920,128450560,0.779874626172321,3.467156982421875,0.48166332244873045,0.016913846135139465,71829
3930,128778240,0.7786890042635919,3.4920238494873046,0.48827762603759767,0.01670825183391571,71833
3940,129105920,0.7775012382305171,3.5020076751708986,0.4803061008453369,0.01666814982891083,71847
3950,129433600,0.7763113392092603,3.5151371002197265,0.4855369567871094,0.01657412201166153,71895
3960,129761280,0.7751193183559826,3.49377326965332,0.4873469352722168,0.016789481043815613,71993
3970,130088960,0.7739251868467393,3.519073486328125,0.4886824607849121,0.016607317328453063,72014
3980,130416640,0.7727289558773743,3.499998092651367,0.48670520782470705,0.016611990332603455,71894
3990,130744320,0.7715306366634161,3.46795654296875,0.4942757606506348,0.016782912611961364,71821
4000,131072000,0.7703302404399711,3.498386764526367,0.5077325820922851,0.016827784478664398,71875
4010,131399680,0.7691277784616201,3.5554378509521483,0.4940939903259277,0.016677498817443848,71900
4020,131727360,0.7679232620023108,3.5624195098876954,0.4935024261474609,0.01677684485912323,71892
4030,132055040,0.7667167023552541,3.498422622680664,0.497434139251709,0.016824713349342345,71877
4040,132382720,0.7655081108328167,3.519926834106445,0.4964412212371826,0.016830170154571535,71855
4050,132710400,0.7642974987664158,3.5306884765625,0.484096097946167,0.01664174795150757,71836
4060,133038080,0.7630848775064126,3.495457077026367,0.47971043586730955,0.016773690283298493,71869
4070,133365760,0.7618702584220061,3.4946971893310548,0.4877278804779053,0.0168545201420784,71910
4080,133693440,0.760653652901126,3.5550270080566406,0.49983878135681153,0.01664872616529465,71877
4090,134021120,0.7594350723503267,3.5097496032714846,0.4950709819793701,0.01680637300014496,71895
4100,134348800,0.7582145281946793,3.478697967529297,0.4875448703765869,0.016888655722141266,71886
4110,134676480,0.756992031877666,3.4923080444335937,0.5043174743652343,0.017127284407615663,71842
4120,135004160,0.7557675948610709,3.4671985626220705,0.5001916408538818,0.016879668831825255,71884
4130,135331840,0.7545412286248747,3.495235824584961,0.5070991516113281,0.01689278334379196,71850
4140,135659520,0.7533129446671448,3.489820098876953,0.4879899024963379,0.016770847141742706,71824
4150,135987200,0.7520827545039296,3.5360954284667967,0.4995976448059082,0.016830049455165863,71722
4160,136314880,0.7508506696691486,3.4857715606689452,0.495067834854126,0.016825953125953676,71861
4170,136642560,0.7496167017144862,3.4220821380615236,0.5012528419494628,0.017309153079986574,71849
4180,136970240,0.7483808622092816,3.470103073120117,0.4960004806518555,0.016948463022708894,71863
4190,137297920,0.7471431627404215,3.518305206298828,0.48939003944396975,0.016884607076644898,71899
4200,137625600,0.745903614912231,3.504352569580078,0.4939565181732178,0.017007994651794433,71881
4210,137953280,0.7446622303463651,3.455413818359375,0.4918853759765625,0.01702720522880554,71875
4220,138280960,0.7434190206816993,3.4598644256591795,0.4881552219390869,0.01727609187364578,71931
4230,138608640,0.7421739975742209,3.4759220123291015,0.490260648727417,0.017034779489040374,71914
4240,138936320,0.7409271726969192,3.4920185089111326,0.4880981922149658,0.017008358240127565,71832
4250,139264000,0.739678557739677,3.4637306213378904,0.49234461784362793,0.01709575653076172,71882
4260,139591680,0.7384281644091596,3.4664424896240233,0.4906906604766846,0.01694980710744858,71856
4270,139919360,0.7371760044287066,3.4960933685302735,0.48857831954956055,0.016903279721736907,71810
4280,140247040,0.7359220895382207,3.5157241821289062,0.4966681480407715,0.017093050479888915,71842
4290,140574720,0.7346664314940586,3.4777339935302733,0.48668761253356935,0.01691443771123886,71883
4300,140902400,0.7334090420689195,3.486411285400391,0.49578056335449217,0.017118839919567107,71888
4310,141230080,0.7321499330517367,3.5084854125976563,0.4931782245635986,0.016941748559474945,71893
4320,141557760,0.7308891162475648,3.41631965637207,0.4867380142211914,0.017085134983062744,71891
4330,141885440,0.7296266034774711,3.451207733154297,0.491286563873291,0.017165021598339082,71820
4340,142213120,0.7283624065784229,3.500376510620117,0.5010947704315185,0.01705371290445328,71855
4350,142540800,0.7270965374031781,3.4767948150634767,0.5062206268310547,0.017149536311626433,71907
4360,142868480,0.7258290078201731,3.4982242584228516,0.4964771270751953,0.017007505893707274,72071
4370,143196160,0.7245598297134122,3.45818977355957,0.4831712245941162,0.017153218388557434,72094
4380,143523840,0.7232890149823548,3.435464859008789,0.4976960182189941,0.017313800752162933,71868
4390,143851520,0.7220165755418062,3.5278705596923827,0.49980912208557127,0.017100778222084046,71778
4400,144179200,0.7207425233218033,3.480243682861328,0.49792990684509275,0.017185869812965392,71856
4410,144506880,0.7194668702675051,3.462167739868164,0.4919403553009033,0.01722438782453537,71860
4420,144834560,0.7181896283390784,3.474858856201172,0.5015617370605469,0.017089948058128357,71792
4430,145162240,0.7169108095115878,3.5196727752685546,0.49608721733093264,0.017222529649734496,71825
4440,145489920,0.7156304257748818,3.5477035522460936,0.5016508579254151,0.017082017660140992,71842
4450,145817600,0.7143484891334817,3.465790939331055,0.49198226928710936,0.017066194117069243,71828
4460,146145280,0.7130650116064676,3.486832046508789,0.5040999412536621,0.017060340940952302,71826
4470,146472960,0.7117800052273675,3.455130767822266,0.486115550994873,0.017093950510025026,71851
4480,146800640,0.7104934820440424,3.4825824737548827,0.49018163681030275,0.01701986640691757,71771
4490,147128320,0.7092054541185756,3.420254135131836,0.49735245704650877,0.017456308007240295,71847
4500,147456000,0.7079159335271571,3.4620059967041015,0.4905856132507324,0.017172475159168244,71841
4510,147783680,0.706624932359973,3.4424667358398438,0.4964470386505127,0.017191308736801147,71865
4520,148111360,0.7053324627210901,3.463888931274414,0.5041284561157227,0.017474019527435304,71826
4530,148439040,0.7040385367283435,3.4861778259277343,0.49747729301452637,0.017193564772605897,71866
4540,148766720,0.7027431665132223,3.4761234283447267,0.4994972229003906,0.017090588808059692,71816
4550,149094400,0.7014463642207569,3.504337692260742,0.5073857307434082,0.01723119765520096,71799
4560,149422080,0.7001481420094037,3.5043415069580077,0.49753241539001464,0.017253175377845764,71772
4570,149749760,0.6988485120509323,3.433167266845703,0.4914697170257568,0.016944946348667146,71804
4580,150077440,0.6975474865303111,3.4168392181396485,0.5098090648651123,0.017650802433490754,71814
4590,150405120,0.6962450776455922,3.4523143768310547,0.5036183357238769,0.01727225035429001,71858
4600,150732800,0.6949412976077985,3.4491790771484374,0.4920968532562256,0.01729103922843933,71939
4610,151060480,0.6936361586408081,3.449615478515625,0.5017252922058105,0.017364202439785002,71816
4620,151388160,0.69232967298124,3.4794452667236326,0.5081655502319335,0.01721104085445404,71836
4630,151715840,0.6910218528783397,3.452745056152344,0.49131484031677247,0.017347411811351778,71822
4640,152043520,0.6897127105938634,3.442043685913086,0.4947966575622559,0.017137551307678224,71751
4650,152371200,0.6884022584019649,3.465800094604492,0.5053297519683838,0.017484572529792786,71901
4660,152698880,0.6870905085890778,3.5046146392822264,0.4979678153991699,0.017317095398902894,71911
4670,153026560,0.6857774734538034,3.4107532501220703,0.5004383087158203,0.017194667458534242,71915
4680,153354240,0.6844631653067923,3.505155563354492,0.5216353416442872,0.01737218350172043,71915
4690,153681920,0.6831475964706318,3.4388500213623048,0.509513521194458,0.017285934090614317,71916
4700,154009600,0.6818307792797282,3.455293655395508,0.5060306072235108,0.017062780261039735,71901
4710,154337280,0.6805127260801929,3.4681541442871096,0.5020065784454346,0.01719202995300293,71861
4720,154664960,0.6791934492297244,3.410514068603516,0.4911564826965332,0.01744643449783325,71917
4730,154992640,0.6778729610974953,3.446857452392578,0.49486479759216306,0.01716344952583313,71961
4740,155320320,0.6765512740640338,3.464702606201172,0.4964637279510498,0.01739682853221893,71957
4750,155648000,0.6752284005211093,3.4296409606933596,0.5186717510223389,0.017675676941871644,71868
4760,155975680,0.673904352871615,3.4261638641357424,0.49285688400268557,0.01759667694568634,71909
4770,156303360,0.672579143529453,3.476206970214844,0.499402379989624,0.017092014849185943,71832
4780,156631040,0.6712527849194161,3.4919376373291016,0.5166303634643554,0.017239025235176085,71864
4790,156958720,0.6699252894770732,3.4390792846679688,0.4967489242553711,0.017383643984794618,71883
4800,157286400,0.6685966696486513,3.4156940460205076,0.49538865089416506,0.017423918843269347,71907
4810,157614080,0.6672669378909196,3.4532726287841795,0.49430336952209475,0.017408841848373414,71918
4820,157941760,0.6659361066710721,3.4649497985839846,0.49215354919433596,0.01737309843301773,71901
4830,158269440,0.6646041884666117,3.411129379272461,0.5011753559112548,0.017662155628204345,71873
4840,158597120,0.6632711957652315,3.390605926513672,0.49625444412231445,0.017660441994667053,71889
4850,158924800,0.6619371410647003,3.4982608795166015,0.5028334617614746,0.017622983455657958,71857
4860,159252480,0.6606020368727422,3.4431331634521483,0.5013811111450195,0.017541208863258363,71821
4870,159580160,0.6592658957069224,3.5026470184326173,0.5085114955902099,0.017406150698661804,71904
4880,159907840,0.6579287300945278,3.4918281555175783,0.5126437187194824,0.017263783514499663,71909
4890,160235520,0.6565905525724504,3.4147975921630858,0.5011281967163086,0.017496576905250548,71864
4900,160563200,0.6552513756870694,3.4709003448486326,0.5094381332397461,0.017349453270435335,71893
4910,160890880,0.6539112119941342,3.4312572479248047,0.4954530239105225,0.01766188144683838,71854
4920,161218560,0.6525700740586455,3.4260013580322264,0.502807331085205,0.017472827434539796,71871
4930,161546240,0.6512279744547392,3.4293670654296875,0.5058461666107178,0.01762065589427948,71830
4940,161873920,0.6498849257655668,3.425552749633789,0.5032813549041748,0.017481575906276702,71891
4950,162201600,0.6485409405831785,3.4615020751953125,0.5098170757293701,0.017470084130764008,71945
4960,162529280,0.647196031508404,3.3983314514160154,0.49845046997070314,0.017705920338630676,71892
4970,162856960,0.6458502111507368,3.4260162353515624,0.5009866714477539,0.017677728831768037,71862
4980,163184640,0.6445034921282127,3.430705261230469,0.49422297477722166,0.01754007935523987,71861
4990,163512320,0.6431558870672941,3.4103973388671873,0.5074906349182129,0.01785247027873993,71836
5000,163840000,0.6418074086027501,3.431761932373047,0.49699983596801756,0.01734797954559326,71858
5010,164167680,0.6404580693775391,3.441157913208008,0.4974509239196777,0.017922818660736084,71861
5020,164495360,0.6391078820426891,3.4360191345214846,0.5065094470977783,0.017311358451843263,71922
5030,164823040,0.6377568592571806,3.41265869140625,0.4988094806671143,0.017776583135128022,71876
5040,165150720,0.6364050136878261,3.4402217864990234,0.5108128070831299,0.017483651638031006,71884
5050,165478400,0.6350523580091532,3.392416763305664,0.5028295040130615,0.01770137846469879,71864
5060,165806080,0.633698904903284,3.4779941558837892,0.5095824718475341,0.017765890061855315,71862
5070,166133760,0.6323446670598178,3.405208206176758,0.505419397354126,0.017902588844299315,71869
5080,166461440,0.6309896571757111,3.4473102569580076,0.5078756809234619,0.017621886730194092,71795
5090,166789120,0.6296338879551584,3.4224735260009767,0.5053129673004151,0.017729993164539336,71851
5100,167116800,0.6282773721094742,3.4291309356689452,0.5093244552612305,0.017472407221794127,71901
5110,167444480,0.6269201223569729,3.421343231201172,0.5003193855285645,0.01756809502840042,71904
5120,167772160,0.6255621514228498,3.4380970001220703,0.5004795551300049,0.017507304251194,71883
5130,168099840,0.6242034720390616,3.414200210571289,0.5106674671173096,0.0178646519780159,71808
5140,168427520,0.6228440969442075,3.4307182312011717,0.508840274810791,0.01765528917312622,71797
5150,168755200,0.6214840388834093,3.4037845611572264,0.5015795230865479,0.017540323734283447,71841
5160,169082880,0.6201233106081924,3.392377471923828,0.5036127090454101,0.017766097187995912,71887
5170,169410560,0.6187619248763655,3.4027565002441404,0.491442346572876,0.01764092743396759,71866
5180,169738240,0.6173998944519019,3.4041709899902344,0.4937016487121582,0.017689020931720735,71824
5190,170065920,0.616037232104819,3.4442028045654296,0.5002352714538574,0.01767733097076416,71868
5200,170393600,0.6146739506110591,3.4453460693359377,0.5040222644805908,0.017741195857524872,71826
5210,170721280,0.6133100627523693,3.4129093170166014,0.500337028503418,0.01774512082338333,71888
5220,171048960,0.611945581316182,3.4251644134521486,0.5166964530944824,0.017721724510192872,71841
5230,171376640,0.6105805190954947,3.4162643432617186,0.5050075054168701,0.017794138193130492,71933
5240,171704320,0.6092148888887502,3.417606735229492,0.5035792350769043,0.017653948068618773,71932
5250,172032000,0.6078487034997166,3.4115764617919924,0.49726047515869143,0.017701897025108337,71931
5260,172359680,0.6064819757373673,3.402635192871094,0.5092459678649902,0.018096230924129486,71875
5270,172687360,0.6051147184157606,3.44586296081543,0.5029630661010742,0.01755433976650238,71860
5280,173015040,0.6037469443539201,3.414739990234375,0.509516716003418,0.017731381952762602,71853
5290,173342720,0.6023786663757138,3.458898162841797,0.5051876068115234,0.01766664981842041,71830
5300,173670400,0.6010098973097349,3.4286125183105467,0.5151478290557862,0.017616885900497436,71870
5310,173998080,0.5996406499891803,3.4231964111328126,0.5166714191436768,0.01803913712501526,71906
5320,174325760,0.5982709372517313,3.468155288696289,0.5106461048126221,0.017493510246276857,71900
5330,174653440,0.5969007719394325,3.430759048461914,0.5043788433074952,0.01776142567396164,71839
5340,174981120,0.595530166898572,3.417286682128906,0.5056410789489746,0.017818032205104826,71864
5350,175308800,0.5941591349795604,3.470306396484375,0.5105979919433594,0.017828528583049775,71821
5360,175636480,0.5927876890368109,3.4357666015625,0.5130013942718505,0.017685471475124358,71798
5370,175964160,0.5914158419286181,3.4296901702880858,0.5167916297912598,0.017916737496852873,71811
5380,176291840,0.5900436065170381,3.404148483276367,0.5116421222686768,0.017804431915283202,71839
5390,176619520,0.5886709956677676,3.3830196380615236,0.5020064353942871,0.017803017795085908,71837
5400,176947200,0.5872980222500231,3.396226501464844,0.507002305984497,0.01776755154132843,71771
5410,177274880,0.5859246991364209,3.4473293304443358,0.5031069755554199,0.017856365442276,71826
5420,177602560,0.5845510392028553,3.395389938354492,0.5080343246459961,0.018130701780319215,71765
5430,177930240,0.5831770553283789,3.38453369140625,0.5125114917755127,0.017854058742523195,71772
5440,178257920,0.5818027603950815,3.383595657348633,0.5092110633850098,0.018072883784770965,71800
5450,178585600,0.5804281672879694,3.376011276245117,0.507854700088501,0.018016213178634645,71816
5460,178913280,0.5790532888948441,3.4445499420166015,0.5134744644165039,0.017713193595409394,71843
5470,179240960,0.5776781381061821,3.38040771484375,0.502116584777832,0.017844997346401215,71766
5480,179568640,0.5763027278150139,3.425968551635742,0.5147326469421387,0.017908255755901336,71792
5490,179896320,0.574927070916803,3.4011268615722656,0.5116838455200196,0.017896802723407747,71836
5500,180224000,0.5735511803093248,3.400962066650391,0.5175695896148682,0.017966152727603914,71756
5510,180551680,0.5721750688925461,3.3432971954345705,0.505253267288208,0.018260392546653747,71805
5520,180879360,0.5707987495685038,3.3742637634277344,0.5075937747955322,0.018224671483039856,71804
5530,181207040,0.5694222352411844,3.3706600189208986,0.5097430229187012,0.018207892775535583,71849
5540,181534720,0.5680455388164022,3.3991134643554686,0.5078471660614013,0.01779825985431671,71843
5550,181862400,0.5666686732016791,3.397859573364258,0.5078075885772705,0.018227924406528474,71810
5560,182190080,0.5652916513061234,3.434688186645508,0.5084698677062989,0.01774442344903946,71823
5570,182517760,0.5639144860403084,3.3091358184814452,0.503053092956543,0.018213148415088653,71814
5580,182845440,0.5625371903161515,3.421596145629883,0.5120266437530517,0.017909687757492066,71792
5590,183173120,0.5611597770467935,3.400457000732422,0.512216854095459,0.017922419309616088,71963
5600,183500800,0.5597822591464775,3.3720783233642577,0.5105602264404296,0.01794498711824417,72078
5610,183828480,0.558404649530427,3.390797805786133,0.5106004238128662,0.01823206841945648,71994
5620,184156160,0.5570269611147256,3.4017765045166017,0.5155275344848633,0.018058352172374725,71768
5630,184483840,0.5556492068161959,3.362918472290039,0.5110998153686523,0.018168112635612486,71811
5640,184811520,0.5542713995522782,3.4487682342529298,0.5064072132110595,0.017927981913089752,71830
5650,185139200,0.5528935522409091,3.379104232788086,0.5119621753692627,0.018133363127708434,71766
5660,185466880,0.5515156778004009,3.37872314453125,0.5150766849517823,0.018099233508110046,71764
5670,185794560,0.5501377891493202,3.377756118774414,0.5149805068969726,0.01833221912384033,71817
5680,186122240,0.5487598992063668,3.369068145751953,0.5157343864440918,0.018260566890239714,71837
5690,186449920,0.5473820208902527,3.383848190307617,0.5240840435028076,0.018300025165081023,71842
5700,186777600,0.5460041671195811,3.4019683837890624,0.507185983657837,0.01811724603176117,71822
5710,187105280,0.5446263508127244,3.3630191802978517,0.5110490798950196,0.018038390576839446,71808
5720,187432960,0.5432485848877042,3.3890186309814454,0.5171126842498779,0.01802048981189728,71828
5730,187760640,0.5418708822620698,3.3346805572509766,0.5063969135284424,0.018258306384086608,71787
5740,188088320,0.5404932558527771,3.4157791137695312,0.5158020973205566,0.0180909663438797,71833
5750,188416000,0.5391157185760669,3.424103927612305,0.5173910140991211,0.01816680282354355,71841
5760,188743680,0.5377382833473449,3.371767044067383,0.5303161144256592,0.01840144544839859,71843
5770,189071360,0.5363609630810594,3.3972003936767576,0.5266269683837891,0.018325407803058625,71786
5780,189399040,0.5349837706905818,3.4354454040527345,0.5241397380828857,0.01825155019760132,71816
5790,189726720,0.5336067190880835,3.375025177001953,0.5053882598876953,0.018215399980545045,71781
5800,190054400,0.5322298211844166,3.365327835083008,0.5080686569213867,0.01816290020942688,71790
5810,190382080,0.5308530898889919,3.403369140625,0.5094636917114258,0.018228042125701904,71977
5820,190709760,0.5294765381096584,3.340407943725586,0.5172030925750732,0.0183645099401474,71886
5830,191037440,0.5281001787525816,3.41536865234375,0.5085447311401368,0.017982243001461028,71766
5840,191365120,0.5267240247221232,3.3770618438720703,0.5195876121520996,0.018105101585388184,71803
5850,191692800,0.5253480889207195,3.377330780029297,0.5126781463623047,0.01820865124464035,71760
5860,192020480,0.5239723842487612,3.3958515167236327,0.518797492980957,0.01827976107597351,71681
5870,192348160,0.5225969236044717,3.371090316772461,0.5144757270812989,0.018379640579223634,71763
5880,192675840,0.5212217198837865,3.3547035217285157,0.5164853096008301,0.01832428276538849,71828
5890,193003520,0.5198467859802323,3.3900585174560547,0.5171134948730469,0.01829891502857208,71889
5900,193331200,0.5184721347848061,3.355882263183594,0.5163262367248536,0.01836133450269699,71773
5910,193658880,0.517097779185854,3.3678958892822264,0.5117038726806641,0.0183946430683136,71732
5920,193986560,0.5157237320689512,3.372072219848633,0.5077214717864991,0.018218664824962615,71743
5930,194314240,0.5143500063167802,3.3383304595947267,0.5146411418914795,0.018261733651161193,71754
5940,194641920,0.512976614809011,3.3369110107421873,0.5091010093688965,0.01823844462633133,71744
5950,194969600,0.511603570422179,3.3513725280761717,0.5152180194854736,0.01830834448337555,71837
5960,195297280,0.5102308860295659,3.358721160888672,0.5073094367980957,0.01862308233976364,71805
5970,195624960,0.5088585745010776,3.348537826538086,0.5076104164123535,0.018252560496330263,71826
5980,195952640,0.5074866487031249,3.3867164611816407,0.5226900100708007,0.01826056241989136,71831
5990,196280320,0.5061151214985009,3.347823715209961,0.513895845413208,0.0183678537607193,71835
6000,196608000,0.5047440057462628,3.333100128173828,0.5243951797485351,0.018528459966182707,71785
6010,196935680,0.5033733143016093,3.4497138977050783,0.512052345275879,0.018127913773059844,71847
6020,197263360,0.5020030600157616,3.3538677215576174,0.5116129875183105,0.01839442253112793,71822
6030,197591040,0.5006332557358414,3.382391357421875,0.5160643100738526,0.018494778871536256,71890
6040,197918720,0.49926391430475203,3.3573833465576173,0.5154580116271973,0.018317727744579314,71835
6050,198246400,0.49789504856105693,3.3585968017578125,0.5216519832611084,0.0184476375579834,71802
6060,198574080,0.49652667133885986,3.3995758056640626,0.5247631549835206,0.018572242558002473,71745
6070,198901760,0.4951587954676837,3.3482715606689455,0.5219750881195069,0.01838194876909256,71779
6080,199229440,0.4937914337723516,3.3762126922607423,0.5095923900604248,0.018663686513900758,71742
6090,199557120,0.4924245990728654,3.3278900146484376,0.5100179195404053,0.01826775074005127,71784
6100,199884800,0.49105830418428653,3.392019271850586,0.5198074340820312,0.018300653994083406,71816
6110,200212480,0.48969256191661437,3.370363235473633,0.519310188293457,0.018392597138881684,71847
6120,200540160,0.4883273850746681,3.3548763275146483,0.5116578102111816,0.018590499460697175,71799
6130,200867840,0.486962786457965,3.369785690307617,0.5183830261230469,0.018645983934402467,71797
6140,201195520,0.48559877886060143,3.3366661071777344,0.521551513671875,0.018530960381031036,71736
6150,201523200,0.484235375071132,3.3773452758789064,0.5170017719268799,0.01842789351940155,71767
6160,201850880,0.4828725878724508,3.3580642700195313,0.5216277122497559,0.018578264117240905,71774
6170,202178560,0.4815104300416705,3.3677742004394533,0.5158669948577881,0.01834252178668976,71880
6180,202506240,0.4801489143500035,3.382405090332031,0.5197683811187744,0.018464143574237823,72004
6190,202833920,0.47878805356264087,3.328379440307617,0.5149537563323975,0.018500936031341553,71821
6200,203161600,0.47742786043863417,3.367629623413086,0.5142182350158692,0.018716908991336823,71747
6210,203489280,0.4760683477307748,3.350238800048828,0.52069993019104,0.018683086335659026,71964
6220,203816960,0.47470952818547496,3.2976139068603514,0.5103527069091797,0.018500499427318573,71812
6230,204144640,0.47335141454264806,3.3542644500732424,0.5152276515960693,0.018352895975112915,71761
6240,204472320,0.4719940195355886,3.370193099975586,0.5176629543304443,0.018513503670692443,71791
6250,204800000,0.47063735589085387,3.3437854766845705,0.5121770381927491,0.01835266053676605,71929
6260,205127680,0.4692814363281441,3.37435302734375,0.5231660366058349,0.018344368040561675,71871
6270,205455360,0.4679262735601831,3.3441535949707033,0.5135252475738525,0.018651024997234346,71768
6280,205783040,0.4665718802925989,3.339268112182617,0.5169256210327149,0.01862502992153168,71803
6290,206110720,0.46521826922380516,3.330069732666016,0.5082190990447998,0.01839534640312195,71733
6300,206438400,0.46386545304488225,3.295175552368164,0.5185431480407715,0.018527401983737944,72020
6310,206766080,0.4625134444394573,3.372488784790039,0.5263298034667969,0.01857743561267853,72038
6320,207093760,0.46116225608358596,3.3300411224365236,0.5179768085479737,0.018489716947078703,72043
6330,207421440,0.4598119006456335,3.3723968505859374,0.5299210548400879,0.018656234443187713,71779
6340,207749120,0.45846239078615614,3.349519729614258,0.5263403415679931,0.01851046085357666,71773
6350,208076800,0.4571137391577823,3.3468631744384765,0.5188775062561035,0.018778754770755766,71761
6360,208404480,0.45576595840509326,3.338182067871094,0.5192391395568847,0.01856714189052582,71740
6370,208732160,0.4544190611645057,3.3083614349365233,0.515126895904541,0.018962301313877106,71747
6380,209059840,0.4530730600641528,3.425353240966797,0.5261492252349853,0.018281708657741546,71720
6390,209387520,0.45172796772376556,3.331228256225586,0.5111940383911133,0.018543022871017455,71836
6400,209715200,0.45038379675455453,3.3048057556152344,0.5205111026763916,0.018600331246852876,71755
6410,210042880,0.4490405597590922,3.3622936248779296,0.5286687850952149,0.01851773411035538,71788
6420,210370560,0.44769826933119405,3.2828731536865234,0.5151439666748047,0.018706163763999938,72014
6430,210698240,0.446356938055801,3.3736507415771486,0.5233122348785401,0.01876206398010254,71953
6440,211025920,0.445016578508861,3.322146987915039,0.5213451862335206,0.01887187212705612,71814
6450,211353600,0.4436772032572114,3.370942306518555,0.5173268795013428,0.01861490309238434,71842
6460,211681280,0.4423388248584613,3.359181213378906,0.5190256118774415,0.018656326830387114,71855
6470,212008960,0.4410014558608736,3.398712158203125,0.5268051147460937,0.0183549627661705,71815
6480,212336640,0.4396651088032467,3.3505886077880858,0.5272233009338378,0.018819698691368104,71821
6490,212664320,0.4383297962147984,3.3776084899902346,0.5306711196899414,0.01884419471025467,71785
6500,212992000,0.43699553061504703,3.3023983001708985,0.5196731567382813,0.018791431188583375,71756
6510,213319680,0.43566232451369513,3.3634410858154298,0.5191845893859863,0.018870973587036134,71793
6520,213647360,0.43433019041051124,3.389134979248047,0.5226396560668946,0.018635542690753938,71919
6530,213975040,0.4329991407952132,3.3667972564697264,0.5251589775085449,0.01870560795068741,71958
6540,214302720,0.4316691881473511,3.332189178466797,0.5287434577941894,0.01877133399248123,71910
6550,214630400,0.43034034493619044,3.323058319091797,0.5285390377044678,0.018806520104408263,71821
6560,214958080,0.42901262362059467,3.344033050537109,0.524599027633667,0.018571428954601288,71746
6570,215285760,0.42768603664890836,3.336537170410156,0.5208174705505371,0.018703000247478486,71784
6580,215613440,0.42636059645884117,3.3269889831542967,0.5251736164093017,0.01878107786178589,71976
6590,215941120,0.4250363154773512,3.3796340942382814,0.5311697959899903,0.01854279339313507,71737
6600,216268800,0.4237132061205273,3.336233139038086,0.5218862533569336,0.018838751316070556,71831
6610,216596480,0.422391280793474,3.3378360748291014,0.5239406108856202,0.018567655980587006,71804
6620,216924160,0.4210705518901946,3.3188133239746094,0.5218039989471436,0.018815889954566956,71786
6630,217251840,0.4197510317934754,3.327967071533203,0.5262093544006348,0.018911369144916534,71757
6640,217579520,0.41843273287476856,3.344176483154297,0.5250953674316406,0.018698401749134064,71766
6650,217907200,0.41711566749407725,3.3647541046142577,0.527259349822998,0.018572726845741273,71762
6660,218234880,0.41579984799983927,3.3172210693359374,0.5174525260925293,0.018872763216495513,71782
6670,218562560,0.4144852867288117,3.280263900756836,0.5162294387817383,0.01902114450931549,71768
6680,218890240,0.4131719960059541,3.3280296325683594,0.5191328525543213,0.01884913444519043,71807
6690,219217920,0.41185998814431435,3.3425048828125,0.514132308959961,0.01882440149784088,71794
6700,219545600,0.41054927544491215,3.3489383697509765,0.5202694416046143,0.01876883953809738,71774
6710,219873280,0.4092398701966248,3.325410842895508,0.5292907238006592,0.0188110888004303,71740
6720,220200960,0.4079317846760703,3.326449966430664,0.53410325050354,0.018735003471374512,71829
6730,220528640,0.40662503114749415,3.2893386840820313,0.5218732833862305,0.018995855748653413,72011
6740,220856320,0.4053196218626529,3.318258285522461,0.5223861694335937,0.018747860193252565,71920
6750,221184000,0.40401556906070035,3.2762981414794923,0.5212453842163086,0.01886143535375595,71792
6760,221511680,0.40271288496807167,3.315546417236328,0.5281578063964844,0.01887095421552658,71826
6770,221839360,0.40141158179837,3.3317962646484376,0.5289359092712402,0.018858341872692107,71796
6780,222167040,0.4001116717522507,3.313089370727539,0.5262011051177978,0.019018714129924775,71802
6790,222494720,0.3988131670173084,3.354164886474609,0.5229113101959229,0.01874392628669739,71770
6800,222822400,0.3975160797679612,3.326869583129883,0.5232873916625976,0.018739232420921327,71885
6810,223150080,0.3962204221653376,3.290821075439453,0.5195398330688477,0.01878874599933624,71843
6820,223477760,0.3949262063571618,3.3201057434082033,0.5202410221099854,0.018857428431510927,71768
6830,223805440,0.3936334444776409,3.307194137573242,0.5249439239501953,0.01897079199552536,71855
6840,224133120,0.3923421486473495,3.3002017974853515,0.5199928283691406,0.01902966946363449,71777
6850,224460800,0.3910523309731173,3.3132392883300783,0.5272135734558105,0.019101324677467345,71750
6860,224788480,0.3897640035479152,3.3128372192382813,0.534961748123169,0.018986260890960692,71787
6870,225116160,0.38847717845074214,3.3060646057128906,0.536983060836792,0.018996746838092805,71832
6880,225443840,0.3871918677465114,3.3522491455078125,0.533319616317749,0.01906362920999527,71822
6890,225771520,0.38590808348593775,3.2990150451660156,0.527314281463623,0.01891200989484787,71982
6900,226099200,0.38462583770542424,3.296986770629883,0.5208783626556397,0.01892630457878113,71820
6910,226426880,0.3833451424269504,3.310172271728516,0.5249232769012451,0.019004297256469727,71821
6920,226754560,0.3820660096579577,3.348698043823242,0.5358978271484375,0.019131909310817718,71787
6930,227082240,0.3807884513912384,3.313132095336914,0.5338083267211914,0.018943783640861512,71997
6940,227409920,0.3795124796048225,3.321438217163086,0.5304741382598877,0.0192349374294281,71763
6950,227737600,0.37823810626186616,3.331105041503906,0.527949857711792,0.019022461771965028,71786
6960,228065280,0.3769653433105382,3.3512035369873048,0.5275895118713378,0.018708375096321107,71813
6970,228392960,0.3756942026839093,3.3082061767578126,0.5215318679809571,0.01904936134815216,71890
6980,228720640,0.3744246962998393,3.3065216064453127,0.527494239807129,0.01895676851272583,71934
6990,229048320,0.3731568360608668,3.2845695495605467,0.5182450771331787,0.019306926429271697,71774
7000,229376000,0.37189063385409526,3.2973705291748048,0.5208385467529297,0.018937250971794127,71824
7010,229703680,0.3706261015510839,3.2943836212158204,0.5207334995269776,0.01912579536437988,71758
7020,230031360,0.3693632510077348,3.3019039154052736,0.5291501998901367,0.019175000488758087,71835
7030,230359040,0.3681020940641829,3.331258773803711,0.535176420211792,0.019015276432037355,71983
7040,230686720,0.3668426425446838,3.3408164978027344,0.5323071479797363,0.01911480575799942,71867
7050,231014400,0.365584908257504,3.3165679931640626,0.5276346206665039,0.019157734513282777,71813
7060,231342080,0.36432890299480925,3.320487213134766,0.529768419265747,0.019129632413387297,71801
7070,231669760,0.36307463853255517,3.270417404174805,0.526801872253418,0.01921476870775223,71841
7080,231997440,0.3618221266303753,3.326691436767578,0.5366002559661865,0.019132161140441896,71770
7090,232325120,0.3605713790314721,3.3115703582763674,0.540956974029541,0.019309106469154357,71804
7100,232652800,0.3593224074625063,3.2921302795410154,0.5245996475219726,0.01899981051683426,71833
7110,232980480,0.3580752236334874,3.274934768676758,0.5270839691162109,0.019471974670886995,71842
7120,233308160,0.3568298392376631,3.318403625488281,0.532220458984375,0.019282184541225433,71828
7130,233635840,0.3555862659514101,3.2951099395751955,0.5388897895812989,0.019224193692207337,71764
7140,233963520,0.35434451543412493,3.296762466430664,0.5360908508300781,0.019352973997592927,71787
7150,234291200,0.35310459932811444,3.253782272338867,0.5234189033508301,0.019297395646572114,71778
7160,234618880,0.35186652925848616,3.2624717712402345,0.5281497478485108,0.019406633079051973,71757
7170,234946560,0.3506303168330399,3.309944915771484,0.5269767284393311,0.019313094019889832,71706
7180,235274240,0.3493959736421586,3.3049816131591796,0.5293511390686035,0.019134889543056487,71822
7190,235601920,0.3481635112587002,3.2427059173583985,0.521723461151123,0.019243232905864716,71839
7200,235929600,0.3469329412378882,3.318210983276367,0.5405041694641113,0.019170959293842316,71809
7210,236257280,0.345704275117204,3.2150230407714844,0.5370744228363037,0.019611547887325286,71746
7220,236584960,0.34447752441627855,3.19314022064209,0.5313558101654052,0.020229195058345795,71761
7230,236912640,0.3432527006367847,3.169822883605957,0.5317555427551269,0.02045524716377258,71934
7240,237240320,0.3420298152623285,3.184305953979492,0.5247492313385009,0.020675462484359742,71874
7250,237568000,0.3408088797583421,3.170413017272949,0.5282156944274903,0.020571234822273254,71753
7260,237895680,0.33958990557197666,3.211556243896484,0.5270830154418945,0.02056073248386383,71770
7270,238223360,0.3383729041319943,3.2456546783447267,0.5370770454406738,0.020610129833221434,71738
7280,238551040,0.3371578868486612,3.2466552734375,0.5423319816589356,0.020828233659267427,71758
7290,238878720,0.3359448651136405,3.215239715576172,0.5348529815673828,0.020840995013713837,71727
7300,239206400,0.33473385029988584,3.186209487915039,0.5307216644287109,0.020775565505027772,71776
7310,239534080,0.33352485376153473,3.1338401794433595,0.5310998916625976,0.02118583619594574,71754
7320,239861760,0.3323178868338015,3.186802291870117,0.534508228302002,0.02106112241744995,71787
7330,240189440,0.33111296083287134,3.1996175765991213,0.5377187728881836,0.020979239046573638,71726
7340,240517120,0.32991008705579467,3.242449951171875,0.5394509792327881,0.021208320558071137,71709
7350,240844800,0.32870927678038087,3.1713674545288084,0.5320677280426025,0.020891533792018892,71928
7360,241172480,0.3275105412650921,3.2316669464111327,0.5341638565063477,0.02109362930059433,71961
7370,241500160,0.3263138917489382,3.2062103271484377,0.5330670356750489,0.021122919023036958,71990
7380,241827840,0.3251193394513715,3.182224655151367,0.5410222053527832,0.02129596620798111,71837
7390,242155520,0.32392689557218163,3.193343925476074,0.5305821895599365,0.021111027896404268,71719
7400,242483200,0.3227365712913896,3.180637741088867,0.5363128662109375,0.021207094192504883,71764
7410,242810880,0.3215483777691439,3.1718961715698244,0.5371986865997315,0.02129327356815338,71711
7420,243138560,0.320362326145616,3.168828582763672,0.5431636333465576,0.021150439977645874,71739
7430,243466240,0.3191784275408953,3.2115222930908205,0.5356654167175293,0.021400803327560426,71708
7440,243793920,0.3179966930548849,3.1497589111328126,0.5347776412963867,0.021361127495765686,71719
7450,244121600,0.3168171337671977,3.161850357055664,0.5356503486633301,0.021531137824058532,71735
7460,244449280,0.3156397607370529,3.183357048034668,0.5359549045562744,0.021347972750663757,71823
7470,244776960,0.314464585003172,3.2170005798339845,0.5361445903778076,0.021527120471000673,71931
7480,245104640,0.31329161758367474,3.163486289978027,0.5384001731872559,0.02136315405368805,71696
7490,245432320,0.3121208694759766,3.186259460449219,0.5334937572479248,0.02128116488456726,71747
7500,245760000,0.31095235165668544,3.1882913589477537,0.5385499954223633,0.02137056291103363,71718
7510,246087680,0.3097860750814989,3.1979049682617187,0.5365474700927735,0.021423907577991487,71726
7520,246415360,0.30862205068510074,3.191636657714844,0.5457280158996582,0.021605932712554933,71739
7530,246743040,0.30746028938105896,3.1856781005859376,0.5321311950683594,0.0214976042509079,71723
7540,247070720,0.3063008020617239,3.1703680038452147,0.5386137962341309,0.021563196182250978,71721
7550,247398400,0.30514359959812554,3.1946533203125,0.5357958316802979,0.02170279175043106,71736
7560,247726080,0.3039886928398713,3.1831600189208986,0.5388032913208007,0.021449998021125793,71738
7570,248053760,0.30283609261504485,3.1515193939208985,0.5434000968933106,0.021695682406425477,71685
7580,248381440,0.30168580973010484,3.186214065551758,0.5555160045623779,0.02162209004163742,71710
7590,248709120,0.3005378549697828,3.1907663345336914,0.5370893478393555,0.021587750315666197,71732
7600,249036800,0.29939223909698265,3.1569007873535155,0.5335847854614257,0.021494755148887636,71680
7610,249364480,0.29824897285267904,3.153670883178711,0.5330466270446778,0.02159869521856308,71671
7620,249692160,0.2971080669558177,3.190225601196289,0.5453788757324218,0.02174510359764099,71711
7630,250019840,0.2959695321032145,3.19497127532959,0.5423195838928223,0.02165644019842148,71726
7640,250347520,0.2948333789694547,3.2064441680908202,0.545682716369629,0.021843747794628145,71681
7650,250675200,0.2936996182067929,3.16021842956543,0.537909746170044,0.021820136904716493,71697
7660,251002880,0.2925682604450543,3.1785114288330076,0.5338964939117432,0.021791094541549684,71667
7670,251330560,0.29143931629153397,3.134878158569336,0.5283091068267822,0.021626417338848115,71689
7680,251658240,0.2903127963308973,3.175824737548828,0.5344355583190918,0.021625925600528718,71776
7690,251985920,0.28918871112508127,3.2255413055419924,0.5426476001739502,0.021607038378715516,71679
7700,252313600,0.2880670712131955,3.199245262145996,0.5429815292358399,0.021854113042354583,71846
7710,252641280,0.2869478871114233,3.1992897033691405,0.5372926712036132,0.021540965139865875,71825
7720,252968960,0.28583116931292263,3.1887731552124023,0.5431328296661377,0.021931058168411253,71729
7730,253296640,0.284716928287728,3.199240875244141,0.5445618152618408,0.02189677357673645,71702
7740,253624320,0.2836051744826528,3.2022586822509767,0.5432574272155761,0.02193639725446701,71706
7750,253952000,0.282495918321191,3.1457183837890623,0.5462255954742432,0.02181467115879059,71690
7760,254279680,0.2813891702034188,3.2262588500976563,0.5471817016601562,0.021751303970813752,71748
7770,254607360,0.2802849405058979,3.1721357345581054,0.5479905605316162,0.021793267130851744,71708
7780,254935040,0.2791832395815782,3.184026527404785,0.5472039699554443,0.021952612698078154,71717
7790,255262720,0.2780840777597007,3.199835014343262,0.5466289520263672,0.021966777741909027,71756
7800,255590400,0.2769874653456999,3.1719552993774416,0.5463465690612793,0.02191421091556549,71731
7810,255918080,0.2758934126211079,3.19901123046875,0.5413150310516357,0.02185329347848892,71664
7820,256245760,0.2748019298434583,3.19876708984375,0.5480334281921386,0.021965056657791138,71678
7830,256573440,0.2737130272461894,3.166427421569824,0.5410422801971435,0.02194863110780716,71735
7840,256901120,0.2726267150385482,3.201277160644531,0.5498594760894775,0.022109094262123107,71712
7850,257228800,0.271543003405495,3.172220993041992,0.5435885906219482,0.02194313406944275,71714
7860,257556480,0.27046190250760793,3.1698076248168947,0.5356349945068359,0.02196570485830307,71706
7870,257884160,0.26938342248098796,3.2046661376953125,0.5406862735748291,0.02175920009613037,71713
7880,258211840,0.2683075734371628,3.181471824645996,0.5429430484771729,0.022078502178192138,71696
7890,258539520,0.2672343654629932,3.206929016113281,0.5449111461639404,0.021756500005722046,71682
7900,258867200,0.26616380862057787,3.156706619262695,0.550242805480957,0.02218957543373108,71734
7910,259194880,0.2650959129471595,3.1813291549682616,0.5636643409729004,0.02212492972612381,71777
7920,259522560,0.2640306884550301,3.1674571990966798,0.5451338768005372,0.021998323500156403,71786
7930,259850240,0.2629681451314373,3.1694984436035156,0.5585034370422364,0.022304397821426392,71769
7940,260177920,0.26190829293849127,3.127663421630859,0.5494760036468506,0.022397451102733612,71714
7950,260505600,0.2608511418130708,3.225092315673828,0.5521111011505127,0.02191959023475647,71746
7960,260833280,0.25979670166672997,3.1847816467285157,0.5531277179718017,0.02226056009531021,71786
7970,261160960,0.2587449823856055,3.163842964172363,0.5472318649291992,0.022153063118457793,71889
7980,261488640,0.25769599383032415,3.165248489379883,0.5440667152404786,0.02237232178449631,71756
7990,261816320,0.25664974583591055,3.208221435546875,0.551034688949585,0.022150807082653046,71753
8000,262144000,0.25560624821169387,3.179734802246094,0.5465693950653077,0.022240523993968964,71686
8010,262471680,0.2545655107412168,3.170749282836914,0.5396538257598877,0.0220797598361969,71752
8020,262799360,0.2535275431821439,3.1731182098388673,0.5408621788024902,0.02230534553527832,71677
8030,263127040,0.2524923552661697,3.1839115142822267,0.5452540874481201,0.022296030819416047,71705
8040,263454720,0.2514599566989274,3.2007537841796876,0.5482068538665772,0.02202199399471283,71884
8050,263782400,0.2504303571598979,3.2081523895263673,0.5550736904144287,0.021908263862133025,71737
8060,264110080,0.24940356630231975,3.2261661529541015,0.5508392333984375,0.022184067964553834,71748
8070,264437760,0.24837959375309773,3.1288509368896484,0.54957594871521,0.02209666520357132,71751
8080,264765440,0.24735844911271287,3.1730865478515624,0.5479513168334961,0.022252359986305238,71754
8090,265093120,0.24634014195513254,3.1866140365600586,0.5485837459564209,0.02212398052215576,71942
8100,265420800,0.2453246818277208,3.171356964111328,0.5501434803009033,0.022325454652309416,71961
8110,265748480,0.24431207825114895,3.197581481933594,0.5491638660430909,0.022041459381580353,71963
8120,266076160,0.2433023407193056,3.180137062072754,0.5505892276763916,0.02222801148891449,71693
8130,266403840,0.24229547869920814,3.2084503173828125,0.5491391658782959,0.02237287163734436,71746
8140,266731520,0.2412915016309144,3.212372589111328,0.5404741764068604,0.02200937569141388,71751
8150,267059200,0.2402904189274335,3.1653457641601563,0.5411120891571045,0.022271464765071868,71727
8160,267386880,0.23929223997463778,3.1502553939819338,0.5469083786010742,0.022261469066143035,71769
8170,267714560,0.2382969741311745,3.1827060699462892,0.536646842956543,0.022185501456260682,71706
8180,268042240,0.23730463072837896,3.141055679321289,0.543862771987915,0.022398176789283752,71683
8190,268369920,0.2363152190701864,3.1765554428100584,0.5493899822235108,0.022472205758094787,71757
8200,268697600,0.23532874843304447,3.1612852096557615,0.5499195098876953,0.0221871018409729,71765
8210,269025280,0.23434522806582672,3.1707508087158205,0.5560650825500488,0.02261085659265518,71719
8220,269352960,0.23336466718974605,3.1525449752807617,0.5432094097137451,0.022237890958786012,71663
8230,269680640,0.23238707499826805,3.1389135360717773,0.540703010559082,0.022393745183944703,71706
8240,270008320,0.23141246065702428,3.164925765991211,0.5432775974273681,0.022510498762130737,71657
8250,270336000,0.2304408333037271,3.151351547241211,0.5456212043762207,0.022321254014968872,71670
8260,270663680,0.2294722020480837,3.189668083190918,0.5496821403503418,0.022415584325790404,71680
8270,270991360,0.22850657597171087,3.172230911254883,0.5432963371276855,0.022457629442214966,71715
8280,271319040,0.2275439641280494,3.184486198425293,0.5460132122039795,0.022122398018836975,71718
8290,271646720,0.22658437554227928,3.1936485290527346,0.5466096878051758,0.022390827536582947,71702
8300,271974400,0.2256278192112358,3.188047409057617,0.5470967292785645,0.022258460521697998,71680
8310,272302080,0.22467430410332462,3.184954833984375,0.5514231204986573,0.022268649935722352,71724
8320,272629760,0.22372383915843724,3.184278869628906,0.5449750900268555,0.022297728061676025,71729
8330,272957440,0.222776433287868,3.167482376098633,0.5468630313873291,0.022222860157489775,71740
8340,273285120,0.22183209537423032,3.1858997344970703,0.5495716094970703,0.022471620142459868,71764
8350,273612800,0.2208908342713733,3.1395452499389647,0.547893476486206,0.02242081016302109,71680
8360,273940480,0.21995265880429848,3.176406669616699,0.546669864654541,0.02238474488258362,71841
8370,274268160,0.21901757776907743,3.16407470703125,0.5482394218444824,0.02234921157360077,71828
8380,274595840,0.2180855999327692,3.174763298034668,0.546354341506958,0.022521601617336275,71754
8390,274923520,0.21715673403333846,3.1821640014648436,0.5528378486633301,0.02257101833820343,71731
8400,275251200,0.21623098877957264,3.1359125137329102,0.5551727294921875,0.022637411952018738,71699
8410,275578880,0.21530837285100107,3.1509275436401367,0.5501187801361084,0.022542552649974824,71729
8420,275906560,0.21438889489781365,3.1676700592041014,0.5496861457824707,0.022694891691207884,71733
8430,276234240,0.21347256354077931,3.115382194519043,0.5419690608978271,0.022250448167324067,71674
8440,276561920,0.21255938737116542,3.1906902313232424,0.5479024410247803,0.02251429855823517,71723
8450,276889600,0.21164937495065694,3.148784065246582,0.5529314994812011,0.02260921597480774,71733
8460,277217280,0.21074253481127675,3.150765037536621,0.5533345222473145,0.022485065460205077,71704
8470,277544960,0.20983887545530527,3.1814985275268555,0.5529897212982178,0.02258918881416321,71703
8480,277872640,0.20893840535520056,3.164340782165527,0.5537722110748291,0.02232668399810791,71732
8490,278200320,0.20804113295351917,3.1756391525268555,0.5572993755340576,0.022529813647270202,71852
8500,278528000,0.207147066662837,3.128521537780762,0.5517300605773926,0.022693717479705812,71752
8510,278855680,0.20625621486567058,3.1647771835327148,0.5505409717559815,0.022584779560565947,71758
8520,279183360,0.20536858591439772,3.0939567565917967,0.5454298973083496,0.022655615210533143,71716
8530,279511040,0.20448418813117994,3.248567581176758,0.55663161277771,0.022581206262111665,71671
8540,279838720,0.20360302980788442,3.156100845336914,0.5570393562316894,0.022529469430446626,71825
8550,280166400,0.20272511920600608,3.184494400024414,0.5573138236999512,0.022551172971725465,71775
8560,280494080,0.20185046455658984,3.1748834609985352,0.5508204460144043,0.022394917905330658,71832
8570,280821760,0.20097907406015358,3.1815441131591795,0.5579238414764405,0.02253911942243576,71803
8580,281149440,0.20011095588661193,3.148085594177246,0.5508150100708008,0.022471699118614196,71793
8590,281477120,0.19924611817519894,3.1833877563476562,0.5490571022033691,0.022521254420280457,71748
8600,281804800,0.19838456903439172,3.206370162963867,0.5565118789672852,0.022611768543720247,71746
8610,282132480,0.19752631654183467,3.154201889038086,0.5458847522735596,0.022634446620941162,71765
8620,282460160,0.1966713687442641,3.149783897399902,0.5527980327606201,0.02263725399971008,71762
8630,282787840,0.19581973365743224,3.1102182388305666,0.5505696773529053,0.02267889529466629,71803
8640,283115520,0.19497141926603212,3.164866638183594,0.5529403686523438,0.022625042498111723,71784
8650,283443200,0.19412643352362285,3.2029869079589846,0.5566404819488525,0.022547490894794464,71780
8660,283770880,0.19328478435255528,3.211619186401367,0.5578415870666504,0.022573496401309966,71773
8670,284098560,0.19244647964389752,3.170796012878418,0.5600822925567627,0.02267176955938339,71725
8680,284426240,0.1916115272573607,3.150307846069336,0.5539212703704834,0.022558699548244476,71697
8690,284753920,0.1907799350212254,3.181431198120117,0.5557250022888184,0.022703321278095247,71729
8700,285081600,0.1899517107322688,3.1221744537353517,0.5422686100006103,0.022633285820484163,71835
8710,285409280,0.18912686215569105,3.160109519958496,0.5547557353973389,0.02273084819316864,71796
8720,285736960,0.18830539702504223,3.1498918533325195,0.5555747032165528,0.022850479185581207,71773
8730,286064640,0.1874873230421503,3.157486915588379,0.548695182800293,0.02238619774580002,71763
8740,286392320,0.18667264787704896,3.180608558654785,0.5623808383941651,0.02290106564760208,71730
8750,286720000,0.18586137916790563,3.1411813735961913,0.5580665588378906,0.02293747365474701,71766
8760,287047680,0.18505352452094928,3.1624374389648438,0.5526164531707763,0.022652982175350188,71741
8770,287375360,0.18424909151039984,3.165468215942383,0.5508232116699219,0.02273128032684326,71777
8780,287703040,0.183448087678397,3.192862319946289,0.5587299823760986,0.022866851091384886,71816
8790,288030720,0.18265052053492953,3.204450988769531,0.5580774307250976,0.022850270569324493,71760
8800,288358400,0.1818563975577644,3.1829607009887697,0.558085823059082,0.022803716361522675,71772
8810,288686080,0.18106572619237724,3.18875675201416,0.5552513599395752,0.02253798246383667,71783
8820,289013760,0.18027851385188243,3.1598997116088867,0.5492060661315918,0.02265564352273941,71742
8830,289341440,0.17949476791696342,3.1567403793334963,0.561728048324585,0.022884942591190338,71762
8840,289669120,0.1787144957358036,3.189169502258301,0.5572196960449218,0.022585028409957887,71768
8850,289996800,0.1779377046240172,3.1473981857299806,0.5544826984405518,0.02284936308860779,71814
8860,290324480,0.17716440186458124,3.180045318603516,0.5578885078430176,0.022738605737686157,71800
8870,290652160,0.17639459470776697,3.144715118408203,0.5537354946136475,0.023061822354793548,71760
8880,290979840,0.17562829037107144,3.1747392654418944,0.5600888729095459,0.022906580567359926,71752
8890,291307520,0.17486549603915047,3.169729995727539,0.5536854267120361,0.022847558557987212,71722
8900,291635200,0.1741062188637511,3.1363605499267577,0.553109884262085,0.022819815576076506,71747
8910,291962880,0.1733504659636446,3.1471668243408204,0.5556284427642822,0.022742870450019836,71798
8920,292290560,0.17259824442455923,3.1779109954833986,0.5553635120391845,0.022898535430431365,71765
8930,292618240,0.17184956129911447,3.117555046081543,0.5474039077758789,0.02255110889673233,71828
8940,292945920,0.17110442360675457,3.175523567199707,0.5510864734649659,0.02281308323144913,71770
8950,293273600,0.1703628383336829,3.131783103942871,0.5558272361755371,0.02292391061782837,71744
8960,293601280,0.16962481243279623,3.154847526550293,0.5609427452087402,0.022979879379272462,71699
8970,293928960,0.16889035282361942,3.1764400482177733,0.5558934211730957,0.02252512574195862,71734
8980,294256640,0.1681594663922411,3.160791015625,0.5540853500366211,0.023065997660160063,71710
8990,294584320,0.16743215999124889,3.1639377593994142,0.5553055763244629,0.02304071933031082,71833
9000,294912000,0.1667084404396646,3.1516445159912108,0.5574839591979981,0.022817768156528473,71744
9010,295239680,0.16598831452288093,3.125214958190918,0.5524818897247314,0.022906138002872466,71801
9020,295567360,0.16527178899259787,3.1467411041259767,0.5540289402008056,0.022924773395061493,71750
9030,295895040,0.16455887056675905,3.1547060012817383,0.5525432109832764,0.02294883579015732,71637
9040,296222720,0.16384956592948874,3.1318790435791017,0.5489277839660645,0.02295159101486206,71693
9050,296550400,0.1631438817310295,3.1750347137451174,0.5599568367004395,0.023044149577617645,71681
9060,296878080,0.16244182458767958,3.1498722076416015,0.5519599914550781,0.022899574041366576,71729
9070,297205760,0.16174340108173116,3.1373210906982423,0.5523691177368164,0.022861483693122863,71749
9080,297533440,0.1610486177614083,3.186198043823242,0.5558855533599854,0.022731631994247437,71678
9090,297861120,0.16035748114080547,3.1456781387329102,0.5590988159179687,0.022963058948516846,71717
9100,298188800,0.15966999769982712,3.1360029220581054,0.5583134651184082,0.022987987101078033,71674
9110,298516480,0.15898617388412645,3.1738122940063476,0.557490348815918,0.022873060405254365,71675
9120,298844160,0.15830601610504474,3.1284780502319336,0.5505714893341065,0.022940593957901,71743
9130,299171840,0.1576295307395516,3.1229425430297852,0.5531946182250976,0.023123407363891603,71965
9140,299499520,0.15695672413018535,3.141663360595703,0.5586507320404053,0.02320118248462677,71933
9150,299827200,0.15628760258499325,3.1307395935058593,0.5562556266784668,0.022986654937267304,71732
9160,300154880,0.15562217237747228,3.137172508239746,0.555830430984497,0.023097586631774903,71660
9170,300482560,0.15496043974651047,3.1348106384277346,0.5546967029571533,0.02291935682296753,71687
9180,300810240,0.1543024108963285,3.0939662933349608,0.5560293197631836,0.02296869158744812,71888
9190,301137920,0.15364809199642168,3.1343698501586914,0.5579463005065918,0.02293812334537506,71953
9200,301465600,0.15299748918150113,3.1163232803344725,0.5563901901245117,0.023183593153953554,71911
9210,301793280,0.15235060855143773,3.1465036392211916,0.5527630805969238,0.022922819852828978,71732
9220,302120960,0.15170745617120385,3.1515344619750976,0.5599860191345215,0.022860020399093628,71691
9230,302448640,0.15106803807081715,3.156814765930176,0.5632814884185791,0.0231260284781456,71870
9240,302776320,0.15043236024528298,3.134379196166992,0.5609874248504638,0.022996832430362702,71980
9250,303104000,0.14980042865453974,3.1417938232421876,0.5570154190063477,0.0230218306183815,71678
9260,303431680,0.14917224922340172,3.1658550262451173,0.5624142169952393,0.023061469197273254,71662
9270,303759360,0.14854782784150436,3.106108283996582,0.5696507930755615,0.023343506455421447,71643
9280,304087040,0.1479271703632481,3.1386770248413085,0.5535816192626953,0.02289450615644455,71692
9290,304414720,0.1473102826077446,3.1417213439941407,0.5597532272338868,0.023150382936000823,71738
9300,304742400,0.14669717035876148,3.1990793228149412,0.5608750343322754,0.023166120052337646,71688
9310,305070080,0.14608783936466835,3.1556573867797852,0.5566366195678711,0.022889123857021333,71704
9320,305397760,0.14548229533838242,3.1639013290405273,0.5623144149780274,0.023228414356708527,71708
9330,305725440,0.14488054395731587,3.104232597351074,0.556107759475708,0.023115533590316772,71650
9340,306053120,0.14428259086332182,3.152299690246582,0.5598257541656494,0.023032104969024657,71710
9350,306380800,0.14368844166264194,3.1538843154907226,0.561047887802124,0.023136860132217406,71893
9360,306708480,0.14309810192585323,3.1499061584472656,0.5581822395324707,0.023035453259944917,71747
9370,307036160,0.14251157718781657,3.140514373779297,0.5583353519439698,0.023448331654071806,71732
9380,307363840,0.1419288729476244,3.1355379104614256,0.5655075550079346,0.023149985074996948,71665
9390,307691520,0.14134999466854933,3.1752185821533203,0.5586914539337158,0.023025365173816682,71688
9400,308019200,0.1407749477779925,3.147256278991699,0.5605385303497314,0.023143313825130463,71874
9410,308346880,0.14020373766743333,3.171646499633789,0.5586649894714355,0.02313418686389923,71977
9420,308674560,0.13963636969237853,3.136104202270508,0.5568272113800049,0.023191265761852264,71977
9430,309002240,0.1390728491723123,3.172786521911621,0.5521605491638184,0.023128613829612732,71841
9440,309329920,0.13851318139064553,3.1096942901611326,0.5538378715515136,0.023274855315685274,71755
9450,309657600,0.13795737159466745,3.167863655090332,0.5564640045166016,0.02325184494256973,71756
9460,309985280,0.13740542499549585,3.1779830932617186,0.5652295112609863,0.023005768656730652,71710
9470,310312960,0.1368573467680282,3.1343326568603516,0.5569415092468262,0.022984057664871216,71715
9480,310640640,0.13631314205089295,3.153458023071289,0.5651118278503418,0.023328615725040434,71811
9490,310968320,0.13577281594640184,3.1208845138549806,0.5530879974365235,0.023131263256073,71970
9500,311296000,0.1352363735205019,3.131982421875,0.5610227584838867,0.023329758644104005,72010
9510,311623680,0.1347038198027279,3.1211946487426756,0.5602627754211426,0.023308196663856508,71969
9520,311951360,0.13417515978615457,3.123983955383301,0.5556849002838135,0.023252172768115996,71721
9530,312279040,0.13365039842735119,3.095494270324707,0.5535279750823975,0.023259869217872618,71703
9540,312606720,0.1331295406463338,3.1751108169555664,0.5567237377166748,0.023363131284713744,71667
9550,312934400,0.13261259132651998,3.1270526885986327,0.5599738121032715,0.0231619268655777,71683
9560,313262080,0.1320995553146821,3.1134737014770506,0.558631420135498,0.02329399436712265,71746
9570,313589760,0.13159043742090293,3.183684730529785,0.5651442527770996,0.023152318596839905,71745
9580,313917440,0.13108524241852987,3.1907142639160155,0.5618722915649415,0.02328518033027649,71841
9590,314245120,0.13058397504413055,3.11861515045166,0.5568659782409668,0.023259073495864868,71916
9600,314572800,0.1300866399974479,3.1398685455322264,0.5610454559326172,0.02336820960044861,71957
9610,314900480,0.12959324194135674,3.146282958984375,0.5537186622619629,0.023006457090377807,71736
9620,315228160,0.1291037855018197,3.132759857177734,0.5615073680877686,0.023385564982891082,71720
9630,315555840,0.12861827526784406,3.1374771118164064,0.561786413192749,0.02334705591201782,71742
9640,315883520,0.1281367157914381,3.1605785369873045,0.5635003089904785,0.0231151819229126,71754
9650,316211200,0.12765911158756937,3.150225067138672,0.5652312278747559,0.02326868027448654,71728
9660,316538880,0.12718546713412177,3.2030475616455076,0.5623269557952881,0.02292778193950653,71730
9670,316866560,0.12671578687185373,3.1086034774780273,0.5608177185058594,0.023311671614646912,71761
9680,317194240,0.12625007520435616,3.157859039306641,0.5677260398864746,0.02342541366815567,71846
9690,317521920,0.12578833649801194,3.151005172729492,0.5622004985809326,0.023386527597904206,71703
9700,317849600,0.12533057508195453,3.151561164855957,0.5631852626800538,0.023223420977592467,71708
9710,318177280,0.12487679524802739,3.141837310791016,0.5536567211151123,0.02310374677181244,71748
9720,318504960,0.12442700125074346,3.119416046142578,0.5579042911529541,0.023245050013065337,71731
9730,318832640,0.12398119730724608,3.1243263244628907,0.5571011543273926,0.02321781814098358,71761
9740,319160320,0.12353938759726867,3.1401138305664062,0.5598842144012451,0.023301759362220766,71726
9750,319488000,0.12310157626309601,3.1405582427978516,0.5629682540893555,0.02346452623605728,71720
9760,319815680,0.1226677674095249,3.1389982223510744,0.5614497184753418,0.023223330080509186,71734
9770,320143360,0.12223796510382631,3.1665760040283204,0.5635657787322998,0.02319185733795166,71720
9780,320471040,0.12181217337570681,3.167967987060547,0.5628784656524658,0.02313533127307892,71709
9790,320798720,0.12139039621727105,3.1582305908203123,0.5584629058837891,0.023375403881073,71737
9800,321126400,0.12097263758298386,3.1519001007080076,0.5607059955596924,0.023407015204429626,71755
9810,321454080,0.12055890138963382,3.1599197387695312,0.564461612701416,0.023276953399181365,71744
9820,321781760,0.12014919151629623,3.1346872329711912,0.5716202735900879,0.02330397069454193,71686
9830,322109440,0.11974351180429654,3.178558921813965,0.571156644821167,0.02343827933073044,71667
9840,322437120,0.11934186605717459,3.150985527038574,0.5656186103820801,0.02321484386920929,71732
9850,322764800,0.11894425804064895,3.0917947769165037,0.5581430912017822,0.023370088636875154,71939
9860,323092480,0.11855069148258163,3.0851119995117187,0.5643952369689942,0.023462215065956117,71982
9870,323420160,0.11816117007294291,3.1532421112060547,0.5698606491088867,0.023503138124942778,71801
9880,323747840,0.11777569746377678,3.1378782272338865,0.5622028827667236,0.023316894471645356,71728
9890,324075520,0.11739427726916707,3.1542102813720705,0.5650926113128663,0.02323089838027954,71684
9900,324403200,0.11701691306520326,3.1620140075683594,0.5671218395233154,0.02326349914073944,71691
9910,324730880,0.11664360838994679,3.1492326736450194,0.5645706653594971,0.02342313826084137,71681
9920,325058560,0.11627436674339825,3.129116439819336,0.569800853729248,0.023420672118663787,71935
9930,325386240,0.1159091915874644,3.1361099243164063,0.5635213375091552,0.023423774540424346,71740
9940,325713920,0.11554808634592575,3.1343996047973635,0.5618110656738281,0.023301814496517182,71750
9950,326041600,0.11519105440440423,3.1784059524536135,0.5688169956207275,0.023601919412612915,71943
9960,326369280,0.11483809911033188,3.134400177001953,0.5691353797912597,0.023401471972465514,71827
9970,326696960,0.11448922377291905,3.094687652587891,0.5601329803466797,0.023425957560539244,71925
9980,327024640,0.11414443166312378,3.121534538269043,0.5632570266723633,0.023377251625061036,71787
9990,327352320,0.11380372601362068,3.1472686767578124,0.5678997993469238,0.023429040610790253,71847
10000,327680000,0.11346711001877084,3.187436103820801,0.5703160285949707,0.0232938751578331,71679
10010,328007680,0.11313458683459209,3.1557132720947267,0.5652891159057617,0.023370431363582612,71698
10020,328335360,0.1128061595787291,3.0979307174682615,0.5652747631072998,0.023451098799705507,71699
10030,328663040,0.11248183133042423,3.0977445602416993,0.5618408203125,0.023592312633991242,71719
10040,328990720,0.1121616051304887,3.1632974624633787,0.5613846778869629,0.02341541796922684,71715
10050,329318400,0.11184548398127407,3.1656837463378906,0.5628169059753418,0.023374806344509124,71694
10060,329646080,0.1115334708466442,3.1624334335327147,0.5630346775054932,0.023194748163223266,71941
10070,329973760,0.11122556865194713,3.1316463470458986,0.5618988513946533,0.023436234891414644,71866
10080,330301440,0.11092178028398803,3.164986228942871,0.558750057220459,0.023239508271217346,71750
10090,330629120,0.11062210859100194,3.121928024291992,0.5642551898956298,0.0234506756067276,71697
10100,330956800,0.11032655638262713,3.108296775817871,0.5666101932525635,0.02350183129310608,71681
10110,331284480,0.11003512642987871,3.101640319824219,0.5664222717285157,0.023774600028991698,71683
10120,331612160,0.10974782146512263,3.1073822021484374,0.5674757957458496,0.023439641296863555,71675
10130,331939840,0.10946464418205015,3.1482444763183595,0.5656851768493653,0.023433008790016176,71687
10140,332267520,0.10918559723565256,3.1372127532958984,0.5622387409210206,0.023303931951522826,71690
10150,332595200,0.10891068324219619,3.1224655151367187,0.5616043090820313,0.023452025651931763,71697
10160,332922880,0.10863990477919801,3.1471269607543944,0.5656853199005127,0.023523573577404023,71706
10170,333250560,0.10837326438540137,3.1333789825439453,0.5665019989013672,0.02324482351541519,71671
10180,333578240,0.10811076456075239,3.151704025268555,0.5723292350769043,0.023526418209075927,71670
10190,333905920,0.10785240776637606,3.145635986328125,0.5721517086029053,0.02350023537874222,71703
10200,334233600,0.10759819642455375,3.1437116622924806,0.5611007690429688,0.02370283901691437,71668
10210,334561280,0.10734813291870007,3.1379074096679687,0.5683773517608642,0.02352011054754257,71724
10220,334888960,0.10710221959334083,3.1106372833251954,0.5654941082000733,0.023250405490398408,71669
10230,335216640,0.1068604587540908,3.0804189682006835,0.5770426750183105,0.0236930787563324,71681
10240,335544320,0.10662285266763208,3.1654247283935546,0.5612440586090088,0.023319236934185028,71645
10250,335872000,0.10638940356169316,3.185419273376465,0.5732524394989014,0.02353164255619049,71675
10260,336199680,0.10616011362502784,3.150295066833496,0.5644440174102783,0.023411551117897035,71646
10270,336527360,0.10593498500739457,3.1412755966186525,0.5669560432434082,0.02330697178840637,71725
10280,336855040,0.10571401981953649,3.0847518920898436,0.569954776763916,0.023500694334506987,71790
10290,337182720,0.1054972201331616,3.170054054260254,0.5707342624664307,0.02337048202753067,71835
10300,337510400,0.1052845879809234,3.1066606521606444,0.5645808219909668,0.023533588647842406,71961
10310,337838080,0.1050761253564016,3.1055408477783204,0.5680571556091308,0.02349132001399994,71763
10320,338165760,0.10487183421408361,3.105038642883301,0.5723244667053222,0.023626230657100677,71718
10330,338493440,0.10467171646934628,3.136240577697754,0.5657737731933594,0.023562830686569215,71698
10340,338821120,0.10447577399843784,3.0872068405151367,0.5642572402954101,0.023798519372940065,71827
10350,339148800,0.10428400863846014,3.145734405517578,0.566497802734375,0.023636509478092194,71716
10360,339476480,0.10409642218735184,3.135172653198242,0.5703760623931885,0.023679110407829284,71746
10370,339804160,0.10391301640387113,3.168530082702637,0.5633800983428955,0.02353590726852417,71819
10380,340131840,0.10373379300757954,3.1674169540405273,0.570022439956665,0.02358322888612747,71857
10390,340459520,0.10355875367882568,3.1542564392089845,0.5771647930145264,0.0234635591506958,71678
10400,340787200,0.10338790005872946,3.1172512054443358,0.5683498382568359,0.023486822843551636,71666
10410,341114880,0.10322123374916685,3.121808624267578,0.5643942356109619,0.02352719008922577,71698
10420,341442560,0.10305875631275463,3.171520233154297,0.5675248146057129,0.023589661717414855,71846
10430,341770240,0.10290046927283596,3.1307842254638674,0.567201805114746,0.023365384340286253,71724
10440,342097920,0.10274637411346602,3.096742630004883,0.5654689788818359,0.02366786003112793,71735
10450,342425600,0.10259647227939807,3.1016502380371094,0.5616385459899902,0.0235767126083374,71760
10460,342753280,0.10245076517606988,3.1369245529174803,0.5667324066162109,0.02352200001478195,71718
10470,343080960,0.10230925416959066,3.1524707794189455,0.5656781673431397,0.02354002445936203,71700
10480,343408640,0.10217194058672814,3.145302581787109,0.5612515926361084,0.023586004972457886,71682
10490,343736320,0.10203882571489617,3.137390899658203,0.569384241104126,0.023926880955696107,71684
10500,344064000,0.10190991080214268,3.1159149169921876,0.5754260063171387,0.02372252196073532,71746
10510,344391680,0.10178519705713801,3.1548614501953125,0.5707511901855469,0.023571518063545228,71748
10520,344719360,0.10166468564916337,3.142914962768555,0.5665470600128174,0.02340250164270401,71664
10530,345047040,0.1015483777081002,3.1420902252197265,0.5784478187561035,0.02396165728569031,71718
10540,345374720,0.1014362743244193,3.161690902709961,0.5661075115203857,0.023566266894340514,71735
10550,345702400,0.1013283765491707,3.1149213790893553,0.5644196987152099,0.023699213564395905,71780
10560,346030080,0.1012246853939739,3.138656234741211,0.5627625465393067,0.023533685505390166,71721
10570,346357760,0.10112520183100829,3.1798290252685546,0.576263427734375,0.02369835376739502,71718
10580,346685440,0.10102992679300399,3.0831253051757814,0.5697751045227051,0.023665034770965578,71721
10590,347013120,0.10093886117323318,3.1494524002075197,0.5688554763793945,0.02385331690311432,71704
10600,347340800,0.10085200582550177,3.0995468139648437,0.5688423633575439,0.02373664975166321,71747
10610,347668480,0.10076936156414122,3.1414480209350586,0.5759740829467773,0.023864281177520753,71716
10620,347996160,0.10069092916400112,3.126272201538086,0.5730472564697265,0.023628777265548705,71708
10630,348323840,0.10061670936044179,3.1255970001220703,0.5680864810943603,0.023795697093009948,71673
10640,348651520,0.10054670284932737,3.1489545822143556,0.5679962158203125,0.02361193746328354,71658
10650,348979200,0.10048091028701947,3.151445770263672,0.5797068119049072,0.023985078930854796,71763
10660,349306880,0.10041933229037073,3.1385454177856444,0.5655579090118408,0.023638834059238435,71724
10670,349634560,0.10036196943671932,3.109663200378418,0.5728214263916016,0.023871099948883055,71697
10680,349962240,0.10030882226388341,3.1430030822753907,0.571619701385498,0.0236467108130455,71703
10690,350289920,0.10025989127015598,3.090488815307617,0.5642260551452637,0.023737436532974242,71744
10700,350617600,0.10021517691430043,3.1472639083862304,0.5725698471069336,0.023600423336029054,71666
10710,350945280,0.10017467961554609,3.1612043380737305,0.5694062232971191,0.02342382222414017,71882
10720,351272960,0.10013839975358439,3.1354326248168944,0.5706904888153076,0.023795010149478914,71791
10730,351600640,0.10010633766856511,3.089224624633789,0.5704015731811524,0.023734283447265626,71716
10740,351928320,0.10007849366109348,3.111727714538574,0.5696032524108887,0.02392484396696091,71718
10750,352256000,0.10005486799222715,3.1065963745117187,0.5718219757080079,0.02366112470626831,71701
10760,352583680,0.10003546088347381,3.113046073913574,0.5662388801574707,0.023826417326927186,71693
10770,352911360,0.10002027251678908,3.130440902709961,0.5715034008026123,0.02354429066181183,71703
10780,353239040,0.1000093030345748,3.116791534423828,0.5710559368133545,0.02393503189086914,71726
10790,353566720,0.10000255253967788,3.142140197753906,0.5756093502044678,0.023747868835926056,71753
10800,353894400,0.10000002109538904,3.171340560913086,0.5747823238372802,0.023587892949581146,71803
