step,tokens,lr_mult,loss,grad_norm,value_grad_norm,tok_s
10,327680,0.01310615989515072,10.773074340820312,7.855332946777343,0.011141210049390792,53222
20,655360,0.02621231979030144,10.418597412109374,4.299195098876953,0.006189374625682831,57503
30,983040,0.039318479685452164,10.182035064697265,2.1776897430419924,0.003706299886107445,57280
40,1310720,0.05242463958060288,10.060421752929688,1.9076337814331055,0.0034239664673805237,57294
50,1638400,0.0655307994757536,9.87323226928711,1.969549560546875,0.004252628237009048,57525
60,1966080,0.07863695937090433,9.647151947021484,2.2793909072875977,0.006832143664360047,57513
70,2293760,0.09174311926605505,9.440596771240234,2.1691585540771485,0.006624875217676162,57864
80,2621440,0.10484927916120576,9.223358154296875,2.091060829162598,0.006177155300974846,58034
90,2949120,0.11795543905635648,8.997908020019532,1.7870567321777344,0.005856861919164657,58107
100,3276800,0.1310615989515072,8.736643981933593,1.8612403869628906,0.0059895128011703495,58153
110,3604480,0.14416775884665792,8.515951538085938,1.7797281265258789,0.005408446490764618,58208
120,3932160,0.15727391874180865,8.287417602539062,1.7426025390625,0.0055982936173677444,58201
130,4259840,0.17038007863695936,8.03753433227539,1.5910018920898437,0.005767793580889702,58247
140,4587520,0.1834862385321101,7.844952392578125,1.4677419662475586,0.006631374359130859,58257
150,4915200,0.1965923984272608,7.651142120361328,1.4139698028564454,0.006826420873403549,58262
160,5242880,0.20969855832241152,7.484885406494141,1.1184257507324218,0.006471821665763855,58298
170,5570560,0.22280471821756226,7.331891632080078,1.009539794921875,0.007813193649053574,58350
180,5898240,0.23591087811271297,7.207948303222656,1.045658779144287,0.007357119023799897,58402
190,6225920,0.2490170380078637,7.132682037353516,1.074449348449707,0.007411646842956543,58491
200,6553600,0.2621231979030144,7.034175872802734,1.124220848083496,0.008839087933301926,58516
210,6881280,0.27522935779816515,6.941988372802735,1.060127353668213,0.008833087980747223,58466
220,7208960,0.28833551769331583,6.876949310302734,1.2326242446899414,0.009106265753507614,58510
230,7536640,0.30144167758846657,6.758901977539063,1.0825007438659668,0.009271101653575897,58496
240,7864320,0.3145478374836173,6.7498046875,1.285103988647461,0.009960658848285675,58471
250,8192000,0.32765399737876805,6.633144378662109,0.9271740913391113,0.008898003399372101,58470
260,8519680,0.34076015727391873,6.612626647949218,1.0347272872924804,0.00975688174366951,58439
270,8847360,0.35386631716906947,6.505276489257812,1.0783721923828125,0.010127686709165574,58432
280,9175040,0.3669724770642202,6.467488861083984,0.9646131515502929,0.009314849972724915,58444
290,9502720,0.3800786369593709,6.406808471679687,0.9907704353332519,0.009519966691732407,58409
300,9830400,0.3931847968545216,6.3828083038330075,1.000534439086914,0.009507001936435699,58427
310,10158080,0.40629095674967236,6.2961784362792965,0.8953978538513183,0.008830584585666656,58371
320,10485760,0.41939711664482304,6.2813255310058596,1.03818359375,0.009659342467784882,58420
330,10813440,0.4325032765399738,6.282625198364258,1.0823928833007812,0.010143540799617767,58455
340,11141120,0.4456094364351245,6.201407623291016,1.0147363662719726,0.00985797941684723,58447
350,11468800,0.45871559633027525,6.144880676269532,0.9877226829528809,0.009406273812055587,58453
360,11796480,0.47182175622542594,6.118122100830078,0.9474132537841797,0.00900694951415062,58451
370,12124160,0.4849279161205767,6.057213973999024,0.8564798355102539,0.008800335973501206,58464
380,12451840,0.4980340760157274,6.028327178955078,0.9058366775512695,0.009171056747436523,58448
390,12779520,0.5111402359108781,6.00256233215332,0.9610788345336914,0.009584522247314453,58461
400,13107200,0.5242463958060288,5.990012359619141,0.9306944847106934,0.009063990414142608,58459
410,13434880,0.5373525557011796,5.92852897644043,0.8410637855529786,0.009113534539937972,58447
420,13762560,0.5504587155963303,5.902982711791992,0.9119755744934082,0.009297206997871399,58462
430,14090240,0.563564875491481,5.8376514434814455,0.9096286773681641,0.009537183493375779,58502
440,14417920,0.5766710353866317,5.871430969238281,0.9055814743041992,0.009267621487379075,58516
450,14745600,0.5897771952817824,5.7619365692138675,0.8845270156860352,0.008839106559753418,58483
460,15073280,0.6028833551769331,5.671581268310547,0.8786250114440918,0.008979347348213196,58475
470,15400960,0.6159895150720839,5.718947982788086,0.8786149024963379,0.00931546464562416,58462
480,15728640,0.6290956749672346,5.644011688232422,0.991021728515625,0.00992172658443451,58514
490,16056320,0.6422018348623854,5.720957946777344,0.8769469261169434,0.009155095368623734,58466
500,16384000,0.6553079947575361,5.665222549438477,0.8246996879577637,0.008781531453132629,58500
510,16711680,0.6684141546526867,5.611387252807617,0.7890563488006592,0.008842602372169495,58511
520,17039360,0.6815203145478375,5.608579635620117,0.8655263900756835,0.009088899940252304,58496
530,17367040,0.6946264744429882,5.572476196289062,0.861607837677002,0.00922965407371521,58495
540,17694720,0.7077326343381389,5.556300354003906,0.8263604164123535,0.008959007263183594,58498
550,18022400,0.7208387942332897,5.4677894592285154,0.8525388717651368,0.008977560698986054,58539
560,18350080,0.7339449541284404,5.512115097045898,0.9092189788818359,0.009226518869400024,58540
570,18677760,0.747051114023591,5.417585754394532,0.823523998260498,0.009209644794464112,58558
580,19005440,0.7601572739187418,5.446408081054687,0.8263442039489746,0.009075122326612473,58541
590,19333120,0.7732634338138925,5.444917678833008,0.7952826499938965,0.008921805024147033,58548
600,19660800,0.7863695937090432,5.370462799072266,0.7924755096435547,0.009320136904716492,58584
610,19988480,0.799475753604194,5.3933666229248045,0.808176326751709,0.008673952519893646,58566
620,20316160,0.8125819134993447,5.331850814819336,0.7567173957824707,0.00852484330534935,58530
630,20643840,0.8256880733944955,5.296063232421875,0.7440608978271485,0.008987552672624587,58570
640,20971520,0.8387942332896461,5.32152099609375,0.7720962524414062,0.008634434640407562,58577
650,21299200,0.8519003931847968,5.3165546417236325,0.7733844757080078,0.008881757408380509,58477
660,21626880,0.8650065530799476,5.342632293701172,0.7643949031829834,0.008731180429458618,58544
670,21954560,0.8781127129750983,5.300839233398437,0.8179959297180176,0.008829016983509064,58505
680,22282240,0.891218872870249,5.266463851928711,0.7850093841552734,0.008702236413955688,58557
690,22609920,0.9043250327653998,5.2237388610839846,0.7373359680175782,0.008604153990745544,58466
700,22937600,0.9174311926605505,5.201552963256836,0.7700474739074707,0.008981273323297501,58550
710,23265280,0.9305373525557011,5.185255432128907,0.7899736404418946,0.008862809091806412,58489
720,23592960,0.9436435124508519,5.146018600463867,0.7097453117370606,0.008739027380943298,58557
730,23920640,0.9567496723460026,5.166485595703125,0.7405133724212647,0.008728297799825669,58582
740,24248320,0.9698558322411533,5.2171985626220705,0.7861632347106934,0.00863126441836357,58565
750,24576000,0.9829619921363041,5.154433822631836,0.751234483718872,0.008667516708374023,58560
760,24903680,0.9960681520314548,5.126171493530274,0.7466464042663574,0.008809653669595718,58567
770,25231360,0.999999619505605,5.061590576171875,0.7118722438812256,0.008373191952705384,58503
780,25559040,0.9999972942644099,5.107744216918945,0.6877989768981934,0.008311635255813599,58547
790,25886720,0.9999928551787042,5.010871887207031,0.6585099220275878,0.00856623575091362,58515
800,26214400,0.9999863022693405,5.033963394165039,0.7247443675994873,0.008797797560691833,58518
810,26542080,0.9999776355671006,5.0406852722167965,0.6884781360626221,0.008451088517904281,58479
820,26869760,0.999966855112696,4.948922348022461,0.6510061740875244,0.00819067731499672,58523
830,27197440,0.9999539609567677,5.019043731689453,0.6653075218200684,0.008633264899253845,58528
840,27525120,0.9999389531598855,5.002051925659179,0.6216517925262451,0.00810072273015976,58478
850,27852800,0.9999218317925475,4.901984786987304,0.6666565418243409,0.00838368535041809,58469
860,28180480,0.9999025969351808,4.930869674682617,0.7328606128692627,0.008811714500188828,58476
870,28508160,0.9998812486781407,4.922874069213867,0.9369836807250976,0.009601613134145736,58432
880,28835840,0.9998577871217097,4.932225036621094,0.6882066249847412,0.008324532210826874,58492
890,29163520,0.9998322123760972,4.879896545410157,0.6701541900634765,0.008414191752672195,58456
900,29491200,0.9998045245614399,4.922366333007813,0.6252357959747314,0.008092819899320602,58460
910,29818880,0.9997747238078001,4.861582183837891,0.6275874137878418,0.00817790925502777,58451
920,30146560,0.9997428102551656,4.833671951293946,0.5836255550384521,0.008004657924175262,58418
930,30474240,0.9997087840534492,4.784969329833984,0.6976644039154053,0.008877354115247727,58457
940,30801920,0.9996726453624875,4.864022064208984,0.6221899032592774,0.008272850513458252,58437
950,31129600,0.9996343943520406,4.883442687988281,0.6117227077484131,0.007936084270477295,58451
960,31457280,0.9995940312017911,4.797137451171875,0.5937349319458007,0.008081214129924774,58442
970,31784960,0.9995515561013435,4.750410842895508,0.6134820461273194,0.0083295539021492,58441
980,32112640,0.9995069692502226,4.793357849121094,0.6004714488983154,0.00804848074913025,58445
990,32440320,0.9994602708578736,4.7135883331298825,0.5939126968383789,0.008066827058792114,58394
1000,32768000,0.9994114611436603,4.663459777832031,0.5994562149047852,0.008071604371070861,58397
1010,33095680,0.9993605403368643,4.663654327392578,0.6268768787384034,0.008321616798639297,58378
1020,33423360,0.9993075086766843,4.611766052246094,0.608783483505249,0.008326076716184617,58388
1030,33751040,0.999252366412234,4.591374206542969,0.6209700107574463,0.008237157016992569,58375
1040,34078720,0.9991951138025426,4.622568511962891,0.637438154220581,0.008255962282419205,58370
1050,34406400,0.9991357511165514,4.597322463989258,0.6136963844299317,0.008246473968029022,58375
1060,34734080,0.9990742786331146,4.6033683776855465,0.5792308807373047,0.008209601789712907,58396
1070,35061760,0.9990106966409968,4.622439575195313,0.6043397903442382,0.008098200708627701,58377
1080,35389440,0.9989450054388717,4.523519515991211,0.5935041904449463,0.008168603479862212,58386
1090,35717120,0.9988772053353212,4.54837646484375,0.5778149127960205,0.008156871795654297,58379
1100,36044800,0.9988072966488337,4.5637859344482425,0.6145189285278321,0.008200572431087494,58382
1110,36372480,0.9987352797078023,4.537126541137695,0.7830318450927735,0.008267340064048768,58320
1120,36700160,0.998661154850524,4.532681274414062,0.5919929027557373,0.008094406872987746,58365
1130,37027840,0.9985849224251971,4.523964309692383,0.5831961631774902,0.008116582781076432,58348
1140,37355520,0.9985065827899208,4.491395950317383,0.6062237739562988,0.008048779517412185,58347
1150,37683200,0.998426136312692,4.462575531005859,0.5868403911590576,0.008004890382289886,58344
1160,38010880,0.9983435833714049,4.421292495727539,0.5678470611572266,0.007994577288627625,58343
1170,38338560,0.998258924353849,4.411833190917969,0.5625906467437745,0.007926997542381287,58357
1180,38666240,0.9981721596577064,4.468461227416992,0.6051239013671875,0.008144605904817581,58332
1190,38993920,0.9980832896905512,4.334308242797851,0.564869499206543,0.008206561952829362,58290
1200,39321600,0.9979923148698461,4.318907165527344,0.5338557243347168,0.008011503517627716,58310
1210,39649280,0.9978992356229419,4.388599395751953,0.5709988594055175,0.008133585005998612,58317
1220,39976960,0.9978040523870747,4.364892959594727,0.5880350589752197,0.00827651023864746,58307
1230,40304640,0.9977067656093641,4.337959289550781,0.5763276100158692,0.0081504188477993,58245
1240,40632320,0.9976073757468108,4.3238574981689455,0.564258337020874,0.008035905659198761,58265
1250,40960000,0.9975058832662946,4.352393341064453,0.5602077960968017,0.008201894909143448,58252
1260,41287680,0.9974022886445727,4.369825744628907,0.6677204608917237,0.008962074667215348,58255
1270,41615360,0.9972965923682765,4.344219589233399,0.6706669807434082,0.00885046049952507,58260
1280,41943040,0.9971887949339102,4.3212017059326175,0.5778019905090332,0.008167833089828491,58275
1290,42270720,0.9970788968478482,4.326591873168946,0.5542494773864746,0.008140446245670318,58276
1300,42598400,0.996966898626332,4.318909072875977,0.5572567939758301,0.008141651749610901,58248
1310,42926080,0.9968528007954691,4.29008903503418,0.5390833854675293,0.0081733837723732,58232
1320,43253760,0.9967366038912294,4.221824645996094,0.5673351287841797,0.008189532905817032,58228
1330,43581440,0.9966183084594433,4.347380065917969,0.5671021461486816,0.008173725754022598,58216
1340,43909120,0.996497915055799,4.290871047973633,0.5659441947937012,0.008289777487516404,58213
1350,44236800,0.9963754242458397,4.242790603637696,0.5370756149291992,0.008292552828788758,58222
1360,44564480,0.9962508366049612,4.264304733276367,0.5447992324829102,0.008077915757894516,58247
1370,44892160,0.9961241527184089,4.197133255004883,0.5322032928466797,0.008139432221651078,58254
1380,45219840,0.9959953731812754,4.252452850341797,0.5500811100006103,0.008148445934057235,58278
1390,45547520,0.9958644985984976,4.229978942871094,0.5542000770568848,0.008434931188821793,58246
1400,45875200,0.9957315295848536,4.236087417602539,0.5369727134704589,0.008157285302877426,58253
1410,46202880,0.99559646676496,4.1891426086425785,0.5285601615905762,0.008201877027750016,58173
1420,46530560,0.9954593107732691,4.184027862548828,0.5473811626434326,0.008494432270526885,58218
1430,46858240,0.9953200622540659,4.175192260742188,0.5521973609924317,0.008298676460981369,58213
1440,47185920,0.9951787218614647,4.187331771850586,0.5445004463195801,0.008293205499649048,58237
1450,47513600,0.9950352902594064,4.171218490600586,0.5116151332855224,0.008192457258701324,58195
1460,47841280,0.9948897681216552,4.178738403320312,0.5329779148101806,0.008405903726816178,58203
1470,48168960,0.9947421561317958,4.13848648071289,0.544176721572876,0.00830126777291298,58191
1480,48496640,0.9945924549832297,4.183452224731445,0.5258724689483643,0.00821642205119133,58183
1490,48824320,0.9944406653791718,4.250230407714843,0.5391262531280517,0.008181494474411011,58185
1500,49152000,0.994286788032648,4.128490829467774,0.5436269760131835,0.008570956438779831,58183
1510,49479680,0.9941308236664911,4.135981750488281,0.5245354175567627,0.00821094512939453,58202
1520,49807360,0.9939727730133375,4.114551162719726,0.5748476028442383,0.008311740309000015,58189
1530,50135040,0.9938126368156238,4.050851440429687,0.5184132575988769,0.008463028073310851,58122
1540,50462720,0.9936504158255838,4.155312728881836,0.5274102687835693,0.008309350162744523,58137
1550,50790400,0.9934861108052436,4.03177490234375,0.5536052703857421,0.008495278656482697,58178
1560,51118080,0.9933197225264201,4.098548889160156,0.5277290344238281,0.008445559442043305,58174
1570,51445760,0.9931512517707154,4.155378723144532,0.5430010795593262,0.008283449709415436,58183
1580,51773440,0.9929806993295143,4.06580810546875,0.5268192291259766,0.008276081830263137,58182
1590,52101120,0.99280806600398,4.080472946166992,0.5270129680633545,0.00829753577709198,58173
1600,52428800,0.9926333526050509,4.1234996795654295,0.5309633255004883,0.008295469731092454,58179
1610,52756480,0.9924565599534364,4.058205413818359,0.5252277851104736,0.008397283405065537,58178
1620,53084160,0.9922776888796125,4.108334732055664,0.5194606781005859,0.008378677070140839,58151
1630,53411840,0.9920967402238197,4.117582321166992,0.5272141456604004,0.008513931185007095,58122
1640,53739520,0.9919137148360565,4.065033340454102,0.5229855537414551,0.00830906480550766,58135
1650,54067200,0.9917286135760778,4.050655364990234,0.5252717971801758,0.008309131115674972,58115
1660,54394880,0.9915414373133894,4.001454162597656,0.5324611186981201,0.00848582535982132,58113
1670,54722560,0.9913521869272444,4.0255897521972654,0.5103600025177002,0.00835471749305725,58129
1680,55050240,0.991160863306639,4.027666473388672,0.49510040283203127,0.008307227492332458,58133
1690,55377920,0.9909674673503083,4.011581039428711,0.5188177108764649,0.008544602990150451,58146
1700,55705600,0.9907719999667222,4.105584335327149,0.521221113204956,0.008398796617984771,58127
1710,56033280,0.990574462074081,4.048732757568359,0.5025772094726563,0.008426966518163681,58096
1720,56360960,0.9903748546003112,4.060747909545898,0.5139311790466309,0.00851263627409935,58111
1730,56688640,0.9901731784830609,4.035850524902344,0.5318192958831787,0.008467213809490204,58136
1740,57016320,0.9899694346696959,4.002958297729492,0.5083438873291015,0.00848434716463089,58101
1750,57344000,0.9897636241172943,4.039588165283203,0.5098731517791748,0.008352746814489364,58079
1760,57671680,0.9895557477926437,4.048987579345703,0.5404866695404053,0.008566437661647797,58085
1770,57999360,0.9893458066722344,4.012749099731446,0.513279914855957,0.008507383614778518,58065
1780,58327040,0.9891338017422565,3.999459457397461,0.5000784397125244,0.00844525545835495,58074
1790,58654720,0.988919733998595,4.001192474365235,0.5077029705047608,0.008570798486471177,58072
1800,58982400,0.9887036044468247,4.035215377807617,0.507988166809082,0.008632803708314896,58070
1810,59310080,0.9884854141022056,3.968067169189453,0.5119507789611817,0.008710254728794099,58056
1820,59637760,0.9882651639896781,3.98721923828125,0.5199021339416504,0.008571797609329223,58097
1830,59965440,0.9880428551438585,4.023766326904297,0.5271486282348633,0.008658335357904435,58070
1840,60293120,0.9878184886090338,3.9464187622070312,0.5403439998626709,0.008705229312181473,58066
1850,60620800,0.9875920654391568,3.9532760620117187,0.5584466457366943,0.008627120405435562,58062
1860,60948480,0.9873635866978416,4.005052947998047,0.5889362335205078,0.008595222979784012,58050
1870,61276160,0.987133053458358,4.060615539550781,0.5029723644256592,0.008521832525730133,58055
1880,61603840,0.9869004668036266,3.9842975616455076,0.5407980918884278,0.008454185724258424,58069
1890,61931520,0.9866658278262145,3.9432849884033203,0.6268305301666259,0.008608333766460419,58053
1900,62259200,0.9864291376283284,3.9283878326416017,0.49126768112182617,0.00859188735485077,58037
1910,62586880,0.9861903973218116,3.9674266815185546,0.4915642738342285,0.008616075664758683,58028
1920,62914560,0.9859496080281371,3.94000129699707,0.5072003364562988,0.008529458194971085,58020
1930,63242240,0.9857067708784032,3.883192443847656,0.5162543296813965,0.008603641390800476,58036
1940,63569920,0.9854618870133276,3.9292934417724608,0.5202990055084229,0.009032487869262695,57996
1950,63897600,0.9852149575832427,3.8910926818847655,0.5123572826385498,0.008684167265892028,58003
1960,64225280,0.9849659837480899,3.9060874938964845,0.5098945617675781,0.008749822527170182,58008
1970,64552960,0.9847149666774135,3.93853645324707,0.4911512851715088,0.008654433488845825,58001
1980,64880640,0.9844619075503569,3.9194751739501954,0.5074613094329834,0.008637166023254395,58006
1990,65208320,0.9842068075556548,3.8995689392089843,0.49723968505859373,0.008731572329998017,57965
2000,65536000,0.9839496678916297,3.885187530517578,0.5089954853057861,0.00868799015879631,57993
2010,65863680,0.9836904897661849,3.873613739013672,0.5041770458221435,0.008659428358078003,57986
2020,66191360,0.9834292743967993,3.890030288696289,0.47901358604431155,0.008672190457582473,57969
2030,66519040,0.9831660230105219,3.9055992126464845,0.5130357265472412,0.008880236744880676,57991
2040,66846720,0.9829007368439657,3.9267528533935545,0.5076882839202881,0.008658498525619507,57993
2050,67174400,0.9826334171433019,3.8982173919677736,0.5197275638580322,0.008652054518461228,57956
2060,67502080,0.9823640651642543,3.909035491943359,0.49294161796569824,0.0086924247443676,57994
2070,67829760,0.9820926821720932,3.84216423034668,0.497860050201416,0.008696051687002182,57963
2080,68157440,0.9818192694416293,3.8895328521728514,0.476251220703125,0.008739550411701203,57917
2090,68485120,0.9815438282572083,3.908648681640625,0.48314857482910156,0.008776502311229705,57956
2100,68812800,0.9812663599127042,3.843309783935547,0.49423842430114745,0.00869893580675125,57946
2110,69140480,0.9809868657115136,3.8372119903564452,0.5073780059814453,0.008886639028787613,57929
2120,69468160,0.9807053469665494,3.9047386169433596,0.4975726127624512,0.008760319650173187,57956
2130,69795840,0.980421805000235,3.8349899291992187,0.501708698272705,0.008791685849428178,57943
2140,70123520,0.9801362411444974,3.877923583984375,0.5014636993408204,0.008878576755523681,57941
2150,70451200,0.9798486567407615,3.846969985961914,0.4949604034423828,0.008942528814077377,57951
2160,70778880,0.9795590531399438,3.833063507080078,0.49571642875671384,0.008896613866090775,57937
2170,71106560,0.9792674317024457,3.832582473754883,0.4889491081237793,0.00879233330488205,57955
2180,71434240,0.9789737937981473,3.8908927917480467,0.5430316925048828,0.009187686443328857,57941
2190,71761920,0.9786781408064011,3.86657829284668,0.5049946784973145,0.00888606458902359,57932
2200,72089600,0.9783804741160256,3.8405818939208984,0.5156024932861328,0.009339004755020142,57950
2210,72417280,0.978080795125298,3.8207351684570314,0.4994193077087402,0.008929568529129028,57905
2220,72744960,0.9777791052419487,3.8343334197998047,0.48602962493896484,0.008962257206439972,57925
2230,73072640,0.9774754058831538,3.8299991607666017,0.4882806301116943,0.00894235298037529,57920
2240,73400320,0.9771696984755293,3.841670608520508,0.5579187393188476,0.00899871289730072,57916
2250,73728000,0.9768619844551234,3.814988708496094,0.5154622077941895,0.008844458311796189,57915
2260,74055680,0.9765522652674108,3.791764831542969,0.49024658203125,0.008971363306045532,57903
2270,74383360,0.976240542367285,3.876008987426758,0.5058169364929199,0.00892709344625473,57904
2280,74711040,0.9759268172190521,3.8914157867431642,0.475958251953125,0.008890756964683532,57913
2290,75038720,0.9756110912964235,3.8245613098144533,0.47185564041137695,0.008984996378421784,57926
2300,75366400,0.9752933660825093,3.80076904296875,0.47554869651794435,0.008901286870241165,57907
2310,75694080,0.9749736430698112,3.779155731201172,0.502296257019043,0.008910319209098816,57857
2320,76021760,0.9746519237602153,3.8130115509033202,0.4970130920410156,0.009084806591272355,57916
2330,76349440,0.9743282096649852,3.810845947265625,0.5164376735687256,0.009240996837615967,57911
2340,76677120,0.9740025023047555,3.7375316619873047,0.48539390563964846,0.008998771756887436,57915
2350,77004800,0.9736748032095234,3.791580581665039,0.48774213790893556,0.009036988765001298,57928
2360,77332480,0.9733451139186423,3.879027557373047,0.4944027900695801,0.008986660093069077,57922
2370,77660160,0.973013435980815,3.7825225830078124,0.48095192909240725,0.009058511257171631,57907
2380,77987840,0.9726797709540852,3.836089324951172,0.4743825435638428,0.008993501961231231,57887
2390,78315520,0.9723441204058314,3.810542678833008,0.49780945777893065,0.009167779982089997,57907
2400,78643200,0.9720064859127585,3.790435791015625,0.47707133293151854,0.009064124524593353,57916
2410,78970880,0.9716668690608914,3.7918041229248045,0.4829221725463867,0.009117618948221207,57901
2420,79298560,0.9713252714455668,3.785723876953125,0.4757360935211182,0.009090709686279296,57896
2430,79626240,0.9709816946714261,3.821564865112305,0.4762087821960449,0.009096788614988327,57852
2440,79953920,0.9706361403524074,3.855729675292969,0.48552684783935546,0.009082534909248352,57857
2450,80281600,0.9702886101117387,3.809953308105469,0.4782989025115967,0.009097496420145035,57821
2460,80609280,0.9699391055819293,3.8013015747070313,0.5172782421112061,0.009204227477312088,57825
2470,80936960,0.9695876284047632,3.8554115295410156,0.4703794002532959,0.009040377289056777,57851
2480,81264640,0.9692341802312905,3.7652584075927735,0.4849905014038086,0.009099167585372925,57830
2490,81592320,0.9688787627218198,3.8362754821777343,0.4670970916748047,0.009034068882465362,57841
2500,81920000,0.9685213775459112,3.791822052001953,0.4937263011932373,0.00919698104262352,57865
2510,82247680,0.968162026382367,3.6897335052490234,0.4604198932647705,0.00921245813369751,57838
2520,82575360,0.9678007109192254,3.7318954467773438,0.4802981376647949,0.009015385806560517,57864
2530,82903040,0.9674374328537514,3.6711963653564452,0.47507452964782715,0.009083425998687744,57843
2540,83230720,0.9670721938924294,3.7446662902832033,0.4777997493743896,0.009093070775270462,57838
2550,83558400,0.966704995750955,3.820729446411133,0.4821122646331787,0.009044134616851806,57833
2560,83886080,0.9663358401542269,3.7332698822021486,0.46302070617675783,0.009111469238996505,57829
2570,84213760,0.965964728836339,3.773157501220703,0.4590188980102539,0.009055212140083313,57812
2580,84541440,0.9655916635405721,3.8322044372558595,0.5210694789886474,0.009411830455064774,57778
2590,84869120,0.9652166460193854,3.801446533203125,0.513569974899292,0.009236734360456467,57792
2600,85196800,0.9648396780344092,3.7164028167724608,0.4672600269317627,0.00919422209262848,57803
2610,85524480,0.9644607613564357,3.6962306976318358,0.46592369079589846,0.00929817333817482,57832
2620,85852160,0.9640798977654107,3.758766937255859,0.4737118721008301,0.009149445593357087,57823
2630,86179840,0.9636970890504263,3.6992351531982424,0.47458662986755373,0.009199261665344238,57834
2640,86507520,0.963312337009711,3.773405075073242,0.515012550354004,0.0093014158308506,57830
2650,86835200,0.9629256434506225,3.7544857025146485,0.4856278419494629,0.009246470034122467,57835
2660,87162880,0.9625370101896386,3.668758010864258,0.4763936042785645,0.009149902313947678,57828
2670,87490560,0.9621464390523483,3.7522819519042967,0.4717660427093506,0.009303732216358185,57792
2680,87818240,0.9617539318734444,3.7593967437744142,0.4745943546295166,0.009265834093093872,57806
2690,88145920,0.9613594904967137,3.712840270996094,0.46733531951904295,0.009175314009189606,57791
2700,88473600,0.9609631167750291,3.731922912597656,0.5030870914459229,0.009188885986804961,57812
2710,88801280,0.9605648125703407,3.730466842651367,0.506815242767334,0.009341692179441452,57797
2720,89128960,0.9601645797536662,3.7894779205322267,0.4993006706237793,0.009219259023666382,57826
2730,89456640,0.959762420205084,3.755126190185547,0.48309803009033203,0.009175212681293487,57827
2740,89784320,0.9593583358137223,3.749591827392578,0.47374892234802246,0.009248186647891999,57771
2750,90112000,0.9589523284777519,3.7436614990234376,0.4972404956817627,0.009356588125228882,57774
2760,90439680,0.9585444001043758,3.7265037536621093,0.47522716522216796,0.0092721089720726,57796
2770,90767360,0.9581345526098218,3.657917785644531,0.46042580604553224,0.009197528660297393,57768
2780,91095040,0.9577227879193322,3.6463645935058593,0.47189817428588865,0.009305340051651002,57775
2790,91422720,0.9573091079671553,3.7145622253417967,0.4780608654022217,0.009280064702033996,57836
2800,91750400,0.9568935146965365,3.696912384033203,0.4736654758453369,0.009287312626838684,57841
2810,92078080,0.9564760100597085,3.7334407806396483,0.47508554458618163,0.00927947461605072,57841
2820,92405760,0.956056596017883,3.646732711791992,0.46700372695922854,0.00939718559384346,57837
2830,92733440,0.9556352745412409,3.719242477416992,0.47722840309143066,0.009322360903024674,57817
2840,93061120,0.9552120476089232,3.6661140441894533,0.47556533813476565,0.009399697184562683,57853
2850,93388800,0.9547869172090215,3.7309932708740234,0.47344341278076174,0.009184273332357407,57858
2860,93716480,0.9543598853385692,3.699391174316406,0.46293187141418457,0.009233060479164123,57806
2870,94044160,0.9539309540035318,3.7294178009033203,0.48018679618835447,0.009345866739749908,57831
2880,94371840,0.953500125218797,3.695556640625,0.47203426361083983,0.009464292228221894,57792
2890,94699520,0.9530674010081663,3.659656524658203,0.4863000392913818,0.00935291200876236,57819
2900,95027200,0.9526327834043443,3.6317787170410156,0.4678934097290039,0.009468024224042892,57810
2910,95354880,0.9521962744489302,3.742947006225586,0.4645088672637939,0.009275291860103608,57817
2920,95682560,0.9517578761924075,3.688620758056641,0.46732416152954104,0.00930478572845459,57786
2930,96010240,0.9513175906941347,3.6767696380615233,0.47158122062683105,0.009406297653913497,57810
2940,96337920,0.9508754200223356,3.66719970703125,0.46431336402893064,0.009410645812749863,57815
2950,96665600,0.9504313662540893,3.661587142944336,0.4782413005828857,0.009351825714111328,57826
2960,96993280,0.949985431475321,3.6157970428466797,0.45567994117736815,0.00944317877292633,57784
2970,97320960,0.9495376177807917,3.6973236083984373,0.4671450138092041,0.00935760885477066,57801
2980,97648640,0.9490879272740883,3.6746997833251953,0.47727136611938475,0.00943438857793808,57789
2990,97976320,0.9486363620676144,3.6500099182128904,0.4585995674133301,0.009362688660621643,57812
3000,98304000,0.9481829242825798,3.677311325073242,0.45766677856445315,0.009475705027580262,57782
3010,98631680,0.9477276160489903,3.6961395263671877,0.4661535739898682,0.009522974491119385,57735
3020,98959360,0.9472704395056386,3.6430591583251952,0.4805168628692627,0.009239788353443145,57826
3030,99287040,0.9468113968000933,3.635961151123047,0.4733832836151123,0.009559725224971772,57802
3040,99614720,0.9463504900886894,3.7026222229003904,0.46120314598083495,0.009324628859758377,57789
3050,99942400,0.9458877215365181,3.669521713256836,0.4811392784118652,0.009436429291963578,57799
3060,100270080,0.9454230933174161,3.6773326873779295,0.47814550399780276,0.00941687598824501,57763
3070,100597760,0.9449566076139565,3.6862667083740233,0.4557168960571289,0.009405690431594848,57757
3080,100925440,0.944488266617437,3.685768890380859,0.4786523342132568,0.00942983403801918,57753
3090,101253120,0.9440180725278713,3.7302886962890627,0.5321850776672363,0.009628039598464967,57734
3100,101580800,0.9435460275539773,3.6467174530029296,0.49823570251464844,0.009395186603069306,57772
3110,101908480,0.9430721339131679,3.6786178588867187,0.46880621910095216,0.009585769474506378,57698
3120,102236160,0.9425963938315396,3.6298545837402343,0.47337875366210935,0.009521577507257462,57745
3130,102563840,0.9421188095438624,3.644082260131836,0.46399126052856443,0.009465646743774415,57740
3140,102891520,0.94163938329357,3.7113086700439455,0.4806572914123535,0.009461216628551483,57754
3150,103219200,0.9411581173327482,3.660990905761719,0.4631518363952637,0.009522893279790879,57759
3160,103546880,0.9406750139221247,3.6809005737304688,0.45656332969665525,0.009453699737787247,57707
3170,103874560,0.9401900753310587,3.6317047119140624,0.46647796630859373,0.009460261464118958,57729
3180,104202240,0.9397033038375302,3.588079071044922,0.46469316482543943,0.009519778937101365,57741
3190,104529920,0.9392147017281288,3.6811851501464843,0.49268145561218263,0.009358975291252136,57712
3200,104857600,0.9387242712980439,3.659804916381836,0.4782989978790283,0.009501781314611435,57725
3210,105185280,0.9382320148510529,3.6545993804931642,0.47588720321655276,0.009394344687461854,57657
3220,105512960,0.937737934699511,3.635855484008789,0.4645847320556641,0.009574937075376511,57715
3230,105840640,0.9372420331643404,3.644790267944336,0.46694331169128417,0.009574957937002183,57716
3240,106168320,0.9367443125750188,3.611560821533203,0.4567451477050781,0.009476017951965333,57686
3250,106496000,0.936244775269569,3.651514434814453,0.47869057655334474,0.009689965844154358,57676
3260,106823680,0.9357434235945475,3.5886741638183595,0.46658787727355955,0.00953134074807167,57726
3270,107151360,0.9352402599050346,3.5679882049560545,0.48257927894592284,0.009675506502389908,57721
3280,107479040,0.9347352865646213,3.6514854431152344,0.477583122253418,0.009477130323648452,57706
3290,107806720,0.9342285059454002,3.572762298583984,0.4529510498046875,0.009695975482463837,57680
3300,108134400,0.9337199204279533,3.584524917602539,0.4517159938812256,0.009559553861618043,57696
3310,108462080,0.9332095324013407,3.6609622955322267,0.4558247566223145,0.009598365426063538,57682
3320,108789760,0.93269734426309,3.6744998931884765,0.47724409103393556,0.009549666941165925,57702
3330,109117440,0.9321833584191851,3.7049739837646483,0.4893643379211426,0.009539178013801575,57703
3340,109445120,0.9316675772840538,3.5970104217529295,0.4779060840606689,0.009603194892406464,57718
3350,109772800,0.9311500032805579,3.648370361328125,0.5388437271118164,0.009877909719944001,57688
3360,110100480,0.9306306388399807,3.627285385131836,0.4705754280090332,0.009717410057783126,57683
3370,110428160,0.9301094864020161,3.623504638671875,0.4608000755310059,0.009583561867475509,57667
3380,110755840,0.929586548414757,3.6480422973632813,0.4636279582977295,0.009387273341417313,57694
3390,111083520,0.929061827334684,3.5436885833740233,0.4588825225830078,0.009686700999736786,57721
3400,111411200,0.928535325626654,3.6324005126953125,0.45972599983215334,0.009593890607357025,57719
3410,111738880,0.9280070457638875,3.6763889312744142,0.4874744415283203,0.009539472311735154,57685
3420,112066560,0.9274769902279585,3.612451934814453,0.4793661117553711,0.009754203259944916,57735
3430,112394240,0.9269451615087818,3.6097625732421874,0.4851839065551758,0.00988539233803749,57734
3440,112721920,0.926411562104602,3.6122928619384767,0.4712214946746826,0.009675896167755127,57697
3450,113049600,0.9258761945219811,3.5666046142578125,0.46871376037597656,0.009706665575504304,57721
3460,113377280,0.9253390612757871,3.5789825439453127,0.45357179641723633,0.009651479125022889,57706
3470,113704960,0.9248001648891824,3.6519851684570312,0.4848433017730713,0.009735128283500672,57722
3480,114032640,0.9242595078936112,3.6419998168945313,0.46766486167907717,0.009630036354064942,57691
3490,114360320,0.9237170928287887,3.58944091796875,0.48032326698303224,0.00970396026968956,57673
3500,114688000,0.923172922242688,3.6644515991210938,0.47249903678894045,0.009533263742923737,57705
3510,115015680,0.922626998691529,3.5940303802490234,0.48273472785949706,0.009578435122966767,57698
3520,115343360,0.922079324739766,3.5650966644287108,0.4676078796386719,0.009548240900039673,57718
3530,115671040,0.9215299029600759,3.6016666412353517,0.4597493648529053,0.009703292697668075,57694
3540,115998720,0.9209787359333456,3.6174854278564452,0.4750833511352539,0.009652595967054367,57692
3550,116326400,0.9204258262486603,3.6118709564208986,0.4736763000488281,0.009673877060413361,57660
3560,116654080,0.9198711765032919,3.56494026184082,0.4666374683380127,0.009541095048189164,57721
3570,116981760,0.9193147893026851,3.5403919219970703,0.45374622344970705,0.00977998524904251,57698
3580,117309440,0.9187566672604472,3.5851131439208985,0.47086200714111326,0.009800520539283753,57672
3590,117637120,0.9181968129983342,3.588570404052734,0.46495943069458007,0.009638044238090514,57694
3600,117964800,0.9176352291462395,3.595819854736328,0.466841459274292,0.009614551812410355,57694
3610,118292480,0.9170719183421812,3.6276901245117186,0.4803926467895508,0.00972658395767212,57690
3620,118620160,0.9165068832322891,3.590584945678711,0.4582007884979248,0.009723371267318726,57677
3630,118947840,0.9159401264707938,3.5605392456054688,0.4665207386016846,0.0096403107047081,57681
3640,119275520,0.9153716507200125,3.5898818969726562,0.4772189617156982,0.009868180006742477,57694
3650,119603200,0.9148014586503377,3.6604557037353516,0.4655910968780518,0.009671901911497116,57661
3660,119930880,0.9142295529402239,3.592354583740234,0.46109833717346194,0.009618268162012101,57662
3670,120258560,0.9136559362761759,3.5748363494873048,0.449329137802124,0.009844710677862167,57646
3680,120586240,0.9130806113527351,3.5745193481445314,0.4830282211303711,0.00979146808385849,57702
3690,120913920,0.9125035808724679,3.6079601287841796,0.45756020545959475,0.009658019244670867,57690
3700,121241600,0.9119248475459516,3.535044860839844,0.45842890739440917,0.009674272686243057,57699
3710,121569280,0.9113444140917637,3.60177001953125,0.4588626384735107,0.009740463644266128,57640
3720,121896960,0.9107622832364672,3.5316303253173826,0.45183215141296384,0.009636954963207245,57676
3730,122224640,0.9101784577145987,3.5596492767333983,0.46308035850524903,0.009741003811359405,57657
3740,122552320,0.9095929402686556,3.5508853912353517,0.46752157211303713,0.009889910370111466,57614
3750,122880000,0.9090057336490831,3.617018127441406,0.45994272232055666,0.00975254327058792,57628
3760,123207680,0.908416840614261,3.582173538208008,0.5070945739746093,0.010007430613040925,57632
3770,123535360,0.9078262639304908,3.6491344451904295,0.49233036041259765,0.010004889219999313,57612
3780,123863040,0.9072340063719835,3.551801300048828,0.4748661041259766,0.009901978075504303,57642
3790,124190720,0.9066400707208456,3.516769027709961,0.4696455955505371,0.00982460454106331,57672
3800,124518400,0.906044459767066,3.6055313110351563,0.46403894424438474,0.009828229248523713,57618
3810,124846080,0.905447176308504,3.590083694458008,0.45799741744995115,0.00980127528309822,57609
3820,125173760,0.9048482231508749,3.524019241333008,0.4736412525177002,0.009754469245672226,57646
3830,125501440,0.9042476031077374,3.572034454345703,0.4558171272277832,0.009711258858442307,57632
3840,125829120,0.9036453190004807,3.5578968048095705,0.48838191032409667,0.010021041333675384,57632
3850,126156800,0.9030413736583102,3.6043632507324217,0.4574129104614258,0.009693388640880585,57571
3860,126484480,0.9024357699182355,3.5652008056640625,0.4580517768859863,0.009704964607954026,57586
3870,126812160,0.9018285106250563,3.565256118774414,0.47136611938476564,0.009837590903043748,57591
3880,127139840,0.901219598631349,3.5493114471435545,0.4655942916870117,0.00978461727499962,57574
3890,127467520,0.9006090367974537,3.563939666748047,0.4553510665893555,0.009659568220376969,57577
3900,127795200,0.8999968279914605,3.544021987915039,0.4790010929107666,0.009945390373468399,57575
3910,128122880,0.8993829750891961,3.6107719421386717,0.48084125518798826,0.009807050973176957,57604
3920,128450560,0.8987674809742102,3.550284576416016,0.4549447536468506,0.009772669523954391,57586
3930,128778240,0.8981503485377622,3.588668441772461,0.4610571384429932,0.009808192402124405,57574
3940,129105920,0.8975315806788072,3.535788726806641,0.4629331588745117,0.00984175130724907,57578
3950,129433600,0.8969111803039826,3.575419235229492,0.4577191352844238,0.009727101027965545,57598
3960,129761280,0.8962891503275952,3.527724838256836,0.4556149482727051,0.009886905550956726,57580
3970,130088960,0.8956654936716058,3.5676097869873047,0.46778483390808107,0.009901709109544753,57600
3980,130416640,0.8950402132656169,3.592306900024414,0.4637417793273926,0.009797569364309311,57621
3990,130744320,0.8944133120468587,3.54040412902832,0.4689460277557373,0.009969216585159302,57645
4000,131072000,0.8937847929601748,3.5490760803222656,0.4690196990966797,0.009860683232545853,57644
4010,131399680,0.8931546589580086,3.572010803222656,0.4789295673370361,0.009896323084831238,57596
4020,131727360,0.8925229130003902,3.6073944091796877,0.45908517837524415,0.009743807464838028,57608
4030,132055040,0.8918895580549208,3.5337108612060546,0.47905855178833007,0.009908203035593033,57619
4040,132382720,0.8912545970967604,3.5711231231689453,0.4565744876861572,0.009784961491823197,57610
4050,132710400,0.8906180331086129,3.5508323669433595,0.4595315933227539,0.009889509528875351,57604
4060,133038080,0.8899798690807127,3.528239440917969,0.4667654037475586,0.009761132299900055,57618
4070,133365760,0.8893401080108099,3.61224250793457,0.47331819534301756,0.00972801297903061,57640
4080,133693440,0.8886987529041569,3.5319049835205076,0.45262656211853025,0.009754759818315506,57602
4090,134021120,0.888055806773494,3.5672370910644533,0.48238039016723633,0.00999962016940117,57631
4100,134348800,0.8874112726390354,3.525125503540039,0.4743483066558838,0.00992889553308487,57610
4110,134676480,0.8867651535284545,3.5743328094482423,0.4580241203308105,0.009865669906139374,57569
4120,135004160,0.8861174524768703,3.537676239013672,0.45792393684387206,0.009950799494981765,57557
4130,135331840,0.8854681725268331,3.557808685302734,0.4621138572692871,0.009816012531518935,57563
4140,135659520,0.8848173167283098,3.5786136627197265,0.46602544784545896,0.009855760633945465,57568
4150,135987200,0.8841648881386694,3.5490158081054686,0.4511093616485596,0.009799071401357651,57566
4160,136314880,0.88351088982267,3.567229080200195,0.4678677558898926,0.009917864203453064,57594
4170,136642560,0.8828553248524423,3.5193527221679686,0.47022476196289065,0.009799233078956604,57622
4180,136970240,0.8821981963074773,3.5649627685546874,0.47959117889404296,0.00985126942396164,57590
4190,137297920,0.8815395072746101,3.5564525604248045,0.46307787895202634,0.009836506843566895,57593
4200,137625600,0.8808792608480065,3.491008758544922,0.4564342021942139,0.009790263324975967,57578
4210,137953280,0.8802174601291479,3.5594863891601562,0.4595223903656006,0.009948676079511642,57569
4220,138280960,0.8795541082268172,3.536967468261719,0.4680500030517578,0.009944532811641694,57609
4230,138608640,0.8788892082570837,3.5743648529052736,0.4626344680786133,0.009787486493587494,57588
4240,138936320,0.8782227633432887,3.542092514038086,0.45283823013305663,0.009896796941757203,57577
4250,139264000,0.877554776616031,3.520354080200195,0.45603652000427247,0.009906049072742461,57570
4260,139591680,0.8768852512131515,3.523672103881836,0.44873948097229005,0.010001032799482345,57543
4270,139919360,0.8762141902797198,3.5336540222167967,0.4638174533843994,0.009942097216844558,57585
4280,140247040,0.8755415969680176,3.5244895935058596,0.4734622955322266,0.009937208890914918,57616
4290,140574720,0.8748674744375259,3.5748210906982423,0.4758172512054443,0.009755560755729675,57574
4300,140902400,0.8741918258549084,3.5056179046630858,0.5000103950500489,0.010193516314029694,57553
4310,141230080,0.8735146543939974,3.56431884765625,0.4770349025726318,0.00985437110066414,57540
4320,141557760,0.8728359632357797,3.5022315979003906,0.4653500556945801,0.009887559711933136,57580
4330,141885440,0.8721557555683797,3.532936859130859,0.46365933418273925,0.009764056652784348,57598
4340,142213120,0.8714740345870462,3.4776824951171874,0.4684565544128418,0.009941775351762772,57591
4350,142540800,0.8707908034941365,3.5377811431884765,0.475964879989624,0.00993603989481926,57560
4360,142868480,0.8701060654991017,3.5352710723876952,0.46950416564941405,0.00998697206377983,57563
4370,143196160,0.8694198238184716,3.5212535858154297,0.45706925392150877,0.009986332803964614,57532
4380,143523840,0.8687320816758393,3.495932769775391,0.4672238826751709,0.009928382933139801,57565
4390,143851520,0.8680428423018461,3.5113861083984377,0.45976576805114744,0.009889335930347442,57548
4400,144179200,0.8673521089341671,3.4917625427246093,0.468571138381958,0.009831717610359192,57587
4410,144506880,0.866659884817495,3.5163429260253904,0.47577652931213377,0.010032035410404205,57540
4420,144834560,0.865966173203525,3.4751914978027343,0.4576770305633545,0.009890255331993104,57603
4430,145162240,0.86527097735094,3.5435558319091798,0.477838134765625,0.010014192014932633,57544
4440,145489920,0.8645743005253953,3.552730941772461,0.4640087604522705,0.009945037215948105,57536
4450,145817600,0.8638761459995025,3.4987621307373047,0.47081842422485354,0.009986993670463563,57555
4460,146145280,0.8631765170528151,3.4942054748535156,0.4632523536682129,0.00992780551314354,57555
4470,146472960,0.8624754169718122,3.451613998413086,0.4732536792755127,0.010094920545816422,57580
4480,146800640,0.8617728490498839,3.5075111389160156,0.46384401321411134,0.010042000561952591,57555
4490,147128320,0.8610688165873153,3.3589221954345705,0.4515688419342041,0.009951437264680863,57561
4500,147456000,0.860363322891271,3.463275146484375,0.4728196620941162,0.01010323166847229,57542
4510,147783680,0.8596563712757798,3.4686744689941404,0.47341327667236327,0.009949186444282531,57507
4520,148111360,0.8589479650617188,3.46329345703125,0.45947980880737305,0.010001420974731445,57572
4530,148439040,0.8582381075767984,3.472309875488281,0.4611843109130859,0.00995526984333992,57558
4540,148766720,0.8575268021555462,3.507586669921875,0.4582690715789795,0.0100727379322052,57537
4550,149094400,0.8568140521392911,3.5022647857666014,0.4591489315032959,0.009872844070196151,57558
4560,149422080,0.8560998608761481,3.5011119842529297,0.45924911499023435,0.00984957069158554,57595
4570,149749760,0.8553842317210026,3.5332611083984373,0.45215716361999514,0.009949620813131332,57551
4580,150077440,0.8546671680354943,3.4707878112792967,0.4516021728515625,0.010086841881275177,57518
4590,150405120,0.8539486731880013,3.5075531005859375,0.45455155372619627,0.010039938986301422,57530
4600,150732800,0.8532287505536249,3.4617191314697267,0.4479537487030029,0.009968407452106476,57522
4610,151060480,0.8525074035141732,3.512971878051758,0.46065726280212405,0.009896819293498994,57514
4620,151388160,0.8517846354581458,3.5034732818603516,0.45450525283813475,0.009921916574239732,57515
4630,151715840,0.8510604497807165,3.5032512664794924,0.4874284744262695,0.010001976788043977,57522
4640,152043520,0.8503348498837191,3.4526859283447267,0.47312288284301757,0.010042668879032135,57498
4650,152371200,0.8496078391756305,3.5008255004882813,0.4665095806121826,0.009889466315507888,57515
4660,152698880,0.8488794210715549,3.452405548095703,0.4580946922302246,0.010014112293720245,57523
4670,153026560,0.8481495989932074,3.4609317779541016,0.44961700439453123,0.010057969391345978,57480
4680,153354240,0.8474183763688985,3.5234954833984373,0.46043171882629397,0.009989312291145325,57478
4690,153681920,0.8466857566335172,3.478596878051758,0.4532775402069092,0.00996606945991516,57520
4700,154009600,0.8459517432285163,3.530107879638672,0.4724076747894287,0.010111122578382491,57500
4710,154337280,0.8452163396018946,3.466258239746094,0.47055602073669434,0.009965932369232178,57502
4720,154664960,0.8444795492081815,3.48779182434082,0.46518969535827637,0.010076739639043809,57506
4730,154992640,0.8437413755084207,3.511875534057617,0.4768413543701172,0.009883752465248108,57503
4740,155320320,0.8430018219701542,3.5128917694091797,0.4687415599822998,0.009995099157094955,57519
4750,155648000,0.8422608920674052,3.4781173706054687,0.4670856475830078,0.00994206890463829,57524
4760,155975680,0.841518589280663,3.5184078216552734,0.47246661186218264,0.009986599534749984,57511
4770,156303360,0.8407749170968652,3.495104217529297,0.47272167205810545,0.009960807114839553,57502
4780,156631040,0.8400298790093831,3.4496307373046875,0.45618472099304197,0.010031119734048844,57502
4790,156958720,0.8392834785180031,3.455128860473633,0.4621161460876465,0.010076564550399781,57517
4800,157286400,0.8385357191289123,3.481048583984375,0.4640810489654541,0.009979942440986633,57478
4810,157614080,0.837786604354681,3.4750335693359373,0.4601166248321533,0.010093067586421967,57484
4820,157941760,0.8370361377142459,3.5125904083251953,0.47060561180114746,0.010055339336395264,57514
4830,158269440,0.8362843227328948,3.4092296600341796,0.4661433219909668,0.009973827749490738,57502
4840,158597120,0.8355311629422486,3.430094528198242,0.45996651649475095,0.010082365572452545,57479
4850,158924800,0.8347766618802456,3.446741485595703,0.46111326217651366,0.010000222176313401,57485
4860,159252480,0.8340208230911248,3.454123306274414,0.4694453239440918,0.010080111026763917,57511
4870,159580160,0.8332636501254091,3.4526912689208986,0.4607691764831543,0.010105668753385543,57476
4880,159907840,0.8325051465398888,3.4898426055908205,0.4721549987792969,0.009957012534141541,57492
4890,160235520,0.8317453158976044,3.5004390716552733,0.46646652221679685,0.010000825673341752,57499
4900,160563200,0.8309841617678299,3.4038509368896483,0.4569390773773193,0.01003185287117958,57502
4910,160890880,0.8302216877260572,3.4576030731201173,0.4590446472167969,0.010063370317220688,57489
4920,161218560,0.829457897353978,3.462412643432617,0.46993494033813477,0.010135403275489807,57500
4930,161546240,0.8286927942394671,3.4382034301757813,0.4773543357849121,0.010242576152086258,57500
4940,161873920,0.8279263819765664,3.4857032775878904,0.4730463981628418,0.009984131902456284,57466
4950,162201600,0.827158664165467,3.4435855865478517,0.4653113842010498,0.010065771639347076,57485
4960,162529280,0.8263896444124933,3.4446365356445314,0.4650322437286377,0.009953044354915619,57503
4970,162856960,0.825619326330085,3.4116710662841796,0.4640795707702637,0.010116215050220489,57522
4980,163184640,0.8248477135367809,3.454814910888672,0.46296048164367676,0.010190826654434205,57467
4990,163512320,0.8240748096572016,3.4108470916748046,0.4681428909301758,0.010168307274580003,57478
5000,163840000,0.8233006183220325,3.40914306640625,0.47613983154296874,0.010073085129261018,57484
5010,164167680,0.8225251431680068,3.4657115936279297,0.4596186637878418,0.009887892752885818,57464
5020,164495360,0.8217483878378885,3.3858585357666016,0.45809073448181153,0.01018635630607605,57487
5030,164823040,0.8209703559804551,3.4503814697265627,0.45649218559265137,0.010008053481578827,57512
5040,165150720,0.8201910512504803,3.4851959228515623,0.46320581436157227,0.010157734900712968,57479
5050,165478400,0.8194104773087175,3.4971961975097656,0.4681739330291748,0.010001717507839203,57485
5060,165806080,0.8186286378218818,3.4340038299560547,0.45913209915161135,0.010117414593696594,57463
5070,166133760,0.8178455364626335,3.4201873779296874,0.45768280029296876,0.009980874508619309,57458
5080,166461440,0.8170611769095599,3.358638381958008,0.4664339065551758,0.010090954601764679,57498
5090,166789120,0.8162755628471595,3.348210906982422,0.46966843605041503,0.010079415142536163,57502
5100,167116800,0.815488697965823,3.42611083984375,0.4791258811950684,0.010114943981170655,57467
5110,167444480,0.8147005859618172,3.494633102416992,0.48320560455322265,0.01000516265630722,57437
5120,167772160,0.813911230537267,3.3957141876220702,0.4559942245483398,0.01007162481546402,57474
5130,168099840,0.8131206354001385,3.4790184020996096,0.46711249351501466,0.010011354833841324,57474
5140,168427520,0.8123288042642208,3.371106719970703,0.45763311386108396,0.010094911605119706,57452
5150,168755200,0.8115357408491098,3.4287788391113283,0.4687666416168213,0.009978140145540238,57448
5160,169082880,0.8107414488801894,3.4566593170166016,0.46620779037475585,0.01007845625281334,57443
5170,169410560,0.8099459320886147,3.4671764373779297,0.4660665512084961,0.010083379596471787,57459
5180,169738240,0.8091491942112942,3.46887092590332,0.47041888236999513,0.010204224288463593,57427
5190,170065920,0.8083512389908728,3.4145973205566404,0.46882405281066897,0.010134030133485794,57477
5200,170393600,0.8075520701757136,3.4873401641845705,0.45885400772094725,0.0100877083837986,57455
5210,170721280,0.8067516915198807,3.4647090911865233,0.4607408046722412,0.010013744235038757,57451
5220,171048960,0.8059501067831211,3.453386688232422,0.47588672637939455,0.010052091628313064,57462
5230,171376640,0.8051473197308472,3.4128936767578124,0.46878809928894044,0.010213498026132584,57450
5240,171704320,0.8043433341341197,3.41580810546875,0.472761869430542,0.010156330466270447,57425
5250,172032000,0.8035381537696291,3.477936935424805,0.47409749031066895,0.010071735829114914,57490
5260,172359680,0.8027317824196785,3.4779312133789064,0.46891489028930666,0.010095546394586563,57458
5270,172687360,0.8019242238721653,3.4456016540527346,0.47721138000488283,0.010301686078310012,57423
5280,173015040,0.8011154819205639,3.4094799041748045,0.4700176239013672,0.010075992345809937,57454
5290,173342720,0.8003055603639075,3.437007522583008,0.4619640350341797,0.010146930813789368,57449
5300,173670400,0.799494463006771,3.438700485229492,0.4609175682067871,0.010023246705532073,57459
5310,173998080,0.7986821936592519,3.472077178955078,0.4667811870574951,0.010099469870328903,57465
5320,174325760,0.7978687561369534,3.4569561004638674,0.46761307716369627,0.010079609602689743,57484
5330,174653440,0.7970541542609662,3.426983642578125,0.46175575256347656,0.009956815838813781,57458
5340,174981120,0.7962383918578503,3.415384292602539,0.46469926834106445,0.010222799330949783,57458
5350,175308800,0.7954214727596175,3.5031269073486326,0.4927487373352051,0.010048410296440125,57446
5360,175636480,0.794603400803713,3.407781219482422,0.46814374923706054,0.010024747997522353,57475
5370,175964160,0.7937841798329972,3.388798141479492,0.4656034469604492,0.010208232700824738,57447
5380,176291840,0.7929638136957288,3.3797866821289064,0.4670924186706543,0.010158828645944595,57473
5390,176619520,0.7921423062455447,3.460601806640625,0.47392911911010743,0.010157101601362229,57421
5400,176947200,0.791319661341444,3.3999000549316407,0.4579103946685791,0.01016693189740181,57411
5410,177274880,0.7904958828477688,3.474657440185547,0.4818868637084961,0.010080625861883163,57441
5420,177602560,0.7896709746341858,3.4004150390625,0.4482476234436035,0.01014532521367073,57425
5430,177930240,0.7888449405756687,3.4015132904052736,0.47738966941833494,0.010148467123508453,57442
5440,178257920,0.78801778455248,3.422627258300781,0.47788176536560056,0.010234460234642029,57438
5450,178585600,0.7871895104501523,3.387349319458008,0.4844347953796387,0.010250818729400635,57435
5460,178913280,0.7863601221594704,3.3969493865966798,0.462030029296875,0.010223636031150818,57418
5470,179240960,0.7855296235764533,3.409147262573242,0.48155865669250486,0.010259706526994705,57470
5480,179568640,0.7846980186023351,3.452729034423828,0.4571362495422363,0.010006006062030792,57430
5490,179896320,0.7838653111435474,3.3770915985107424,0.4771376132965088,0.01010153442621231,57490
5500,180224000,0.7830315051117006,3.3853481292724608,0.47339720726013185,0.010129696875810622,57457
5510,180551680,0.7821966044235655,3.4090652465820312,0.4840266227722168,0.01029573529958725,57447
5520,180879360,0.7813606130010551,3.46612548828125,0.4618112087249756,0.009974829107522964,57448
5530,181207040,0.7805235347712062,3.479511260986328,0.4675257682800293,0.010086274147033692,57469
5540,181534720,0.7796853736661605,3.448139190673828,0.4823455810546875,0.01025799959897995,57461
5550,181862400,0.7788461336231468,3.3887569427490236,0.46149134635925293,0.01001996099948883,57458
5560,182190080,0.7780058185844622,3.398842620849609,0.4691122055053711,0.010273488610982895,57471
5570,182517760,0.777164432497453,3.358287811279297,0.4678223133087158,0.01016850620508194,57461
5580,182845440,0.7763219793144973,3.473236846923828,0.4623904228210449,0.010217218101024628,57446
5590,183173120,0.7754784629929858,3.3621009826660155,0.46175336837768555,0.01011548712849617,57460
5600,183500800,0.7746338874953032,3.380807113647461,0.4886958599090576,0.010848534107208253,57455
5610,183828480,0.773788256788809,3.4140087127685548,0.47452306747436523,0.010220322012901305,57458
5620,184156160,0.7729415748458205,3.4050418853759767,0.4622180938720703,0.010179323703050613,57453
5630,184483840,0.7720938456435924,3.430347442626953,0.4730003833770752,0.0101742684841156,57442
5640,184811520,0.7712450731642992,3.3357803344726564,0.4672544002532959,0.010176517069339752,57460
5650,185139200,0.7703952613950162,3.441263198852539,0.47687816619873047,0.010197439789772033,57449
5660,185466880,0.7695444143277006,3.3739501953125,0.5054343700408935,0.010333389043807983,57468
5670,185794560,0.7686925359591726,3.3930690765380858,0.4788170337677002,0.010219918936491013,57443
5680,186122240,0.7678396302910978,3.443498992919922,0.48122220039367675,0.010214048624038696,57441
5690,186449920,0.7669857013299661,3.4468093872070313,0.46905813217163084,0.010158137232065201,57453
5700,186777600,0.7661307530870757,3.471112060546875,0.4632533550262451,0.01016935110092163,57419
5710,187105280,0.7652747895785117,3.3586021423339845,0.4679859638214111,0.0101584792137146,57381
5720,187432960,0.7644178148251293,3.2960956573486326,0.4604447841644287,0.01025434285402298,57416
5730,187760640,0.7635598328525331,3.4261592864990233,0.4805516242980957,0.010208750516176224,57424
5740,188088320,0.76270084769106,3.3952205657958983,0.4690370559692383,0.010220980644226075,57435
5750,188416000,0.7618408633757584,3.4200695037841795,0.46727695465087893,0.010180657356977462,57447
5760,188743680,0.760979883946371,3.444631576538086,0.4860063552856445,0.010170921683311462,57430
5770,189071360,0.7601179134473144,3.4201255798339845,0.4873830318450928,0.010033132135868072,57442
5780,189399040,0.7592549559276612,3.413920593261719,0.46330814361572265,0.010142726451158523,57458
5790,189726720,0.7583910154411201,3.475429153442383,0.47208418846130373,0.010264648497104645,57418
5800,190054400,0.7575260960460173,3.4436405181884764,0.46492581367492675,0.010140122473239898,57419
5810,190382080,0.7566602018052777,3.4394264221191406,0.46741042137145994,0.010208005458116532,57464
5820,190709760,0.7557933367864051,3.4517162322998045,0.48403210639953614,0.010067062079906463,57439
5830,191037440,0.7549255050614639,3.3925121307373045,0.47309465408325196,0.010267654806375504,57427
5840,191365120,0.7540567107070592,3.398880386352539,0.4683197021484375,0.01025000661611557,57399
5850,191692800,0.753186957804318,3.3865779876708983,0.47194743156433105,0.010159283131361007,57439
5860,192020480,0.7523162504388706,3.416944885253906,0.47604756355285643,0.010232477635145187,57452
5870,192348160,0.7514445927008302,3.449625778198242,0.47838578224182127,0.010203482210636139,57438
5880,192675840,0.7505719886847744,3.3018550872802734,0.48273191452026365,0.010204751044511795,57436
5890,193003520,0.7496984424897264,3.4080543518066406,0.47196483612060547,0.010217486321926117,57403
5900,193331200,0.7488239582191348,3.374158477783203,0.4855997562408447,0.01026681438088417,57417
5910,193658880,0.7479485399808549,3.400833511352539,0.47689547538757326,0.010359851270914077,57406
5920,193986560,0.7470721918871295,3.3488437652587892,0.46959614753723145,0.010174143314361572,57405
5930,194314240,0.7461949180545687,3.3666481018066405,0.4853228569030762,0.010222521424293519,57414
5940,194641920,0.745316722604132,3.394296646118164,0.4660668849945068,0.010090214759111404,57422
5950,194969600,0.744437609661108,3.43272705078125,0.48247671127319336,0.01019861400127411,57402
5960,195297280,0.7435575833550946,3.342687225341797,0.4748712062835693,0.010192091017961502,57438
5970,195624960,0.7426766478199808,3.4923782348632812,0.4844057559967041,0.010178273171186447,57392
5980,195952640,0.7417948071939264,3.3882091522216795,0.4819507598876953,0.010402114689350128,57402
5990,196280320,0.7409120656193431,3.32398681640625,0.47491888999938964,0.010222447663545608,57426
6000,196608000,0.7400284272428742,3.3406070709228515,0.4697537422180176,0.010380305349826813,57424
6010,196935680,0.7391438962153765,3.384032440185547,0.46558713912963867,0.0101051926612854,57371
6020,197263360,0.7382584766918991,3.3849208831787108,0.47002348899841306,0.010151487588882447,57429
6030,197591040,0.7373721728316657,3.3801506042480467,0.47487664222717285,0.010263264924287797,57412
6040,197918720,0.7364849887980534,3.4382244110107423,0.4851378440856934,0.010105112195014953,57391
6050,198246400,0.7355969287585742,3.424113082885742,0.4795413017272949,0.010288692265748977,57367
6060,198574080,0.7347079968848549,3.4189395904541016,0.4815203189849854,0.010264316946268082,57394
6070,198901760,0.733818197352618,3.344918441772461,0.4730186939239502,0.01009237915277481,57410
6080,199229440,0.7329275343416618,3.2925201416015626,0.46320323944091796,0.010283371806144715,57397
6090,199557120,0.7320360120358402,3.3815078735351562,0.4777238368988037,0.0102927528321743,57422
6100,199884800,0.7311436346230444,3.3550846099853517,0.4672872543334961,0.010315543413162232,57392
6110,200212480,0.7302504062951819,3.4336124420166017,0.4707644462585449,0.01022738590836525,57389
6120,200540160,0.7293563312481574,3.350072479248047,0.4789916515350342,0.010242833197116852,57428
6130,200867840,0.7284614136818531,3.3685718536376954,0.4743974208831787,0.010301389545202256,57383
6140,201195520,0.7275656578001092,3.3001785278320312,0.47489500045776367,0.010245270282030105,57401
6150,201523200,0.7266690678107032,3.3687820434570312,0.46785812377929686,0.010262027382850647,57414
6160,201850880,0.7257716479253312,3.3600231170654298,0.46576404571533203,0.01030249297618866,57403
6170,202178560,0.7248734023595879,3.32906494140625,0.46706132888793944,0.010337208956480026,57401
6180,202506240,0.7239743353329462,3.3675910949707033,0.46981010437011717,0.010288592427968979,57409
6190,202833920,0.7230744510687378,3.4215301513671874,0.4688891410827637,0.010217728465795517,57424
6200,203161600,0.7221737537941337,3.3783836364746094,0.48057103157043457,0.010274051874876022,57436
6210,203489280,0.7212722477401238,3.3931594848632813,0.4719662666320801,0.010304804146289825,57397
6220,203816960,0.7203699371414969,3.4366378784179688,0.4741972923278809,0.01019480973482132,57402
6230,204144640,0.7194668262368217,3.359617233276367,0.4687528610229492,0.010253283381462096,57407
6240,204472320,0.7185629192684256,3.374917984008789,0.46390256881713865,0.01026211753487587,57398
6250,204800000,0.7176582204823762,3.335501480102539,0.468748664855957,0.01037231758236885,57399
6260,205127680,0.7167527341284602,3.329310989379883,0.47329063415527345,0.010353564471006393,57367
6270,205455360,0.715846464460164,3.3755111694335938,0.46751017570495607,0.010216083377599716,57423
6280,205783040,0.7149394157346535,3.349641799926758,0.4742774963378906,0.010249430686235428,57406
6290,206110720,0.7140315922127544,3.374235916137695,0.48295202255249026,0.01029634028673172,57427
6300,206438400,0.7131229981589317,3.376722717285156,0.48468751907348634,0.01026608794927597,57418
6310,206766080,0.7122136378412699,3.3295974731445312,0.48117570877075194,0.010416971147060394,57406
6320,207093760,0.7113035155314535,3.371388626098633,0.47087464332580564,0.010342350602149964,57384
6330,207421440,0.710392635504746,3.402431106567383,0.46710567474365233,0.01018243357539177,57386
6340,207749120,0.70948100203997,3.3862899780273437,0.4783904552459717,0.010322635620832443,57379
6350,208076800,0.7085686194194882,3.412791061401367,0.47050185203552247,0.01022198274731636,57408
6360,208404480,0.7076554919291816,3.3617286682128906,0.4730037212371826,0.010309386998414993,57392
6370,208732160,0.7067416238584305,3.3558609008789064,0.47155466079711916,0.01024627462029457,57385
6380,209059840,0.7058270195000943,3.4157405853271485,0.470536470413208,0.010233800858259201,57392
6390,209387520,0.7049116831504906,3.398258590698242,0.4805912017822266,0.010299340635538102,57393
6400,209715200,0.7039956191093758,3.42962532043457,0.4816902637481689,0.010305490344762802,57380
6410,210042880,0.7030788316799246,3.4218513488769533,0.4958690643310547,0.010333685576915741,57385
6420,210370560,0.7021613251687095,3.3905384063720705,0.492234992980957,0.010350833088159562,57393
6430,210698240,0.7012431038856815,3.4463268280029298,0.4782388687133789,0.010341231524944306,57400
6440,211025920,0.7003241721441484,3.354472351074219,0.47811260223388674,0.010212117433547973,57393
6450,211353600,0.699404534260756,3.383158874511719,0.46910991668701174,0.010149236768484116,57375
6460,211681280,0.6984841945554667,3.3391277313232424,0.500832462310791,0.010643163323402404,57379
6470,212008960,0.6975631573515402,3.2987457275390626,0.4627946376800537,0.010167558491230012,57404
6480,212336640,0.6966414269755121,3.363798141479492,0.46929430961608887,0.010340742021799087,57363
6490,212664320,0.6957190077571747,3.370513153076172,0.475966215133667,0.010285726189613343,57396
6500,212992000,0.6947959040295556,3.2800384521484376,0.4695135593414307,0.010365957766771317,57403
6510,213319680,0.693872120128898,3.3877098083496096,0.4751917362213135,0.01036793738603592,57377
6520,213647360,0.6929476603946405,3.3807804107666017,0.4971578121185303,0.010207383334636689,57418
6530,213975040,0.6920225291693962,3.3539791107177734,0.48364906311035155,0.010381146520376205,57430
6540,214302720,0.6910967307989323,3.2926189422607424,0.47242231369018556,0.010416790097951888,57405
6550,214630400,0.6901702696321502,3.3246841430664062,0.49004530906677246,0.0103060744702816,57412
6560,214958080,0.6892431500210646,3.360988235473633,0.4777068614959717,0.010236356407403946,57416
6570,215285760,0.6883153763207832,3.4564895629882812,0.48278160095214845,0.010256370157003402,57353
6580,215613440,0.6873869528894864,3.33801155090332,0.4783149242401123,0.01032882034778595,57414
6590,215941120,0.6864578840884065,3.3932373046875,0.4795351028442383,0.010335566848516465,57377
6600,216268800,0.6855281742818073,3.345586395263672,0.47763829231262206,0.010373663157224655,57388
6610,216596480,0.6845978278369642,3.3536434173583984,0.48232154846191405,0.010519350320100785,57364
6620,216924160,0.683666849124143,3.4222408294677735,0.4752673149108887,0.010248912125825882,57388
6630,217251840,0.6827352425165789,3.352997589111328,0.48720488548278806,0.010372497886419297,57389
6640,217579520,0.6818030123904574,3.3899982452392576,0.4804874897003174,0.01040504053235054,57385
6650,217907200,0.6808701631248927,3.351756286621094,0.4807823657989502,0.010375548899173737,57379
6660,218234880,0.6799366991019075,3.363643264770508,0.47770986557006834,0.010277974605560302,57387
6670,218562560,0.6790026247064119,3.3858715057373048,0.5055648803710937,0.010382739454507827,57391
6680,218890240,0.6780679443261837,3.3327796936035154,0.47929229736328127,0.010446549952030182,57403
6690,219217920,0.6771326623518468,3.3633995056152344,0.5001118659973145,0.010387220233678818,57398
6700,219545600,0.6761967831768516,3.349030685424805,0.4770594596862793,0.010438880324363709,57379
6710,219873280,0.6752603111974533,3.3418964385986327,0.4793732166290283,0.010322894901037216,57365
6720,220200960,0.6743232508126922,3.395081329345703,0.48062758445739745,0.010373362898826599,57395
6730,220528640,0.6733856064243724,3.3862178802490233,0.49013485908508303,0.010317775607109069,57409
6740,220856320,0.6724473824370414,3.263771820068359,0.4697655200958252,0.010442052036523819,57374
6750,221184000,0.6715085832579691,3.3256717681884767,0.48272366523742677,0.010398340225219727,57358
6760,221511680,0.6705692132971278,3.3392879486083986,0.48016796112060545,0.010537035763263702,57368
6770,221839360,0.6696292769671708,3.2673362731933593,0.4738185405731201,0.010249298810958863,57376
6780,222167040,0.6686887786834115,3.3531730651855467,0.4696469306945801,0.010293550044298171,57371
6790,222494720,0.6677477228638038,3.360484313964844,0.4818920135498047,0.010395006090402604,57375
6800,222822400,0.6668061139289202,3.316148376464844,0.470092248916626,0.010437356680631638,57391
6810,223150080,0.6658639563019313,3.356303024291992,0.47950425148010256,0.010394760966300964,57369
6820,223477760,0.6649212544085855,3.3695346832275392,0.48670525550842286,0.010353730618953704,57364
6830,223805440,0.6639780126771876,3.235173797607422,0.48513007164001465,0.0104674331843853,57381
6840,224133120,0.6630342355385784,3.330985260009766,0.4753046989440918,0.010257596522569657,57382
6850,224460800,0.6620899274261136,3.321867752075195,0.47509255409240725,0.010341613739728927,57411
6860,224788480,0.6611450927756435,3.3510978698730467,0.4765498638153076,0.010375845432281493,57389
6870,225116160,0.6601997360254913,3.3457015991210937,0.483825159072876,0.010546676814556122,57390
6880,225443840,0.659253861616433,3.288885498046875,0.4781037330627441,0.010332868248224259,57403
6890,225771520,0.6583074739916764,3.3052089691162108,0.4814128398895264,0.010336998105049133,57390
6900,226099200,0.65736057759684,3.342997360229492,0.4822296142578125,0.010447784513235091,57390
6910,226426880,0.656413176879932,3.394480895996094,0.494058895111084,0.010410269349813461,57393
6920,226754560,0.65546527629133,3.403411102294922,0.4859041213989258,0.010392406582832336,57386
6930,227082240,0.6545168802837597,3.350836181640625,0.49603919982910155,0.010409621894359589,57402
6940,227409920,0.6535679933122733,3.3594417572021484,0.49038991928100584,0.010456259548664092,57373
6950,227737600,0.6526186198342305,3.3179580688476564,0.4805628299713135,0.010392359644174575,57373
6960,228065280,0.6516687643092755,3.3811080932617186,0.4868300437927246,0.010240728408098221,57397
6970,228392960,0.6507184311993169,3.363958740234375,0.4785897731781006,0.010335037112236023,57384
6980,228720640,0.6497676249685073,3.3109600067138674,0.489119815826416,0.010502371937036514,57402
6990,229048320,0.648816350083221,3.3219886779785157,0.48134689331054686,0.010285147279500962,57374
7000,229376000,0.6478646110120344,3.3076534271240234,0.47952637672424314,0.010435598343610764,57374
7010,229703680,0.6469124122257043,3.3045379638671877,0.47863306999206545,0.010361123085021972,57374
7020,230031360,0.6459597581971467,3.3209659576416017,0.4830342769622803,0.010363109409809113,57383
7030,230359040,0.6450066534014163,3.241831588745117,0.46599574089050294,0.010549765080213547,57358
7040,230686720,0.6440531023156852,3.3299198150634766,0.4880808353424072,0.01042206510901451,57356
7050,231014400,0.643099109419222,3.320138168334961,0.48956775665283203,0.010451677441596984,57388
7060,231342080,0.6421446791933706,3.2956722259521483,0.4810142993927002,0.01040659099817276,57366
7070,231669760,0.6411898161215294,3.3119556427001955,0.4708263874053955,0.010391242802143097,57365
7080,231997440,0.6402345246891296,3.298401641845703,0.5891987323760987,0.011592116206884384,57360
7090,232325120,0.6392788093836153,3.286591720581055,0.5058145523071289,0.010577318072319031,57359
7100,232652800,0.6383226746944214,3.2511932373046877,0.4958767890930176,0.010545624047517776,57379
7110,232980480,0.6373661251129528,3.249475860595703,0.5066379547119141,0.010418735444545746,57367
7120,233308160,0.6364091651325631,3.2508419036865233,0.47693557739257814,0.010493132472038268,57335
7130,233635840,0.6354517992485343,3.3630908966064452,0.4971196174621582,0.01033390760421753,57372
7140,233963520,0.6344940319580545,3.320648193359375,0.48713035583496095,0.0102811262011528,57351
7150,234291200,0.6335358677601981,3.332504653930664,0.48486032485961916,0.010359180718660354,57324
7160,234618880,0.6325773111559034,3.3218524932861326,0.4801804065704346,0.010487770289182663,57319
7170,234946560,0.631618366647952,3.3105533599853514,0.47766761779785155,0.010299145430326461,57307
7180,235274240,0.6306590387409481,3.3018478393554687,0.48492846488952634,0.010392468422651291,57340
7190,235601920,0.6296993319412965,3.3160476684570312,0.4825261116027832,0.010482124239206313,57338
7200,235929600,0.6287392507571821,3.3491256713867186,0.4775261878967285,0.010406622290611267,57344
7210,236257280,0.627778799698548,3.286627197265625,0.4877487659454346,0.010462726652622222,57307
7220,236584960,0.6268179832770756,3.309505844116211,0.4790363788604736,0.010381561517715455,57357
7230,236912640,0.6258568060061616,3.280780029296875,0.48408331871032717,0.010379093885421752,57351
7240,237240320,0.6248952724008985,3.3137653350830076,0.47919631004333496,0.010507248342037201,57349
7250,237568000,0.6239333869780525,3.317967987060547,0.4930370330810547,0.0103910394012928,57357
7260,237895680,0.6229711542560421,3.285609817504883,0.4852627754211426,0.010444000363349915,57342
7270,238223360,0.6220085787549176,3.288727569580078,0.48111920356750487,0.010385866463184356,57349
7280,238551040,0.6210456649963396,3.2337787628173826,0.47649497985839845,0.010405389964580536,57378
7290,238878720,0.6200824175035572,3.290683364868164,0.4766195774078369,0.010382848978042602,57366
7300,239206400,0.6191188408013876,3.332977294921875,0.48416848182678224,0.010587002336978912,57340
7310,239534080,0.618154939416194,3.263629913330078,0.4860982418060303,0.010460855066776275,57380
7320,239861760,0.6171907178758654,3.275965118408203,0.4764096736907959,0.01032027006149292,57370
7330,240189440,0.6162261807097943,3.3266376495361327,0.49412078857421876,0.010477825254201888,57368
7340,240517120,0.615261332448856,3.3240833282470703,0.4814939498901367,0.010387010872364044,57353
7350,240844800,0.6142961776253867,3.289244842529297,0.48752923011779786,0.01045193374156952,57349
7360,241172480,0.6133307207731634,3.293870544433594,0.48322310447692873,0.010478135943412781,57356
7370,241500160,0.6123649664273816,3.285320281982422,0.48003835678100587,0.010476540029048919,57370
7380,241827840,0.6113989191246338,3.2859027862548826,0.49492249488830564,0.010466457903385162,57390
7390,242155520,0.6104325834028894,3.286602783203125,0.48232321739196776,0.010424054414033889,57360
7400,242483200,0.6094659638014722,3.3275402069091795,0.48910698890686033,0.01036609262228012,57371
7410,242810880,0.6084990648610393,3.286000442504883,0.4818164348602295,0.010454989969730377,57363
7420,243138560,0.6075318911235607,3.3726993560791017,0.490567684173584,0.010403472185134887,57376
7430,243466240,0.6065644471322965,3.342431640625,0.49067234992980957,0.01028432473540306,57390
7440,243793920,0.6055967374317768,3.3757919311523437,0.48461065292358396,0.010541960597038269,57358
7450,244121600,0.6046287665677795,3.3190963745117186,0.48461079597473145,0.010355247557163239,57373
7460,244449280,0.6036605390873098,3.299422836303711,0.4863132953643799,0.01048688143491745,57348
7470,244776960,0.6026920595385779,3.296723556518555,0.4922313213348389,0.010398867726325988,57379
7480,245104640,0.6017233324709779,3.301131820678711,0.4877347946166992,0.01056349352002144,57368
7490,245432320,0.6007543624350674,3.229175567626953,0.485819149017334,0.010437986254692078,57378
7500,245760000,0.5997851539825445,3.2182151794433596,0.4775414943695068,0.010437341779470444,57382
7510,246087680,0.5988157116662278,3.243793487548828,0.47956271171569825,0.01046634539961815,57358
7520,246415360,0.5978460400400343,3.250160980224609,0.4860093116760254,0.010336261987686158,57391
7530,246743040,0.5968761436589581,3.273569869995117,0.4948476791381836,0.010508564114570618,57341
7540,247070720,0.595906027079049,3.3302127838134767,0.4902763366699219,0.010253207385540008,57368
7550,247398400,0.5949356948573915,3.2611560821533203,0.4857163906097412,0.010487186908721923,57374
7560,247726080,0.593965151552083,3.290324401855469,0.4771256923675537,0.01042495146393776,57351
7570,248053760,0.5929944017222119,3.2285266876220704,0.47864456176757814,0.010445141047239304,57355
7580,248381440,0.5920234499278374,3.3235164642333985,0.49046645164489744,0.010460253059864043,57374
7590,248709120,0.5910523007299672,3.2787010192871096,0.48955650329589845,0.01043262928724289,57368
7600,249036800,0.5900809586905363,3.3258083343505858,0.48657979965209963,0.010445480793714523,57341
7610,249364480,0.5891094283723856,3.304503631591797,0.48406047821044923,0.010444480180740356,57364
7620,249692160,0.5881377143392402,3.336457061767578,0.4912431240081787,0.010513000190258026,57347
7630,250019840,0.5871658211556886,3.3731929779052736,0.5018454551696777,0.010404770076274873,57390
7640,250347520,0.5861937533871606,3.2513309478759767,0.48914575576782227,0.010292501747608184,57366
7650,250675200,0.585221515599906,3.300510025024414,0.49721827507019045,0.010458116978406906,57405
7660,251002880,0.5842491123609734,3.2326263427734374,0.4922156810760498,0.010468222200870514,57396
7670,251330560,0.5832765482381888,3.326975631713867,0.4940319061279297,0.010516124963760375,57341
7680,251658240,0.5823038278001335,3.2950973510742188,0.49773731231689455,0.010656587779521942,57367
7690,251985920,0.5813309556161232,3.2636180877685548,0.48299150466918944,0.010461731255054474,57385
7700,252313600,0.5803579362561871,3.288873291015625,0.4819046974182129,0.010472819954156876,57340
7710,252641280,0.5793847742910447,3.327608108520508,0.49419293403625486,0.01053193137049675,57336
7720,252968960,0.5784114742920861,3.2938541412353515,0.4923105239868164,0.010480031371116638,57349
7730,253296640,0.5774380408313496,3.2115001678466797,0.48842477798461914,0.01052452325820923,57379
7740,253624320,0.5764644784815004,3.2656959533691405,0.49138593673706055,0.010545333474874496,57368
7750,253952000,0.575490791815809,3.3293125152587892,0.487517261505127,0.010470395535230636,57351
7760,254279680,0.5745169854081302,3.3039230346679687,0.48084292411804197,0.010383575409650802,57353
7770,254607360,0.5735430638328811,3.2351802825927733,0.484742546081543,0.010649757832288742,57352
7780,254935040,0.5725690316650198,3.2598873138427735,0.4852943420410156,0.010484538972377777,57353
7790,255262720,0.571594893480024,3.2759952545166016,0.4832010269165039,0.010676011443138123,57343
7800,255590400,0.5706206538538694,3.301844024658203,0.49685845375061033,0.010504827648401261,57349
7810,255918080,0.5696463173630077,3.316939926147461,0.4969631195068359,0.010528425872325897,57355
7820,256245760,0.5686718885843468,3.301359176635742,0.4987025737762451,0.010467130690813065,57356
7830,256573440,0.5676973720952269,3.282126235961914,0.518837833404541,0.010725603252649308,57355
7840,256901120,0.5667227724734006,3.2860851287841797,0.5053521633148194,0.010431334376335144,57344
7850,257228800,0.5657480942970116,3.317670440673828,0.4991740703582764,0.010522213578224183,57380
7860,257556480,0.5647733421445715,3.288334274291992,0.48027286529541013,0.010413730144500732,57357
7870,257884160,0.5637985205949405,3.3091457366943358,0.4844827651977539,0.01050698608160019,57338
7880,258211840,0.5628236342273044,3.300598907470703,0.4900310516357422,0.010408644378185273,57398
7890,258539520,0.5618486876211529,3.297749328613281,0.48982882499694824,0.010508349537849427,57361
7900,258867200,0.5608736853562596,3.2958538055419924,0.49625749588012696,0.010556887835264206,57376
7910,259194880,0.5598986320126588,3.2828502655029297,0.48711504936218264,0.010494101047515868,57382
7920,259522560,0.5589235321706254,3.180607032775879,0.4918503284454346,0.010512463003396987,57399
7930,259850240,0.557948390410652,3.294171142578125,0.5044628143310547,0.010536299645900726,57369
7940,260177920,0.5569732113134289,3.2836212158203124,0.4915800094604492,0.010507652163505554,57363
7950,260505600,0.5559979994598211,3.2580551147460937,0.49799933433532717,0.010601053386926651,57371
7960,260833280,0.5550227594308477,3.338776397705078,0.49408636093139646,0.01051832213997841,57371
7970,261160960,0.5540474958076603,3.215877151489258,0.4832494258880615,0.010423174500465393,57394
7980,261488640,0.5530722131715214,3.2712638854980467,0.49494109153747556,0.010631979256868363,57376
7990,261816320,0.5520969161037825,3.268870544433594,0.5015867233276368,0.010456624627113342,57370
8000,262144000,0.551121609185863,3.3096351623535156,0.4963057041168213,0.010615299642086028,57352
8010,262471680,0.5501462969992287,3.2160499572753904,0.4859734535217285,0.010585585981607437,57376
8020,262799360,0.5491709841253699,3.2239761352539062,0.4916391372680664,0.01060008853673935,57367
8030,263127040,0.5481956751457805,3.2644588470458986,0.4878063678741455,0.010515697300434113,57361
8040,263454720,0.5472203746419358,3.270363998413086,0.48937416076660156,0.010574624687433243,57383
8050,263782400,0.5462450871952715,3.2175636291503906,0.4939591407775879,0.010436920821666718,57365
8060,264110080,0.5452698173871616,3.219639205932617,0.4944340705871582,0.010648880898952485,57375
8070,264437760,0.5442945697988978,3.281984329223633,0.4850553035736084,0.010547872632741928,57355
8080,264765440,0.5433193490116667,3.284571075439453,0.49562344551086424,0.010553377121686936,57365
8090,265093120,0.5423441596065299,3.2565563201904295,0.5090754985809326,0.01060047522187233,57358
8100,265420800,0.5413690061644008,3.2714027404785155,0.5073810577392578,0.01067451760172844,57367
8110,265748480,0.5403938932660243,3.2603389739990236,0.5046676635742188,0.010569203644990921,57350
8120,266076160,0.5394188254919544,3.2943553924560547,0.4905081748962402,0.010477213561534882,57356
8130,266403840,0.538443807422534,3.2439651489257812,0.49149308204650877,0.010503560304641724,57376
8140,266731520,0.5374688436378715,3.2526786804199217,0.49052796363830564,0.010562628507614136,57374
8150,267059200,0.5364939387178209,3.295261001586914,0.49419069290161133,0.010541976243257523,57353
8160,267386880,0.5355190972419597,3.1838348388671873,0.4911800861358643,0.010582885146141053,57373
8170,267714560,0.5345443237895667,3.3006027221679686,0.4983671188354492,0.010474665462970734,57351
8180,268042240,0.5335696229396024,3.269807052612305,0.499383544921875,0.010517679154872894,57365
8190,268369920,0.532594999270685,3.2779556274414063,0.4983931541442871,0.010589227825403214,57348
8200,268697600,0.5316204573610711,3.323925018310547,0.5020286083221436,0.010562662035226822,57354
8210,269025280,0.5306460017886323,3.266313934326172,0.4918051719665527,0.010545195639133453,57373
8220,269352960,0.5296716371308356,3.2820812225341798,0.4870463371276855,0.01051502227783203,57387
8230,269680640,0.5286973679647203,3.237959289550781,0.49108519554138186,0.010517945885658265,57353
8240,270008320,0.5277231988668772,3.256428909301758,0.48870143890380857,0.010556156188249588,57364
8250,270336000,0.5267491344134275,3.2395565032958986,0.4943862438201904,0.010598388314247132,57355
8260,270663680,0.5257751791799999,3.300783157348633,0.514915657043457,0.010573213547468185,57333
8270,270991360,0.5248013377417113,3.251869964599609,0.4984520435333252,0.010630549490451812,57328
8280,271319040,0.523827614673143,3.1950201034545898,0.49386014938354494,0.010519478470087051,57321
8290,271646720,0.5228540145483207,3.222133255004883,0.48761744499206544,0.010488785803318024,57321
8300,271974400,0.5218805419406926,3.3046459197998046,0.49484429359436033,0.010574929416179657,57338
8310,272302080,0.5209072014231075,3.2158294677734376,0.4940497398376465,0.010597668588161469,57352
8320,272629760,0.5199339975677946,3.288565826416016,0.4947180271148682,0.0104752317070961,57330
8330,272957440,0.51896093494634,3.2905349731445312,0.49700350761413575,0.010392875969409942,57347
8340,273285120,0.5179880181296672,3.314830780029297,0.5084959030151367,0.010687120258808136,57309
8350,273612800,0.5170152516880143,3.1732254028320312,0.4927044868469238,0.010576981306076049,57341
8360,273940480,0.5160426401909136,3.255902099609375,0.5032576084136963,0.010617621988058091,57329
8370,274268160,0.5150701882071689,3.286215972900391,0.49345712661743163,0.01059957966208458,57333
8380,274595840,0.514097900304835,3.273904037475586,0.49879751205444334,0.010507270693778992,57338
8390,274923520,0.5131257810511961,3.295092010498047,0.5373510837554931,0.010529524087905884,57351
8400,275251200,0.5121538350127436,3.252248764038086,0.490812349319458,0.010632866621017456,57330
8410,275578880,0.511182066755156,3.17551212310791,0.4915125370025635,0.01064981147646904,57316
8420,275906560,0.510210480843276,3.2586002349853516,0.48840975761413574,0.0105744868516922,57338
8430,276234240,0.5092390818410902,3.2338356018066405,0.49449968338012695,0.010645819455385208,57337
8440,276561920,0.508267874311707,3.228472900390625,0.496629524230957,0.01059832125902176,57358
8450,276889600,0.5072968628173354,3.2991893768310545,0.5098466396331787,0.010659762471914292,57342
8460,277217280,0.5063260519192636,3.2454036712646483,0.5092953205108642,0.010602353513240815,57331
8470,277544960,0.5053554461778373,3.26787109375,0.49843435287475585,0.010612792521715163,57333
8480,277872640,0.5043850501524388,3.2126155853271485,0.4949356555938721,0.010702784359455108,57306
8490,278200320,0.5034148684014648,3.272111511230469,0.5182673931121826,0.010598301887512207,57333
8500,278528000,0.502444905482306,3.2455703735351564,0.5032676696777344,0.010690444707870483,57339
8510,278855680,0.5014751659513248,3.2312339782714843,0.5020927429199219,0.010636038333177566,57319
8520,279183360,0.5005056543638344,3.2201183319091795,0.5009799003601074,0.010576870292425156,57315
8530,279511040,0.499536375274077,3.2548397064208983,0.49604263305664065,0.010570078343153,57321
8540,279838720,0.4985673332352031,3.2050376892089845,0.49653124809265137,0.010767582803964615,57314
8550,280166400,0.49759853279924915,3.2384922027587892,0.49673166275024416,0.010519378632307053,57354
8560,280494080,0.4966299785171171,3.241045379638672,0.4983827590942383,0.010651147365570069,57327
8570,280821760,0.4956616749385523,3.218961715698242,0.5012093544006347,0.01064121425151825,57307
8580,281149440,0.49469362661212246,3.2939731597900392,0.5030985832214355,0.010461036115884781,57326
8590,281477120,0.49372583808519666,3.3011184692382813,0.4922734260559082,0.010585880279541016,57311
8600,281804800,0.4927583139039229,3.251573181152344,0.5041579723358154,0.010698267817497253,57306
8610,282132480,0.49179105861320815,3.2180137634277344,0.5005872249603271,0.010559437423944473,57329
8620,282460160,0.4908240767566955,3.269257736206055,0.5115414142608643,0.010621019452810288,57316
8630,282787840,0.48985737287674447,3.238597869873047,0.5022374629974365,0.010719147324562073,57299
8640,283115520,0.4888909515144081,3.2594886779785157,0.5041796207427979,0.010527513921260834,57335
8650,283443200,0.4879248172094126,3.2228038787841795,0.507282018661499,0.010518347471952438,57331
8660,283770880,0.4869589745001358,3.279677963256836,0.5177870750427246,0.010544046014547347,57318
8670,284098560,0.48599342792358535,3.246807861328125,0.505972957611084,0.010657188296318055,57351
8680,284426240,0.48502818201537845,3.2386093139648438,0.5008049011230469,0.010656435787677766,57319
8690,284753920,0.48406324130971956,3.229757308959961,0.4984004497528076,0.01060250774025917,57312
8700,285081600,0.4830986103393794,3.226465606689453,0.4943423271179199,0.010591442883014678,57329
8710,285409280,0.4821342936356737,3.280878448486328,0.4999039649963379,0.010623551905155182,57326
8720,285736960,0.4811702957284427,3.279508590698242,0.5072170734405518,0.010676252841949462,57313
8730,286064640,0.48020662114602786,3.226153564453125,0.49854350090026855,0.010705996304750443,57308
8740,286392320,0.4792432744152527,3.2627296447753906,0.5005301475524903,0.010711750388145447,57327
8750,286720000,0.47828026006140056,3.264787292480469,0.5020414829254151,0.01071225106716156,57335
8760,287047680,0.477317582608193,3.1715730667114257,0.4938074588775635,0.010678458958864212,57330
8770,287375360,0.4763552465777695,3.2493019104003906,0.5098700523376465,0.010636454820632935,57310
8780,287703040,0.47539325649066544,3.1890790939331053,0.506218957901001,0.01062835231423378,57354
8790,288030720,0.4744316168657915,3.2338756561279296,0.5053916931152344,0.010748895257711411,57306
8800,288358400,0.47347033222041146,3.2241397857666017,0.5133504390716552,0.010693009197711944,57309
8810,288686080,0.47250940707012234,3.2186965942382812,0.4952199935913086,0.010770700871944427,57267
8820,289013760,0.47154884592883173,3.1913692474365236,0.5037796020507812,0.010709664225578308,57328
8830,289341440,0.4705886533087379,3.2647022247314452,0.5076218605041504,0.010710582137107849,57289
8840,289669120,0.4696288337203076,3.198624610900879,0.5006156444549561,0.010607288777828216,57320
8850,289996800,0.4686693916722554,3.2112571716308596,0.49640545845031736,0.01066015288233757,57290
8860,290324480,0.46771033167152265,3.2044601440429688,0.5067100524902344,0.010748640447854996,57337
8870,290652160,0.4667516582232554,3.2707874298095705,0.49615702629089353,0.010641397535800933,57296
8880,290979840,0.46579337583078473,3.2165740966796874,0.4934051990509033,0.010704523324966431,57302
8890,291307520,0.4648354889956039,3.2509822845458984,0.5001839637756348,0.010628801584243775,57312
8900,291635200,0.4638780022173489,3.2001693725585936,0.5011977672576904,0.010598846524953843,57316
8910,291962880,0.4629209199937757,3.2269664764404298,0.5154599189758301,0.010597939789295196,57319
8920,292290560,0.46196424682074044,3.223824691772461,0.5028851985931396,0.010700178146362305,57326
8930,292618240,0.4610079871921775,3.1707538604736327,0.5077484607696533,0.01074065938591957,57296
8940,292945920,0.4600521456000787,3.22591552734375,0.5155616283416748,0.010698506236076355,57329
8950,293273600,0.4590967265344721,3.2484527587890626,0.5057106971740722,0.010570140928030014,57346
8960,293601280,0.4581417344834009,3.179428291320801,0.509586238861084,0.010750184208154679,57326
8970,293928960,0.45718717393290287,3.212003707885742,0.5151365280151368,0.010921350121498108,57316
8980,294256640,0.45623304936698816,3.2107723236083983,0.5078747749328614,0.010555022954940796,57299
8990,294584320,0.4552793652676195,3.2092060089111327,0.5077140808105469,0.010677281022071838,57313
9000,294912000,0.4543261261146899,3.2155071258544923,0.49540090560913086,0.010558342188596725,57346
9010,295239680,0.45337333638600297,3.284524917602539,0.5099803924560546,0.010698684304952622,57330
9020,295567360,0.45242100055725065,3.2717594146728515,0.5109763145446777,0.010725335776805877,57326
9030,295895040,0.45146912310199294,3.2643447875976563,0.5214118957519531,0.010585378855466843,57348
9040,296222720,0.4505177084916365,3.2378662109375,0.5043747901916504,0.010719207674264907,57329
9050,296550400,0.44956676119541383,3.2939720153808594,0.5073620796203613,0.010711180418729782,57319
9060,296878080,0.4486162856803626,3.2466197967529298,0.5073948860168457,0.010648474097251892,57340
9070,297205760,0.44766628641130346,3.1981927871704103,0.5014807224273682,0.010668915510177613,57356
9080,297533440,0.4467167678508208,3.1719921112060545,0.5019203186035156,0.010944758355617524,57328
9090,297861120,0.44576773445924056,3.220983123779297,0.4986127853393555,0.010788945108652115,57338
9100,298188800,0.4448191906946096,3.2727210998535154,0.5094264030456543,0.010713966190814972,57342
9110,298516480,0.44387114101267466,3.196800422668457,0.5015692234039306,0.010596240311861039,57324
9120,298844160,0.44292358986686153,3.1818275451660156,0.4967199802398682,0.010543463379144668,57322
9130,299171840,0.4419765417082546,3.189384651184082,0.5015167236328125,0.01069956049323082,57312
9140,299499520,0.4410300009855749,3.193368911743164,0.49076213836669924,0.010715826600790023,57315
9150,299827200,0.4400839721451604,3.189529228210449,0.5076912879943848,0.010772684961557389,57296
9160,300154880,0.43913845963094367,3.2377998352050783,0.5044170379638672,0.010689315944910049,57342
9170,300482560,0.4381934678844329,3.209368896484375,0.5044098854064941,0.010835328698158264,57315
9180,300810240,0.43724900134468936,3.2272899627685545,0.5072354793548584,0.010633924603462219,57311
9190,301137920,0.4363050644483073,3.2156402587890627,0.4959110260009766,0.010795406997203827,57304
9200,301465600,0.4353616616293928,3.2976783752441405,0.510735034942627,0.010681428015232086,57312
9210,301793280,0.4344187973195436,3.2763771057128905,0.5143870353698731,0.010649912804365159,57219
9220,302120960,0.43347647594782734,3.1795177459716797,0.495604419708252,0.010738977044820786,57304
9230,302448640,0.4325347019407614,3.2714881896972656,0.5064002990722656,0.01076522171497345,57297
9240,302776320,0.43159347972229234,3.2228240966796875,0.4976807594299316,0.010583574324846268,57288
9250,303104000,0.43065281371377384,3.2302967071533204,0.499113130569458,0.010657156258821488,57316
9260,303431680,0.4297127083339477,3.211619186401367,0.5180501461029052,0.010917180776596069,57305
9270,303759360,0.4287731679989216,3.2363101959228517,0.5113479137420655,0.01075214296579361,57289
9280,304087040,0.4278341971221492,3.1850414276123047,0.5105453968048096,0.010742208361625672,57310
9290,304414720,0.4268958001144092,3.239674758911133,0.5117924690246582,0.010796079039573669,57299
9300,304742400,0.42595798138378416,3.238524627685547,0.509957218170166,0.010828925669193268,57300
9310,305070080,0.4250207453356408,3.2434722900390627,0.5177250862121582,0.01078154519200325,57306
9320,305397760,0.42408409637260824,3.261210250854492,0.5189060688018798,0.010722830891609192,57302
9330,305725440,0.4231480388945583,3.230500030517578,0.7299716949462891,0.010784288495779037,57300
9340,306053120,0.4222125772985835,3.2407958984375,0.5135920524597168,0.010740945488214493,57336
9350,306380800,0.42127771597897823,3.17252197265625,0.5068018913269043,0.01060919538140297,57327
9360,306708480,0.4203434593272163,3.249134826660156,0.5033829212188721,0.010622723400592804,57305
9370,307036160,0.4194098117319315,3.217405319213867,0.5024419784545898,0.010724573582410812,57301
9380,307363840,0.41847677757889645,3.2220394134521486,0.5182057380676269,0.010749554634094239,57292
9390,307691520,0.41754436125100236,3.254106140136719,0.5113581657409668,0.010688868165016175,57294
9400,308019200,0.416612567128238,3.196665573120117,0.5054895401000976,0.010661059617996215,57296
9410,308346880,0.41568139958766936,3.1493167877197266,0.5078997611999512,0.010841305553913116,57245
9420,308674560,0.41475086300341946,3.192552375793457,0.49874415397644045,0.010813245922327042,57266
9430,309002240,0.41382096174664673,3.178873062133789,0.507404088973999,0.010795155912637711,57272
9440,309329920,0.412891700185526,3.2590118408203126,0.5106853485107422,0.0107854962348938,57254
9450,309657600,0.4119630826852264,3.1821243286132814,0.5062835216522217,0.010712365806102752,57295
9460,309985280,0.41103511360789224,3.2285392761230467,0.5092661380767822,0.010734697431325912,57306
9470,310312960,0.4101077973126215,3.229671096801758,0.5067670345306396,0.010693653672933578,57292
9480,310640640,0.40918113815544555,3.1460453033447267,0.5027924060821534,0.010803715139627457,57303
9490,310968320,0.40825514048930955,3.1797887802124025,0.4980628490447998,0.010797439515590668,57309
9500,311296000,0.4073298086640508,3.210528564453125,0.5124015808105469,0.010685568302869796,57292
9510,311623680,0.4064051470263791,3.1867570877075195,0.5094075202941895,0.010761773586273194,57291
9520,311951360,0.40548115991985556,3.273069381713867,0.5242165565490723,0.010706011950969697,57302
9530,312279040,0.4045578516848737,3.169624900817871,0.5242808818817138,0.010787411034107209,57295
9540,312606720,0.40363522665863694,3.2190185546875,0.5165629386901855,0.01087706834077835,57279
9550,312934400,0.4027132891751404,3.231572723388672,0.519147253036499,0.010714806616306305,57324
9560,313262080,0.40179204356514864,3.198514938354492,0.5148199081420899,0.010708615928888322,57320
9570,313589760,0.4008714941561764,3.1614967346191407,0.502627944946289,0.010734620690345763,57279
9580,313917440,0.3999516452724685,3.1704530715942383,0.49884767532348634,0.01078355684876442,57296
9590,314245120,0.39903250123497847,3.1668521881103517,0.5019140243530273,0.010687127709388733,57296
9600,314572800,0.3981140663613494,3.231240463256836,0.5213866710662842,0.010664314776659013,57291
9610,314900480,0.3971963449658923,3.2484764099121093,0.5225635051727295,0.010755199939012527,57290
9620,315228160,0.39627934135956777,3.1806915283203123,0.5029093742370605,0.010507173836231232,57307
9630,315555840,0.3953630598499638,3.234946060180664,0.5109140872955322,0.01084943413734436,57260
9640,315883520,0.3944475047412763,3.2363487243652345,0.5053211688995362,0.010774244368076325,57279
9650,316211200,0.3935326803342897,3.2469844818115234,0.5163346290588379,0.010779470205307007,57298
9660,316538880,0.3926185909263551,3.2824501037597655,0.5092573642730713,0.01068798452615738,57277
9670,316866560,0.3917052408113716,3.2144119262695314,0.5167092323303223,0.010887368023395539,57255
9680,317194240,0.39079263427976507,3.2040748596191406,0.5338243007659912,0.010918602347373962,57263
9690,317521920,0.389880775618469,3.213213348388672,0.5250134944915772,0.010578979551792145,57322
9700,317849600,0.388969669110903,3.2076820373535155,0.514883279800415,0.010680822283029556,57293
9710,318177280,0.38805931903695423,3.2244476318359374,0.5325490951538085,0.010816961526870728,57301
9720,318504960,0.38714972967295613,3.1725484848022463,0.51093430519104,0.010689425468444824,57285
9730,318832640,0.38624090529166855,3.163352203369141,0.5036951065063476,0.010748270153999328,57303
9740,319160320,0.3853328501622585,3.1747745513916015,0.5112741947174072,0.01080111563205719,57265
9750,319488000,0.38442556855027865,3.2533035278320312,0.5188602924346923,0.010740399360656738,57282
9760,319815680,0.38351906471764896,3.207392120361328,0.5178134918212891,0.010878127068281174,57276
9770,320143360,0.3826133429226348,3.2241287231445312,0.5248366355895996,0.010730905830860138,57275
9780,320471040,0.38170840741982925,3.224361038208008,0.510050916671753,0.010800179839134217,57233
9790,320798720,0.38080426246013044,3.1791915893554688,0.5133347511291504,0.0107134148478508,57272
9800,321126400,0.379900912290724,3.1312545776367187,0.5033692359924317,0.010892194509506226,57265
9810,321454080,0.3789983611550616,3.2099918365478515,0.5185137748718261,0.01074197143316269,57285
9820,321781760,0.3780966132928413,3.2195011138916017,0.5128793239593505,0.01065480411052704,57267
9830,322109440,0.37719567293998824,3.215633010864258,0.5106467247009278,0.010849189013242722,57264
9840,322437120,0.3762955443286341,3.1815773010253907,0.513742733001709,0.010678135603666306,57296
9850,322764800,0.37539623168709757,3.2744598388671875,0.5163336753845215,0.01082090213894844,57262
9860,323092480,0.37449773923986396,3.1426029205322266,0.5071573257446289,0.01081119105219841,57278
9870,323420160,0.37360007120756655,3.2293128967285156,0.5130133152008056,0.010839057713747024,57257
9880,323747840,0.37270323180696474,3.1966222763061523,0.5128748893737793,0.010712666064500808,57263
9890,324075520,0.3718072252509268,3.1548315048217774,0.5112486362457276,0.010891340672969818,57276
9900,324403200,0.370912055748408,3.2188957214355467,0.5172911167144776,0.010765360295772552,57244
9910,324730880,0.3700177275044315,3.211689758300781,0.5264632701873779,0.010818039625883102,57273
9920,325058560,0.369124244720069,3.159392166137695,0.5058326721191406,0.010921698063611984,57257
9930,325386240,0.36823161159242057,3.177492141723633,0.5044053077697754,0.010820592194795609,57258
9940,325713920,0.3673398323145951,3.194316291809082,0.5065138339996338,0.01078830361366272,57249
9950,326041600,0.36644891107569044,3.22400016784668,0.5135152339935303,0.010868130624294281,57291
9960,326369280,0.3655588520607741,3.207872009277344,0.5117578506469727,0.011005054414272308,57258
9970,326696960,0.3646696594508628,3.2496921539306642,0.5175097465515137,0.010686822235584259,57279
9980,327024640,0.3637813374229041,3.1923473358154295,0.5140411376953125,0.010842759907245637,57283
9990,327352320,0.36289389014975526,3.151194381713867,0.514805793762207,0.01084681749343872,57256
10000,327680000,0.3620073218001649,3.1835166931152346,0.5090379238128662,0.01067017689347267,57264
10010,328007680,0.3611216365387533,3.238079071044922,0.5233457565307618,0.010734710097312927,57257
10020,328335360,0.360236838525991,3.1944511413574217,0.544189453125,0.010891513526439666,57285
10030,328663040,0.3593529319181825,3.2281517028808593,0.5250741958618164,0.01081119030714035,57252
10040,328990720,0.35846992086744367,3.176182746887207,0.5172602653503418,0.01071964055299759,57251
10050,329318400,0.35758780952168456,3.2118595123291014,0.522868013381958,0.010877808928489685,57280
10060,329646080,0.3567066020245879,3.1561439514160154,0.5083763122558593,0.010770981013774873,57261
10070,329973760,0.35582630251559155,3.1833168029785157,0.5054394721984863,0.010829316079616546,57296
10080,330301440,0.3549469151298672,3.1239173889160154,0.49901485443115234,0.010862695425748825,57293
10090,330629120,0.3540684439983024,3.1721775054931642,0.5139787673950196,0.011022663861513137,57296
10100,330956800,0.3531908932474809,3.210403060913086,0.5157180786132812,0.010789059102535248,57283
10110,331284480,0.3523142669996624,3.21134033203125,0.515457010269165,0.010913985967636108,57180
10120,331612160,0.3514385693727643,3.2065147399902343,0.51576828956604,0.010687148571014405,57279
10130,331939840,0.3505638044803414,3.192168426513672,0.5148938179016114,0.010819134116172791,57289
10140,332267520,0.3496899764315674,3.2289608001708983,0.523695993423462,0.010825955867767334,57263
10150,332595200,0.3488170893312148,3.150237464904785,0.5170166969299317,0.010947518050670624,57259
10160,332922880,0.34794514727963644,3.128543663024902,0.5087922096252442,0.010772939771413803,57300
10170,333250560,0.3470741543727457,3.1743038177490233,0.5130348205566406,0.010831619799137115,57294
10180,333578240,0.346204114701997,3.1380964279174806,0.5148642539978028,0.010875172913074493,57292
10190,333905920,0.345335032354368,3.214406967163086,0.5156919002532959,0.010827220231294631,57264
10200,334233600,0.34446691141233793,3.1549434661865234,0.5181323528289795,0.011020481586456299,57255
10210,334561280,0.34359975595387116,3.1054445266723634,0.5163792133331299,0.01080983281135559,57282
10220,334888960,0.3427335700523958,3.2108909606933596,0.5148336887359619,0.010787224769592286,57292
10230,335216640,0.3418683577767862,3.234089660644531,0.5181393146514892,0.01091732382774353,57269
10240,335544320,0.34100412319134277,3.193940353393555,0.5256976127624512,0.010732113569974899,57283
10250,335872000,0.34014087035577323,3.2163970947265623,0.5227870464324951,0.010911437124013901,57250
10260,336199680,0.33927860332517384,3.2393646240234375,0.5238104343414307,0.010805895924568177,57286
10270,336527360,0.3384173261500096,3.116934394836426,0.5185997962951661,0.010694128274917603,57293
10280,336855040,0.33755704287609634,3.184052276611328,0.5215654373168945,0.010789442062377929,57285
10290,337182720,0.3366977575445804,3.178477478027344,0.5156644344329834,0.010757498443126678,57243
10300,337510400,0.3358394741919212,3.1607458114624025,0.5098714828491211,0.01076745092868805,57270
10310,337838080,0.33498219684987046,3.2640689849853515,0.5195445537567138,0.01084209382534027,57264
10320,338165760,0.3341259295454547,3.2311397552490235,0.5107161998748779,0.01077272742986679,57253
10330,338493440,0.33327067630095575,3.2443214416503907,0.5287040710449219,0.010934414714574814,57262
10340,338821120,0.3324164411338921,3.1756311416625977,0.5175752162933349,0.010777030885219575,57285
10350,339148800,0.33156322805699956,3.1619848251342773,0.5075007438659668,0.010759834945201874,57267
10360,339476480,0.3307110410782127,3.170213317871094,0.5099428653717041,0.010857661813497543,57261
10370,339804160,0.32985988420064666,3.2201309204101562,0.5154669761657715,0.010754044353961944,57246
10380,340131840,0.3290097614225766,3.1430774688720704,0.5184510231018067,0.010963532328605651,57266
10390,340459520,0.3281606767374211,3.1887067794799804,0.5212508201599121,0.010894658416509629,57268
10400,340787200,0.3273126341337218,3.213022994995117,0.5167928695678711,0.010740464180707931,57265
10410,341114880,0.3264656375951254,3.12133674621582,0.5162999629974365,0.010889825969934463,57259
10420,341442560,0.3256196911003647,3.1254550933837892,0.5193532466888428,0.010942457616329193,57286
10430,341770240,0.3247747986232399,3.166695976257324,0.5247384071350097,0.010799431055784226,57306
10440,342097920,0.3239309641325999,3.208645248413086,0.5260183811187744,0.010935141146183014,57278
10450,342425600,0.3230881915923239,3.181343841552734,0.5217964172363281,0.010870350152254104,57268
10460,342753280,0.32224648496130276,3.2225341796875,0.5299326419830322,0.010902146250009537,57270
10470,343080960,0.32140584819341994,3.1848934173583983,0.531950855255127,0.010929939150810242,57304
10480,343408640,0.3205662852375337,3.179050064086914,0.518280029296875,0.01090048998594284,57276
10490,343736320,0.3197278000374577,3.148490142822266,0.5220986843109131,0.010905545949935914,57283
10500,344064000,0.31889039653194307,3.129233169555664,0.52803053855896,0.010880494117736816,57319
10510,344391680,0.31805407865465946,3.139546775817871,0.5204853057861328,0.010843044519424439,57312
10520,344719360,0.31721885033417746,3.161966896057129,0.5128753185272217,0.010845857113599778,57296
10530,345047040,0.3163847154939489,3.1701635360717773,0.5287388324737549,0.010909604281187058,57296
10540,345374720,0.3155516780522891,3.209964370727539,0.5235796928405761,0.010842948406934737,57319
10550,345702400,0.31471974192235896,3.125162124633789,0.5135239124298095,0.010807288438081741,57279
10560,346030080,0.313888911012145,3.2307315826416017,0.5204496383666992,0.010829909145832062,57279
10570,346357760,0.3130591892244431,3.180942153930664,0.5142462253570557,0.010891612619161606,57271
10580,346685440,0.31223058045683816,3.193776321411133,0.5288017272949219,0.01079913303256035,57284
10590,347013120,0.3114030886016875,3.177493095397949,0.5149313926696777,0.010932786017656326,57260
10600,347340800,0.31057671754610106,3.1519264221191405,0.5146208763122558,0.01078854277729988,57288
10610,347668480,0.30975147117192475,3.097616195678711,0.5150661468505859,0.010929880291223526,57254
10620,347996160,0.3089273533557203,3.2391510009765625,0.5176873207092285,0.010858700424432755,57262
10630,348323840,0.3081043679687486,3.1806781768798826,0.5161919116973877,0.010875246673822402,57281
10640,348651520,0.30728251887695135,3.2115707397460938,0.5319438934326172,0.010799156874418259,57315
10650,348979200,0.30646180994093186,3.1531463623046876,0.5143248558044433,0.01086830198764801,57286
10660,349306880,0.3056422450159381,3.1339574813842774,0.5030535697937012,0.010781970620155335,57245
10670,349634560,0.30482382795184393,3.118255615234375,0.5167694568634034,0.010913540422916413,57260
10680,349962240,0.3040065625931312,3.2027572631835937,0.5286836147308349,0.010936155170202255,57295
10690,350289920,0.30319045277887136,3.1325668334960937,0.529224157333374,0.011085764318704606,57298
10700,350617600,0.3023755023427084,3.1477121353149413,0.5161741733551025,0.0108595073223114,57289
10710,350945280,0.3015617151128396,3.2083702087402344,0.5237237930297851,0.010959683358669281,57257
10720,351272960,0.3007490949119982,3.1698007583618164,0.5226217746734619,0.01095024198293686,57272
10730,351600640,0.2999376455574358,3.2039810180664063,0.5134671688079834,0.010713991522789002,57272
10740,351928320,0.29912737086090346,3.2306472778320314,0.5194808959960937,0.010910935699939728,57258
10750,352256000,0.2983182746286347,3.1811601638793947,0.522764015197754,0.010949178040027619,57240
10760,352583680,0.29751036066132674,3.1598562240600585,0.52723388671875,0.010950913280248642,57278
10770,352911360,0.29670363275412404,3.194126319885254,0.5215644836425781,0.010767167061567306,57285
10780,353239040,0.2958980946965986,3.1237382888793945,0.5177357196807861,0.010898781567811966,57284
10790,353566720,0.2950937502727342,3.117238998413086,0.512508487701416,0.010976929962635041,57242
10800,353894400,0.2942906032609065,3.1897727966308596,0.5200940132141113,0.01097109317779541,57259
10810,354222080,0.29348865743386676,3.135134696960449,0.5181793212890625,0.010908744484186172,57246
10820,354549760,0.2926879165587243,3.1167884826660157,0.5139069080352783,0.010999554395675659,57255
10830,354877440,0.2918883843969272,3.1469396591186523,0.5193090438842773,0.010924920439720154,57270
10840,355205120,0.2910900647042468,3.1792510986328124,0.5250123023986817,0.01093074530363083,57228
10850,355532800,0.29029296123075793,3.199182891845703,0.5327246189117432,0.011003684252500534,57216
10860,355860480,0.2894970777208227,3.1382299423217774,0.5223453044891357,0.01085880696773529,57256
10870,356188160,0.2887024179130724,3.145649719238281,0.532105541229248,0.011029153317213058,57269
10880,356515840,0.28790898554039035,3.2032634735107424,0.520418643951416,0.01088283136487007,57258
10890,356843520,0.2871167843298935,3.170237922668457,0.5165970802307129,0.011015695333480836,57239
10900,357171200,0.28632581800291573,3.194650077819824,0.53182954788208,0.010889087617397309,57245
10910,357498880,0.2855360902749904,3.148248291015625,0.5209650993347168,0.011072099208831787,57227
10920,357826560,0.2847476048558321,3.1504610061645506,0.5158401489257812,0.011012809723615647,57246
10930,358154240,0.2839603654493199,3.155423164367676,0.5185585021972656,0.010901986062526703,57277
10940,358481920,0.2831743757534798,3.1913707733154295,0.5184516429901123,0.010908429324626923,57269
10950,358809600,0.2823896394604675,3.1308868408203123,0.5287392616271973,0.01079368069767952,57286
10960,359137280,0.2816061602565507,3.200572204589844,0.5246387004852295,0.011034046113491059,57263
10970,359464960,0.2808239418220919,3.1846303939819336,0.5291960716247559,0.011012458056211472,57299
10980,359792640,0.2800429878315313,3.187653350830078,0.527094841003418,0.010964813828468322,57277
10990,360120320,0.27926330195336935,3.196437454223633,0.5362771034240723,0.010978550463914872,57304
11000,360448000,0.2784848878501499,3.18377685546875,0.527794885635376,0.010960634797811508,57261
11010,360775680,0.2777077491784421,3.1947864532470702,0.5235944271087647,0.010878853499889374,57280
11020,361103360,0.27693188958882464,3.1508853912353514,0.5221725940704346,0.010805098712444306,57310
11030,361431040,0.27615731272586685,3.1175615310668947,0.5104424953460693,0.010912454128265381,57261
11040,361758720,0.2753840222281132,3.170634651184082,0.5194138050079345,0.010881449282169341,57270
11050,362086400,0.27461202172806515,3.1973335266113283,0.5274460315704346,0.010872983932495117,57282
11060,362414080,0.27384131485216434,3.0913753509521484,0.5167083263397216,0.010971739888191223,57238
11070,362741760,0.27307190522077623,3.160172462463379,0.5270061492919922,0.011023946851491929,57261
11080,363069440,0.2723037964481719,3.1393238067626954,0.5185627460479736,0.010971644520759582,57306
11090,363397120,0.27153699214251215,3.2006557464599608,0.5249124526977539,0.010964757204055786,57246
11100,363724800,0.27077149590582994,3.1506216049194338,0.5195046901702881,0.010962425917387008,57256
11110,364052480,0.27000731133401334,3.165576362609863,0.515925407409668,0.010983815044164657,57240
11120,364380160,0.2692444420167893,3.194498062133789,0.51942138671875,0.010809564590454101,57267
11130,364707840,0.26848289153770644,3.173834800720215,0.5298924446105957,0.010916766524314881,57236
11140,365035520,0.267722663474118,3.1560291290283202,0.5307237148284912,0.011006951332092285,57269
11150,365363200,0.2669637613971651,3.16763858795166,0.5199564933776856,0.01091010421514511,57250
11160,365690880,0.2662061888717604,3.1723743438720704,0.5249803066253662,0.010982196033000945,57255
11170,366018560,0.26544994945657074,3.2041378021240234,0.5238255500793457,0.0108610138297081,57279
11180,366346240,0.2646950467040012,3.1817352294921877,0.5242181777954101,0.010991880297660827,57266
11190,366673920,0.26394148416017726,3.1404033660888673,0.521315336227417,0.011048214882612229,57251
11200,367001600,0.2631892653649296,3.168023109436035,0.5210916996002197,0.010980340093374253,57264
11210,367329280,0.26243839385177614,3.1554141998291017,0.5185671329498291,0.010975237190723418,57190
11220,367656960,0.261688873147906,3.1117904663085936,0.5308892250061035,0.010957750678062438,57264
11230,367984640,0.2609407067741632,3.138273811340332,0.5383024215698242,0.011121510714292526,57280
11240,368312320,0.2601938982450296,3.1266410827636717,0.5316081047058105,0.01100367158651352,57286
11250,368640000,0.2594484510686089,3.1321151733398436,0.521515941619873,0.011047220975160598,57263
11260,368967680,0.2587043687466096,3.1346761703491213,0.5188624858856201,0.010954833030700684,57250
11270,369295360,0.2579616547743293,3.175099754333496,0.5190270423889161,0.01096026748418808,57251
11280,369623040,0.2572203126406374,3.1305097579956054,0.5200310230255127,0.01101335436105728,57251
11290,369950720,0.25648034582795914,3.169697952270508,0.5235780239105224,0.010892543196678161,57263
11300,370278400,0.2557417578122594,3.139382171630859,0.5223091602325439,0.010972997546195984,57257
11310,370606080,0.2550045520630264,3.1638210296630858,0.5191663265228271,0.010964151471853256,57275
11320,370933760,0.25426873204325495,3.101838493347168,0.5254279136657715,0.010989280045032501,57298
11330,371261440,0.2535343012094305,3.1047542572021483,0.5277991771697998,0.01088547334074974,57271
11340,371589120,0.25280126301151284,3.161904716491699,0.5291224956512451,0.011021318286657334,57270
11350,371916800,0.25206962089291973,3.174066352844238,0.5359962940216064,0.011049064248800278,57269
11360,372244480,0.2513393782905116,3.12719669342041,0.5288652896881103,0.010920863598585129,57248
11370,372572160,0.25061053863457383,3.1558387756347654,0.5253088474273682,0.010906484723091126,57269
11380,372899840,0.24988310534880215,3.169795608520508,0.5287937164306641,0.010979696363210677,57262
11390,373227520,0.24915708185028554,3.128733825683594,0.5297495365142822,0.011036624014377595,57259
11400,373555200,0.2484324715494908,3.135953903198242,0.52542085647583,0.010903999209403992,57252
11410,373882880,0.24770927785024613,3.073093223571777,0.5155754089355469,0.010922437161207199,57288
11420,374210560,0.24698750414972515,3.0845800399780274,0.5181218147277832,0.010884781926870346,57283
11430,374538240,0.2462671538384317,3.1605358123779297,0.5280950546264649,0.011003167927265167,57241
11440,374865920,0.24554823030018252,3.1216121673583985,0.5291162967681885,0.01119518056511879,57251
11450,375193600,0.24483073691209287,3.137285041809082,0.5207622528076172,0.01101759597659111,57260
11460,375521280,0.24411467704455944,3.1522764205932616,0.5237904548645019,0.011044251173734665,57232
11470,375848960,0.24340005406124518,3.1227441787719727,0.525011396408081,0.011092321574687957,57233
11480,376176640,0.24268687131906316,3.162399101257324,0.5187321662902832,0.010965895652770997,57262
11490,376504320,0.24197513216816144,3.1920413970947266,0.5266448974609375,0.011007967591285705,57269
11500,376832000,0.24126483995190637,3.122538185119629,0.5160181045532226,0.011078150570392608,57248
11510,377159680,0.24055599800686764,3.1678440093994142,0.5241221427917481,0.01097978875041008,57241
11520,377487360,0.23984860966280222,3.0923492431640627,0.5282833099365234,0.011012943089008331,57258
11530,377815040,0.2391426782426388,3.1011743545532227,0.5298032283782959,0.011010616272687911,57261
11540,378142720,0.2384382070624626,3.1697717666625977,0.53207426071167,0.011038358509540557,57272
11550,378470400,0.23773519943149887,3.166316032409668,0.5286149024963379,0.011014216393232346,57247
11560,378798080,0.23703365865209847,3.1506574630737303,0.5234054565429688,0.010989034920930863,57246
11570,379125760,0.23633358801972137,3.111720085144043,0.5232867240905762,0.011090070009231567,57258
11580,379453440,0.2356349908229217,3.107084274291992,0.5252356052398681,0.010983597487211227,57244
11590,379781120,0.23493787034333216,3.2122142791748045,0.5340268611907959,0.01103195697069168,57226
11600,380108800,0.23424222985564858,3.105973815917969,0.518217658996582,0.010948657244443893,57250
11610,380436480,0.23354807262761487,3.153176498413086,0.5216006755828857,0.010942351818084717,57188
11620,380764160,0.232855401920007,3.115222930908203,0.5186968803405761,0.011051954329013824,57229
11630,381091840,0.2321642209866184,3.1429893493652346,0.5295173168182373,0.0109996497631073,57226
11640,381419520,0.23147453307424415,3.1287609100341798,0.5284313678741455,0.010968229174613953,57256
11650,381747200,0.230786341422666,3.137780952453613,0.5357446670532227,0.011138448119163513,57251
11660,382074880,0.2300996492646368,3.130670356750488,0.5364777565002441,0.011050128936767578,57251
11670,382402560,0.2294144598258662,3.163967323303223,0.5310015678405762,0.010922352969646453,57244
11680,382730240,0.2287307763250043,3.210048294067383,0.5425880908966064,0.011173589527606964,57234
11690,383057920,0.2280486019736274,3.1528417587280275,0.5246372222900391,0.011033126711845398,57249
11700,383385600,0.22736793997622248,3.142919731140137,0.5177391529083252,0.011058801412582397,57263
11710,383713280,0.2266887935301724,3.0713785171508787,0.5165814399719239,0.011107063293457032,57258
11720,384040960,0.22601116582574088,3.1247047424316405,0.5225630760192871,0.010899434983730315,57239
11730,384368640,0.22533506004605705,3.065456581115723,0.5240214824676513,0.010973804444074631,57258
11740,384696320,0.2246604793671014,3.1360986709594725,0.5248148441314697,0.010979787260293961,57274
11750,385024000,0.22398742695768986,3.107406425476074,0.5285008430480957,0.011059117317199708,57268
11760,385351680,0.22331590597945955,3.1234462738037108,0.5237044811248779,0.011131715029478073,57252
11770,385679360,0.22264591958685376,3.2108943939208983,0.5387907505035401,0.01095244735479355,57240
11780,386007040,0.22197747092710685,3.094401168823242,0.5213790893554687,0.011117794364690781,57239
11790,386334720,0.22131056314023037,3.1390161514282227,0.5314477443695068,0.011070412397384644,57239
11800,386662400,0.22064519935899696,3.1485902786254885,0.5237891674041748,0.011099043488502502,57256
11810,386990080,0.21998138270892706,3.1338329315185547,0.5256681919097901,0.011018926650285721,57240
11820,387317760,0.21931911630827294,3.150446891784668,0.5327624320983887,0.011092327535152435,57239
11830,387645440,0.21865840326800487,3.104416275024414,0.5231747150421142,0.01083904504776001,57266
11840,387973120,0.2179992466917961,3.1264467239379883,0.5305544376373291,0.011052972823381423,57235
11850,388300800,0.21734164967600889,3.1213497161865233,0.5190639495849609,0.011003141105175019,57249
11860,388628480,0.2166856153096791,3.162995147705078,0.5325189113616944,0.011098825931549072,57228
11870,388956160,0.21603114667450216,3.141886901855469,0.5254632949829101,0.010999791324138641,57234
11880,389283840,0.21537824684481896,3.1588300704956054,0.5325699806213379,0.011008534580469131,57259
11890,389611520,0.21472691888760015,3.163471794128418,0.5293182373046875,0.011114820837974548,57276
11900,389939200,0.21407716586243347,3.0860219955444337,0.5215276718139649,0.011092502623796463,57290
11910,390266880,0.21342899082150785,3.135644721984863,0.534085750579834,0.011086072772741318,57260
11920,390594560,0.2127823968096001,3.1067522048950194,0.5221223831176758,0.011023346334695816,57263
11930,390922240,0.21213738686406003,3.1049076080322267,0.5304841518402099,0.011059446632862091,57262
11940,391249920,0.2114939640147963,3.1325374603271485,0.520301628112793,0.010964757949113845,57252
11950,391577600,0.21085213128426236,3.137294578552246,0.5277803421020508,0.011021994799375535,57245
11960,391905280,0.21021189168744198,3.080164337158203,0.5243111610412597,0.011266631633043289,57240
11970,392232960,0.2095732482318356,3.1107873916625977,0.5299794197082519,0.011168575286865235,57244
11980,392560640,0.20893620391744544,3.087164306640625,0.5221647262573242,0.011128988116979599,57261
11990,392888320,0.2083007617367621,3.159225273132324,0.5352895736694336,0.011015409976243973,57285
12000,393216000,0.20766692467475006,3.187294578552246,0.5424057960510253,0.011068015545606612,57261
12010,393543680,0.207034695708834,3.0846990585327148,0.5306647300720215,0.011052712798118591,57262
12020,393871360,0.20640407780888423,3.152744674682617,0.5308483600616455,0.011104641109704971,57251
12030,394199040,0.20577507393720368,3.134800910949707,0.5221652984619141,0.011008194088935852,57251
12040,394526720,0.20514768704851313,3.1303606033325195,0.5210362434387207,0.011039453744888305,57252
12050,394854400,0.20452192008993753,3.119054985046387,0.5336511611938477,0.011089383065700531,57269
12060,395182080,0.20389777600099285,3.1454225540161134,0.5374237537384033,0.010909466445446015,57259
12070,395509760,0.2032752577135708,3.127846336364746,0.5277529716491699,0.011176066100597381,57260
12080,395837440,0.20265436815192675,3.1650535583496096,0.5349907875061035,0.011084266752004624,57254
12090,396165120,0.20203511023266468,3.0748592376708985,0.5217389583587646,0.01110779494047165,57261
12100,396492800,0.20141748686472444,3.1180952072143553,0.5270251274108887,0.011075612902641297,57259
12110,396820480,0.20080150094936725,3.104008102416992,0.5305037021636962,0.011094965040683746,57221
12120,397148160,0.20018715538016268,3.0668462753295898,0.5234776973724365,0.011078215390443801,57263
12130,397475840,0.1995744530429747,3.1480199813842775,0.5357783794403076,0.01127474382519722,57263
12140,397803520,0.1989633968159482,3.0759206771850587,0.5136742115020752,0.011152035742998122,57246
12150,398131200,0.19835398956949601,3.108230400085449,0.5347040176391602,0.011094406992197037,57265
12160,398458880,0.19774623416628423,3.0974550247192383,0.5362841129302979,0.011234987527132034,57276
12170,398786560,0.1971401334612201,3.1166553497314453,0.5290813446044922,0.011069370806217194,57249
12180,399114240,0.19653569030143775,3.108254241943359,0.5406570434570312,0.011221823841333389,57248
12190,399441920,0.19593290752628495,3.1453399658203125,0.5432470321655274,0.010997898876667023,57259
12200,399769600,0.1953317879673098,3.160017967224121,0.5349394798278808,0.0109524205327034,57250
12210,400097280,0.194732334448248,3.1212203979492186,0.5219371795654297,0.011118484288454055,57253
12220,400424960,0.1941345497850086,3.1498367309570314,0.5324074745178222,0.011106753349304199,57253
12230,400752640,0.19353843678566138,3.1521722793579103,0.5405744075775146,0.011070738732814788,57256
12240,401080320,0.1929439982504239,3.189995765686035,0.5414885520935059,0.011085500568151474,57239
12250,401408000,0.1923512369716472,3.0995431900024415,0.5270185947418213,0.011281678080558777,57234
12260,401735680,0.19176015573380445,3.1609777450561523,0.5250370979309082,0.011061247438192368,57245
12270,402063360,0.191170757313476,3.0807565689086913,0.528275728225708,0.011066406220197677,57276
12280,402391040,0.19058304447933802,3.1403387069702147,0.5308925151824951,0.011147113889455796,57239
12290,402718720,0.1899970199921481,3.135525703430176,0.5311826705932617,0.011095099151134491,57253
12300,403046400,0.1894126866047332,3.0694068908691405,0.5325119495391846,0.011101678013801575,57260
12310,403374080,0.1888300470619763,3.1469566345214846,0.5429929733276367,0.011088903248310088,57239
12320,403701760,0.18824910410080348,3.1206733703613283,0.5401463031768798,0.011182122677564622,57209
12330,404029440,0.18766986045017167,3.0683172225952147,0.5297776699066162,0.01110028699040413,57246
12340,404357120,0.18709231883105468,3.208771514892578,0.5519330024719238,0.010906599462032318,57252
12350,404684800,0.18651648195643172,3.173171806335449,0.5359104156494141,0.011045270413160325,57227
12360,405012480,0.18594235253127372,3.1264471054077148,0.5351429939270019,0.01106424480676651,57224
12370,405340160,0.18536993325253082,3.1688535690307615,0.5425008296966553,0.011031207442283631,57249
12380,405667840,0.18479922680912014,3.132213020324707,0.53108811378479,0.011129003763198853,57252
12390,405995520,0.1842302358819124,3.083980369567871,0.535468578338623,0.011036045849323273,57267
12400,406323200,0.18366296314372033,3.059916114807129,0.519869041442871,0.010954844951629638,57265
12410,406650880,0.18309741125928486,3.1722732543945313,0.5376851558685303,0.011140438169240952,57229
12420,406978560,0.18253358288526406,3.154954719543457,0.5334497451782226,0.011017600446939469,57247
12430,407306240,0.18197148067021893,3.108934211730957,0.5472138404846192,0.011131295561790466,57256
12440,407633920,0.18141110725460283,3.055866241455078,0.5363169193267823,0.01127965971827507,57215
12450,407961600,0.1808524652707474,3.1132301330566405,0.534944486618042,0.011173731088638306,57279
12460,408289280,0.18029555734285163,3.1220428466796877,0.5357752799987793,0.011133923381567,57251
12470,408616960,0.1797403860869683,3.1400760650634765,0.5450334072113037,0.011160843074321747,57258
12480,408944640,0.17918695411099256,3.135089302062988,0.5407800197601318,0.011063005775213242,57281
12490,409272320,0.17863526401464913,3.1158073425292967,0.5373400211334228,0.011114107817411423,57248
12500,409600000,0.17808531838948038,3.1300823211669924,0.5414813995361328,0.011231179535388946,57251
12510,409927680,0.17753711981883438,3.1078765869140623,0.5304730415344239,0.011053374409675598,57246
12520,410255360,0.17699067087785206,3.1551027297973633,0.5342310905456543,0.011135831475257874,57234
12530,410583040,0.17644597413345592,3.1304866790771486,0.527677583694458,0.01107003167271614,57246
12540,410910720,0.1759030321443373,3.113294219970703,0.5276748657226562,0.011182336509227753,57256
12550,411238400,0.17536184746094474,3.094016265869141,0.5426108360290527,0.011311478167772292,57265
12560,411566080,0.17482242262547187,3.1023996353149412,0.532377052307129,0.011158330738544464,57271
12570,411893760,0.17428476017184552,3.2067108154296875,0.5424576282501221,0.011119454354047775,57251
12580,412221440,0.17374886262571393,3.1181182861328125,0.5332081317901611,0.011195369809865952,57236
12590,412549120,0.17321473250443453,3.1219038009643554,0.5396377086639405,0.01115032732486725,57259
12600,412876800,0.1726823723170628,3.0804147720336914,0.5322870254516602,0.010956060886383057,57256
12610,413204480,0.1721517845643391,3.1395645141601562,0.5353508949279785,0.011067121475934982,57222
12620,413532160,0.1716229717386789,3.1171592712402343,0.5308521747589111,0.0111540786921978,57216
12630,413859840,0.17109593632415931,3.1119573593139647,0.5356235980987549,0.011077506095170974,57256
12640,414187520,0.17057068079650856,3.1132917404174805,0.5458731651306152,0.011165063828229904,57297
12650,414515200,0.17004720762309364,3.1184452056884764,0.5347303867340087,0.011072807759046555,57270
12660,414842880,0.1695255192629091,3.096124839782715,0.5256449699401855,0.01108710765838623,57270
12670,415170560,0.16900561816656542,3.1559606552124024,0.5454267978668212,0.011221425980329514,57262
12680,415498240,0.16848750677627727,3.070271682739258,0.534365463256836,0.011053308844566345,57279
12690,415825920,0.1679711875258528,3.1049568176269533,0.5281167984008789,0.011201480031013488,57276
12700,416153600,0.16745666284068098,3.0725889205932617,0.5342816829681396,0.01127474457025528,57264
12710,416481280,0.16694393513772138,3.085834503173828,0.5341124534606934,0.011206042766571046,57214
12720,416808960,0.16643300682549206,3.095353126525879,0.5296010494232177,0.011147429794073105,57261
12730,417136640,0.16592388030405858,3.0834365844726563,0.5317614078521729,0.010981538146734238,57283
12740,417464320,0.16541655796502264,3.144818878173828,0.5347775936126709,0.011067664623260498,57280
12750,417792000,0.16491104219151081,3.114536666870117,0.5330109119415283,0.011179555952548981,57262
12760,418119680,0.16440733535816363,3.108263397216797,0.5358908653259278,0.011112623661756516,57272
12770,418447360,0.16390543983112393,3.0503759384155273,0.5297228813171386,0.011087879538536072,57279
12780,418775040,0.1634053579680263,3.10341796875,0.5351111412048339,0.010941560566425323,57282
12790,419102720,0.1629070921179852,3.0931169509887697,0.533335018157959,0.011101652681827546,57259
12800,419430400,0.16241064462158505,3.081110382080078,0.5291208267211914,0.011078104376792908,57270
12810,419758080,0.16191601781086817,3.0377744674682616,0.5237168788909912,0.011191627383232117,57255
12820,420085760,0.1614232140093247,3.085467529296875,0.5326485633850098,0.011071020364761352,57257
12830,420413440,0.1609322355318808,3.138483428955078,0.5384420394897461,0.011179621517658233,57238
12840,420741120,0.1604430846848886,3.0958995819091797,0.5373082160949707,0.011289330571889878,57210
12850,421068800,0.15995576376611487,3.1244606018066405,0.5306385040283204,0.011098372936248779,57239
12860,421396480,0.15947027506473016,3.1360525131225585,0.5370275020599365,0.011050933599472046,57242
12870,421724160,0.15898662086129878,3.0572418212890624,0.5316020965576171,0.011161751300096511,57230
12880,422051840,0.15850480342776696,3.171024513244629,0.5400275707244873,0.011120054870843887,57263
12890,422379520,0.1580248250274533,3.162815475463867,0.5373790264129639,0.011084426194429398,57243
12900,422707200,0.1575466879150373,3.098012161254883,0.5358926773071289,0.011189921200275421,57245
12910,423034880,0.1570703943365491,3.130781555175781,0.5302403450012207,0.011110655218362808,57182
12920,423362560,0.15659594652935896,3.1234249114990233,0.5443239212036133,0.011283582448959351,57247
12930,423690240,0.15612334672216666,3.204998779296875,0.5453431129455566,0.011180929839611053,57217
12940,424017920,0.1556525971349913,3.0957948684692385,0.5363434314727783,0.01137138158082962,57234
12950,424345600,0.15518369997916026,3.0559940338134766,0.5340826034545898,0.0111650250852108,57240
12960,424673280,0.1547166574572997,3.1060712814331053,0.5391741275787354,0.011147527396678925,57250
12970,425000960,0.15425147176332304,3.084463691711426,0.5352210998535156,0.011260948330163955,57236
12980,425328640,0.153788145082422,3.0904443740844725,0.5286191940307617,0.011126861721277238,57242
12990,425656320,0.15332667959105506,3.1528648376464843,0.5338228702545166,0.011026348918676376,57244
13000,425984000,0.1528670774569385,3.0077272415161134,0.5266594886779785,0.011159317195415496,57296
13010,426311680,0.15240934083903493,3.069660949707031,0.5386538982391358,0.01113089844584465,57256
13020,426639360,0.15195347188754413,3.0507680892944338,0.5382211685180665,0.01120038777589798,57242
13030,426967040,0.15149947274389244,3.0857006072998048,0.5353302001953125,0.011089539527893067,57240
13040,427294720,0.15104734554072283,3.165958023071289,0.5385500907897949,0.01116468757390976,57241
13050,427622400,0.15059709240188512,3.1464256286621093,0.5444109916687012,0.01127263754606247,57225
13060,427950080,0.1501487154424255,3.1261770248413088,0.5364343166351319,0.011334161460399627,57223
13070,428277760,0.1497022167685772,3.1218551635742187,0.5316937923431396,0.011208008229732513,57209
13080,428605440,0.14925759847775003,3.123304557800293,0.5397505283355712,0.011146551370620728,57257
13090,428933120,0.14881486265852079,3.0731683731079102,0.5364702224731446,0.011235325038433075,57233
13100,429260800,0.14837401139062345,3.159493064880371,0.5321767807006836,0.011098075658082962,57235
13110,429588480,0.14793504674493946,3.093916320800781,0.5345159530639648,0.011198726296424866,57223
13120,429916160,0.14749797078348806,3.021830940246582,0.5363904476165772,0.011341860890388489,57246
13130,430243840,0.14706278555941604,3.1256641387939452,0.5333284378051758,0.011221756786108017,57240
13140,430571520,0.14662949311698908,3.1208827972412108,0.5426586151123047,0.011161526292562484,57245
13150,430899200,0.14619809549158108,3.148798370361328,0.5498566150665283,0.011060403287410736,57239
13160,431226880,0.1457685947096655,3.138283920288086,0.5419279098510742,0.011253751814365387,57226
13170,431554560,0.14534099278880513,3.0470523834228516,0.5367931365966797,0.01120908185839653,57249
13180,431882240,0.14491529173764328,3.150541305541992,0.5384994983673096,0.01129520609974861,57249
13190,432209920,0.14449149355589372,3.1507898330688477,0.5402888298034668,0.011078618466854095,57244
13200,432537600,0.14406960023433169,3.1219999313354494,0.534930419921875,0.01113516241312027,57229
13210,432865280,0.14364961375478438,3.034696578979492,0.5283313274383545,0.011293169856071473,57261
13220,433192960,0.1432315360901216,3.088957405090332,0.5358342170715332,0.01122734397649765,57239
13230,433520640,0.14281536920424684,3.125055122375488,0.5346702098846435,0.011162567138671874,57223
13240,433848320,0.1424011150520874,3.0983985900878905,0.5330992698669433,0.01119629740715027,57229
13250,434176000,0.141988775579586,3.038011932373047,0.532921314239502,0.011238675564527512,57259
13260,434503680,0.14157835272369096,3.0715316772460937,0.5400728225708008,0.011150290817022323,57239
13270,434831360,0.14116984841234742,3.1194149017333985,0.5259568214416503,0.011221423745155334,57221
13280,435159040,0.14076326456448812,3.1131057739257812,0.5355716705322265,0.011114297062158584,57241
13290,435486720,0.14035860309002474,3.103352355957031,0.5369649410247803,0.011015316098928451,57239
13300,435814400,0.1399558658898386,3.0784130096435547,0.5365723133087158,0.011249613761901856,57208
13310,436142080,0.13955505485577163,3.065848159790039,0.5364577293395996,0.01113986223936081,57243
13320,436469760,0.13915617187061802,3.0463619232177734,0.532768440246582,0.01130036860704422,57231
13330,436797440,0.13875921880811476,3.15991325378418,0.5437557220458984,0.011144958436489105,57242
13340,437125120,0.13836419753293316,3.1404045104980467,0.5390889167785644,0.011053592711687089,57227
13350,437452800,0.13797110990066996,3.0869813919067384,0.535512113571167,0.011237733066082,57236
13360,437780480,0.137579957757839,3.0924604415893553,0.5405794143676758,0.011208058893680572,57244
13370,438108160,0.13719074294186187,3.1050891876220703,0.5371990203857422,0.011091595143079757,57244
13380,438435840,0.1368034672810598,3.1805389404296873,0.5431928157806396,0.011187390238046647,57193
13390,438763520,0.13641813259464494,3.0851795196533205,0.5383147239685059,0.011263731122016906,57209
13400,439091200,0.13603474069271163,3.057028388977051,0.5330252647399902,0.01124628409743309,57224
13410,439418880,0.1356532933762284,3.0860633850097656,0.5451296806335449,0.01123177707195282,57213
13420,439746560,0.13527379243702872,3.069108009338379,0.540006446838379,0.011358849704265594,57198
13430,440074240,0.1348962396578035,3.1229574203491213,0.5412279605865479,0.011113395541906356,57253
13440,440401920,0.13452063681209184,3.0463146209716796,0.5372955799102783,0.011196331679821014,57241
13450,440729600,0.13414698566427333,3.1343610763549803,0.5360743045806885,0.011096099764108658,57223
13460,441057280,0.1337752879695594,3.099857521057129,0.5438902378082275,0.011267291009426117,57231
13470,441384960,0.1334055454739853,3.1335931777954102,0.5458426475524902,0.011106322705745696,57247
13480,441712640,0.13303775991440192,3.1374465942382814,0.5436328411102295,0.011207177489995956,57214
13490,442040320,0.1326719330184672,3.0468418121337892,0.5365650177001953,0.011270391196012497,57238
13500,442368000,0.13230806650463867,3.098521614074707,0.5386568069458008,0.01110946536064148,57236
13510,442695680,0.13194616208216495,3.138155937194824,0.5396359443664551,0.011242702603340149,57201
13520,443023360,0.13158622145107762,3.139471244812012,0.544730281829834,0.011173311620950699,57245
13530,443351040,0.1312282463021836,3.0597787857055665,0.5352686405181885,0.011280389130115509,57226
13540,443678720,0.13087223831705705,3.0743410110473635,0.535306167602539,0.011205655336380006,57228
13550,444006400,0.13051819916803145,3.0094158172607424,0.5245153903961182,0.011186100542545319,57258
13560,444334080,0.1301661305181917,3.1123157501220704,0.5434084892272949,0.011308515071868896,57218
13570,444661760,0.12981603402136632,3.0980203628540037,0.5343649864196778,0.011255064606666565,57204
13580,444989440,0.1294679113221197,3.0730091094970704,0.5383748054504395,0.011214768886566162,57224
13590,445317120,0.12912176405574471,3.1530927658081054,0.5449822425842286,0.011127595603466035,57227
13600,445644800,0.12877759384825416,3.1009170532226564,0.5400728702545166,0.011233435571193695,57229
13610,445972480,0.12843540231637426,3.0330230712890627,0.5293694019317627,0.011101240664720536,57171
13620,446300160,0.1280951910675361,3.058505821228027,0.5425543785095215,0.011222017556428909,57252
13630,446627840,0.12775696169986858,3.0605602264404297,0.5403644561767578,0.011189877241849899,57226
13640,446955520,0.12742071580219075,3.087350082397461,0.5576842308044434,0.011482778191566467,57216
13650,447283200,0.12708645495400447,3.089510917663574,0.5297274589538574,0.011076235771179199,57233
13660,447610880,0.1267541807254869,3.1042686462402345,0.5360522747039795,0.011176165938377381,57224
13670,447938560,0.12642389467748305,3.0604808807373045,0.5419036388397217,0.011332644522190094,57215
13680,448266240,0.12609559836149858,3.090079498291016,0.535085916519165,0.011258987337350845,57230
13690,448593920,0.12576929331969258,3.040042495727539,0.5292562007904053,0.011298817396163941,57212
13700,448921600,0.12544498108486998,3.014957618713379,0.5347733974456788,0.011240603029727935,57247
13710,449249280,0.12512266318047466,3.112715148925781,0.5379237174987793,0.011166303604841232,57238
13720,449576960,0.12480234112058225,3.0487546920776367,0.5308255672454834,0.011234188824892044,57231
13730,449904640,0.12448401640989308,3.0771255493164062,0.5351375579833985,0.011220670491456985,57257
13740,450232320,0.12416769054372481,3.082038688659668,0.5412625312805176,0.011214125901460648,57245
13750,450560000,0.12385336500800571,3.1519292831420898,0.5399388790130615,0.011288148164749146,57218
13760,450887680,0.12354104127926756,3.044572639465332,0.5569217681884766,0.011701969802379609,57239
13770,451215360,0.12323072082463879,3.0869089126586915,0.5329678535461426,0.011247792094945908,57253
13780,451543040,0.12292240510183737,3.1245630264282225,0.5443270206451416,0.011244947463274002,57241
13790,451870720,0.12261609555916432,3.125863456726074,0.5306127548217774,0.011195661127567291,57216
13800,452198400,0.1223117936354966,3.0187435150146484,0.5314805507659912,0.011173229664564133,57267
13810,452526080,0.1220095007602805,3.095847320556641,0.5470152378082276,0.011341550946235656,57191
13820,452853760,0.1217092183535248,3.1357831954956055,0.5412487030029297,0.011239460110664368,57241
13830,453181440,0.12141094782579417,3.1489530563354493,0.5465638637542725,0.011343871802091598,57227
13840,453509120,0.12111469057820282,3.157979202270508,0.5444080829620361,0.011181643605232239,57224
13850,453836800,0.12082044800240728,3.073908233642578,0.5326654434204101,0.011359979957342147,57218
13860,454164480,0.12052822148060055,3.0978565216064453,0.5383825778961182,0.01132591962814331,57236
13870,454492160,0.12023801238550516,3.0507688522338867,0.5367732524871827,0.011070258170366287,57241
13880,454819840,0.11994982208036684,3.120190238952637,0.546837043762207,0.011371530592441559,57243
13890,455147520,0.1196636519189481,3.1580772399902344,0.5428628921508789,0.01116565391421318,57238
13900,455475200,0.11937950324552202,3.0611766815185546,0.5373718738555908,0.011138551682233811,57272
13910,455802880,0.11909737739486582,3.0646108627319335,0.5395736694335938,0.011394481360912322,57220
13920,456130560,0.1188172756922545,3.0895999908447265,0.5456290721893311,0.0112090066075325,57243
13930,456458240,0.1185391994534547,3.067492866516113,0.5501192569732666,0.011176938563585282,57271
13940,456785920,0.1182631499847186,3.150115966796875,0.5416264533996582,0.011219483613967896,57222
13950,457113600,0.11798912858277767,3.1151670455932616,0.547383975982666,0.011379623413085937,57225
13960,457441280,0.11771713653483655,3.0905746459960937,0.5475332736968994,0.011281311511993408,57253
13970,457768960,0.1174471751185673,3.0382711410522463,0.540576171875,0.011299149692058563,57234
13980,458096640,0.1171792456021029,3.1045202255249023,0.5668465614318847,0.011299581080675126,57244
13990,458424320,0.11691334924403168,3.119479942321777,0.543831729888916,0.011180499196052551,57242
14000,458752000,0.11664948729339125,3.0426477432250976,0.5318545818328857,0.011273360252380371,57224
14010,459079680,0.1163876609896627,3.137198638916016,0.5457356452941895,0.011191657930612563,57223
14020,459407360,0.11612787156276486,3.0971134185791014,0.5364917278289795,0.011341308802366256,57228
14030,459735040,0.11587012023304813,3.1186798095703123,0.5401819229125977,0.011206755787134171,57204
14040,460062720,0.1156144082112893,3.0751317977905273,0.5433763027191162,0.011327582597732543,57228
14050,460390400,0.11536073669868546,3.11112003326416,0.5382669925689697,0.011069548130035401,57244
14060,460718080,0.11510910688684858,3.051230621337891,0.5322386264801026,0.011455009132623673,57231
14070,461045760,0.1148595199577997,3.0153247833251955,0.5338520050048828,0.011400353908538819,57240
14080,461373440,0.11461197708396349,3.0625484466552733,0.5468624591827392,0.011309484392404557,57233
14090,461701120,0.11436647942816297,3.0928892135620116,0.54219651222229,0.011182574927806855,57221
14100,462028800,0.11412302814361354,3.0924009323120116,0.550108003616333,0.011202722787857056,57255
14110,462356480,0.11388162437391813,3.055098533630371,0.5384520053863525,0.011424609273672105,57236
14120,462684160,0.11364226925306124,3.0950613021850586,0.5433393955230713,0.011258072406053542,57253
14130,463011840,0.11340496390540424,3.1125240325927734,0.5417084217071533,0.01125987246632576,57245
14140,463339520,0.1131697094456795,3.122442436218262,0.5468017578125,0.011309213936328888,57249
14150,463667200,0.11293650697898572,3.1024452209472657,0.5385436058044434,0.0113105908036232,57247
14160,463994880,0.11270535760078214,3.101976776123047,0.5454367637634278,0.011279860138893127,57267
14170,464322560,0.11247626239688388,3.1068334579467773,0.5333620071411133,0.0111398383975029,57238
14180,464650240,0.11224922244345657,3.061818504333496,0.5359803199768066,0.011162079125642776,57231
14190,464977920,0.1120242388070114,3.0846500396728516,0.545746898651123,0.0115293487906456,57224
14200,465305600,0.11180131254440019,3.1401140213012697,0.550984525680542,0.011346085369586945,57244
14210,465633280,0.1115804447028102,3.07753849029541,0.5374651908874511,0.011272068321704864,57205
14220,465960960,0.11136163631975948,3.120918083190918,0.5503391265869141,0.01130252406001091,57233
14230,466288640,0.11114488842309167,3.1397222518920898,0.5509720802307129,0.011379878222942352,57233
14240,466616320,0.11093020203097147,3.1490047454833983,0.55030198097229,0.011183832585811616,57249
14250,466944000,0.11071757815187974,3.0044326782226562,0.5338447570800782,0.011309463530778885,57252
14260,467271680,0.11050701778460868,3.038265419006348,0.534475564956665,0.011365048587322235,57231
14270,467599360,0.11029852191825738,3.057237243652344,0.5502044200897217,0.011252855509519577,57258
14280,467927040,0.11009209153222692,3.0361995697021484,0.5454658985137939,0.01128121018409729,57243
14290,468254720,0.1098877275962159,3.0837919235229494,0.5431602954864502,0.011228153854608536,57245
14300,468582400,0.10968543107021578,3.0894754409790037,0.531977653503418,0.011358417570590973,57219
14310,468910080,0.10948520290450654,3.145486259460449,0.5460487842559815,0.01119621992111206,57173
14320,469237760,0.10928704403965202,3.0947696685791017,0.5503932476043701,0.011280537396669389,57241
14330,469565440,0.10909095540649572,3.0774612426757812,0.5367486476898193,0.0113024964928627,57207
14340,469893120,0.10889693792615628,3.061491775512695,0.538097333908081,0.0112794890999794,57242
14350,470220800,0.10870499251002304,3.0894195556640627,0.5430296897888184,0.011439702659845351,57192
14360,470548480,0.10851512005975213,3.122559356689453,0.5466276645660401,0.01125180721282959,57217
14370,470876160,0.10832732146726176,3.0931615829467773,0.5416275024414062,0.011316012591123581,57240
14380,471203840,0.10814159761472848,3.096455383300781,0.5455616474151611,0.011258590221405029,57240
14390,471531520,0.10795794937458267,3.0892858505249023,0.5393410205841065,0.011258051544427872,57194
14400,471859200,0.1077763776095048,3.0868019104003905,0.5451356887817382,0.011380215734243393,57231
14410,472186880,0.107596883172421,3.1125741958618165,0.5520168304443359,0.011140665411949158,57232
14420,472514560,0.10741946690649931,3.0945566177368162,0.5429793357849121,0.011419261991977691,57226
14430,472842240,0.10724412964514562,3.1172674179077147,0.5445939064025879,0.011231968551874161,57231
14440,473169920,0.10707087221199973,3.0554527282714843,0.5406596183776855,0.011281897127628327,57219
14450,473497600,0.10689969542093168,3.0635421752929686,0.5435848236083984,0.011296376585960388,57230
14460,473825280,0.10673060007603764,3.1657487869262697,0.5452832221984864,0.01133989542722702,57195
14470,474152960,0.10656358697163638,3.068216323852539,0.5465778827667236,0.011408258229494095,57218
14480,474480640,0.10639865689226519,3.0808252334594726,0.5430371284484863,0.011375299096107483,57215
14490,474808320,0.10623581061267677,3.079762268066406,0.5440307140350342,0.01135406494140625,57221
14500,475136000,0.10607504889783496,3.0736507415771483,0.5498668670654296,0.011308438330888747,57217
14510,475463680,0.10591637250291171,3.05985164642334,0.5407575130462646,0.011228986084461212,57182
14520,475791360,0.10575978217328301,3.0970420837402344,0.5459085941314697,0.011317622661590577,57225
14530,476119040,0.10560527864452576,3.1231842041015625,0.5410948753356933,0.011151180416345597,57226
14540,476446720,0.10545286264241416,3.0592893600463866,0.5446072101593018,0.011258912086486817,57213
14550,476774400,0.10530253488291638,3.032615852355957,0.5483954429626465,0.011522626876831055,57238
14560,477102080,0.1051542960721912,3.100286865234375,0.5452535629272461,0.01133318692445755,57220
14570,477429760,0.10500814690658448,3.05911922454834,0.5463063240051269,0.011464081704616547,57235
14580,477757440,0.10486408807262619,3.1252019882202147,0.5473345756530762,0.011367735266685487,57193
14590,478085120,0.104722120247027,3.0473001480102537,0.5363854885101318,0.011387605220079422,57234
14600,478412800,0.10458224409667521,3.0816389083862306,0.5431152820587158,0.011336992681026458,57217
14610,478740480,0.10444446027863345,3.115469741821289,0.5454681873321533,0.011443228274583817,57215
14620,479068160,0.10430876944013576,3.0714197158813477,0.5561342239379883,0.011338465660810471,57217
14630,479395840,0.10417517221858452,3.092500114440918,0.5475492954254151,0.011428357660770416,57179
14640,479723520,0.1040436692415474,3.0718360900878907,0.5474128723144531,0.011301060765981674,57213
14650,480051200,0.10391426112675443,3.0891887664794924,0.546670389175415,0.01125609502196312,57230
14660,480378880,0.10378694848209509,3.124555969238281,0.5500024795532227,0.011424591392278671,57213
14670,480706560,0.10366173190561558,3.0970386505126952,0.5500496864318848,0.01132170706987381,57200
14680,481034240,0.10353861198551571,3.0464277267456055,0.5519330024719238,0.011295266449451447,57221
14690,481361920,0.10341758930014654,3.0590959548950196,0.5374082565307617,0.011289770901203155,57206
14700,481689600,0.10329866441800734,3.148953437805176,0.558543586730957,0.01120566800236702,57217
14710,482017280,0.10318183789774295,3.164582443237305,0.5614347457885742,0.011432401835918427,57186
14720,482344960,0.10306711028814143,3.0741785049438475,0.5484910011291504,0.011244231462478637,57205
14730,482672640,0.10295448212813114,3.1027984619140625,0.5434873580932618,0.011388584971427917,57206
14740,483000320,0.10284395394677846,3.050924873352051,0.5446197032928467,0.011263414472341537,57212
14750,483328000,0.10273552626328514,3.0710636138916017,0.5450863838195801,0.011286120861768723,57214
14760,483655680,0.10262919958698588,3.044025993347168,0.5466774940490723,0.011198723316192627,57231
14770,483983360,0.10252497441734616,3.018473243713379,0.5519473552703857,0.011505601555109024,57242
14780,484311040,0.10242285124395946,3.0862266540527346,0.5425173759460449,0.011270140111446381,57226
14790,484638720,0.10232283054654547,3.121902084350586,0.5545092582702636,0.011399199813604355,57209
14800,484966400,0.10222491279494736,3.104502868652344,0.5452276229858398,0.011259783804416657,57227
14810,485294080,0.10212909844913001,3.108751106262207,0.5616433143615722,0.011478663980960846,57234
14820,485621760,0.10203538795917738,3.0706819534301757,0.5421568870544433,0.011270973831415176,57238
14830,485949440,0.101943781765291,3.0431726455688475,0.5404414176940918,0.011264202743768692,57231
14840,486277120,0.10185428029778715,2.9831211090087892,0.5400964260101319,0.01139603853225708,57241
14850,486604800,0.1017668839770955,3.0745290756225585,0.5415903568267822,0.011374156177043914,57222
14860,486932480,0.10168159321375685,3.0949934005737303,0.5583199501037598,0.011379825323820114,57234
14870,487260160,0.10159840840842116,3.0477506637573244,0.5423930168151856,0.011368658393621445,57210
14880,487587840,0.1015173299518458,3.0226104736328123,0.541109848022461,0.01145530492067337,57232
14890,487915520,0.10143835822489358,3.106008529663086,0.5544508457183838,0.011436256766319274,57225
14900,488243200,0.10136149359853108,3.0682373046875,0.5475176334381103,0.011308284103870391,57219
14910,488570880,0.10128673643382681,2.984006881713867,0.5452033042907715,0.01128810942173004,57245
14920,488898560,0.10121408708194966,3.0846380233764648,0.545756721496582,0.01135833039879799,57222
14930,489226240,0.10114354588416707,3.071617317199707,0.5457427978515625,0.011344072222709656,57215
14940,489553920,0.1010751131718435,3.0221763610839845,0.5470276355743409,0.011207842081785203,57234
14950,489881600,0.10100878926643891,3.070367431640625,0.5391834735870361,0.011423301696777344,57204
14960,490209280,0.1009445744795073,2.9999074935913086,0.5406919479370117,0.011267089098691941,57199
14970,490536960,0.10088246911269502,3.0612131118774415,0.551551103591919,0.011355315148830415,57212
14980,490864640,0.1008224734577396,3.1125741958618165,0.5530336380004883,0.011416642367839814,57199
14990,491192320,0.10076458779646827,3.1210773468017576,0.5593485355377197,0.011374454945325851,57206
15000,491520000,0.10070881240079659,3.077163314819336,0.5572757244110107,0.011297135055065155,57230
15010,491847680,0.10065514753272739,3.0695032119750976,0.5583777904510498,0.011490342020988465,57204
15020,492175360,0.10060359344434912,3.0778356552124024,0.6046818733215332,0.012162089347839355,57201
15030,492503040,0.10055415037783517,3.0961336135864257,0.5610210418701171,0.011436492949724198,57222
15040,492830720,0.10050681856544236,3.097574234008789,0.5613451957702636,0.011330036818981171,57235
15050,493158400,0.10046159822951001,3.072970390319824,0.5638919353485108,0.011593256890773774,57244
15060,493486080,0.10041848958245882,3.0084402084350588,0.5404987335205078,0.011358918994665146,57228
15070,493813760,0.10037749282679005,3.1060951232910154,0.5558497905731201,0.011592943221330643,57200
15080,494141440,0.10033860815508432,3.125022315979004,0.5545398235321045,0.011183083057403564,57244
15090,494469120,0.10030183575000079,3.0907571792602537,0.5509607791900635,0.011449049413204192,57206
15100,494796800,0.10026717578427634,3.0830759048461913,0.5508218288421631,0.011319027841091156,57225
15110,495124480,0.10023462842072489,3.0686357498168944,0.5611790657043457,0.011493279039859772,57226
15120,495452160,0.1002041938122364,3.179281806945801,0.5549086093902588,0.011265339702367783,57193
15130,495779840,0.10017587210177614,3.0752182006835938,0.5547044754028321,0.01148514896631241,57202
15140,496107520,0.10014966342238431,3.0986539840698244,0.558888053894043,0.011473548412322999,57195
15150,496435200,0.10012556789717511,3.122538185119629,0.5539140224456787,0.011387484520673752,57225
15160,496762880,0.1001035856393363,3.0566606521606445,0.5460941791534424,0.0114203579723835,57214
15170,497090560,0.1000837167521287,3.093668746948242,0.5452212333679199,0.011475087702274322,57225
15180,497418240,0.10006596132888562,3.053886604309082,0.5437778472900391,0.011311791092157363,57203
15190,497745920,0.10005031945301247,3.045932388305664,0.5410979270935059,0.011522142589092255,57223
15200,498073600,0.10003679119798632,3.1008783340454102,0.5506339550018311,0.011216174066066741,57222
15210,498401280,0.10002537662735562,3.0574432373046876,0.5486390113830566,0.011374861747026444,57147
15220,498728960,0.1000160757947399,3.052425003051758,0.5508776187896729,0.011552122980356216,57223
15230,499056640,0.10000888874382939,3.0844091415405273,0.5526762962341308,0.011387652158737183,57244
15240,499384320,0.100003815508385,3.0979902267456056,0.5482647895812989,0.011285252869129181,57219
15250,499712000,0.10000085611223805,3.0692405700683594,0.5448297500610352,0.011401600390672683,57179
15258,499974144,0.1000000105692902,3.0639827251434326,0.5503789186477661,0.011473780497908592,57210
