time,t_s,edge_c,junction_c,mem_c,power_w,sclk_mhz,mclk_mhz,fan_rpm,vram_used_gib
2026-10-03T04:51:15,0.0,43.0,53.0,71.0,77.0,2039.0,1258.0,916.0,0.18
2026-10-03T04:51:25,10.0,46.0,75.0,74.0,226.0,2811.0,1258.0,563.0,9.7
2026-10-03T04:51:35,20.0,49.0,83.0,78.0,255.0,3002.0,1258.0,1370.0,9.71
2026-10-03T04:51:45,30.0,49.0,83.0,80.0,256.0,2999.0,1258.0,2127.0,9.71
2026-10-03T04:51:55,40.0,49.0,83.0,80.0,256.0,2998.0,1258.0,2306.0,9.71
2026-10-03T04:52:05,50.0,48.0,82.0,80.0,255.0,2996.0,1258.0,2305.0,9.71
2026-10-03T04:52:15,60.0,48.0,81.0,80.0,255.0,2994.0,1258.0,2304.0,9.71
2026-10-03T04:52:25,70.0,47.0,81.0,80.0,255.0,2998.0,1258.0,2305.0,9.71
2026-10-03T04:52:35,80.0,47.0,81.0,80.0,255.0,2997.0,1258.0,2304.0,9.71
2026-10-03T04:52:45,90.0,47.0,81.0,80.0,255.0,2997.0,1258.0,2304.0,9.71
2026-10-03T04:52:55,100.0,47.0,81.0,80.0,255.0,2997.0,1258.0,2304.0,9.71
2026-10-03T04:53:05,110.0,47.0,81.0,80.0,255.0,2998.0,1258.0,2304.0,9.71
2026-10-03T04:53:15,120.0,47.0,81.0,80.0,256.0,3008.0,1258.0,2307.0,9.71
2026-10-03T04:53:25,130.0,47.0,82.0,80.0,260.0,3036.0,1258.0,2366.0,9.71
2026-10-03T04:53:35,140.0,47.0,81.0,80.0,255.0,2997.0,1258.0,2309.0,9.71
2026-10-03T04:53:45,150.0,47.0,80.0,80.0,255.0,2993.0,1258.0,2304.0,9.71
2026-10-03T04:53:55,160.0,47.0,80.0,80.0,255.0,2996.0,1258.0,2303.0,9.71
2026-10-03T04:54:05,170.0,47.0,80.0,80.0,255.0,2994.0,1258.0,2307.0,9.71
2026-10-03T04:54:15,180.0,47.0,80.0,80.0,255.0,2992.0,1258.0,2305.0,9.71
2026-10-03T04:54:25,190.0,47.0,80.0,80.0,255.0,2996.0,1258.0,2308.0,9.71
2026-10-03T04:54:35,200.0,47.0,80.0,80.0,255.0,2996.0,1258.0,2304.0,9.71
2026-10-03T04:54:45,210.0,47.0,80.0,80.0,255.0,2995.0,1258.0,2305.0,9.71
2026-10-03T04:54:55,220.0,47.0,80.0,80.0,255.0,2994.0,1258.0,2305.0,9.71
2026-10-03T04:55:05,230.0,47.0,80.0,80.0,255.0,2996.0,1258.0,2306.0,9.71
2026-10-03T04:55:15,240.0,47.0,82.0,80.0,260.0,3039.0,1258.0,2330.0,9.71
2026-10-03T04:55:25,250.0,47.0,81.0,80.0,256.0,2997.0,1258.0,2342.0,9.71
2026-10-03T04:55:35,260.0,47.0,80.0,80.0,255.0,2994.0,1258.0,2302.0,9.71
2026-10-03T04:55:45,270.0,47.0,80.0,80.0,255.0,2995.0,1258.0,2306.0,9.71
2026-10-03T04:55:55,280.0,47.0,80.0,80.0,255.0,2994.0,1258.0,2303.0,9.71
2026-10-03T04:56:05,290.0,47.0,80.0,80.0,255.0,2993.0,1258.0,2304.0,9.71
2026-10-03T04:56:15,300.0,47.0,80.0,80.0,255.0,2993.0,1258.0,2303.0,9.71
2026-10-03T04:56:25,310.0,47.0,80.0,80.0,255.0,2995.0,1258.0,2306.0,9.71
2026-10-03T04:56:35,320.0,47.0,80.0,80.0,255.0,2993.0,1258.0,2304.0,9.71
2026-10-03T04:56:45,330.0,47.0,80.0,80.0,255.0,2994.0,1258.0,2307.0,9.71
2026-10-03T04:56:55,340.0,47.0,80.0,80.0,255.0,2993.0,1258.0,2302.0,9.71
2026-10-03T04:57:05,350.0,47.0,80.0,80.0,255.0,2998.0,1258.0,2302.0,9.71
2026-10-03T04:57:15,360.0,47.0,82.0,80.0,261.0,3039.0,1258.0,2360.0,9.71
2026-10-03T04:57:25,370.0,47.0,80.0,80.0,255.0,2992.0,1258.0,2309.0,9.71
2026-10-03T04:57:35,380.0,47.0,80.0,80.0,255.0,2993.0,1258.0,2299.0,9.71
2026-10-03T04:57:45,390.0,47.0,80.0,80.0,255.0,2993.0,1258.0,2300.0,9.71
2026-10-03T04:57:55,400.0,47.0,80.0,80.0,255.0,2993.0,1258.0,2301.0,9.71
2026-10-03T04:58:05,410.0,47.0,80.0,80.0,255.0,2993.0,1258.0,2300.0,9.71
2026-10-03T04:58:15,420.0,47.0,80.0,80.0,255.0,2994.0,1258.0,2302.0,9.71
2026-10-03T04:58:25,430.0,47.0,80.0,80.0,255.0,2994.0,1258.0,2303.0,9.71
2026-10-03T04:58:35,440.0,47.0,80.0,80.0,255.0,2993.0,1258.0,2304.0,9.71
2026-10-03T04:58:45,450.0,47.0,80.0,80.0,255.0,2992.0,1258.0,2302.0,9.71
2026-10-03T04:58:55,460.0,47.0,80.0,80.0,255.0,2993.0,1258.0,2303.0,9.71
2026-10-03T04:59:05,470.0,47.0,81.0,80.0,259.0,3029.0,1258.0,2323.0,9.71
2026-10-03T04:59:15,480.0,47.0,81.0,80.0,257.0,3004.0,1258.0,2359.0,9.71
2026-10-03T04:59:25,490.0,47.0,80.0,80.0,255.0,2992.0,1258.0,2297.0,9.71
2026-10-03T04:59:35,500.0,47.0,80.0,80.0,255.0,2992.0,1258.0,2297.0,9.71
2026-10-03T04:59:45,510.0,47.0,80.0,80.0,255.0,2992.0,1258.0,2301.0,9.71
2026-10-03T04:59:55,520.0,47.0,80.0,80.0,255.0,2991.0,1258.0,2302.0,9.71
2026-10-03T05:00:05,530.0,47.0,80.0,80.0,255.0,2993.0,1258.0,2306.0,9.71
2026-10-03T05:00:15,540.0,47.0,80.0,80.0,255.0,2994.0,1258.0,2305.0,9.71
2026-10-03T05:00:25,550.0,47.0,80.0,80.0,255.0,2991.0,1258.0,2301.0,9.71
2026-10-03T05:00:35,560.0,47.0,80.0,80.0,255.0,2993.0,1258.0,2303.0,9.71
2026-10-03T05:00:45,570.0,47.0,80.0,80.0,255.0,2992.0,1258.0,2302.0,9.71
2026-10-03T05:00:55,580.0,47.0,80.0,80.0,255.0,2992.0,1258.0,2303.0,9.71
2026-10-03T05:01:05,590.0,47.0,82.0,79.0,261.0,3042.0,1258.0,2354.0,9.71
2026-10-03T05:01:15,600.0,47.0,80.0,80.0,255.0,2992.0,1258.0,2316.0,9.71
2026-10-03T05:01:25,610.0,47.0,80.0,80.0,255.0,2993.0,1258.0,2301.0,9.71
2026-10-03T05:01:35,620.0,47.0,80.0,80.0,255.0,2992.0,1258.0,2303.0,9.71
2026-10-03T05:01:45,630.0,47.0,80.0,80.0,255.0,2992.0,1258.0,2302.0,9.71
2026-10-03T05:01:55,640.0,47.0,80.0,80.0,255.0,2991.0,1258.0,2303.0,9.71
2026-10-03T05:02:05,650.0,47.0,80.0,80.0,255.0,2991.0,1258.0,2302.0,9.71
2026-10-03T05:02:15,660.0,47.0,80.0,80.0,255.0,2990.0,1258.0,2303.0,9.71
2026-10-03T05:02:25,670.0,47.0,80.0,80.0,255.0,2991.0,1258.0,2305.0,9.71
2026-10-03T05:02:35,680.0,47.0,80.0,80.0,255.0,2992.0,1258.0,2304.0,9.71
2026-10-03T05:02:45,690.0,47.0,80.0,80.0,255.0,2992.0,1258.0,2305.0,9.71
2026-10-03T05:02:55,700.0,47.0,81.0,80.0,258.0,3021.0,1258.0,2311.0,9.71
2026-10-03T05:03:05,710.0,47.0,81.0,80.0,258.0,3009.0,1258.0,2370.0,9.71
2026-10-03T05:03:15,720.0,47.0,80.0,80.0,255.0,2991.0,1258.0,2303.0,9.71
2026-10-03T05:03:25,730.0,47.0,80.0,80.0,255.0,2991.0,1258.0,2300.0,9.71
2026-10-03T05:03:35,740.0,47.0,80.0,80.0,255.0,2989.0,1258.0,2299.0,9.71
2026-10-03T05:03:45,750.0,47.0,80.0,80.0,255.0,2991.0,1258.0,2302.0,9.71
2026-10-03T05:03:55,760.0,47.0,80.0,80.0,255.0,2990.0,1258.0,2302.0,9.71
2026-10-03T05:04:05,770.0,47.0,80.0,80.0,255.0,2991.0,1258.0,2303.0,9.71
2026-10-03T05:04:15,780.0,47.0,80.0,80.0,255.0,2990.0,1258.0,2302.0,9.71
2026-10-03T05:04:25,790.0,47.0,80.0,80.0,255.0,2991.0,1258.0,2306.0,9.71
2026-10-03T05:04:35,800.0,47.0,80.0,80.0,255.0,2991.0,1258.0,2304.0,9.71
2026-10-03T05:04:45,810.0,47.0,80.0,80.0,255.0,2990.0,1258.0,2303.0,9.71
2026-10-03T05:04:55,820.0,47.0,82.0,80.0,261.0,3041.0,1258.0,2346.0,9.71
2026-10-03T05:05:05,830.0,47.0,80.0,80.0,255.0,2990.0,1258.0,2327.0,9.71
2026-10-03T05:05:15,840.0,47.0,80.0,80.0,255.0,2990.0,1258.0,2300.0,9.71
2026-10-03T05:05:25,850.0,47.0,80.0,80.0,255.0,2991.0,1258.0,2301.0,9.71
2026-10-03T05:05:35,860.0,47.0,80.0,80.0,255.0,2991.0,1258.0,2301.0,9.71
2026-10-03T05:05:45,870.0,47.0,80.0,80.0,255.0,2991.0,1258.0,2302.0,9.71
2026-10-03T05:05:55,880.0,47.0,80.0,80.0,255.0,2990.0,1258.0,2302.0,9.71
2026-10-03T05:06:05,890.0,47.0,80.0,80.0,255.0,2990.0,1258.0,2300.0,9.71
2026-10-03T05:06:15,900.0,47.0,80.0,80.0,255.0,2990.0,1258.0,2302.0,9.71
2026-10-03T05:06:25,910.0,47.0,80.0,80.0,255.0,2990.0,1258.0,2299.0,9.71
2026-10-03T05:06:35,920.0,47.0,80.0,80.0,255.0,2992.0,1258.0,2301.0,9.71
2026-10-03T05:06:45,930.0,47.0,81.0,80.0,257.0,3011.0,1258.0,2303.0,9.71
2026-10-03T05:06:55,940.1,47.0,81.0,79.0,259.0,3020.0,1258.0,2358.0,9.71
2026-10-03T05:07:05,950.1,47.0,80.0,80.0,255.0,2989.0,1258.0,2300.0,9.71
2026-10-03T05:07:15,960.1,47.0,80.0,80.0,255.0,2989.0,1258.0,2301.0,9.71
2026-10-03T05:07:25,970.1,47.0,80.0,80.0,255.0,2990.0,1258.0,2303.0,9.71
2026-10-03T05:07:35,980.1,47.0,80.0,80.0,254.0,2985.0,1258.0,2302.0,9.71
2026-10-03T05:07:45,990.1,47.0,80.0,80.0,255.0,2987.0,1258.0,2302.0,9.71
2026-10-03T05:07:55,1000.1,47.0,80.0,80.0,255.0,2990.0,1258.0,2307.0,9.71
2026-10-03T05:08:05,1010.1,47.0,80.0,80.0,255.0,2990.0,1258.0,2306.0,9.71
2026-10-03T05:08:15,1020.1,47.0,80.0,80.0,255.0,2989.0,1258.0,2301.0,9.71
2026-10-03T05:08:25,1030.1,47.0,80.0,80.0,255.0,2988.0,1258.0,2302.0,9.71
2026-10-03T05:08:35,1040.1,47.0,80.0,80.0,255.0,2988.0,1258.0,2301.0,9.71
2026-10-03T05:08:45,1050.1,47.0,82.0,79.0,261.0,3040.0,1258.0,2338.0,9.71
2026-10-03T05:08:55,1060.1,47.0,80.0,80.0,255.0,2989.0,1258.0,2336.0,9.71
2026-10-03T05:09:05,1070.1,47.0,80.0,80.0,255.0,2989.0,1258.0,2300.0,9.71
2026-10-03T05:09:15,1080.1,47.0,80.0,80.0,255.0,2989.0,1258.0,2301.0,9.71
2026-10-03T05:09:25,1090.1,47.0,80.0,80.0,255.0,2989.0,1258.0,2302.0,9.71
2026-10-03T05:09:35,1100.1,47.0,80.0,80.0,255.0,2989.0,1258.0,2304.0,9.71
2026-10-03T05:09:45,1110.1,47.0,80.0,80.0,255.0,2990.0,1258.0,2306.0,9.71
2026-10-03T05:09:55,1120.1,47.0,80.0,80.0,255.0,2988.0,1258.0,2305.0,9.71
2026-10-03T05:10:05,1130.1,47.0,80.0,80.0,255.0,2989.0,1258.0,2303.0,9.71
2026-10-03T05:10:15,1140.1,47.0,80.0,80.0,255.0,2989.0,1258.0,2302.0,9.71
2026-10-03T05:10:25,1150.1,47.0,80.0,80.0,255.0,2989.0,1258.0,2304.0,9.71
2026-10-03T05:10:35,1160.1,47.0,80.0,80.0,255.0,3000.0,1258.0,2301.0,9.71
2026-10-03T05:10:45,1170.1,47.0,82.0,79.0,260.0,3031.0,1258.0,2358.0,9.71
2026-10-03T05:10:55,1180.1,47.0,80.0,80.0,255.0,2989.0,1258.0,2306.0,9.71
2026-10-03T05:11:05,1190.1,47.0,80.0,80.0,255.0,2988.0,1258.0,2301.0,9.71
2026-10-03T05:11:15,1200.1,47.0,80.0,80.0,255.0,2990.0,1258.0,2301.0,9.71
2026-10-03T05:11:25,1210.1,47.0,80.0,80.0,255.0,2989.0,1258.0,2302.0,9.71
2026-10-03T05:11:35,1220.1,47.0,80.0,80.0,255.0,2989.0,1258.0,2300.0,9.71
2026-10-03T05:11:45,1230.1,47.0,80.0,80.0,255.0,2990.0,1258.0,2296.0,9.71
2026-10-03T05:11:55,1240.1,47.0,80.0,80.0,255.0,2991.0,1258.0,2301.0,9.71
2026-10-03T05:12:05,1250.1,47.0,80.0,80.0,255.0,2991.0,1258.0,2288.0,9.71
2026-10-03T05:12:15,1260.1,47.0,80.0,80.0,255.0,2990.0,1258.0,2292.0,9.71
2026-10-03T05:12:26,1270.1,47.0,80.0,80.0,255.0,2989.0,1258.0,2300.0,9.71
2026-10-03T05:12:36,1280.1,47.0,81.0,79.0,259.0,3035.0,1258.0,2310.0,9.71
2026-10-03T05:12:46,1290.1,47.0,80.0,80.0,256.0,2995.0,1258.0,2332.0,9.71
2026-10-03T05:12:56,1300.1,47.0,80.0,80.0,255.0,2991.0,1258.0,2290.0,9.71
2026-10-03T05:13:06,1310.1,47.0,80.0,80.0,255.0,2991.0,1258.0,2270.0,9.71
2026-10-03T05:13:16,1320.1,47.0,80.0,80.0,255.0,2987.0,1258.0,2284.0,9.71
2026-10-03T05:13:26,1330.1,47.0,80.0,80.0,255.0,2989.0,1258.0,2293.0,9.71
2026-10-03T05:13:36,1340.1,47.0,80.0,80.0,255.0,2990.0,1258.0,2287.0,9.71
2026-10-03T05:13:46,1350.1,47.0,80.0,80.0,255.0,2991.0,1258.0,2295.0,9.71
2026-10-03T05:13:56,1360.1,47.0,80.0,80.0,255.0,2991.0,1258.0,2282.0,9.71
2026-10-03T05:14:06,1370.1,47.0,80.0,80.0,255.0,2990.0,1258.0,2293.0,9.71
2026-10-03T05:14:16,1380.1,47.0,80.0,80.0,255.0,2992.0,1258.0,2295.0,9.71
2026-10-03T05:14:26,1390.1,47.0,80.0,80.0,255.0,2993.0,1258.0,2298.0,9.71
2026-10-03T05:14:36,1400.1,47.0,81.0,79.0,261.0,3041.0,1258.0,2343.0,9.71
2026-10-03T05:14:46,1410.1,47.0,80.0,80.0,255.0,2990.0,1258.0,2305.0,9.71
2026-10-03T05:14:56,1420.1,47.0,80.0,80.0,255.0,2990.0,1258.0,2275.0,9.71
2026-10-03T05:15:06,1430.1,47.0,80.0,80.0,255.0,2991.0,1258.0,2300.0,9.71
2026-10-03T05:15:16,1440.1,47.0,80.0,80.0,255.0,2989.0,1258.0,2302.0,9.71
2026-10-03T05:15:26,1450.1,47.0,80.0,80.0,254.0,2987.0,1258.0,2280.0,9.71
2026-10-03T05:15:36,1460.1,47.0,80.0,80.0,255.0,2990.0,1258.0,2297.0,9.71
2026-10-03T05:15:46,1470.1,47.0,80.0,80.0,255.0,2990.0,1258.0,2298.0,9.71
2026-10-03T05:15:56,1480.1,47.0,80.0,80.0,255.0,2990.0,1258.0,2284.0,9.71
2026-10-03T05:16:06,1490.1,47.0,80.0,80.0,255.0,2988.0,1258.0,2286.0,9.71
2026-10-03T05:16:16,1500.1,47.0,80.0,80.0,255.0,2990.0,1258.0,2289.0,9.71
2026-10-03T05:16:26,1510.1,47.0,81.0,79.0,259.0,3026.0,1258.0,2310.0,9.71
2026-10-03T05:16:36,1520.1,47.0,81.0,80.0,257.0,3006.0,1258.0,2348.0,9.71
2026-10-03T05:16:46,1530.1,47.0,80.0,80.0,255.0,2990.0,1258.0,2300.0,9.71
2026-10-03T05:16:56,1540.1,47.0,80.0,80.0,255.0,2990.0,1258.0,2301.0,9.71
2026-10-03T05:17:06,1550.1,47.0,80.0,80.0,255.0,2991.0,1258.0,2302.0,9.71
2026-10-03T05:17:16,1560.1,47.0,80.0,80.0,255.0,2989.0,1258.0,2302.0,9.71
2026-10-03T05:17:26,1570.1,47.0,80.0,80.0,255.0,2987.0,1258.0,2282.0,9.71
2026-10-03T05:17:36,1580.1,47.0,80.0,80.0,255.0,2990.0,1258.0,2301.0,9.71
2026-10-03T05:17:46,1590.1,47.0,80.0,80.0,255.0,2990.0,1258.0,2302.0,9.71
2026-10-03T05:17:56,1600.1,47.0,80.0,80.0,255.0,2990.0,1258.0,2282.0,9.71
2026-10-03T05:18:06,1610.1,47.0,80.0,80.0,255.0,2990.0,1258.0,2292.0,9.71
2026-10-03T05:18:16,1620.1,47.0,80.0,80.0,255.0,2990.0,1258.0,2301.0,9.71
2026-10-03T05:18:26,1630.1,47.0,82.0,79.0,261.0,3043.0,1258.0,2344.0,9.71
2026-10-03T05:18:36,1640.1,47.0,80.0,80.0,255.0,2991.0,1258.0,2314.0,9.71
2026-10-03T05:18:46,1650.1,47.0,80.0,80.0,255.0,2987.0,1258.0,2295.0,9.71
2026-10-03T05:18:56,1660.1,47.0,80.0,80.0,255.0,2990.0,1258.0,2289.0,9.71
2026-10-03T05:19:06,1670.1,47.0,80.0,80.0,255.0,2990.0,1258.0,2303.0,9.71
2026-10-03T05:19:16,1680.1,47.0,80.0,80.0,255.0,2991.0,1258.0,2284.0,9.71
2026-10-03T05:19:26,1690.1,47.0,80.0,80.0,255.0,2991.0,1258.0,2281.0,9.71
2026-10-03T05:19:36,1700.1,47.0,80.0,80.0,255.0,2990.0,1258.0,2287.0,9.71
2026-10-03T05:19:46,1710.1,47.0,80.0,80.0,255.0,2991.0,1258.0,2299.0,9.71
2026-10-03T05:19:56,1720.1,47.0,80.0,80.0,255.0,2991.0,1258.0,2285.0,9.71
2026-10-03T05:20:06,1730.1,47.0,80.0,80.0,255.0,2990.0,1258.0,2283.0,9.71
2026-10-03T05:20:16,1740.1,47.0,81.0,80.0,257.0,3016.0,1258.0,2299.0,9.71
2026-10-03T05:20:26,1750.1,47.0,81.0,79.0,259.0,3019.0,1258.0,2346.0,9.71
2026-10-03T05:20:36,1760.1,47.0,80.0,80.0,255.0,2991.0,1258.0,2302.0,9.71
2026-10-03T05:20:46,1770.1,47.0,80.0,80.0,255.0,2991.0,1258.0,2299.0,9.71
2026-10-03T05:20:56,1780.1,47.0,80.0,80.0,255.0,2991.0,1258.0,2283.0,9.71
2026-10-03T05:21:06,1790.1,47.0,80.0,80.0,255.0,2990.0,1258.0,2287.0,9.71
2026-10-03T05:21:16,1800.1,47.0,80.0,80.0,255.0,2990.0,1258.0,2301.0,9.71
2026-10-03T05:21:26,1810.1,47.0,80.0,80.0,255.0,2990.0,1258.0,2293.0,9.71
2026-10-03T05:21:36,1820.1,47.0,80.0,80.0,255.0,2990.0,1258.0,2281.0,9.71
2026-10-03T05:21:46,1830.1,47.0,80.0,80.0,255.0,2991.0,1258.0,2303.0,9.71
2026-10-03T05:21:56,1840.1,47.0,80.0,80.0,255.0,2990.0,1258.0,2302.0,9.71
2026-10-03T05:22:06,1850.1,47.0,80.0,80.0,255.0,2990.0,1258.0,2298.0,9.71
2026-10-03T05:22:16,1860.1,47.0,81.0,79.0,261.0,3042.0,1258.0,2320.0,9.71
2026-10-03T05:22:26,1870.1,47.0,80.0,80.0,255.0,2990.0,1258.0,2319.0,9.71
2026-10-03T05:22:36,1880.1,47.0,80.0,80.0,255.0,2990.0,1258.0,2287.0,9.71
2026-10-03T05:22:46,1890.1,47.0,80.0,80.0,255.0,2991.0,1258.0,2280.0,9.71
2026-10-03T05:22:56,1900.1,47.0,80.0,80.0,255.0,2991.0,1258.0,2296.0,9.71
2026-10-03T05:23:06,1910.1,47.0,80.0,80.0,255.0,2989.0,1258.0,2285.0,9.71
2026-10-03T05:23:16,1920.1,47.0,80.0,80.0,255.0,2989.0,1258.0,2296.0,9.71
2026-10-03T05:23:26,1930.1,47.0,80.0,80.0,255.0,2990.0,1258.0,2290.0,9.71
2026-10-03T05:23:36,1940.1,47.0,80.0,80.0,255.0,2989.0,1258.0,2281.0,9.71
2026-10-03T05:23:46,1950.1,47.0,80.0,80.0,255.0,2990.0,1258.0,2302.0,9.71
2026-10-03T05:23:56,1960.1,47.0,80.0,80.0,254.0,2986.0,1258.0,2290.0,9.71
2026-10-03T05:24:06,1970.1,47.0,80.0,80.0,256.0,3003.0,1258.0,2290.0,9.71
2026-10-03T05:24:16,1980.1,47.0,81.0,79.0,260.0,3024.0,1258.0,2357.0,9.71
2026-10-03T05:24:26,1990.1,47.0,80.0,80.0,255.0,2989.0,1258.0,2296.0,9.71
2026-10-03T05:24:36,2000.1,47.0,80.0,80.0,255.0,2990.0,1258.0,2289.0,9.71
2026-10-03T05:24:46,2010.1,47.0,80.0,80.0,255.0,2990.0,1258.0,2283.0,9.71
2026-10-03T05:24:56,2020.1,47.0,80.0,80.0,255.0,2990.0,1258.0,2280.0,9.71
2026-10-03T05:25:06,2030.1,47.0,80.0,80.0,255.0,2990.0,1258.0,2297.0,9.71
2026-10-03T05:25:16,2040.1,47.0,80.0,80.0,255.0,2990.0,1258.0,2277.0,9.71
2026-10-03T05:25:26,2050.1,47.0,80.0,80.0,255.0,2989.0,1258.0,2283.0,9.71
2026-10-03T05:25:36,2060.1,47.0,80.0,80.0,255.0,2989.0,1258.0,2281.0,9.71
2026-10-03T05:25:46,2070.1,47.0,80.0,80.0,255.0,2990.0,1258.0,2289.0,9.71
2026-10-03T05:25:56,2080.1,47.0,80.0,80.0,255.0,2991.0,1258.0,2281.0,9.71
2026-10-03T05:26:06,2090.1,47.0,81.0,79.0,260.0,3039.0,1258.0,2315.0,9.71
2026-10-03T05:26:16,2100.1,47.0,80.0,80.0,256.0,2993.0,1258.0,2331.0,9.71
2026-10-03T05:26:26,2110.1,47.0,80.0,80.0,255.0,2989.0,1258.0,2288.0,9.71
2026-10-03T05:26:36,2120.1,47.0,80.0,80.0,255.0,2990.0,1258.0,2273.0,9.71
2026-10-03T05:26:46,2130.1,47.0,80.0,80.0,255.0,2990.0,1258.0,2296.0,9.71
2026-10-03T05:26:56,2140.1,47.0,80.0,80.0,255.0,2990.0,1258.0,2281.0,9.71
2026-10-03T05:27:06,2150.1,47.0,80.0,80.0,255.0,2990.0,1258.0,2279.0,9.71
2026-10-03T05:27:16,2160.1,47.0,80.0,80.0,255.0,2990.0,1258.0,2292.0,9.71
2026-10-03T05:27:26,2170.1,47.0,80.0,80.0,255.0,2989.0,1258.0,2274.0,9.71
2026-10-03T05:27:36,2180.1,47.0,80.0,80.0,255.0,2991.0,1258.0,2294.0,9.71
2026-10-03T05:27:46,2190.1,47.0,80.0,80.0,255.0,2991.0,1258.0,2279.0,9.71
2026-10-03T05:27:56,2200.1,47.0,80.0,80.0,255.0,2994.0,1258.0,2282.0,9.71
2026-10-03T05:28:06,2210.1,47.0,81.0,79.0,261.0,3039.0,1258.0,2345.0,9.71
2026-10-03T05:28:16,2220.1,47.0,80.0,80.0,255.0,2989.0,1258.0,2289.0,9.71
2026-10-03T05:28:26,2230.1,47.0,80.0,80.0,255.0,2990.0,1258.0,2273.0,9.71
2026-10-03T05:28:36,2240.1,47.0,80.0,80.0,255.0,2991.0,1258.0,2285.0,9.71
2026-10-03T05:28:46,2250.1,47.0,80.0,80.0,255.0,2990.0,1258.0,2276.0,9.71
2026-10-03T05:28:56,2260.1,47.0,80.0,80.0,255.0,2990.0,1258.0,2280.0,9.71
2026-10-03T05:29:06,2270.1,47.0,80.0,80.0,255.0,2990.0,1258.0,2280.0,9.71
2026-10-03T05:29:16,2280.1,47.0,80.0,80.0,255.0,2988.0,1258.0,2280.0,9.71
2026-10-03T05:29:26,2290.1,47.0,80.0,80.0,255.0,2990.0,1258.0,2284.0,9.71
2026-10-03T05:29:36,2300.1,47.0,80.0,80.0,255.0,2989.0,1258.0,2279.0,9.71
2026-10-03T05:29:46,2310.1,47.0,80.0,80.0,255.0,2991.0,1258.0,2284.0,9.71
2026-10-03T05:29:56,2320.1,47.0,81.0,79.0,258.0,3027.0,1258.0,2293.0,9.71
2026-10-03T05:30:06,2330.1,47.0,81.0,79.0,257.0,3004.0,1258.0,2339.0,9.71
2026-10-03T05:30:16,2340.1,47.0,80.0,80.0,255.0,2989.0,1258.0,2274.0,9.71
2026-10-03T05:30:26,2350.1,47.0,80.0,80.0,255.0,2990.0,1258.0,2279.0,9.71
2026-10-03T05:30:36,2360.1,47.0,80.0,80.0,255.0,2990.0,1258.0,2284.0,9.71
2026-10-03T05:30:46,2370.1,47.0,80.0,80.0,255.0,2989.0,1258.0,2279.0,9.71
2026-10-03T05:30:56,2380.1,47.0,80.0,80.0,255.0,2990.0,1258.0,2280.0,9.71
2026-10-03T05:31:06,2390.1,47.0,80.0,80.0,255.0,2991.0,1258.0,2279.0,9.71
2026-10-03T05:31:16,2400.1,47.0,80.0,80.0,255.0,2989.0,1258.0,2280.0,9.71
2026-10-03T05:31:26,2410.1,47.0,80.0,80.0,255.0,2989.0,1258.0,2276.0,9.71
2026-10-03T05:31:36,2420.1,47.0,80.0,80.0,255.0,2991.0,1258.0,2281.0,9.71
2026-10-03T05:31:46,2430.1,47.0,80.0,80.0,255.0,2990.0,1258.0,2279.0,9.71
2026-10-03T05:31:56,2440.1,47.0,81.0,79.0,260.0,3042.0,1258.0,2327.0,9.71
2026-10-03T05:32:06,2450.1,47.0,80.0,80.0,255.0,2989.0,1258.0,2293.0,9.71
2026-10-03T05:32:16,2460.1,47.0,80.0,80.0,255.0,2990.0,1258.0,2279.0,9.71
2026-10-03T05:32:26,2470.1,47.0,80.0,80.0,255.0,2990.0,1258.0,2288.0,9.71
2026-10-03T05:32:36,2480.1,47.0,80.0,80.0,255.0,2991.0,1258.0,2291.0,9.71
2026-10-03T05:32:46,2490.1,47.0,80.0,80.0,256.0,2991.0,1258.0,2293.0,9.71
2026-10-03T05:32:56,2500.1,47.0,80.0,79.0,255.0,2990.0,1258.0,2281.0,9.71
2026-10-03T05:33:06,2510.1,47.0,80.0,79.0,255.0,2990.0,1258.0,2278.0,9.71
2026-10-03T05:33:16,2520.1,47.0,80.0,79.0,255.0,2991.0,1258.0,2284.0,9.71
2026-10-03T05:33:26,2530.1,47.0,80.0,80.0,256.0,2991.0,1258.0,2282.0,9.71
2026-10-03T05:33:36,2540.1,47.0,80.0,79.0,256.0,2991.0,1258.0,2283.0,9.71
2026-10-03T05:33:46,2550.1,47.0,80.0,79.0,258.0,3016.0,1258.0,2289.0,9.71
2026-10-03T05:33:56,2560.1,47.0,81.0,79.0,259.0,3014.0,1258.0,2336.0,9.71
2026-10-03T05:34:06,2570.1,47.0,80.0,79.0,255.0,2990.0,1258.0,2273.0,9.71
2026-10-03T05:34:16,2580.1,47.0,80.0,79.0,255.0,2991.0,1258.0,2277.0,9.71
2026-10-03T05:34:26,2590.1,47.0,80.0,80.0,255.0,2990.0,1258.0,2273.0,9.71
2026-10-03T05:34:36,2600.1,47.0,80.0,80.0,255.0,2988.0,1258.0,2287.0,9.71
2026-10-03T05:34:46,2610.1,47.0,80.0,79.0,255.0,2990.0,1258.0,2276.0,9.71
2026-10-03T05:34:56,2620.1,47.0,80.0,80.0,256.0,2991.0,1258.0,2288.0,9.71
2026-10-03T05:35:06,2630.1,47.0,80.0,79.0,256.0,2991.0,1258.0,2284.0,9.71
2026-10-03T05:35:16,2640.1,47.0,80.0,79.0,255.0,2990.0,1258.0,2277.0,9.71
2026-10-03T05:35:26,2650.1,47.0,80.0,79.0,255.0,2992.0,1258.0,2273.0,9.71
2026-10-03T05:35:36,2660.1,47.0,80.0,79.0,255.0,2990.0,1258.0,2283.0,9.71
2026-10-03T05:35:46,2670.1,47.0,81.0,78.0,260.0,3040.0,1258.0,2310.0,9.71
2026-10-03T05:35:56,2680.1,47.0,80.0,79.0,255.0,2991.0,1258.0,2300.0,9.71
2026-10-03T05:36:06,2690.1,47.0,80.0,79.0,255.0,2991.0,1258.0,2272.0,9.71
2026-10-03T05:36:16,2700.1,47.0,80.0,79.0,256.0,2991.0,1258.0,2281.0,9.71
2026-10-03T05:36:26,2710.1,47.0,80.0,79.0,256.0,2992.0,1258.0,2283.0,9.71
2026-10-03T05:36:36,2720.1,47.0,80.0,79.0,255.0,2993.0,1258.0,2277.0,9.71
2026-10-03T05:36:46,2730.2,47.0,80.0,79.0,255.0,2993.0,1258.0,2284.0,9.71
2026-10-03T05:36:56,2740.2,47.0,80.0,79.0,255.0,2992.0,1258.0,2284.0,9.71
2026-10-03T05:37:06,2750.2,47.0,80.0,79.0,255.0,2993.0,1258.0,2272.0,9.71
2026-10-03T05:37:16,2760.2,47.0,80.0,79.0,256.0,2992.0,1258.0,2284.0,9.71
2026-10-03T05:37:26,2770.2,47.0,80.0,79.0,255.0,2992.0,1258.0,2281.0,9.71
2026-10-03T05:37:36,2780.2,47.0,80.0,79.0,256.0,3002.0,1258.0,2277.0,9.71
2026-10-03T05:37:46,2790.2,47.0,81.0,78.0,260.0,3029.0,1258.0,2341.0,9.71
2026-10-03T05:37:56,2800.2,47.0,80.0,79.0,255.0,2992.0,1258.0,2281.0,9.71
2026-10-03T05:38:06,2810.2,47.0,80.0,79.0,256.0,2990.0,1258.0,2273.0,9.71
2026-10-03T05:38:16,2820.2,47.0,80.0,79.0,255.0,2992.0,1258.0,2277.0,9.71
2026-10-03T05:38:26,2830.2,47.0,80.0,79.0,255.0,2990.0,1258.0,2279.0,9.71
2026-10-03T05:38:36,2840.2,47.0,80.0,79.0,256.0,2991.0,1258.0,2282.0,9.71
2026-10-03T05:38:46,2850.2,47.0,80.0,79.0,256.0,2991.0,1258.0,2276.0,9.71
2026-10-03T05:38:56,2860.2,47.0,80.0,79.0,255.0,2989.0,1258.0,2278.0,9.71
2026-10-03T05:39:06,2870.2,47.0,80.0,79.0,255.0,2989.0,1258.0,2280.0,9.71
2026-10-03T05:39:16,2880.2,47.0,80.0,79.0,255.0,2991.0,1258.0,2278.0,9.71
2026-10-03T05:39:26,2890.2,47.0,80.0,79.0,256.0,2993.0,1258.0,2286.0,9.71
2026-10-03T05:39:36,2900.2,47.0,81.0,79.0,259.0,3034.0,1258.0,2301.0,9.71
2026-10-03T05:39:46,2910.2,47.0,80.0,79.0,256.0,2999.0,1258.0,2321.0,9.71
2026-10-03T05:39:56,2920.2,47.0,80.0,79.0,255.0,2991.0,1258.0,2271.0,9.71
2026-10-03T05:40:06,2930.2,47.0,80.0,79.0,256.0,2992.0,1258.0,2274.0,9.71
2026-10-03T05:40:16,2940.2,47.0,80.0,79.0,256.0,2991.0,1258.0,2283.0,9.71
2026-10-03T05:40:26,2950.2,47.0,80.0,79.0,256.0,2991.0,1258.0,2278.0,9.71
2026-10-03T05:40:36,2960.2,47.0,80.0,79.0,256.0,2990.0,1258.0,2282.0,9.71
2026-10-03T05:40:46,2970.2,47.0,80.0,79.0,255.0,2988.0,1258.0,2276.0,9.71
2026-10-03T05:40:56,2980.2,47.0,80.0,79.0,256.0,2990.0,1258.0,2287.0,9.71
2026-10-03T05:41:06,2990.2,47.0,80.0,79.0,256.0,2991.0,1258.0,2282.0,9.71
2026-10-03T05:41:16,3000.2,47.0,80.0,79.0,255.0,2991.0,1258.0,2278.0,9.71
2026-10-03T05:41:26,3010.2,47.0,80.0,79.0,256.0,2992.0,1258.0,2288.0,9.71
2026-10-03T05:41:36,3020.2,47.0,81.0,78.0,260.0,3039.0,1258.0,2326.0,9.71
2026-10-03T05:41:46,3030.2,46.0,80.0,79.0,255.0,2990.0,1258.0,2291.0,9.71
2026-10-03T05:41:56,3040.2,47.0,80.0,79.0,255.0,2990.0,1258.0,2272.0,9.71
2026-10-03T05:42:06,3050.2,47.0,80.0,79.0,255.0,2993.0,1258.0,2274.0,9.71
2026-10-03T05:42:16,3060.2,47.0,80.0,79.0,255.0,2990.0,1258.0,2281.0,9.71
2026-10-03T05:42:26,3070.2,46.0,80.0,79.0,255.0,2989.0,1258.0,2282.0,9.71
2026-10-03T05:42:36,3080.2,46.0,80.0,79.0,256.0,2992.0,1258.0,2281.0,9.71
2026-10-03T05:42:46,3090.2,46.0,80.0,79.0,256.0,2992.0,1258.0,2284.0,9.71
2026-10-03T05:42:56,3100.2,47.0,80.0,79.0,256.0,2992.0,1258.0,2276.0,9.71
2026-10-03T05:43:06,3110.2,47.0,80.0,79.0,256.0,2991.0,1258.0,2281.0,9.71
2026-10-03T05:43:16,3120.2,47.0,80.0,79.0,256.0,2992.0,1258.0,2280.0,9.71
2026-10-03T05:43:26,3130.2,47.0,80.0,79.0,258.0,3019.0,1258.0,2283.0,9.71
2026-10-03T05:43:36,3140.2,47.0,80.0,79.0,258.0,3013.0,1258.0,2328.0,9.71
2026-10-03T05:43:46,3150.2,47.0,80.0,79.0,256.0,2991.0,1258.0,2274.0,9.71
2026-10-03T05:43:56,3160.2,47.0,80.0,79.0,255.0,2990.0,1258.0,2272.0,9.71
2026-10-03T05:44:06,3170.2,47.0,80.0,79.0,256.0,2989.0,1258.0,2280.0,9.71
2026-10-03T05:44:16,3180.2,47.0,80.0,79.0,256.0,2990.0,1258.0,2284.0,9.71
2026-10-03T05:44:26,3190.2,47.0,80.0,79.0,256.0,2991.0,1258.0,2286.0,9.71
2026-10-03T05:44:36,3200.2,47.0,80.0,79.0,256.0,2990.0,1258.0,2278.0,9.71
2026-10-03T05:44:46,3210.2,47.0,80.0,79.0,256.0,2990.0,1258.0,2278.0,9.71
2026-10-03T05:44:56,3220.2,47.0,80.0,79.0,255.0,2990.0,1258.0,2278.0,9.71
2026-10-03T05:45:06,3230.2,47.0,80.0,79.0,256.0,2990.0,1258.0,2283.0,9.71
2026-10-03T05:45:16,3240.2,47.0,80.0,79.0,256.0,2990.0,1258.0,2280.0,9.71
2026-10-03T05:45:26,3250.2,47.0,81.0,78.0,260.0,3042.0,1258.0,2315.0,9.71
2026-10-03T05:45:36,3260.2,47.0,80.0,79.0,255.0,2988.0,1258.0,2303.0,9.71
2026-10-03T05:45:46,3270.2,47.0,80.0,79.0,255.0,2990.0,1258.0,2272.0,9.71
2026-10-03T05:45:56,3280.2,47.0,80.0,79.0,256.0,2993.0,1258.0,2273.0,9.71
2026-10-03T05:46:06,3290.2,47.0,80.0,79.0,255.0,2991.0,1258.0,2276.0,9.71
2026-10-03T05:46:16,3300.2,47.0,80.0,79.0,256.0,2992.0,1258.0,2285.0,9.71
2026-10-03T05:46:26,3310.2,47.0,80.0,79.0,256.0,2993.0,1258.0,2274.0,9.71
2026-10-03T05:46:36,3320.2,47.0,80.0,79.0,255.0,2995.0,1258.0,2281.0,9.71
2026-10-03T05:46:46,3330.2,47.0,80.0,79.0,255.0,2991.0,1258.0,2272.0,9.71
2026-10-03T05:46:56,3340.2,47.0,80.0,79.0,256.0,2990.0,1258.0,2282.0,9.71
2026-10-03T05:47:06,3350.2,47.0,80.0,79.0,256.0,2992.0,1258.0,2278.0,9.71
2026-10-03T05:47:16,3360.2,47.0,80.0,79.0,256.0,3004.0,1258.0,2279.0,9.71
2026-10-03T05:47:26,3370.2,47.0,81.0,79.0,259.0,3027.0,1258.0,2334.0,9.71
2026-10-03T05:47:36,3380.2,47.0,80.0,79.0,256.0,2994.0,1258.0,2275.0,9.71
2026-10-03T05:47:46,3390.2,47.0,80.0,79.0,256.0,2992.0,1258.0,2279.0,9.71
2026-10-03T05:47:56,3400.2,47.0,80.0,79.0,256.0,2991.0,1258.0,2277.0,9.71
2026-10-03T05:48:06,3410.2,47.0,80.0,79.0,255.0,2992.0,1258.0,2276.0,9.71
2026-10-03T05:48:16,3420.2,47.0,80.0,79.0,256.0,2993.0,1258.0,2287.0,9.71
2026-10-03T05:48:26,3430.2,47.0,80.0,79.0,255.0,2992.0,1258.0,2274.0,9.71
2026-10-03T05:48:36,3440.2,47.0,80.0,79.0,255.0,2991.0,1258.0,2281.0,9.71
2026-10-03T05:48:46,3450.2,47.0,80.0,79.0,256.0,2994.0,1258.0,2282.0,9.71
2026-10-03T05:48:56,3460.2,46.0,80.0,79.0,255.0,2992.0,1258.0,2278.0,9.71
2026-10-03T05:49:06,3470.2,46.0,80.0,79.0,256.0,2991.0,1258.0,2283.0,9.71
2026-10-03T05:49:16,3480.2,47.0,81.0,79.0,259.0,3035.0,1258.0,2305.0,9.71
2026-10-03T05:49:26,3490.2,46.0,80.0,79.0,256.0,2995.0,1258.0,2315.0,9.71
2026-10-03T05:49:36,3500.2,46.0,80.0,79.0,256.0,2990.0,1258.0,2272.0,9.71
2026-10-03T05:49:46,3510.2,46.0,80.0,79.0,256.0,2991.0,1258.0,2283.0,9.71
2026-10-03T05:49:56,3520.2,47.0,80.0,79.0,255.0,2991.0,1258.0,2274.0,9.71
2026-10-03T05:50:06,3530.2,47.0,80.0,79.0,256.0,2990.0,1258.0,2278.0,9.71
2026-10-03T05:50:16,3540.2,46.0,80.0,79.0,255.0,2992.0,1258.0,2276.0,9.71
2026-10-03T05:50:26,3550.2,47.0,80.0,79.0,256.0,2992.0,1258.0,2288.0,9.71
2026-10-03T05:50:36,3560.2,47.0,80.0,79.0,255.0,2991.0,1258.0,2276.0,9.71
2026-10-03T05:50:46,3570.2,47.0,80.0,79.0,256.0,2991.0,1258.0,2286.0,9.71
2026-10-03T05:50:56,3580.2,47.0,80.0,79.0,256.0,2991.0,1258.0,2286.0,9.71
2026-10-03T05:51:06,3590.2,47.0,80.0,79.0,256.0,2990.0,1258.0,2274.0,9.71
2026-10-03T05:51:16,3600.2,47.0,81.0,78.0,261.0,3040.0,1258.0,2333.0,9.71
2026-10-03T05:51:26,3610.2,47.0,80.0,79.0,256.0,2992.0,1258.0,2286.0,9.71
2026-10-03T05:51:36,3620.2,47.0,80.0,80.0,255.0,2992.0,1258.0,2273.0,9.71
2026-10-03T05:51:46,3630.2,47.0,80.0,80.0,256.0,2993.0,1258.0,2280.0,9.71
2026-10-03T05:51:56,3640.2,47.0,80.0,80.0,256.0,2993.0,1258.0,2279.0,9.71
2026-10-03T05:52:06,3650.2,47.0,80.0,80.0,256.0,2992.0,1258.0,2283.0,9.71
2026-10-03T05:52:16,3660.2,46.0,80.0,80.0,256.0,2991.0,1258.0,2285.0,9.71
2026-10-03T05:52:26,3670.2,46.0,80.0,80.0,255.0,2990.0,1258.0,2276.0,9.71
2026-10-03T05:52:36,3680.2,47.0,80.0,80.0,255.0,2990.0,1258.0,2278.0,9.71
2026-10-03T05:52:46,3690.2,47.0,80.0,79.0,255.0,2991.0,1258.0,2281.0,9.71
2026-10-03T05:52:56,3700.2,47.0,80.0,80.0,255.0,2991.0,1258.0,2287.0,9.71
2026-10-03T05:53:06,3710.2,47.0,80.0,79.0,258.0,3022.0,1258.0,2291.0,9.71
2026-10-03T05:53:16,3720.2,47.0,80.0,79.0,258.0,3010.0,1258.0,2337.0,9.71
2026-10-03T05:53:26,3730.2,47.0,80.0,79.0,255.0,2991.0,1258.0,2274.0,9.71
2026-10-03T05:53:36,3740.2,47.0,80.0,79.0,255.0,2990.0,1258.0,2277.0,9.71
2026-10-03T05:53:46,3750.2,47.0,80.0,79.0,256.0,2992.0,1258.0,2286.0,9.71
2026-10-03T05:53:56,3760.2,46.0,80.0,80.0,255.0,2992.0,1258.0,2279.0,9.71
2026-10-03T05:54:06,3770.2,47.0,80.0,79.0,255.0,2992.0,1258.0,2278.0,9.71
2026-10-03T05:54:16,3780.2,47.0,80.0,79.0,256.0,2992.0,1258.0,2281.0,9.71
2026-10-03T05:54:26,3790.2,46.0,80.0,79.0,256.0,2992.0,1258.0,2277.0,9.71
2026-10-03T05:54:36,3800.2,47.0,80.0,79.0,255.0,2992.0,1258.0,2276.0,9.71
2026-10-03T05:54:46,3810.2,47.0,80.0,79.0,256.0,2995.0,1258.0,2279.0,9.71
2026-10-03T05:54:56,3820.2,47.0,80.0,79.0,255.0,2995.0,1258.0,2274.0,9.71
2026-10-03T05:55:06,3830.2,47.0,81.0,78.0,260.0,3043.0,1258.0,2316.0,9.71
2026-10-03T05:55:16,3840.2,47.0,80.0,79.0,255.0,2992.0,1258.0,2303.0,9.71
2026-10-03T05:55:26,3850.2,47.0,80.0,79.0,256.0,2992.0,1258.0,2274.0,9.71
2026-10-03T05:55:36,3860.2,47.0,80.0,79.0,255.0,2992.0,1258.0,2277.0,9.71
2026-10-03T05:55:46,3870.2,47.0,80.0,79.0,255.0,2993.0,1258.0,2279.0,9.71
2026-10-03T05:55:56,3880.2,47.0,80.0,79.0,255.0,2994.0,1258.0,2273.0,9.71
2026-10-03T05:56:06,3890.2,47.0,80.0,79.0,255.0,2993.0,1258.0,2280.0,9.71
2026-10-03T05:56:16,3900.2,47.0,80.0,79.0,256.0,2993.0,1258.0,2281.0,9.71
2026-10-03T05:56:26,3910.2,46.0,80.0,79.0,256.0,2993.0,1258.0,2275.0,9.71
2026-10-03T05:56:36,3920.2,46.0,80.0,79.0,256.0,2993.0,1258.0,2277.0,9.71
2026-10-03T05:56:46,3930.2,47.0,80.0,79.0,255.0,2992.0,1258.0,2277.0,9.71
2026-10-03T05:56:56,3940.2,47.0,80.0,79.0,256.0,3008.0,1258.0,2284.0,9.71
2026-10-03T05:57:06,3950.2,47.0,81.0,79.0,259.0,3026.0,1258.0,2325.0,9.71
2026-10-03T05:57:16,3960.2,47.0,80.0,79.0,255.0,2993.0,1258.0,2276.0,9.71
2026-10-03T05:57:26,3970.2,47.0,80.0,79.0,255.0,2995.0,1258.0,2274.0,9.71
2026-10-03T05:57:36,3980.2,47.0,80.0,79.0,255.0,2996.0,1258.0,2274.0,9.71
2026-10-03T05:57:46,3990.2,47.0,80.0,79.0,256.0,2993.0,1258.0,2282.0,9.71
2026-10-03T05:57:56,4000.2,47.0,80.0,79.0,255.0,2992.0,1258.0,2274.0,9.71
2026-10-03T05:58:06,4010.2,47.0,80.0,79.0,255.0,2993.0,1258.0,2279.0,9.71
2026-10-03T05:58:16,4020.2,47.0,80.0,79.0,255.0,2994.0,1258.0,2273.0,9.71
2026-10-03T05:58:26,4030.2,47.0,80.0,79.0,256.0,2992.0,1258.0,2279.0,9.71
2026-10-03T05:58:36,4040.2,47.0,80.0,79.0,256.0,2991.0,1258.0,2280.0,9.71
2026-10-03T05:58:46,4050.2,47.0,80.0,79.0,256.0,2992.0,1258.0,2274.0,9.71
2026-10-03T05:58:56,4060.2,47.0,81.0,79.0,260.0,3037.0,1258.0,2300.0,9.71
2026-10-03T05:59:06,4070.2,47.0,80.0,79.0,256.0,2993.0,1258.0,2302.0,9.71
2026-10-03T05:59:16,4080.2,47.0,80.0,79.0,256.0,2993.0,1258.0,2272.0,9.71
2026-10-03T05:59:26,4090.2,47.0,80.0,79.0,255.0,2994.0,1258.0,2272.0,9.71
2026-10-03T05:59:36,4100.2,46.0,80.0,79.0,256.0,2992.0,1258.0,2273.0,9.71
2026-10-03T05:59:46,4110.2,46.0,80.0,79.0,256.0,2992.0,1258.0,2279.0,9.71
2026-10-03T05:59:56,4120.2,46.0,80.0,79.0,255.0,2993.0,1258.0,2277.0,9.71
2026-10-03T06:00:06,4130.2,46.0,80.0,79.0,256.0,2991.0,1258.0,2277.0,9.71
2026-10-03T06:00:16,4140.2,47.0,80.0,79.0,256.0,2992.0,1258.0,2281.0,9.71
2026-10-03T06:00:26,4150.2,47.0,80.0,79.0,256.0,2992.0,1258.0,2274.0,9.71
2026-10-03T06:00:36,4160.2,47.0,80.0,79.0,255.0,2991.0,1258.0,2277.0,9.71
2026-10-03T06:00:46,4170.2,46.0,79.0,79.0,255.0,2992.0,1258.0,2274.0,9.71
2026-10-03T06:00:56,4180.2,47.0,81.0,78.0,260.0,3039.0,1258.0,2324.0,9.71
2026-10-03T06:01:06,4190.2,47.0,80.0,79.0,255.0,2993.0,1258.0,2281.0,9.71
2026-10-03T06:01:16,4200.2,47.0,80.0,79.0,255.0,2991.0,1258.0,2272.0,9.71
2026-10-03T06:01:26,4210.2,46.0,80.0,79.0,255.0,2991.0,1258.0,2278.0,9.71
2026-10-03T06:01:36,4220.2,47.0,80.0,79.0,255.0,2990.0,1258.0,2275.0,9.71
2026-10-03T06:01:46,4230.2,47.0,80.0,79.0,256.0,2991.0,1258.0,2277.0,9.71
2026-10-03T06:01:56,4240.2,47.0,80.0,79.0,256.0,2991.0,1258.0,2281.0,9.71
2026-10-03T06:02:06,4250.2,47.0,80.0,79.0,255.0,2992.0,1258.0,2277.0,9.71
2026-10-03T06:02:16,4260.2,47.0,80.0,79.0,255.0,2991.0,1258.0,2277.0,9.71
2026-10-03T06:02:26,4270.2,47.0,80.0,79.0,256.0,2991.0,1258.0,2277.0,9.71
2026-10-03T06:02:36,4280.2,47.0,80.0,79.0,255.0,2991.0,1258.0,2274.0,9.71
2026-10-03T06:02:46,4290.2,47.0,80.0,79.0,259.0,3024.0,1258.0,2291.0,9.71
2026-10-03T06:02:56,4300.2,47.0,80.0,79.0,257.0,3009.0,1258.0,2319.0,9.71
2026-10-03T06:03:06,4310.2,46.0,80.0,79.0,256.0,2992.0,1258.0,2272.0,9.71
2026-10-03T06:03:16,4320.2,46.0,80.0,79.0,255.0,2993.0,1258.0,2273.0,9.71
2026-10-03T06:03:26,4330.2,46.0,80.0,79.0,255.0,2991.0,1258.0,2280.0,9.71
2026-10-03T06:03:36,4340.2,46.0,80.0,79.0,255.0,2992.0,1258.0,2272.0,9.71
2026-10-03T06:03:46,4350.2,46.0,80.0,79.0,256.0,2992.0,1258.0,2274.0,9.71
2026-10-03T06:03:56,4360.2,46.0,80.0,79.0,256.0,2992.0,1258.0,2279.0,9.71
2026-10-03T06:04:06,4370.2,46.0,80.0,79.0,256.0,2992.0,1258.0,2275.0,9.71
2026-10-03T06:04:16,4380.2,46.0,80.0,79.0,256.0,2992.0,1258.0,2274.0,9.71
2026-10-03T06:04:26,4390.2,46.0,79.0,79.0,255.0,2991.0,1258.0,2273.0,9.71
2026-10-03T06:04:36,4400.2,46.0,79.0,79.0,255.0,2990.0,1258.0,2274.0,9.71
2026-10-03T06:04:46,4410.2,47.0,81.0,78.0,261.0,3040.0,1258.0,2316.0,9.71
2026-10-03T06:04:56,4420.2,47.0,80.0,79.0,255.0,2992.0,1258.0,2291.0,9.71
2026-10-03T06:05:06,4430.2,46.0,80.0,79.0,256.0,2991.0,1258.0,2272.0,9.71
2026-10-03T06:05:16,4440.2,46.0,80.0,79.0,256.0,2991.0,1258.0,2272.0,9.71
2026-10-03T06:05:26,4450.2,47.0,80.0,79.0,256.0,2992.0,1258.0,2278.0,9.71
2026-10-03T06:05:36,4460.2,47.0,80.0,79.0,256.0,2991.0,1258.0,2275.0,9.71
2026-10-03T06:05:46,4470.2,47.0,79.0,79.0,255.0,2990.0,1258.0,2271.0,9.71
2026-10-03T06:05:56,4480.2,47.0,80.0,79.0,256.0,2991.0,1258.0,2275.0,9.71
2026-10-03T06:06:06,4490.2,46.0,79.0,79.0,255.0,2990.0,1258.0,2275.0,9.71
2026-10-03T06:06:16,4500.2,46.0,79.0,79.0,256.0,2991.0,1258.0,2274.0,9.71
2026-10-03T06:06:26,4510.2,47.0,79.0,79.0,256.0,2992.0,1258.0,2278.0,9.71
2026-10-03T06:06:36,4520.2,46.0,80.0,79.0,257.0,3008.0,1258.0,2275.0,9.71
2026-10-03T06:06:46,4530.2,47.0,80.0,79.0,259.0,3023.0,1258.0,2325.0,9.71
2026-10-03T06:06:56,4540.2,46.0,79.0,79.0,255.0,2989.0,1258.0,2273.0,9.71
2026-10-03T06:07:06,4550.2,46.0,80.0,79.0,256.0,2991.0,1258.0,2272.0,9.71
2026-10-03T06:07:16,4560.2,46.0,79.0,79.0,256.0,2990.0,1258.0,2272.0,9.71
2026-10-03T06:07:26,4570.2,46.0,80.0,79.0,255.0,2991.0,1258.0,2278.0,9.71
2026-10-03T06:07:36,4580.2,46.0,80.0,79.0,256.0,2992.0,1258.0,2282.0,9.71
2026-10-03T06:07:46,4590.2,46.0,80.0,79.0,256.0,2991.0,1258.0,2275.0,9.71
2026-10-03T06:07:56,4600.2,46.0,79.0,79.0,256.0,2992.0,1258.0,2267.0,9.71
2026-10-03T06:08:06,4610.2,46.0,79.0,79.0,256.0,2992.0,1258.0,2269.0,9.71
2026-10-03T06:08:16,4620.3,46.0,79.0,79.0,255.0,2991.0,1258.0,2273.0,9.71
2026-10-03T06:08:26,4630.3,46.0,80.0,79.0,256.0,2992.0,1258.0,2278.0,9.71
2026-10-03T06:08:36,4640.3,46.0,81.0,78.0,260.0,3038.0,1258.0,2299.0,9.71
2026-10-03T06:08:46,4650.3,46.0,80.0,79.0,256.0,2992.0,1258.0,2303.0,9.71
2026-10-03T06:08:56,4660.3,46.0,79.0,79.0,256.0,2992.0,1258.0,2270.0,9.71
2026-10-03T06:09:06,4670.3,46.0,79.0,79.0,255.0,2991.0,1258.0,2270.0,9.71
2026-10-03T06:09:16,4680.3,46.0,79.0,79.0,255.0,2994.0,1258.0,2273.0,9.71
2026-10-03T06:09:26,4690.3,47.0,79.0,79.0,256.0,2993.0,1258.0,2273.0,9.71
2026-10-03T06:09:36,4700.3,46.0,79.0,79.0,256.0,2993.0,1258.0,2275.0,9.71
2026-10-03T06:09:46,4710.3,46.0,79.0,79.0,256.0,2992.0,1258.0,2274.0,9.71
2026-10-03T06:09:56,4720.3,46.0,79.0,79.0,256.0,2993.0,1258.0,2274.0,9.71
2026-10-03T06:10:06,4730.3,47.0,79.0,79.0,256.0,2991.0,1258.0,2273.0,9.71
2026-10-03T06:10:16,4740.3,46.0,79.0,79.0,255.0,2992.0,1258.0,2274.0,9.71
2026-10-03T06:10:26,4750.3,46.0,79.0,79.0,255.0,2994.0,1258.0,2273.0,9.71
2026-10-03T06:10:36,4760.3,47.0,81.0,78.0,260.0,3037.0,1258.0,2319.0,9.71
2026-10-03T06:10:46,4770.3,46.0,79.0,79.0,255.0,2992.0,1258.0,2281.0,9.71
2026-10-03T06:10:56,4780.3,46.0,79.0,79.0,255.0,2992.0,1258.0,2274.0,9.71
2026-10-03T06:11:06,4790.3,46.0,79.0,79.0,256.0,2992.0,1258.0,2271.0,9.71
2026-10-03T06:11:16,4800.3,46.0,79.0,79.0,256.0,2991.0,1258.0,2275.0,9.71
2026-10-03T06:11:26,4810.3,46.0,79.0,79.0,256.0,2992.0,1258.0,2277.0,9.71
2026-10-03T06:11:36,4820.3,46.0,79.0,79.0,256.0,2991.0,1258.0,2274.0,9.71
2026-10-03T06:11:46,4830.3,46.0,79.0,79.0,256.0,2992.0,1258.0,2274.0,9.71
2026-10-03T06:11:56,4840.3,46.0,79.0,79.0,255.0,2991.0,1258.0,2274.0,9.71
2026-10-03T06:12:06,4850.3,46.0,79.0,79.0,256.0,2991.0,1258.0,2275.0,9.71
2026-10-03T06:12:16,4860.3,46.0,79.0,79.0,256.0,2992.0,1258.0,2277.0,9.71
2026-10-03T06:12:26,4870.3,46.0,80.0,78.0,258.0,3023.0,1258.0,2282.0,9.71
2026-10-03T06:12:36,4880.3,46.0,80.0,78.0,257.0,3008.0,1258.0,2302.0,9.71
2026-10-03T06:12:46,4890.3,46.0,79.0,79.0,255.0,2992.0,1258.0,2272.0,9.71
2026-10-03T06:12:56,4900.3,46.0,79.0,78.0,255.0,2990.0,1258.0,2255.0,9.71
2026-10-03T06:13:06,4910.3,46.0,79.0,78.0,256.0,2993.0,1258.0,2272.0,9.71
2026-10-03T06:13:16,4920.3,46.0,79.0,78.0,256.0,2992.0,1258.0,2272.0,9.71
2026-10-03T06:13:26,4930.3,46.0,79.0,79.0,256.0,2993.0,1258.0,2255.0,9.71
2026-10-03T06:13:36,4940.3,46.0,79.0,79.0,256.0,2993.0,1258.0,2264.0,9.71
2026-10-03T06:13:46,4950.3,46.0,79.0,79.0,256.0,2993.0,1258.0,2264.0,9.71
2026-10-03T06:13:56,4960.3,46.0,79.0,79.0,255.0,2994.0,1258.0,2262.0,9.71
2026-10-03T06:14:06,4970.3,46.0,79.0,79.0,256.0,2994.0,1258.0,2260.0,9.71
2026-10-03T06:14:16,4980.3,46.0,79.0,79.0,255.0,2992.0,1258.0,2264.0,9.71
2026-10-03T06:14:26,4990.3,47.0,80.0,78.0,260.0,3040.0,1258.0,2296.0,9.71
2026-10-03T06:14:36,5000.3,46.0,79.0,78.0,256.0,2991.0,1258.0,2275.0,9.71
2026-10-03T06:14:46,5010.3,46.0,79.0,78.0,256.0,2993.0,1258.0,2267.0,9.71
2026-10-03T06:14:56,5020.3,46.0,79.0,78.0,256.0,2992.0,1258.0,2267.0,9.71
2026-10-03T06:15:06,5030.3,46.0,79.0,78.0,255.0,2993.0,1258.0,2267.0,9.71
2026-10-03T06:15:16,5040.3,46.0,79.0,78.0,255.0,2993.0,1258.0,2258.0,9.71
2026-10-03T06:15:26,5050.3,46.0,79.0,78.0,256.0,2992.0,1258.0,2266.0,9.71
2026-10-03T06:15:36,5060.3,46.0,79.0,78.0,255.0,2993.0,1258.0,2254.0,9.71
2026-10-03T06:15:46,5070.3,46.0,79.0,78.0,255.0,2992.0,1258.0,2260.0,9.71
2026-10-03T06:15:56,5080.3,46.0,79.0,78.0,255.0,2994.0,1258.0,2267.0,9.71
2026-10-03T06:16:06,5090.3,46.0,79.0,78.0,255.0,2993.0,1258.0,2243.0,9.71
2026-10-03T06:16:16,5100.3,46.0,79.0,78.0,257.0,3007.0,1258.0,2261.0,9.71
2026-10-03T06:16:26,5110.3,46.0,80.0,78.0,259.0,3023.0,1258.0,2305.0,9.71
2026-10-03T06:16:36,5120.3,46.0,79.0,78.0,255.0,2992.0,1258.0,2266.0,9.71
2026-10-03T06:16:46,5130.3,46.0,79.0,78.0,256.0,2992.0,1258.0,2247.0,9.71
2026-10-03T06:16:56,5140.3,46.0,79.0,78.0,255.0,2991.0,1258.0,2264.0,9.71
2026-10-03T06:17:06,5150.3,46.0,79.0,78.0,256.0,2991.0,1258.0,2258.0,9.71
2026-10-03T06:17:16,5160.3,46.0,79.0,78.0,256.0,2991.0,1258.0,2253.0,9.71
2026-10-03T06:17:26,5170.3,46.0,79.0,78.0,256.0,2992.0,1258.0,2245.0,9.71
2026-10-03T06:17:36,5180.3,46.0,79.0,78.0,256.0,2992.0,1258.0,2266.0,9.71
2026-10-03T06:17:46,5190.3,46.0,79.0,78.0,256.0,2993.0,1258.0,2266.0,9.71
2026-10-03T06:17:56,5200.3,46.0,79.0,78.0,256.0,2994.0,1258.0,2265.0,9.71
2026-10-03T06:18:06,5210.3,46.0,79.0,78.0,255.0,2994.0,1258.0,2261.0,9.71
2026-10-03T06:18:16,5220.3,46.0,80.0,78.0,259.0,3038.0,1258.0,2265.0,9.71
2026-10-03T06:18:26,5230.3,46.0,79.0,78.0,256.0,2996.0,1258.0,2288.0,9.71
2026-10-03T06:18:36,5240.3,46.0,79.0,78.0,256.0,2994.0,1258.0,2265.0,9.71
2026-10-03T06:18:46,5250.3,46.0,79.0,78.0,256.0,2993.0,1258.0,2265.0,9.71
2026-10-03T06:18:56,5260.3,46.0,79.0,78.0,255.0,2991.0,1258.0,2264.0,9.71
2026-10-03T06:19:06,5270.3,46.0,79.0,78.0,255.0,2991.0,1258.0,2264.0,9.71
2026-10-03T06:19:16,5280.3,46.0,79.0,78.0,255.0,2991.0,1258.0,2244.0,9.71
2026-10-03T06:19:26,5290.3,46.0,79.0,78.0,255.0,2993.0,1258.0,2262.0,9.71
2026-10-03T06:19:36,5300.3,46.0,79.0,78.0,256.0,2992.0,1258.0,2265.0,9.71
2026-10-03T06:19:46,5310.3,46.0,79.0,78.0,256.0,2992.0,1258.0,2266.0,9.71
2026-10-03T06:19:56,5320.3,46.0,79.0,78.0,256.0,2994.0,1258.0,2258.0,9.71
2026-10-03T06:20:06,5330.3,46.0,79.0,78.0,255.0,2994.0,1258.0,2245.0,9.71
2026-10-03T06:20:16,5340.3,46.0,80.0,78.0,260.0,3039.0,1258.0,2303.0,9.71
2026-10-03T06:20:26,5350.3,46.0,79.0,78.0,255.0,2994.0,1258.0,2268.0,9.71
2026-10-03T06:20:36,5360.3,46.0,79.0,78.0,256.0,2992.0,1258.0,2265.0,9.71
2026-10-03T06:20:46,5370.3,46.0,79.0,78.0,256.0,2992.0,1258.0,2265.0,9.71
2026-10-03T06:20:56,5380.3,46.0,79.0,78.0,256.0,2992.0,1258.0,2266.0,9.71
2026-10-03T06:21:06,5390.3,46.0,79.0,78.0,256.0,2991.0,1258.0,2264.0,9.71
2026-10-03T06:21:16,5400.3,46.0,79.0,78.0,255.0,2992.0,1258.0,2254.0,9.71
2026-10-03T06:21:26,5410.3,46.0,79.0,78.0,255.0,2992.0,1258.0,2253.0,9.71
2026-10-03T06:21:36,5420.3,46.0,79.0,78.0,256.0,2992.0,1258.0,2265.0,9.71
2026-10-03T06:21:46,5430.3,46.0,79.0,78.0,256.0,2992.0,1258.0,2263.0,9.71
2026-10-03T06:21:56,5440.3,46.0,79.0,78.0,255.0,2993.0,1258.0,2235.0,9.71
2026-10-03T06:22:06,5450.3,46.0,80.0,78.0,258.0,3022.0,1258.0,2266.0,9.71
2026-10-03T06:22:16,5460.3,46.0,79.0,78.0,257.0,3013.0,1258.0,2295.0,9.71
2026-10-03T06:22:26,5470.3,46.0,79.0,78.0,256.0,2994.0,1258.0,2264.0,9.71
2026-10-03T06:22:36,5480.3,46.0,79.0,78.0,255.0,2995.0,1258.0,2261.0,9.71
2026-10-03T06:22:46,5490.3,46.0,79.0,78.0,255.0,2993.0,1258.0,2247.0,9.71
2026-10-03T06:22:56,5500.3,46.0,79.0,78.0,256.0,2992.0,1258.0,2254.0,9.71
2026-10-03T06:23:06,5510.3,46.0,79.0,78.0,255.0,2992.0,1258.0,2264.0,9.71
2026-10-03T06:23:16,5520.3,46.0,79.0,78.0,255.0,2993.0,1258.0,2247.0,9.71
2026-10-03T06:23:26,5530.3,46.0,79.0,78.0,256.0,2993.0,1258.0,2248.0,9.71
2026-10-03T06:23:36,5540.3,46.0,79.0,78.0,255.0,2993.0,1258.0,2260.0,9.71
2026-10-03T06:23:46,5550.3,46.0,79.0,78.0,256.0,2994.0,1258.0,2247.0,9.71
2026-10-03T06:23:56,5560.3,46.0,79.0,78.0,255.0,2992.0,1258.0,2256.0,9.71
2026-10-03T06:24:06,5570.3,46.0,80.0,78.0,260.0,3038.0,1258.0,2284.0,9.71
2026-10-03T06:24:16,5580.3,46.0,79.0,78.0,255.0,2993.0,1258.0,2274.0,9.71
2026-10-03T06:24:26,5590.3,46.0,79.0,78.0,256.0,2994.0,1258.0,2240.0,9.71
2026-10-03T06:24:36,5600.3,46.0,79.0,78.0,255.0,2993.0,1258.0,2242.0,9.71
2026-10-03T06:24:46,5610.3,46.0,79.0,78.0,255.0,2994.0,1258.0,2243.0,9.71
2026-10-03T06:24:56,5620.3,46.0,79.0,78.0,256.0,2993.0,1258.0,2251.0,9.71
2026-10-03T06:25:06,5630.3,46.0,79.0,78.0,255.0,2992.0,1258.0,2244.0,9.71
2026-10-03T06:25:16,5640.3,46.0,79.0,78.0,255.0,2993.0,1258.0,2246.0,9.71
2026-10-03T06:25:26,5650.3,46.0,79.0,78.0,255.0,2993.0,1258.0,2244.0,9.71
2026-10-03T06:25:36,5660.3,46.0,79.0,78.0,256.0,2992.0,1258.0,2252.0,9.71
2026-10-03T06:25:46,5670.3,46.0,79.0,78.0,255.0,2993.0,1258.0,2248.0,9.71
2026-10-03T06:25:56,5680.3,46.0,79.0,78.0,256.0,3006.0,1258.0,2246.0,9.71
2026-10-03T06:26:06,5690.3,46.0,80.0,78.0,259.0,3025.0,1258.0,2300.0,9.71
2026-10-03T06:26:16,5700.3,46.0,79.0,78.0,255.0,2991.0,1258.0,2258.0,9.71
2026-10-03T06:26:26,5710.3,46.0,79.0,78.0,255.0,2993.0,1258.0,2234.0,9.71
2026-10-03T06:26:36,5720.3,46.0,79.0,78.0,255.0,2994.0,1258.0,2235.0,9.71
2026-10-03T06:26:46,5730.3,46.0,79.0,78.0,255.0,2994.0,1258.0,2247.0,9.71
2026-10-03T06:26:56,5740.3,46.0,79.0,78.0,255.0,2993.0,1258.0,2256.0,9.71
2026-10-03T06:27:06,5750.3,46.0,79.0,78.0,255.0,2993.0,1258.0,2246.0,9.71
2026-10-03T06:27:16,5760.3,46.0,79.0,78.0,256.0,2993.0,1258.0,2257.0,9.71
2026-10-03T06:27:26,5770.3,46.0,79.0,78.0,255.0,2992.0,1258.0,2240.0,9.71
2026-10-03T06:27:36,5780.3,46.0,79.0,78.0,256.0,2992.0,1258.0,2257.0,9.71
2026-10-03T06:27:46,5790.3,46.0,79.0,78.0,256.0,2992.0,1258.0,2255.0,9.71
2026-10-03T06:27:56,5800.3,46.0,80.0,78.0,259.0,3038.0,1258.0,2264.0,9.71
2026-10-03T06:28:06,5810.3,46.0,79.0,78.0,256.0,2997.0,1258.0,2284.0,9.71
2026-10-03T06:28:16,5820.3,46.0,79.0,78.0,256.0,2994.0,1258.0,2242.0,9.71
2026-10-03T06:28:26,5830.3,46.0,79.0,78.0,256.0,2994.0,1258.0,2235.0,9.71
2026-10-03T06:28:36,5840.3,46.0,79.0,78.0,256.0,2992.0,1258.0,2259.0,9.71
2026-10-03T06:28:46,5850.3,46.0,79.0,78.0,255.0,2995.0,1258.0,2240.0,9.71
2026-10-03T06:28:56,5860.3,46.0,79.0,78.0,255.0,2994.0,1258.0,2242.0,9.71
2026-10-03T06:29:06,5870.3,46.0,79.0,78.0,255.0,2993.0,1258.0,2243.0,9.71
2026-10-03T06:29:16,5880.3,46.0,79.0,78.0,256.0,2993.0,1258.0,2260.0,9.71
2026-10-03T06:29:26,5890.3,46.0,79.0,78.0,256.0,2993.0,1258.0,2247.0,9.71
2026-10-03T06:29:36,5900.3,46.0,79.0,78.0,255.0,2994.0,1258.0,2236.0,9.71
2026-10-03T06:29:46,5910.3,46.0,79.0,78.0,256.0,2992.0,1258.0,2253.0,9.71
2026-10-03T06:29:56,5920.3,46.0,80.0,78.0,260.0,3038.0,1258.0,2292.0,9.71
2026-10-03T06:30:06,5930.3,46.0,79.0,78.0,255.0,2992.0,1258.0,2265.0,9.71
2026-10-03T06:30:16,5940.3,46.0,79.0,78.0,256.0,2991.0,1258.0,2250.0,9.71
2026-10-03T06:30:26,5950.3,46.0,79.0,78.0,256.0,2991.0,1258.0,2237.0,9.71
2026-10-03T06:30:36,5960.3,46.0,79.0,78.0,256.0,2990.0,1258.0,2249.0,9.71
2026-10-03T06:30:46,5970.3,46.0,79.0,78.0,256.0,2991.0,1258.0,2252.0,9.71
2026-10-03T06:30:56,5980.3,46.0,79.0,78.0,256.0,2991.0,1258.0,2247.0,9.71
2026-10-03T06:31:06,5990.3,46.0,79.0,78.0,255.0,2992.0,1258.0,2247.0,9.71
2026-10-03T06:31:16,6000.3,46.0,79.0,78.0,256.0,2991.0,1258.0,2255.0,9.71
2026-10-03T06:31:26,6010.3,46.0,79.0,78.0,256.0,2992.0,1258.0,2252.0,9.71
2026-10-03T06:31:36,6020.3,46.0,79.0,78.0,256.0,2992.0,1258.0,2236.0,9.71
2026-10-03T06:31:46,6030.3,46.0,79.0,78.0,258.0,3020.0,1258.0,2258.0,9.71
2026-10-03T06:31:56,6040.3,46.0,79.0,78.0,257.0,3011.0,1258.0,2295.0,9.71
2026-10-03T06:32:06,6050.3,46.0,79.0,78.0,256.0,2992.0,1258.0,2238.0,9.71
2026-10-03T06:32:16,6060.3,46.0,79.0,78.0,256.0,2991.0,1258.0,2248.0,9.71
2026-10-03T06:32:26,6070.3,46.0,79.0,78.0,255.0,2991.0,1258.0,2239.0,9.71
2026-10-03T06:32:36,6080.3,46.0,79.0,78.0,256.0,2990.0,1258.0,2246.0,9.71
2026-10-03T06:32:46,6090.3,46.0,79.0,78.0,255.0,2991.0,1258.0,2243.0,9.71
2026-10-03T06:32:56,6100.3,46.0,79.0,78.0,256.0,2992.0,1258.0,2240.0,9.71
2026-10-03T06:33:06,6110.3,46.0,79.0,78.0,256.0,2992.0,1258.0,2252.0,9.71
2026-10-03T06:33:16,6120.3,46.0,79.0,78.0,255.0,2995.0,1258.0,2237.0,9.71
2026-10-03T06:33:26,6130.3,46.0,79.0,78.0,256.0,2993.0,1258.0,2247.0,9.71
2026-10-03T06:33:36,6140.3,46.0,79.0,78.0,256.0,2992.0,1258.0,2236.0,9.71
2026-10-03T06:33:46,6150.3,46.0,80.0,78.0,260.0,3040.0,1258.0,2282.0,9.71
2026-10-03T06:33:56,6160.3,46.0,79.0,78.0,256.0,2992.0,1258.0,2256.0,9.71
2026-10-03T06:34:06,6170.3,46.0,79.0,78.0,255.0,2992.0,1258.0,2236.0,9.71
2026-10-03T06:34:16,6180.3,46.0,79.0,78.0,256.0,2992.0,1258.0,2242.0,9.71
2026-10-03T06:34:26,6190.3,46.0,79.0,78.0,255.0,2992.0,1258.0,2241.0,9.71
2026-10-03T06:34:36,6200.3,46.0,79.0,78.0,256.0,2992.0,1258.0,2249.0,9.71
2026-10-03T06:34:46,6210.3,46.0,79.0,78.0,256.0,2992.0,1258.0,2247.0,9.71
2026-10-03T06:34:56,6220.3,46.0,79.0,78.0,255.0,2994.0,1258.0,2242.0,9.71
2026-10-03T06:35:06,6230.3,46.0,79.0,78.0,255.0,2993.0,1258.0,2238.0,9.71
2026-10-03T06:35:16,6240.3,46.0,79.0,78.0,256.0,2991.0,1258.0,2254.0,9.71
2026-10-03T06:35:26,6250.3,46.0,79.0,78.0,256.0,2991.0,1258.0,2247.0,9.71
2026-10-03T06:35:36,6260.3,46.0,79.0,78.0,257.0,3005.0,1258.0,2248.0,9.71
2026-10-03T06:35:46,6270.3,46.0,80.0,78.0,259.0,3025.0,1258.0,2299.0,9.71
2026-10-03T06:35:56,6280.3,46.0,79.0,78.0,256.0,2991.0,1258.0,2241.0,9.71
2026-10-03T06:36:06,6290.3,46.0,79.0,78.0,256.0,2993.0,1258.0,2237.0,9.71
2026-10-03T06:36:16,6300.3,46.0,79.0,78.0,256.0,2992.0,1258.0,2248.0,9.71
2026-10-03T06:36:26,6310.3,46.0,79.0,78.0,256.0,2991.0,1258.0,2243.0,9.71
2026-10-03T06:36:36,6320.3,46.0,79.0,78.0,255.0,2993.0,1258.0,2243.0,9.71
2026-10-03T06:36:46,6330.3,46.0,79.0,78.0,255.0,2992.0,1258.0,2237.0,9.71
2026-10-03T06:36:56,6340.3,46.0,79.0,78.0,256.0,2991.0,1258.0,2249.0,9.71
2026-10-03T06:37:06,6350.3,46.0,79.0,78.0,256.0,2992.0,1258.0,2243.0,9.71
2026-10-03T06:37:16,6360.3,46.0,79.0,78.0,256.0,2990.0,1258.0,2241.0,9.71
2026-10-03T06:37:26,6370.3,46.0,79.0,78.0,256.0,2993.0,1258.0,2242.0,9.71
2026-10-03T06:37:36,6380.3,46.0,79.0,78.0,259.0,3035.0,1258.0,2260.0,9.71
2026-10-03T06:37:46,6390.3,46.0,79.0,78.0,256.0,2997.0,1258.0,2272.0,9.71
2026-10-03T06:37:56,6400.3,46.0,79.0,78.0,255.0,2992.0,1258.0,2236.0,9.71
2026-10-03T06:38:06,6410.3,46.0,79.0,78.0,255.0,2993.0,1258.0,2240.0,9.71
2026-10-03T06:38:16,6420.3,46.0,79.0,78.0,255.0,2994.0,1258.0,2243.0,9.71
2026-10-03T06:38:26,6430.3,46.0,79.0,78.0,255.0,2993.0,1258.0,2246.0,9.71
2026-10-03T06:38:36,6440.3,46.0,79.0,78.0,256.0,2994.0,1258.0,2238.0,9.71
2026-10-03T06:38:46,6450.3,46.0,79.0,78.0,256.0,2995.0,1258.0,2242.0,9.71
2026-10-03T06:38:56,6460.3,46.0,79.0,78.0,255.0,2993.0,1258.0,2243.0,9.71
2026-10-03T06:39:06,6470.4,46.0,79.0,78.0,255.0,2993.0,1258.0,2239.0,9.71
2026-10-03T06:39:16,6480.4,46.0,79.0,78.0,255.0,2995.0,1258.0,2244.0,9.71
2026-10-03T06:39:26,6490.4,46.0,79.0,78.0,256.0,2993.0,1258.0,2242.0,9.71
2026-10-03T06:39:36,6500.4,46.0,80.0,78.0,260.0,3040.0,1258.0,2282.0,9.71
2026-10-03T06:39:46,6510.4,46.0,79.0,78.0,256.0,2992.0,1258.0,2242.0,9.71
2026-10-03T06:39:56,6520.4,46.0,79.0,78.0,255.0,2994.0,1258.0,2238.0,9.71
2026-10-03T06:40:06,6530.4,46.0,79.0,78.0,255.0,2994.0,1258.0,2240.0,9.71
2026-10-03T06:40:16,6540.4,46.0,79.0,78.0,256.0,2992.0,1258.0,2244.0,9.71
2026-10-03T06:40:26,6550.4,46.0,79.0,78.0,255.0,2993.0,1258.0,2244.0,9.71
2026-10-03T06:40:36,6560.4,46.0,79.0,78.0,255.0,2992.0,1258.0,2239.0,9.71
2026-10-03T06:40:46,6570.4,46.0,79.0,78.0,255.0,2993.0,1258.0,2239.0,9.71
2026-10-03T06:40:56,6580.4,46.0,79.0,78.0,255.0,2993.0,1258.0,2247.0,9.71
2026-10-03T06:41:06,6590.4,46.0,78.0,78.0,255.0,2993.0,1258.0,2237.0,9.71
2026-10-03T06:41:16,6600.4,46.0,78.0,78.0,255.0,2992.0,1258.0,2239.0,9.71
2026-10-03T06:41:26,6610.4,46.0,79.0,78.0,258.0,3020.0,1258.0,2251.0,9.71
2026-10-03T06:41:36,6620.4,46.0,79.0,78.0,258.0,3013.0,1258.0,2286.0,9.71
2026-10-03T06:41:46,6630.4,46.0,79.0,78.0,256.0,2993.0,1258.0,2238.0,9.71
2026-10-03T06:41:56,6640.4,46.0,79.0,78.0,256.0,2993.0,1258.0,2237.0,9.71
2026-10-03T06:42:06,6650.4,46.0,79.0,78.0,256.0,2992.0,1258.0,2243.0,9.71
2026-10-03T06:42:16,6660.4,46.0,79.0,78.0,256.0,2993.0,1258.0,2245.0,9.71
2026-10-03T06:42:26,6670.4,46.0,79.0,78.0,256.0,2992.0,1258.0,2240.0,9.71
2026-10-03T06:42:36,6680.4,46.0,79.0,78.0,256.0,2993.0,1258.0,2243.0,9.71
2026-10-03T06:42:46,6690.4,46.0,78.0,78.0,255.0,2993.0,1258.0,2240.0,9.71
2026-10-03T06:42:56,6700.4,46.0,79.0,78.0,256.0,2993.0,1258.0,2243.0,9.71
2026-10-03T06:43:06,6710.4,46.0,78.0,78.0,255.0,2994.0,1258.0,2241.0,9.71
2026-10-03T06:43:16,6720.4,46.0,78.0,78.0,256.0,2994.0,1258.0,2242.0,9.71
2026-10-03T06:43:26,6730.4,46.0,80.0,78.0,260.0,3040.0,1258.0,2273.0,9.71
2026-10-03T06:43:36,6740.4,46.0,79.0,78.0,256.0,2992.0,1258.0,2260.0,9.71
2026-10-03T06:43:46,6750.4,46.0,79.0,78.0,256.0,2992.0,1258.0,2238.0,9.71
2026-10-03T06:43:56,6760.4,46.0,79.0,78.0,256.0,2992.0,1258.0,2244.0,9.71
2026-10-03T06:44:06,6770.4,46.0,79.0,78.0,256.0,2993.0,1258.0,2242.0,9.71
2026-10-03T06:44:16,6780.4,46.0,79.0,78.0,256.0,2991.0,1258.0,2244.0,9.71
2026-10-03T06:44:26,6790.4,46.0,79.0,78.0,255.0,2992.0,1258.0,2240.0,9.71
2026-10-03T06:44:36,6800.4,46.0,79.0,78.0,256.0,2991.0,1258.0,2240.0,9.71
2026-10-03T06:44:46,6810.4,46.0,78.0,78.0,256.0,2992.0,1258.0,2240.0,9.71
2026-10-03T06:44:56,6820.4,46.0,78.0,78.0,255.0,2993.0,1258.0,2241.0,9.71
2026-10-03T06:45:06,6830.4,46.0,78.0,78.0,256.0,2992.0,1258.0,2243.0,9.71
2026-10-03T06:45:16,6840.4,46.0,79.0,78.0,256.0,3005.0,1258.0,2240.0,9.71
2026-10-03T06:45:26,6850.4,46.0,79.0,78.0,259.0,3029.0,1258.0,2283.0,9.71
2026-10-03T06:45:36,6860.4,46.0,78.0,78.0,256.0,2994.0,1258.0,2239.0,9.71
2026-10-03T06:45:46,6870.4,46.0,78.0,78.0,255.0,2995.0,1258.0,2238.0,9.71
2026-10-03T06:45:56,6880.4,46.0,78.0,78.0,255.0,2994.0,1258.0,2239.0,9.71
2026-10-03T06:46:06,6890.4,46.0,78.0,78.0,255.0,2993.0,1258.0,2239.0,9.71
2026-10-03T06:46:16,6900.4,46.0,78.0,78.0,255.0,2993.0,1258.0,2242.0,9.71
2026-10-03T06:46:26,6910.4,46.0,78.0,78.0,256.0,2993.0,1258.0,2238.0,9.71
2026-10-03T06:46:36,6920.4,46.0,79.0,78.0,256.0,2992.0,1258.0,2247.0,9.71
2026-10-03T06:46:46,6930.4,46.0,78.0,78.0,255.0,2992.0,1258.0,2239.0,9.71
2026-10-03T06:46:56,6940.4,46.0,78.0,78.0,256.0,2991.0,1258.0,2242.0,9.71
2026-10-03T06:47:06,6950.4,46.0,78.0,78.0,256.0,2992.0,1258.0,2238.0,9.71
2026-10-03T06:47:16,6960.4,46.0,79.0,78.0,259.0,3032.0,1258.0,2256.0,9.71
2026-10-03T06:47:26,6970.4,46.0,79.0,78.0,256.0,2999.0,1258.0,2265.0,9.71
2026-10-03T06:47:36,6980.4,46.0,78.0,78.0,256.0,2992.0,1258.0,2237.0,9.71
2026-10-03T06:47:46,6990.4,46.0,78.0,78.0,256.0,2991.0,1258.0,2241.0,9.71
2026-10-03T06:47:56,7000.4,46.0,78.0,78.0,256.0,2993.0,1258.0,2240.0,9.71
2026-10-03T06:48:06,7010.4,46.0,78.0,78.0,256.0,2991.0,1258.0,2241.0,9.71
2026-10-03T06:48:16,7020.4,46.0,78.0,78.0,256.0,2993.0,1258.0,2243.0,9.71
2026-10-03T06:48:26,7030.4,46.0,78.0,78.0,256.0,2994.0,1258.0,2238.0,9.71
2026-10-03T06:48:36,7040.4,46.0,78.0,78.0,255.0,2993.0,1258.0,2238.0,9.71
2026-10-03T06:48:46,7050.4,46.0,78.0,78.0,256.0,2993.0,1258.0,2239.0,9.71
2026-10-03T06:48:56,7060.4,46.0,78.0,78.0,256.0,2991.0,1258.0,2240.0,9.71
2026-10-03T06:49:06,7070.4,46.0,78.0,78.0,256.0,2989.0,1258.0,2244.0,9.71
2026-10-03T06:49:16,7080.4,46.0,79.0,78.0,260.0,3039.0,1258.0,2280.0,9.71
2026-10-03T06:49:26,7090.4,46.0,78.0,78.0,256.0,2992.0,1258.0,2245.0,9.71
2026-10-03T06:49:36,7100.4,46.0,78.0,78.0,255.0,2992.0,1258.0,2238.0,9.71
2026-10-03T06:49:46,7110.4,46.0,78.0,78.0,256.0,2992.0,1258.0,2240.0,9.71
2026-10-03T06:49:56,7120.4,46.0,78.0,78.0,256.0,2993.0,1258.0,2242.0,9.71
2026-10-03T06:50:06,7130.4,46.0,78.0,78.0,255.0,2993.0,1258.0,2239.0,9.71
2026-10-03T06:50:16,7140.4,46.0,78.0,78.0,256.0,2992.0,1258.0,2241.0,9.71
2026-10-03T06:50:26,7150.4,46.0,78.0,78.0,255.0,2991.0,1258.0,2240.0,9.71
2026-10-03T06:50:36,7160.4,46.0,78.0,78.0,255.0,2990.0,1258.0,2239.0,9.71
2026-10-03T06:50:46,7170.4,46.0,78.0,78.0,255.0,2991.0,1258.0,2240.0,9.71
2026-10-03T06:50:56,7180.4,46.0,78.0,78.0,255.0,2991.0,1258.0,2240.0,9.71
2026-10-03T06:51:06,7190.4,46.0,79.0,78.0,257.0,3019.0,1258.0,2244.0,9.71
2026-10-03T06:51:16,7200.4,46.0,79.0,78.0,258.0,3013.0,1258.0,2276.0,9.71
2026-10-03T06:51:26,7210.4,46.0,79.0,78.0,256.0,2992.0,1258.0,2238.0,9.71
2026-10-03T06:51:36,7220.4,46.0,78.0,78.0,255.0,2993.0,1258.0,2238.0,9.71
2026-10-03T06:51:46,7230.4,46.0,78.0,78.0,255.0,2995.0,1258.0,2238.0,9.71
2026-10-03T06:51:56,7240.4,46.0,78.0,78.0,255.0,2994.0,1258.0,2237.0,9.71
2026-10-03T06:52:06,7250.4,46.0,78.0,78.0,256.0,2994.0,1258.0,2241.0,9.71
2026-10-03T06:52:16,7260.4,46.0,78.0,78.0,255.0,2994.0,1258.0,2240.0,9.71
2026-10-03T06:52:26,7270.4,46.0,78.0,78.0,255.0,2994.0,1258.0,2240.0,9.71
2026-10-03T06:52:36,7280.4,46.0,78.0,78.0,255.0,2993.0,1258.0,2242.0,9.71
2026-10-03T06:52:46,7290.4,46.0,78.0,78.0,255.0,2994.0,1258.0,2238.0,9.71
2026-10-03T06:52:56,7300.4,46.0,78.0,78.0,255.0,2994.0,1258.0,2240.0,9.71
2026-10-03T06:53:06,7310.4,46.0,79.0,78.0,260.0,3041.0,1258.0,2269.0,9.71
2026-10-03T06:53:16,7320.4,46.0,79.0,78.0,255.0,2993.0,1258.0,2250.0,9.71
2026-10-03T06:53:26,7330.4,46.0,78.0,78.0,255.0,2992.0,1258.0,2238.0,9.71
2026-10-03T06:53:36,7340.4,46.0,78.0,78.0,255.0,2992.0,1258.0,2238.0,9.71
2026-10-03T06:53:46,7350.4,46.0,78.0,78.0,255.0,2991.0,1258.0,2243.0,9.71
2026-10-03T06:53:56,7360.4,46.0,78.0,78.0,255.0,2993.0,1258.0,2242.0,9.71
2026-10-03T06:54:06,7370.4,46.0,78.0,78.0,255.0,2993.0,1258.0,2243.0,9.71
2026-10-03T06:54:16,7380.4,46.0,79.0,78.0,255.0,2993.0,1258.0,2246.0,9.71
2026-10-03T06:54:26,7390.4,46.0,78.0,78.0,255.0,2991.0,1258.0,2239.0,9.71
2026-10-03T06:54:36,7400.4,46.0,78.0,78.0,255.0,2991.0,1258.0,2240.0,9.71
2026-10-03T06:54:46,7410.4,46.0,78.0,78.0,255.0,2992.0,1258.0,2240.0,9.71
2026-10-03T06:54:56,7420.4,46.0,79.0,78.0,256.0,3005.0,1258.0,2241.0,9.71
2026-10-03T06:55:06,7430.4,46.0,79.0,78.0,259.0,3029.0,1258.0,2281.0,9.71
2026-10-03T06:55:16,7440.4,46.0,78.0,78.0,255.0,2992.0,1258.0,2240.0,9.71
2026-10-03T06:55:26,7450.4,46.0,78.0,78.0,255.0,2991.0,1258.0,2238.0,9.71
2026-10-03T06:55:36,7460.4,46.0,79.0,78.0,256.0,2992.0,1258.0,2242.0,9.71
2026-10-03T06:55:46,7470.4,46.0,78.0,78.0,256.0,2991.0,1258.0,2240.0,9.71
2026-10-03T06:55:56,7480.4,46.0,78.0,78.0,256.0,2990.0,1258.0,2240.0,9.71
2026-10-03T06:56:06,7490.4,46.0,78.0,78.0,255.0,2990.0,1258.0,2242.0,9.71
2026-10-03T06:56:16,7500.4,46.0,78.0,78.0,256.0,2991.0,1258.0,2240.0,9.71
2026-10-03T06:56:26,7510.4,46.0,78.0,78.0,256.0,2991.0,1258.0,2241.0,9.71
2026-10-03T06:56:36,7520.4,46.0,78.0,78.0,256.0,2993.0,1258.0,2244.0,9.71
2026-10-03T06:56:46,7530.4,46.0,79.0,78.0,256.0,2992.0,1258.0,2243.0,9.71
2026-10-03T06:56:56,7540.4,46.0,79.0,78.0,258.0,3034.0,1258.0,2257.0,9.71
2026-10-03T06:57:06,7550.4,46.0,79.0,78.0,256.0,3000.0,1258.0,2269.0,9.71
2026-10-03T06:57:16,7560.4,46.0,78.0,78.0,255.0,2994.0,1258.0,2239.0,9.71
2026-10-03T06:57:26,7570.4,46.0,79.0,78.0,256.0,2993.0,1258.0,2242.0,9.71
2026-10-03T06:57:36,7580.4,46.0,79.0,78.0,256.0,2991.0,1258.0,2243.0,9.71
2026-10-03T06:57:46,7590.4,46.0,79.0,78.0,256.0,2991.0,1258.0,2247.0,9.71
2026-10-03T06:57:56,7600.4,46.0,79.0,78.0,255.0,2993.0,1258.0,2240.0,9.71
2026-10-03T06:58:06,7610.4,46.0,78.0,78.0,255.0,2992.0,1258.0,2239.0,9.71
2026-10-03T06:58:16,7620.4,46.0,78.0,78.0,255.0,2994.0,1258.0,2239.0,9.71
2026-10-03T06:58:26,7630.4,46.0,79.0,78.0,256.0,2992.0,1258.0,2241.0,9.71
2026-10-03T06:58:36,7640.4,46.0,78.0,78.0,255.0,2992.0,1258.0,2243.0,9.71
2026-10-03T06:58:46,7650.4,46.0,79.0,78.0,255.0,2994.0,1258.0,2239.0,9.71
2026-10-03T06:58:56,7660.4,46.0,80.0,78.0,260.0,3037.0,1258.0,2281.0,9.71
2026-10-03T06:59:06,7670.4,46.0,79.0,78.0,256.0,2988.0,1258.0,2246.0,9.71
2026-10-03T06:59:16,7680.4,46.0,79.0,78.0,256.0,2991.0,1258.0,2241.0,9.71
2026-10-03T06:59:26,7690.4,46.0,79.0,78.0,255.0,2992.0,1258.0,2238.0,9.71
2026-10-03T06:59:36,7700.4,46.0,79.0,78.0,256.0,2992.0,1258.0,2241.0,9.71
2026-10-03T06:59:46,7710.4,46.0,79.0,78.0,256.0,2992.0,1258.0,2245.0,9.71
2026-10-03T06:59:56,7720.4,46.0,79.0,78.0,255.0,2992.0,1258.0,2243.0,9.71
2026-10-03T07:00:06,7730.4,46.0,79.0,78.0,256.0,2994.0,1258.0,2249.0,9.71
2026-10-03T07:00:16,7740.4,46.0,79.0,78.0,256.0,2994.0,1258.0,2246.0,9.71
2026-10-03T07:00:26,7750.4,46.0,79.0,78.0,255.0,2994.0,1258.0,2236.0,9.71
2026-10-03T07:00:36,7760.4,46.0,79.0,78.0,256.0,2993.0,1258.0,2245.0,9.71
2026-10-03T07:00:46,7770.4,46.0,79.0,78.0,257.0,3018.0,1258.0,2251.0,9.71
2026-10-03T07:00:56,7780.4,46.0,79.0,78.0,258.0,3013.0,1258.0,2287.0,9.71
2026-10-03T07:01:06,7790.4,46.0,79.0,78.0,256.0,2993.0,1258.0,2237.0,9.71
2026-10-03T07:01:16,7800.4,46.0,79.0,78.0,255.0,2993.0,1258.0,2238.0,9.71
2026-10-03T07:01:26,7810.4,46.0,79.0,78.0,256.0,2992.0,1258.0,2245.0,9.71
2026-10-03T07:01:36,7820.4,46.0,79.0,78.0,256.0,2993.0,1258.0,2256.0,9.71
2026-10-03T07:01:46,7830.4,46.0,79.0,78.0,256.0,2991.0,1258.0,2245.0,9.71
2026-10-03T07:01:56,7840.4,46.0,79.0,78.0,255.0,2994.0,1258.0,2237.0,9.71
2026-10-03T07:02:06,7850.4,46.0,79.0,78.0,256.0,2992.0,1258.0,2246.0,9.71
2026-10-03T07:02:16,7860.4,46.0,79.0,78.0,256.0,2993.0,1258.0,2242.0,9.71
2026-10-03T07:02:26,7870.4,46.0,79.0,78.0,256.0,2993.0,1258.0,2242.0,9.71
2026-10-03T07:02:36,7880.4,46.0,79.0,78.0,256.0,2992.0,1258.0,2237.0,9.71
2026-10-03T07:02:46,7890.4,46.0,79.0,78.0,260.0,3039.0,1258.0,2268.0,9.71
2026-10-03T07:02:56,7900.4,46.0,79.0,78.0,255.0,2994.0,1258.0,2257.0,9.71
2026-10-03T07:03:06,7910.4,46.0,79.0,78.0,255.0,2993.0,1258.0,2238.0,9.71
2026-10-03T07:03:16,7920.4,46.0,79.0,78.0,256.0,2991.0,1258.0,2236.0,9.71
2026-10-03T07:03:26,7930.4,46.0,79.0,78.0,255.0,2992.0,1258.0,2243.0,9.71
2026-10-03T07:03:36,7940.4,46.0,79.0,78.0,255.0,2994.0,1258.0,2238.0,9.71
2026-10-03T07:03:46,7950.4,46.0,79.0,78.0,256.0,2992.0,1258.0,2247.0,9.71
2026-10-03T07:03:56,7960.4,46.0,79.0,78.0,255.0,2993.0,1258.0,2241.0,9.71
2026-10-03T07:04:06,7970.4,46.0,79.0,78.0,255.0,2993.0,1258.0,2240.0,9.71
2026-10-03T07:04:16,7980.4,46.0,79.0,78.0,256.0,2991.0,1258.0,2246.0,9.71
2026-10-03T07:04:26,7990.4,46.0,78.0,78.0,255.0,2994.0,1258.0,2239.0,9.71
2026-10-03T07:04:36,8000.4,46.0,79.0,78.0,256.0,3004.0,1258.0,2243.0,9.71
2026-10-03T07:04:46,8010.4,46.0,80.0,78.0,259.0,3029.0,1258.0,2290.0,9.71
2026-10-03T07:04:56,8020.4,46.0,79.0,78.0,255.0,2993.0,1258.0,2240.0,9.71
2026-10-03T07:05:06,8030.4,46.0,79.0,78.0,255.0,2993.0,1258.0,2237.0,9.71
2026-10-03T07:05:16,8040.4,46.0,79.0,78.0,255.0,2993.0,1258.0,2243.0,9.71
2026-10-03T07:05:26,8050.4,46.0,79.0,78.0,255.0,2994.0,1258.0,2245.0,9.71
2026-10-03T07:05:36,8060.4,46.0,79.0,78.0,256.0,2993.0,1258.0,2239.0,9.71
2026-10-03T07:05:46,8070.4,46.0,79.0,78.0,255.0,2995.0,1258.0,2244.0,9.71
2026-10-03T07:05:56,8080.4,46.0,79.0,78.0,255.0,2994.0,1258.0,2240.0,9.71
2026-10-03T07:06:06,8090.4,46.0,79.0,78.0,255.0,2995.0,1258.0,2243.0,9.71
2026-10-03T07:06:16,8100.4,46.0,79.0,78.0,255.0,2993.0,1258.0,2244.0,9.71
2026-10-03T07:06:26,8110.4,46.0,79.0,78.0,256.0,2993.0,1258.0,2247.0,9.71
2026-10-03T07:06:36,8120.4,46.0,79.0,78.0,258.0,3034.0,1258.0,2256.0,9.71
2026-10-03T07:06:46,8130.4,46.0,79.0,78.0,256.0,3004.0,1258.0,2271.0,9.71
2026-10-03T07:06:56,8140.4,46.0,79.0,78.0,256.0,2994.0,1258.0,2237.0,9.71
2026-10-03T07:07:06,8150.4,46.0,79.0,78.0,255.0,2996.0,1258.0,2241.0,9.71
2026-10-03T07:07:16,8160.4,46.0,79.0,78.0,256.0,2993.0,1258.0,2246.0,9.71
2026-10-03T07:07:26,8170.4,46.0,79.0,78.0,255.0,2996.0,1258.0,2242.0,9.71
2026-10-03T07:07:36,8180.4,46.0,79.0,78.0,255.0,2994.0,1258.0,2243.0,9.71
2026-10-03T07:07:46,8190.4,46.0,79.0,78.0,255.0,2993.0,1258.0,2240.0,9.71
2026-10-03T07:07:56,8200.4,46.0,79.0,78.0,255.0,2992.0,1258.0,2244.0,9.71
2026-10-03T07:08:06,8210.4,46.0,79.0,78.0,255.0,2993.0,1258.0,2245.0,9.71
2026-10-03T07:08:16,8220.4,46.0,79.0,78.0,255.0,2992.0,1258.0,2241.0,9.71
2026-10-03T07:08:26,8230.4,46.0,79.0,78.0,255.0,2993.0,1258.0,2242.0,9.71
2026-10-03T07:08:36,8240.4,46.0,80.0,78.0,260.0,3042.0,1258.0,2284.0,9.71
2026-10-03T07:08:46,8250.4,46.0,79.0,78.0,255.0,2994.0,1258.0,2250.0,9.71
2026-10-03T07:08:56,8260.4,46.0,79.0,78.0,255.0,2994.0,1258.0,2237.0,9.71
2026-10-03T07:09:06,8270.4,46.0,79.0,78.0,256.0,2991.0,1258.0,2244.0,9.71
2026-10-03T07:09:16,8280.4,46.0,79.0,78.0,255.0,2993.0,1258.0,2236.0,9.71
2026-10-03T07:09:26,8290.4,46.0,79.0,78.0,255.0,2993.0,1258.0,2241.0,9.71
2026-10-03T07:09:36,8300.4,46.0,79.0,78.0,255.0,2993.0,1258.0,2239.0,9.71
2026-10-03T07:09:46,8310.4,46.0,79.0,78.0,255.0,2994.0,1258.0,2240.0,9.71
2026-10-03T07:09:56,8320.4,46.0,79.0,78.0,255.0,2995.0,1258.0,2240.0,9.71
2026-10-03T07:10:06,8330.4,46.0,79.0,78.0,255.0,2993.0,1258.0,2240.0,9.71
2026-10-03T07:10:16,8340.4,46.0,78.0,78.0,255.0,2996.0,1258.0,2238.0,9.71
2026-10-03T07:10:26,8350.4,46.0,79.0,78.0,257.0,3018.0,1258.0,2241.0,9.71
2026-10-03T07:10:36,8360.5,46.0,79.0,78.0,258.0,3016.0,1258.0,2284.0,9.71
2026-10-03T07:10:46,8370.5,46.0,79.0,78.0,255.0,2994.0,1258.0,2236.0,9.71
2026-10-03T07:10:56,8380.5,46.0,79.0,78.0,255.0,2994.0,1258.0,2234.0,9.71
2026-10-03T07:11:06,8390.5,46.0,78.0,78.0,255.0,2995.0,1258.0,2236.0,9.71
2026-10-03T07:11:16,8400.5,46.0,78.0,78.0,255.0,2994.0,1258.0,2240.0,9.71
2026-10-03T07:11:26,8410.5,46.0,79.0,78.0,256.0,2993.0,1258.0,2247.0,9.71
2026-10-03T07:11:36,8420.5,46.0,79.0,78.0,255.0,2993.0,1258.0,2241.0,9.71
2026-10-03T07:11:46,8430.5,46.0,79.0,78.0,256.0,2993.0,1258.0,2240.0,9.71
2026-10-03T07:11:56,8440.5,46.0,78.0,78.0,255.0,2994.0,1258.0,2240.0,9.71
2026-10-03T07:12:06,8450.5,46.0,78.0,78.0,256.0,2994.0,1258.0,2240.0,9.71
2026-10-03T07:12:16,8460.5,46.0,79.0,78.0,256.0,2994.0,1258.0,2246.0,9.71
2026-10-03T07:12:26,8470.5,46.0,80.0,78.0,260.0,3041.0,1258.0,2271.0,9.71
2026-10-03T07:12:36,8480.5,46.0,79.0,78.0,256.0,2994.0,1258.0,2251.0,9.71
2026-10-03T07:12:46,8490.5,46.0,79.0,78.0,255.0,2993.0,1258.0,2237.0,9.71
2026-10-03T07:12:56,8500.5,46.0,79.0,78.0,256.0,2991.0,1258.0,2242.0,9.71
2026-10-03T07:13:06,8510.5,46.0,79.0,78.0,256.0,2992.0,1258.0,2247.0,9.71
2026-10-03T07:13:16,8520.5,46.0,79.0,78.0,256.0,2993.0,1258.0,2240.0,9.71
2026-10-03T07:13:26,8530.5,46.0,79.0,78.0,255.0,2995.0,1258.0,2239.0,9.71
2026-10-03T07:13:36,8540.5,46.0,79.0,78.0,255.0,2995.0,1258.0,2243.0,9.71
2026-10-03T07:13:46,8550.5,46.0,79.0,78.0,255.0,2994.0,1258.0,2242.0,9.71
2026-10-03T07:13:56,8560.5,46.0,79.0,78.0,256.0,2994.0,1258.0,2248.0,9.71
2026-10-03T07:14:06,8570.5,46.0,79.0,78.0,255.0,2995.0,1258.0,2239.0,9.71
2026-10-03T07:14:16,8580.5,46.0,79.0,78.0,256.0,3003.0,1258.0,2239.0,9.71
2026-10-03T07:14:26,8590.5,46.0,79.0,78.0,259.0,3031.0,1258.0,2283.0,9.71
2026-10-03T07:14:36,8600.5,46.0,78.0,78.0,255.0,2995.0,1258.0,2237.0,9.71
2026-10-03T07:14:46,8610.5,46.0,78.0,78.0,255.0,2994.0,1258.0,2235.0,9.71
2026-10-03T07:14:56,8620.5,46.0,78.0,78.0,255.0,2996.0,1258.0,2236.0,9.71
2026-10-03T07:15:06,8630.5,46.0,78.0,78.0,255.0,2993.0,1258.0,2242.0,9.71
2026-10-03T07:15:16,8640.5,46.0,79.0,78.0,256.0,2994.0,1258.0,2247.0,9.71
2026-10-03T07:15:26,8650.5,46.0,78.0,78.0,255.0,2994.0,1258.0,2235.0,9.71
2026-10-03T07:15:36,8660.5,46.0,79.0,78.0,255.0,2994.0,1258.0,2241.0,9.71
2026-10-03T07:15:46,8670.5,46.0,78.0,78.0,255.0,2995.0,1258.0,2237.0,9.71
2026-10-03T07:15:56,8680.5,46.0,78.0,78.0,255.0,2996.0,1258.0,2239.0,9.71
2026-10-03T07:16:06,8690.5,46.0,78.0,78.0,255.0,2995.0,1258.0,2236.0,9.71
2026-10-03T07:16:16,8700.5,46.0,79.0,78.0,258.0,3034.0,1258.0,2254.0,9.71
2026-10-03T07:16:26,8710.5,46.0,79.0,78.0,256.0,3003.0,1258.0,2267.0,9.71
2026-10-03T07:16:36,8720.5,46.0,78.0,78.0,255.0,2995.0,1258.0,2236.0,9.71
2026-10-03T07:16:46,8730.5,46.0,78.0,78.0,255.0,2995.0,1258.0,2236.0,9.71
2026-10-03T07:16:56,8740.5,46.0,78.0,78.0,255.0,2996.0,1258.0,2235.0,9.71
2026-10-03T07:17:06,8750.5,46.0,78.0,78.0,255.0,2995.0,1258.0,2240.0,9.71
2026-10-03T07:17:16,8760.5,46.0,79.0,78.0,255.0,2994.0,1258.0,2243.0,9.71
2026-10-03T07:17:26,8770.5,46.0,78.0,78.0,255.0,2994.0,1258.0,2238.0,9.71
2026-10-03T07:17:36,8780.5,46.0,78.0,78.0,255.0,2994.0,1258.0,2238.0,9.71
2026-10-03T07:17:46,8790.5,46.0,78.0,78.0,255.0,2993.0,1258.0,2244.0,9.71
2026-10-03T07:17:56,8800.5,46.0,79.0,78.0,256.0,2993.0,1258.0,2245.0,9.71
2026-10-03T07:18:06,8810.5,46.0,78.0,78.0,255.0,2993.0,1258.0,2237.0,9.71
2026-10-03T07:18:16,8820.5,46.0,80.0,78.0,260.0,3039.0,1258.0,2279.0,9.71
2026-10-03T07:18:26,8830.5,46.0,79.0,78.0,255.0,2993.0,1258.0,2250.0,9.71
2026-10-03T07:18:36,8840.5,46.0,79.0,78.0,255.0,2992.0,1258.0,2236.0,9.71
2026-10-03T07:18:46,8850.5,46.0,79.0,78.0,255.0,2994.0,1258.0,2238.0,9.71
2026-10-03T07:18:56,8860.5,46.0,79.0,78.0,255.0,2994.0,1258.0,2236.0,9.71
2026-10-03T07:19:06,8870.5,46.0,79.0,78.0,255.0,2994.0,1258.0,2238.0,9.71
2026-10-03T07:19:16,8880.5,46.0,79.0,78.0,255.0,2994.0,1258.0,2239.0,9.71
2026-10-03T07:19:26,8890.5,46.0,78.0,78.0,255.0,2991.0,1258.0,2241.0,9.71
2026-10-03T07:19:36,8900.5,46.0,78.0,78.0,255.0,2994.0,1258.0,2243.0,9.71
2026-10-03T07:19:46,8910.5,46.0,79.0,78.0,255.0,2994.0,1258.0,2245.0,9.71
2026-10-03T07:19:56,8920.5,46.0,79.0,78.0,255.0,2994.0,1258.0,2243.0,9.71
2026-10-03T07:20:06,8930.5,46.0,79.0,78.0,257.0,3019.0,1258.0,2249.0,9.71
2026-10-03T07:20:16,8940.5,46.0,79.0,78.0,258.0,3015.0,1258.0,2283.0,9.71
2026-10-03T07:20:26,8950.5,46.0,78.0,78.0,255.0,2994.0,1258.0,2236.0,9.71
2026-10-03T07:20:36,8960.5,46.0,79.0,78.0,255.0,2992.0,1258.0,2240.0,9.71
2026-10-03T07:20:46,8970.5,46.0,79.0,78.0,256.0,2992.0,1258.0,2248.0,9.71
2026-10-03T07:20:56,8980.5,46.0,79.0,78.0,256.0,2993.0,1258.0,2242.0,9.71
2026-10-03T07:21:06,8990.5,46.0,79.0,78.0,255.0,2993.0,1258.0,2246.0,9.71
2026-10-03T07:21:16,9000.5,46.0,79.0,78.0,256.0,2991.0,1258.0,2249.0,9.71
2026-10-03T07:21:26,9010.5,46.0,79.0,78.0,255.0,2993.0,1258.0,2242.0,9.71
2026-10-03T07:21:36,9020.5,46.0,79.0,78.0,255.0,2994.0,1258.0,2242.0,9.71
2026-10-03T07:21:46,9030.5,46.0,79.0,78.0,255.0,2993.0,1258.0,2243.0,9.71
2026-10-03T07:21:56,9040.5,46.0,79.0,78.0,255.0,2994.0,1258.0,2242.0,9.71
2026-10-03T07:22:06,9050.5,46.0,80.0,78.0,259.0,3041.0,1258.0,2268.0,9.71
2026-10-03T07:22:16,9060.5,46.0,79.0,78.0,255.0,2992.0,1258.0,2257.0,9.71
2026-10-03T07:22:26,9070.5,46.0,79.0,78.0,255.0,2992.0,1258.0,2236.0,9.71
2026-10-03T07:22:36,9080.5,46.0,79.0,78.0,255.0,2993.0,1258.0,2237.0,9.71
2026-10-03T07:22:46,9090.5,46.0,79.0,78.0,255.0,2992.0,1258.0,2244.0,9.71
2026-10-03T07:22:56,9100.5,46.0,79.0,78.0,255.0,2992.0,1258.0,2242.0,9.71
2026-10-03T07:23:06,9110.5,46.0,79.0,78.0,255.0,2994.0,1258.0,2243.0,9.71
2026-10-03T07:23:16,9120.5,46.0,79.0,78.0,255.0,2994.0,1258.0,2245.0,9.71
2026-10-03T07:23:26,9130.5,46.0,79.0,78.0,255.0,2994.0,1258.0,2245.0,9.71
2026-10-03T07:23:36,9140.5,46.0,79.0,78.0,255.0,2993.0,1258.0,2243.0,9.71
2026-10-03T07:23:46,9150.5,46.0,79.0,78.0,255.0,2995.0,1258.0,2242.0,9.71
2026-10-03T07:23:56,9160.5,46.0,79.0,78.0,256.0,3003.0,1258.0,2238.0,9.71
2026-10-03T07:24:06,9170.5,46.0,80.0,78.0,259.0,3031.0,1258.0,2294.0,9.71
2026-10-03T07:24:16,9180.5,46.0,79.0,78.0,255.0,2995.0,1258.0,2241.0,9.71
2026-10-03T07:24:26,9190.5,46.0,79.0,78.0,255.0,2993.0,1258.0,2236.0,9.71
2026-10-03T07:24:36,9200.5,46.0,79.0,78.0,255.0,2993.0,1258.0,2245.0,9.71
2026-10-03T07:24:46,9210.5,46.0,79.0,78.0,255.0,2994.0,1258.0,2241.0,9.71
2026-10-03T07:24:56,9220.5,46.0,79.0,78.0,255.0,2993.0,1258.0,2238.0,9.71
2026-10-03T07:25:06,9230.5,46.0,79.0,78.0,255.0,2994.0,1258.0,2245.0,9.71
2026-10-03T07:25:16,9240.5,46.0,79.0,78.0,255.0,2995.0,1258.0,2242.0,9.71
2026-10-03T07:25:26,9250.5,46.0,79.0,78.0,255.0,2993.0,1258.0,2248.0,9.71
2026-10-03T07:25:36,9260.5,46.0,79.0,78.0,255.0,2993.0,1258.0,2237.0,9.71
2026-10-03T07:25:46,9270.5,46.0,79.0,78.0,255.0,2993.0,1258.0,2245.0,9.71
2026-10-03T07:25:56,9280.5,46.0,79.0,78.0,259.0,3031.0,1258.0,2262.0,9.71
2026-10-03T07:26:06,9290.5,46.0,79.0,78.0,256.0,3000.0,1258.0,2275.0,9.71
2026-10-03T07:26:16,9300.5,46.0,79.0,78.0,255.0,2993.0,1258.0,2235.0,9.71
2026-10-03T07:26:26,9310.5,46.0,79.0,78.0,256.0,2993.0,1258.0,2243.0,9.71
2026-10-03T07:26:36,9320.5,46.0,79.0,78.0,255.0,2993.0,1258.0,2241.0,9.71
2026-10-03T07:26:46,9330.5,46.0,78.0,78.0,255.0,2991.0,1258.0,2235.0,9.71
2026-10-03T07:26:56,9340.5,46.0,78.0,78.0,255.0,2993.0,1258.0,2235.0,9.71
2026-10-03T07:27:06,9350.5,46.0,78.0,78.0,255.0,2994.0,1258.0,2240.0,9.71
2026-10-03T07:27:16,9360.5,46.0,78.0,78.0,255.0,2994.0,1258.0,2241.0,9.71
2026-10-03T07:27:26,9370.5,46.0,78.0,78.0,255.0,2992.0,1258.0,2241.0,9.71
2026-10-03T07:27:36,9380.5,46.0,78.0,78.0,255.0,2994.0,1258.0,2236.0,9.71
2026-10-03T07:27:46,9390.5,46.0,78.0,78.0,255.0,2994.0,1258.0,2239.0,9.71
2026-10-03T07:27:56,9400.5,46.0,80.0,78.0,259.0,3041.0,1258.0,2280.0,9.71
2026-10-03T07:28:06,9410.5,46.0,79.0,78.0,255.0,2995.0,1258.0,2245.0,9.71
2026-10-03T07:28:16,9420.5,46.0,78.0,78.0,255.0,2993.0,1258.0,2236.0,9.71
2026-10-03T07:28:26,9430.5,46.0,78.0,78.0,255.0,2994.0,1258.0,2239.0,9.71
2026-10-03T07:28:36,9440.5,46.0,78.0,78.0,255.0,2995.0,1258.0,2235.0,9.71
2026-10-03T07:28:46,9450.5,46.0,78.0,78.0,255.0,2994.0,1258.0,2241.0,9.71
2026-10-03T07:28:56,9460.5,46.0,78.0,78.0,255.0,2994.0,1258.0,2237.0,9.71
2026-10-03T07:29:06,9470.5,46.0,78.0,78.0,255.0,2993.0,1258.0,2236.0,9.71
2026-10-03T07:29:16,9480.5,46.0,78.0,78.0,255.0,2993.0,1258.0,2238.0,9.71
2026-10-03T07:29:26,9490.5,46.0,78.0,78.0,255.0,2994.0,1258.0,2239.0,9.71
2026-10-03T07:29:36,9500.5,46.0,78.0,78.0,255.0,2995.0,1258.0,2235.0,9.71
2026-10-03T07:29:46,9510.5,46.0,79.0,78.0,257.0,3018.0,1258.0,2243.0,9.71
2026-10-03T07:29:56,9520.5,46.0,79.0,78.0,258.0,3017.0,1258.0,2278.0,9.71
2026-10-03T07:30:06,9530.5,46.0,78.0,78.0,255.0,2995.0,1258.0,2235.0,9.71
2026-10-03T07:30:16,9540.5,46.0,78.0,78.0,255.0,2994.0,1258.0,2236.0,9.71
2026-10-03T07:30:26,9550.5,46.0,78.0,78.0,255.0,2995.0,1258.0,2241.0,9.71
2026-10-03T07:30:36,9560.5,46.0,78.0,78.0,255.0,2993.0,1258.0,2237.0,9.71
2026-10-03T07:30:46,9570.5,46.0,78.0,78.0,255.0,2993.0,1258.0,2241.0,9.71
2026-10-03T07:30:56,9580.5,46.0,78.0,78.0,255.0,2994.0,1258.0,2240.0,9.71
2026-10-03T07:31:06,9590.5,46.0,78.0,78.0,255.0,2993.0,1258.0,2238.0,9.71
2026-10-03T07:31:16,9600.5,46.0,78.0,78.0,255.0,2992.0,1258.0,2239.0,9.71
2026-10-03T07:31:26,9610.5,46.0,78.0,78.0,255.0,2994.0,1258.0,2237.0,9.71
2026-10-03T07:31:36,9620.5,46.0,78.0,78.0,255.0,2993.0,1258.0,2235.0,9.71
2026-10-03T07:31:46,9630.5,46.0,79.0,78.0,259.0,3041.0,1258.0,2264.0,9.71
2026-10-03T07:31:56,9640.5,46.0,78.0,78.0,256.0,2992.0,1258.0,2252.0,9.71
2026-10-03T07:32:06,9650.5,46.0,78.0,78.0,256.0,2993.0,1258.0,2236.0,9.71
2026-10-03T07:32:16,9660.5,46.0,78.0,78.0,256.0,2992.0,1258.0,2237.0,9.71
2026-10-03T07:32:26,9670.5,46.0,78.0,78.0,256.0,2991.0,1258.0,2240.0,9.71
2026-10-03T07:32:36,9680.5,46.0,78.0,78.0,256.0,2990.0,1258.0,2241.0,9.71
2026-10-03T07:32:46,9690.5,46.0,78.0,78.0,255.0,2991.0,1258.0,2240.0,9.71
2026-10-03T07:32:56,9700.5,46.0,78.0,78.0,256.0,2992.0,1258.0,2239.0,9.71
2026-10-03T07:33:06,9710.5,46.0,78.0,78.0,255.0,2992.0,1258.0,2238.0,9.71
2026-10-03T07:33:16,9720.5,46.0,78.0,78.0,255.0,2993.0,1258.0,2237.0,9.71
2026-10-03T07:33:26,9730.5,46.0,78.0,78.0,255.0,2991.0,1258.0,2238.0,9.71
2026-10-03T07:33:36,9740.5,46.0,78.0,78.0,256.0,3003.0,1258.0,2239.0,9.71
2026-10-03T07:33:46,9750.5,46.0,79.0,78.0,259.0,3031.0,1258.0,2282.0,9.71
2026-10-03T07:33:56,9760.5,46.0,78.0,78.0,255.0,2994.0,1258.0,2238.0,9.71
2026-10-03T07:34:06,9770.5,46.0,78.0,78.0,255.0,2994.0,1258.0,2237.0,9.71
2026-10-03T07:34:16,9780.5,46.0,78.0,78.0,255.0,2996.0,1258.0,2237.0,9.71
2026-10-03T07:34:26,9790.5,46.0,78.0,78.0,255.0,2996.0,1258.0,2237.0,9.71
2026-10-03T07:34:36,9800.5,46.0,78.0,78.0,255.0,2993.0,1258.0,2237.0,9.71
2026-10-03T07:34:46,9810.5,46.0,78.0,78.0,255.0,2995.0,1258.0,2237.0,9.71
2026-10-03T07:34:56,9820.5,46.0,78.0,78.0,255.0,2996.0,1258.0,2222.0,9.71
2026-10-03T07:35:06,9830.5,46.0,78.0,78.0,255.0,2992.0,1258.0,2218.0,9.71
2026-10-03T07:35:16,9840.5,46.0,78.0,78.0,255.0,2992.0,1258.0,2241.0,9.71
2026-10-03T07:35:26,9850.5,46.0,78.0,78.0,256.0,2991.0,1258.0,2237.0,9.71
2026-10-03T07:35:36,9860.5,46.0,79.0,78.0,258.0,3033.0,1258.0,2253.0,9.71
2026-10-03T07:35:46,9870.5,46.0,79.0,78.0,256.0,3001.0,1258.0,2259.0,9.71
2026-10-03T07:35:56,9880.5,46.0,78.0,78.0,255.0,2995.0,1258.0,2237.0,9.71
2026-10-03T07:36:06,9890.5,46.0,78.0,78.0,255.0,2994.0,1258.0,2236.0,9.71
2026-10-03T07:36:16,9900.5,46.0,78.0,78.0,255.0,2996.0,1258.0,2233.0,9.71
2026-10-03T07:36:26,9910.5,46.0,78.0,78.0,255.0,2992.0,1258.0,2236.0,9.71
2026-10-03T07:36:36,9920.5,45.0,78.0,78.0,255.0,2995.0,1258.0,2238.0,9.71
2026-10-03T07:36:46,9930.5,46.0,78.0,78.0,255.0,2995.0,1258.0,2238.0,9.71
2026-10-03T07:36:56,9940.5,45.0,78.0,78.0,255.0,2995.0,1258.0,2237.0,9.71
2026-10-03T07:37:06,9950.5,46.0,78.0,78.0,255.0,2996.0,1258.0,2237.0,9.71
2026-10-03T07:37:16,9960.5,46.0,78.0,78.0,255.0,2994.0,1258.0,2236.0,9.71
2026-10-03T07:37:26,9970.5,46.0,78.0,78.0,255.0,2994.0,1258.0,2238.0,9.71
2026-10-03T07:37:36,9980.5,46.0,79.0,78.0,260.0,3042.0,1258.0,2270.0,9.71
2026-10-03T07:37:46,9990.5,46.0,78.0,78.0,255.0,2994.0,1258.0,2239.0,9.71
2026-10-03T07:37:56,10000.5,46.0,78.0,78.0,255.0,2994.0,1258.0,2237.0,9.71
2026-10-03T07:38:06,10010.5,46.0,78.0,78.0,255.0,2995.0,1258.0,2236.0,9.71
2026-10-03T07:38:16,10020.5,46.0,78.0,78.0,256.0,2993.0,1258.0,2239.0,9.71
2026-10-03T07:38:26,10030.5,46.0,78.0,78.0,255.0,2994.0,1258.0,2241.0,9.71
2026-10-03T07:38:36,10040.5,46.0,78.0,78.0,255.0,2995.0,1258.0,2236.0,9.71
2026-10-03T07:38:46,10050.5,46.0,78.0,78.0,256.0,2996.0,1258.0,2237.0,9.71
2026-10-03T07:38:56,10060.5,46.0,78.0,78.0,255.0,2996.0,1258.0,2236.0,9.71
2026-10-03T07:39:06,10070.5,46.0,78.0,78.0,255.0,2994.0,1258.0,2240.0,9.71
2026-10-03T07:39:16,10080.5,46.0,78.0,78.0,255.0,2995.0,1258.0,2237.0,9.71
2026-10-03T07:39:26,10090.5,46.0,79.0,78.0,257.0,3022.0,1258.0,2241.0,9.71
2026-10-03T07:39:36,10100.5,46.0,79.0,78.0,257.0,3016.0,1258.0,2275.0,9.71
2026-10-03T07:39:46,10110.5,46.0,78.0,78.0,255.0,2994.0,1258.0,2237.0,9.71
2026-10-03T07:39:56,10120.5,46.0,78.0,78.0,255.0,2994.0,1258.0,2238.0,9.71
2026-10-03T07:40:06,10130.5,46.0,78.0,78.0,255.0,2994.0,1258.0,2238.0,9.71
2026-10-03T07:40:16,10140.5,46.0,78.0,78.0,256.0,2994.0,1258.0,2238.0,9.71
2026-10-03T07:40:26,10150.5,46.0,78.0,78.0,256.0,2993.0,1258.0,2240.0,9.71
2026-10-03T07:40:36,10160.5,46.0,78.0,78.0,256.0,2992.0,1258.0,2242.0,9.71
2026-10-03T07:40:46,10170.5,46.0,78.0,78.0,255.0,2992.0,1258.0,2238.0,9.71
2026-10-03T07:40:56,10180.5,46.0,78.0,78.0,255.0,2993.0,1258.0,2229.0,9.71
2026-10-03T07:41:06,10190.6,46.0,78.0,78.0,255.0,2995.0,1258.0,2229.0,9.71
2026-10-03T07:41:16,10200.6,46.0,78.0,78.0,255.0,2994.0,1258.0,2220.0,9.71
2026-10-03T07:41:26,10210.6,46.0,79.0,78.0,260.0,3043.0,1258.0,2260.0,9.71
2026-10-03T07:41:36,10220.6,46.0,78.0,78.0,256.0,2994.0,1258.0,2248.0,9.71
2026-10-03T07:41:46,10230.6,46.0,78.0,78.0,255.0,2994.0,1258.0,2239.0,9.71
2026-10-03T07:41:56,10240.6,46.0,78.0,78.0,255.0,2994.0,1258.0,2239.0,9.71
2026-10-03T07:42:06,10250.6,46.0,78.0,78.0,256.0,2993.0,1258.0,2240.0,9.71
2026-10-03T07:42:16,10260.6,46.0,78.0,78.0,255.0,2994.0,1258.0,2241.0,9.71
2026-10-03T07:42:26,10270.6,46.0,78.0,78.0,255.0,2995.0,1258.0,2224.0,9.71
2026-10-03T07:42:36,10280.6,46.0,78.0,78.0,255.0,2996.0,1258.0,2232.0,9.71
2026-10-03T07:42:46,10290.6,46.0,78.0,78.0,255.0,2995.0,1258.0,2221.0,9.71
2026-10-03T07:42:56,10300.6,46.0,78.0,78.0,255.0,2995.0,1258.0,2240.0,9.71
2026-10-03T07:43:06,10310.6,46.0,78.0,78.0,255.0,2996.0,1258.0,2239.0,9.71
2026-10-03T07:43:16,10320.6,46.0,78.0,78.0,256.0,3007.0,1258.0,2235.0,9.71
2026-10-03T07:43:26,10330.6,46.0,79.0,78.0,259.0,3030.0,1258.0,2275.0,9.71
2026-10-03T07:43:36,10340.6,46.0,78.0,78.0,255.0,2995.0,1258.0,2239.0,9.71
2026-10-03T07:43:46,10350.6,46.0,78.0,78.0,255.0,2996.0,1258.0,2223.0,9.71
2026-10-03T07:43:56,10360.6,46.0,78.0,78.0,255.0,2994.0,1258.0,2237.0,9.71
2026-10-03T07:44:06,10370.6,46.0,78.0,78.0,255.0,2994.0,1258.0,2238.0,9.71
2026-10-03T07:44:16,10380.6,46.0,78.0,78.0,255.0,2991.0,1258.0,2238.0,9.71
2026-10-03T07:44:26,10390.6,46.0,78.0,78.0,255.0,2995.0,1258.0,2235.0,9.71
2026-10-03T07:44:36,10400.6,46.0,78.0,78.0,255.0,2995.0,1258.0,2233.0,9.71
2026-10-03T07:44:46,10410.6,46.0,78.0,78.0,255.0,2996.0,1258.0,2217.0,9.71
2026-10-03T07:44:56,10420.6,46.0,78.0,78.0,255.0,2995.0,1258.0,2228.0,9.71
2026-10-03T07:45:06,10430.6,46.0,78.0,78.0,255.0,2996.0,1258.0,2223.0,9.71
2026-10-03T07:45:16,10440.6,46.0,79.0,78.0,258.0,3036.0,1258.0,2253.0,9.71
2026-10-03T07:45:26,10450.6,46.0,78.0,78.0,256.0,3002.0,1258.0,2259.0,9.71
2026-10-03T07:45:36,10460.6,46.0,78.0,78.0,255.0,2995.0,1258.0,2234.0,9.71
2026-10-03T07:45:46,10470.6,46.0,78.0,78.0,255.0,2995.0,1258.0,2236.0,9.71
2026-10-03T07:45:56,10480.6,46.0,78.0,78.0,255.0,2995.0,1258.0,2236.0,9.71
2026-10-03T07:46:06,10490.6,46.0,78.0,78.0,255.0,2995.0,1258.0,2236.0,9.71
2026-10-03T07:46:16,10500.6,46.0,78.0,78.0,255.0,2995.0,1258.0,2217.0,9.71
2026-10-03T07:46:26,10510.6,46.0,78.0,78.0,255.0,2995.0,1258.0,2225.0,9.71
2026-10-03T07:46:36,10520.6,46.0,78.0,78.0,256.0,2994.0,1258.0,2239.0,9.71
2026-10-03T07:46:46,10530.6,46.0,78.0,78.0,255.0,2995.0,1258.0,2238.0,9.71
2026-10-03T07:46:56,10540.6,46.0,78.0,78.0,255.0,2996.0,1258.0,2226.0,9.71
2026-10-03T07:47:06,10550.6,46.0,78.0,78.0,255.0,2996.0,1258.0,2237.0,9.71
2026-10-03T07:47:16,10560.6,46.0,79.0,78.0,259.0,3043.0,1258.0,2271.0,9.71
2026-10-03T07:47:26,10570.6,46.0,78.0,78.0,255.0,2994.0,1258.0,2241.0,9.71
2026-10-03T07:47:36,10580.6,46.0,78.0,78.0,255.0,2995.0,1258.0,2232.0,9.71
2026-10-03T07:47:46,10590.6,46.0,78.0,78.0,255.0,2994.0,1258.0,2219.0,9.71
2026-10-03T07:47:56,10600.6,46.0,78.0,78.0,255.0,2995.0,1258.0,2239.0,9.71
2026-10-03T07:48:06,10610.6,46.0,78.0,78.0,255.0,2994.0,1258.0,2228.0,9.71
2026-10-03T07:48:16,10620.6,46.0,78.0,78.0,255.0,2997.0,1258.0,2225.0,9.71
2026-10-03T07:48:26,10630.6,46.0,78.0,78.0,255.0,2994.0,1258.0,2225.0,9.71
2026-10-03T07:48:36,10640.6,46.0,78.0,78.0,255.0,2996.0,1258.0,2230.0,9.71
2026-10-03T07:48:46,10650.6,46.0,78.0,78.0,255.0,2996.0,1258.0,2215.0,9.71
2026-10-03T07:48:56,10660.6,46.0,78.0,78.0,255.0,2993.0,1258.0,2222.0,9.71
2026-10-03T07:49:06,10670.6,46.0,79.0,78.0,258.0,3023.0,1258.0,2230.0,9.71
2026-10-03T07:49:16,10680.6,46.0,79.0,78.0,257.0,3014.0,1258.0,2270.0,9.71
2026-10-03T07:49:26,10690.6,46.0,78.0,78.0,256.0,2993.0,1258.0,2239.0,9.71
2026-10-03T07:49:36,10700.6,45.0,78.0,78.0,255.0,2994.0,1258.0,2237.0,9.71
2026-10-03T07:49:46,10710.6,46.0,78.0,78.0,255.0,2994.0,1258.0,2227.0,9.71
2026-10-03T07:49:56,10720.6,46.0,78.0,78.0,255.0,2994.0,1258.0,2210.0,9.71
2026-10-03T07:50:06,10730.6,46.0,78.0,78.0,255.0,2994.0,1258.0,2232.0,9.71
2026-10-03T07:50:16,10740.6,45.0,78.0,78.0,255.0,2994.0,1258.0,2220.0,9.71
2026-10-03T07:50:26,10750.6,46.0,78.0,78.0,256.0,2994.0,1258.0,2229.0,9.71
2026-10-03T07:50:36,10760.6,46.0,78.0,78.0,255.0,2995.0,1258.0,2236.0,9.71
2026-10-03T07:50:46,10770.6,46.0,78.0,78.0,255.0,2994.0,1258.0,2231.0,9.71
2026-10-03T07:50:56,10780.6,46.0,78.0,78.0,255.0,2996.0,1258.0,2210.0,9.71
2026-10-03T07:51:06,10790.6,46.0,79.0,78.0,259.0,3042.0,1258.0,2261.0,9.71
2026-10-03T07:51:16,10800.6,46.0,78.0,78.0,255.0,2994.0,1258.0,2247.0,9.71
2026-10-03T07:51:26,10810.6,46.0,78.0,78.0,256.0,2994.0,1258.0,2237.0,9.71
2026-10-03T07:51:36,10820.6,46.0,78.0,78.0,255.0,2995.0,1258.0,2228.0,9.71
2026-10-03T07:51:46,10830.6,46.0,78.0,78.0,256.0,2994.0,1258.0,2225.0,9.71
2026-10-03T07:51:56,10840.6,46.0,78.0,78.0,256.0,2994.0,1258.0,2234.0,9.71
2026-10-03T07:52:06,10850.6,46.0,78.0,78.0,255.0,2995.0,1258.0,2216.0,9.71
2026-10-03T07:52:16,10860.6,46.0,78.0,78.0,255.0,2994.0,1258.0,2211.0,9.71
2026-10-03T07:52:26,10870.6,46.0,78.0,78.0,255.0,2994.0,1258.0,2228.0,9.71
2026-10-03T07:52:36,10880.6,46.0,78.0,78.0,255.0,2995.0,1258.0,2227.0,9.71
2026-10-03T07:52:46,10890.6,46.0,78.0,78.0,256.0,2992.0,1258.0,2231.0,9.71
2026-10-03T07:52:56,10900.6,46.0,78.0,78.0,256.0,3007.0,1258.0,2237.0,9.71
2026-10-03T07:53:06,10910.6,46.0,79.0,78.0,259.0,3027.0,1258.0,2273.0,9.71
2026-10-03T07:53:16,10920.6,46.0,78.0,78.0,255.0,2994.0,1258.0,2238.0,9.71
2026-10-03T07:53:26,10930.6,46.0,78.0,78.0,255.0,2993.0,1258.0,2237.0,9.71
2026-10-03T07:53:36,10940.6,46.0,78.0,78.0,255.0,2993.0,1258.0,2237.0,9.71
2026-10-03T07:53:46,10950.6,46.0,78.0,78.0,255.0,2994.0,1258.0,2237.0,9.71
2026-10-03T07:53:56,10960.6,46.0,78.0,78.0,255.0,2994.0,1258.0,2228.0,9.71
2026-10-03T07:54:06,10970.6,46.0,78.0,78.0,255.0,2993.0,1258.0,2236.0,9.71
2026-10-03T07:54:16,10980.6,46.0,78.0,78.0,256.0,2992.0,1258.0,2238.0,9.71
2026-10-03T07:54:26,10990.6,46.0,78.0,78.0,255.0,2992.0,1258.0,2221.0,9.71
2026-10-03T07:54:36,11000.6,46.0,78.0,78.0,255.0,2994.0,1258.0,2231.0,9.71
2026-10-03T07:54:46,11010.6,46.0,78.0,78.0,255.0,2992.0,1258.0,2233.0,9.71
2026-10-03T07:54:56,11020.6,46.0,79.0,78.0,259.0,3037.0,1258.0,2253.0,9.71
2026-10-03T07:55:06,11030.6,46.0,78.0,78.0,256.0,2998.0,1258.0,2259.0,9.71
2026-10-03T07:55:16,11040.6,46.0,78.0,78.0,255.0,2995.0,1258.0,2239.0,9.71
2026-10-03T07:55:26,11050.6,46.0,78.0,78.0,255.0,2993.0,1258.0,2226.0,9.71
2026-10-03T07:55:36,11060.6,46.0,78.0,78.0,255.0,2993.0,1258.0,2238.0,9.71
2026-10-03T07:55:46,11070.6,46.0,78.0,78.0,255.0,2993.0,1258.0,2239.0,9.71
2026-10-03T07:55:56,11080.6,46.0,78.0,78.0,255.0,2992.0,1258.0,2216.0,9.71
2026-10-03T07:56:06,11090.6,46.0,78.0,78.0,255.0,2995.0,1258.0,2225.0,9.71
2026-10-03T07:56:16,11100.6,46.0,78.0,78.0,255.0,2992.0,1258.0,2226.0,9.71
2026-10-03T07:56:26,11110.6,46.0,78.0,78.0,255.0,2992.0,1258.0,2237.0,9.71
2026-10-03T07:56:36,11120.6,46.0,78.0,78.0,255.0,2995.0,1258.0,2239.0,9.71
2026-10-03T07:56:46,11130.6,46.0,78.0,78.0,255.0,2994.0,1258.0,2238.0,9.71
2026-10-03T07:56:56,11140.6,46.0,79.0,78.0,259.0,3041.0,1258.0,2264.0,9.71
2026-10-03T07:57:06,11150.6,46.0,78.0,78.0,255.0,2994.0,1258.0,2242.0,9.71
2026-10-03T07:57:16,11160.6,46.0,78.0,78.0,256.0,2995.0,1258.0,2239.0,9.71
2026-10-03T07:57:26,11170.6,46.0,78.0,78.0,255.0,2996.0,1258.0,2215.0,9.71
2026-10-03T07:57:36,11180.6,46.0,78.0,78.0,255.0,2994.0,1258.0,2236.0,9.71
2026-10-03T07:57:46,11190.6,46.0,78.0,78.0,255.0,2993.0,1258.0,2211.0,9.71
2026-10-03T07:57:56,11200.6,46.0,78.0,78.0,255.0,2994.0,1258.0,2238.0,9.71
2026-10-03T07:58:06,11210.6,46.0,78.0,78.0,255.0,2994.0,1258.0,2236.0,9.71
2026-10-03T07:58:16,11220.6,46.0,78.0,78.0,255.0,2993.0,1258.0,2215.0,9.71
2026-10-03T07:58:26,11230.6,46.0,78.0,78.0,255.0,2995.0,1258.0,2227.0,9.71
2026-10-03T07:58:36,11240.6,46.0,78.0,78.0,255.0,2994.0,1258.0,2229.0,9.71
2026-10-03T07:58:46,11250.6,46.0,79.0,78.0,257.0,3023.0,1258.0,2236.0,9.71
2026-10-03T07:58:56,11260.6,46.0,79.0,78.0,257.0,3014.0,1258.0,2268.0,9.71
2026-10-03T07:59:06,11270.6,46.0,78.0,78.0,255.0,2994.0,1258.0,2236.0,9.71
2026-10-03T07:59:16,11280.6,46.0,78.0,78.0,255.0,2996.0,1258.0,2208.0,9.71
2026-10-03T07:59:26,11290.6,46.0,78.0,78.0,255.0,2993.0,1258.0,2225.0,9.71
2026-10-03T07:59:36,11300.6,46.0,78.0,78.0,255.0,2994.0,1258.0,2214.0,9.71
2026-10-03T07:59:46,11310.6,46.0,78.0,78.0,255.0,2993.0,1258.0,2240.0,9.71
2026-10-03T07:59:56,11320.6,46.0,78.0,78.0,255.0,2992.0,1258.0,2237.0,9.71
2026-10-03T08:00:06,11330.6,46.0,78.0,78.0,255.0,2993.0,1258.0,2221.0,9.71
2026-10-03T08:00:16,11340.6,46.0,78.0,78.0,256.0,2994.0,1258.0,2229.0,9.71
2026-10-03T08:00:26,11350.6,46.0,78.0,78.0,256.0,2995.0,1258.0,2239.0,9.71
2026-10-03T08:00:36,11360.6,46.0,78.0,78.0,255.0,2995.0,1258.0,2222.0,9.71
2026-10-03T08:00:46,11370.6,46.0,79.0,78.0,259.0,3042.0,1258.0,2256.0,9.71
2026-10-03T08:00:56,11380.6,46.0,78.0,78.0,255.0,2995.0,1258.0,2248.0,9.71
2026-10-03T08:01:06,11390.6,46.0,78.0,78.0,256.0,2993.0,1258.0,2210.0,9.71
2026-10-03T08:01:16,11400.6,46.0,78.0,78.0,255.0,2994.0,1258.0,2220.0,9.71
2026-10-03T08:01:26,11410.6,46.0,78.0,78.0,255.0,2994.0,1258.0,2222.0,9.71
2026-10-03T08:01:36,11420.6,46.0,78.0,78.0,255.0,2994.0,1258.0,2226.0,9.71
2026-10-03T08:01:46,11430.6,46.0,78.0,78.0,255.0,2997.0,1258.0,2212.0,9.71
2026-10-03T08:01:56,11440.6,46.0,78.0,78.0,255.0,2995.0,1258.0,2233.0,9.71
2026-10-03T08:02:06,11450.6,46.0,78.0,78.0,255.0,2995.0,1258.0,2227.0,9.71
2026-10-03T08:02:16,11460.6,46.0,78.0,78.0,256.0,2994.0,1258.0,2233.0,9.71
2026-10-03T08:02:26,11470.6,46.0,78.0,78.0,255.0,2994.0,1258.0,2237.0,9.71
2026-10-03T08:02:36,11480.6,46.0,79.0,78.0,257.0,3007.0,1258.0,2234.0,9.71
2026-10-03T08:02:46,11490.6,46.0,79.0,78.0,258.0,3028.0,1258.0,2273.0,9.71
2026-10-03T08:02:56,11500.6,46.0,78.0,78.0,255.0,2994.0,1258.0,2241.0,9.71
2026-10-03T08:03:06,11510.6,46.0,78.0,78.0,255.0,2997.0,1258.0,2212.0,9.71
2026-10-03T08:03:16,11520.6,46.0,78.0,78.0,255.0,2995.0,1258.0,2222.0,9.71
2026-10-03T08:03:26,11530.6,46.0,78.0,78.0,255.0,2995.0,1258.0,2219.0,9.71
2026-10-03T08:03:36,11540.6,46.0,78.0,78.0,255.0,2994.0,1258.0,2232.0,9.71
2026-10-03T08:03:46,11550.6,46.0,78.0,78.0,255.0,2996.0,1258.0,2222.0,9.71
2026-10-03T08:03:56,11560.6,46.0,78.0,78.0,255.0,2994.0,1258.0,2223.0,9.71
2026-10-03T08:04:06,11570.6,46.0,78.0,78.0,255.0,2994.0,1258.0,2231.0,9.71
2026-10-03T08:04:16,11580.6,46.0,78.0,78.0,255.0,2994.0,1258.0,2228.0,9.71
2026-10-03T08:04:26,11590.6,46.0,78.0,78.0,255.0,2993.0,1258.0,2233.0,9.71
2026-10-03T08:04:36,11600.6,46.0,79.0,78.0,259.0,3038.0,1258.0,2243.0,9.71
2026-10-03T08:04:46,11610.6,46.0,78.0,78.0,256.0,2997.0,1258.0,2258.0,9.71
2026-10-03T08:04:56,11620.6,46.0,78.0,78.0,255.0,2993.0,1258.0,2226.0,9.71
2026-10-03T08:05:06,11630.6,46.0,78.0,78.0,255.0,2995.0,1258.0,2228.0,9.71
2026-10-03T08:05:16,11640.6,46.0,78.0,78.0,255.0,2994.0,1258.0,2230.0,9.71
2026-10-03T08:05:26,11650.6,46.0,78.0,78.0,255.0,2995.0,1258.0,2223.0,9.71
2026-10-03T08:05:36,11660.6,46.0,78.0,78.0,255.0,2995.0,1258.0,2217.0,9.71
2026-10-03T08:05:46,11670.6,46.0,78.0,78.0,256.0,2994.0,1258.0,2235.0,9.71
2026-10-03T08:05:56,11680.6,46.0,78.0,78.0,255.0,2994.0,1258.0,2237.0,9.71
2026-10-03T08:06:06,11690.6,46.0,78.0,78.0,256.0,2994.0,1258.0,2225.0,9.71
2026-10-03T08:06:16,11700.6,46.0,78.0,78.0,255.0,2993.0,1258.0,2234.0,9.71
2026-10-03T08:06:26,11710.6,46.0,78.0,78.0,255.0,2994.0,1258.0,2219.0,9.71
2026-10-03T08:06:36,11720.6,46.0,79.0,78.0,260.0,3040.0,1258.0,2269.0,9.71
2026-10-03T08:06:46,11730.6,46.0,78.0,78.0,255.0,2994.0,1258.0,2241.0,9.71
2026-10-03T08:06:56,11740.6,46.0,78.0,78.0,255.0,2996.0,1258.0,2220.0,9.71
2026-10-03T08:07:06,11750.6,46.0,78.0,78.0,256.0,2993.0,1258.0,2239.0,9.71
2026-10-03T08:07:16,11760.6,46.0,78.0,78.0,255.0,2994.0,1258.0,2220.0,9.71
2026-10-03T08:07:26,11770.6,46.0,78.0,78.0,256.0,2993.0,1258.0,2235.0,9.71
2026-10-03T08:07:36,11780.6,46.0,78.0,78.0,255.0,2994.0,1258.0,2234.0,9.71
2026-10-03T08:07:46,11790.6,46.0,78.0,78.0,255.0,2994.0,1258.0,2214.0,9.71
2026-10-03T08:07:56,11800.6,46.0,78.0,78.0,255.0,2993.0,1258.0,2227.0,9.71
2026-10-03T08:08:06,11810.6,46.0,78.0,78.0,255.0,2996.0,1258.0,2231.0,9.71
2026-10-03T08:08:16,11820.6,46.0,78.0,78.0,255.0,2994.0,1258.0,2222.0,9.71
2026-10-03T08:08:26,11830.6,46.0,79.0,78.0,258.0,3024.0,1258.0,2232.0,9.71
2026-10-03T08:08:36,11840.6,46.0,79.0,78.0,257.0,3010.0,1258.0,2266.0,9.71
2026-10-03T08:08:46,11850.6,46.0,78.0,78.0,255.0,2994.0,1258.0,2239.0,9.71
2026-10-03T08:08:56,11860.6,46.0,78.0,78.0,255.0,2994.0,1258.0,2229.0,9.71
2026-10-03T08:09:06,11870.6,46.0,78.0,78.0,256.0,2994.0,1258.0,2225.0,9.71
2026-10-03T08:09:16,11880.6,46.0,78.0,78.0,255.0,2995.0,1258.0,2223.0,9.71
2026-10-03T08:09:26,11890.6,46.0,78.0,78.0,255.0,2993.0,1258.0,2227.0,9.71
2026-10-03T08:09:36,11900.6,46.0,78.0,78.0,256.0,2993.0,1258.0,2234.0,9.71
2026-10-03T08:09:46,11910.6,46.0,78.0,78.0,255.0,2995.0,1258.0,2215.0,9.71
2026-10-03T08:09:56,11920.6,46.0,78.0,78.0,255.0,2995.0,1258.0,2216.0,9.71
2026-10-03T08:10:06,11930.6,46.0,78.0,78.0,255.0,2993.0,1258.0,2236.0,9.71
2026-10-03T08:10:16,11940.6,46.0,78.0,78.0,255.0,2994.0,1258.0,2228.0,9.71
2026-10-03T08:10:26,11950.6,46.0,79.0,78.0,259.0,3042.0,1258.0,2258.0,9.71
2026-10-03T08:10:36,11960.6,46.0,78.0,78.0,255.0,2995.0,1258.0,2250.0,9.71
2026-10-03T08:10:46,11970.6,46.0,78.0,78.0,255.0,2994.0,1258.0,2232.0,9.71
2026-10-03T08:10:56,11980.6,46.0,78.0,78.0,255.0,2993.0,1258.0,2239.0,9.71
2026-10-03T08:11:06,11990.6,46.0,78.0,78.0,255.0,2995.0,1258.0,2219.0,9.71
2026-10-03T08:11:16,12000.6,46.0,78.0,78.0,255.0,2995.0,1258.0,2234.0,9.71
2026-10-03T08:11:26,12010.6,46.0,78.0,78.0,255.0,2994.0,1258.0,2239.0,9.71
2026-10-03T08:11:36,12020.6,46.0,78.0,78.0,255.0,2995.0,1258.0,2226.0,9.71
2026-10-03T08:11:46,12030.6,46.0,78.0,78.0,255.0,2995.0,1258.0,2226.0,9.71
2026-10-03T08:11:56,12040.6,46.0,78.0,78.0,256.0,2994.0,1258.0,2231.0,9.71
2026-10-03T08:12:06,12050.6,46.0,78.0,78.0,255.0,2995.0,1258.0,2240.0,9.71
2026-10-03T08:12:16,12060.6,46.0,78.0,78.0,256.0,3009.0,1258.0,2232.0,9.71
2026-10-03T08:12:26,12070.6,46.0,79.0,78.0,258.0,3027.0,1258.0,2270.0,9.71
2026-10-03T08:12:36,12080.6,46.0,78.0,78.0,255.0,2996.0,1258.0,2239.0,9.71
2026-10-03T08:12:46,12090.7,46.0,78.0,78.0,255.0,2995.0,1258.0,2233.0,9.71
2026-10-03T08:12:56,12100.7,46.0,78.0,78.0,256.0,2992.0,1258.0,2240.0,9.71
2026-10-03T08:13:06,12110.7,46.0,78.0,78.0,255.0,2995.0,1258.0,2241.0,9.71
2026-10-03T08:13:16,12120.7,46.0,78.0,78.0,255.0,2995.0,1258.0,2240.0,9.71
2026-10-03T08:13:26,12130.7,46.0,78.0,78.0,255.0,2995.0,1258.0,2213.0,9.71
2026-10-03T08:13:36,12140.7,46.0,78.0,78.0,255.0,2995.0,1258.0,2231.0,9.71
2026-10-03T08:13:46,12150.7,46.0,78.0,78.0,255.0,2995.0,1258.0,2240.0,9.71
2026-10-03T08:13:56,12160.7,46.0,78.0,78.0,255.0,2995.0,1258.0,2241.0,9.71
2026-10-03T08:14:06,12170.7,46.0,78.0,78.0,255.0,2996.0,1258.0,2242.0,9.71
2026-10-03T08:14:16,12180.7,46.0,79.0,78.0,259.0,3041.0,1258.0,2260.0,9.71
2026-10-03T08:14:26,12190.7,46.0,79.0,78.0,256.0,2998.0,1258.0,2258.0,9.71
2026-10-03T08:14:36,12200.7,46.0,78.0,78.0,255.0,2995.0,1258.0,2241.0,9.71
2026-10-03T08:14:46,12210.7,46.0,78.0,78.0,255.0,2997.0,1258.0,2241.0,9.71
2026-10-03T08:14:56,12220.7,46.0,78.0,78.0,255.0,2996.0,1258.0,2243.0,9.71
2026-10-03T08:15:06,12230.7,46.0,78.0,78.0,255.0,2995.0,1258.0,2241.0,9.71
2026-10-03T08:15:16,12240.7,46.0,78.0,78.0,255.0,2996.0,1258.0,2243.0,9.71
2026-10-03T08:15:26,12250.7,46.0,78.0,78.0,255.0,2996.0,1258.0,2227.0,9.71
2026-10-03T08:15:36,12260.7,46.0,78.0,78.0,255.0,2995.0,1258.0,2239.0,9.71
2026-10-03T08:15:46,12270.7,46.0,78.0,78.0,255.0,2993.0,1258.0,2242.0,9.71
2026-10-03T08:15:56,12280.7,46.0,78.0,78.0,255.0,2993.0,1258.0,2225.0,9.71
2026-10-03T08:16:06,12290.7,46.0,78.0,78.0,255.0,2995.0,1258.0,2238.0,9.71
2026-10-03T08:16:16,12300.7,46.0,79.0,78.0,260.0,3040.0,1258.0,2276.0,9.71
2026-10-03T08:16:26,12310.7,46.0,78.0,78.0,255.0,2993.0,1258.0,2243.0,9.71
2026-10-03T08:16:36,12320.7,46.0,78.0,78.0,255.0,2995.0,1258.0,2241.0,9.71
2026-10-03T08:16:46,12330.7,46.0,78.0,78.0,255.0,2994.0,1258.0,2233.0,9.71
2026-10-03T08:16:56,12340.7,46.0,78.0,78.0,255.0,2993.0,1258.0,2222.0,9.71
2026-10-03T08:17:06,12350.7,46.0,78.0,78.0,256.0,2994.0,1258.0,2243.0,9.71
2026-10-03T08:17:16,12360.7,46.0,78.0,78.0,255.0,2995.0,1258.0,2241.0,9.71
2026-10-03T08:17:26,12370.7,46.0,78.0,78.0,256.0,2993.0,1258.0,2241.0,9.71
2026-10-03T08:17:36,12380.7,46.0,78.0,78.0,255.0,2994.0,1258.0,2230.0,9.71
2026-10-03T08:17:46,12390.7,46.0,78.0,78.0,255.0,2995.0,1258.0,2227.0,9.71
2026-10-03T08:17:56,12400.7,46.0,78.0,78.0,255.0,2995.0,1258.0,2226.0,9.71
2026-10-03T08:18:06,12410.7,46.0,79.0,78.0,258.0,3025.0,1258.0,2249.0,9.71
2026-10-03T08:18:16,12420.7,46.0,79.0,78.0,257.0,3009.0,1258.0,2266.0,9.71
2026-10-03T08:18:26,12430.7,46.0,78.0,78.0,255.0,2992.0,1258.0,2240.0,9.71
2026-10-03T08:18:36,12440.7,46.0,78.0,78.0,256.0,2992.0,1258.0,2241.0,9.71
2026-10-03T08:18:46,12450.7,46.0,78.0,78.0,256.0,2993.0,1258.0,2241.0,9.71
2026-10-03T08:18:56,12460.7,46.0,78.0,78.0,255.0,2992.0,1258.0,2239.0,9.71
2026-10-03T08:19:06,12470.7,46.0,78.0,78.0,256.0,2992.0,1258.0,2240.0,9.71
2026-10-03T08:19:16,12480.7,46.0,78.0,78.0,255.0,2992.0,1258.0,2237.0,9.71
2026-10-03T08:19:26,12490.7,46.0,78.0,78.0,255.0,2993.0,1258.0,2233.0,9.71
2026-10-03T08:19:36,12500.7,46.0,78.0,78.0,256.0,2993.0,1258.0,2240.0,9.71
2026-10-03T08:19:46,12510.7,46.0,78.0,78.0,255.0,2994.0,1258.0,2241.0,9.71
2026-10-03T08:19:56,12520.7,46.0,78.0,78.0,255.0,2993.0,1258.0,2240.0,9.71
2026-10-03T08:20:06,12530.7,46.0,79.0,78.0,260.0,3040.0,1258.0,2271.0,9.71
2026-10-03T08:20:16,12540.7,46.0,78.0,78.0,256.0,2992.0,1258.0,2249.0,9.71
2026-10-03T08:20:26,12550.7,46.0,78.0,78.0,255.0,2993.0,1258.0,2240.0,9.71
2026-10-03T08:20:36,12560.7,46.0,78.0,78.0,256.0,2993.0,1258.0,2243.0,9.71
2026-10-03T08:20:46,12570.7,46.0,78.0,78.0,255.0,2994.0,1258.0,2244.0,9.71
2026-10-03T08:20:56,12580.7,46.0,78.0,78.0,256.0,2992.0,1258.0,2243.0,9.71
2026-10-03T08:21:06,12590.7,46.0,78.0,78.0,255.0,2994.0,1258.0,2242.0,9.71
2026-10-03T08:21:16,12600.7,46.0,78.0,78.0,255.0,2995.0,1258.0,2242.0,9.71
2026-10-03T08:21:26,12610.7,46.0,78.0,78.0,256.0,2993.0,1258.0,2243.0,9.71
2026-10-03T08:21:36,12620.7,46.0,79.0,78.0,255.0,2993.0,1258.0,2247.0,9.71
2026-10-03T08:21:46,12630.7,46.0,79.0,78.0,255.0,2993.0,1258.0,2243.0,9.71
2026-10-03T08:21:56,12640.7,46.0,79.0,78.0,256.0,3008.0,1258.0,2246.0,9.71
2026-10-03T08:22:06,12650.7,46.0,79.0,78.0,259.0,3024.0,1258.0,2290.0,9.71
2026-10-03T08:22:16,12660.7,46.0,79.0,78.0,255.0,2992.0,1258.0,2241.0,9.71
2026-10-03T08:22:26,12670.7,46.0,79.0,78.0,255.0,2994.0,1258.0,2241.0,9.71
2026-10-03T08:22:36,12680.7,46.0,79.0,78.0,255.0,2993.0,1258.0,2240.0,9.71
2026-10-03T08:22:46,12690.7,46.0,79.0,78.0,255.0,2995.0,1258.0,2244.0,9.71
2026-10-03T08:22:56,12700.7,46.0,78.0,78.0,255.0,2995.0,1258.0,2243.0,9.71
2026-10-03T08:23:06,12710.7,46.0,78.0,78.0,255.0,2995.0,1258.0,2243.0,9.71
2026-10-03T08:23:16,12720.7,46.0,79.0,78.0,255.0,2993.0,1258.0,2244.0,9.71
2026-10-03T08:23:26,12730.7,46.0,79.0,78.0,255.0,2995.0,1258.0,2245.0,9.71
2026-10-03T08:23:36,12740.7,46.0,79.0,78.0,256.0,2994.0,1258.0,2245.0,9.71
2026-10-03T08:23:46,12750.7,46.0,79.0,78.0,255.0,2995.0,1258.0,2244.0,9.71
2026-10-03T08:23:56,12760.7,46.0,79.0,78.0,259.0,3039.0,1258.0,2265.0,9.71
2026-10-03T08:24:06,12770.7,46.0,79.0,78.0,256.0,2999.0,1258.0,2265.0,9.71
2026-10-03T08:24:16,12780.7,46.0,79.0,78.0,255.0,2998.0,1258.0,2241.0,9.71
2026-10-03T08:24:26,12790.7,46.0,79.0,78.0,255.0,2994.0,1258.0,2245.0,9.71
2026-10-03T08:24:36,12800.7,46.0,78.0,78.0,255.0,2995.0,1258.0,2242.0,9.71
2026-10-03T08:24:46,12810.7,46.0,78.0,78.0,255.0,2994.0,1258.0,2242.0,9.71
2026-10-03T08:24:56,12820.7,46.0,79.0,78.0,256.0,2995.0,1258.0,2246.0,9.71
2026-10-03T08:25:06,12830.7,46.0,78.0,78.0,255.0,2996.0,1258.0,2241.0,9.71
2026-10-03T08:25:16,12840.7,46.0,78.0,78.0,256.0,2996.0,1258.0,2245.0,9.71
2026-10-03T08:25:26,12850.7,46.0,79.0,78.0,256.0,2995.0,1258.0,2242.0,9.71
2026-10-03T08:25:36,12860.7,46.0,78.0,78.0,255.0,2995.0,1258.0,2240.0,9.71
2026-10-03T08:25:46,12870.7,46.0,78.0,78.0,255.0,2996.0,1258.0,2241.0,9.71
2026-10-03T08:25:56,12880.7,46.0,79.0,78.0,260.0,3042.0,1258.0,2279.0,9.71
2026-10-03T08:26:06,12890.7,46.0,78.0,78.0,255.0,2996.0,1258.0,2242.0,9.71
2026-10-03T08:26:16,12900.7,46.0,78.0,78.0,256.0,2994.0,1258.0,2239.0,9.71
2026-10-03T08:26:26,12910.7,46.0,79.0,78.0,256.0,2994.0,1258.0,2245.0,9.71
2026-10-03T08:26:36,12920.7,46.0,79.0,78.0,255.0,2995.0,1258.0,2245.0,9.71
2026-10-03T08:26:46,12930.7,46.0,78.0,78.0,255.0,2995.0,1258.0,2241.0,9.71
2026-10-03T08:26:56,12940.7,46.0,79.0,78.0,256.0,2994.0,1258.0,2248.0,9.71
2026-10-03T08:27:06,12950.7,46.0,78.0,78.0,255.0,2996.0,1258.0,2241.0,9.71
2026-10-03T08:27:16,12960.7,46.0,78.0,78.0,256.0,2995.0,1258.0,2241.0,9.71
2026-10-03T08:27:26,12970.7,46.0,79.0,78.0,256.0,2995.0,1258.0,2245.0,9.71
2026-10-03T08:27:36,12980.7,46.0,78.0,78.0,255.0,2997.0,1258.0,2241.0,9.71
2026-10-03T08:27:46,12990.7,46.0,79.0,78.0,257.0,3026.0,1258.0,2249.0,9.71
2026-10-03T08:27:56,13000.7,46.0,79.0,78.0,257.0,3013.0,1258.0,2272.0,9.71
2026-10-03T08:28:06,13010.7,46.0,78.0,78.0,255.0,2998.0,1258.0,2240.0,9.71
2026-10-03T08:28:16,13020.7,46.0,78.0,78.0,255.0,2996.0,1258.0,2241.0,9.71
2026-10-03T08:28:26,13030.7,46.0,78.0,78.0,255.0,2994.0,1258.0,2242.0,9.71
2026-10-03T08:28:36,13040.7,46.0,79.0,78.0,256.0,2994.0,1258.0,2247.0,9.71
2026-10-03T08:28:46,13050.7,46.0,79.0,78.0,256.0,2995.0,1258.0,2247.0,9.71
2026-10-03T08:28:56,13060.7,46.0,79.0,78.0,255.0,2995.0,1258.0,2244.0,9.71
2026-10-03T08:29:06,13070.7,46.0,79.0,78.0,255.0,2994.0,1258.0,2247.0,9.71
2026-10-03T08:29:16,13080.7,46.0,79.0,78.0,256.0,2995.0,1258.0,2247.0,9.71
2026-10-03T08:29:26,13090.7,46.0,79.0,78.0,255.0,2994.0,1258.0,2247.0,9.71
2026-10-03T08:29:36,13100.7,46.0,79.0,78.0,255.0,2994.0,1258.0,2239.0,9.71
2026-10-03T08:29:46,13110.7,46.0,80.0,78.0,259.0,3041.0,1258.0,2272.0,9.71
2026-10-03T08:29:56,13120.7,46.0,79.0,78.0,256.0,2994.0,1258.0,2253.0,9.71
2026-10-03T08:30:06,13130.7,46.0,78.0,78.0,255.0,2994.0,1258.0,2239.0,9.71
2026-10-03T08:30:16,13140.7,46.0,79.0,78.0,256.0,2994.0,1258.0,2244.0,9.71
2026-10-03T08:30:26,13150.7,46.0,78.0,78.0,255.0,2996.0,1258.0,2242.0,9.71
2026-10-03T08:30:36,13160.7,46.0,78.0,78.0,255.0,2994.0,1258.0,2240.0,9.71
2026-10-03T08:30:46,13170.7,46.0,78.0,78.0,256.0,2994.0,1258.0,2243.0,9.71
2026-10-03T08:30:56,13180.7,46.0,78.0,78.0,256.0,2994.0,1258.0,2242.0,9.71
2026-10-03T08:31:06,13190.7,46.0,78.0,78.0,255.0,2994.0,1258.0,2243.0,9.71
2026-10-03T08:31:16,13200.7,46.0,79.0,78.0,256.0,2992.0,1258.0,2247.0,9.71
2026-10-03T08:31:26,13210.7,46.0,78.0,78.0,255.0,2992.0,1258.0,2244.0,9.71
2026-10-03T08:31:36,13220.7,46.0,79.0,78.0,256.0,3009.0,1258.0,2242.0,9.71
2026-10-03T08:31:46,13230.7,46.0,79.0,78.0,258.0,3026.0,1258.0,2287.0,9.71
2026-10-03T08:31:56,13240.7,46.0,79.0,78.0,255.0,2994.0,1258.0,2242.0,9.71
2026-10-03T08:32:06,13250.7,46.0,79.0,78.0,255.0,2996.0,1258.0,2241.0,9.71
2026-10-03T08:32:16,13260.7,46.0,78.0,79.0,255.0,2995.0,1258.0,2241.0,9.71
2026-10-03T08:32:26,13270.7,46.0,79.0,78.0,255.0,2995.0,1258.0,2245.0,9.71
2026-10-03T08:32:36,13280.7,46.0,78.0,78.0,255.0,2994.0,1258.0,2242.0,9.71
2026-10-03T08:32:46,13290.7,46.0,79.0,78.0,255.0,2995.0,1258.0,2244.0,9.71
2026-10-03T08:32:56,13300.7,46.0,78.0,78.0,255.0,2995.0,1258.0,2244.0,9.71
2026-10-03T08:33:06,13310.7,46.0,79.0,78.0,256.0,2995.0,1258.0,2245.0,9.71
2026-10-03T08:33:16,13320.7,46.0,79.0,78.0,255.0,2995.0,1258.0,2242.0,9.71
2026-10-03T08:33:26,13330.7,46.0,79.0,78.0,255.0,2993.0,1258.0,2245.0,9.71
2026-10-03T08:33:36,13340.7,46.0,79.0,78.0,259.0,3039.0,1258.0,2264.0,9.71
2026-10-03T08:33:46,13350.7,46.0,79.0,78.0,256.0,2999.0,1258.0,2267.0,9.71
2026-10-03T08:33:56,13360.7,46.0,78.0,78.0,255.0,2995.0,1258.0,2240.0,9.71
2026-10-03T08:34:06,13370.7,46.0,79.0,78.0,256.0,2994.0,1258.0,2246.0,9.71
2026-10-03T08:34:16,13380.7,46.0,79.0,78.0,255.0,2997.0,1258.0,2241.0,9.71
2026-10-03T08:34:26,13390.7,46.0,79.0,78.0,255.0,2996.0,1258.0,2243.0,9.71
2026-10-03T08:34:36,13400.7,46.0,79.0,78.0,255.0,2995.0,1258.0,2245.0,9.71
2026-10-03T08:34:46,13410.7,46.0,79.0,79.0,256.0,2994.0,1258.0,2249.0,9.71
2026-10-03T08:34:56,13420.7,46.0,79.0,79.0,255.0,2994.0,1258.0,2250.0,9.71
2026-10-03T08:35:06,13430.7,46.0,79.0,78.0,255.0,2996.0,1258.0,2244.0,9.71
2026-10-03T08:35:16,13440.7,46.0,79.0,78.0,255.0,2996.0,1258.0,2244.0,9.71
2026-10-03T08:35:26,13450.7,46.0,79.0,79.0,255.0,2997.0,1258.0,2246.0,9.71
2026-10-03T08:35:36,13460.7,46.0,80.0,78.0,260.0,3041.0,1258.0,2280.0,9.71
2026-10-03T08:35:46,13470.7,46.0,79.0,78.0,255.0,2995.0,1258.0,2249.0,9.71
2026-10-03T08:35:56,13480.7,46.0,79.0,78.0,255.0,2995.0,1258.0,2240.0,9.71
2026-10-03T08:36:06,13490.7,46.0,79.0,78.0,256.0,2994.0,1258.0,2249.0,9.71
2026-10-03T08:36:16,13500.7,46.0,79.0,78.0,256.0,2993.0,1258.0,2249.0,9.71
2026-10-03T08:36:26,13510.7,46.0,79.0,78.0,256.0,2995.0,1258.0,2245.0,9.71
2026-10-03T08:36:36,13520.7,46.0,79.0,79.0,255.0,2998.0,1258.0,2241.0,9.71
2026-10-03T08:36:46,13530.7,46.0,79.0,79.0,255.0,2995.0,1258.0,2247.0,9.71
2026-10-03T08:36:56,13540.7,46.0,79.0,79.0,256.0,2995.0,1258.0,2244.0,9.71
2026-10-03T08:37:06,13550.7,46.0,79.0,79.0,255.0,2997.0,1258.0,2247.0,9.71
2026-10-03T08:37:16,13560.7,46.0,79.0,79.0,256.0,2995.0,1258.0,2245.0,9.71
2026-10-03T08:37:26,13570.7,46.0,79.0,78.0,258.0,3026.0,1258.0,2254.0,9.71
2026-10-03T08:37:36,13580.7,46.0,79.0,78.0,257.0,3014.0,1258.0,2277.0,9.71
2026-10-03T08:37:46,13590.7,46.0,79.0,79.0,255.0,2997.0,1258.0,2241.0,9.71
2026-10-03T08:37:56,13600.7,46.0,79.0,79.0,255.0,2997.0,1258.0,2241.0,9.71
2026-10-03T08:38:06,13610.7,46.0,79.0,79.0,256.0,2994.0,1258.0,2250.0,9.71
2026-10-03T08:38:16,13620.7,46.0,79.0,79.0,255.0,2996.0,1258.0,2246.0,9.71
2026-10-03T08:38:26,13630.7,46.0,79.0,79.0,255.0,2995.0,1258.0,2246.0,9.71
2026-10-03T08:38:36,13640.7,46.0,79.0,79.0,256.0,2994.0,1258.0,2248.0,9.71
2026-10-03T08:38:46,13650.7,46.0,79.0,79.0,255.0,2996.0,1258.0,2250.0,9.71
2026-10-03T08:38:56,13660.7,46.0,79.0,79.0,256.0,2995.0,1258.0,2254.0,9.71
2026-10-03T08:39:06,13670.7,46.0,79.0,79.0,255.0,2996.0,1258.0,2247.0,9.71
2026-10-03T08:39:16,13680.7,46.0,79.0,79.0,255.0,2997.0,1258.0,2241.0,9.71
2026-10-03T08:39:26,13690.7,46.0,80.0,78.0,259.0,3043.0,1258.0,2282.0,9.71
2026-10-03T08:39:36,13700.7,46.0,79.0,79.0,256.0,2993.0,1258.0,2262.0,9.71
2026-10-03T08:39:46,13710.7,46.0,79.0,79.0,255.0,2995.0,1258.0,2239.0,9.71
2026-10-03T08:39:56,13720.7,46.0,79.0,79.0,255.0,2995.0,1258.0,2243.0,9.71
2026-10-03T08:40:06,13730.7,46.0,79.0,79.0,255.0,2995.0,1258.0,2246.0,9.71
2026-10-03T08:40:16,13740.7,46.0,79.0,79.0,255.0,2995.0,1258.0,2243.0,9.71
2026-10-03T08:40:26,13750.7,46.0,79.0,79.0,255.0,2996.0,1258.0,2249.0,9.71
2026-10-03T08:40:36,13760.7,46.0,79.0,79.0,255.0,2993.0,1258.0,2247.0,9.71
2026-10-03T08:40:46,13770.7,46.0,79.0,78.0,258.0,3025.0,1258.0,2251.0,9.71
2026-10-03T08:40:56,13780.7,46.0,79.0,78.0,251.0,3054.0,1124.0,2303.0,9.71
