step,tokens,lr_mult,loss,grad_norm,value_grad_norm,tok_s
10,327680,0.0055248618784530384,10.832080078125,8.206893920898438,,80264
20,655360,0.011049723756906077,10.602553558349609,6.878276824951172,,91807
30,983040,0.016574585635359115,10.326270294189452,3.7366413116455077,,91894
40,1310720,0.022099447513812154,10.159593963623047,2.2028982162475588,,91914
50,1638400,0.027624309392265192,10.07425765991211,1.9926616668701171,,91831
60,1966080,0.03314917127071823,9.962376403808594,2.074971389770508,,91775
70,2293760,0.03867403314917127,9.842256927490235,2.528322219848633,,91682
80,2621440,0.04419889502762431,9.70247573852539,2.389556312561035,,91652
90,2949120,0.049723756906077346,9.573240661621094,2.0573612213134767,,91739
100,3276800,0.055248618784530384,9.453085327148438,1.8411136627197267,,91849
110,3604480,0.06077348066298342,9.320847320556641,1.8688217163085938,,91927
120,3932160,0.06629834254143646,9.177477264404297,1.738204002380371,,91921
130,4259840,0.0718232044198895,9.022468566894531,1.9126388549804687,,91997
140,4587520,0.07734806629834254,8.865715026855469,1.843399429321289,,92000
150,4915200,0.08287292817679558,8.733802795410156,1.8194646835327148,,91989
160,5242880,0.08839779005524862,8.591777038574218,1.7366817474365235,,91994
170,5570560,0.09392265193370165,8.4051513671875,1.760055923461914,,92045
180,5898240,0.09944751381215469,8.264063262939453,1.9374074935913086,,92029
190,6225920,0.10497237569060773,8.125039672851562,1.5990798950195313,,92018
200,6553600,0.11049723756906077,7.9471794128417965,1.620337677001953,,92003
210,6881280,0.11602209944751381,7.834507751464844,1.8652534484863281,,92052
220,7208960,0.12154696132596685,7.6804862976074215,1.7154153823852538,,92112
230,7536640,0.1270718232044199,7.598316955566406,1.3603260040283203,,92087
240,7864320,0.13259668508287292,7.4582275390625,1.6842416763305663,,92088
250,8192000,0.13812154696132597,7.361112213134765,1.386312198638916,,92047
260,8519680,0.143646408839779,7.279195404052734,1.2043468475341796,,92093
270,8847360,0.14917127071823205,7.218840026855469,1.2180072784423828,,92004
280,9175040,0.15469613259668508,7.147059631347656,1.170271396636963,,92039
290,9502720,0.16022099447513813,7.079183197021484,1.2679144859313964,,92044
300,9830400,0.16574585635359115,7.008798980712891,1.2549939155578613,,91984
310,10158080,0.1712707182320442,6.948150634765625,1.3173933029174805,,91762
320,10485760,0.17679558011049723,6.875750732421875,1.3537853240966797,,91997
330,10813440,0.18232044198895028,6.802880096435547,1.4870646476745606,,91984
340,11141120,0.1878453038674033,6.785753631591797,1.3102360725402833,,91974
350,11468800,0.19337016574585636,6.722383117675781,1.3332524299621582,,91953
360,11796480,0.19889502762430938,6.665217590332031,1.3235511779785156,,91937
370,12124160,0.20441988950276244,6.644802856445312,1.2701475143432617,,91970
380,12451840,0.20994475138121546,6.586945343017578,1.3709691047668457,,91978
390,12779520,0.2154696132596685,6.493229675292969,1.2920763969421387,,92049
400,13107200,0.22099447513812154,6.473670196533203,1.1985671997070313,,92009
410,13434880,0.2265193370165746,6.412794494628907,1.1919665336608887,,91985
420,13762560,0.23204419889502761,6.4263755798339846,1.409177303314209,,91954
430,14090240,0.23756906077348067,6.40894775390625,1.3250325202941895,,91987
440,14417920,0.2430939226519337,6.323896026611328,1.2819990158081054,,91928
450,14745600,0.24861878453038674,6.307708358764648,1.241218662261963,,91930
460,15073280,0.2541436464088398,6.2683357238769535,1.1362159729003907,,91948
470,15400960,0.2596685082872928,6.270483016967773,1.34573335647583,,91904
480,15728640,0.26519337016574585,6.205879592895508,1.2230640411376954,,91981
490,16056320,0.27071823204419887,6.204108810424804,1.198412036895752,,91993
500,16384000,0.27624309392265195,6.167511749267578,1.2397621154785157,,91958
510,16711680,0.281767955801105,6.1180461883544925,1.3176469802856445,,91960
520,17039360,0.287292817679558,6.103290557861328,1.2606659889221192,,91973
530,17367040,0.292817679558011,6.069076919555664,1.1961037635803222,,91928
540,17694720,0.2983425414364641,5.988182830810547,1.2734384536743164,,91921
550,18022400,0.30386740331491713,6.0078277587890625,1.2808728218078613,,91875
560,18350080,0.30939226519337015,6.0193523406982425,1.325739574432373,,91880
570,18677760,0.3149171270718232,5.953989410400391,1.1961868286132813,,91956
580,19005440,0.32044198895027626,5.922895050048828,1.1850551605224608,,91890
590,19333120,0.3259668508287293,5.898028182983398,1.2015454292297363,,91929
600,19660800,0.3314917127071823,5.888415145874023,1.2009092330932618,,91884
610,19988480,0.3370165745856354,5.894601058959961,1.2007176399230957,,91907
620,20316160,0.3425414364640884,5.8645984649658205,1.238837432861328,,91780
630,20643840,0.34806629834254144,5.791909408569336,1.197927474975586,,91900
640,20971520,0.35359116022099446,5.7476959228515625,1.1014158248901367,,91892
650,21299200,0.35911602209944754,5.765966796875,1.2075018882751465,,91928
660,21626880,0.36464088397790057,5.734698867797851,1.1389703750610352,,91973
670,21954560,0.3701657458563536,5.683030700683593,1.155652141571045,,91889
680,22282240,0.3756906077348066,5.683058547973633,1.130465602874756,,91892
690,22609920,0.3812154696132597,5.675335693359375,1.1622218132019042,,91928
700,22937600,0.3867403314917127,5.65496826171875,1.1447576522827148,,91907
710,23265280,0.39226519337016574,5.6786338806152346,1.182636833190918,,91901
720,23592960,0.39779005524861877,5.660544586181641,1.1043365478515625,,91910
730,23920640,0.40331491712707185,5.622936248779297,1.1478116989135743,,91904
740,24248320,0.4088397790055249,5.610779190063477,1.1841249465942383,,91915
750,24576000,0.4143646408839779,5.485409164428711,1.2180598258972168,,91896
760,24903680,0.4198895027624309,5.556159591674804,1.1552427291870118,,91962
770,25231360,0.425414364640884,5.581698989868164,1.2391135215759277,,91951
780,25559040,0.430939226519337,5.542644119262695,1.1187335968017578,,91922
790,25886720,0.43646408839779005,5.451436996459961,1.0796610832214355,,91901
800,26214400,0.4419889502762431,5.404179382324219,0.9941326141357422,,91855
810,26542080,0.44751381215469616,5.446028137207032,1.0473429679870605,,91886
820,26869760,0.4530386740331492,5.4139251708984375,1.198981475830078,,91841
830,27197440,0.4585635359116022,5.392165756225586,1.026475715637207,,91936
840,27525120,0.46408839779005523,5.432245254516602,1.1696975708007813,,91907
850,27852800,0.4696132596685083,5.441613388061524,1.2028704643249513,,91890
860,28180480,0.47513812154696133,5.401184844970703,1.1421089172363281,,91928
870,28508160,0.48066298342541436,5.413895797729492,0.9979790687561035,,91922
880,28835840,0.4861878453038674,5.372493743896484,0.9891389846801758,,91952
890,29163520,0.49171270718232046,5.33362045288086,0.9672846794128418,,91890
900,29491200,0.4972375690607735,5.343817138671875,1.0610984802246093,,91898
910,29818880,0.5027624309392266,5.308101654052734,1.022556686401367,,91873
920,30146560,0.5082872928176796,5.285438156127929,1.072260284423828,,91611
930,30474240,0.5138121546961326,5.308887100219726,1.0159520149230956,,91870
940,30801920,0.5193370165745856,5.244458770751953,1.0189853668212892,,91936
950,31129600,0.5248618784530387,5.252972793579102,1.0367124557495118,,91871
960,31457280,0.5303867403314917,5.188895034790039,0.9640065193176269,,91888
970,31784960,0.5359116022099447,5.165984344482422,1.120807933807373,,91867
980,32112640,0.5414364640883977,5.163237762451172,1.0272906303405762,,91891
990,32440320,0.5469613259668509,5.266364669799804,0.9932472229003906,,91877
1000,32768000,0.5524861878453039,5.171223068237305,0.9131364822387695,,91923
1010,33095680,0.5580110497237569,5.138331604003906,1.007589054107666,,91894
1020,33423360,0.56353591160221,5.118519973754883,1.0035412788391114,,91865
1030,33751040,0.569060773480663,5.091428756713867,1.0258785247802735,,91879
1040,34078720,0.574585635359116,5.072126770019532,0.9967939376831054,,91932
1050,34406400,0.580110497237569,5.097585296630859,0.9321621894836426,,91847
1060,34734080,0.585635359116022,5.112388992309571,0.9660292625427246,,91863
1070,35061760,0.5911602209944752,5.096554946899414,0.998077392578125,,91874
1080,35389440,0.5966850828729282,5.027792739868164,1.0746562004089355,,91913
1090,35717120,0.6022099447513812,5.073992919921875,1.1363723754882813,,91859
1100,36044800,0.6077348066298343,4.969821166992188,1.0427032470703126,,91883
1110,36372480,0.6132596685082873,4.951409530639649,0.9528587341308594,,91932
1120,36700160,0.6187845303867403,4.983880615234375,1.0803123474121095,,91891
1130,37027840,0.6243093922651933,4.997953796386719,0.9265327453613281,,91869
1140,37355520,0.6298342541436464,4.876729965209961,0.9263090133666992,,91853
1150,37683200,0.6353591160220995,4.959974670410157,1.0221867561340332,,91881
1160,38010880,0.6408839779005525,4.954372406005859,1.002336597442627,,91861
1170,38338560,0.6464088397790055,4.871329498291016,0.9367425918579102,,91842
1180,38666240,0.6519337016574586,4.864115905761719,0.8842198371887207,,91864
1190,38993920,0.6574585635359116,4.887652969360351,0.944184398651123,,91873
1200,39321600,0.6629834254143646,4.863619995117188,0.9306710243225098,,91865
1210,39649280,0.6685082872928176,4.889615249633789,0.9252389907836914,,91854
1220,39976960,0.6740331491712708,4.815167999267578,0.8824001312255859,,91886
1230,40304640,0.6795580110497238,4.805165863037109,0.9303242683410644,,91719
1240,40632320,0.6850828729281768,4.813162612915039,0.8989940643310547,,91811
1250,40960000,0.6906077348066298,4.748956298828125,1.010615062713623,,91859
1260,41287680,0.6961325966850829,4.8202354431152346,0.9009156227111816,,91859
1270,41615360,0.7016574585635359,4.752414321899414,0.8898663520812988,,91848
1280,41943040,0.7071823204419889,4.6787055969238285,0.9866682052612304,,91844
1290,42270720,0.712707182320442,4.679586791992188,0.8814811706542969,,91812
1300,42598400,0.7182320441988951,4.711410140991211,0.9400238037109375,,91840
1310,42926080,0.7237569060773481,4.684604644775391,0.8939618110656739,,91854
1320,43253760,0.7292817679558011,4.689486694335938,0.8546526908874512,,91851
1330,43581440,0.7348066298342542,4.666165924072265,0.8835610389709473,,91821
1340,43909120,0.7403314917127072,4.679778289794922,0.9219498634338379,,91826
1350,44236800,0.7458563535911602,4.574753189086914,0.8566308975219726,,91818
1360,44564480,0.7513812154696132,4.650046157836914,0.8152249336242676,,91817
1370,44892160,0.7569060773480663,4.641688537597656,0.8082168579101563,,91846
1380,45219840,0.7624309392265194,4.562244033813476,0.8758093833923339,,91877
1390,45547520,0.7679558011049724,4.675360488891601,0.8721225738525391,,91807
1400,45875200,0.7734806629834254,4.615486907958984,0.8362843513488769,,91823
1410,46202880,0.7790055248618785,4.5298114776611325,0.8469213485717774,,91826
1420,46530560,0.7845303867403315,4.566324996948242,0.8314030647277832,,91838
1430,46858240,0.7900552486187845,4.560153198242188,1.4842214584350586,,91853
1440,47185920,0.7955801104972375,4.558316421508789,0.9161830902099609,,91834
1450,47513600,0.8011049723756906,4.5809165954589846,1.0191519737243653,,91906
1460,47841280,0.8066298342541437,4.491112899780274,0.8320823669433594,,91850
1470,48168960,0.8121546961325967,4.506982421875,0.7851406097412109,,91843
1480,48496640,0.8176795580110497,4.512290954589844,0.7719730377197266,,91861
1490,48824320,0.8232044198895028,4.460412216186524,0.8354114532470703,,91863
1500,49152000,0.8287292817679558,4.472358322143554,0.8124178886413574,,91849
1510,49479680,0.8342541436464088,4.465171813964844,0.7777403831481934,,91847
1520,49807360,0.8397790055248618,4.429359054565429,0.7959165573120117,,91797
1530,50135040,0.8453038674033149,4.483729553222656,0.7763608932495117,,91600
1540,50462720,0.850828729281768,4.4345542907714846,0.7735955238342285,,91830
1550,50790400,0.856353591160221,4.442474746704102,0.7621599674224854,,91864
1560,51118080,0.861878453038674,4.445229339599609,0.78677978515625,,91863
1570,51445760,0.8674033149171271,4.4051776885986325,0.7703124046325683,,91789
1580,51773440,0.8729281767955801,4.429923629760742,0.8674494743347168,,91847
1590,52101120,0.8784530386740331,4.389481735229492,0.8133744239807129,,91811
1600,52428800,0.8839779005524862,4.4177978515625,0.8055003166198731,,91833
1610,52756480,0.8895027624309392,4.4117168426513675,0.7304880142211914,,91847
1620,53084160,0.8950276243093923,4.414624786376953,0.7369319915771484,,91911
1630,53411840,0.9005524861878453,4.367407608032226,0.7200915813446045,,91885
1640,53739520,0.9060773480662984,4.363586044311523,0.7883349895477295,,91854
1650,54067200,0.9116022099447514,4.331589126586914,0.764121150970459,,91835
1660,54394880,0.9171270718232044,4.3901611328125,0.769719123840332,,91861
1670,54722560,0.9226519337016574,4.425210189819336,0.7178303241729737,,91814
1680,55050240,0.9281767955801105,4.337047958374024,0.7237514019012451,,91801
1690,55377920,0.9337016574585635,4.3983001708984375,0.8038247108459473,,91768
1700,55705600,0.9392265193370166,4.334097290039063,0.7442259788513184,,91784
1710,56033280,0.9447513812154696,4.322532653808594,0.7253893852233887,,91869
1720,56360960,0.9502762430939227,4.306484985351562,0.6994741439819336,,91859
1730,56688640,0.9558011049723757,4.340678787231445,0.7061244487762451,,91874
1740,57016320,0.9613259668508287,4.264514923095703,0.7148292541503907,,91867
1750,57344000,0.9668508287292817,4.299216842651367,0.6987916469573975,,91847
1760,57671680,0.9723756906077348,4.2897075653076175,0.6891603469848633,,91834
1770,57999360,0.9779005524861878,4.275828552246094,0.6957020282745361,,91801
1780,58327040,0.9834254143646409,4.317708206176758,0.7352221012115479,,91790
1790,58654720,0.988950276243094,4.304917526245117,0.730715560913086,,91809
1800,58982400,0.994475138121547,4.304150390625,0.7975974082946777,,91815
1810,59310080,1.0,4.307712173461914,0.90762357711792,,91785
1820,59637760,0.9999998479622698,4.234210968017578,1.0878623962402343,,91839
1830,59965440,0.9999993223998774,4.2778770446777346,0.688253116607666,,91850
1840,60293120,0.9999984214362524,4.259446716308593,0.7287273406982422,,91688
1850,60620800,0.9999971450721461,4.196478271484375,0.6653655052185059,,91796
1860,60948480,0.9999954933086234,4.242342758178711,0.631244707107544,,91793
1870,61276160,0.9999934661470623,4.245658493041992,0.65052809715271,,91788
1880,61603840,0.9999910635891539,4.21105842590332,0.6682773113250733,,91831
1890,61931520,0.9999882856369023,4.176212310791016,0.6669780254364014,,91832
1900,62259200,0.9999851322926252,4.184164047241211,0.6558478832244873,,91862
1910,62586880,0.999981603558953,4.171719741821289,0.6328112602233886,,91822
1920,62914560,0.9999776994388297,4.219731140136719,0.6439943790435791,,91814
1930,63242240,0.9999734199355119,4.152720260620117,0.6567775249481201,,91837
1940,63569920,0.9999687650525699,4.177046203613282,0.6422798156738281,,91801
1950,63897600,0.9999637347938868,4.182147598266601,0.7147999763488769,,91807
1960,64225280,0.999958329163659,4.210978698730469,0.6398046016693115,,91772
1970,64552960,0.9999525481663961,4.206092834472656,0.6291139602661133,,91800
1980,64880640,0.9999463918069208,4.152974319458008,0.6400867938995362,,91782
1990,65208320,0.9999398600903687,4.163797760009766,0.6179845333099365,,91826
2000,65536000,0.9999329530221889,4.116193389892578,0.6348393440246582,,91781
2010,65863680,0.9999256706081435,4.180329132080078,0.644092607498169,,91777
2020,66191360,0.9999180128543075,4.1360725402832035,0.6242535591125489,,91779
2030,66519040,0.9999099797670692,4.165499877929688,0.6340404510498047,,91791
2040,66846720,0.9999015713531301,4.121912002563477,0.6333623886108398,,91801
2050,67174400,0.9998927876195047,4.136246109008789,0.6249243736267089,,91802
2060,67502080,0.9998836285735206,4.051415252685547,0.6722749710083008,,91760
2070,67829760,0.9998740942228187,4.136834716796875,0.6261603832244873,,91832
2080,68157440,0.9998641845753525,4.106058120727539,0.6056075096130371,,91828
2090,68485120,0.9998538996393891,4.052998733520508,0.617633056640625,,91860
2100,68812800,0.9998432394235084,4.095020294189453,0.6105315685272217,,91803
2110,69140480,0.9998322039366034,4.088340377807617,0.6027262210845947,,91791
2120,69468160,0.9998207931878802,4.103787612915039,0.60185227394104,,91800
2130,69795840,0.9998090071868581,4.098351669311524,0.5929868221282959,,91777
2140,70123520,0.999796845943369,4.123085784912109,0.6075551986694336,,91514
2150,70451200,0.9997843094675584,4.1138053894042965,0.5913385391235352,,91800
2160,70778880,0.9997713977698843,4.013299942016602,0.6316232681274414,,91806
2170,71106560,0.9997581108611183,4.055761337280273,0.595408582687378,,91832
2180,71434240,0.9997444487523444,4.007204055786133,0.591880989074707,,91754
2190,71761920,0.9997304114549601,3.9926803588867186,0.5852678775787353,,91766
2200,72089600,0.9997159989806755,4.015614700317383,0.6045550346374512,,91793
2210,72417280,0.9997012113415139,4.0476936340332035,0.6004849433898926,,91744
2220,72744960,0.9996860485498117,4.011369323730468,0.5840199947357178,,91750
2230,73072640,0.999670510618218,4.061095428466797,0.591444444656372,,91812
2240,73400320,0.9996545975596949,4.018780899047852,0.5781394958496093,,91837
2250,73728000,0.9996383093875174,4.036036682128906,0.5818203926086426,,91835
2260,74055680,0.9996216461152737,4.052116775512696,0.5790950775146484,,91772
2270,74383360,0.9996046077568648,4.0736347198486325,0.5878252983093262,,91823
2280,74711040,0.9995871943265042,4.022079849243164,0.6142866134643554,,91815
2290,75038720,0.999569405838719,3.959857177734375,0.5884210109710694,,91793
2300,75366400,0.9995512423083487,4.030549240112305,0.5774079322814941,,91764
2310,75694080,0.9995327037505458,3.9940216064453127,0.5831435680389404,,91748
2320,76021760,0.9995137901807755,4.07624397277832,0.5736027717590332,,91804
2330,76349440,0.9994945016148162,3.995164489746094,0.5921237945556641,,91810
2340,76677120,0.9994748380687589,4.087116622924805,0.6081368923187256,,91823
2350,77004800,0.9994547995590074,4.021401977539062,0.5923116207122803,,91834
2360,77332480,0.9994343861022782,4.001668930053711,0.5855700016021729,,91821
2370,77660160,0.9994135977156011,3.995424270629883,0.6128569602966308,,91778
2380,77987840,0.999392434416318,3.998036193847656,0.6104446411132812,,91783
2390,78315520,0.999370896222084,3.969652557373047,0.5750992774963379,,91743
2400,78643200,0.9993489831508668,3.9340499877929687,0.5585103511810303,,91719
2410,78970880,0.999326695220947,3.966053771972656,0.5768731594085693,,91737
2420,79298560,0.9993040324509175,4.004753875732422,0.5902390956878663,,91794
2430,79626240,0.9992809948596844,3.9534156799316404,0.5856826305389404,,91807
2440,79953920,0.9992575824664662,4.004605484008789,0.5877713203430176,,91850
2450,80281600,0.999233795290794,3.9641338348388673,0.577277421951294,,91652
2460,80609280,0.9992096333525119,3.9575641632080076,0.595676326751709,,91763
2470,80936960,0.9991850966717762,4.013038635253906,0.5742305755615235,,91753
2480,81264640,0.9991601852690564,3.8982398986816404,0.5839297771453857,,91742
2490,81592320,0.9991348991651339,3.881735992431641,0.5710231304168701,,91794
2500,81920000,0.9991092383811031,3.8929370880126952,0.5537478446960449,,91818
2510,82247680,0.9990832029383709,3.9088184356689455,0.5722188949584961,,91754
2520,82575360,0.9990567928586569,3.915545654296875,0.5901265621185303,,91800
2530,82903040,0.999030008163993,3.9359642028808595,0.5816690921783447,,91793
2540,83230720,0.9990028488767235,3.9767330169677733,0.5697819709777832,,91757
2550,83558400,0.9989753150195058,3.9162647247314455,0.5458213329315186,,91743
2560,83886080,0.998947406615309,3.939132308959961,0.5653151035308838,,91770
2570,84213760,0.9989191236874152,3.882981872558594,0.5707101821899414,,91759
2580,84541440,0.9988904662594186,3.8706409454345705,0.5775429248809815,,91741
2590,84869120,0.9988614343552261,3.9686965942382812,0.5785601615905762,,91768
2600,85196800,0.998832027999057,3.907381057739258,0.5529727458953857,,91815
2610,85524480,0.9988022472154426,3.883390426635742,0.563692855834961,,91815
2620,85852160,0.998772092029227,3.8726131439208986,0.5488927364349365,,91806
2630,86179840,0.9987415624655662,3.897473907470703,0.5432741641998291,,91765
2640,86507520,0.9987106585499291,3.8790359497070312,0.5420361042022706,,91761
2650,86835200,0.9986793803080963,3.929910659790039,0.5455108642578125,,91749
2660,87162880,0.9986477277661611,3.9227130889892576,0.5695909023284912,,91738
2670,87490560,0.9986157009505288,3.865037536621094,0.5489996910095215,,91772
2680,87818240,0.998583299887917,3.9234546661376952,0.554015827178955,,91802
2690,88145920,0.9985505246053554,3.8394542694091798,0.5513533115386963,,91799
2700,88473600,0.9985173751301862,3.8669052124023438,0.5603092670440674,,91768
2710,88801280,0.9984838514900635,3.8378082275390626,0.5840007781982421,,91799
2720,89128960,0.9984499537129536,3.8901641845703123,0.5573357582092285,,91752
2730,89456640,0.9984156818271349,3.8268798828125,0.6278264045715332,,91711
2740,89784320,0.998381035861198,3.8517879486083983,0.5571196556091309,,91744
2750,90112000,0.9983460158440453,3.8850635528564452,0.5474223136901856,,91525
2760,90439680,0.9983106218048914,3.845011901855469,0.5385096549987793,,91778
2770,90767360,0.9982748537732632,3.8686031341552733,0.5596027374267578,,91770
2780,91095040,0.998238711778999,3.8589756011962892,0.560373067855835,,91789
2790,91422720,0.9982021958522497,3.839314270019531,0.5534619808197021,,91800
2800,91750400,0.9981653060234775,3.870168685913086,0.5701048374176025,,91743
2810,92078080,0.9981280423234573,3.8181766510009765,0.5344884395599365,,91734
2820,92405760,0.9980904047832749,3.79241828918457,0.5548271656036377,,91758
2830,92733440,0.9980523934343292,3.855997848510742,0.5473095417022705,,91739
2840,93061120,0.9980140083083298,3.7710315704345705,0.5462790489196777,,91760
2850,93388800,0.9979752494372987,3.8202892303466798,0.5612614631652832,,91803
2860,93716480,0.9979361168535695,3.903961944580078,0.546149730682373,,91779
2870,94044160,0.9978966105897876,3.8188922882080076,0.5305668354034424,,91814
2880,94371840,0.9978567306789103,3.8309600830078123,0.5498816967010498,,91756
2890,94699520,0.9978164771542064,3.812473678588867,0.5866217613220215,,91717
2900,95027200,0.9977758500492566,3.7520168304443358,0.5531260013580322,,91709
2910,95354880,0.9977348493979528,3.87567253112793,0.5321242809295654,,91717
2920,95682560,0.997693475234499,3.8198623657226562,0.5452443599700928,,91709
2930,96010240,0.9976517275934106,3.842734146118164,0.5269579887390137,,91771
2940,96337920,0.9976096065095146,3.814766693115234,0.5434466361999511,,91787
2950,96665600,0.9975671120179493,3.799552154541016,0.5414581298828125,,91770
2960,96993280,0.9975242441541651,3.760710525512695,0.544945478439331,,91752
2970,97320960,0.9974810029539232,3.8329166412353515,0.526729965209961,,91737
2980,97648640,0.9974373884532967,3.823891830444336,0.5507565021514893,,91746
2990,97976320,0.9973934006886698,3.803025817871094,0.5411124229431152,,91728
3000,98304000,0.9973490396967383,3.827195739746094,0.538475751876831,,91733
3010,98631680,0.9973043055145093,3.814909744262695,0.5453828811645508,,91719
3020,98959360,0.9972591981793014,3.8112648010253904,0.5420275211334229,,91691
3030,99287040,0.9972137177287441,3.8177295684814454,0.5481951236724854,,91744
3040,99614720,0.9971678642007785,3.76995964050293,0.5529796600341796,,91767
3050,99942400,0.9971216376336568,3.8239669799804688,0.5608797073364258,,91775
3060,100270080,0.9970750380659424,3.814439392089844,0.5532215595245361,,91667
3070,100597760,0.9970280655365098,3.810956573486328,0.5313453674316406,,91698
3080,100925440,0.9969807200845449,3.793354797363281,0.5331979751586914,,91760
3090,101253120,0.9969330017495444,3.7931495666503907,0.5449252128601074,,91739
3100,101580800,0.9968849105713161,3.801723098754883,0.5457601547241211,,91715
3110,101908480,0.996836446589979,3.8552616119384764,0.5465043544769287,,91809
3120,102236160,0.9967876098459633,3.801890563964844,0.5419011592864991,,91765
3130,102563840,0.9967384003800094,3.716175079345703,0.5668704509735107,,91832
3140,102891520,0.9966888182331695,3.8230880737304687,0.5446757316589356,,91746
3150,103219200,0.996638863446806,3.7338253021240235,0.5347464561462403,,91749
3160,103546880,0.9965885360625929,3.7417366027832033,0.5626173973083496,,91747
3170,103874560,0.9965378361225143,3.7780452728271485,0.5348898887634277,,91723
3180,104202240,0.9964867636688655,3.8249233245849608,0.547930908203125,,91710
3190,104529920,0.9964353187442526,3.752985382080078,0.5464029788970948,,91702
3200,104857600,0.9963835013915922,3.817617416381836,0.5426253318786621,,91777
3210,105185280,0.9963313116541117,3.7440250396728514,0.5346909523010254,,91787
3220,105512960,0.996278749575349,3.7682826995849608,0.5329800605773926,,91808
3230,105840640,0.996225815199153,3.7335376739501953,0.5375379085540771,,91728
3240,106168320,0.996172508569683,3.782987594604492,0.5279770374298096,,91753
3250,106496000,0.9961188297314085,3.7865299224853515,0.5353144645690918,,91757
3260,106823680,0.99606477872911,3.779072952270508,0.5254915237426758,,91741
3270,107151360,0.9960103556078782,3.728452682495117,0.5349482536315918,,91728
3280,107479040,0.9959555604131143,3.812783050537109,0.5423472404479981,,91775
3290,107806720,0.9959003931905298,3.777213287353516,0.5358110427856445,,91758
3300,108134400,0.995844853986147,3.779981994628906,0.5517889976501464,,91778
3310,108462080,0.9957889428462976,3.7096065521240233,0.5294764518737793,,91798
3320,108789760,0.9957326598176246,3.7196189880371096,0.5151931285858155,,91812
3330,109117440,0.9956760049470805,3.7465579986572264,0.5725752830505371,,91767
3340,109445120,0.9956189782819285,3.790697479248047,0.554466724395752,,91734
3350,109772800,0.9955615798697415,3.793814849853516,0.5234715938568115,,91787
3360,110100480,0.9955038097584029,3.7748512268066405,0.5301222801208496,,91492
3370,110428160,0.9954456679961061,3.6938701629638673,0.5327763557434082,,91789
3380,110755840,0.9953871546313545,3.722829818725586,0.5388334274291993,,91774
3390,111083520,0.9953282697129612,3.737527847290039,0.5355672836303711,,91797
3400,111411200,0.9952690132900498,3.7492481231689454,0.5423836231231689,,91757
3410,111738880,0.9952093854120535,3.7793498992919923,0.5490961074829102,,91746
3420,112066560,0.9951493861287156,3.7406471252441404,0.5375682353973389,,91763
3430,112394240,0.9950890154900887,3.790903854370117,0.5680378437042236,,91722
3440,112721920,0.9950282735465358,3.670167922973633,0.5352161407470704,,91742
3450,113049600,0.9949671603487295,3.7832363128662108,0.5358928680419922,,91734
3460,113377280,0.9949056759476519,3.7299118041992188,0.5262444972991943,,91745
3470,113704960,0.994843820394595,3.799453353881836,0.5595164775848389,,91825
3480,114032640,0.9947815937411602,3.7089683532714846,0.549162769317627,,91743
3490,114360320,0.9947189960392586,3.739486312866211,0.5431665420532227,,91795
3500,114688000,0.9946560273411109,3.7129894256591798,0.5737358570098877,,91825
3510,115015680,0.9945926876992474,3.733327865600586,0.5411721229553222,,91784
3520,115343360,0.9945289771665075,3.7474781036376954,0.5243819236755372,,91731
3530,115671040,0.9944648957960401,3.721624755859375,0.5721048355102539,,91724
3540,115998720,0.9944004436413038,3.7615386962890627,0.5504243850708008,,91763
3550,116326400,0.9943356207560662,3.709466552734375,0.5504314422607421,,91797
3560,116654080,0.9942704271944041,3.6884578704833983,0.5360212802886963,,91805
3570,116981760,0.9942048630107039,3.6507568359375,0.5333857059478759,,91785
3580,117309440,0.9941389282596609,3.7280563354492187,0.5376490116119385,,91784
3590,117637120,0.9940726229962795,3.768548583984375,0.5186745643615722,,91778
3600,117964800,0.9940059472758733,3.7044872283935546,0.5518919944763183,,91741
3610,118292480,0.993938901154065,3.7023292541503907,0.5536234855651856,,91781
3620,118620160,0.9938714846867863,3.702219009399414,0.5794071197509766,,91757
3630,118947840,0.9938036979302777,3.7085216522216795,0.548071813583374,,91762
3640,119275520,0.9937355409410886,3.720823287963867,0.5392282962799072,,91795
3650,119603200,0.9936670137760775,3.720762252807617,0.538050651550293,,91752
3660,119930880,0.9935981164924115,3.705562973022461,0.521305513381958,,91803
3670,120258560,0.9935288491475665,3.7586692810058593,0.5332976341247558,,91634
3680,120586240,0.993459211799327,3.7557369232177735,0.5300377368927002,,91808
3690,120913920,0.9933892045057866,3.613729476928711,0.5233049392700195,,91777
3700,121241600,0.993318827325347,3.6849990844726563,0.5276817798614502,,91729
3710,121569280,0.9932480803167189,3.6786262512207033,0.5173854351043701,,91772
3720,121896960,0.9931769635389212,3.7214054107666015,0.5367035865783691,,91781
3730,122224640,0.993105477051281,3.706642913818359,0.5214856624603271,,91776
3740,122552320,0.9930336209134348,3.6778018951416014,0.537320613861084,,91804
3750,122880000,0.9929613951853267,3.7094749450683593,0.5363553524017334,,91762
3760,123207680,0.9928887999272091,3.7226749420166017,0.5383328437805176,,91735
3770,123535360,0.9928158351996431,3.6805553436279297,0.5311951637268066,,91773
3780,123863040,0.9927425010634976,3.6571533203125,0.5230121612548828,,91763
3790,124190720,0.9926687975799499,3.6792251586914064,0.5356306076049805,,91757
3800,124518400,0.9925947248104855,3.644921875,0.5270488739013672,,91743
3810,124846080,0.9925202828168976,3.7274089813232423,0.5404471397399903,,91743
3820,125173760,0.992445471661288,3.65545539855957,0.5209078311920166,,91812
3830,125501440,0.9923702914060659,3.706722640991211,0.5165671825408935,,91851
3840,125829120,0.9922947421139487,3.694448471069336,0.5110093593597412,,91742
3850,126156800,0.9922188238479617,3.688420867919922,0.541851806640625,,91779
3860,126484480,0.9921425366714376,3.6359912872314455,0.524474048614502,,91776
3870,126812160,0.9920658806480175,3.7024654388427733,0.5044779777526855,,91774
3880,127139840,0.9919888558416496,3.6876976013183596,0.5079544067382813,,91765
3890,127467520,0.9919114623165902,3.677186965942383,0.5134994506835937,,91739
3900,127795200,0.9918337001374031,3.7121639251708984,0.5155224323272705,,91741
3910,128122880,0.9917555693689593,3.683156204223633,0.522625732421875,,91772
3920,128450560,0.9916770700764375,3.643269348144531,0.5491044998168946,,91760
3930,128778240,0.9915982023253241,3.7221446990966798,0.5350679397583008,,91744
3940,129105920,0.9915189661814126,3.658129119873047,0.5141161918640137,,91767
3950,129433600,0.9914393617108038,3.6777244567871095,0.5252427577972412,,91775
3960,129761280,0.9913593889799057,3.6541522979736327,0.5205623626708984,,91744
3970,130088960,0.991279048055434,3.647304916381836,0.5486563205718994,,91478
3980,130416640,0.9911983390044108,3.673146057128906,0.5285069942474365,,91739
3990,130744320,0.9911172618941662,3.702394485473633,0.6428533077239991,,91783
4000,131072000,0.9910358167923363,3.6970146179199217,0.545252799987793,,91799
4010,131399680,0.9909540037668652,3.7005748748779297,0.5289629459381103,,91732
4020,131727360,0.9908718228860031,3.6466888427734374,0.5271287441253663,,91714
4030,132055040,0.9907892742183076,3.583837890625,0.5247505187988282,,91772
4040,132382720,0.9907063578326432,3.691433334350586,0.5127919673919678,,91781
4050,132710400,0.9906230737981805,3.6729434967041015,0.5280521869659424,,91716
4060,133038080,0.9905394221843975,3.6064640045166017,0.5202566146850586,,91725
4070,133365760,0.9904554030610785,3.597909927368164,0.5299441337585449,,91746
4080,133693440,0.9903710164983145,3.672900390625,0.5448163986206055,,91729
4090,134021120,0.9902862625665029,3.65908203125,0.5324461936950684,,91793
4100,134348800,0.9902011413363476,3.5991443634033202,0.5282829761505127,,91759
4110,134676480,0.9901156528788592,3.63834228515625,0.5389937877655029,,91760
4120,135004160,0.9900297972653541,3.650997543334961,0.5096958637237549,,91752
4130,135331840,0.9899435745674556,3.7015102386474608,0.5233046531677246,,91726
4140,135659520,0.9898569848570927,3.6235767364501954,0.5250111579895019,,91687
4150,135987200,0.9897700282065011,3.6895820617675783,0.5250229358673095,,91733
4160,136314880,0.9896827046882221,3.5864177703857423,0.5145894527435303,,91711
4170,136642560,0.9895950143751031,3.640402984619141,0.533274507522583,,91749
4180,136970240,0.989506957340298,3.630548858642578,0.5262539386749268,,91808
4190,137297920,0.9894185336572661,3.6069435119628905,0.5025533199310303,,91769
4200,137625600,0.9893297433997728,3.6434226989746095,0.5128350734710694,,91793
4210,137953280,0.9892405866418892,3.6514362335205077,0.5160715579986572,,91770
4220,138280960,0.9891510634579923,3.645655059814453,0.517478084564209,,91693
4230,138608640,0.9890611739227647,3.6473464965820312,0.5205034255981446,,91716
4240,138936320,0.9889709181111945,3.6986263275146483,0.5258867263793945,,91747
4250,139264000,0.9888802960985755,3.7093997955322267,0.533267879486084,,91673
4260,139591680,0.988789307960507,3.6807621002197264,0.528484296798706,,91737
4270,139919360,0.9886979537728937,3.6714336395263674,0.5253966331481934,,91776
4280,140247040,0.9886062336119457,3.642652130126953,0.5228653907775879,,91647
4290,140574720,0.9885141475541782,3.642222595214844,0.5224684238433838,,91779
4300,140902400,0.9884216956764118,3.5755855560302736,0.5261423587799072,,91731
4310,141230080,0.9883288780557725,3.627965545654297,0.5942103385925293,,91764
4320,141557760,0.9882356947696911,3.6296905517578124,0.5276263236999512,,91713
4330,141885440,0.9881421458959034,3.586444091796875,0.5533965587615967,,91715
4340,142213120,0.9880482315124505,3.6171279907226563,0.5201889038085937,,91764
4350,142540800,0.9879539516976781,3.6539180755615233,0.5218291282653809,,91734
4360,142868480,0.987859306530237,3.6091854095458986,0.558670949935913,,91785
4370,143196160,0.9877642960890827,3.6939624786376952,0.5318943977355957,,91770
4380,143523840,0.9876689204534753,3.6653892517089846,0.5277475833892822,,91808
4390,143851520,0.9875731797029796,3.5811405181884766,0.5228267669677734,,91761
4400,144179200,0.9874770739174653,3.6809410095214843,0.5180365085601807,,91773
4410,144506880,0.9873806031771062,3.6690391540527343,0.5330750942230225,,91750
4420,144834560,0.9872837675623807,3.5752567291259765,0.517929220199585,,91744
4430,145162240,0.9871865671540717,3.6273216247558593,0.5281999588012696,,91743
4440,145489920,0.9870890020332661,3.5524150848388674,0.5061459541320801,,91756
4450,145817600,0.9869910722813556,3.676315689086914,0.5229572296142578,,91776
4460,146145280,0.9868927779800355,3.600168991088867,0.5307447910308838,,91783
4470,146472960,0.9867941192113058,3.664849853515625,0.5152379512786865,,91801
4480,146800640,0.9866950960574699,3.6760902404785156,0.5272573947906494,,91739
4490,147128320,0.9865957086011355,3.6360042572021483,0.5191682815551758,,91648
4500,147456000,0.9864959569252146,3.591357421875,0.5192711830139161,,91734
4510,147783680,0.9863958411129223,3.6067481994628907,0.5177112579345703,,91732
4520,148111360,0.9862953612477781,3.650470733642578,0.5373519897460938,,91705
4530,148439040,0.9861945174136046,3.6401512145996096,0.5424939155578613,,91783
4540,148766720,0.9860933096945287,3.6700599670410154,0.5310792922973633,,91769
4550,149094400,0.9859917381749805,3.6511791229248045,0.5133279323577881,,91771
4560,149422080,0.9858898029396934,3.663535308837891,0.5270956039428711,,91779
4570,149749760,0.9857875040737046,3.6984718322753904,0.5289431095123291,,91718
4580,150077440,0.9856848416623545,3.5836769104003907,0.5187291622161865,,91574
4590,150405120,0.9855818157912867,3.5861392974853517,0.5172677040100098,,91752
4600,150732800,0.9854784265464481,3.598471832275391,0.5171630382537842,,91744
4610,151060480,0.9853746740140888,3.5889049530029298,0.5170267581939697,,91768
4620,151388160,0.9852705582807618,3.6695938110351562,0.5106856346130371,,91726
4630,151715840,0.9851660794333232,3.574991989135742,0.5216446399688721,,91740
4640,152043520,0.9850612375589322,3.6082061767578124,0.5225255966186524,,91793
4650,152371200,0.9849560327450503,3.6301937103271484,0.5194130897521972,,91727
4660,152698880,0.9848504650794421,3.629724884033203,0.5186205863952636,,91737
4670,153026560,0.9847445346501752,3.610477066040039,0.5126116752624512,,91727
4680,153354240,0.9846382415456194,3.5898948669433595,0.5179912090301514,,91719
4690,153681920,0.9845315858544472,3.521787643432617,0.5235971450805664,,91778
4700,154009600,0.9844245676656336,3.561314010620117,0.5140490531921387,,91748
4710,154337280,0.984317187068456,3.5561866760253906,0.5128289699554444,,91809
4720,154664960,0.984209444152494,3.6943233489990233,0.5297604084014893,,91738
4730,154992640,0.9841013390076296,3.550480270385742,0.5089924812316895,,91779
4740,155320320,0.983992871724047,3.6054122924804686,0.5159418106079101,,91790
4750,155648000,0.9838840423922325,3.629053497314453,0.5239908218383789,,91730
4760,155975680,0.9837748511029744,3.601937103271484,0.5254778861999512,,91731
4770,156303360,0.9836652979473626,3.618942642211914,0.5246350288391113,,91729
4780,156631040,0.9835553830167896,3.672311019897461,0.5286111831665039,,91762
4790,156958720,0.9834451064029491,3.609132766723633,0.5196636199951172,,91720
4800,157286400,0.9833344681978369,3.6714351654052733,0.5202486038208007,,91762
4810,157614080,0.9832234684937502,3.5869598388671875,0.5367374897003174,,91666
4820,157941760,0.9831121073832878,3.5875415802001953,0.5295017719268799,,91721
4830,158269440,0.9830003849593503,3.568667984008789,0.5243878364562988,,91763
4840,158597120,0.9828883013151392,3.6270263671875,0.5238136768341064,,91766
4850,158924800,0.9827758565441577,3.5875320434570312,0.5172999382019043,,91744
4860,159252480,0.9826630507402102,3.5966567993164062,0.5191659450531005,,91718
4870,159580160,0.9825498839974023,3.5888595581054688,0.5131442070007324,,91712
4880,159907840,0.9824363564101406,3.5970104217529295,0.5156124114990235,,91808
4890,160235520,0.9823224680731328,3.5951366424560547,0.5290391445159912,,91656
4900,160563200,0.9822082190813876,3.579522705078125,0.5102813720703125,,91759
4910,160890880,0.9820936095302145,3.5968788146972654,0.5251862049102783,,91772
4920,161218560,0.9819786395152236,3.598863983154297,0.5212467670440674,,91785
4930,161546240,0.9818633091323262,3.5602481842041014,0.523960542678833,,91727
4940,161873920,0.9817476184777337,3.598589324951172,0.5314336299896241,,91764
4950,162201600,0.9816315676479584,3.6178657531738283,0.5416683673858642,,91763
4960,162529280,0.9815151567398128,3.6216888427734375,0.5423809051513672,,91751
4970,162856960,0.9813983858504101,3.642828369140625,0.5391548633575439,,91748
4980,163184640,0.9812812550771636,3.604022979736328,0.5247589588165283,,91779
4990,163512320,0.9811637645177868,3.5887115478515623,0.5162740230560303,,91791
5000,163840000,0.9810459142702934,3.6101058959960937,0.5024069309234619,,91774
5010,164167680,0.9809277044329971,3.586740493774414,0.5110466003417968,,91786
5020,164495360,0.980809135104512,3.557035446166992,0.5068896770477295,,91764
5030,164823040,0.9806902063837513,3.5662269592285156,0.5259522914886474,,91733
5040,165150720,0.9805709183699287,3.6366092681884767,0.5405982494354248,,91718
5050,165478400,0.9804512711625574,3.631130599975586,0.5189560890197754,,91790
5060,165806080,0.9803312648614501,3.6032173156738283,0.5180059432983398,,91819
5070,166133760,0.9802108995667191,3.5185192108154295,0.5205989837646484,,91728
5080,166461440,0.9800901753787767,3.542612838745117,0.5136646270751953,,91765
5090,166789120,0.979969092398334,3.5320438385009765,0.512450885772705,,91792
5100,167116800,0.9798476507264015,3.5325038909912108,0.5198566913604736,,91759
5110,167444480,0.9797258504642888,3.6217884063720702,0.5252773284912109,,91733
5120,167772160,0.9796036917136054,3.610185241699219,0.5234866142272949,,91749
5130,168099840,0.9794811745762589,3.5787384033203127,0.5106255054473877,,91691
5140,168427520,0.9793582991544567,3.550354766845703,0.5068844795227051,,91744
5150,168755200,0.9792350655507043,3.5332984924316406,0.5244489669799804,,91771
5160,169082880,0.9791114738678066,3.6044391632080077,0.5225791454315185,,91758
5170,169410560,0.978987524208867,3.5586917877197264,0.5132205963134766,,91763
5180,169738240,0.9788632166772876,3.5394912719726563,0.5187040805816651,,91707
5190,170065920,0.9787385513767689,3.5701908111572265,0.535392427444458,,91430
5200,170393600,0.9786135284113101,3.5630645751953125,0.5469769477844239,,91704
5210,170721280,0.9784881478852085,3.6461658477783203,0.5204063892364502,,91755
5220,171048960,0.9783624099030599,3.5471778869628907,0.5160411834716797,,91773
5230,171376640,0.9782363145697581,3.5241390228271485,0.5079062938690185,,91737
5240,171704320,0.9781098619904954,3.569563293457031,0.5146832942962647,,91720
5250,172032000,0.9779830522707617,3.6086894989013674,0.5803740501403809,,91706
5260,172359680,0.9778558855163448,3.553213882446289,0.5211252689361572,,91758
5270,172687360,0.9777283618333309,3.534255599975586,0.511644697189331,,91751
5280,173015040,0.9776004813281033,3.5148616790771485,0.5285782814025879,,91773
5290,173342720,0.9774722441073435,3.5364395141601563,0.5201534748077392,,91688
5300,173670400,0.97734365027803,3.5280521392822264,0.526228952407837,,91697
5310,173998080,0.9772146999474397,3.5696361541748045,0.5132966041564941,,91789
5320,174325760,0.9770853932231459,3.544777679443359,0.5058548927307129,,91725
5330,174653440,0.9769557302130197,3.5800827026367186,0.5273782730102539,,91749
5340,174981120,0.9768257110252297,3.535841369628906,0.509016752243042,,91771
5350,175308800,0.976695335768241,3.519887924194336,0.5121626853942871,,91740
5360,175636480,0.9765646045508162,3.5686134338378905,0.5108100891113281,,91714
5370,175964160,0.9764335174820146,3.5845363616943358,0.49896512031555174,,91716
5380,176291840,0.9763020746711925,3.5236885070800783,0.5232334613800049,,91723
5390,176619520,0.9761702762280028,3.5756900787353514,0.5373978614807129,,91704
5400,176947200,0.9760381222623956,3.5377857208251955,0.5320181846618652,,91752
5410,177274880,0.975905612884617,3.4950695037841797,0.5390759944915772,,91736
5420,177602560,0.9757727482052098,3.5750232696533204,0.5397444248199463,,91789
5430,177930240,0.975639528335013,3.49334602355957,0.538084602355957,,91772
5440,178257920,0.9755059533851624,3.522690200805664,0.5396971702575684,,91758
5450,178585600,0.9753720234670896,3.5651981353759767,0.5537927150726318,,91732
5460,178913280,0.9752377386925226,3.515485382080078,0.5089152336120606,,91719
5470,179240960,0.975103099173485,3.5251720428466795,0.5087809562683105,,91689
5480,179568640,0.9749681050222967,3.519331359863281,0.5282140254974366,,91758
5490,179896320,0.9748327563515735,3.4762409210205076,0.5234899044036865,,91783
5500,180224000,0.974697053274227,3.5329010009765627,0.5237209320068359,,91723
5510,180551680,0.9745609959034636,3.59388427734375,0.5175100326538086,,91769
5520,180879360,0.9744245843527864,3.6059783935546874,0.5182171821594238,,91735
5530,181207040,0.9742878187359936,3.54464111328125,0.5626441955566406,,91723
5540,181534720,0.9741506991671783,3.5465766906738283,0.5208084583282471,,91749
5550,181862400,0.9740132257607296,3.4978477478027346,0.5096911430358887,,91746
5560,182190080,0.9738753986313311,3.6050769805908205,0.5294689178466797,,91763
5570,182517760,0.9737372178939618,3.538669204711914,0.5405479431152344,,91751
5580,182845440,0.9735986836638962,3.5343791961669924,0.5257682800292969,,91741
5590,183173120,0.9734597960567025,3.5732311248779296,0.5783039093017578,,91807
5600,183500800,0.9733205551882449,3.548226165771484,0.5471302986145019,,91769
5610,183828480,0.9731809611746816,3.555668258666992,0.5229062557220459,,91756
5620,184156160,0.9730410141324655,3.5072139739990233,0.5442555904388428,,91707
5630,184483840,0.9729007141783441,3.4517574310302734,0.5231276512145996,,91739
5640,184811520,0.9727600614293594,3.540174865722656,0.5297149658203125,,91716
5650,185139200,0.9726190560028476,3.6042884826660155,0.5411388874053955,,91701
5660,185466880,0.9724776980164392,3.541716384887695,0.5194472312927246,,91732
5670,185794560,0.9723359875880585,3.5529693603515624,0.5382047176361084,,91768
5680,186122240,0.9721939248359244,3.524737548828125,0.5149426460266113,,91712
5690,186449920,0.9720515098785489,3.5849884033203123,0.5312790393829345,,91775
5700,186777600,0.9719087428347386,3.5594276428222655,0.5304946899414062,,91754
5710,187105280,0.9717656238235937,3.499799346923828,0.5509849548339844,,91754
5720,187432960,0.9716221529645074,3.548047637939453,0.5269237518310547,,91725
5730,187760640,0.971478330377167,3.5497806549072264,0.5386440753936768,,91745
5740,188088320,0.9713341561815534,3.501760482788086,0.555903959274292,,91754
5750,188416000,0.9711896304979399,3.5714744567871093,0.5350861072540283,,91785
5760,188743680,0.971044753446894,3.5151458740234376,0.5234046459197998,,91730
5770,189071360,0.970899525149276,3.5531116485595704,0.5176359176635742,,91777
5780,189399040,0.970753945726239,3.5428558349609376,0.5255163192749024,,91777
5790,189726720,0.9706080152992291,3.561311721801758,0.5199644088745117,,91756
5800,190054400,0.9704617339899855,3.5179264068603517,0.5103086471557617,,91519
5810,190382080,0.9703151019205398,3.5610862731933595,0.5276309490203858,,91756
5820,190709760,0.9701681192132162,3.4611785888671873,0.552444314956665,,91693
5830,191037440,0.9700207859906316,3.5552509307861326,0.5354889869689942,,91751
5840,191365120,0.9698731023756954,3.525570297241211,0.527003812789917,,91800
5850,191692800,0.9697250684916089,3.5418621063232423,0.5467766761779785,,91776
5860,192020480,0.969576684461866,3.499945068359375,0.5458359241485595,,91784
5870,192348160,0.9694279504102525,3.5863990783691406,0.5251104831695557,,91734
5880,192675840,0.9692788664608463,3.585480880737305,0.5523309230804443,,91723
5890,193003520,0.969129432738017,3.537223052978516,0.5174243927001954,,91748
5900,193331200,0.9689796493664262,3.5771194458007813,0.5451847076416015,,91731
5910,193658880,0.9688295164710273,3.560775375366211,0.5422677993774414,,91756
5920,193986560,0.9686790341770648,3.5221279144287108,0.5294905662536621,,91734
5930,194314240,0.9685282026100752,3.5015357971191405,0.5271603107452393,,91798
5940,194641920,0.9683770218958859,3.5177543640136717,0.5160610198974609,,91770
5950,194969600,0.9682254921606162,3.533924865722656,0.5125816822052002,,91782
5960,195297280,0.9680736135306758,3.5032417297363283,0.5402690887451171,,91718
5970,195624960,0.967921386132766,3.514192581176758,0.5280975818634033,,91724
5980,195952640,0.9677688100938788,3.462759017944336,0.5127931118011475,,91713
5990,196280320,0.9676158855412974,3.4910747528076174,0.5139171600341796,,91716
6000,196608000,0.9674626126025951,3.483425521850586,0.5126399517059326,,91728
6010,196935680,0.9673089914056364,3.4541282653808594,0.5116609573364258,,91698
6020,197263360,0.9671550220785762,3.5410316467285154,0.5394148826599121,,91712
6030,197591040,0.9670007047498596,3.477103042602539,0.5294118881225586,,91797
6040,197918720,0.9668460395482221,3.4961414337158203,0.5253479957580567,,91714
6050,198246400,0.9666910266026898,3.5316913604736326,0.5347181797027588,,91777
6060,198574080,0.9665356660425781,3.5219783782958984,0.5235940933227539,,91770
6070,198901760,0.9663799579974933,3.5438079833984375,0.5359190940856934,,91727
6080,199229440,0.9662239025973309,3.5467994689941404,0.5212908267974854,,91729
6090,199557120,0.9660674999722765,3.4711940765380858,0.5117897510528564,,91755
6100,199884800,0.965910750252805,3.542329788208008,0.51725172996521,,91728
6110,200212480,0.9657536535696816,3.487596130371094,0.5226677417755127,,91664
6120,200540160,0.96559621005396,3.4544818878173826,0.5181423664093018,,91760
6130,200867840,0.965438419836984,3.5260643005371093,0.528352165222168,,91770
6140,201195520,0.9652802830503863,3.5169452667236327,0.5297926902770996,,91742
6150,201523200,0.9651217998260886,3.456401062011719,0.5434290885925293,,91725
6160,201850880,0.9649629702963018,3.544758605957031,0.5127089977264404,,91707
6170,202178560,0.964803794593526,3.5899444580078126,0.5183883666992187,,91790
6180,202506240,0.9646442728505492,3.497691345214844,0.5422849655151367,,91705
6190,202833920,0.964484405200449,3.5688167572021485,0.5413622856140137,,91771
6200,203161600,0.9643241917765911,3.4947315216064454,0.539294958114624,,91739
6210,203489280,0.9641636327126297,3.4927215576171875,0.5147861957550048,,91745
6220,203816960,0.9640027281425073,3.4711719512939454,0.527039623260498,,91723
6230,204144640,0.963841478200455,3.512560272216797,0.5236282348632812,,91755
6240,204472320,0.9636798830209914,3.565015411376953,0.5347246646881103,,91717
6250,204800000,0.9635179427389235,3.4644927978515625,0.5170217514038086,,91705
6260,205127680,0.9633556574893463,3.532849884033203,0.5241234779357911,,91744
6270,205455360,0.9631930274076425,3.5688709259033202,0.5324512958526612,,91742
6280,205783040,0.9630300526294818,3.5468318939208983,0.5216543197631835,,91733
6290,206110720,0.9628667332908226,3.54443244934082,0.5378545761108399,,91760
6300,206438400,0.9627030695279101,3.497857666015625,0.5310721874237061,,91750
6310,206766080,0.9625390614772766,3.5592624664306642,0.5402049064636231,,91775
6320,207093760,0.9623747092757422,3.471770477294922,0.532942247390747,,91763
6330,207421440,0.9622100130604138,3.4243633270263674,0.527082872390747,,91726
6340,207749120,0.9620449729686852,3.504808044433594,0.5155630111694336,,91714
6350,208076800,0.961879589138237,3.5234611511230467,0.5218249320983886,,91704
6360,208404480,0.9617138617070371,3.472899627685547,0.5202312469482422,,91757
6370,208732160,0.9615477908133395,3.5280555725097655,0.5475448131561279,,91759
6380,209059840,0.9613813765956848,3.470240020751953,0.523016881942749,,91730
6390,209387520,0.9612146191929003,3.5228214263916016,0.510745620727539,,91688
6400,209715200,0.9610475187440993,3.4743892669677736,0.5109784603118896,,91747
6410,210042880,0.9608800753886813,3.487925338745117,0.5187207221984863,,91539
6420,210370560,0.960712289266332,3.4827735900878904,0.5192813396453857,,91663
6430,210698240,0.960544160517023,3.5279979705810547,0.5232589244842529,,91750
6440,211025920,0.9603756892810117,3.5192024230957033,0.531855583190918,,91725
6450,211353600,0.9602068756988412,3.507247543334961,0.527245044708252,,91732
6460,211681280,0.9600377199113402,3.464680862426758,0.530914306640625,,91719
6470,212008960,0.959868222059623,3.4955631256103517,0.5207140445709229,,91676
6480,212336640,0.9596983822850891,3.509790802001953,0.5363692760467529,,91635
6490,212664320,0.9595282007294231,3.4724781036376955,0.5208188533782959,,91678
6500,212992000,0.9593576775345952,3.4769641876220705,0.5278225421905518,,91661
6510,213319680,0.9591868128428602,3.5145713806152346,0.5344582557678222,,91658
6520,213647360,0.9590156067967579,3.4043975830078126,0.5058685302734375,,91663
6530,213975040,0.958844059539113,3.4623931884765624,0.5306361198425293,,91669
6540,214302720,0.9586721712130345,3.4281665802001955,0.5323580741882324,,91605
6550,214630400,0.9584999419619161,3.3927478790283203,0.5155949592590332,,91520
6560,214958080,0.9583273719294364,3.465031051635742,0.5119420051574707,,91602
6570,215285760,0.9581544612595574,3.476842498779297,0.531895637512207,,91586
6580,215613440,0.9579812100965259,3.4706260681152346,0.5083682060241699,,91649
6590,215941120,0.9578076185848725,3.484139633178711,0.5152900218963623,,91561
6600,216268800,0.9576336868694117,3.5073593139648436,0.5281105518341065,,91597
6610,216596480,0.9574594150952422,3.5066566467285156,0.5329149723052978,,91666
6620,216924160,0.9572848034077459,3.4489971160888673,0.5330388069152832,,91609
6630,217251840,0.9571098519525885,3.4545429229736326,0.5524791717529297,,91650
6640,217579520,0.9569345608757189,3.458522415161133,0.5253077030181885,,91504
6650,217907200,0.9567589303233697,3.49622802734375,0.5492557048797607,,91571
6660,218234880,0.9565829604420564,3.531223678588867,0.5520523071289063,,91614
6670,218562560,0.9564066513785778,3.487882614135742,0.5406934261322022,,91592
6680,218890240,0.9562300032800155,3.5271022796630858,0.5432748317718505,,91584
6690,219217920,0.9560530162937341,3.5302711486816407,0.5277109622955323,,91595
6700,219545600,0.9558756905673804,3.4920780181884767,0.5408215522766113,,91607
6710,219873280,0.9556980262488846,3.512950897216797,0.5337099075317383,,91589
6720,220200960,0.9555200234864586,3.4913787841796875,0.5269241333007812,,91596
6730,220528640,0.9553416824285972,3.4888679504394533,0.5381213188171386,,91581
6740,220856320,0.9551630032240772,3.4495025634765626,0.5255092144012451,,91603
6750,221184000,0.9549839860219573,3.5064418792724608,0.53372802734375,,91603
6760,221511680,0.9548046309715784,3.4854549407958983,0.5349381923675537,,91628
6770,221839360,0.9546249382225634,3.4600425720214845,0.5160115242004395,,91618
6780,222167040,0.9544449079248164,3.521532440185547,0.5447359561920166,,91605
6790,222494720,0.9542645402285236,3.437374496459961,0.5297316551208496,,91668
6800,222822400,0.9540838352841522,3.452508544921875,0.5036487579345703,,91628
6810,223150080,0.9539027932424513,3.512035369873047,0.5312333106994629,,91452
6820,223477760,0.9537214142544508,3.4374160766601562,0.5248776912689209,,91570
6830,223805440,0.9535396984714618,3.4496952056884767,0.5281004905700684,,91543
6840,224133120,0.9533576460450764,3.5374076843261717,0.5244951248168945,,91571
6850,224460800,0.9531752571271673,3.500788116455078,0.5445108413696289,,91546
6860,224788480,0.9529925318698885,3.4836891174316404,0.5387053966522217,,91579
6870,225116160,0.952809470425674,3.463603210449219,0.5452497959136963,,91560
6880,225443840,0.9526260729472384,3.4980796813964843,0.56541748046875,,91582
6890,225771520,0.9524423395875767,3.4640392303466796,0.526181697845459,,91545
6900,226099200,0.9522582704999643,3.459522247314453,0.5276815891265869,,91564
6910,226426880,0.9520738658379561,3.505933380126953,0.5245744228363037,,91562
6920,226754560,0.9518891257553874,3.5158504486083983,0.5464777469635009,,91571
6930,227082240,0.9517040504063735,3.5044464111328124,0.542396879196167,,91570
6940,227409920,0.9515186399453088,3.4394863128662108,0.5325934886932373,,91519
6950,227737600,0.9513328945268679,3.508980560302734,0.5293814182281494,,91584
6960,228065280,0.9511468143060041,3.491379165649414,0.5315000057220459,,91586
6970,228392960,0.9509603994379506,3.471842956542969,0.5359395980834961,,91640
6980,228720640,0.9507736500782196,3.5086296081542967,0.5621415615081787,,91573
6990,229048320,0.9505865663826022,3.416831207275391,0.5207696914672851,,91558
7000,229376000,0.9503991485071687,3.4458362579345705,0.5492918014526367,,91587
7010,229703680,0.9502113966082678,3.4399028778076173,0.5287433624267578,,91525
7020,230031360,0.9500233108425271,3.3694107055664064,0.542262077331543,,91533
7030,230359040,0.9498348913668528,3.5269802093505858,0.5524795055389404,,91693
7040,230686720,0.9496461383384294,3.4950977325439454,0.542467451095581,,91666
7050,231014400,0.9494570519147193,3.476516342163086,0.5220113754272461,,91598
7060,231342080,0.9492676322534638,3.4602813720703125,0.531578540802002,,91592
7070,231669760,0.9490778795126813,3.468143844604492,0.5305584907531739,,91545
7080,231997440,0.9488877938506689,3.3972625732421875,0.5225540161132812,,91567
7090,232325120,0.9486973754260007,3.49090690612793,0.5354644775390625,,91581
7100,232652800,0.9485066243975291,3.4305023193359374,0.5263778686523437,,91474
7110,232980480,0.9483155409243832,3.46136589050293,0.5196420669555664,,91572
7120,233308160,0.9481241251659702,3.4748600006103514,0.5082558631896973,,91555
7130,233635840,0.9479323772819741,3.420792007446289,0.5527037143707275,,91542
7140,233963520,0.9477402974323559,3.491535949707031,0.522859525680542,,91528
7150,234291200,0.9475478857773536,3.446092224121094,0.5415724277496338,,91578
7160,234618880,0.9473551424774821,3.4462432861328125,0.5480856418609619,,91566
7170,234946560,0.947162067693533,3.4175651550292967,0.5423810482025146,,91487
7180,235274240,0.9469686615865742,3.419820022583008,0.5334261894226074,,91547
7190,235601920,0.9467749243179502,3.470998001098633,0.5505137920379639,,91523
7200,235929600,0.9465808560492818,3.4858707427978515,0.5435641288757325,,91568
7210,236257280,0.9463864569424657,3.5009624481201174,0.5387214183807373,,91541
7220,236584960,0.9461917271596749,3.4786869049072267,0.5391335487365723,,91597
7230,236912640,0.945996666863358,3.4868675231933595,0.5325944900512696,,91553
7240,237240320,0.9458012762162393,3.5021335601806642,0.5433915138244629,,91500
7250,237568000,0.9456055553813191,3.505031204223633,0.5419717311859131,,91504
7260,237895680,0.9454095045218724,3.477692413330078,0.5343985080718994,,91528
7270,238223360,0.9452131238014505,3.537497711181641,0.5383462905883789,,91503
7280,238551040,0.9450164133838789,3.5483089447021485,0.530034875869751,,91521
7290,238878720,0.9448193734332587,3.4477081298828125,0.5396910190582276,,91513
7300,239206400,0.9446220041139659,3.476795196533203,0.538714599609375,,91458
7310,239534080,0.9444243055906512,3.42122802734375,0.5355518341064454,,91476
7320,239861760,0.9442262780282398,3.399202346801758,0.5273261070251465,,91539
7330,240189440,0.9440279215919314,3.4801544189453124,0.5527531623840332,,91547
7340,240517120,0.9438292364472002,3.397225189208984,0.5599883556365967,,91603
7350,240844800,0.9436302227597946,3.5425083160400392,0.5529237747192383,,91558
7360,241172480,0.943430880695737,3.445529556274414,0.5338510036468506,,91515
7370,241500160,0.943231210421324,3.4486236572265625,0.5526015281677246,,91555
7380,241827840,0.9430312121031253,3.4271255493164063,0.5338687419891357,,91518
7390,242155520,0.9428308859079851,3.44262580871582,0.5440220832824707,,91524
7400,242483200,0.9426302320030209,3.451935577392578,0.5598412036895752,,91622
7410,242810880,0.942429250555623,3.4708396911621096,0.5412270545959472,,91514
7420,243138560,0.9422279417334556,3.4119354248046876,0.5334268569946289,,91471
7430,243466240,0.9420263057044559,3.4222679138183594,0.523671007156372,,91503
7440,243793920,0.9418243426368339,3.4691848754882812,0.5437744617462158,,91461
7450,244121600,0.9416220526990724,3.41126708984375,0.5230513572692871,,91426
7460,244449280,0.9414194360599271,3.486071014404297,0.5270553588867187,,91502
7470,244776960,0.9412164928884259,3.4225196838378906,0.5372344493865967,,91552
7480,245104640,0.9410132233538696,3.445071792602539,0.5270507335662842,,91589
7490,245432320,0.9408096276258309,3.425981140136719,0.5292521953582764,,91489
7500,245760000,0.9406057058741545,3.437844467163086,0.5332243919372559,,91481
7510,246087680,0.9404014582689574,3.3710758209228517,0.5425745487213135,,91505
7520,246415360,0.9401968849806283,3.4663246154785154,0.5277520656585694,,91493
7530,246743040,0.9399919861798276,3.4377185821533205,0.5376898288726807,,91455
7540,247070720,0.9397867620374875,3.463579559326172,0.5416898727416992,,91433
7550,247398400,0.9395812127248109,3.5039108276367186,0.5285375595092774,,91460
7560,247726080,0.9393753384132726,3.475984573364258,0.5502988815307617,,91421
7570,248053760,0.9391691392746184,3.503810501098633,0.5361683368682861,,91436
7580,248381440,0.9389626154808651,3.4917369842529298,0.5519018173217773,,91495
7590,248709120,0.9387557672043002,3.5040149688720703,0.540265417098999,,91463
7600,249036800,0.938548594617482,3.4465518951416017,0.5357863426208496,,91510
7610,249364480,0.9383410978932392,3.4564075469970703,0.5354604244232177,,91460
7620,249692160,0.938133277204671,3.434177017211914,0.5337687015533448,,91478
7630,250019840,0.9379251327251469,3.4768062591552735,0.5265271663665771,,91402
7640,250347520,0.9377166646283066,3.4876785278320312,0.531537389755249,,91553
7650,250675200,0.9375078730880595,3.4594764709472656,0.5496175289154053,,91523
7660,251002880,0.937298758278585,3.4167106628417967,0.5390535354614258,,91513
7670,251330560,0.9370893203743322,3.459708404541016,0.535293436050415,,91500
7680,251658240,0.9368795595500197,3.4013710021972656,0.5596878051757812,,91457
7690,251985920,0.9366694759806354,3.469850540161133,0.5974313735961914,,91538
7700,252313600,0.9364590698414367,3.4470947265625,0.5733425617218018,,91473
7710,252641280,0.9362483413079498,3.4583736419677735,0.5408090114593506,,91524
7720,252968960,0.9360372905559697,3.498635482788086,0.5300899505615234,,91526
7730,253296640,0.935825917761561,3.4663440704345705,0.5428467750549316,,91500
7740,253624320,0.9356142231010561,3.443914794921875,0.54035325050354,,91493
7750,253952000,0.9354022067510563,3.385594940185547,0.564439058303833,,91482
7760,254279680,0.9351898688884311,3.423421859741211,0.5388175010681152,,91450
7770,254607360,0.9349772096903186,3.5021282196044923,0.5426514625549317,,91500
7780,254935040,0.9347642293341244,3.4066387176513673,0.5402849674224853,,91466
7790,255262720,0.9345509279975223,3.4293777465820314,0.5373244285583496,,91457
7800,255590400,0.9343373058584541,3.443999481201172,0.5373682975769043,,91451
7810,255918080,0.9341233630951287,3.4437049865722655,0.5350849151611328,,91431
7820,256245760,0.9339090998860229,3.5096176147460936,0.544198751449585,,91497
7830,256573440,0.9336945164098808,3.3729827880859373,0.5400400161743164,,91463
7840,256901120,0.9334796128457132,3.4168773651123048,0.5353457450866699,,91465
7850,257228800,0.9332643893727989,3.432047653198242,0.5455345153808594,,91580
7860,257556480,0.9330488461706824,3.418244552612305,0.5447296142578125,,91499
7870,257884160,0.9328329834191756,3.4694828033447265,0.5381439685821533,,91494
7880,258211840,0.9326168012983571,3.3950454711914064,0.5276131629943848,,91466
7890,258539520,0.9324002999885715,3.4482654571533202,0.5555896282196044,,91444
7900,258867200,0.9321834796704299,3.446798324584961,0.5361893653869629,,91519
7910,259194880,0.9319663405248095,3.4480690002441405,0.5416572570800782,,91495
7920,259522560,0.9317488827328536,3.442362976074219,0.5400214672088623,,91523
7930,259850240,0.931531106475971,3.5084808349609373,0.5453539371490479,,91543
7940,260177920,0.9313130119358365,3.473461151123047,0.5388690948486328,,91576
7950,260505600,0.9310945992943901,3.4724559783935547,0.5315546512603759,,91528
7960,260833280,0.9308758687338377,3.450914001464844,0.531678295135498,,91487
7970,261160960,0.9306568204366495,3.467498016357422,0.5350260734558105,,91461
7980,261488640,0.9304374545855619,3.3992893218994142,0.5418985843658447,,91395
7990,261816320,0.9302177713635754,3.3942939758300783,0.5317184925079346,,91452
8000,262144000,0.9299977709539555,3.339397430419922,0.5386968135833741,,91514
8010,262471680,0.9297774535402322,3.425479507446289,0.5577157020568848,,91521
8020,262799360,0.9295568193062004,3.3755237579345705,0.5339265823364258,,91520
8030,263127040,0.9293358684359186,3.44067497253418,0.5554691791534424,,91461
8040,263454720,0.92911460111371,3.4262489318847655,0.625974464416504,,91467
8050,263782400,0.9288930175241618,3.5024776458740234,0.5421374797821045,,91436
8060,264110080,0.9286711178521243,3.458719253540039,0.5486980438232422,,91480
8070,264437760,0.9284489022827124,3.4504730224609377,0.557673168182373,,91466
8080,264765440,0.9282263710013041,3.412233352661133,0.542592716217041,,91461
8090,265093120,0.9280035241935408,3.3910499572753907,0.5279317378997803,,91505
8100,265420800,0.9277803620453272,3.400789260864258,0.5316740512847901,,91483
8110,265748480,0.927556884742831,3.4271915435791014,0.5224677085876465,,91498
8120,266076160,0.9273330924724827,3.4430423736572267,0.5342471122741699,,91534
8130,266403840,0.9271089854209759,3.459228515625,0.5509994506835938,,91467
8140,266731520,0.9268845637752664,3.4155078887939454,0.5457007884979248,,91514
8150,267059200,0.9266598277225727,3.4466323852539062,0.5428916931152343,,91540
8160,267386880,0.9264347774503755,3.375293731689453,0.537938117980957,,91537
8170,267714560,0.9262094131464176,3.440431594848633,0.5551448345184327,,91561
8180,268042240,0.9259837349987038,3.376521682739258,0.5298726081848144,,91554
8190,268369920,0.9257577431955007,3.383156585693359,0.5420882225036621,,91560
8200,268697600,0.9255314379253369,3.457772064208984,0.532257080078125,,91536
8210,269025280,0.9253048193770017,3.399395751953125,0.543800163269043,,91520
8220,269352960,0.9250778877395467,3.50586051940918,0.5458084106445312,,91532
8230,269680640,0.9248506432022837,3.4608692169189452,0.5432250022888183,,91544
8240,270008320,0.9246230859547866,3.5208053588867188,0.5576667785644531,,91348
8250,270336000,0.9243952161868892,3.4109237670898436,0.529299259185791,,91567
8260,270663680,0.9241670340886867,3.500592803955078,0.5484202861785888,,91547
8270,270991360,0.9239385398505344,3.3988948822021485,0.5343592166900635,,91522
8280,271319040,0.9237097336630485,3.4930824279785155,0.5511342525482178,,91446
8290,271646720,0.9234806157171047,3.4196624755859375,0.5438323497772217,,91498
8300,271974400,0.9232511862038394,3.449776840209961,0.5674140930175782,,91521
8310,272302080,0.9230214453146488,3.455455017089844,0.5418453693389893,,91527
8320,272629760,0.9227913932411886,3.4230876922607423,0.5427761554718018,,91467
8330,272957440,0.9225610301753745,3.44629020690918,0.5512442111968994,,91508
8340,273285120,0.9223303563093811,3.4193130493164063,0.5454235553741456,,91441
8350,273612800,0.9220993718356427,3.393961715698242,0.5394998073577881,,91500
8360,273940480,0.9218680769468528,3.4882720947265624,0.539127254486084,,91557
8370,274268160,0.9216364718359635,3.470272445678711,0.5482813835144043,,91519
8380,274595840,0.9214045566961858,3.4362274169921876,0.5521145820617676,,91478
8390,274923520,0.9211723317209894,3.478707122802734,0.5513347625732422,,91545
8400,275251200,0.9209397971041028,3.4234405517578126,0.5448352813720703,,91475
8410,275578880,0.920706953039512,3.4480709075927733,0.5396518707275391,,91550
8420,275906560,0.9204737997214618,3.3656906127929687,0.5348005294799805,,91526
8430,276234240,0.9202403373444549,3.4627574920654296,0.529545259475708,,91551
8440,276561920,0.9200065661032516,3.3600826263427734,0.5196521282196045,,91502
8450,276889600,0.91977248619287,3.454967498779297,0.5425812244415283,,91564
8460,277217280,0.9195380978085859,3.3939945220947267,0.54716796875,,91532
8470,277544960,0.9193034011459322,3.3531654357910154,0.5511131286621094,,91542
8480,277872640,0.9190683964006986,3.458753204345703,0.5490465641021729,,91514
8490,278200320,0.9188330837689328,3.392654800415039,0.542447566986084,,91470
8500,278528000,0.9185974634469383,3.439496612548828,0.535814905166626,,91518
8510,278855680,0.9183615356312761,3.434447479248047,0.5338737964630127,,91498
8520,279183360,0.9181253005187631,3.4088680267333986,0.5463619232177734,,91518
8530,279511040,0.9178887583064731,3.4503509521484377,0.5615968227386474,,91456
8540,279838720,0.9176519091917353,3.488250732421875,0.5445318222045898,,91521
8550,280166400,0.9174147533721362,3.410725784301758,0.5277971267700196,,91564
8560,280494080,0.9171772910455168,3.4418087005615234,0.542346715927124,,91589
8570,280821760,0.9169395224099746,3.460771179199219,0.5563220500946044,,91520
8580,281149440,0.9167014476638624,3.455699157714844,0.5570522308349609,,91577
8590,281477120,0.9164630670057886,3.445615768432617,0.5455437660217285,,91521
8600,281804800,0.9162243806346162,3.4479103088378906,0.5483168601989746,,91482
8610,282132480,0.915985388749464,3.3839839935302733,0.5589869022369385,,91533
8620,282460160,0.915746091549705,3.4476951599121093,0.5640959739685059,,91528
8630,282787840,0.9155064892349675,3.4530773162841797,0.5527859687805176,,91574
8640,283115520,0.9152665820051338,3.438328170776367,0.5501727104187012,,91533
8650,283443200,0.9150263700603407,3.4444812774658202,0.5371894359588623,,91527
8660,283770880,0.9147858536009796,3.3645885467529295,0.5476843833923339,,91520
8670,284098560,0.9145450328276956,3.3803497314453126,0.5900321006774902,,91561
8680,284426240,0.9143039079413876,3.3902931213378906,0.5608335971832276,,91548
8690,284753920,0.9140624791432083,3.3404537200927735,0.5510074615478515,,91568
8700,285081600,0.9138207466345637,3.399121856689453,0.5417712211608887,,91601
8710,285409280,0.9135787106171139,3.4322147369384766,0.5524497985839844,,91549
8720,285736960,0.9133363712927716,3.435616683959961,0.5481797218322754,,91630
8730,286064640,0.9130937288637021,3.4368526458740236,0.5593813419342041,,91586
8740,286392320,0.9128507835323245,3.445973587036133,0.5622532367706299,,91540
8750,286720000,0.9126075355013102,3.392210006713867,0.541846752166748,,91493
8760,287047680,0.912363984973583,3.451627731323242,0.5489513397216796,,91422
8770,287375360,0.9121201321523191,3.4422897338867187,0.5408531188964844,,91497
8780,287703040,0.9118759772409468,3.40233154296875,0.5425315856933594,,91527
8790,288030720,0.9116315204431468,3.4038143157958984,0.5417057514190674,,91518
8800,288358400,0.9113867619628512,3.3803726196289063,0.5356362819671631,,91491
8810,288686080,0.9111417020042439,3.427248001098633,0.5534740447998047,,91496
8820,289013760,0.9108963407717605,3.4312667846679688,0.544962739944458,,91490
8830,289341440,0.9106506784700877,3.4432769775390626,0.5469307422637939,,91526
8840,289669120,0.9104047153041632,3.4093597412109373,0.5536123752593994,,91517
8850,289996800,0.9101584514791764,3.4315559387207033,0.5524677276611328,,91403
8860,290324480,0.9099118872005667,3.3869457244873047,0.5496020317077637,,91533
8870,290652160,0.9096650226740246,3.365509796142578,0.5398044586181641,,91588
8880,290979840,0.9094178581054908,3.3860500335693358,0.5463053703308105,,91484
8890,291307520,0.9091703937011567,3.417237091064453,0.5433332920074463,,91505
8900,291635200,0.9089226296674635,3.47106819152832,0.5530338287353516,,91507
8910,291962880,0.9086745662111024,3.3846359252929688,0.545482063293457,,91497
8920,292290560,0.9084262035390145,3.389479064941406,0.5517474174499511,,91503
8930,292618240,0.9081775418583904,3.4400924682617187,0.582905626296997,,91534
8940,292945920,0.9079285813766703,3.4048595428466797,0.559632682800293,,91471
8950,293273600,0.9076793223015434,3.412297821044922,0.5487106323242188,,91602
8960,293601280,0.9074297648409483,3.375505828857422,0.5420380592346191,,91527
8970,293928960,0.9071799092030722,3.3393104553222654,0.5443752765655517,,91577
8980,294256640,0.9069297555963514,3.4385181427001954,0.5527231216430664,,91524
8990,294584320,0.9066793042294705,3.396567535400391,0.5566318988800049,,91491
9000,294912000,0.9064285553113627,3.4467437744140623,0.547078275680542,,91530
9010,295239680,0.9061775090512092,3.4363628387451173,0.5463271617889405,,91515
9020,295567360,0.9059261656584394,3.366849899291992,0.5439013957977294,,91494
9030,295895040,0.9056745253427306,3.36959228515625,0.5584931373596191,,91489
9040,296222720,0.9054225883140078,3.3998607635498046,0.5489067554473877,,91488
9050,296550400,0.9051703547824435,3.336279296875,0.5431567192077636,,91525
9060,296878080,0.9049178249584572,3.4124610900878904,0.5447686672210693,,91485
9070,297205760,0.9046649990527161,3.4444984436035155,0.570244026184082,,91545
9080,297533440,0.9044118772761344,3.4222450256347656,0.5630372524261474,,91514
9090,297861120,0.9041584598398726,3.4471157073974608,0.5590331554412842,,91545
9100,298188800,0.9039047469553383,3.4198318481445313,0.551716423034668,,91541
9110,298516480,0.9036507388341856,3.3521934509277345,0.5571096420288086,,91502
9120,298844160,0.9033964356883145,3.3931678771972655,0.5534730434417725,,91556
9130,299171840,0.9031418377298716,3.3885929107666017,0.5671215534210206,,91513
9140,299499520,0.9028869451712488,3.4342601776123045,0.5483486175537109,,91488
9150,299827200,0.9026317582250845,3.3861602783203124,0.5559332847595215,,91463
9160,300154880,0.9023762771042622,3.4784690856933596,0.5530129432678222,,91508
9170,300482560,0.9021205020219109,3.413657379150391,0.5537493228912354,,91528
9180,300810240,0.9018644331914051,3.428752136230469,0.5566132545471192,,91504
9190,301137920,0.9016080708263638,3.3974456787109375,0.5914458274841309,,91499
9200,301465600,0.9013514151406515,3.397359085083008,0.5670680046081543,,91452
9210,301793280,0.9010944663483771,3.453166961669922,0.5611181259155273,,91434
9220,302120960,0.9008372246638938,3.4398338317871096,0.555753517150879,,91512
9230,302448640,0.9005796903017995,3.3881912231445312,0.538770055770874,,91549
9240,302776320,0.9003218634769361,3.3748207092285156,0.5501636981964111,,91575
9250,303104000,0.9000637444043895,3.468379592895508,0.538731861114502,,91544
9260,303431680,0.8998053332994893,3.3865676879882813,0.554797887802124,,91487
9270,303759360,0.899546630377809,3.3728538513183595,0.5514490604400635,,91554
9280,304087040,0.8992876358551652,3.3495887756347655,0.6289606094360352,,91483
9290,304414720,0.899028349947618,3.4483718872070312,0.5776017665863037,,91505
9300,304742400,0.8987687728714705,3.460373306274414,0.5510544776916504,,91527
9310,305070080,0.8985089048432687,3.3603744506835938,0.557686710357666,,91530
9320,305397760,0.8982487460798013,3.418125534057617,0.5517290592193603,,91561
9330,305725440,0.8979882967980997,3.3583515167236326,0.5552990436553955,,91536
9340,306053120,0.8977275572154372,3.397655487060547,0.5674505233764648,,91593
9350,306380800,0.8974665275493298,3.437639617919922,0.5656527519226074,,91558
9360,306708480,0.8972052080175353,3.435166931152344,0.5722410678863525,,91521
9370,307036160,0.8969435988380533,3.482767105102539,0.5532981872558593,,91567
9380,307363840,0.8966817002291251,3.4086994171142577,0.5574954986572266,,91545
9390,307691520,0.8964195124092332,3.4734142303466795,0.5579917430877686,,91534
9400,308019200,0.8961570355971017,3.3841777801513673,0.5522272109985351,,91529
9410,308346880,0.8958942700116956,3.4628456115722654,0.5714925765991211,,91549
9420,308674560,0.8956312158722208,3.425103759765625,0.5669868469238282,,91534
9430,309002240,0.895367873398124,3.368708038330078,0.5506628513336181,,91665
9440,309329920,0.8951042428090925,3.346251678466797,0.5395637512207031,,91565
9450,309657600,0.8948403243250537,3.395862579345703,0.5493539810180664,,91517
9460,309985280,0.8945761181661752,3.4450298309326173,0.556302547454834,,91487
9470,310312960,0.8943116245528651,3.3970058441162108,0.5547403335571289,,91609
9480,310640640,0.8940468437057706,3.4761260986328124,0.5623534202575684,,91596
9490,310968320,0.8937817758457788,3.3891468048095703,0.5471789836883545,,91643
9500,311296000,0.8935164211940164,3.4120540618896484,0.5508966445922852,,91599
9510,311623680,0.8932507799718492,3.3844017028808593,0.5767545700073242,,91601
9520,311951360,0.892984852400882,3.411037826538086,0.5631606578826904,,91487
9530,312279040,0.8927186387029586,3.447799301147461,0.6201708793640137,,91551
9540,312606720,0.8924521391001614,3.3581165313720702,0.5549814701080322,,91561
9550,312934400,0.8921853538148115,3.4586231231689455,0.5698378086090088,,91594
9560,313262080,0.8919182830694681,3.4358379364013674,0.5597980499267579,,91573
9570,313589760,0.8916509270869284,3.469412612915039,0.5753766536712647,,91616
9580,313917440,0.891383286090228,3.4381649017333986,0.5729979515075684,,91491
9590,314245120,0.89111536030264,3.3892093658447267,0.5669039249420166,,91543
9600,314572800,0.8908471499476752,3.3424224853515625,0.5569613933563232,,91560
9610,314900480,0.8905786552490815,3.334710693359375,0.5507765293121338,,91537
9620,315228160,0.8903098764308445,3.368611526489258,0.5769795417785645,,91568
9630,315555840,0.8900408137171862,3.4759876251220705,0.5579995155334473,,91577
9640,315883520,0.8897714673325662,3.4004730224609374,0.5455342292785644,,91517
9650,316211200,0.8895018375016798,3.3585540771484377,0.5583312034606933,,91550
9660,316538880,0.8892319244494595,3.3916336059570313,0.5483595848083496,,91556
9670,316866560,0.888961728401074,3.379586410522461,0.5434786796569824,,91578
9680,317194240,0.8886912495819278,3.4220630645751955,0.5602640151977539,,91584
9690,317521920,0.8884204882176615,3.4347442626953124,0.5699934959411621,,91576
9700,317849600,0.8881494445341511,3.364242935180664,0.5562735557556152,,91574
9710,318177280,0.8878781187575087,3.3663871765136717,0.5649869441986084,,91503
9720,318504960,0.8876065111140811,3.373384475708008,0.553203535079956,,91533
9730,318832640,0.8873346218304504,3.3978298187255858,0.5659194946289062,,91482
9740,319160320,0.8870624511334342,3.3733314514160155,0.5405447006225585,,91530
9750,319488000,0.8867899992500842,3.369252395629883,0.554187822341919,,91546
9760,319815680,0.8865172664076869,3.4494644165039063,0.5665844917297364,,91552
9770,320143360,0.8862442528337631,3.4261688232421874,0.6634327888488769,,91519
9780,320471040,0.8859709587560679,3.413412857055664,0.5585820198059082,,91670
9790,320798720,0.8856973844025905,3.3850872039794924,0.5489593982696533,,91573
9800,321126400,0.8854235300015538,3.3936172485351563,0.5574676036834717,,91597
9810,321454080,0.8851493957814144,3.4511367797851564,0.5765264987945556,,91569
9820,321781760,0.884874981970862,3.4123908996582033,0.5628337383270263,,91526
9830,322109440,0.8846002887988198,3.4402198791503906,0.5656225204467773,,91536
9840,322437120,0.8843253164944445,3.3673240661621096,0.5525097370147705,,91547
9850,322764800,0.8840500652871246,3.3335502624511717,0.5462015628814697,,91537
9860,323092480,0.8837745354064821,3.438454437255859,0.5706980228424072,,91529
9870,323420160,0.8834987270823714,3.4187397003173827,0.5791614532470704,,91572
9880,323747840,0.8832226405448791,3.3263271331787108,0.5526714324951172,,91548
9890,324075520,0.8829462760243235,3.4077449798583985,0.5666922092437744,,91499
9900,324403200,0.8826696337512553,3.4501567840576173,0.6005313873291016,,91565
9910,324730880,0.8823927139564568,3.4543777465820313,0.5633691787719727,,91492
9920,325058560,0.8821155168709416,3.380077362060547,0.5585098743438721,,91514
9930,325386240,0.8818380427259549,3.3176570892333985,0.5575318336486816,,91524
9940,325713920,0.8815602917529728,3.399027633666992,0.5550374031066895,,91458
9950,326041600,0.8812822641837026,3.331155776977539,0.552769947052002,,91552
9960,326369280,0.8810039602500821,3.3609054565429686,0.563515043258667,,91492
9970,326696960,0.8807253801842796,3.390920639038086,0.5725025653839111,,91553
9980,327024640,0.880446524218694,3.3664424896240233,0.5698318481445312,,91581
9990,327352320,0.8801673925859544,3.413340377807617,0.5575861930847168,,91584
10000,327680000,0.8798879855189198,3.4054943084716798,0.5666642665863038,,91525
10010,328007680,0.8796083032506784,3.389206314086914,0.5618408679962158,,91536
10020,328335360,0.8793283460145489,3.4053001403808594,0.5624950408935547,,91553
10030,328663040,0.879048114044079,3.419717788696289,0.5701500415802002,,91580
10040,328990720,0.8787676075730452,3.3510616302490233,0.571565055847168,,91562
10050,329318400,0.8784868268354536,3.3816860198974608,0.5583205699920655,,91548
10060,329646080,0.878205772065539,3.3840824127197267,0.5418357372283935,,91522
10070,329973760,0.8779244434977643,3.364209747314453,0.5652915477752686,,91452
10080,330301440,0.8776428413668214,3.3694923400878904,0.5843945503234863,,91546
10090,330629120,0.8773609659076302,3.422832489013672,0.6182813167572021,,91525
10100,330956800,0.8770788173553383,3.3742584228515624,0.5641497611999512,,91502
10110,331284480,0.876796395945322,3.4077259063720704,0.5686893939971924,,91489
10120,331612160,0.8765137019131839,3.3988956451416015,0.5648563385009766,,91503
10130,331939840,0.8762307354947554,3.434317398071289,0.5619138717651367,,91476
10140,332267520,0.8759474969260943,3.3975311279296876,0.5492316722869873,,91472
10150,332595200,0.8756639864434855,3.457548904418945,0.5738722324371338,,91474
10160,332922880,0.8753802042834411,3.371514892578125,0.5654510498046875,,91471
10170,333250560,0.8750961506826994,3.441426467895508,0.5631864547729493,,91482
10180,333578240,0.8748118258782254,3.4343048095703126,0.5636858463287353,,91509
10190,333905920,0.8745272301072106,3.409316635131836,0.5719568729400635,,91523
10200,334233600,0.8742423636070719,3.4178997039794923,0.5709643840789795,,91536
10210,334561280,0.8739572266154524,3.353702163696289,0.5609931945800781,,91508
10220,334888960,0.8736718193702211,3.4457466125488283,0.5732119083404541,,91468
10230,335216640,0.8733861421094721,3.41370849609375,0.5773542881011963,,91477
10240,335544320,0.8731001950715248,3.364592361450195,0.5577457904815674,,91491
10250,335872000,0.8728139784949238,3.449954605102539,0.5703895092010498,,91485
10260,336199680,0.8725274926184384,3.4125125885009764,0.569494104385376,,91462
10270,336527360,0.8722407376810628,3.426617431640625,0.5596114158630371,,91475
10280,336855040,0.8719537139220152,3.33023681640625,0.5713039875030518,,91469
10290,337182720,0.8716664215807385,3.341924285888672,0.5697727680206299,,91528
10300,337510400,0.8713788608968996,3.4386928558349608,0.5956295013427735,,91478
10310,337838080,0.8710910321103891,3.383034515380859,0.5691318988800049,,91539
10320,338165760,0.8708029354613211,3.3191341400146483,0.5694733619689941,,91522
10330,338493440,0.8705145711900337,3.3701419830322266,0.5705795764923096,,91512
10340,338821120,0.8702259395370878,3.3831035614013674,0.5567055225372315,,91473
10350,339148800,0.8699370407432674,3.3579666137695314,0.5695060729980469,,91541
10360,339476480,0.8696478750495796,3.3794376373291017,0.5604438781738281,,91489
10370,339804160,0.8693584426972539,3.367336654663086,0.56515474319458,,91491
10380,340131840,0.8690687439277425,3.4384883880615233,0.5646512031555175,,91528
10390,340459520,0.8687787789827196,3.3406230926513674,0.5742079257965088,,91551
10400,340787200,0.8684885481040815,3.3929786682128906,0.5663340091705322,,91527
10410,341114880,0.8681980515339464,3.381201171875,0.5655727386474609,,91521
10420,341442560,0.8679072895146542,3.424846649169922,0.5604896545410156,,91508
10430,341770240,0.8676162622887663,3.3545066833496096,0.5800854682922363,,91501
10440,342097920,0.8673249700990653,3.3717063903808593,0.5831594944000245,,91520
10450,342425600,0.8670334131885545,3.326380157470703,0.5630851745605469,,91540
10460,342753280,0.8667415918004586,3.4227420806884767,0.576719856262207,,91539
10470,343080960,0.8664495061782225,3.393327331542969,0.5630908012390137,,91565
10480,343408640,0.8661571565655116,3.399830627441406,0.5583372116088867,,91489
10490,343736320,0.8658645432062118,3.330032730102539,0.5760012149810791,,91558
10500,344064000,0.8655716663444286,3.4227458953857424,0.56090087890625,,91443
10510,344391680,0.8652785262244879,3.4205253601074217,0.5664446830749512,,91505
10520,344719360,0.8649851230909347,3.3660037994384764,0.5569362640380859,,91496
10530,345047040,0.8646914571885335,3.364412307739258,0.5757462024688721,,91444
10540,345374720,0.864397528762268,3.340030288696289,0.5536173343658447,,91500
10550,345702400,0.8641033380573415,3.391206741333008,0.561620044708252,,91547
10560,346030080,0.863808885319175,3.3699588775634766,0.5719436168670654,,91507
10570,346357760,0.8635141707934091,3.3474040985107423,0.559735107421875,,91565
10580,346685440,0.8632191947259023,3.251285934448242,0.5519739151000976,,91484
10590,347013120,0.8629239573627312,3.4172718048095705,0.5627453804016114,,91481
10600,347340800,0.8626284589501906,3.368069076538086,0.5691900730133057,,91502
10610,347668480,0.8623326997347931,3.4639427185058596,0.5804825305938721,,91453
10620,347996160,0.8620366799632688,3.335590362548828,0.5652243614196777,,91481
10630,348323840,0.8617403998825651,3.3378292083740235,0.5702186584472656,,91451
10640,348651520,0.8614438597398468,3.3849620819091797,0.5830374717712402,,91499
10650,348979200,0.8611470597824952,3.374414825439453,0.5682852745056153,,91482
10660,349306880,0.8608500002581086,3.376235580444336,0.565806245803833,,91450
10670,349634560,0.8605526814145021,3.348812484741211,0.5510436534881592,,91504
10680,349962240,0.8602551034997068,3.4036075592041017,0.5573019027709961,,91388
10690,350289920,0.8599572667619697,3.4157230377197267,0.561857271194458,,91530
10700,350617600,0.8596591714497545,3.3492603302001953,0.6028603076934814,,91505
10710,350945280,0.8593608178117397,3.3708465576171873,0.5764458179473877,,91530
10720,351272960,0.8590622060968199,3.400449752807617,0.5644774913787842,,91560
10730,351600640,0.8587633365541049,3.3740818023681642,0.5867535591125488,,91538
10740,351928320,0.8584642094329193,3.3587764739990233,0.5621516227722168,,91511
10750,352256000,0.858164824982803,3.395885467529297,0.5744471073150634,,91578
10760,352583680,0.8578651834535103,3.3522594451904295,0.5784922122955323,,91495
10770,352911360,0.8575652850950098,3.3416996002197266,0.5666618824005127,,91501
10780,353239040,0.857265130157485,3.368147277832031,0.5633466720581055,,91481
10790,353566720,0.8569647188913326,3.33294677734375,0.5612483978271484,,91451
10800,353894400,0.8566640515471637,3.39526252746582,0.5827083587646484,,91514
10810,354222080,0.8563631283758031,3.4119773864746095,0.5725786685943604,,91396
10820,354549760,0.8560619496282885,3.38875732421875,0.5785838603973389,,91526
10830,354877440,0.8557605155558713,3.368976593017578,0.5699628353118896,,91518
10840,355205120,0.8554588264100156,3.3813671112060546,0.5682238101959228,,91542
10850,355532800,0.8551568824423983,3.3407554626464844,0.5688454627990722,,91515
10860,355860480,0.8548546839049093,3.2975582122802733,0.5765139102935791,,91542
10870,356188160,0.8545522310496502,3.325815963745117,0.571588659286499,,91481
10880,356515840,0.8542495241289353,3.3304893493652346,0.5668305873870849,,91514
10890,356843520,0.8539465633952905,3.3706985473632813,0.5696014404296875,,91452
10900,357171200,0.8536433491014538,3.3517921447753904,0.5861513614654541,,91595
10910,357498880,0.8533398815003743,3.4492942810058596,0.5860145568847657,,91483
10920,357826560,0.8530361608452128,3.343185043334961,0.5602204322814941,,91542
10930,358154240,0.8527321873893409,3.409521484375,0.5757484436035156,,91507
10940,358481920,0.8524279613863411,3.4177619934082033,0.5756996154785157,,91533
10950,358809600,0.8521234830900073,3.4285293579101563,0.5678122997283935,,91449
10960,359137280,0.8518187527543425,3.427580642700195,0.5768747329711914,,91505
10970,359464960,0.8515137706335613,3.440288543701172,0.5851523876190186,,91522
10980,359792640,0.8512085369820874,3.3532024383544923,0.5772022247314453,,91465
10990,360120320,0.8509030520545551,3.332859420776367,0.5701961040496826,,91483
11000,360448000,0.8505973161058078,3.380739212036133,0.5893847465515136,,91592
11010,360775680,0.8502913293908982,3.4533580780029296,0.5754180908203125,,91540
11020,361103360,0.8499850921650886,3.2967967987060547,0.5711830139160157,,91496
11030,361431040,0.8496786046838503,3.336060333251953,0.558490800857544,,91504
11040,361758720,0.8493718672028627,3.4385402679443358,0.5740301609039307,,91504
11050,362086400,0.8490648799780148,3.3591640472412108,0.5683587551116943,,91468
11060,362414080,0.8487576432654033,3.324072265625,0.5757667541503906,,91468
11070,362741760,0.8484501573213328,3.4220611572265627,0.5789492130279541,,91486
11080,363069440,0.8481424224023165,3.3127655029296874,0.5632100105285645,,91426
11090,363397120,0.8478344387650746,3.333405303955078,0.5689616203308105,,91512
11100,363724800,0.8475262066665354,3.322560501098633,0.5871461868286133,,91445
11110,364052480,0.847217726363834,3.356187438964844,0.5695230007171631,,91446
11120,364380160,0.8469089981143129,3.3612274169921874,0.5818544864654541,,91481
11130,364707840,0.8466000221755211,3.397571563720703,0.5743934631347656,,91543
11140,365035520,0.8462907988052147,3.3321918487548827,0.5738291263580322,,91512
11150,365363200,0.8459813282613559,3.2999000549316406,0.6093658447265625,,91434
11160,365690880,0.8456716108021131,3.32147216796875,0.5858255863189697,,91507
11170,366018560,0.8453616466858604,3.3869178771972654,0.5829007148742675,,91498
11180,366346240,0.8450514361711785,3.408914566040039,0.5763859272003173,,91563
11190,366673920,0.8447409795168529,3.4083858489990235,0.5769059658050537,,91525
11200,367001600,0.8444302769818747,3.37266845703125,0.5609701633453369,,91465
11210,367329280,0.8441193288254398,3.3779647827148436,0.5719434738159179,,91468
11220,367656960,0.84380813530695,3.3271236419677734,0.5744157314300538,,91543
11230,367984640,0.8434966966860106,3.3595661163330077,0.5847971916198731,,91518
11240,368312320,0.8431850132224318,3.3074275970458986,0.5782346248626709,,91481
11250,368640000,0.8428730851762285,3.350545120239258,0.568479347229004,,91497
11260,368967680,0.8425609128076188,3.3516586303710936,0.5773255825042725,,91515
11270,369295360,0.8422484963770255,3.4028240203857423,0.5796989917755127,,91527
11280,369623040,0.8419358361450743,3.397445297241211,0.568587064743042,,91466
11290,369950720,0.8416229323725947,3.3446285247802736,0.5773672103881836,,91413
11300,370278400,0.8413097853206191,3.4150680541992187,0.5956111907958984,,91599
11310,370606080,0.8409963952503832,3.377727508544922,0.5967326164245605,,91574
11320,370933760,0.840682762423325,3.375971221923828,0.581242561340332,,91559
11330,371261440,0.840368887101085,3.3955718994140627,0.5838154315948486,,91567
11340,371589120,0.8400547695455068,3.3664344787597655,0.5902564525604248,,91584
11350,371916800,0.8397404100186353,3.307024383544922,0.577064037322998,,91588
11360,372244480,0.8394258087827173,3.351072311401367,0.5661802291870117,,91544
11370,372572160,0.8391109661002014,3.3610301971435548,0.5766022205352783,,91516
11380,372899840,0.8387958822337377,3.417509078979492,0.5802261352539062,,91514
11390,373227520,0.8384805574461777,3.36558837890625,0.5666512012481689,,91498
11400,373555200,0.838164992000573,3.3869178771972654,0.5824647426605225,,91440
11410,373882880,0.8378491861601769,3.247457504272461,0.5579636096954346,,91507
11420,374210560,0.837533140188443,3.4196949005126953,0.5881682395935058,,91540
11430,374538240,0.8372168543490252,3.3057506561279295,0.5741831302642822,,91492
11440,374865920,0.836900328905777,3.376259613037109,0.5823235034942627,,91545
11450,375193600,0.8365835641227527,3.339418411254883,0.5623379230499268,,91532
11460,375521280,0.8362665602642055,3.328781509399414,0.5786813735961914,,91520
11470,375848960,0.8359493175945885,3.370718002319336,0.573696517944336,,91489
11480,376176640,0.8356318363785538,3.365878677368164,0.5715188026428223,,91493
11490,376504320,0.8353141168809524,3.3060436248779297,0.5656738758087159,,91417
11500,376832000,0.8349961593668344,3.3031490325927733,0.5780251026153564,,91499
11510,377159680,0.8346779641014483,3.3424686431884765,0.5751475811004638,,91502
11520,377487360,0.8343595313502408,3.390645980834961,0.5748775959014892,,91549
11530,377815040,0.8340408613788571,3.3786598205566407,0.5837571620941162,,91501
11540,378142720,0.8337219544531397,3.2966636657714843,0.5799190521240234,,91525
11550,378470400,0.8334028108391294,3.284213638305664,0.5748930931091308,,91543
11560,378798080,0.833083430803064,3.3740158081054688,0.5781183242797852,,91488
11570,379125760,0.8327638146113788,3.3551631927490235,0.5784611701965332,,91512
11580,379453440,0.8324439625307062,3.3356937408447265,0.5768627166748047,,91450
11590,379781120,0.8321238748278746,3.2822490692138673,0.5811724662780762,,91530
11600,380108800,0.8318035517699103,3.319039154052734,0.5735422611236572,,91535
11610,380436480,0.8314829936240345,3.4094924926757812,0.5713202476501464,,91589
11620,380764160,0.8311622006576658,3.3212554931640623,0.5855046272277832,,91534
11630,381091840,0.8308411731384178,3.4264266967773436,0.5976008415222168,,91466
11640,381419520,0.8305199113340999,3.267466354370117,0.5800725936889648,,91467
11650,381747200,0.8301984155127174,3.400309753417969,0.5846189975738525,,91442
11660,382074880,0.8298766859424704,3.3293529510498048,0.5732381343841553,,91497
11670,382402560,0.8295547228917544,3.362523651123047,0.5725335597991943,,91528
11680,382730240,0.829232526629159,3.3758193969726564,0.5855704307556152,,91508
11690,383057920,0.8289100974234693,3.2788627624511717,0.5753433227539062,,91468
11700,383385600,0.8285874355436637,3.318707275390625,0.6024375915527344,,91481
11710,383713280,0.8282645412589154,3.3844459533691404,0.5835064888000489,,91525
11720,384040960,0.8279414148385913,3.3778217315673826,0.5866724491119385,,91472
11730,384368640,0.8276180565522518,3.339089202880859,0.5880455017089844,,91508
11740,384696320,0.8272944666696512,3.462965393066406,0.5749804973602295,,91476
11750,385024000,0.8269706454607362,3.3337158203125,0.5774570941925049,,91461
11760,385351680,0.8266465931956473,3.412568283081055,0.5695951461791993,,91489
11770,385679360,0.8263223101447172,3.3613094329833983,0.5948266506195068,,91434
11780,386007040,0.8259977965784715,3.342342758178711,0.5947628974914551,,91484
11790,386334720,0.8256730527676277,3.324001693725586,0.5802605628967286,,91536
11800,386662400,0.8253480789830958,3.40833740234375,0.5870212078094482,,91506
11810,386990080,0.8250228754959773,3.3278404235839845,0.5716192245483398,,91458
11820,387317760,0.8246974425775654,3.4026981353759767,0.5961362361907959,,91460
11830,387645440,0.824371780499345,3.349201202392578,0.593968391418457,,91435
11840,387973120,0.8240458895329921,3.410459518432617,0.5848766803741455,,91428
11850,388300800,0.823719769950373,3.2698936462402344,0.5846354007720947,,91548
11860,388628480,0.8233934220235455,3.3017749786376953,0.5863455295562744,,91475
11870,388956160,0.8230668460247575,3.374277877807617,0.5871861934661865,,91479
11880,389283840,0.8227400422264476,3.3113544464111326,0.5843207836151123,,91488
11890,389611520,0.8224130109012434,3.340377426147461,0.5821256637573242,,91531
11900,389939200,0.8220857523219637,3.3632965087890625,0.5827954769134521,,91357
11910,390266880,0.8217582667616158,3.305485153198242,0.5818672180175781,,91488
11920,390594560,0.8214305544933969,3.3137592315673827,0.5841521739959716,,91464
11930,390922240,0.8211026157906929,3.3586956024169923,0.591051721572876,,91447
11940,391249920,0.8207744509270792,3.3785175323486327,0.5908409595489502,,91459
11950,391577600,0.8204460601763195,3.3658935546875,0.5826623916625977,,91497
11960,391905280,0.8201174438123656,3.3695701599121093,0.5750814437866211,,91497
11970,392232960,0.8197886021093584,3.3594135284423827,0.5818373680114746,,91458
11980,392560640,0.8194595353416261,3.3066783905029298,0.6216040134429932,,91452
11990,392888320,0.8191302437836846,3.2965072631835937,0.5788922309875488,,91465
12000,393216000,0.8188007277102376,3.3821605682373046,0.5864617347717285,,91495
12010,393543680,0.8184709873961764,3.411366653442383,0.6030542850494385,,91430
12020,393871360,0.8181410231165785,3.396968460083008,0.594913101196289,,91481
12030,394199040,0.8178108351467093,3.390837860107422,0.5900555610656738,,91458
12040,394526720,0.81748042376202,3.348074722290039,0.6011406898498535,,91424
12050,394854400,0.8171497892381482,3.349030303955078,0.5808310985565186,,91481
12060,395182080,0.8168189318509183,3.3346527099609373,0.5811699390411377,,91441
12070,395509760,0.8164878518763399,3.340143585205078,0.5923643589019776,,91448
12080,395837440,0.8161565495906087,3.2891143798828124,0.5875110626220703,,91439
12090,396165120,0.8158250252701059,3.336865234375,0.5789505004882812,,91481
12100,396492800,0.8154932791913975,3.3175289154052736,0.5752523422241211,,91412
12110,396820480,0.815161311631235,3.3598915100097657,0.5846788883209229,,91468
12120,397148160,0.8148291228665543,3.3237380981445312,0.5797203063964844,,91462
12130,397475840,0.8144967131744763,3.3506317138671875,0.5884391784667968,,91532
12140,397803520,0.8141640828323053,3.3309982299804686,0.5782758712768554,,91452
12150,398131200,0.8138312321175308,3.408304977416992,0.5989592552185059,,91508
12160,398458880,0.8134981613078252,3.3320518493652345,0.5794599056243896,,91423
12170,398786560,0.813164870681045,3.3206718444824217,0.5794803619384765,,91423
12180,399114240,0.8128313605152303,3.3812820434570314,0.5828773498535156,,91428
12190,399441920,0.8124976310886036,3.315778350830078,0.5962988376617432,,91561
12200,399769600,0.8121636826795711,3.3008663177490236,0.5812160491943359,,91449
12210,400097280,0.811829515566721,3.318510818481445,0.5877911567687988,,91419
12220,400424960,0.8114951300288243,3.371245193481445,0.5871038913726807,,91445
12230,400752640,0.8111605263448344,3.2765357971191404,0.5817702293395997,,91485
12240,401080320,0.8108257047938864,3.358026123046875,0.5827736377716064,,91490
12250,401408000,0.8104906656552969,3.418813705444336,0.60397367477417,,91450
12260,401735680,0.8101554092085649,3.3789852142333983,0.5945728778839111,,91439
12270,402063360,0.8098199357333696,3.3316516876220703,0.5999020099639892,,91397
12280,402391040,0.8094842455095722,3.3187801361083986,0.5923337936401367,,91476
12290,402718720,0.8091483388172139,3.36022834777832,0.5907285690307618,,91473
12300,403046400,0.8088122159365171,3.318182373046875,0.5914464473724366,,91474
12310,403374080,0.8084758771478842,3.3685882568359373,0.5960120677947998,,91481
12320,403701760,0.8081393227318979,3.3560714721679688,0.5996061325073242,,91457
12330,404029440,0.8078025529693208,3.3762367248535154,0.6025399684906005,,91443
12340,404357120,0.8074655681410948,3.373638916015625,0.5917019844055176,,91453
12350,404684800,0.8071283685283418,3.3542243957519533,0.6067187786102295,,91529
12360,405012480,0.8067909544123624,3.314889907836914,0.6097963809967041,,91505
12370,405340160,0.8064533260746363,3.3946041107177733,0.5888126373291016,,91483
12380,405667840,0.8061154837968219,3.3582176208496093,0.5955135345458984,,91405
12390,405995520,0.8057774278607561,3.2972068786621094,0.5872083187103272,,91471
12400,406323200,0.805439158548454,3.313268280029297,0.5808647155761719,,91460
12410,406650880,0.8051006761421089,3.333210754394531,0.5982447147369385,,91494
12420,406978560,0.8047619809240915,3.3827224731445313,0.5934742450714111,,91430
12430,407306240,0.8044230731769502,3.3958641052246095,0.5983800411224365,,91387
12440,407633920,0.8040839531834109,3.286814880371094,0.5731502532958984,,91464
12450,407961600,0.8037446212263762,3.2729938507080076,0.5884636878967285,,91454
12460,408289280,0.8034050775889259,3.382398986816406,0.5849538803100586,,91474
12470,408616960,0.8030653225543161,3.357049560546875,0.597740650177002,,91470
12480,408944640,0.8027253564059795,3.3365970611572267,0.5769766330718994,,91446
12490,409272320,0.8023851794275246,3.354490280151367,0.583869218826294,,91441
12500,409600000,0.802044791902736,3.309267044067383,0.5931277275085449,,91525
12510,409927680,0.8017041941155739,3.3771820068359375,0.5865356922149658,,91331
12520,410255360,0.8013633863501739,3.330558013916016,0.5729114055633545,,91483
12530,410583040,0.8010223688908468,3.3361793518066407,0.5873252391815186,,91450
12540,410910720,0.8006811420220783,3.3590988159179687,0.6998575687408447,,91444
12550,411238400,0.8003397060285288,3.3251789093017576,0.5944382667541503,,91498
12560,411566080,0.7999980611950331,3.3514549255371096,0.6007509708404541,,91441
12570,411893760,0.7996562078066005,3.286241149902344,0.5846885681152344,,91436
12580,412221440,0.7993141461484138,3.3089054107666014,0.5866473197937012,,91452
12590,412549120,0.7989718765058299,3.363740158081055,0.5882682800292969,,91458
12600,412876800,0.7986293991643789,3.3153289794921874,0.5883305549621582,,91464
12610,413204480,0.7982867144097648,3.3124015808105467,0.5857961654663086,,91445
12620,413532160,0.7979438225278639,3.3418899536132813,0.5946673393249512,,91467
12630,413859840,0.7976007238047257,3.3368080139160154,0.6070867061614991,,91458
12640,414187520,0.7972574185265722,3.3784717559814452,0.6110867500305176,,91489
12650,414515200,0.7969139069797976,3.3163787841796877,0.5844853401184082,,91462
12660,414842880,0.7965701894509681,3.3108631134033204,0.5983098983764649,,91496
12670,415170560,0.7962262662268221,3.3988513946533203,0.5973549842834472,,91428
12680,415498240,0.7958821375942693,3.339046096801758,0.5842408657073974,,91404
12690,415825920,0.7955378038403907,3.3315963745117188,0.5849534034729004,,91450
12700,416153600,0.7951932652524388,3.344795989990234,0.589660930633545,,91462
12710,416481280,0.7948485221178365,3.2979793548583984,0.5756401538848877,,91442
12720,416808960,0.7945035747241775,3.3598541259765624,0.5945953845977783,,91422
12730,417136640,0.7941584233592263,3.318721389770508,0.5956168651580811,,91434
12740,417464320,0.793813068310917,3.377499008178711,0.6058782577514649,,91417
12750,417792000,0.7934675098673538,3.3758571624755858,0.6027040481567383,,91432
12760,418119680,0.7931217483168107,3.3088443756103514,0.5917046546936036,,91398
12770,418447360,0.792775783947731,3.3030433654785156,0.5980160713195801,,91405
12780,418775040,0.7924296170487272,3.3053813934326173,0.5967177391052246,,91472
12790,419102720,0.7920832479085809,3.4189098358154295,0.5954789638519287,,91424
12800,419430400,0.7917366768162422,3.345751953125,0.5980701923370362,,91443
12810,419758080,0.7913899040608301,3.290028762817383,0.5784659862518311,,91387
12820,420085760,0.7910429299316311,3.329476547241211,0.5809403419494629,,91394
12830,420413440,0.7906957547181004,3.26292724609375,0.5943296432495118,,91434
12840,420741120,0.7903483787098605,3.3457313537597657,0.5969364643096924,,91493
12850,421068800,0.7900008021967017,3.328985595703125,0.5951035499572754,,91469
12860,421396480,0.7896530254685814,3.345690155029297,0.5993400573730469,,91400
12870,421724160,0.7893050488156241,3.327227783203125,0.5913342952728271,,91427
12880,422051840,0.788956872528121,3.353924560546875,0.597978162765503,,91447
12890,422379520,0.7886084968965298,3.3557975769042967,0.5940733432769776,,91425
12900,422707200,0.7882599222114747,3.276116943359375,0.5803435802459717,,91473
12910,423034880,0.7879111487637458,3.3294525146484375,0.588181447982788,,91433
12920,423362560,0.7875621768442992,3.3551662445068358,0.6048746109008789,,91492
12930,423690240,0.7872130067442562,3.3851112365722655,0.6176459312438964,,91501
12940,424017920,0.7868636387549037,3.308184051513672,0.6005200386047364,,91364
12950,424345600,0.7865140731676938,3.3248580932617187,0.5942455768585205,,91449
12960,424673280,0.786164310274243,3.304184341430664,0.5780484199523925,,91487
12970,425000960,0.7858143503663331,3.3175159454345704,0.5917846202850342,,91470
12980,425328640,0.7854641937359094,3.3503700256347657,0.5941726684570312,,91491
12990,425656320,0.7851138406750818,3.349867248535156,0.607236099243164,,91487
13000,425984000,0.7847632914761244,3.323765182495117,0.6030732154846191,,91388
13010,426311680,0.7844125464314741,3.3477420806884766,0.5911845684051513,,91499
13020,426639360,0.7840616058337317,3.3160221099853517,0.5896955013275147,,91435
13030,426967040,0.7837104699756613,3.3183143615722654,0.5880681037902832,,91434
13040,427294720,0.7833591391501893,3.394871139526367,0.5886996269226075,,91477
13050,427622400,0.7830076136504053,3.3428939819335937,0.6228824138641358,,91544
13060,427950080,0.7826558937695609,3.305131530761719,0.5895822048187256,,91486
13070,428277760,0.7823039798010702,3.3294036865234373,0.599353837966919,,91414
13080,428605440,0.7819518720385091,3.3129100799560547,0.614737606048584,,91505
13090,428933120,0.781599570775615,3.3649227142333986,0.6185165882110596,,91406
13100,429260800,0.7812470763062871,3.282710647583008,0.6035271644592285,,91419
13110,429588480,0.7808943889245852,3.2930057525634764,0.6010958194732666,,91429
13120,429916160,0.7805415089247305,3.285800552368164,0.6041695594787597,,91365
13130,430243840,0.7801884366011047,3.2734508514404297,0.5919632911682129,,91440
13140,430571520,0.77983517224825,3.3018226623535156,0.5864530563354492,,91371
13150,430899200,0.779481716160869,3.3446067810058593,0.603639793395996,,91430
13160,431226880,0.7791280686338237,3.3840263366699217,0.6002691268920899,,91452
13170,431554560,0.7787742299621363,3.344406509399414,0.5841272830963135,,91472
13180,431882240,0.7784202004409883,3.3426513671875,0.618817949295044,,91426
13190,432209920,0.7780659803657204,3.2903675079345702,0.6049056053161621,,91437
13200,432537600,0.7777115700318323,3.292972946166992,0.5865180969238282,,91415
13210,432865280,0.7773569697349824,3.250757598876953,0.5950911045074463,,91438
13220,433192960,0.7770021797709874,3.31810302734375,0.5864200592041016,,91460
13230,433520640,0.7766472004358226,3.3538467407226564,0.6182453155517578,,91421
13240,433848320,0.7762920320256208,3.312955856323242,0.60704345703125,,91461
13250,434176000,0.7759366748366733,3.337946319580078,0.619480037689209,,91429
13260,434503680,0.7755811291654278,3.373973083496094,0.6068931579589844,,91487
13270,434831360,0.7752253953084903,3.316780853271484,0.5956222534179687,,91435
13280,435159040,0.7748694735626229,3.3186885833740236,0.600545072555542,,91446
13290,435486720,0.7745133642247451,3.3200920104980467,0.5952059268951416,,91450
13300,435814400,0.7741570675919327,3.3428749084472655,0.6042099952697754,,91452
13310,436142080,0.7738005839614176,3.3268692016601564,0.6060164451599122,,91545
13320,436469760,0.7734439136305877,3.29638786315918,0.5923902034759522,,91452
13330,436797440,0.7730870568969869,3.3031726837158204,0.5954561710357666,,91427
13340,437125120,0.7727300140583142,3.3918251037597655,0.5911914825439453,,91484
13350,437452800,0.7723727854124244,3.308176803588867,0.6166853427886962,,91447
13360,437780480,0.7720153712573269,3.284820556640625,0.5996249198913575,,91407
13370,438108160,0.7716577718911859,3.3176513671875,0.5971942901611328,,91485
13380,438435840,0.7712999876123201,3.3442230224609375,0.5926968574523925,,91473
13390,438763520,0.7709420187192026,3.3017513275146486,0.588898754119873,,91479
13400,439091200,0.7705838655104604,3.277410888671875,0.6057685375213623,,91418
13410,439418880,0.7702255282848746,3.2839088439941406,0.5930715560913086,,91439
13420,439746560,0.769867007341379,3.315033721923828,0.6045744895935059,,91412
13430,440074240,0.7695083029790616,3.324955368041992,0.6200415134429932,,91353
13440,440401920,0.7691494154971628,3.343125915527344,0.6123837947845459,,91442
13450,440729600,0.7687903451950758,3.3436588287353515,0.6075947761535645,,91483
13460,441057280,0.7684310923723467,3.3094974517822267,0.5988424777984619,,91458
13470,441384960,0.7680716573286737,3.33209114074707,0.6031805038452148,,91394
13480,441712640,0.7677120403639065,3.3420921325683595,0.617711067199707,,91426
13490,442040320,0.7673522417780474,3.3647392272949217,0.6088709831237793,,91423
13500,442368000,0.7669922618712498,3.3019134521484377,0.611056137084961,,91375
13510,442695680,0.7666321009438181,3.3850257873535154,0.6106987953186035,,91394
13520,443023360,0.7662717592962083,3.3515995025634764,0.6064198970794678,,91429
13530,443351040,0.7659112372290265,3.294476318359375,0.5913908958435059,,91407
13540,443678720,0.7655505350430302,3.3509387969970703,0.6093155860900878,,91458
13550,444006400,0.765189653039126,3.2912212371826173,0.5890425682067871,,91445
13560,444334080,0.7648285915183715,3.298379898071289,0.5957104682922363,,91400
13570,444661760,0.7644673507819736,3.3612285614013673,0.5970452785491943,,91416
13580,444989440,0.7641059311312889,3.3708194732666015,0.6022833824157715,,91490
13590,445317120,0.7637443328678228,3.3541210174560545,0.6001979351043701,,91442
13600,445644800,0.7633825562932305,3.2616855621337892,0.579587745666504,,91439
13610,445972480,0.7630206017093152,3.3704944610595704,0.6069115161895752,,91387
13620,446300160,0.7626584694180292,3.343151092529297,0.6208206176757812,,91464
13630,446627840,0.7622961597214722,3.3245475769042967,0.5960091114044189,,91439
13640,446955520,0.7619336729218932,3.4120437622070314,0.6128908157348633,,91404
13650,447283200,0.7615710093216874,3.3572864532470703,0.596898889541626,,91488
13660,447610880,0.761208169223399,3.2735671997070312,0.5893322944641113,,91510
13670,447938560,0.7608451529297183,3.308118438720703,0.6052116394042969,,91439
13680,448266240,0.760481960743483,3.350947952270508,0.6135182857513428,,91425
13690,448593920,0.7601185929676777,3.2963069915771483,0.5965646266937256,,91474
13700,448921600,0.7597550499054333,3.324675750732422,0.5974346160888672,,91496
13710,449249280,0.7593913318600272,3.352394866943359,0.6138693332672119,,91530
13720,449576960,0.7590274391348819,3.2793006896972656,0.5921117782592773,,91458
13730,449904640,0.7586633720335666,3.309871292114258,0.6023240566253663,,91201
13740,450232320,0.7582991308597958,3.368460845947266,0.6001508235931396,,91404
13750,450560000,0.7579347159174289,3.2891029357910155,0.600214672088623,,91499
13760,450887680,0.7575701275104703,3.2811431884765625,0.5954883098602295,,91520
13770,451215360,0.7572053659430693,3.2855899810791014,0.6109074115753174,,91439
13780,451543040,0.7568404315195194,3.2879005432128907,0.5967107772827148,,91422
13790,451870720,0.7564753245442588,3.3697532653808593,0.6017441749572754,,91431
13800,452198400,0.7561100453218691,3.2060367584228517,0.5840403079986572,,91445
13810,452526080,0.7557445941570757,3.3727493286132812,0.5975911617279053,,91470
13820,452853760,0.7553789713547477,3.3037567138671875,0.5923235416412354,,91428
13830,453181440,0.7550131772198974,3.26988525390625,0.6121792793273926,,91451
13840,453509120,0.7546472120576794,3.2951263427734374,0.6010560989379883,,91445
13850,453836800,0.7542810761733918,3.3021636962890626,0.6024681568145752,,91413
13860,454164480,0.7539147698724745,3.309916687011719,0.5970448970794677,,91441
13870,454492160,0.7535482934605101,3.281460189819336,0.6023863792419434,,91407
13880,454819840,0.7531816472432228,3.3569541931152345,0.5975496292114257,,91438
13890,455147520,0.7528148315264782,3.3085750579833983,0.6096580505371094,,91455
13900,455475200,0.7524478466162837,3.291501998901367,0.6068986892700196,,91509
13910,455802880,0.752080692818788,3.3534423828125,0.6194618701934814,,91493
13920,456130560,0.7517133704402801,3.2532230377197267,0.6096680164337158,,91458
13930,456458240,0.75134587978719,3.2770111083984377,0.6117881774902344,,91436
13940,456785920,0.7509782211660883,3.311525344848633,0.6098660469055176,,91362
13950,457113600,0.7506103948836851,3.37703857421875,0.6099918365478516,,91417
13960,457441280,0.750242401246831,3.311400604248047,0.5955737113952637,,91471
13970,457768960,0.7498742405625157,3.2928390502929688,0.6139881610870361,,91325
13980,458096640,0.749505913137869,3.324147033691406,0.6074404239654541,,91351
13990,458424320,0.7491374192801586,3.3783214569091795,0.6002459049224853,,91460
14000,458752000,0.7487687592967922,3.3575870513916017,0.5981915950775146,,91496
14010,459079680,0.7483999334953154,3.296269989013672,0.6094887256622314,,91512
14020,459407360,0.7480309421834127,3.227849578857422,0.5877238273620605,,91453
14030,459735040,0.7476617856689057,3.260784912109375,0.5918144226074219,,91415
14040,460062720,0.7472924642597552,3.2737148284912108,0.6218180179595947,,91340
14050,460390400,0.7469229782640583,3.3046993255615233,0.6160900592803955,,91418
14060,460718080,0.7465533279900499,3.308858871459961,0.6107307434082031,,91491
14070,461045760,0.7461835137461021,3.3074031829833985,0.6021232604980469,,91456
14080,461373440,0.7458135358407237,3.3163055419921874,0.6032382011413574,,91474
14090,461701120,0.7454433945825598,3.3552207946777344,0.604449462890625,,91405
14100,462028800,0.7450730902803921,3.256048583984375,0.6058646202087402,,91439
14110,462356480,0.7447026232431382,3.2803367614746093,0.6070096015930175,,91451
14120,462684160,0.7443319937798512,3.367755126953125,0.6145490169525146,,91408
14130,463011840,0.7439612021997198,3.276356887817383,0.5993158340454101,,91348
14140,463339520,0.7435902488120684,3.359483337402344,0.6099677562713623,,91395
14150,463667200,0.7432191339263561,3.3616256713867188,0.6121071815490723,,91428
14160,463994880,0.7428478578521763,3.3078617095947265,0.6023622035980225,,91467
14170,464322560,0.7424764208992575,3.290210723876953,0.6101349353790283,,91437
14180,464650240,0.742104823377462,3.3302330017089843,0.6013571262359619,,91481
14190,464977920,0.7417330655967863,3.340565490722656,0.6103821754455566,,91414
14200,465305600,0.7413611478673604,3.329203796386719,0.6165174961090087,,91471
14210,465633280,0.7409890704994478,3.3597766876220705,0.6182497024536133,,91474
14220,465960960,0.7406168338034453,3.3227787017822266,0.6078813076019287,,91435
14230,466288640,0.7402444380898826,3.3492595672607424,0.6138975143432617,,91491
14240,466616320,0.7398718836694217,3.296390914916992,0.6190675735473633,,91437
14250,466944000,0.7394991708528575,3.3134742736816407,0.6027910232543945,,91366
14260,467271680,0.7391262999511167,3.300751876831055,0.5966754913330078,,91381
14270,467599360,0.7387532712752579,3.271234130859375,0.6009937286376953,,91404
14280,467927040,0.7383800851364715,3.275752639770508,0.6052261352539062,,91427
14290,468254720,0.7380067418460791,3.373897933959961,0.6041192531585693,,91416
14300,468582400,0.7376332417155336,3.3492713928222657,0.6214426994323731,,91420
14310,468910080,0.7372595850564184,3.2911148071289062,0.6114937782287597,,91481
14320,469237760,0.7368857721804479,3.3098655700683595,0.6002233505249024,,91475
14330,469565440,0.7365118033994666,3.298299789428711,0.6371122360229492,,91408
14340,469893120,0.7361376790254489,3.3121112823486327,0.6136837959289551,,91285
14350,470220800,0.7357633993704991,3.2941864013671873,0.6088032245635986,,91487
14360,470548480,0.7353889647468513,3.2915069580078127,0.6229151248931885,,91475
14370,470876160,0.7350143754668687,3.3346351623535155,0.612073278427124,,91421
14380,471203840,0.7346396318430433,3.2904888153076173,0.6215724945068359,,91484
14390,471531520,0.7342647341879961,3.3409862518310547,0.6216015815734863,,91493
14400,471859200,0.7338896828144766,3.264923095703125,0.6003029823303223,,91442
14410,472186880,0.7335144780353625,3.306692123413086,0.6077639579772949,,91516
14420,472514560,0.7331391201636596,3.3231346130371096,0.6188981533050537,,91480
14430,472842240,0.7327636095125011,3.300680160522461,0.6195248603820801,,91447
14440,473169920,0.7323879463951477,3.2837867736816406,0.618009376525879,,91437
14450,473497600,0.7320121311249879,3.24678955078125,0.6081267356872558,,91425
14460,473825280,0.7316361640155359,3.2840652465820312,0.6028355598449707,,91527
14470,474152960,0.731260045380434,3.2854827880859374,0.6046500682830811,,91381
14480,474480640,0.73088377553345,3.306824493408203,0.6200251579284668,,91395
14490,474808320,0.7305073547884781,3.2880832672119142,0.6107197761535644,,91436
14500,475136000,0.7301307834595383,3.246603775024414,0.6031491756439209,,91454
14510,475463680,0.7297540618607763,3.3785320281982423,0.6236970901489258,,91511
14520,475791360,0.7293771903064631,3.2673828125,0.6028645992279053,,91470
14530,476119040,0.7290001691109949,3.2543140411376954,0.5991854190826416,,91491
14540,476446720,0.7286229985888923,3.2875465393066405,0.6208658695220948,,91481
14550,476774400,0.7282456790548015,3.277635955810547,0.6047680377960205,,91366
14560,477102080,0.727868210823492,3.346281814575195,0.6205175399780274,,91488
14570,477429760,0.7274905942098575,3.259783172607422,0.6124208450317383,,91464
14580,477757440,0.727112829528916,3.318098449707031,0.6105420112609863,,91460
14590,478085120,0.7267349170958086,3.309865188598633,0.6197982788085937,,91471
14600,478412800,0.7263568572257998,3.222539520263672,0.622569465637207,,91469
14610,478740480,0.725978650234277,3.2888885498046876,0.6178435325622559,,91518
14620,479068160,0.7256002964367502,3.2990234375,0.6106063842773437,,91458
14630,479395840,0.7252217961488523,3.308794403076172,0.6090810298919678,,91434
14640,479723520,0.7248431496863381,3.284688186645508,0.6148424625396729,,91463
14650,480051200,0.7244643573650846,3.343091583251953,0.625364351272583,,91320
14660,480378880,0.72408541950109,3.3629112243652344,0.6090652942657471,,91502
14670,480706560,0.7237063364104742,3.3010944366455077,0.6131758213043212,,91507
14680,481034240,0.7233271084094784,3.289406967163086,0.6173376560211181,,91450
14690,481361920,0.7229477358144646,3.2581562042236327,0.6167781352996826,,91464
14700,481689600,0.7225682189419151,3.276370620727539,0.6212120056152344,,91492
14710,482017280,0.7221885581084331,3.3242542266845705,0.6009597778320312,,91520
14720,482344960,0.7218087536307415,3.272955322265625,0.6159543514251709,,91449
14730,482672640,0.7214288058256831,3.2894058227539062,0.6307245254516601,,91457
14740,483000320,0.7210487150102203,3.333443450927734,0.6092670440673829,,91496
14750,483328000,0.720668481501435,3.362198257446289,0.6106799602508545,,91461
14760,483655680,0.7202881056165279,3.3739471435546875,0.6168168544769287,,91488
14770,483983360,0.7199075876728186,3.336802673339844,0.6147255897521973,,91474
14780,484311040,0.7195269279877449,3.3318408966064452,0.6274059295654297,,91436
14790,484638720,0.7191461268788631,3.3262744903564454,0.618887186050415,,91478
14800,484966400,0.7187651846638478,3.3451019287109376,0.6228004932403565,,91440
14810,485294080,0.7183841016604907,3.2734588623046874,0.6136177539825439,,91464
14820,485621760,0.7180028781867014,3.3021209716796873,0.6066512584686279,,91443
14830,485949440,0.7176215145605064,3.337628173828125,0.6183953285217285,,91421
14840,486277120,0.7172400111000492,3.29337158203125,0.6443221092224121,,91448
14850,486604800,0.71685836812359,3.2897762298583983,0.6300651550292968,,91519
14860,486932480,0.7164765859495057,3.2561363220214843,0.6184778690338135,,91450
14870,487260160,0.7160946648962886,3.2721004486083984,0.6065947532653808,,91489
14880,487587840,0.7157126052825473,3.3500907897949217,0.6355227470397949,,91420
14890,487915520,0.7153304074270062,3.319137954711914,0.6185317993164062,,91421
14900,488243200,0.7149480716485044,3.283015823364258,0.616545581817627,,91459
14910,488570880,0.7145655982659967,3.2702083587646484,0.6108636856079102,,91483
14920,488898560,0.7141829875985526,3.297550582885742,0.6232187747955322,,91403
14930,489226240,0.7138002399653556,3.3049854278564452,0.6477816104888916,,91503
14940,489553920,0.713417355685704,3.2658695220947265,0.6017215728759766,,91494
14950,489881600,0.7130343350790096,3.326882171630859,0.6333807468414306,,91216
14960,490209280,0.7126511784647984,3.2803646087646485,0.6182353019714355,,91394
14970,490536960,0.7122678861627099,3.268232727050781,0.6137938022613525,,91413
14980,490864640,0.7118844584924966,3.28248291015625,0.6185297966003418,,91420
14990,491192320,0.7115008957740235,3.287082290649414,0.6153330326080322,,91447
15000,491520000,0.711117198327269,3.283077621459961,0.6412290573120117,,91462
15010,491847680,0.7107333664723237,3.227962875366211,0.6134473323822022,,91459
15020,492175360,0.7103494005293897,3.3485206604003905,0.6223791122436524,,91493
15030,492503040,0.709965300818782,3.30157356262207,0.6140563011169433,,91513
15040,492830720,0.7095810676609263,3.306387710571289,0.6152835845947265,,91492
15050,493158400,0.70919670137636,3.3633804321289062,0.643245792388916,,91548
15060,493486080,0.7088122022857318,3.351094436645508,0.6185132980346679,,91480
15070,493813760,0.7084275707098006,3.330320358276367,0.6184148788452148,,91485
15080,494141440,0.7080428069694362,3.2845096588134766,0.6143854141235352,,91453
15090,494469120,0.7076579113856188,3.321487808227539,0.6320414543151855,,91509
15100,494796800,0.7072728842794382,3.2624431610107423,0.6234142780303955,,91507
15110,495124480,0.7068877259720943,3.356731414794922,0.626895523071289,,91488
15120,495452160,0.706502436784896,3.2824806213378905,0.618442440032959,,91491
15130,495779840,0.7061170170392618,3.291455841064453,0.6192936897277832,,91444
15140,496107520,0.705731467056719,3.247924041748047,0.6019775390625,,91469
15150,496435200,0.7053457871589034,3.26476936340332,0.6060897827148437,,91413
15160,496762880,0.7049599776675591,3.263431167602539,0.6262392044067383,,91517
15170,497090560,0.7045740389045391,3.3017127990722654,0.6167933940887451,,91472
15180,497418240,0.7041879711918029,3.271300506591797,0.6063347339630127,,91470
15190,497745920,0.7038017748514187,3.2740455627441407,0.613807487487793,,91429
15200,498073600,0.7034154502055617,3.3251720428466798,0.6094687938690185,,91437
15210,498401280,0.7030289975765139,3.2317859649658205,0.604158878326416,,91402
15220,498728960,0.7026424172866642,3.238800048828125,0.6162405014038086,,91456
15230,499056640,0.702255709658508,3.266814041137695,0.620521068572998,,91379
15240,499384320,0.7018688750146469,3.2923397064208983,0.6327123641967773,,91466
15250,499712000,0.7014819136777887,3.3132354736328127,0.6287665367126465,,91458
15260,500039680,0.7010948259707466,3.254360580444336,0.6214226245880127,,91306
15270,500367360,0.7007076122164392,3.2836551666259766,0.6161096572875977,,91485
15280,500695040,0.7003202727378904,3.329149627685547,0.6196613311767578,,91465
15290,501022720,0.6999328078582291,3.2896194458007812,0.609628438949585,,91376
15300,501350400,0.6995452179006886,3.316746139526367,0.6128355026245117,,91503
15310,501678080,0.6991575031886065,3.244720458984375,0.6136436462402344,,91479
15320,502005760,0.6987696640454246,3.298287200927734,0.6161056518554687,,91514
15330,502333440,0.6983817007946886,3.262700653076172,0.6240728855133056,,91385
15340,502661120,0.6979936137600475,3.3373828887939454,0.6256223678588867,,91329
15350,502988800,0.6976054032652538,3.2677379608154298,0.6247087955474854,,91339
15360,503316480,0.6972170696341626,3.2984649658203127,0.616694974899292,,91343
15370,503644160,0.6968286131907324,3.3430011749267576,0.6137752532958984,,91472
15380,503971840,0.6964400342590236,3.249277114868164,0.6138299465179443,,91524
15390,504299520,0.6960513331631987,3.29327507019043,0.6189046859741211,,91469
15400,504627200,0.6956625102275225,3.263447952270508,0.6162477016448975,,91502
15410,504954880,0.6952735657763613,3.243838882446289,0.6422065258026123,,91511
15420,505282560,0.6948845001341829,3.317386245727539,0.6336129188537598,,91471
15430,505610240,0.6944953136255559,3.2190784454345702,0.6262287616729736,,91436
15440,505937920,0.6941060065751499,3.2395896911621094,0.6516958236694336,,91441
15450,506265600,0.6937165793077349,3.290427017211914,0.6296435356140136,,91498
15460,506593280,0.6933270321481816,3.288755416870117,0.613740062713623,,91388
15470,506920960,0.6929373654214604,3.3234657287597655,0.6098236083984375,,91416
15480,507248640,0.6925475794526414,3.3075538635253907,0.6214556694030762,,91470
15490,507576320,0.6921576745668944,3.2698738098144533,0.6234424114227295,,91485
15500,507904000,0.6917676510894881,3.3288116455078125,0.6251718521118164,,91480
15510,508231680,0.6913775093457905,3.2822444915771483,0.6201865196228027,,91503
15520,508559360,0.6909872496612678,3.298168182373047,0.6280695915222168,,91499
15530,508887040,0.6905968723614851,3.2839275360107423,0.6155818462371826,,91414
15540,509214720,0.6902063777721055,3.3149383544921873,0.6236895561218262,,91422
15550,509542400,0.6898157662188895,3.254575729370117,0.6187492847442627,,91427
15560,509870080,0.6894250380276958,3.2834236145019533,0.6302733421325684,,91229
15570,510197760,0.6890341935244798,3.2551177978515624,0.6213192939758301,,91436
15580,510525440,0.6886432330352945,3.200695037841797,0.6344025135040283,,91448
15590,510853120,0.688252156886289,3.3224872589111327,0.6324756145477295,,91382
15600,511180800,0.6878609654037099,3.3307571411132812,0.6422131538391114,,91454
15610,511508480,0.6874696589138989,3.2737640380859374,0.6323336601257324,,91411
15620,511836160,0.6870782377432942,3.278380584716797,0.6193821430206299,,91446
15630,512163840,0.6866867022184295,3.2522518157958986,0.627610731124878,,91460
15640,512491520,0.6862950526659344,3.245928192138672,0.6140832901000977,,91479
15650,512819200,0.6859032894125332,3.267286682128906,0.6215344429016113,,91390
15660,513146880,0.6855114127850446,3.2913143157958986,0.6339620113372803,,91456
15670,513474560,0.6851194231103828,3.2142330169677735,0.6174540519714355,,91452
15680,513802240,0.6847273207155554,3.215985107421875,0.6161635875701904,,91440
15690,514129920,0.684335105927665,3.2864715576171877,0.6307505607604981,,91438
15700,514457600,0.6839427790739072,3.2376365661621094,0.6223443508148193,,91431
15710,514785280,0.6835503404815715,3.249297332763672,0.6211564540863037,,91412
15720,515112960,0.6831577904780403,3.2612892150878907,0.6202390670776368,,91503
15730,515440640,0.682765129390789,3.2340885162353517,0.6217623710632324,,91435
15740,515768320,0.6823723575473862,3.2672393798828123,0.628324031829834,,91489
15750,516096000,0.6819794752754921,3.2525508880615233,0.62600736618042,,91463
15760,516423680,0.6815864829028594,3.335635757446289,0.6285887718200683,,91437
15770,516751360,0.6811933807573329,3.329204559326172,0.6430118083953857,,91434
15780,517079040,0.6808001691668485,3.2543994903564455,0.6462866306304932,,91404
15790,517406720,0.6804068484594337,3.2937713623046876,0.6346840381622314,,91411
15800,517734400,0.6800134189632069,3.1908950805664062,0.6252042293548584,,91427
15810,518062080,0.6796198810063773,3.279296112060547,0.6207136631011962,,91408
15820,518389760,0.6792262349172448,3.257594680786133,0.6185276985168457,,91409
15830,518717440,0.6788324810241988,3.272957611083984,0.6342641353607178,,91493
15840,519045120,0.6784386196557196,3.2571151733398436,0.616968822479248,,91468
15850,519372800,0.6780446511403764,3.2804054260253905,0.6210174083709716,,91450
15860,519700480,0.6776505758068282,3.2084590911865236,0.6270666599273682,,91436
15870,520028160,0.6772563939838229,3.344460296630859,0.6321244239807129,,91390
15880,520355840,0.6768621060001974,3.298575210571289,0.6340765476226806,,91460
15890,520683520,0.6764677121848769,3.24271240234375,0.6332658767700196,,91426
15900,521011200,0.6760732128668753,3.2601444244384767,0.6196728229522706,,91473
15910,521338880,0.6756786083752941,3.320161056518555,0.6489298820495606,,91496
15920,521666560,0.6752838990393228,3.2726409912109373,0.6386270999908448,,91490
15930,521994240,0.6748890851882382,3.2703315734863283,0.6246598243713379,,91443
15940,522321920,0.6744941671514044,3.2607616424560546,0.626273775100708,,91415
15950,522649600,0.6740991452582724,3.2488128662109377,0.6351565837860107,,91464
15960,522977280,0.6737040198383799,3.307571792602539,0.6438151836395264,,91477
15970,523304960,0.6733087912213506,3.300979232788086,0.6356449604034424,,91480
15980,523632640,0.6729134597368949,3.3071422576904297,0.6392865180969238,,91474
15990,523960320,0.6725180257148086,3.2778060913085936,0.6217176437377929,,91373
16000,524288000,0.672122489484973,3.2827144622802735,0.6254210948944092,,91464
16010,524615680,0.671726851377355,3.2775516510009766,0.6148374080657959,,91469
16020,524943360,0.671331111722006,3.3345592498779295,0.6241434574127197,,91502
16030,525271040,0.6709352708490626,3.328811264038086,0.6249276161193847,,91484
16040,525598720,0.6705393290887456,3.226885986328125,0.6345296859741211,,91436
16050,525926400,0.6701432867713599,3.267924499511719,0.6157272815704345,,91409
16060,526254080,0.6697471442272946,3.2880275726318358,0.6213885307312011,,91364
16070,526581760,0.6693509017870222,3.245107650756836,0.6366369247436523,,91445
16080,526909440,0.6689545597810981,3.3331958770751955,0.6395966529846191,,91506
16090,527237120,0.6685581185401617,3.2864952087402344,0.7559608459472656,,91548
16100,527564800,0.6681615783949344,3.2875644683837892,0.6385457515716553,,91462
16110,527892480,0.6677649396762204,3.284676742553711,0.6336657524108886,,91413
16120,528220160,0.6673682027149063,3.3059497833251954,0.6270444393157959,,91424
16130,528547840,0.6669713678419602,3.275528335571289,0.6351375579833984,,91488
16140,528875520,0.6665744353884323,3.274641418457031,0.6327365875244141,,91486
16150,529203200,0.6661774056854541,3.267120361328125,0.6322774887084961,,91444
16160,529530880,0.6657802790642382,3.31971435546875,0.6270769119262696,,91441
16170,529858560,0.6653830558560782,3.2930976867675783,0.6316337585449219,,91279
16180,530186240,0.6649857363923476,3.226866912841797,0.6257749557495117,,91459
16190,530513920,0.664588321004501,3.2977130889892576,0.6520132541656494,,91451
16200,530841600,0.6641908100240729,3.296009826660156,0.6417398452758789,,91414
16210,531169280,0.6637932037826773,3.2304309844970702,0.6408788204193115,,91504
16220,531496960,0.6633955026120075,3.2181758880615234,0.6302911281585694,,91453
16230,531824640,0.6629977068438365,3.2469139099121094,0.6087980270385742,,91368
16240,532152320,0.6625998168100159,3.2872077941894533,0.6428591728210449,,91436
16250,532480000,0.6622018328424759,3.2504161834716796,0.6406435966491699,,91489
16260,532807680,0.6618037552732254,3.2744461059570313,0.6385074615478515,,91487
16270,533135360,0.661405584434351,3.271738815307617,0.6317078590393066,,91530
16280,533463040,0.6610073206580172,3.2759498596191405,0.6500476360321045,,91451
16290,533790720,0.6606089642764661,3.300515365600586,0.6315541744232178,,91416
16300,534118400,0.6602105156220169,3.2299060821533203,0.6440012931823731,,91428
16310,534446080,0.6598119750270662,3.2860523223876954,0.6474781513214112,,91463
16320,534773760,0.659413342824087,3.2743385314941404,0.6278800964355469,,91427
16330,535101440,0.6590146193456287,3.3192264556884767,0.6231207847595215,,91441
16340,535429120,0.6586158049243166,3.2732173919677736,0.6363328456878662,,91518
16350,535756800,0.6582168998928525,3.289776611328125,0.6320197582244873,,91512
16360,536084480,0.6578179045840132,3.241952133178711,0.6461170196533204,,91448
16370,536412160,0.6574188193306512,3.2731903076171873,0.6321467399597168,,91465
16380,536739840,0.6570196444656937,3.2365089416503907,0.6391483783721924,,91473
16390,537067520,0.6566203803221431,3.2929767608642577,0.6495630741119385,,91467
16400,537395200,0.6562210272330758,3.2881187438964843,0.6433255672454834,,91402
16410,537722880,0.6558215855316426,3.2891178131103516,0.647216510772705,,91456
16420,538050560,0.6554220555510685,3.273135757446289,0.6288906097412109,,91372
16430,538378240,0.6550224376246516,3.150008773803711,0.6229520320892334,,91427
16440,538705920,0.6546227320857639,3.308134078979492,0.6290665626525879,,91374
16450,539033600,0.65422293926785,3.319921875,0.6400740623474122,,91438
16460,539361280,0.6538230595044277,3.2870529174804686,0.6457286834716797,,91440
16470,539688960,0.653423093129087,3.2616603851318358,0.6323858261108398,,91398
16480,540016640,0.6530230404754906,3.2286136627197264,0.6365547180175781,,91266
16490,540344320,0.6526229018773728,3.2700782775878907,0.629189395904541,,91350
16500,540672000,0.6522226776685397,3.216535949707031,0.6285858631134034,,91314
16510,540999680,0.6518223681828689,3.260177993774414,0.6344833374023438,,91355
16520,541327360,0.6514219737543089,3.277019500732422,0.6351145267486572,,91502
16530,541655040,0.6510214947168793,3.287213134765625,0.6506680488586426,,91474
16540,541982720,0.6506209314046703,3.302499771118164,0.6416990280151367,,91489
16550,542310400,0.6502202841518422,3.239604187011719,0.653181791305542,,91432
16560,542638080,0.6498195532926254,3.2740829467773436,0.6197935104370117,,91484
16570,542965760,0.6494187391613204,3.2339103698730467,0.6228681564331054,,91457
16580,543293440,0.6490178420922965,3.264351654052734,0.6284344673156739,,91392
16590,543621120,0.6486168624199927,3.3212921142578127,0.6348042011260986,,91442
16600,543948800,0.6482158004789168,3.2565994262695312,0.6314579010009765,,91372
16610,544276480,0.6478146566036451,3.208587646484375,0.638046407699585,,91457
16620,544604160,0.6474134311288224,3.3134857177734376,0.6429344177246094,,91502
16630,544931840,0.6470121243891614,3.1924665451049803,0.6203680038452148,,91515
16640,545259520,0.6466107367194429,3.256195831298828,0.6375234603881836,,91477
16650,545587200,0.6462092684545147,3.234772872924805,0.6238479614257812,,91443
16660,545914880,0.6458077199292925,3.2671146392822266,0.6378573894500732,,91365
16670,546242560,0.6454060914787585,3.2218906402587892,0.6253154277801514,,91439
16680,546570240,0.6450043834379615,3.2565807342529296,0.6363861560821533,,91449
16690,546897920,0.644602596142017,3.2518787384033203,0.6321003913879395,,91465
16700,547225600,0.6442007299261068,3.2849090576171873,0.6314970970153808,,91443
16710,547553280,0.6437987851254777,3.2624629974365233,0.6434052944183349,,91477
16720,547880960,0.6433967620754429,3.210051727294922,0.6521632194519043,,91441
16730,548208640,0.6429946611113806,3.2400138854980467,0.6370848178863525,,91417
16740,548536320,0.6425924825687337,3.184020233154297,0.619181776046753,,91425
16750,548864000,0.6421902267830103,3.227394866943359,0.6361145496368408,,91504
16760,549191680,0.6417878940897828,3.2008083343505858,0.6237975120544433,,91472
16770,549519360,0.6413854848246875,3.284894561767578,0.6321811676025391,,91478
16780,549847040,0.6409829993234248,3.272539520263672,0.6449959754943848,,91253
16790,550174720,0.6405804379217588,3.223502349853516,0.6384626388549804,,91440
16800,550502400,0.6401778009555166,3.2576725006103517,0.6452437400817871,,91471
16810,550830080,0.6397750887605885,3.2664493560791015,0.6330874919891357,,91466
16820,551157760,0.6393723016729277,3.262131118774414,0.645449161529541,,91441
16830,551485440,0.6389694400285496,3.2624473571777344,0.6387920379638672,,91416
16840,551813120,0.6385665041635322,3.1932161331176756,0.6244680881500244,,91415
16850,552140800,0.6381634944140149,3.19490966796875,0.6258490085601807,,91451
16860,552468480,0.637760411116199,3.2591785430908202,0.6328158855438233,,91532
16870,552796160,0.6373572546063474,3.2377090454101562,0.6373131275177002,,91494
16880,553123840,0.6369540252207837,3.278963088989258,0.646183967590332,,91522
16890,553451520,0.6365507232958924,3.1659225463867187,0.6367452144622803,,91526
16900,553779200,0.6361473491681184,3.2394855499267576,0.6429387092590332,,91455
16910,554106880,0.6357439031739672,3.2847137451171875,0.6515585422515869,,91571
16920,554434560,0.6353403856500041,3.2600326538085938,0.6325064659118652,,91489
16930,554762240,0.6349367969328535,3.2869354248046876,0.6345633029937744,,91450
16940,555089920,0.6345331373592005,3.200794982910156,0.6271318435668946,,91430
16950,555417600,0.6341294072657877,3.290462875366211,0.6404539108276367,,91517
16960,555745280,0.6337256069894177,3.2557750701904298,0.6401503562927247,,91537
16970,556072960,0.6333217368669514,3.230263519287109,0.6362925052642823,,91483
16980,556400640,0.6329177972353075,3.2433650970458983,0.6428134918212891,,91497
16990,556728320,0.6325137884314633,3.2629886627197267,0.6383597373962402,,91421
17000,557056000,0.6321097107924535,3.268747329711914,0.6562866687774658,,91448
17010,557383680,0.6317055646553702,3.2391990661621093,0.6403765201568603,,91397
17020,557711360,0.6313013503573627,3.2690319061279296,0.6742051124572754,,91501
17030,558039040,0.6308970682356371,3.2825767517089846,0.6451079368591308,,91477
17040,558366720,0.6304927186274563,3.2147075653076174,0.6761956214904785,,91452
17050,558694400,0.6300883018701393,3.2770156860351562,0.6575708389282227,,91480
17060,559022080,0.6296838183010611,3.3009674072265627,0.6398688793182373,,91506
17070,559349760,0.6292792682576525,3.2676868438720703,0.641659164428711,,91425
17080,559677440,0.6288746520773997,3.304006576538086,0.6377187252044678,,91428
17090,560005120,0.6284699700978443,3.309657669067383,0.6347476005554199,,91321
17100,560332800,0.6280652226565826,3.286795425415039,0.6450701236724854,,91443
17110,560660480,0.6276604100912654,3.223018264770508,0.6508825778961181,,91340
17120,560988160,0.627255532739598,3.2444843292236327,0.6612640857696533,,91451
17130,561315840,0.6268505909393398,3.1951526641845702,0.633818244934082,,91484
17140,561643520,0.6264455850283037,3.31658821105957,0.6418926239013671,,91567
17150,561971200,0.6260405153443563,3.297639083862305,0.6458280086517334,,91446
17160,562298880,0.6256353822254174,3.212480926513672,0.6370974063873291,,91486
17170,562626560,0.6252301860094597,3.317439651489258,0.6555742263793946,,91487
17180,562954240,0.6248249270345084,3.2950294494628904,0.6699456691741943,,91516
17190,563281920,0.6244196056386412,3.2585235595703126,0.6457398414611817,,91424
17200,563609600,0.6240142221599879,3.2639396667480467,0.6489017009735107,,91409
17210,563937280,0.6236087769367299,3.1923778533935545,0.6513438701629639,,91432
17220,564264960,0.6232032703071003,3.2389476776123045,0.639174222946167,,91484
17230,564592640,0.6227977026093836,3.311209869384766,0.69270339012146,,91520
17240,564920320,0.6223920741819146,3.2739536285400392,0.6566601753234863,,91496
17250,565248000,0.6219863853630793,3.235573959350586,0.6359846115112304,,91414
17260,565575680,0.621580636491314,3.2494468688964844,0.6568840503692627,,91455
17270,565903360,0.6211748279051053,3.3178379058837892,0.6538137435913086,,91477
17280,566231040,0.6207689599429888,3.287300872802734,0.6536255836486816,,91463
17290,566558720,0.6203630329435507,3.2247127532958983,0.6549401760101319,,91432
17300,566886400,0.6199570472454257,3.308046340942383,0.664593505859375,,91480
17310,567214080,0.6195510031872975,3.253867340087891,0.6527083396911622,,91422
17320,567541760,0.6191449011078993,3.220215606689453,0.6432737350463867,,91486
17330,567869440,0.6187387413460117,3.246784210205078,0.6514427661895752,,91459
17340,568197120,0.6183325242404638,3.283103179931641,0.6520052433013916,,91526
17350,568524800,0.6179262501301328,3.2541728973388673,0.6425189018249512,,91435
17360,568852480,0.6175199193539429,3.2297691345214843,0.6396619796752929,,91512
17370,569180160,0.617113532250866,3.252899932861328,0.6392815589904786,,91528
17380,569507840,0.616707089159921,3.218846893310547,0.6402507305145264,,91395
17390,569835520,0.6163005904201734,3.2720130920410155,0.6469897747039794,,91228
17400,570163200,0.6158940363707349,3.292192077636719,0.6551752090454102,,91504
17410,570490880,0.6154874273507637,3.200510787963867,0.6436756134033204,,91416
17420,570818560,0.6150807636994635,3.1945356369018554,0.6486231327056885,,91462
17430,571146240,0.6146740457560842,3.3014156341552736,0.6592779636383057,,91459
17440,571473920,0.6142672738599202,3.281725311279297,0.6464835166931152,,91444
17450,571801600,0.6138604483503114,3.2686283111572267,0.6487751960754394,,91430
17460,572129280,0.6134535695666423,3.2862342834472655,0.6503557205200196,,91483
17470,572456960,0.6130466378483417,3.279314422607422,0.6657736301422119,,91460
17480,572784640,0.612639653534883,3.280141067504883,0.6551804065704345,,91497
17490,573112320,0.6122326169657831,3.278271484375,0.6572480201721191,,91487
17500,573440000,0.6118255284806026,3.2531585693359375,0.6360761642456054,,91457
17510,573767680,0.6114183884189451,3.242534637451172,0.6558149814605713,,91438
17520,574095360,0.6110111971204577,3.2493804931640624,0.6537817001342774,,91453
17530,574423040,0.6106039549248301,3.2153011322021485,0.6467130184173584,,91487
17540,574750720,0.6101966621717946,3.2023242950439452,0.6412866115570068,,91417
17550,575078400,0.609789319201125,3.2542064666748045,0.6491229057312011,,91460
17560,575406080,0.609381926352638,3.192860221862793,0.6397815227508545,,91452
17570,575733760,0.608974483966191,3.265036392211914,0.6549973487854004,,91498
17580,576061440,0.6085669923816834,3.23636474609375,0.6446218967437745,,91451
17590,576389120,0.6081594519390553,3.2696929931640626,0.6471409320831298,,91447
17600,576716800,0.6077518629782874,3.2728477478027345,0.6554171562194824,,91565
17610,577044480,0.6073442258394014,3.275453567504883,0.670665693283081,,91476
17620,577372160,0.6069365408624589,3.2689544677734377,0.7031594753265381,,91475
17630,577699840,0.606528808387561,3.22961540222168,0.6498733520507812,,91494
17640,578027520,0.6061210287548491,3.2339027404785154,0.6462041854858398,,91499
17650,578355200,0.6057132023045037,3.2045944213867186,0.6471137046813965,,91471
17660,578682880,0.6053053293767442,3.277166748046875,0.647551155090332,,91496
17670,579010560,0.6048974103118291,3.279946136474609,0.6548260688781739,,91503
17680,579338240,0.6044894454500549,3.279286575317383,0.6574192047119141,,91541
17690,579665920,0.6040814351317567,3.199118423461914,0.6438713073730469,,91508
17700,579993600,0.6036733796973074,3.2705921173095702,0.6484007835388184,,91383
17710,580321280,0.6032652794871177,3.2652660369873048,0.6512134075164795,,91389
17720,580648960,0.6028571348416352,3.269835662841797,0.6947667598724365,,91411
17730,580976640,0.602448946101345,3.2276336669921877,0.669379711151123,,91478
17740,581304320,0.6020407136067689,3.292490768432617,0.6440520763397217,,91458
17750,581632000,0.6016324376984651,3.3077232360839846,0.6581467628479004,,91472
17760,581959680,0.6012241187170283,3.2831043243408202,0.6621053695678711,,91462
17770,582287360,0.6008157570030884,3.180268096923828,0.6436220169067383,,91431
17780,582615040,0.6004073528973118,3.248291778564453,0.6411114692687988,,91486
17790,582942720,0.5999989067403999,3.213673400878906,0.6723101615905762,,91461
17800,583270400,0.599590418873089,3.1861011505126955,0.6544095039367676,,91448
17810,583598080,0.5991818896361506,3.1914499282836912,0.645654296875,,91366
17820,583925760,0.5987733193703905,3.2585063934326173,0.8724720001220703,,91416
17830,584253440,0.5983647084166485,3.224430465698242,0.6573273181915283,,91350
17840,584581120,0.5979560571157989,3.2542930603027345,0.6597736358642579,,91460
17850,584908800,0.597547365808749,3.246052932739258,0.6519726276397705,,91438
17860,585236480,0.5971386348364399,3.2313751220703124,0.6515215396881103,,91453
17870,585564160,0.5967298645398458,3.2527210235595705,0.649237060546875,,91435
17880,585891840,0.5963210552599736,3.2100379943847654,0.6528471946716309,,91467
17890,586219520,0.5959122073378627,3.278467559814453,0.6508308410644531,,91457
17900,586547200,0.5955033211145846,3.2397140502929687,0.6535339832305909,,91367
17910,586874880,0.595094396931243,3.278594207763672,0.6719987869262696,,91461
17920,587202560,0.5946854351289732,3.2549903869628904,0.6614307403564453,,91420
17930,587530240,0.5942764360489421,3.261333465576172,0.64202880859375,,91535
17940,587857920,0.5938674000323471,3.2600574493408203,0.6487542152404785,,91473
17950,588185600,0.5934583274204168,3.281993865966797,0.6578670024871827,,91432
17960,588513280,0.5930492185544104,3.2033260345458983,0.6387586116790771,,91491
17970,588840960,0.5926400737756171,3.249943161010742,0.6439953327178956,,91480
17980,589168640,0.5922308934253565,3.184397506713867,0.6521447181701661,,91505
17990,589496320,0.5918216778449774,3.2409221649169924,0.6490627288818359,,91492
18000,589824000,0.5914124273758581,3.29760856628418,0.6530707359313965,,91308
18010,590151680,0.5910031423594061,3.2803722381591798,0.6755753517150879,,91428
18020,590479360,0.5905938231370579,3.2756614685058594,0.6544714450836182,,91469
18030,590807040,0.590184470050278,3.1934165954589844,0.6524513721466064,,91552
18040,591134720,0.5897750834405596,3.295186996459961,0.661601209640503,,91458
18050,591462400,0.5893656636494239,3.253954315185547,0.6713908672332763,,91443
18060,591790080,0.5889562110184194,3.1533689498901367,0.6583806037902832,,91451
18070,592117760,0.5885467258891225,3.224217987060547,0.6495461940765381,,91480
18080,592445440,0.588137208603136,3.223784255981445,0.6670680522918702,,91506
18090,592773120,0.5877276595020903,3.163227844238281,0.6402919292449951,,91466
18100,593100800,0.5873180789276419,3.2425411224365233,0.6522463321685791,,91478
18110,593428480,0.5869084672214738,3.2230396270751953,0.6637999534606933,,91474
18120,593756160,0.5864988247252946,3.224045181274414,0.6557474136352539,,91454
18130,594083840,0.5860891517808389,3.189548683166504,0.6590888977050782,,91477
18140,594411520,0.5856794487298664,3.1652246475219727,0.6447417259216308,,91456
18150,594739200,0.5852697159141624,3.264805221557617,0.6679539680480957,,91458
18160,595066880,0.5848599536755368,3.2826499938964844,0.6602167129516602,,91494
18170,595394560,0.5844501623558239,3.2173793792724608,0.6490808010101319,,91464
18180,595722240,0.5840403422968823,3.2703327178955077,0.6460191249847412,,91449
18190,596049920,0.5836304938405947,3.2709781646728517,0.6605353832244873,,91441
18200,596377600,0.5832206173288674,3.278913116455078,0.6566071510314941,,91449
18210,596705280,0.5828107131036303,3.18060188293457,0.6508151531219483,,91418
18220,597032960,0.5824007815068359,3.3178630828857423,0.6578081130981446,,91447
18230,597360640,0.5819908228804601,3.2253467559814455,0.6439389705657959,,91473
18240,597688320,0.5815808375665013,3.2665336608886717,0.6486543655395508,,91469
18250,598016000,0.5811708259069795,3.2180130004882814,0.6534287929534912,,91422
18260,598343680,0.5807607882439378,3.2724124908447267,0.6553764820098877,,91402
18270,598671360,0.5803507249194398,3.2430805206298827,0.6537001609802247,,91522
18280,598999040,0.5799406362755718,3.2842235565185547,0.6499069690704345,,91391
18290,599326720,0.5795305226544396,3.220596694946289,0.7476743698120117,,91444
18300,599654400,0.5791203843981714,3.2136348724365233,0.6389275550842285,,91455
18310,599982080,0.5787102218489149,3.2159870147705076,0.6503090381622314,,91364
18320,600309760,0.5783000353488387,3.2862701416015625,0.6603703975677491,,91499
18330,600637440,0.577889825240131,3.257006072998047,0.6600444316864014,,91527
18340,600965120,0.5774795918649999,3.2760143280029297,0.6666541576385498,,91505
18350,601292800,0.5770693355656729,3.2219181060791016,0.6817353248596192,,91460
18360,601620480,0.5766590566843963,3.287239837646484,0.6653998374938965,,91390
18370,601948160,0.5762487555634357,3.2599746704101564,0.6640227317810059,,91404
18380,602275840,0.575838432545075,3.2337566375732423,0.6691229343414307,,91444
18390,602603520,0.5754280879716166,3.2074100494384767,0.6623367309570313,,91449
18400,602931200,0.5750177221853805,3.2547012329101563,0.6762017726898193,,91423
18410,603258880,0.5746073355287046,3.252118682861328,0.6576984882354736,,91419
18420,603586560,0.5741969283439442,3.2085514068603516,0.6714801788330078,,91439
18430,603914240,0.5737865009734717,3.181300926208496,0.6508012294769288,,91409
18440,604241920,0.5733760537596767,3.2847999572753905,0.660863208770752,,91436
18450,604569600,0.5729655870449646,3.309867095947266,0.667641019821167,,91456
18460,604897280,0.5725551011717579,3.1603519439697267,0.6485930442810058,,91460
18470,605224960,0.5721445964824942,3.274018096923828,0.6574431419372558,,91522
18480,605552640,0.5717340733196277,3.231510543823242,0.656674861907959,,91490
18490,605880320,0.5713235320256272,3.1998159408569338,0.6578666210174561,,91475
18500,606208000,0.5709129729429775,3.193330001831055,0.6567163467407227,,91434
18510,606535680,0.5705023964141773,3.195430946350098,0.6538113594055176,,91503
18520,606863360,0.5700918027817405,3.2510631561279295,0.6585516452789306,,91471
18530,607191040,0.569681192388195,3.190785789489746,0.6486960411071777,,91427
18540,607518720,0.5692705655760829,3.3238990783691404,0.6617802143096924,,91528
18550,607846400,0.5688599226879599,3.2112606048583983,0.6519697189331055,,91421
18560,608174080,0.5684492640663948,3.2296314239501953,0.6800790786743164,,91434
18570,608501760,0.56803859005397,3.2124492645263674,0.6689407348632812,,91473
18580,608829440,0.5676279009932802,3.306291961669922,0.6642616271972657,,91416
18590,609157120,0.5672171972269334,3.212356948852539,0.6701144218444824,,91364
18600,609484800,0.5668064790975492,3.2300968170166016,0.6758175373077393,,91397
18610,609812480,0.5663957469477595,3.2017555236816406,0.6495002269744873,,91264
18620,610140160,0.565985001120208,3.3071262359619142,0.6756512641906738,,91473
18630,610467840,0.5655742419575494,3.2555694580078125,0.6673122406005859,,91484
18640,610795520,0.5651634698024497,3.2228862762451174,0.6747784614562988,,91420
18650,611123200,0.564752684997586,3.2681037902832033,0.6713294506072998,,91537
18660,611450880,0.5643418878856458,3.240948486328125,0.6708280563354492,,91505
18670,611778560,0.5639310788093266,3.3104976654052733,0.6732694625854492,,91483
18680,612106240,0.5635202581113362,3.1224842071533203,0.6611711502075195,,91489
18690,612433920,0.5631094261343922,3.2547279357910157,0.6583218097686767,,91526
18700,612761600,0.5626985832212209,3.2923763275146483,0.655186128616333,,91519
18710,613089280,0.5622877297145586,3.2435569763183594,0.6583648204803467,,91425
18720,613416960,0.5618768659571504,3.298794174194336,0.6784353733062745,,91478
18730,613744640,0.5614659922917489,3.2313312530517577,0.6665103912353516,,91458
18740,614072320,0.5610551090611161,3.258656311035156,0.6783072471618652,,91503
18750,614400000,0.5606442166080213,3.182249641418457,0.6657310485839844,,91530
18760,614727680,0.5602333152752421,3.211344909667969,0.6548457622528077,,91443
18770,615055360,0.559822405405563,3.203336715698242,0.6691720008850097,,91473
18780,615383040,0.5594114873417758,3.1576749801635744,0.6622387886047363,,91477
18790,615710720,0.5590005614266792,3.1943685531616213,0.6639524936676026,,91452
18800,616038400,0.5585896280030782,3.277688980102539,0.6699822425842286,,91500
18810,616366080,0.5581786874137842,3.230569076538086,0.6529299259185791,,91349
18820,616693760,0.5577677400016149,3.2893207550048826,0.6632865905761719,,91371
18830,617021440,0.5573567861093931,3.296312713623047,0.6703431606292725,,91476
18840,617349120,0.5569458260799476,3.160544776916504,0.6533923625946045,,91457
18850,617676800,0.5565348602561118,3.2092945098876955,0.646315050125122,,91473
18860,618004480,0.5561238889807241,3.2065120697021485,0.662312364578247,,91443
18870,618332160,0.5557129125966278,3.198250961303711,0.6671926498413085,,91491
18880,618659840,0.5553019314466701,3.2990802764892577,0.6677382469177247,,91478
18890,618987520,0.554890945873702,3.250827407836914,0.6688582420349121,,91327
18900,619315200,0.5544799562205789,3.2357109069824217,0.6572447776794433,,91478
18910,619642880,0.5540689628301587,3.2361896514892576,0.6853385448455811,,91509
18920,619970560,0.5536579660453029,3.242287826538086,0.6668665885925293,,91371
18930,620298240,0.553246966208876,3.283094024658203,0.6743955612182617,,91424
18940,620625920,0.5528359636637449,3.2256526947021484,0.6643348693847656,,91360
18950,620953600,0.5524249587527785,3.195041275024414,0.6647741794586182,,91406
18960,621281280,0.5520139518188478,3.192854309082031,0.6996910095214843,,91501
18970,621608960,0.5516029432048258,3.2400848388671877,0.6805222988128662,,91475
18980,621936640,0.5511919332535864,3.248097610473633,0.6638959407806396,,91516
18990,622264320,0.5507809223080053,3.1531982421875,0.6625993728637696,,91480
19000,622592000,0.5503699107109583,3.2602508544921873,0.6753686904907227,,91525
19010,622919680,0.5499588988053219,3.2765838623046877,0.6701363563537598,,91535
19020,623247360,0.5495478869339733,3.2116653442382814,0.6631967544555664,,91513
19030,623575040,0.5491368754397892,3.268751525878906,0.6639860153198243,,91497
19040,623902720,0.5487258646656463,3.2233955383300783,0.6586083889007568,,91529
19050,624230400,0.5483148549544204,3.1642602920532226,0.7725986957550048,,91479
19060,624558080,0.5479038466489868,3.267835998535156,0.6737220764160157,,91518
19070,624885760,0.5474928400922193,3.2689579010009764,0.66864013671875,,91470
19080,625213440,0.5470818356269903,3.1850378036499025,0.6735833168029786,,91518
19090,625541120,0.5466708335961705,3.1903102874755858,0.660599660873413,,91459
19100,625868800,0.5462598343426285,3.1954906463623045,0.6646067142486572,,91537
19110,626196480,0.5458488382092309,3.180497932434082,0.6637331962585449,,91461
19120,626524160,0.5454378455388414,3.2545528411865234,0.6753975868225097,,91445
19130,626851840,0.5450268566743206,3.268453598022461,0.680644416809082,,91420
19140,627179520,0.5446158719585263,3.2327293395996093,0.6716910362243652,,91478
19150,627507200,0.5442048917343129,3.274892044067383,0.6760814666748047,,91509
19160,627834880,0.5437939163445307,3.2659088134765626,0.6624531745910645,,91501
19170,628162560,0.5433829461320262,3.193093681335449,0.6609300136566162,,91497
19180,628490240,0.5429719814396415,3.2303165435791015,0.6543119430541993,,91513
19190,628817920,0.5425610226102142,3.210245132446289,0.6620644569396973,,91449
19200,629145600,0.5421500699865768,3.243202972412109,0.6745359420776367,,91500
19210,629473280,0.5417391239115568,3.2376365661621094,0.7092188835144043,,91464
19220,629800960,0.5413281847279762,3.271651840209961,0.6972291946411133,,91270
19230,630128640,0.5409172527786513,3.218464660644531,0.6761348724365235,,91485
19240,630456320,0.5405063284063923,3.257063293457031,0.6693334579467773,,91440
19250,630784000,0.5400954119540031,3.2189483642578125,0.6902739524841308,,91475
19260,631111680,0.5396845037642808,3.202770233154297,0.6719532966613769,,91528
19270,631439360,0.5392736041800159,3.2189361572265627,0.6921428680419922,,91538
19280,631767040,0.5388627135439917,3.1812808990478514,0.6612490177154541,,91498
19290,632094720,0.5384518321989838,3.214925765991211,0.6695971012115478,,91436
19300,632422400,0.5380409604877605,3.219412994384766,0.6592951774597168,,91489
19310,632750080,0.5376300987530813,3.213680648803711,0.6749768257141113,,91379
19320,633077760,0.537219247337698,3.2041610717773437,0.6714985370635986,,91461
19330,633405440,0.5368084065843537,3.192580986022949,0.6567095756530762,,91496
19340,633733120,0.5363975768357825,3.225411224365234,0.663480567932129,,91525
19350,634060800,0.5359867584347092,3.176820182800293,0.6586145401000977,,91519
19360,634388480,0.5355759517238494,3.191807746887207,0.6728551387786865,,91489
19370,634716160,0.5351651570459091,3.1924823760986327,0.6727696418762207,,91502
19380,635043840,0.5347543747435836,3.269331359863281,0.673289442062378,,91450
19390,635371520,0.5343436051595583,3.25084228515625,0.6656147956848144,,91443
19400,635699200,0.5339328486365081,3.198876953125,0.6783189296722412,,91436
19410,636026880,0.5335221055170969,3.180430603027344,0.6632005214691162,,91447
19420,636354560,0.5331113761439772,3.2729328155517576,0.6788087368011475,,91357
19430,636682240,0.5327006608597903,3.235280990600586,0.670078182220459,,91478
19440,637009920,0.5322899600071657,3.282872772216797,0.6818392276763916,,91496
19450,637337600,0.5318792739287208,3.2327747344970703,0.6734654903411865,,91432
19460,637665280,0.5314686029670607,3.2028854370117186,0.6622383117675781,,91467
19470,637992960,0.5310579474647779,3.3022830963134764,0.6864251613616943,,91506
19480,638320640,0.5306473077644519,3.246132659912109,0.658100938796997,,91409
19490,638648320,0.5302366842086491,3.237867736816406,0.6716248989105225,,91427
19500,638976000,0.5298260771399225,3.269993209838867,0.6758325099945068,,91446
19510,639303680,0.5294154869008112,3.333274078369141,0.6773242950439453,,91500
19520,639631360,0.5290049138338405,3.2230335235595704,0.6629258155822754,,91459
19530,639959040,0.528594358281521,3.215414047241211,0.680680513381958,,91400
19540,640286720,0.5281838205863492,3.1986051559448243,0.674576997756958,,91454
19550,640614400,0.5277733010908062,3.2187286376953126,0.6721771717071533,,91453
19560,640942080,0.5273628001373581,3.2126502990722656,0.6710272312164307,,91443
19570,641269760,0.5269523180684557,3.256727600097656,0.6862920761108399,,91351
19580,641597440,0.5265418552265339,3.19344425201416,0.6721495628356934,,91413
19590,641925120,0.5261314119540111,3.203194808959961,0.6717642307281494,,91394
19600,642252800,0.5257209885932906,3.2318191528320312,0.675755500793457,,91456
19610,642580480,0.5253105854867579,3.1881715774536135,0.6703683376312256,,91446
19620,642908160,0.5249002029767821,3.2064205169677735,0.668085765838623,,91424
19630,643235840,0.524489841405715,3.2340911865234374,0.6854808330535889,,91405
19640,643563520,0.5240795011158911,3.231801986694336,0.6653438091278077,,91396
19650,643891200,0.5236691824496269,3.182489776611328,0.66087646484375,,91466
19660,644218880,0.5232588857492211,3.219091033935547,0.6760320663452148,,91481
19670,644546560,0.5228486113569538,3.2357154846191407,0.6786493778228759,,91410
19680,644874240,0.5224383596150868,3.2387710571289063,0.6757935523986817,,91344
19690,645201920,0.5220281308658627,3.2550113677978514,0.6772323608398437,,91419
19700,645529600,0.5216179254515053,3.2734203338623047,0.680414867401123,,91423
19710,645857280,0.5212077437142186,3.1857580184936523,0.6783021926879883,,91400
19720,646184960,0.520797585996187,3.2148284912109375,0.679769229888916,,91429
19730,646512640,0.5203874526395748,3.2549381256103516,0.6784207344055175,,91366
19740,646840320,0.519977343986526,3.239920806884766,0.6759827613830567,,91382
19750,647168000,0.5195672603791639,3.2090415954589844,0.6798238277435302,,91382
19760,647495680,0.519157202159591,3.1786016464233398,0.6681734561920166,,91482
19770,647823360,0.5187471696698888,3.2214996337890627,0.6671415328979492,,91432
19780,648151040,0.5183371632521171,3.1383609771728516,0.6697297096252441,,91457
19790,648478720,0.5179271832483139,3.2588024139404297,0.6760958671569824,,91418
19800,648806400,0.5175172300004952,3.1237884521484376,0.6594982147216797,,91425
19810,649134080,0.517107303850655,3.212957763671875,0.6684323787689209,,91350
19820,649461760,0.5166974051407645,3.2191123962402344,0.6766902923583984,,91513
19830,649789440,0.5162875342127714,3.241214370727539,0.6766926288604737,,91235
19840,650117120,0.5158776914086013,3.201263427734375,0.661281681060791,,91424
19850,650444800,0.5154678770701555,3.2149993896484377,0.6854942321777344,,91491
19860,650772480,0.515058091539312,3.217870330810547,0.688560962677002,,91523
19870,651100160,0.5146483351579249,3.2431400299072264,0.6770246982574463,,91494
19880,651427840,0.5142386082678233,3.2328655242919924,0.6752180099487305,,91438
19890,651755520,0.5138289112108122,3.2621265411376954,0.6748816013336182,,91415
19900,652083200,0.5134192443286718,3.2465442657470702,0.6867390155792237,,91409
19910,652410880,0.5130096079631568,3.247833251953125,0.68620285987854,,91432
19920,652738560,0.5126000024559966,3.1512563705444334,0.6687690734863281,,91430
19930,653066240,0.5121904281488949,3.150372314453125,0.6668597221374511,,91420
19940,653393920,0.5117808853835295,3.2072845458984376,0.6659575939178467,,91430
19950,653721600,0.5113713745015515,3.22933349609375,0.6802553176879883,,91345
19960,654049280,0.5109618958445855,3.1564098358154298,0.6658357620239258,,91405
19970,654376960,0.5105524497542295,3.2346431732177736,0.6789484024047852,,91394
19980,654704640,0.5101430365720543,3.17453670501709,0.6765385150909424,,91426
19990,655032320,0.5097336566396028,3.2450881958007813,0.6827154636383057,,91478
20000,655360000,0.5093243102983909,3.235407257080078,0.6794986248016357,,91426
20010,655687680,0.5089149978899056,3.175268363952637,0.6763831615447998,,91432
20020,656015360,0.5085057197556062,3.219776916503906,0.6756262302398681,,91468
20030,656343040,0.5080964762369231,3.1993513107299805,0.6750075340270996,,91485
20040,656670720,0.5076872676752584,3.1575645446777343,0.6628767967224121,,91446
20050,656998400,0.5072780944119842,3.2262935638427734,0.6735613346099854,,91451
20060,657326080,0.5068689567884438,3.2570213317871093,0.6769325256347656,,91437
20070,657653760,0.5064598551459505,3.236684036254883,0.6676818370819092,,91481
20080,657981440,0.5060507898257876,3.2159797668457033,0.6980602741241455,,91504
20090,658309120,0.5056417611692079,3.2396572113037108,0.6765652656555176,,91415
20100,658636800,0.5052327695174341,3.2230712890625,0.6788161754608154,,91407
20110,658964480,0.5048238152116576,3.193111801147461,0.7351494789123535,,91468
20120,659292160,0.504414898593039,3.2271347045898438,0.6865473747253418,,91520
20130,659619840,0.5040060200027071,3.2532394409179686,0.6992528915405274,,91459
20140,659947520,0.5035971797817591,3.197403335571289,0.6850296020507812,,91229
20150,660275200,0.5031883782712605,3.2232425689697264,0.6855370998382568,,91366
20160,660602880,0.5027796158122438,3.1436273574829103,0.6729923725128174,,91355
20170,660930560,0.5023708927457099,3.2788532257080076,0.6814027309417725,,91361
20180,661258240,0.5019622094126259,3.176944351196289,0.6788311004638672,,91378
20190,661585920,0.5015535661539261,3.2340057373046873,0.7140619277954101,,91344
20200,661913600,0.5011449633105117,3.2147842407226563,0.6911277294158935,,91409
20210,662241280,0.5007364012232498,3.15521240234375,0.6812989234924316,,91467
20220,662568960,0.5003278802329736,3.2009441375732424,0.678296709060669,,91424
20230,662896640,0.4999194006804819,3.191685676574707,0.6828371047973633,,91482
20240,663224320,0.4995109629065392,3.1500749588012695,0.686983585357666,,91485
20250,663552000,0.4991025672518751,3.209654998779297,0.6823101997375488,,91422
20260,663879680,0.4986942140571835,3.2112903594970703,0.7013889789581299,,91395
20270,664207360,0.49828590366312386,3.169596481323242,0.678311824798584,,91441
20280,664535040,0.49787763641031924,3.3136528015136717,0.6928257465362548,,91411
20290,664862720,0.49746941263935684,3.2195804595947264,0.6955850124359131,,91440
20300,665190400,0.4970612326907877,3.1980588912963865,0.6799129486083985,,91465
20310,665518080,0.49665309690512616,3.208285903930664,0.6943713188171386,,91444
20320,665845760,0.4962450056228498,3.2482887268066407,0.7057404041290283,,91462
20330,666173440,0.4958369591843991,3.240235137939453,0.6875655651092529,,91470
20340,666501120,0.49542895793017705,3.238134002685547,0.7101816654205322,,91495
20350,666828800,0.49502100220054934,3.2198184967041015,0.6807312965393066,,91507
20360,667156480,0.4946130923358426,3.136546325683594,0.6860503673553466,,91376
20370,667484160,0.49420522867634664,3.225967788696289,0.6932300090789795,,91483
20380,667811840,0.4937974115623116,3.1951831817626952,0.6881914615631104,,91508
20390,668139520,0.49338964133394936,3.181765556335449,0.6909741878509521,,91555
20400,668467200,0.49298191833143257,3.202153778076172,0.6871392250061035,,91491
20410,668794880,0.4925742428948944,3.1466474533081055,0.6814743041992187,,91446
20420,669122560,0.4921666153644283,3.2084747314453126,0.6894841194152832,,91404
20430,669450240,0.491759036080088,3.1832067489624025,0.6708076000213623,,91505
20440,669777920,0.49135150538188677,3.169446563720703,0.6751928806304932,,91236
20450,670105600,0.4909440236097974,3.245515823364258,0.7024335861206055,,91439
20460,670433280,0.4905365911037518,3.212831497192383,0.6928368091583252,,91443
20470,670760960,0.4901292082036409,3.1935922622680666,0.6824252605438232,,91434
20480,671088640,0.4897218752493143,3.2034793853759767,0.6868545532226562,,91428
20490,671416320,0.48931459258057963,3.2450851440429687,0.686635684967041,,91487
20500,671744000,0.48890736053720285,3.194137954711914,0.6812146663665771,,91519
20510,672071680,0.4885001794589078,3.2103065490722655,0.6800169944763184,,91454
20520,672399360,0.48809304968537526,3.1731266021728515,0.6808888435363769,,91501
20530,672727040,0.48768597155624394,3.2299579620361327,0.6939539432525634,,91430
20540,673054720,0.48727894541110883,3.2893932342529295,0.6986969947814942,,91490
20550,673382400,0.4868719715895218,3.234212875366211,0.686378812789917,,91428
20560,673710080,0.4864650504309911,3.1789825439453123,0.6873286247253418,,91385
20570,674037760,0.4860581822749812,3.194905090332031,0.684496545791626,,91385
20580,674365440,0.485651367460912,3.2315948486328123,0.6822074890136719,,91395
20590,674693120,0.48524460632815913,3.2427066802978515,0.6868268966674804,,91379
20600,675020800,0.48483789921605347,3.21217041015625,0.695371675491333,,91480
20610,675348480,0.4844312464638806,3.158467483520508,0.6706692218780518,,91423
20620,675676160,0.4840246484108811,3.1792579650878907,0.6752923011779786,,91460
20630,676003840,0.4836181053962496,3.2638622283935548,0.6972031116485595,,91423
20640,676331520,0.483211617759135,3.187919044494629,0.7004843711853027,,91383
20650,676659200,0.48280518583863985,3.2712764739990234,0.7000210762023926,,91466
20660,676986880,0.48239880997382045,3.257619857788086,0.6909475803375245,,91474
20670,677314560,0.4819924905036861,3.161173439025879,0.6815451622009278,,91431
20680,677642240,0.48158622776719917,3.1932992935180664,0.7141769409179688,,91425
20690,677969920,0.4811800221032747,3.235118103027344,0.6913934707641601,,91379
20700,678297600,0.4807738738507803,3.0836599349975584,0.6639979839324951,,91414
20710,678625280,0.48036778334853514,3.182418441772461,0.695109748840332,,91452
20720,678952960,0.4799617509353107,3.2254356384277343,0.6955008983612061,,91382
20730,679280640,0.47955577694982987,3.185995674133301,0.6902953147888183,,91477
20740,679608320,0.4791498617307668,3.1971151351928713,0.6837102890014648,,91509
20750,679936000,0.47874400561674657,3.1972801208496096,0.6871879577636719,,91315
20760,680263680,0.47833820894634516,3.219636917114258,0.701565170288086,,91404
20770,680591360,0.47793247205808864,3.282283401489258,0.6955934047698975,,91472
20780,680919040,0.4775267952904534,3.2232261657714845,0.6942970275878906,,91429
20790,681246720,0.47712117898186557,3.1883983612060547,0.7018731594085693,,91482
20800,681574400,0.47671562347070096,3.2473499298095705,0.7040227890014649,,91466
20810,681902080,0.4763101290952846,3.199597930908203,0.6909843921661377,,91478
20820,682229760,0.47590469619389053,3.2180812835693358,0.6762128353118897,,91486
20830,682557440,0.4754993251047416,3.2373989105224608,0.6840007305145264,,91430
20840,682885120,0.4750940161660089,3.1991125106811524,0.6784029960632324,,91456
20850,683212800,0.47468876971581175,3.173971748352051,0.6852824211120605,,91462
20860,683540480,0.47428358609221744,3.205916976928711,0.7073615074157715,,91505
20870,683868160,0.47387846563324076,3.188449478149414,0.6940862655639648,,91493
20880,684195840,0.47347340867684384,3.1732276916503905,0.691639757156372,,91508
20890,684523520,0.4730684155609357,3.193358612060547,0.6942611694335937,,91462
20900,684851200,0.4726634866233722,3.1591989517211916,0.6716997146606445,,91478
20910,685178880,0.4722586222019559,3.248296356201172,0.6912917613983154,,91377
20920,685506560,0.471853822634435,3.1855871200561525,0.707346248626709,,91465
20930,685834240,0.4714490882585042,3.194090461730957,0.6838653564453125,,91487
20940,686161920,0.4710444194118034,3.1768808364868164,0.6881037712097168,,91472
20950,686489600,0.470639816431918,3.1424537658691407,0.6846973419189453,,91439
20960,686817280,0.47023527965637835,3.1890947341918947,0.7525551319122314,,91411
20970,687144960,0.46983080942265976,3.2011947631835938,0.7270717144012451,,91483
20980,687472640,0.46942640606818176,3.2614414215087892,0.7042024612426758,,91445
20990,687800320,0.46902206993030815,3.1895605087280274,0.6902799129486084,,91396
21000,688128000,0.468617801346347,3.213922882080078,0.6831321239471435,,91513
21010,688455680,0.46821360065354967,3.223636245727539,0.687077522277832,,91506
21020,688783360,0.46780946818911096,3.1694374084472656,0.6791111469268799,,91450
21030,689111040,0.46740540429016864,3.1713140487670897,0.6945128440856934,,91473
21040,689438720,0.4670014092938036,3.143851470947266,0.7122782230377197,,91467
21050,689766400,0.4665974835370391,3.1597293853759765,0.6845913410186768,,91319
21060,690094080,0.46619362735684033,3.242502975463867,0.695858097076416,,91358
21070,690421760,0.4657898410901148,3.2061477661132813,0.6916204452514648,,91504
21080,690749440,0.4653861250737117,3.137381744384766,0.6881266593933105,,91435
21090,691077120,0.4649824796444214,3.147084045410156,0.6757853984832763,,91410
21100,691404800,0.4645789051389756,3.224436569213867,0.6931365489959717,,91494
21110,691732480,0.4641754018940466,3.2022045135498045,0.6783647060394287,,91442
21120,692060160,0.4637719702462476,3.1579614639282227,0.6799190044403076,,91523
21130,692387840,0.46336861053213174,3.220841979980469,0.6955410957336425,,91426
21140,692715520,0.46296532308819227,3.1975376129150392,0.6980547904968262,,91501
21150,693043200,0.4625621082508621,3.1823972702026366,0.7040815353393555,,91415
21160,693370880,0.46215896635651366,3.1792587280273437,0.709071159362793,,91394
21170,693698560,0.46175589774145853,3.1975683212280273,0.701435661315918,,91502
21180,694026240,0.46135290274194707,3.170723533630371,0.689015007019043,,91485
21190,694353920,0.46094998169416823,3.15408935546875,0.6926263332366943,,91457
21200,694681600,0.4605471349342495,3.2169933319091797,0.6963363647460937,,91394
21210,695009280,0.4601443627982559,3.2702693939208984,0.6993513584136963,,91455
21220,695336960,0.45974166562219065,3.232339096069336,0.7021076679229736,,91517
21230,695664640,0.45933904374199475,3.144204330444336,0.6917092323303222,,91532
21240,695992320,0.45893649749354515,3.1606639862060546,0.6798067569732666,,91494
21250,696320000,0.4585340272126568,3.192883110046387,0.6821706771850586,,91541
21260,696647680,0.4581316332350811,3.2265270233154295,0.6945376873016358,,91534
21270,696975360,0.45772931589650545,3.1968978881835937,0.6918017387390136,,91511
21280,697303040,0.4573270755325537,3.1631492614746093,0.7006468772888184,,91471
21290,697630720,0.4569249124787852,3.181949424743652,0.6887153625488281,,91464
21300,697958400,0.4565228270706949,3.2457481384277345,0.7089547157287598,,91438
21310,698286080,0.4561208196437132,3.163736343383789,0.7062819004058838,,91443
21320,698613760,0.4557188905332048,3.1919288635253906,0.6944577693939209,,91433
21330,698941440,0.45531704007446994,3.2299758911132814,0.704363203048706,,91374
21340,699269120,0.4549152686027427,3.2118904113769533,0.6934553146362304,,91474
21350,699596800,0.45451357645319124,3.1999645233154297,0.7029325485229492,,91590
21360,699924480,0.4541119639609177,3.2155025482177733,0.6926390171051026,,91415
21370,700252160,0.4537104314609579,3.196030044555664,0.6885548114776612,,91510
21380,700579840,0.4533089792882805,3.2553421020507813,0.7088729858398437,,91470
21390,700907520,0.4529076077777878,3.153451347351074,0.6864542007446289,,91467
21400,701235200,0.45250631726431423,3.238681411743164,0.7182138919830322,,91444
21410,701562880,0.45210510808262705,3.199169921875,0.6921874046325683,,91473
21420,701890560,0.451703980567425,3.187110710144043,0.6981147766113281,,91460
21430,702218240,0.4513029350533396,3.176119804382324,0.7014698505401611,,91501
21440,702545920,0.4509019718749334,3.187022590637207,0.712186622619629,,91490
21450,702873600,0.45050109136670036,3.251512908935547,0.6944605350494385,,91447
21460,703201280,0.4501002938630656,3.2156295776367188,0.7044127941131592,,91524
21470,703528960,0.4496995796983849,3.2206966400146486,0.7076802253723145,,91533
21480,703856640,0.44929894920694435,3.2428253173828123,0.6955582618713378,,91473
21490,704184320,0.44889840272296055,3.200803756713867,0.6942732810974122,,91471
21500,704512000,0.44849794058058,3.2256095886230467,0.6917251586914063,,91476
21510,704839680,0.4480975631138785,3.2713008880615235,0.710654878616333,,91490
21520,705167360,0.4476972706568615,3.150838088989258,0.6901127815246582,,91470
21530,705495040,0.44729706354346355,3.1429161071777343,0.6966833114624024,,91464
21540,705822720,0.4468969421075478,3.171988296508789,0.6934484004974365,,91537
21550,706150400,0.4464969066829061,3.2621063232421874,0.7087191581726074,,91463
21560,706478080,0.4460969576032585,3.166178894042969,0.7024811744689942,,91505
21570,706805760,0.445697095202253,3.1952964782714846,0.6909552097320557,,91417
21580,707133440,0.4452973198134653,3.139008712768555,0.6940038681030274,,91436
21590,707461120,0.4448976317703984,3.2106449127197267,0.717416524887085,,91498
21600,707788800,0.4444980314064827,3.212368392944336,0.7129844665527344,,91442
21610,708116480,0.44409851905507525,3.199173355102539,0.7131565093994141,,91417
21620,708444160,0.4436990950494597,3.1737834930419924,0.707560920715332,,91457
21630,708771840,0.4432997597228461,3.190395164489746,0.7051134586334229,,91464
21640,709099520,0.44290051340837033,3.1850847244262694,0.7026677131652832,,91463
21650,709427200,0.44250135643909405,3.132854461669922,0.6882088661193848,,91529
21660,709754880,0.44210228914800487,3.204802322387695,0.6966434955596924,,91193
21670,710082560,0.4417033118680148,3.1966360092163084,0.6900508880615235,,91447
21680,710410240,0.4413044249319613,3.2213790893554686,0.7084054946899414,,91472
21690,710737920,0.4409056286726063,3.1756187438964845,0.7057692050933838,,91496
21700,711065600,0.4405069234226361,3.232448196411133,0.7314558982849121,,91500
21710,711393280,0.44010830951466107,3.190512847900391,0.7025547027587891,,91505
21720,711720960,0.43970978728121524,3.175200080871582,0.7053670883178711,,91469
21730,712048640,0.43931135705475655,3.1617656707763673,0.6919651508331299,,91363
21740,712376320,0.4389130191676659,3.1861095428466797,0.6877434730529786,,91433
21750,712704000,0.43851477395224703,3.164765548706055,0.7002184867858887,,91449
21760,713031680,0.43811662174072674,3.1294660568237305,0.7000688552856446,,91440
21770,713359360,0.4377185628652539,3.254166030883789,0.711371898651123,,91469
21780,713687040,0.43732059765789966,3.1314111709594727,0.7018404483795166,,91470
21790,714014720,0.4369227264506571,3.155409240722656,0.7055936813354492,,91426
21800,714342400,0.43652494957544075,3.2390121459960937,0.7125101089477539,,91507
21810,714670080,0.43612726736408647,3.2005725860595704,0.7054977416992188,,91452
21820,714997760,0.43572968014835134,3.238433074951172,0.7145269870758056,,91450
21830,715325440,0.43533218825991293,3.1718536376953126,0.6965588569641114,,91484
21840,715653120,0.43493479203036933,3.2031421661376953,0.711107587814331,,91537
21850,715980800,0.43453749179123924,3.2061466217041015,0.7206718921661377,,91525
21860,716308480,0.4341402878739604,3.1863357543945314,0.7134129047393799,,91495
21870,716636160,0.43374318060989125,3.2369014739990236,0.7044509887695313,,91494
21880,716963840,0.43334617033030864,3.223939895629883,0.6939713001251221,,91448
21890,717291520,0.4329492573664092,3.145384979248047,0.6890288352966308,,91509
21900,717619200,0.4325524420493082,3.1322593688964844,0.698787260055542,,91494
21910,717946880,0.43215572471003927,3.212449645996094,0.7046593189239502,,91310
21920,718274560,0.43175910567955433,3.1972429275512697,0.6854774475097656,,91434
21930,718602240,0.4313625852887236,3.239653396606445,0.7104753494262696,,91526
21940,718929920,0.43096616386833453,3.1781246185302736,0.6979232788085937,,91513
21950,719257600,0.4305698417490924,3.1839794158935546,0.7200617313385009,,91457
21960,719585280,0.43017361926161946,3.252459716796875,0.7146669387817383,,91566
21970,719912960,0.42977749673645504,3.207537841796875,0.7049557209014893,,91422
21980,720240640,0.4293814745040546,3.212607192993164,0.7102919578552246,,91414
21990,720568320,0.4289855528947907,3.2474369049072265,0.7186300754547119,,91473
22000,720896000,0.42858973223895114,3.224375915527344,0.7153097152709961,,91489
22010,721223680,0.4281940128667402,3.2168460845947267,0.7219956398010254,,91474
22020,721551360,0.4277983951082772,3.1379796981811525,0.7023189544677735,,91492
22030,721879040,0.4274028792935969,3.1923429489135744,0.700888204574585,,91511
22040,722206720,0.4270074657526489,3.1896730422973634,0.6946939945220947,,91495
22050,722534400,0.42661215481529746,3.1960025787353517,0.6965505123138428,,91499
22060,722862080,0.4262169468113215,3.2214324951171873,0.7062642097473144,,91538
22070,723189760,0.42582184207041385,3.245369720458984,0.7143179893493652,,91534
22080,723517440,0.4254268409221813,3.1744962692260743,0.7086683750152588,,91458
22090,723845120,0.42503194369614405,3.1446605682373048,0.7135271549224853,,91492
22100,724172800,0.4246371507217358,3.1718656539916994,0.7029299736022949,,91444
22110,724500480,0.4242424623283033,3.151363182067871,0.6917389869689942,,91395
22120,724828160,0.42384787884510566,3.154560089111328,0.6881011962890625,,91453
22130,725155840,0.423453400601315,3.1506397247314455,0.7061298370361329,,91427
22140,725483520,0.42305902792601524,3.2161903381347656,0.7054108142852783,,91481
22150,725811200,0.4226647611482025,3.193592071533203,0.7001057624816894,,91482
22160,726138880,0.42227060059678445,3.167433166503906,0.7188823699951172,,91454
22170,726466560,0.42187654660058027,3.150913619995117,0.7037804603576661,,91428
22180,726794240,0.4214825994883201,3.2121131896972654,0.7161518096923828,,91498
22190,727121920,0.4210887595886448,3.2122966766357424,0.7022089481353759,,91542
22200,727449600,0.4206950272301061,3.181748390197754,0.706557035446167,,91495
22210,727777280,0.42030140274116556,3.205330657958984,0.698448371887207,,91466
22220,728104960,0.4199078864501955,3.2286151885986327,0.7174150943756104,,91519
22230,728432640,0.4195144786854773,3.218189239501953,0.7002769470214844,,91448
22240,728760320,0.419121179775202,3.198276710510254,0.7067167282104492,,91435
22250,729088000,0.41872799004746986,3.1882452011108398,0.7040099620819091,,91507
22260,729415680,0.4183349098302902,3.203272247314453,0.7112163066864013,,91430
22270,729743360,0.41794193945158065,3.248367691040039,0.7119217395782471,,91302
22280,730071040,0.4175490792391676,3.182100296020508,0.703006649017334,,91477
22290,730398720,0.4171563295207852,3.2129196166992187,0.7169780731201172,,91403
22300,730726400,0.4167636906240755,3.2023605346679687,0.7280062198638916,,91392
22310,731054080,0.41637116287658826,3.1708501815795898,0.7164679050445557,,91462
22320,731381760,0.4159787466057805,3.21038932800293,0.7189891338348389,,91533
22330,731709440,0.41558644213901597,3.1514715194702148,0.7015979290008545,,91401
22340,732037120,0.41519424980356556,3.175197219848633,0.7681666374206543,,91567
22350,732364800,0.41480216992660623,3.1828880310058594,0.7145679950714111,,91433
22360,732692480,0.41441020283522134,3.1983108520507812,0.7140582084655762,,91382
22370,733020160,0.4140183488564002,3.210184097290039,0.7040421485900878,,91445
22380,733347840,0.41362660831703746,3.232135009765625,0.7105964660644531,,91463
22390,733675520,0.41323498154393357,3.20810546875,0.7169226169586181,,91443
22400,734003200,0.41284346886379375,3.1952720642089845,0.6990635871887207,,91455
22410,734330880,0.4124520706032282,3.1602056503295897,0.708207654953003,,91446
22420,734658560,0.4120607870887515,3.222332000732422,0.7043742656707763,,91493
22430,734986240,0.41166961864678275,3.1625085830688477,0.7073064327239991,,91519
22440,735313920,0.41127856560364473,3.1733909606933595,0.7024147033691406,,91502
22450,735641600,0.41088762828556435,3.246585464477539,0.7135928630828857,,91460
22460,735969280,0.41049680701867186,3.1806873321533202,0.7131959438323975,,91549
22470,736296960,0.4101061021290002,3.194046974182129,0.7341543197631836,,91490
22480,736624640,0.40971551394248595,3.2016326904296877,0.7186875343322754,,91454
22490,736952320,0.40932504278496795,3.208418273925781,0.7385767936706543,,91485
22500,737280000,0.40893468898218743,3.1508996963500975,0.7234387874603272,,91469
22510,737607680,0.4085444528597878,3.191313934326172,0.7174347400665283,,91451
22520,737935360,0.4081543347433143,3.171122741699219,0.7122300624847412,,91470
22530,738263040,0.4077643349582136,3.1209438323974608,0.706912899017334,,91478
22540,738590720,0.4073744538298337,3.181812858581543,0.7058882236480712,,91508
22550,738918400,0.4069846916834239,3.211879348754883,0.7331404685974121,,91474
22560,739246080,0.4065950488441338,3.195963668823242,0.7180002212524415,,91479
22570,739573760,0.40620552563701373,3.1888664245605467,0.7148805141448975,,91402
22580,739901440,0.40581612238701426,3.192279243469238,0.717064094543457,,91381
22590,740229120,0.4054268394189856,3.220241928100586,0.7101431369781495,,91497
22600,740556800,0.4050376770576779,3.1519073486328124,0.7115338325500489,,91468
22610,740884480,0.40464863562774056,3.2565078735351562,0.7259200572967529,,91549
22620,741212160,0.4042597154537222,3.1568246841430665,0.7171606063842774,,91492
22630,741539840,0.40387091686007026,3.153926467895508,0.7088146686553956,,91521
22640,741867520,0.4034822401711309,3.2060726165771483,0.7140660762786866,,91479
22650,742195200,0.4030936857111479,3.141732025146484,0.711397361755371,,91538
22660,742522880,0.4027052538042639,3.2129329681396483,0.720778512954712,,91500
22670,742850560,0.40231694477451896,3.1989336013793945,0.7202550888061523,,91499
22680,743178240,0.40192875894585056,3.24438591003418,0.7120096206665039,,91483
22690,743505920,0.4015406966420937,3.1948495864868165,0.7151351928710937,,91443
22700,743833600,0.4011527581869798,3.1863018035888673,0.7054620265960694,,91538
22710,744161280,0.4007649439041375,3.191865921020508,0.7073402881622315,,91420
22720,744488960,0.4003772541170917,3.1275775909423826,0.7048828601837158,,91468
22730,744816640,0.39998968914926336,3.1903228759765625,0.7239823341369629,,91417
22740,745144320,0.39960224932396926,3.145271873474121,0.7166162490844726,,91506
22750,745472000,0.39921493496442184,3.2064895629882812,0.7104791164398193,,91538
22760,745799680,0.398827746393729,3.177448272705078,0.7000658512115479,,91491
22770,746127360,0.3984406839348934,3.2083011627197267,0.7064272403717041,,91530
22780,746455040,0.39805374791081294,3.1855396270751952,0.704439353942871,,91554
22790,746782720,0.3976669386442796,3.1621875762939453,0.7095258235931396,,91590
22800,747110400,0.39728025645798004,3.1927167892456056,0.7218287944793701,,91508
22810,747438080,0.39689370167449456,3.207749938964844,0.7182245254516602,,91526
22820,747765760,0.3965072746162972,3.1591068267822267,0.7074844360351562,,91447
22830,748093440,0.39612097560575554,3.1342336654663088,0.7199086666107177,,91619
22840,748421120,0.39573480496513047,3.1143472671508787,0.723347520828247,,91520
22850,748748800,0.3953487630165756,3.236039733886719,0.7229324340820312,,91526
22860,749076480,0.39496285008213716,3.1689056396484374,0.7231388092041016,,91494
22870,749404160,0.394577066483754,3.1741945266723635,0.7112110137939454,,91498
22880,749731840,0.39419141254325685,3.154032897949219,0.7234041690826416,,91310
22890,750059520,0.3938058885823683,3.1584232330322264,0.717795467376709,,91512
22900,750387200,0.3934204949227025,3.1515729904174803,0.7344101428985595,,91485
22910,750714880,0.39303523188576517,3.1037519454956053,0.7168141365051269,,91451
22920,751042560,0.3926500997929526,3.1930000305175783,0.7147624969482422,,91530
22930,751370240,0.3922650989655523,3.1942352294921874,0.7141847133636474,,91550
22940,751697920,0.3918802297247417,3.155654716491699,0.7177856922149658,,91476
22950,752025600,0.3914954923915891,3.1536672592163084,0.7447103023529053,,91445
22960,752353280,0.39111088728705246,3.2060161590576173,0.7154067516326904,,91480
22970,752680960,0.39072641473197944,3.122929573059082,0.722531509399414,,91557
22980,753008640,0.39034207504710694,3.166127014160156,0.7191081047058105,,91484
22990,753336320,0.38995786855306147,3.161461067199707,0.7097622871398925,,91441
23000,753664000,0.389573795570358,3.1906951904296874,0.7235102653503418,,91467
23010,753991680,0.3891898564194003,3.1216827392578126,0.7329234123229981,,91529
23020,754319360,0.3888060514204804,3.189533805847168,0.7211529731750488,,91466
23030,754647040,0.38842238089377856,3.1647539138793945,0.7032150745391845,,91452
23040,754974720,0.3880388451593627,3.153589630126953,0.7075015544891358,,91501
23050,755302400,0.3876554445371887,3.1628082275390623,0.7077038764953614,,91551
23060,755630080,0.3872721793470991,3.1775400161743166,0.7102810859680175,,91475
23070,755957760,0.3868890499088239,3.1276151657104494,0.7152310371398926,,91512
23080,756285440,0.38650605654197967,3.1519304275512696,0.7203804969787597,,91557
23090,756613120,0.38612319956606955,3.1518478393554688,0.7162840366363525,,91495
23100,756940800,0.38574047930048283,3.2138404846191406,0.7243544578552246,,91515
23110,757268480,0.3853578960644949,3.2127819061279297,0.7165256977081299,,91457
23120,757596160,0.38497545017726653,3.171270179748535,0.7200302124023438,,91469
23130,757923840,0.3845931419578442,3.198163604736328,0.7097259521484375,,91466
23140,758251520,0.3842109717251596,3.187199020385742,0.7127927780151367,,91432
23150,758579200,0.383828939798029,3.182680130004883,0.7167457580566406,,91398
23160,758906880,0.3834470464951535,3.1830896377563476,0.7189867973327637,,91457
23170,759234560,0.3830652921351184,3.213510513305664,0.7199843406677247,,91462
23180,759562240,0.3826836770363934,3.2086112976074217,0.7120598793029785,,91440
23190,759889920,0.3823022015173315,3.1731517791748045,0.7450643062591553,,91365
23200,760217600,0.3819208658961699,3.12327880859375,0.7163602828979492,,91455
23210,760545280,0.38153967049102855,3.1324968338012695,0.7511158466339112,,91500
23220,760872960,0.3811586156199108,3.1612289428710936,0.7303222179412842,,91497
23230,761200640,0.3807777016007027,3.1634063720703125,0.7125784397125244,,91431
23240,761528320,0.38039692875117237,3.1833492279052735,0.7230608940124512,,91482
23250,761856000,0.3800162973889709,3.0900362014770506,0.7038958549499512,,91508
23260,762183680,0.37963580783163065,3.17159366607666,0.717668867111206,,91510
23270,762511360,0.379255460396566,3.128101921081543,0.7131778717041015,,91491
23280,762839040,0.3788752554010729,3.1302515029907227,0.706843900680542,,91496
23290,763166720,0.3784951931623284,3.206511306762695,0.7138919353485107,,91523
23300,763494400,0.3781152739973902,3.160230827331543,0.7185590744018555,,91532
23310,763822080,0.37773549822319685,3.18552188873291,0.7113481044769288,,91526
23320,764149760,0.37735586615656735,3.1495292663574217,0.7044212341308593,,91489
23330,764477440,0.3769763781142007,3.165077781677246,0.7285298824310302,,91457
23340,764805120,0.3765970344126758,3.196432876586914,0.7362518787384034,,91438
23350,765132800,0.3762178353684509,3.1284297943115233,0.7182460784912109,,91457
23360,765460480,0.37583878129786397,3.25155029296875,0.7348135948181153,,91546
23370,765788160,0.37545987251713175,3.1763423919677733,0.735127305984497,,91463
23380,766115840,0.37508110934235006,3.151305389404297,0.7205318927764892,,91425
23390,766443520,0.3747024920894929,3.1369503021240233,0.7078392028808593,,91444
23400,766771200,0.37432402107441287,3.19815673828125,0.7143146514892578,,91513
23410,767098880,0.3739456966128403,3.188259315490723,0.7116346836090088,,91508
23420,767426560,0.3735675190203832,3.167909049987793,0.7218112945556641,,91528
23430,767754240,0.37318948861252765,3.187272644042969,0.739903736114502,,91486
23440,768081920,0.3728116057046361,3.160605049133301,0.7195064544677734,,91472
23450,768409600,0.37243387061194866,3.12026424407959,0.7274855136871338,,91488
23460,768737280,0.37205628364958176,3.141210746765137,0.7095710277557373,,91566
23470,769064960,0.37167884513252847,3.1697038650512694,0.7144233226776123,,91465
23480,769392640,0.3713015553756577,3.1432727813720702,0.7131459236145019,,91523
23490,769720320,0.3709244146937144,3.16469783782959,0.7235381126403808,,91306
23500,770048000,0.3705474234013194,3.177438163757324,0.7212376594543457,,91474
23510,770375680,0.3701705818129687,3.1391693115234376,0.7223218441009521,,91370
23520,770703360,0.36979389024303366,3.1544166564941407,0.7113729953765869,,91519
23530,771031040,0.36941734900575973,3.196404457092285,0.7257155895233154,,91525
23540,771358720,0.36904095841526774,3.163526153564453,0.7235918521881104,,91407
23550,771686400,0.3686647187855526,3.106185531616211,0.7165096282958985,,91505
23560,772014080,0.36828863043048343,3.17431755065918,0.722083044052124,,91507
23570,772341760,0.36791269366380275,3.1313106536865236,0.7228975296020508,,91454
23580,772669440,0.3675369087991269,3.1472637176513674,0.7088108539581299,,91420
23590,772997120,0.36716127614994565,3.2005638122558593,0.7233388423919678,,91423
23600,773324800,0.36678579602962125,3.1828004837036135,0.7269549369812012,,91456
23610,773652480,0.3664104687513895,3.1738313674926757,0.7232601642608643,,91516
23620,773980160,0.36603529462835804,3.199418830871582,0.7167123317718506,,91492
23630,774307840,0.365660273973507,3.1876895904541014,0.7223831176757812,,91460
23640,774635520,0.36528540709968826,3.1426856994628904,0.7225354671478271,,91399
23650,774963200,0.36491069431962586,3.1226322174072267,0.7228645801544189,,91434
23660,775290880,0.36453613594591483,3.095109558105469,0.7232511043548584,,91414
23670,775618560,0.36416173229102167,3.171772003173828,0.7294971942901611,,91398
23680,775946240,0.36378748366728375,3.1799373626708984,0.7342485904693603,,91426
23690,776273920,0.36341339038690923,3.162652778625488,0.7193985939025879,,91437
23700,776601600,0.36303945276197613,3.2114009857177734,0.7278536319732666,,91443
23710,776929280,0.3626656711044335,3.1379779815673827,0.7277228832244873,,91497
23720,777256960,0.3622920457260993,3.172282600402832,0.7254112720489502,,91477
23730,777584640,0.3619185769386619,3.2183055877685547,0.728737211227417,,91553
23740,777912320,0.3615452650536787,3.197683906555176,0.717391061782837,,91495
23750,778240000,0.36117211038257624,3.1979736328125,0.7227509021759033,,91507
23760,778567680,0.36079911323665004,3.1804555892944335,0.7265757083892822,,91480
23770,778895360,0.36042627392706406,3.191349411010742,0.7224521160125732,,91516
23780,779223040,0.3600535927648505,3.2123504638671876,0.7262262344360352,,91519
23790,779550720,0.35968107006091,3.2235668182373045,0.7287684440612793,,91494
23800,779878400,0.3593087061260105,3.1888050079345702,0.7212045669555665,,91342
23810,780206080,0.3589365012707879,3.0858049392700195,0.7103611946105957,,91441
23820,780533760,0.35856445580574525,3.2541740417480467,0.7289755344390869,,91458
23830,780861440,0.3581925700412525,3.171468162536621,0.7193809032440186,,91472
23840,781189120,0.3578208442875468,3.158812713623047,0.7200894355773926,,91462
23850,781516800,0.3574492788547312,3.109564018249512,0.7266340255737305,,91511
23860,781844480,0.35707787405277547,3.2255592346191406,0.7369853019714355,,91509
23870,782172160,0.35670663019151516,3.0727128982543945,0.7157224178314209,,91466
23880,782499840,0.3563355475806518,3.1915111541748047,0.7178507804870605,,91529
23890,782827520,0.355964626529752,3.107950973510742,0.7182055473327636,,91502
23900,783155200,0.35559386734824816,3.1738616943359377,0.7384696960449219,,91427
23910,783482880,0.3552232703454369,3.1825944900512697,0.7329142570495606,,91465
23920,783810560,0.3548528358304802,3.1555034637451174,0.7280075550079346,,91437
23930,784138240,0.3544825641124042,3.155814361572266,0.728993272781372,,91484
23940,784465920,0.3541124555000993,3.1706897735595705,0.7240251541137696,,91494
23950,784793600,0.35374251030231973,3.1978786468505858,0.7267899513244629,,91475
23960,785121280,0.35337272882768356,3.143383026123047,0.7338129997253418,,91519
23970,785448960,0.353003111384672,3.132305145263672,0.7204830646514893,,91471
23980,785776640,0.35263365828162985,3.1719661712646485,0.7196853637695313,,91491
23990,786104320,0.35226436982676457,3.1451766967773436,0.7334585189819336,,91532
24000,786432000,0.35189524632814617,3.0991596221923827,0.7214869976043701,,91529
24010,786759680,0.3515262880937071,3.155458450317383,0.7312796592712403,,91507
24020,787087360,0.3511574954312422,3.096307563781738,0.7271852493286133,,91489
24030,787415040,0.35078886864840775,3.2011356353759766,0.737630558013916,,91374
24040,787742720,0.35042040805272223,3.146860694885254,0.7600139617919922,,91443
24050,788070400,0.35005211395156466,3.117682456970215,0.7175154209136962,,91504
24060,788398080,0.3496839866521758,3.143449401855469,0.7268738746643066,,91529
24070,788725760,0.349316026461657,3.14189453125,0.7280197143554688,,91499
24080,789053440,0.3489482336869706,3.20422248840332,0.725491714477539,,91495
24090,789381120,0.3485806086349388,3.1680109024047853,0.7418039321899415,,91504
24100,789708800,0.3482131516122441,3.1324085235595702,0.7245630264282227,,91294
24110,790036480,0.34784586292542874,3.1398942947387694,0.7151838302612304,,91513
24120,790364160,0.34747874288089453,3.140076446533203,0.7357439041137696,,91521
24130,790691840,0.3471117917849027,3.218006896972656,0.7461586952209472,,91470
24140,791019520,0.34674500994357355,3.1747802734375,0.748940896987915,,91516
24150,791347200,0.3463783976628859,3.160592269897461,0.731765604019165,,91488
24160,791674880,0.34601195524867756,3.1183822631835936,0.7318778038024902,,91492
24170,792002560,0.3456456830066442,3.141670036315918,0.7186663150787354,,91407
24180,792330240,0.34527958124233993,3.1678911209106446,0.7265009403228759,,91441
24190,792657920,0.34491365026117626,3.1741865158081053,0.7399576663970947,,91480
24200,792985600,0.34454789036842226,3.1438724517822267,0.719582462310791,,91520
24210,793313280,0.34418230186920484,3.192914581298828,0.737814474105835,,91496
24220,793640960,0.3438168850685075,3.1891973495483397,0.7320400238037109,,91501
24230,793968640,0.34345164027117014,3.1957345962524415,0.7293507099151612,,91512
24240,794296320,0.34308656778188973,3.144083595275879,0.7336362838745117,,91515
24250,794624000,0.3427216679052193,3.144413185119629,0.7307476997375488,,91515
24260,794951680,0.3423569409455679,3.149594306945801,0.7373156070709228,,91471
24270,795279360,0.3419923872072003,3.127583694458008,0.7258811473846436,,91493
24280,795607040,0.3416280069942369,3.127762222290039,0.7396419525146485,,91514
24290,795934720,0.3412638006106531,3.1411956787109374,0.7403272151947021,,91489
24300,796262400,0.34089976836027924,3.1367469787597657,0.7236472129821777,,91508
24310,796590080,0.340535910546801,3.174723815917969,0.7225763320922851,,91516
24320,796917760,0.3401722274737578,3.17775821685791,0.7372891426086425,,91456
24330,797245440,0.3398087194445438,3.1562192916870115,0.7266139030456543,,91488
24340,797573120,0.3394453867624067,3.182958221435547,0.7313997268676757,,91502
24350,797900800,0.33908222973044844,3.1662389755249025,0.7281016349792481,,91478
24360,798228480,0.3387192486516237,3.1350433349609377,0.7225007534027099,,91496
24370,798556160,0.3383564438287413,3.1560642242431642,0.7282416820526123,,91474
24380,798883840,0.3379938155644622,3.142160415649414,0.724020528793335,,91436
24390,799211520,0.33763136416130074,3.148734474182129,0.7430669784545898,,91408
24400,799539200,0.33726908992162274,3.152476119995117,0.7281822204589844,,91443
24410,799866880,0.3369069931476475,3.1756050109863283,0.7380074501037598,,91265
24420,800194560,0.3365450741414454,3.146681213378906,0.7185131072998047,,91491
24430,800522240,0.3361833332049388,3.1298734664916994,0.7275949954986572,,91466
24440,800849920,0.3358217706399015,3.1435707092285154,0.731433916091919,,91437
24450,801177600,0.33546038674795836,3.1700084686279295,0.7312016963958741,,91413
24460,801505280,0.3350991818305854,3.1334861755371093,0.741143274307251,,91435
24470,801832960,0.3347381561891093,3.136321449279785,0.7167967796325684,,91490
24480,802160640,0.3343773101247069,3.136886787414551,0.7218539237976074,,91394
24490,802488320,0.3340166439384056,3.125271224975586,0.7295889377593994,,91423
24500,802816000,0.3336561579310825,3.1198495864868163,0.7291026592254639,,91520
24510,803143680,0.3332958524034646,3.175362777709961,0.7331126213073731,,91497
24520,803471360,0.3329357276561282,3.1686601638793945,0.7319584369659424,,91470
24530,803799040,0.3325757839894985,3.1649166107177735,0.7301220893859863,,91438
24540,804126720,0.33221602170385034,3.1982587814331054,0.740578556060791,,91436
24550,804454400,0.3318564410993068,3.204724884033203,0.7300516605377197,,91521
24560,804782080,0.33149704247583933,3.144589424133301,0.7355740547180176,,91479
24570,805109760,0.3311378261332678,3.1571374893188477,0.734504222869873,,91508
24580,805437440,0.3307787923712598,3.235808181762695,0.7380996704101562,,91484
24590,805765120,0.3304199414893306,3.122222900390625,0.7353375434875489,,91472
24600,806092800,0.3300612737868432,3.149570655822754,0.753278112411499,,91575
24610,806420480,0.3297027895630075,3.124588394165039,0.737757682800293,,91483
24620,806748160,0.3293444891168805,3.1570409774780273,0.7388206958770752,,91541
24630,807075840,0.32898637274736564,3.181045722961426,0.7412811756134033,,91456
24640,807403520,0.3286284407532133,3.1422067642211915,0.7334785461425781,,91379
24650,807731200,0.32827069343301957,3.208060455322266,0.7432320594787598,,91436
24660,808058880,0.3279131310852267,3.136493110656738,0.7269291877746582,,91504
24670,808386560,0.32755575400812253,3.1011375427246093,0.7340572357177735,,91465
24680,808714240,0.32719856249984025,3.1117742538452147,0.7402715682983398,,91536
24690,809041920,0.3268415568583587,3.1581790924072264,0.7343663692474365,,91534
24700,809369600,0.32648473738150097,3.140732192993164,0.7333778381347656,,91524
24710,809697280,0.3261281043669356,3.1532272338867187,0.7329371929168701,,91343
24720,810024960,0.3257716581121749,3.1160371780395506,0.7462456703186036,,91498
24730,810352640,0.3254153989145758,3.202801513671875,0.740653133392334,,91461
24740,810680320,0.3250593270713391,3.1453996658325196,0.7343011856079101,,91528
24750,811008000,0.32470344287950925,3.2136394500732424,0.7295806407928467,,91506
24760,811335680,0.3243477466359741,3.1175127029418945,0.7335063457489014,,91490
24770,811663360,0.3239922386374649,3.114389419555664,0.7339146137237549,,91482
24780,811991040,0.3236369191805556,3.1606418609619142,0.7501744747161865,,91478
24790,812318720,0.3232817885616631,3.1466190338134767,0.7225622177124024,,91515
24800,812646400,0.32292684707704666,3.189667510986328,0.7348860740661621,,91511
24810,812974080,0.3225720950228078,3.1919179916381837,0.7296846389770508,,91521
24820,813301760,0.32221753269488995,3.1268390655517577,0.7540343284606934,,91534
24830,813629440,0.32186316038907825,3.1324052810668945,0.7405938148498535,,91511
24840,813957120,0.32150897840099946,3.1912851333618164,0.7517075061798095,,91528
24850,814284800,0.32115498702612144,3.12387638092041,0.7486327648162842,,91533
24860,814612480,0.32080118655975287,3.2034191131591796,0.7347025394439697,,91523
24870,814940160,0.32044757729704376,3.19818000793457,0.7487789630889893,,91473
24880,815267840,0.32009415953298404,3.1430858612060546,0.7532004833221435,,91520
24890,815595520,0.3197409335624042,3.0987377166748047,0.7262597560882569,,91459
24900,815923200,0.3193878996799744,3.189940643310547,0.7402031421661377,,91548
24910,816250880,0.31903505818020483,3.1343530654907226,0.7444498062133789,,91518
24920,816578560,0.3186824093574453,3.1039030075073244,0.7355238437652588,,91520
24930,816906240,0.31832995350588444,3.1592411041259765,0.7352472305297851,,91450
24940,817233920,0.3179776909195502,3.169564056396484,0.7351516723632813,,91435
24950,817561600,0.31762562189230936,3.1337671279907227,0.7324373245239257,,91406
24960,817889280,0.3172737467178669,3.1314041137695314,0.7655702590942383,,91556
24970,818216960,0.3169220656897668,3.235700225830078,0.7483518123626709,,91437
24980,818544640,0.3165705791013902,3.162594223022461,0.7461266994476319,,91466
24990,818872320,0.31621928724595655,3.1535408020019533,0.7490758895874023,,91538
25000,819200000,0.3158681904165227,3.1069690704345705,0.7392269611358643,,91474
25010,819527680,0.31551728890598296,3.1511762619018553,0.7364671230316162,,91497
25020,819855360,0.31516658300706835,3.197749900817871,0.7549564361572265,,91453
25030,820183040,0.3148160730123471,3.208439254760742,0.7670168876647949,,91531
25040,820510720,0.3144657592142237,3.1498050689697266,0.7561488628387452,,91557
25050,820838400,0.31411564190493924,3.140787887573242,0.7406905651092529,,91524
25060,821166080,0.31376572137657066,3.135687828063965,0.7293834209442138,,91511
25070,821493760,0.3134159979210309,3.186245346069336,0.7432846069335938,,91552
25080,821821440,0.3130664718300684,3.0962955474853517,0.7538529396057129,,91434
25090,822149120,0.3127171433952668,3.169512176513672,0.7414549350738525,,91475
25100,822476800,0.3123680129080456,3.1696306228637696,0.7343884944915772,,91547
25110,822804480,0.31201908065965805,3.2267555236816405,0.7493384838104248,,91455
25120,823132160,0.3116703469411928,3.1630228042602537,0.7430902481079101,,91518
25130,823459840,0.3113218120435726,3.0658937454223634,0.737908935546875,,91554
25140,823787520,0.31097347625755445,3.213760757446289,0.7448484897613525,,91493
25150,824115200,0.3106253398737292,3.1613555908203126,0.7411695003509522,,91534
25160,824442880,0.3102774031825213,3.1374465942382814,0.7355979919433594,,91486
25170,824770560,0.3099296664741887,3.100667953491211,0.7250383377075196,,91495
25180,825098240,0.3095821300388224,3.150800895690918,0.7410993099212646,,91515
25190,825425920,0.30923479416634636,3.1587188720703123,0.7438279628753662,,91534
25200,825753600,0.3088876591465176,3.1120620727539063,0.7509332656860351,,91494
25210,826081280,0.30854072526892495,3.1297779083251953,0.7526464462280273,,91476
25220,826408960,0.30819399282298987,3.1898386001586916,0.7519543170928955,,91437
25230,826736640,0.30784746209796565,3.089460754394531,0.7551107406616211,,91481
25240,827064320,0.3075011333829372,3.2113105773925783,0.7467805862426757,,91483
25250,827392000,0.3071550069668212,3.1465665817260744,0.742626142501831,,91565
25260,827719680,0.3068090831383652,3.068118858337402,0.7426783084869385,,91478
25270,828047360,0.3064633621861481,3.139817810058594,0.7528705596923828,,91481
25280,828375040,0.30611784439857925,3.1073125839233398,0.7410436630249023,,91488
25290,828702720,0.3057725300638986,3.178200531005859,0.7463363170623779,,91453
25300,829030400,0.3054274194701764,3.2310821533203127,0.752341365814209,,91533
25310,829358080,0.30508251290531313,3.1394981384277343,0.746161699295044,,91482
25320,829685760,0.30473781065703887,3.126047897338867,0.7449443817138672,,91227
25330,830013440,0.30439331301291317,3.1468473434448243,0.7446784973144531,,91399
25340,830341120,0.3040490202603251,3.171435737609863,0.7431257247924805,,91465
25350,830668800,0.3037049326864926,3.172555351257324,0.742999267578125,,91432
25360,830996480,0.30336105057846263,3.1601642608642577,0.7545263290405273,,91500
25370,831324160,0.3030173742231106,3.102239799499512,0.7336993217468262,,91511
25380,831651840,0.30267390390714044,3.0890121459960938,0.7384281158447266,,91453
25390,831979520,0.30233063991708387,3.101453971862793,0.7483850955963135,,91397
25400,832307200,0.3019875825393009,3.1029516220092774,0.7400833129882812,,91460
25410,832634880,0.301644732059979,3.1531883239746095,0.747183084487915,,91439
25420,832962560,0.30130208876513276,3.065277862548828,0.7351010322570801,,91418
25430,833290240,0.30095965294060456,3.1398031234741213,0.7475394248962403,,91441
25440,833617920,0.30061742487206317,3.155238151550293,0.7334985733032227,,91405
25450,833945600,0.3002754048450044,3.149703788757324,0.741991376876831,,91475
25460,834273280,0.29993359314475,3.2101619720458983,0.7645796298980713,,91449
25470,834600960,0.2995919900564485,3.16430721282959,0.7481361389160156,,91451
25480,834928640,0.29925059586507397,3.155879783630371,0.7357035160064698,,91408
25490,835256320,0.29890941085542655,3.127730941772461,0.7331133842468261,,91423
25500,835584000,0.2985684353121316,3.1602899551391603,0.7433589935302735,,91438
25510,835911680,0.29822766951963997,3.1430124282836913,0.7448648929595947,,91421
25520,836239360,0.2978871137622273,3.1539525985717773,0.744742488861084,,91500
25530,836567040,0.29754676832399407,3.195264434814453,0.7468053340911865,,91504
25540,836894720,0.29720663348886567,3.0745365142822267,0.7419661998748779,,91423
25550,837222400,0.29686670954059136,3.1359783172607423,0.7478734016418457,,91445
25560,837550080,0.2965269967627445,3.1688072204589846,0.7453241348266602,,91528
25570,837877760,0.2961874954387226,3.1407743453979493,0.7495079517364502,,91482
25580,838205440,0.2958482058517463,3.207755279541016,0.7525290966033935,,91463
25590,838533120,0.29550912828486,3.133337211608887,0.7521485328674317,,91458
25600,838860800,0.2951702630209311,3.190804290771484,0.7500903129577636,,91445
25610,839188480,0.29483161034265,3.128553009033203,0.7374509334564209,,91498
25620,839516160,0.2944931705325294,3.1367364883422852,0.7504730224609375,,91474
25630,839843840,0.29415494387290486,3.1592376708984373,0.7619912624359131,,91427
25640,840171520,0.29381693064593384,3.1992942810058596,0.7706652164459229,,91548
25650,840499200,0.2934791311335958,3.1780973434448243,0.7371508598327636,,91517
25660,840826880,0.2931415456176921,3.1633590698242187,0.7483780384063721,,91434
25670,841154560,0.2928041743798453,3.118556785583496,0.7498697280883789,,91507
25680,841482240,0.2924670177014994,3.1594169616699217,0.7513513565063477,,91552
25690,841809920,0.29213007586391926,3.126462936401367,0.7446249961853028,,91578
25700,842137600,0.2917933491481906,3.1242176055908204,0.7500318050384521,,91570
25710,842465280,0.2914568378352198,3.1273584365844727,0.7434030532836914,,91562
25720,842792960,0.2911205422057333,3.0824398040771483,0.7411012172698974,,91578
25730,843120640,0.2907844625402778,3.1370336532592775,0.7434341907501221,,91596
25740,843448320,0.2904485991192196,3.0968212127685546,0.7440532207489013,,91557
25750,843776000,0.290112952222745,3.125812530517578,0.7413816452026367,,91505
25760,844103680,0.2897775221308592,3.0795618057250977,0.7385368824005127,,91457
25770,844431360,0.2894423091233871,3.121729850769043,0.7625702381134033,,91484
25780,844759040,0.289107313479972,3.13248291015625,0.7440324306488038,,91478
25790,845086720,0.288772535480076,3.121535873413086,0.7465163230895996,,91528
25800,845414400,0.2884379754029799,3.168134880065918,0.7541444778442383,,91502
25810,845742080,0.2881036335277822,3.1844459533691407,0.752798318862915,,91631
25820,846069760,0.28776951013339974,3.1999549865722656,0.7540367126464844,,91625
25830,846397440,0.28743560549856706,3.165620040893555,0.7559352874755859,,91565
25840,846725120,0.2871019199018362,3.136600112915039,0.7509838581085205,,91510
25850,847052800,0.2867684536215763,3.1794742584228515,0.7585909843444825,,91511
25860,847380480,0.2864352069359737,3.1074520111083985,0.7519395828247071,,91467
25870,847708160,0.2861021801230318,3.114502716064453,0.7418155193328857,,91454
25880,848035840,0.28576937346056996,3.0522560119628905,0.7465229511260987,,91507
25890,848363520,0.28543678722622434,3.1126298904418945,0.7363901615142823,,91440
25900,848691200,0.2851044216974472,3.107071304321289,0.7528275966644287,,91454
25910,849018880,0.28477227715150644,3.1433958053588866,0.7816640377044678,,91404
25920,849346560,0.28444035386548583,3.2004726409912108,0.7645801544189453,,91455
25930,849674240,0.2841086521162844,3.0828269958496093,0.7444587230682373,,91300
25940,850001920,0.2837771721806165,3.133578872680664,0.7423007965087891,,91497
25950,850329600,0.2834459143350114,3.146913528442383,0.7516865730285645,,91506
25960,850657280,0.283114878855813,3.162960243225098,0.7500705242156982,,91552
25970,850984960,0.2827840660191798,3.1136207580566406,0.7530671119689941,,91523
25980,851312640,0.28245347610108457,3.1419601440429688,0.7540109634399415,,91566
25990,851640320,0.2821231093773141,3.13629264831543,0.7383676528930664,,91554
26000,851968000,0.281792966123469,3.133564758300781,0.7553665637969971,,91576
26010,852295680,0.2814630466149633,3.1229400634765625,0.7466684341430664,,91525
26020,852623360,0.28113335112702464,3.0426198959350588,0.7478882312774658,,91548
26030,852951040,0.2808038799346936,3.10723819732666,0.7364776611328125,,91524
26040,853278720,0.28047463331282363,3.1760944366455077,0.7579171180725097,,91522
26050,853606400,0.280145611536081,3.1263107299804687,0.7460950374603271,,91412
26060,853934080,0.27981681487894416,3.0292043685913086,0.7385056018829346,,91444
26070,854261760,0.279488243615704,3.092453956604004,0.7355883598327637,,91507
26080,854589440,0.27915989802046326,3.0781347274780275,0.742674732208252,,91561
26090,854917120,0.27883177836713635,3.1257160186767576,0.743564224243164,,91531
26100,855244800,0.27850388492944955,3.1716644287109377,0.7543728351593018,,91550
26110,855572480,0.27817621798093994,3.1152151107788084,0.7541630268096924,,91573
26120,855900160,0.277848777794956,3.062747001647949,0.7362407207489013,,91501
26130,856227840,0.2775215646446567,3.1067230224609377,0.7491413593292237,,91559
26140,856555520,0.2771945788030121,3.1759872436523438,0.7536273956298828,,91499
26150,856883200,0.27686782054280246,3.085624122619629,0.7470544815063477,,91540
26160,857210880,0.27654129013661766,3.0800085067749023,0.740511131286621,,91543
26170,857538560,0.27621498785685805,3.1128570556640627,0.745151424407959,,91583
26180,857866240,0.2758889139757338,3.1150026321411133,0.7389534950256348,,91537
26190,858193920,0.2755630687652638,3.0781719207763674,0.7480428218841553,,91539
26200,858521600,0.27523745249727727,3.177775764465332,0.7574401378631592,,91540
26210,858849280,0.2749120654434115,3.1407947540283203,0.755815839767456,,91512
26220,859176960,0.274586907875113,3.1797483444213865,0.7560176849365234,,91550
26230,859504640,0.27426198006363667,3.1672395706176757,0.7525301933288574,,91459
26240,859832320,0.2739372822800459,3.0924673080444336,0.7528696060180664,,91439
26250,860160000,0.273612814795212,3.122552490234375,0.754848575592041,,91510
26260,860487680,0.27328857787981425,3.1696212768554686,0.7840201377868652,,91532
26270,860815360,0.27296457180433964,3.161214256286621,0.7584446907043457,,91466
26280,861143040,0.27264079683908254,3.1246644973754885,0.7609462738037109,,91539
26290,861470720,0.27231725325414446,3.1478645324707033,0.7520967960357666,,91544
26300,861798400,0.271993941319434,3.070417022705078,0.7471836566925049,,91568
26310,862126080,0.2716708613046664,3.1184078216552735,0.7523939609527588,,91563
26320,862453760,0.2713480134793634,3.1339540481567383,0.7482649803161621,,91571
26330,862781440,0.2710253981128534,3.0962764739990236,0.7601893901824951,,91516
26340,863109120,0.27070301547427045,3.160700798034668,0.7560584545135498,,91464
26350,863436800,0.27038086583255444,3.1548154830932615,0.7646538734436035,,91447
26360,863764480,0.27005894945645126,3.0809648513793944,0.7482651233673095,,91458
26370,864092160,0.26973726661451186,3.156539535522461,0.7695345878601074,,91472
26380,864419840,0.2694158175750926,3.125904083251953,0.7716885566711426,,91542
26390,864747520,0.26909460260635454,3.134201240539551,0.7512729644775391,,91568
26400,865075200,0.26877362197626375,3.076472854614258,0.740919542312622,,91520
26410,865402880,0.2684528759525907,3.135998344421387,0.7578993797302246,,91496
26420,865730560,0.26813236480291003,3.1118358612060546,0.7439386367797851,,91494
26430,866058240,0.2678120887946006,3.1421619415283204,0.7588077545166015,,91591
26440,866385920,0.26749204819484523,3.1214393615722655,0.7565108299255371,,91525
26450,866713600,0.26717224327062994,3.177848243713379,0.7607609272003174,,91519
26460,867041280,0.2668526742887445,3.1312301635742186,0.7631342887878418,,91482
26470,867368960,0.2665333415157817,3.1799642562866213,0.7554972171783447,,91448
26480,867696640,0.2662142452181372,3.1174821853637695,0.7572942733764648,,91500
26490,868024320,0.2658953856620097,3.1230396270751952,0.7666718482971191,,91549
26500,868352000,0.2655767631134001,3.108061599731445,0.7560908794403076,,91584
26510,868679680,0.2652583778381118,3.175136375427246,0.769640588760376,,91538
26520,869007360,0.2649402301017498,3.122608947753906,0.7546771049499512,,91547
26530,869335040,0.2646223201697216,3.1074880599975585,0.7511366367340088,,91574
26540,869662720,0.264304648307236,3.1701223373413088,0.7570811748504639,,91316
26550,869990400,0.263987214779303,3.0889957427978514,0.7688323020935058,,91543
26560,870318080,0.2636700198507341,3.1176271438598633,0.7571406364440918,,91501
26570,870645760,0.26335306378614165,3.188206672668457,0.7578720569610595,,91525
26580,870973440,0.2630363468499387,3.1292997360229493,0.7457709312438965,,91452
26590,871301120,0.2627198693063387,3.1202341079711915,0.75902419090271,,91459
26600,871628800,0.26240363141935563,3.1713279724121093,0.7554673194885254,,91458
26610,871956480,0.26208763345280345,3.080791473388672,0.7435214042663574,,91478
26620,872284160,0.2617718756702959,3.1463218688964845,0.7520259380340576,,91533
26630,872611840,0.2614563583352464,3.1465354919433595,0.7579741954803467,,91523
26640,872939520,0.2611410817108677,3.1146926879882812,0.747801399230957,,91541
26650,873267200,0.2608260460601718,3.1311111450195312,0.7537790775299072,,91527
26660,873594880,0.26051125164596994,3.070199966430664,0.7520328044891358,,91468
26670,873922560,0.2601966987308718,3.0930566787719727,0.7587766170501709,,91474
26680,874250240,0.25988238757728577,3.1268133163452148,0.7564596652984619,,91468
26690,874577920,0.2595683184474181,3.175258445739746,0.7584315776824951,,91464
26700,874905600,0.2592544916032737,3.0292734146118163,0.7407391548156739,,91404
26710,875233280,0.2589409073066551,3.070256805419922,0.7598898887634278,,91454
26720,875560960,0.2586275658191626,3.1756664276123048,0.7558086395263672,,91466
26730,875888640,0.2583144674021939,3.0554988861083983,0.7462579250335694,,91375
26740,876216320,0.25800161231694385,3.1337677001953126,0.7572935104370118,,91507
26750,876544000,0.25768900082440427,3.1599674224853516,0.773326301574707,,91532
26760,876871680,0.2573766331853641,3.1908746719360352,0.7757050037384033,,91527
26770,877199360,0.2570645096604085,3.110139846801758,0.7549594879150391,,91538
26780,877527040,0.25675263050991903,3.0904722213745117,0.7404270648956299,,91553
26790,877854720,0.25644099599407355,3.149967002868652,0.7471716403961182,,91551
26800,878182400,0.25612960637284576,3.1695178985595702,0.7669694900512696,,91578
26810,878510080,0.255818461906005,3.1322402954101562,0.7597450256347656,,91555
26820,878837760,0.25550756285311604,3.121155548095703,0.7592594623565674,,91568
26830,879165440,0.25519690947353924,3.121742820739746,0.7468149185180664,,91557
26840,879493120,0.2548865020264296,3.1521236419677736,0.7686338901519776,,91486
26850,879820800,0.2545763407707372,3.0974660873413087,0.7558797836303711,,91388
26860,880148480,0.25426642596520677,3.146072578430176,0.7783021926879883,,91442
26870,880476160,0.25395675786837735,3.096934509277344,0.7642230033874512,,91513
26880,880803840,0.2536473367385821,3.082994270324707,0.7588518619537353,,91466
26890,881131520,0.2533381628339483,3.0716238021850586,0.7562050819396973,,91555
26900,881459200,0.25302923641239683,3.111373519897461,0.7559600353240967,,91539
26910,881786880,0.25272055773164237,3.15780029296875,0.765585470199585,,91581
26920,882114560,0.2524121270491926,3.1737770080566405,0.7784853935241699,,91518
26930,882442240,0.25210394462234864,3.135414886474609,0.7662558078765869,,91524
26940,882769920,0.25179601070820434,3.162237358093262,0.7555904388427734,,91543
26950,883097600,0.2514883255636461,3.1481403350830077,0.7707499504089356,,91428
26960,883425280,0.251180889445353,3.0882457733154296,0.7547157764434814,,91481
26970,883752960,0.25087370260979647,3.160275459289551,0.7721078872680665,,91557
26980,884080640,0.2505667653132394,3.08587760925293,0.7561164855957031,,91543
26990,884408320,0.2502600778117374,3.135777473449707,0.7620180130004883,,91508
27000,884736000,0.2499536403611371,3.075437545776367,0.7699854850769043,,91507
27010,885063680,0.24964745321707654,3.107723426818848,0.7570775985717774,,91526
27020,885391360,0.2493415166349851,3.0950223922729494,0.750461196899414,,91486
27030,885719040,0.2490358308700833,3.1867218017578125,0.7739717960357666,,91488
27040,886046720,0.24873039617738185,3.071645736694336,0.760796308517456,,91581
27050,886374400,0.2484252128116826,3.1636327743530273,0.7785702228546143,,91501
27060,886702080,0.2481202810275774,3.1203113555908204,0.756329870223999,,91550
27070,887029760,0.24781560107944853,3.117474365234375,0.7559873580932617,,91512
27080,887357440,0.24751117322146768,3.13013916015625,0.7583432674407959,,91544
27090,887685120,0.24720699770759685,3.0854398727416994,0.7762209892272949,,91488
27100,888012800,0.24690307479158718,3.1421491622924806,0.762031078338623,,91504
27110,888340480,0.24659940472697905,3.165544891357422,0.7665679454803467,,91530
27120,888668160,0.24629598776710204,3.1037134170532226,0.7468581676483155,,91557
27130,888995840,0.24599282416507454,3.109944152832031,0.7612729072570801,,91502
27140,889323520,0.2456899141738035,3.115558052062988,0.7733383655548096,,91498
27150,889651200,0.24538725804598446,3.1040653228759765,0.7640554904937744,,91248
27160,889978880,0.24508485603410105,3.1308847427368165,0.7606446266174316,,91523
27170,890306560,0.24478270839042499,3.117447090148926,0.7684407234191895,,91525
27180,890634240,0.24448081536701569,3.1926223754882814,0.7676655769348144,,91549
27190,890961920,0.2441791772157203,3.136129951477051,0.7709153175354004,,91559
27200,891289600,0.24387779418817326,3.106770706176758,0.7525847911834717,,91590
27210,891617280,0.2435766665357962,3.0909988403320314,0.7527189254760742,,91562
27220,891944960,0.2432757945097977,3.094844627380371,0.7569226264953614,,91493
27230,892272640,0.24297517836117305,3.0772846221923826,0.7599066257476806,,91481
27240,892600320,0.24267481834070415,3.1604833602905273,0.7623714447021485,,91511
27250,892928000,0.24237471469895924,3.0725603103637695,0.7591179847717285,,91516
27260,893255680,0.24207486768629263,3.091771697998047,0.759963846206665,,91508
27270,893583360,0.2417752775528445,3.0833784103393556,0.7621132373809815,,91543
27280,893911040,0.24147594454854082,3.1506380081176757,0.771721363067627,,91502
27290,894238720,0.2411768689230931,3.1116777420043946,0.7846265316009522,,91490
27300,894566400,0.24087805092599798,3.1275308609008787,0.7609251499176025,,91462
27310,894894080,0.24057949080653718,3.097032928466797,0.7658393859863282,,91502
27320,895221760,0.24028118881377766,3.1473236083984375,0.7733405590057373,,91560
27330,895549440,0.23998314519657057,3.0856470108032226,0.7625560760498047,,91542
27340,895877120,0.23968536020355177,3.0884414672851563,0.948758602142334,,91518
27350,896204800,0.2393878340831413,3.13509464263916,0.7753015518188476,,91494
27360,896532480,0.23909056708354318,3.1501068115234374,0.7687462329864502,,91501
27370,896860160,0.23879355945274544,3.1227073669433594,0.7556561470031739,,91528
27380,897187840,0.23849681143851967,3.096909523010254,0.7690436840057373,,91493
27390,897515520,0.23820032328842064,3.083756446838379,0.748301649093628,,91484
27400,897843200,0.23790409524978667,3.1393529891967775,0.7750538349151611,,91514
27410,898170880,0.23760812756973895,3.103964424133301,0.7648532867431641,,91514
27420,898498560,0.23731242049518125,3.189616012573242,0.7725800037384033,,91543
27430,898826240,0.23701697427280063,3.140119743347168,0.7652971744537354,,91500
27440,899153920,0.23672178914906575,3.040232849121094,0.7620594501495361,,91535
27450,899481600,0.23642686537022792,3.102631759643555,0.7667652606964112,,91487
27460,899809280,0.23613220318232012,3.147952651977539,0.774601936340332,,91420
27470,900136960,0.23583780283115746,3.0723506927490236,0.7571262359619141,,91551
27480,900464640,0.23554366456233636,3.046805763244629,0.7524624824523926,,91536
27490,900792320,0.23524978862123463,3.0356950759887695,0.7529583930969238,,91531
27500,901120000,0.2349561752530113,3.1454227447509764,0.7686346530914306,,91583
27510,901447680,0.23466282470260638,3.151300048828125,0.7809030055999756,,91559
27520,901775360,0.23436973721474055,3.1351734161376954,0.7648320674896241,,91528
27530,902103040,0.23407691303391515,3.1647924423217773,0.7858096599578858,,91556
27540,902430720,0.23378435240441156,3.1109886169433594,0.7788831710815429,,91557
27550,902758400,0.23349205557029182,3.1038234710693358,0.7660351753234863,,91511
27560,903086080,0.23320002277539764,3.152898979187012,0.7612715244293213,,91522
27570,903413760,0.23290825426335018,3.1778232574462892,0.765574598312378,,91512
27580,903741440,0.2326167502775505,3.164849853515625,0.7689908981323242,,91540
27590,904069120,0.23232551106117882,3.0821935653686525,0.7677671909332275,,91601
27600,904396800,0.23203453685719458,3.1554563522338865,0.762197732925415,,91509
27610,904724480,0.23174382790833606,3.05924015045166,0.7572530269622803,,91551
27620,905052160,0.23145338445712033,3.143967628479004,0.7746288299560546,,91471
27630,905379840,0.23116320674584293,3.145942497253418,0.7742606163024902,,91544
27640,905707520,0.23087329501657763,3.136432075500488,0.7712098121643066,,91587
27650,906035200,0.23058364951117635,3.106761169433594,0.7657949447631835,,91408
27660,906362880,0.2302942704712692,3.140760803222656,0.7820456981658935,,91443
27670,906690560,0.23000515813826367,3.139265441894531,0.7708415985107422,,91503
27680,907018240,0.22971631275334475,3.1364444732666015,0.7715579032897949,,91590
27690,907345920,0.22942773455747495,3.038005828857422,0.7602805137634278,,91502
27700,907673600,0.22913942379139368,3.1096094131469725,0.7718807697296143,,91545
27710,908001280,0.2288513806956174,3.1296085357666015,0.7664959907531739,,91558
27720,908328960,0.2285636055104391,3.145223617553711,0.772113847732544,,91497
27730,908656640,0.22827609847592856,3.0760303497314454,0.7630393981933594,,91568
27740,908984320,0.2279888598319317,3.086422920227051,0.7633823394775391,,91437
27750,909312000,0.22770188981807016,3.0797536849975584,0.7618448257446289,,91600
27760,909639680,0.22741518867374222,3.0973270416259764,0.7699670314788818,,91318
27770,909967360,0.22712875663812143,3.085844612121582,0.7639731407165528,,91504
27780,910295040,0.2268425939501568,3.0959003448486326,0.7827930450439453,,91502
27790,910622720,0.22655670084857285,3.1290328979492186,0.77281174659729,,91495
27800,910950400,0.22627107757186904,3.083338737487793,0.7680181980133056,,91506
27810,911278080,0.22598572435831976,3.151168632507324,0.7623628139495849,,91510
27820,911605760,0.22570064144597424,3.060303497314453,0.7594644546508789,,91584
27830,911933440,0.22541582907265606,3.112006950378418,0.7673189640045166,,91538
27840,912261120,0.22513128747596317,3.1200445175170897,0.7529734134674072,,91495
27850,912588800,0.22484701689326764,3.127116012573242,0.7752738475799561,,91467
27860,912916480,0.22456301756171548,3.1514387130737305,0.7820866584777832,,91428
27870,913244160,0.2242792897182263,3.0882923126220705,0.7749475002288818,,91524
27880,913571840,0.2239958335994932,3.133332061767578,0.7816844940185547,,91555
27890,913899520,0.22371264944198305,3.101918029785156,0.7702231884002686,,91541
27900,914227200,0.2234297374819353,3.1192367553710936,0.7667514324188233,,91545
27910,914554880,0.22314709795536258,3.111173629760742,0.7614510536193848,,91525
27920,914882560,0.22286473109805005,3.121482276916504,0.7732325553894043,,91611
27930,915210240,0.22258263714555568,3.0992183685302734,0.7689582824707031,,91585
27940,915537920,0.22230081633320953,3.1653642654418945,0.7798047065734863,,91535
27950,915865600,0.222019268896114,3.1049148559570314,0.773661994934082,,91560
27960,916193280,0.22173799506914335,3.0876180648803713,0.7615697860717774,,91513
27970,916520960,0.22145699508694353,3.1681449890136717,0.7671582698822021,,91525
27980,916848640,0.22117626918393193,3.098567008972168,0.7750242233276368,,91529
27990,917176320,0.22089581759429783,3.156776237487793,0.7721129417419433,,91576
28000,917504000,0.2206156405520011,3.0774065017700196,0.7644605159759521,,91582
28010,917831680,0.2203357382907728,3.064060592651367,0.7642403602600097,,91564
28020,918159360,0.2200561110441147,3.0844493865966798,0.7663374900817871,,91517
28030,918487040,0.2197767590452992,3.12945442199707,0.7714072227478027,,91479
28040,918814720,0.21949768252736906,3.0800331115722654,0.7681488037109375,,91506
28050,919142400,0.2192188817231372,3.1217552185058595,0.7979623317718506,,91489
28060,919470080,0.21894035686518665,3.1948520660400392,0.789015245437622,,91508
28070,919797760,0.21866210818587006,3.159895896911621,0.7737152099609375,,91378
28080,920125440,0.2183841359173098,3.0907499313354494,0.7617763042449951,,91475
28090,920453120,0.21810644029139764,3.138075065612793,0.7831418991088868,,91425
28100,920780800,0.21782902153979455,3.058949851989746,0.7591634750366211,,91525
28110,921108480,0.2175518798939305,3.070766830444336,0.7657815933227539,,91454
28120,921436160,0.21727501558500428,3.118013381958008,0.7620991230010986,,91489
28130,921763840,0.21699842884398346,3.107342529296875,0.7714485168457031,,91587
28140,922091520,0.2167221199016039,3.1430368423461914,0.7790948867797851,,91527
28150,922419200,0.21644608898836976,3.11193733215332,0.7740103721618652,,91517
28160,922746880,0.21617033633455324,3.135211944580078,0.7715127468109131,,91470
28170,923074560,0.2158948621701945,3.097481918334961,0.7673896789550781,,91504
28180,923402240,0.21561966672510124,3.1325441360473634,0.7767373561859131,,91556
28190,923729920,0.21534475022884875,3.0948232650756835,0.7745132923126221,,91437
28200,924057600,0.2150701129107796,3.096035194396973,0.7831323623657227,,91510
28210,924385280,0.21479575500000322,3.150198554992676,0.7872470855712891,,91415
28220,924712960,0.21452167672539652,3.0377277374267577,0.7673332214355468,,91518
28230,925040640,0.21424787831560266,3.0570077896118164,0.7681626319885254,,91523
28240,925368320,0.21397435999903142,3.1084014892578127,0.7726346492767334,,91559
28250,925696000,0.21370112200385893,3.066120910644531,0.7656628608703613,,91575
28260,926023680,0.2134281645580277,3.111949348449707,0.7905235767364502,,91482
28270,926351360,0.2131554878892456,3.0716764450073244,0.7835647106170655,,91395
28280,926679040,0.21288309222498686,3.056142044067383,0.7608705997467041,,91526
28290,927006720,0.2126109777924911,3.1900306701660157,0.7809577465057373,,91495
28300,927334400,0.21233914481876331,3.155826950073242,0.7810515403747559,,91526
28310,927662080,0.21206759353057353,3.0991472244262694,0.7649684906005859,,91504
28320,927989760,0.2117963241544572,3.0410812377929686,0.7637375831604004,,91510
28330,928317440,0.2115253369167143,3.099270057678223,0.7763456344604492,,91499
28340,928645120,0.21125463204340938,3.0663103103637694,0.7712526321411133,,91559
28350,928972800,0.21098420976037163,3.038816452026367,0.7629839897155761,,91591
28360,929300480,0.21071407029319442,3.144979476928711,0.7800961494445801,,91505
28370,929628160,0.21044421386723505,3.1071603775024412,0.7782473087310791,,91320
28380,929955840,0.210174640707615,3.0773269653320314,0.7814879417419434,,91571
28390,930283520,0.2099053510392191,3.068126106262207,0.7769237995147705,,91429
28400,930611200,0.20963634508669593,3.0740514755249024,0.7736143112182617,,91433
28410,930938880,0.20936762307445733,3.1357831954956055,0.7811142921447753,,91457
28420,931266560,0.2090991852266782,3.124952507019043,0.7787524223327636,,91482
28430,931594240,0.2088310317672965,3.1303375244140623,0.7677990913391113,,91542
28440,931921920,0.20856316292001276,3.1027889251708984,0.7768470764160156,,91541
28450,932249600,0.20829557890829034,3.1506847381591796,0.7688096523284912,,91539
28460,932577280,0.20802827995535472,3.0822418212890623,0.7703916072845459,,91529
28470,932904960,0.20776126628419378,3.1340526580810546,0.7783874988555908,,91485
28480,933232640,0.20749453811755725,3.022487449645996,0.7731545925140381,,91513
28490,933560320,0.2072280956779568,3.097275733947754,0.7696532249450684,,91473
28500,933888000,0.2069619391876657,3.0699893951416017,0.777372169494629,,91480
28510,934215680,0.20669606886871864,3.1092050552368162,0.7757008075714111,,91529
28520,934543360,0.2064304849429117,3.0535139083862304,0.7684283256530762,,91459
28530,934871040,0.2061651876318018,3.0534425735473634,0.774663257598877,,91534
28540,935198720,0.20590017715670694,3.16062068939209,0.800570011138916,,91542
28550,935526400,0.20563545373870595,3.1025415420532227,0.7877277374267578,,91577
28560,935854080,0.20537101759863802,3.1156284332275392,0.7712671279907226,,91496
28570,936181760,0.20510686895710262,3.085637855529785,0.7775398254394531,,91496
28580,936509440,0.20484300803445946,3.152126693725586,0.7799563884735108,,91504
28590,936837120,0.20457943505082832,3.1434608459472657,0.7853732109069824,,91522
28600,937164800,0.20431615022608873,3.073569488525391,0.7664519786834717,,91528
28610,937492480,0.2040531537798796,3.099746322631836,0.7750977039337158,,91553
28620,937820160,0.20379044593159978,3.0296199798583983,0.7718930721282959,,91559
28630,938147840,0.20352802690040672,3.045882797241211,0.767592191696167,,91397
28640,938475520,0.20326589690521724,3.0770727157592774,0.765926456451416,,91438
28650,938803200,0.2030040561647074,3.114227294921875,0.7713305473327636,,91402
28660,939130880,0.20274250489731133,3.099333572387695,0.7716963768005372,,91512
28670,939458560,0.20248124332122203,3.0962947845458983,0.7791275978088379,,91535
28680,939786240,0.20222027165439077,3.0943675994873048,0.7801529884338378,,91361
28690,940113920,0.201959590114527,3.108637046813965,0.779755687713623,,91484
28700,940441600,0.201699198919098,3.0968929290771485,0.7834529876708984,,91469
28710,940769280,0.20143909828532897,3.091511535644531,0.7715131282806397,,91484
28720,941096960,0.20117928843020272,3.145806312561035,0.7812721252441406,,91503
28730,941424640,0.20091976957045932,3.1754770278930664,0.789056921005249,,91476
28740,941752320,0.20066054192259636,3.0660314559936523,0.786074161529541,,91518
28750,942080000,0.20040160570286825,3.137187385559082,0.7916275501251221,,91494
28760,942407680,0.2001429611272864,3.1178310394287108,0.792917537689209,,91529
28770,942735360,0.19988460841161876,2.9975080490112305,0.7601199626922608,,91397
28780,943063040,0.19962654777139024,3.0885515213012695,0.7723963737487793,,91508
28790,943390720,0.1993687794218817,3.078487205505371,0.7755807876586914,,91522
28800,943718400,0.19911130357813006,3.1467498779296874,0.7824112892150878,,91503
28810,944046080,0.19885412045492856,3.1085943222045898,0.7612580299377442,,91576
28820,944373760,0.19859723026682607,3.0679683685302734,0.7725413322448731,,91484
28830,944701440,0.19834063322812712,3.0393016815185545,0.7636181831359863,,91553
28840,945029120,0.19808432955289168,3.1115386962890623,0.7753380298614502,,91438
28850,945356800,0.19782831945493506,3.1175540924072265,0.8686617851257324,,91467
28860,945684480,0.1975726031478275,3.1820417404174806,0.8178894996643067,,91497
28870,946012160,0.19731718084489422,3.109159469604492,0.7874143123626709,,91469
28880,946339840,0.1970620527592154,3.061526870727539,0.7752894401550293,,91454
28890,946667520,0.19680721910362542,3.082741546630859,0.7794747829437256,,91528
28900,946995200,0.19655268009071325,3.103642463684082,0.7957225799560547,,91496
28910,947322880,0.19629843593282198,3.0724903106689454,0.7761845588684082,,91466
28920,947650560,0.19604448684204878,3.1636194229125976,0.7977944850921631,,91471
28930,947978240,0.19579083303024464,3.1459415435791014,0.7879762172698974,,91513
28940,948305920,0.19553747470901417,3.081335258483887,0.7821498870849609,,91533
28950,948633600,0.1952844120897156,3.076253128051758,0.7838867664337158,,91571
28960,948961280,0.1950316453834603,3.148549270629883,0.7969699382781983,,91456
28970,949288960,0.194779174801113,3.086162567138672,0.7768530368804931,,91493
28980,949616640,0.1945270005532912,3.1247657775878905,0.7746168613433838,,91310
28990,949944320,0.1942751228503653,3.056567573547363,0.7778832912445068,,91579
29000,950272000,0.19402354190245827,3.054753303527832,0.7956952571868896,,91461
29010,950599680,0.19377225791944552,3.06632080078125,0.7840049266815186,,91429
29020,950927360,0.19352127111095474,3.0980321884155275,0.7708984375,,91546
29030,951255040,0.19327058168636574,3.0621150970458983,0.7681809902191162,,91572
29040,951582720,0.19302018985481023,3.0868623733520506,0.7842150211334229,,91504
29050,951910400,0.19277009582517154,3.1286014556884765,0.7700797557830811,,91522
29060,952238080,0.19252029980608476,3.112431526184082,0.7783251285552979,,91485
29070,952565760,0.19227080200593621,3.1322891235351564,0.7887554168701172,,91439
29080,952893440,0.1920216026328636,3.121213912963867,0.7804438591003418,,91502
29090,953221120,0.19177270189475548,3.048698616027832,0.7644144058227539,,91458
29100,953548800,0.19152409999925124,3.110088920593262,0.7782295227050782,,91479
29110,953876480,0.19127579715374146,3.1378698348999023,0.7885652542114258,,91509
29120,954204160,0.19102779356536664,3.0724254608154298,0.790150499343872,,91492
29130,954531840,0.19078008944101793,3.1081418991088867,0.7848995685577392,,91421
29140,954859520,0.19053268498733672,3.171200180053711,0.7853493690490723,,91503
29150,955187200,0.19028558041071403,3.184473991394043,0.7910488605499267,,91566
29160,955514880,0.19003877591729115,3.1001714706420898,0.7783673763275146,,91542
29170,955842560,0.18979227171295882,3.023539924621582,0.773792839050293,,91456
29180,956170240,0.18954606800335727,3.0726953506469727,0.78108229637146,,91525
29190,956497920,0.18930016499387614,3.0941205978393556,0.7728743553161621,,91473
29200,956825600,0.18905456288965405,3.0958044052124025,0.7827694416046143,,91467
29210,957153280,0.188809261895579,3.089716148376465,0.7728697776794433,,91431
29220,957480960,0.1885642622162873,3.0941911697387696,0.7769644737243653,,91431
29230,957808640,0.18831956405616412,3.1196922302246093,0.7790895462036133,,91496
29240,958136320,0.18807516761934312,3.0826488494873048,0.7819745063781738,,91612
29250,958464000,0.1878310731097062,3.085403060913086,0.7798135280609131,,91522
29260,958791680,0.1875872807308834,3.1007814407348633,0.7905344009399414,,91458
29270,959119360,0.18734379068625268,3.0374271392822267,0.7785860061645508,,91547
29280,959447040,0.18710060317893992,3.117964744567871,0.7795394897460938,,91506
29290,959774720,0.18685771841181842,3.0485069274902346,0.7838887214660645,,91378
29300,960102400,0.186615136587509,3.031764030456543,0.7723700046539307,,91450
29310,960430080,0.18637285790837982,3.1598154067993165,0.8011784553527832,,91550
29320,960757760,0.18613088257654614,3.0544830322265626,0.7809183597564697,,91528
29330,961085440,0.18588921079387016,3.1041114807128904,0.7922087669372558,,91522
29340,961413120,0.18564784276196067,3.0861846923828127,0.7923912048339844,,91479
29350,961740800,0.1854067786821733,3.099258613586426,0.788127326965332,,91541
29360,962068480,0.18516601875561006,3.0692821502685548,0.7869292259216308,,91562
29370,962396160,0.1849255631831191,3.1090803146362305,0.7875726222991943,,91469
29380,962723840,0.18468541216529483,3.0471546173095705,0.781718111038208,,91457
29390,963051520,0.18444556590247754,3.0722108840942384,0.7856450080871582,,91448
29400,963379200,0.18420602459475321,3.2016071319580077,0.7916109561920166,,91583
29410,963706880,0.18396678844195355,3.090850257873535,0.7856575012207031,,91529
29420,964034560,0.18372785764365557,3.089788818359375,0.7945098876953125,,91539
29430,964362240,0.18348923239918147,3.0144725799560548,0.7742668628692627,,91492
29440,964689920,0.18325091290759898,3.102359390258789,0.7959309101104737,,91506
29450,965017600,0.18301289936772036,3.1041650772094727,0.7899421691894531,,91505
29460,965345280,0.18277519197810269,3.0435274124145506,0.781507921218872,,91497
29470,965672960,0.1825377909370477,3.0987934112548827,0.7982540130615234,,91425
29480,966000640,0.1823006964426017,3.175812339782715,0.8005561828613281,,91510
29490,966328320,0.18206390869255507,3.0858041763305666,0.7902926445007324,,91505
29500,966656000,0.18182742788444217,3.051972007751465,0.7819902896881104,,91532
29510,966983680,0.18159125421554168,3.088777542114258,0.7845703125,,91448
29520,967311360,0.1813553878828758,3.0533708572387694,0.7971882820129395,,91518
29530,967639040,0.1811198290832105,3.1386999130249023,0.7914811611175537,,91535
29540,967966720,0.18088457801305485,3.099541664123535,0.796826696395874,,91511
29550,968294400,0.18064963486866176,3.114970016479492,0.7860065460205078,,91495
29560,968622080,0.1804149998460269,3.065791702270508,0.7775214672088623,,91481
29570,968949760,0.18018067314088887,3.121648406982422,0.8066716194152832,,91477
29580,969277440,0.17994665494872922,3.1672552108764647,0.8029118537902832,,91528
29590,969605120,0.17971294546477207,3.0507408142089845,0.7847802639007568,,91297
29600,969932800,0.17947954488398388,3.0961736679077148,0.7997010231018067,,91563
29610,970260480,0.17924645340107362,3.103657913208008,0.7969247341156006,,91445
29620,970588160,0.17901367121049233,3.097626876831055,0.7736595630645752,,91478
29630,970915840,0.17878119850643304,3.1080080032348634,0.7905405998229981,,91533
29640,971243520,0.17854903548283044,3.103778839111328,0.7909916877746582,,91461
29650,971571200,0.17831718233336113,3.1295013427734375,0.7883159160614014,,91547
29660,971898880,0.1780856392514431,3.0448772430419924,0.7801568984985352,,91487
29670,972226560,0.1778544064302356,3.0949621200561523,0.8101682662963867,,91496
29680,972554240,0.17762348406263911,3.064407730102539,0.7773455619812012,,91500
29690,972881920,0.17739287234129514,3.1088939666748048,0.8006231307983398,,91571
29700,973209600,0.17716257145858605,3.0889793395996095,0.7935884475708008,,91498
29710,973537280,0.17693258160663486,3.0906444549560548,0.7728079319000244,,91476
29720,973864960,0.17670290297730512,3.09918098449707,1.0998443603515624,,91423
29730,974192640,0.17647353576220082,3.033805274963379,0.7924438953399658,,91398
29740,974520320,0.17624448015266603,3.0662466049194337,0.7781635761260987,,91474
29750,974848000,0.176015736339785,3.1021486282348634,0.7841561794281006,,91481
29760,975175680,0.17578730451438176,3.090381050109863,0.7881820201873779,,91500
29770,975503360,0.17555918486702005,3.136037254333496,0.7977096557617187,,91424
29780,975831040,0.17533137758800355,3.038331985473633,0.7834926605224609,,91453
29790,976158720,0.17510388286737483,3.121007537841797,0.7839920997619629,,91477
29800,976486400,0.17487670089491597,3.061798667907715,0.7798333168029785,,91537
29810,976814080,0.1746498318601482,3.0883644104003904,0.7747683525085449,,91521
29820,977141760,0.17442327595233165,3.053941535949707,0.7723664283752442,,91459
29830,977469440,0.17419703336046505,3.0858078002929688,0.7952723026275634,,91456
29840,977797120,0.173971104273286,3.1166408538818358,0.8029897689819336,,91458
29850,978124800,0.17374548887927058,3.053981971740723,0.7811685562133789,,91446
29860,978452480,0.1735201873666328,3.095685577392578,0.7805970191955567,,91475
29870,978780160,0.17329519992332515,3.1036140441894533,0.7867805480957031,,91507
29880,979107840,0.1730705267370382,3.0622608184814455,0.8022616386413575,,91543
29890,979435520,0.17284616799520017,3.057240867614746,0.7840776443481445,,91534
29900,979763200,0.172622123884977,3.1447565078735353,0.8002750396728515,,91379
29910,980090880,0.1723983945932721,3.1457073211669924,0.7978671550750732,,91495
29920,980418560,0.1721749803067263,3.089577293395996,0.7986212253570557,,91530
29930,980746240,0.17195188121171778,3.1054767608642577,0.7893243312835694,,91446
29940,981073920,0.17172909749436158,3.1124820709228516,0.7878739356994628,,91415
29950,981401600,0.1715066293405097,3.134517288208008,0.7961887359619141,,91452
29960,981729280,0.17128447693575088,3.110848236083984,0.788455867767334,,91477
29970,982056960,0.17106264046541053,3.085054397583008,0.8027420043945312,,91529
29980,982384640,0.1708411201145505,3.069082260131836,0.801423168182373,,91513
29990,982712320,0.17061991606796878,3.053207778930664,0.8048825263977051,,91487
30000,983040000,0.17039902851019953,3.1417987823486326,0.7912212371826172,,91513
30010,983367680,0.1701784576255131,3.058859443664551,0.78839111328125,,91420
30020,983695360,0.1699582035979156,3.0463823318481444,0.7900681018829345,,91503
30030,984023040,0.16973826661114838,3.1065317153930665,0.7800642013549804,,91440
30040,984350720,0.1695186468486889,3.068417549133301,0.7878582000732421,,91528
30050,984678400,0.1692993444937496,3.1289365768432615,0.8103413581848145,,91556
30060,985006080,0.1690803597292783,3.1079330444335938,0.8047088623046875,,91528
30070,985333760,0.16886169273795779,3.0768407821655273,0.788445234298706,,91500
30080,985661440,0.16864334370220585,3.099770736694336,0.7825371265411377,,91459
30090,985989120,0.16842531280417494,3.0303815841674804,0.78239426612854,,91537
30100,986316800,0.1682076002257521,3.077422523498535,0.7955567359924316,,91515
30110,986644480,0.16799020614855906,3.0911584854125977,0.7815119743347168,,91537
30120,986972160,0.1677731307539515,3.0122446060180663,0.7693081855773926,,91496
30130,987299840,0.1675563742230195,3.1162513732910155,0.7934921741485595,,91486
30140,987627520,0.16733993673658698,3.1255718231201173,0.7959018230438233,,91446
30150,987955200,0.16712381847521174,3.0812400817871093,0.7990353107452393,,91462
30160,988282880,0.16690801961918536,3.0338457107543944,0.8011879920959473,,91489
30170,988610560,0.16669254034853287,3.0459341049194335,0.7826447010040283,,91328
30180,988938240,0.16647738084301272,3.0440963745117187,0.7940323829650879,,91452
30190,989265920,0.16626254128211668,3.135082244873047,0.7915767669677735,,91398
30200,989593600,0.16604802184506945,3.051039123535156,0.7883761882781982,,91352
30210,989921280,0.1658338227108288,3.1254531860351564,0.7984097957611084,,91562
30220,990248960,0.16561994405808528,3.022962760925293,0.7908998966217041,,91418
30230,990576640,0.16540638606526203,3.076974868774414,0.7856784343719483,,91519
30240,990904320,0.16519314891051481,3.1428298950195312,0.7949388504028321,,91562
30250,991232000,0.16498023277173157,3.171767997741699,0.8456374168395996,,91566
30260,991559680,0.1647676378265326,3.112277030944824,0.7967829704284668,,91602
30270,991887360,0.1645553642522701,3.1089712142944337,0.8074326515197754,,91623
30280,992215040,0.16434341222602827,3.0551353454589845,0.7845536231994629,,91470
30290,992542720,0.16413178192462308,3.1267276763916017,0.7996053695678711,,91526
30300,992870400,0.1639204735246021,3.0771530151367186,0.7893520355224609,,91550
30310,993198080,0.1637094872022442,3.095751190185547,0.7947885513305664,,91504
30320,993525760,0.16349882313355985,3.0950954437255858,0.8025928497314453,,91428
30330,993853440,0.16328848149429037,3.0791576385498045,0.7824594497680664,,91490
30340,994181120,0.16307846245990854,3.06669921875,0.7854588508605957,,91440
30350,994508800,0.16286876620561755,3.1131404876708983,0.8023615837097168,,91542
30360,994836480,0.16265939290635156,3.166979217529297,0.7980794906616211,,91569
30370,995164160,0.16245034273677536,3.097499656677246,0.7980823040008544,,91541
30380,995491840,0.1622416158712839,3.133113479614258,0.7964449882507324,,91507
30390,995819520,0.1620332124840027,3.119745635986328,0.7987420558929443,,91514
30400,996147200,0.16182513274878726,3.0338855743408204,0.7887134552001953,,91512
30410,996474880,0.16161737683922328,3.122714614868164,0.8115910530090332,,91561
30420,996802560,0.1614099449286261,3.088795852661133,0.7998035907745361,,91583
30430,997130240,0.16120283719004072,3.137313461303711,0.7948837757110596,,91541
30440,997457920,0.16099605379624213,3.126983070373535,0.820172119140625,,91496
30450,997785600,0.16078959491973435,3.1107486724853515,0.7936553478240966,,91521
30460,998113280,0.1605834607327507,3.0699987411499023,0.7891487121582031,,91522
30470,998440960,0.16037765140725385,3.08514289855957,0.784766149520874,,91495
30480,998768640,0.16017216711493526,3.050054931640625,0.7892887115478515,,91507
30490,999096320,0.1599670080272153,3.127231979370117,0.805289363861084,,91523
30500,999424000,0.15976217431524312,3.0850210189819336,0.793171739578247,,91465
30510,999751680,0.15955766614989628,3.059061622619629,0.795607042312622,,91371
30520,1000079360,0.15935348370178098,3.037314796447754,0.7833349704742432,,91481
30530,1000407040,0.15914962714123146,3.0962491989135743,0.7974968910217285,,91523
30540,1000734720,0.15894609663831027,3.0879220962524414,0.8069317817687989,,91514
30550,1001062400,0.1587428923628079,3.11023006439209,0.8006418228149415,,91523
30560,1001390080,0.15854001448424263,3.1198667526245116,0.7972989082336426,,91486
30570,1001717760,0.1583374631718605,3.0837005615234374,0.7860730648040771,,91533
30580,1002045440,0.1581352385946352,3.072346496582031,0.8042849540710449,,91514
30590,1002373120,0.15793334092126776,3.103327178955078,0.7877447605133057,,91544
30600,1002700800,0.1577317703201864,3.0630266189575197,0.8052223205566407,,91494
30610,1003028480,0.15753052695954675,3.0790775299072264,0.7959204196929932,,91497
30620,1003356160,0.15732961100723125,3.122815704345703,0.8106559753417969,,91443
30630,1003683840,0.15712902263084916,3.0479095458984373,0.7905669212341309,,91525
30640,1004011520,0.1569287619977367,3.1405887603759766,0.7953898906707764,,91547
30650,1004339200,0.15672882927495646,3.1104040145874023,0.7935751914978028,,91531
30660,1004666880,0.1565292246292975,3.0747756958007812,0.7953999519348145,,91594
30670,1004994560,0.15632994822727536,3.141279602050781,0.8028929710388184,,91504
30680,1005322240,0.15613100023513168,3.0641046524047852,0.788977575302124,,91518
30690,1005649920,0.15593238081883398,3.069285202026367,0.798837423324585,,91412
30700,1005977600,0.15573409014407588,3.003187561035156,0.7954023361206055,,91507
30710,1006305280,0.15553612837627653,3.076264572143555,0.7953368663787842,,91496
30720,1006632960,0.15533849568058095,3.041008949279785,0.7998481273651123,,91541
30730,1006960640,0.15514119222185957,3.0989471435546876,0.8124861717224121,,91522
30740,1007288320,0.15494421816470785,3.115660858154297,0.7994712829589844,,91443
30750,1007616000,0.1547475736734469,3.030997085571289,0.7919535160064697,,91462
30760,1007943680,0.15455125891212262,3.084598350524902,0.7926061630249024,,91489
30770,1008271360,0.15435527404450602,3.1034257888793944,0.7991678237915039,,91500
30780,1008599040,0.1541596192340928,3.114645004272461,0.8063478469848633,,91519
30790,1008926720,0.15396429464410333,3.124991798400879,0.8027581214904785,,91515
30800,1009254400,0.1537693004374825,3.062213134765625,0.7933966636657714,,91486
30810,1009582080,0.15357463677689953,3.108552169799805,0.8140449523925781,,91307
30820,1009909760,0.153380303824748,3.1208255767822264,0.8139411926269531,,91539
30830,1010237440,0.1531863017431456,3.1152725219726562,0.8104650497436523,,91425
30840,1010565120,0.15299263069393387,3.1044219970703124,0.7928892135620117,,91529
30850,1010892800,0.15279929083867833,3.0801883697509767,0.799083948135376,,91547
30860,1011220480,0.1526062823386681,3.061956787109375,0.7897102355957031,,91540
30870,1011548160,0.15241360535491605,3.072856140136719,0.8174287796020507,,91591
30880,1011875840,0.1522212600481582,3.1236347198486327,0.8066246986389161,,91444
30890,1012203520,0.1520292465788541,3.125879096984863,0.7973373889923095,,91461
30900,1012531200,0.15183756510718663,3.0560531616210938,0.8132943153381348,,91479
30910,1012858880,0.15164621579306126,3.0968338012695313,0.8002037048339844,,91568
30920,1013186560,0.15145519879610658,2.9772172927856446,0.7836661338806152,,91510
30930,1013514240,0.15126451427567417,3.096389579772949,0.7999068260192871,,91492
30940,1013841920,0.1510741623908379,3.0723188400268553,0.794489860534668,,91432
30950,1014169600,0.15088414330039437,3.105823516845703,0.799796724319458,,91383
30960,1014497280,0.1506944571628625,3.218109893798828,0.8093628883361816,,91453
30970,1014824960,0.15050510413648338,3.050494384765625,0.801124382019043,,91455
30980,1015152640,0.1503160843792203,3.062816619873047,0.8076004981994629,,91536
30990,1015480320,0.15012739804875846,3.045253562927246,0.8071518898010254,,91621
31000,1015808000,0.14993904530250501,3.1104883193969726,0.8337605476379395,,91477
31010,1016135680,0.1497510262975888,3.046491241455078,0.7902916431427002,,91466
31020,1016463360,0.14956334119086007,3.0958698272705076,0.80435152053833,,91522
31030,1016791040,0.14937599013889075,3.085928535461426,0.8052942276000976,,91507
31040,1017118720,0.14918897329797398,3.0063796997070313,0.7880780220031738,,91446
31050,1017446400,0.14900229082412408,3.1046865463256834,0.8038993835449219,,91502
31060,1017774080,0.14881594287307653,3.0744266510009766,0.8174275398254395,,91565
31070,1018101760,0.1486299296002876,3.125138854980469,0.798293924331665,,91554
31080,1018429440,0.14844425116093457,3.0812004089355467,0.8011165618896484,,91470
31090,1018757120,0.14825890770991498,3.0748722076416017,0.7994774341583252,,91503
31100,1019084800,0.1480738994018475,3.0772115707397463,0.7906521797180176,,91480
31110,1019412480,0.14788922639107072,3.0368282318115236,0.8047699928283691,,91474
31120,1019740160,0.14770488883164387,3.1121679306030274,0.8098071098327637,,91358
31130,1020067840,0.14752088687734605,3.063071060180664,0.8093940734863281,,91486
31140,1020395520,0.14733722068167654,3.1350292205810546,0.8127824783325195,,91548
31150,1020723200,0.1471538903978545,3.1031209945678713,0.7962309837341308,,91444
31160,1021050880,0.14697089617881892,3.0903100967407227,0.8044604301452637,,91490
31170,1021378560,0.1467882381772283,3.0678470611572264,0.8012637138366699,,91548
31180,1021706240,0.14660591654546073,3.0903478622436524,0.8001543045043945,,91527
31190,1022033920,0.14642393143561372,3.093664360046387,0.795306396484375,,91451
31200,1022361600,0.14624228299950404,3.1382349014282225,0.8031135559082031,,91503
31210,1022689280,0.14606097138866755,3.105299377441406,0.813204574584961,,91442
31220,1023016960,0.14587999675435906,3.0884916305541994,0.8103105545043945,,91399
31230,1023344640,0.14569935924755253,3.056218719482422,0.8082881927490234,,91543
31240,1023672320,0.1455190590189405,3.0783409118652343,0.798050832748413,,91529
31250,1024000000,0.1453390962189341,3.0622520446777344,0.7948915958404541,,91462
31260,1024327680,0.14515947099766285,3.124165725708008,0.8091587066650391,,91487
31270,1024655360,0.14498018350497505,3.113577651977539,0.8125733375549317,,91510
31280,1024983040,0.14480123389043692,3.0286989212036133,0.7902162551879883,,91551
31290,1025310720,0.1446226223033329,3.0646413803100585,0.8073210716247559,,91441
31300,1025638400,0.1444443488926655,3.1077882766723635,0.8148857116699219,,91456
31310,1025966080,0.14426641380715508,3.102870750427246,0.8063630104064942,,91517
31320,1026293760,0.1440888171952397,3.137674331665039,0.8118474006652832,,91509
31330,1026621440,0.14391155920507515,3.119061088562012,0.8130163192749024,,91527
31340,1026949120,0.14373463998453476,3.0959238052368163,0.8008028030395508,,91535
31350,1027276800,0.14355805968120908,3.001540946960449,0.7857995510101319,,91545
31360,1027604480,0.14338181844240608,2.992073631286621,0.7934617042541504,,91534
31370,1027932160,0.1432059164151508,3.127479362487793,0.8037931442260742,,91536
31380,1028259840,0.14303035374618533,3.116502380371094,0.8081984519958496,,91437
31390,1028587520,0.14285513058196866,3.048613739013672,0.8058283805847168,,91540
31400,1028915200,0.14268024706867655,3.0138916015625,0.7933557510375977,,91559
31410,1029242880,0.14250570335220136,3.087565803527832,0.8110300064086914,,91498
31420,1029570560,0.1423314995781521,3.0499343872070312,0.8098977088928223,,91339
31430,1029898240,0.14215763589185412,3.1018043518066407,0.8161392211914062,,91529
31440,1030225920,0.14198411243834902,3.079391288757324,0.7942894458770752,,91471
31450,1030553600,0.14181092936239462,3.0620647430419923,0.7933719635009766,,91518
31460,1030881280,0.14163808680846487,3.0896488189697267,0.7994171142578125,,91562
31470,1031208960,0.1414655849207494,3.11966552734375,0.8113576889038085,,91429
31480,1031536640,0.14129342384315396,3.0692481994628906,0.8030521392822265,,91432
31490,1031864320,0.14112160371929977,3.1406816482543944,0.8066014289855957,,91411
31500,1032192000,0.14095012469252372,3.140270805358887,0.8070539474487305,,91508
31510,1032519680,0.14077898690587803,3.0928228378295897,0.7983355522155762,,91547
31520,1032847360,0.14060819050213036,3.0233076095581053,0.8044739723205566,,91473
31530,1033175040,0.14043773562376358,3.1145925521850586,0.7981231689453125,,91507
31540,1033502720,0.14026762241297563,3.115127372741699,0.811289119720459,,91474
31550,1033830400,0.14009785101167938,3.068366813659668,0.8024971008300781,,91521
31560,1034158080,0.13992842156150245,3.046879196166992,0.7924860954284668,,91568
31570,1034485760,0.13975933420378758,3.055043029785156,0.7987919807434082,,91484
31580,1034813440,0.1395905890795918,3.0806900024414063,0.8064621925354004,,91449
31590,1035141120,0.13942218632968661,3.0349042892456053,0.8016410827636719,,91547
31600,1035468800,0.13925412609455823,3.0695186614990235,0.8070454597473145,,91532
31610,1035796480,0.13908640851440657,3.1171504974365236,0.7939488410949707,,91554
31620,1036124160,0.1389190337291463,3.0940731048583983,0.8266768455505371,,91545
31630,1036451840,0.13875200187840575,3.1237985610961916,0.8198922157287598,,91506
31640,1036779520,0.1385853131015273,3.072048377990723,0.8003268241882324,,91505
31650,1037107200,0.13841896753756705,3.0899492263793946,0.8124872207641601,,91542
31660,1037434880,0.1382529653252948,3.1227533340454103,0.8152210235595703,,91502
31670,1037762560,0.1380873066031941,3.0296789169311524,0.7975962638854981,,91466
31680,1038090240,0.13792199150946166,3.142774772644043,0.8108555793762207,,91477
31690,1038417920,0.13775702018200783,3.098933982849121,0.8218396186828614,,91499
31700,1038745600,0.13759239275845583,3.067792510986328,0.797151756286621,,91451
31710,1039073280,0.13742810937614225,3.1081979751586912,0.8044009208679199,,91474
31720,1039400960,0.13726417017211662,3.052730369567871,0.7956533908843995,,91508
31730,1039728640,0.1371005752831413,3.1038883209228514,0.8076848983764648,,91447
31740,1040056320,0.13693732484569138,3.094105911254883,0.8187522888183594,,91555
31750,1040384000,0.13677441899595474,3.032093048095703,0.7853259086608887,,91530
31760,1040711680,0.13661185786983165,3.0130685806274413,0.8024020195007324,,91550
31770,1041039360,0.13644964160293496,3.149057960510254,0.8195914268493653,,91521
31780,1041367040,0.13628777033058964,3.0805606842041016,0.8100540161132812,,91505
31790,1041694720,0.13612624418783292,3.0832822799682615,0.8248513221740723,,91425
31800,1042022400,0.1359650633094142,3.088823127746582,0.8081341743469238,,91435
31810,1042350080,0.1358042278297949,3.055580902099609,0.8050226211547852,,91454
31820,1042677760,0.13564373788314799,3.0938087463378907,0.8045821189880371,,91345
31830,1043005440,0.13548359360335846,3.0545196533203125,0.8004732131958008,,91478
31840,1043333120,0.13532379512402298,3.087306022644043,0.8038124084472656,,91501
31850,1043660800,0.13516434257844948,3.0422897338867188,0.8095492362976074,,91616
31860,1043988480,0.13500523609965753,3.0769346237182615,0.8122288703918457,,91549
31870,1044316160,0.13484647582037793,3.0094459533691404,0.8003460884094238,,91498
31880,1044643840,0.13468806187305263,3.028684616088867,0.7936432838439942,,91545
31890,1044971520,0.13452999438983462,3.070933151245117,0.8021051406860351,,91520
31900,1045299200,0.13437227350258815,3.063792610168457,0.816861343383789,,91483
31910,1045626880,0.134214899342888,3.028248405456543,0.7947922229766846,,91526
31920,1045954560,0.13405787204201985,3.0393659591674806,0.7929869651794433,,91464
31930,1046282240,0.13390119173097992,3.1237934112548826,0.8120357513427734,,91555
31940,1046609920,0.1337448585404751,3.072437286376953,0.799947452545166,,91523
31950,1046937600,0.13358887260092264,3.067605400085449,0.8009526252746582,,91492
31960,1047265280,0.13343323404245014,3.0997461318969726,0.8119326591491699,,91484
31970,1047592960,0.1332779429948952,3.1085628509521483,0.8112979888916015,,91459
31980,1047920640,0.13312299958780585,3.0483940124511717,0.8050667762756347,,91601
31990,1048248320,0.13296840395043977,3.1107139587402344,0.8198015213012695,,91493
32000,1048576000,0.13281415621176487,3.0717763900756836,0.8099931716918946,,91519
32010,1048903680,0.13266025650045862,3.030321502685547,0.7963683128356933,,91545
32020,1049231360,0.13250670494490813,3.060318374633789,0.8048850059509277,,91537
32030,1049559040,0.13235350167321014,3.1585784912109376,0.8249359130859375,,91320
32040,1049886720,0.13220064681317095,3.1094966888427735,0.8088227272033691,,91455
32050,1050214400,0.13204814049230595,3.05972957611084,0.8030481338500977,,91478
32060,1050542080,0.13189598283784,3.0713163375854493,0.8101082801818847,,91485
32070,1050869760,0.13174417397670693,3.064447212219238,0.8013787269592285,,91555
32080,1051197440,0.13159271403554973,3.117175483703613,0.8185602188110351,,91458
32090,1051525120,0.13144160314072026,3.0292383193969727,0.8288274765014648,,91514
32100,1051852800,0.13129084141827915,3.1266595840454103,0.8066019058227539,,91528
32110,1052180480,0.1311404289939958,3.1047138214111327,0.804935359954834,,91483
32120,1052508160,0.13099036599334818,3.0990087509155275,0.8110312461853028,,91464
32130,1052835840,0.13084065254152288,3.0743104934692385,0.8228949546813965,,91509
32140,1053163520,0.1306912887634146,3.0677536010742186,0.804197120666504,,91527
32150,1053491200,0.1305422747836267,3.0645999908447266,0.8168280601501465,,91551
32160,1053818880,0.13039361072647043,3.1380264282226564,0.813878059387207,,91518
32170,1054146560,0.1302452967159653,3.077630615234375,0.8119830131530762,,91480
32180,1054474240,0.13009733287583872,3.1359127044677733,0.8199694633483887,,91547
32190,1054801920,0.12994971932952606,3.0188032150268556,0.7929407596588135,,91464
32200,1055129600,0.12980245620017034,3.094657135009766,0.8127679824829102,,91499
32210,1055457280,0.12965554361062234,3.05269718170166,0.8309492111206055,,91535
32220,1055784960,0.12950898168344036,3.0476736068725585,0.8144359588623047,,91550
32230,1056112640,0.12936277054089027,3.068556785583496,0.8077706336975098,,91509
32240,1056440320,0.12921691030494528,3.0369850158691407,0.8074577331542969,,91530
32250,1056768000,0.12907140109728568,3.040836524963379,0.8052358627319336,,91452
32260,1057095680,0.1289262430392992,3.0730737686157226,0.8096123695373535,,91443
32270,1057423360,0.12878143625208047,3.117654800415039,0.8231086730957031,,91516
32280,1057751040,0.12863698085643102,2.979121208190918,0.7945068359375,,91511
32290,1058078720,0.12849287697285944,3.0406856536865234,0.8060322761535644,,91447
32300,1058406400,0.1283491247215809,3.0361984252929686,0.8116507530212402,,91474
32310,1058734080,0.12820572422251733,3.083075523376465,0.8142172813415527,,91464
32320,1059061760,0.1280626755952971,3.0289466857910154,0.8194454193115235,,91427
32330,1059389440,0.12791997895925528,3.1207597732543944,0.8177507400512696,,91494
32340,1059717120,0.12777763443343296,3.112995910644531,0.8087998390197754,,91371
32350,1060044800,0.12763564213657785,3.0499053955078126,0.8121442794799805,,91482
32360,1060372480,0.12749400218714357,3.0233829498291014,0.8113065719604492,,91440
32370,1060700160,0.12735271470328988,3.1218523025512694,0.8176111221313477,,91478
32380,1061027840,0.12721177980288248,3.0563226699829102,0.8033231735229492,,91452
32390,1061355520,0.127071197603493,3.117658805847168,0.8184328079223633,,91552
32400,1061683200,0.12693096822239877,3.117649459838867,0.8052334785461426,,91546
32410,1062010880,0.1267910917765829,3.0574031829833985,0.8058411598205566,,91492
32420,1062338560,0.1266515683827338,3.0472511291503905,0.8165231704711914,,91429
32430,1062666240,0.12651239815724574,3.0858842849731447,0.818825626373291,,91531
32440,1062993920,0.12637358121621808,3.026820182800293,0.8051956176757813,,91501
32450,1063321600,0.12623511767545545,3.0363479614257813,0.809427547454834,,91392
32460,1063649280,0.12609700765046797,3.071146774291992,0.8222933769226074,,91442
32470,1063976960,0.1259592512564706,2.990543746948242,0.8092033386230468,,91394
32480,1064304640,0.12582184860838327,3.0727474212646486,0.812311840057373,,91454
32490,1064632320,0.12568479982083086,3.0689977645874023,0.8070968627929688,,91541
32500,1064960000,0.1255481050081431,2.9987667083740233,0.8084536552429199,,91466
32510,1065287680,0.12541176428435433,3.0482629776000976,0.8079172134399414,,91478
32520,1065615360,0.12527577776320362,3.071980285644531,0.8263396263122559,,91457
32530,1065943040,0.1251401455581345,3.1014167785644533,0.8180327415466309,,91479
32540,1066270720,0.12500486778229486,3.019371223449707,0.8058819770812988,,91419
32550,1066598400,0.12486994454853695,3.095149803161621,0.8143338203430176,,91474
32560,1066926080,0.12473537596941738,3.027345085144043,0.819395637512207,,91488
32570,1067253760,0.12460116215719667,3.057148742675781,0.8306063652038574,,91511
32580,1067581440,0.12446730322383961,3.0425975799560545,0.8048357963562012,,91547
32590,1067909120,0.12433379928101472,3.118966293334961,0.8226200103759765,,91508
32600,1068236800,0.12420065044009455,3.056442451477051,0.810213851928711,,91573
32610,1068564480,0.12406785681215537,3.054098701477051,0.8196195602416992,,91498
32620,1068892160,0.12393541850797705,3.0500980377197267,0.8255623817443848,,91450
32630,1069219840,0.12380333563804317,3.028905487060547,0.8070597648620605,,91463
32640,1069547520,0.12367160831254065,3.070688247680664,0.8138171195983886,,91247
32650,1069875200,0.12354023664135991,3.060719871520996,0.8186199188232421,,91375
32660,1070202880,0.12340922073409463,3.079219436645508,0.8144401550292969,,91500
32670,1070530560,0.12327856070004173,3.096068000793457,0.8247137069702148,,91439
32680,1070858240,0.12314825664820121,3.077308464050293,0.8212071418762207,,91401
32690,1071185920,0.12301830868727621,3.012569046020508,0.8021835327148438,,91472
32700,1071513600,0.1228887169256726,3.026106834411621,0.8040796279907226,,91365
32710,1071841280,0.12275948147149934,3.058186340332031,0.816159439086914,,91376
32720,1072168960,0.1226306024325679,3.094633674621582,0.8193811416625977,,91348
32730,1072496640,0.1225020799163927,3.1138349533081056,0.8183356285095215,,91412
32740,1072824320,0.12237391403019053,3.052301216125488,0.8035266876220704,,91488
32750,1073152000,0.12224610488088074,3.06628360748291,0.8080989837646484,,91522
32760,1073479680,0.12211865257508504,3.0324018478393553,0.8059430122375488,,91451
32770,1073807360,0.12199155721912748,3.1049949645996096,0.8228694915771484,,91466
32780,1074135040,0.12186481891903433,3.0587215423583984,0.8111600875854492,,91437
32790,1074462720,0.1217384377805341,3.061660385131836,0.8120678901672364,,91407
32800,1074790400,0.12161241390905718,3.080432319641113,0.8178162574768066,,91403
32810,1075118080,0.12148674740973603,3.1056844711303713,0.8211860656738281,,91465
32820,1075445760,0.12136143838740489,3.0899938583374023,0.8133832931518554,,91460
32830,1075773440,0.12123648694659983,3.039289093017578,0.8218605041503906,,91436
32840,1076101120,0.12111189319155874,3.1180248260498047,0.8220223426818848,,91468
32850,1076428800,0.12098765722622075,3.115469551086426,0.8315668106079102,,91474
32860,1076756480,0.12086377915422698,2.98928165435791,0.8187752723693847,,91504
32870,1077084160,0.12074025907891965,3.096122932434082,0.8152618408203125,,91445
32880,1077411840,0.1206170971033424,3.079524803161621,0.8143802642822265,,91500
32890,1077739520,0.12049429333024037,3.110345649719238,0.8273462295532227,,91527
32900,1078067200,0.12037184786205953,3.0531566619873045,0.8153023719787598,,91491
32910,1078394880,0.12024976080094715,3.102513885498047,0.8189009666442871,,91492
32920,1078722560,0.12012803224875149,3.1191356658935545,0.819242000579834,,91510
32930,1079050240,0.12000666230702164,3.1035966873168945,0.8184587478637695,,91484
32940,1079377920,0.11988565107700763,2.991707992553711,0.8357339859008789,,91482
32950,1079705600,0.1197649986596602,3.1105314254760743,0.8424574851989746,,91343
32960,1080033280,0.11964470515563073,3.021464729309082,0.8104386329650879,,91424
32970,1080360960,0.11952477066527122,3.0887704849243165,0.8182570457458496,,91471
32980,1080688640,0.11940519528863415,3.078409194946289,0.8216753005981445,,91490
32990,1081016320,0.1192859791254725,3.0573169708251955,0.8180171012878418,,91439
33000,1081344000,0.11916712227523946,3.1009891510009764,0.8119792938232422,,91488
33010,1081671680,0.11904862483708852,3.064440155029297,0.8188068389892578,,91515
33020,1081999360,0.11893048690987339,2.9782846450805662,0.8089454650878907,,91387
33030,1082327040,0.11881270859214785,3.087772560119629,0.8156453132629394,,91433
33040,1082654720,0.11869528998216555,3.093853569030762,0.8213578224182129,,91447
33050,1082982400,0.11857823117788036,3.0869234085083006,0.8145711898803711,,91450
33060,1083310080,0.11846153227694561,3.0395490646362306,0.8041863441467285,,91465
33070,1083637760,0.11834519337671467,3.093063545227051,0.8210267066955567,,91379
33080,1083965440,0.1182292145742405,3.02868595123291,0.8086426734924317,,91381
33090,1084293120,0.11811359596627564,3.0586423873901367,0.8157284736633301,,91433
33100,1084620800,0.1179983376492722,2.9829261779785154,0.8127996444702148,,91524
33110,1084948480,0.11788343971938162,3.1418128967285157,0.8236316680908203,,91498
33120,1085276160,0.1177689022724548,3.1319751739501953,0.8348039627075196,,91443
33130,1085603840,0.11765472540404198,3.0622184753417967,0.8172812461853027,,91473
33140,1085931520,0.11754090920939234,3.108092498779297,0.8104430198669433,,91516
33150,1086259200,0.11742745378345443,3.121868705749512,0.8195902824401855,,91456
33160,1086586880,0.11731435922087571,3.09259147644043,0.8116352081298828,,91445
33170,1086914560,0.11720162561600268,3.065085601806641,0.8109289169311523,,91424
33180,1087242240,0.11708925306288055,3.079231834411621,0.8300582885742187,,91429
33190,1087569920,0.11697724165525362,3.090647506713867,0.8206995010375977,,91485
33200,1087897600,0.11686559148656456,3.146062660217285,0.8285545349121094,,91537
33210,1088225280,0.11675430264995496,3.0582494735717773,0.8408326148986817,,91452
33220,1088552960,0.11664337523826489,3.088176727294922,0.8141470909118652,,91439
33230,1088880640,0.11653280934403289,2.992118263244629,0.806712532043457,,91465
33240,1089208320,0.11642260505949593,3.055380630493164,0.8251977920532226,,91386
33250,1089536000,0.11631276247658932,3.0797565460205076,0.8144679069519043,,91289
33260,1089863680,0.1162032816869466,3.0624889373779296,0.8216479301452637,,91364
33270,1090191360,0.11609416278189953,3.0818208694458007,0.8083548545837402,,91420
33280,1090519040,0.11598540585247799,3.051930236816406,0.8083818435668946,,91470
33290,1090846720,0.11587701098940983,3.0600555419921873,0.8180422782897949,,91463
33300,1091174400,0.1157689782831209,3.058863067626953,0.8252595901489258,,91483
33310,1091502080,0.11566130782373489,3.083978271484375,0.8230730056762695,,91467
33320,1091829760,0.11555399970107336,3.1138483047485352,0.8267354011535645,,91457
33330,1092157440,0.11544705400465548,3.0078306198120117,0.8106101036071778,,91512
33340,1092485120,0.11534047082369821,3.0984222412109377,0.8245920181274414,,91450
33350,1092812800,0.11523425024711606,3.0753805160522463,0.8263664245605469,,91498
33360,1093140480,0.11512839236352107,3.0997940063476563,0.8267194747924804,,91486
33370,1093468160,0.11502289726122257,3.0533658981323244,0.8165239334106446,,91502
33380,1093795840,0.11491776502822727,3.026793098449707,0.8307980537414551,,91462
33390,1094123520,0.11481299575223938,3.077783966064453,0.8149645805358887,,91511
33400,1094451200,0.11470858952066013,2.995829391479492,0.7970984935760498,,91504
33410,1094778880,0.11460454642058789,3.0294012069702148,0.82921142578125,,91455
33420,1095106560,0.11450086653881818,3.071055221557617,0.8224303245544433,,91530
33430,1095434240,0.11439754996184351,3.0178739547729494,0.8269176483154297,,91508
33440,1095761920,0.11429459677585321,3.0199695587158204,0.8147951126098633,,91516
33450,1096089600,0.1141920070667335,3.107208251953125,0.8219886779785156,,91395
33460,1096417280,0.11408978092006754,3.100196647644043,0.822611141204834,,91474
33470,1096744960,0.11398791842113495,3.0805213928222654,0.8136637687683106,,91425
33480,1097072640,0.11388641965491211,3.082284355163574,0.8187469482421875,,91473
33490,1097400320,0.11378528470607205,3.088889503479004,0.8159172058105468,,91485
33500,1097728000,0.11368451365898408,3.1213399887084963,0.8298014640808106,,91478
33510,1098055680,0.11358410659771408,3.093378448486328,0.8214324951171875,,91430
33520,1098383360,0.11348406360602425,3.0976947784423827,0.8269170761108399,,91483
33530,1098711040,0.11338438476737307,3.1037723541259767,0.8209434509277344,,91526
33540,1099038720,0.11328507016491533,3.05511474609375,0.8258487701416015,,91400
33550,1099366400,0.11318611988150173,3.126857948303223,0.8533246040344238,,91430
33560,1099694080,0.11308753399967929,3.009306526184082,0.8104432106018067,,91383
33570,1100021760,0.11298931260169096,3.0341442108154295,0.8352084159851074,,91459
33580,1100349440,0.11289145576947548,3.0436819076538084,0.8148841857910156,,91539
33590,1100677120,0.11279396358466769,3.111006164550781,0.818841552734375,,91467
33600,1101004800,0.1126968361285981,3.0662042617797853,0.8332693099975585,,91510
33610,1101332480,0.11260007348229302,3.115694999694824,0.8246059417724609,,91418
33620,1101660160,0.11250367572647431,3.0460514068603515,0.8074363708496094,,91475
33630,1101987840,0.1124076429415595,3.0221601486206056,0.811711311340332,,91513
33640,1102315520,0.11231197520766174,3.0710344314575195,0.8252248764038086,,91519
33650,1102643200,0.11221667260458952,3.067742919921875,0.84908447265625,,91481
33660,1102970880,0.11212173521184673,3.058888626098633,0.8093502998352051,,91480
33670,1103298560,0.11202716310863271,3.0774049758911133,0.8169061660766601,,91528
33680,1103626240,0.1119329563738419,3.1053937911987304,0.8276077270507812,,91447
33690,1103953920,0.1118391150860641,3.017725944519043,0.8185340881347656,,91382
33700,1104281600,0.11174563932358418,3.0341400146484374,0.8087597846984863,,91558
33710,1104609280,0.11165252916438212,3.0546178817749023,0.8129763603210449,,91494
33720,1104936960,0.11155978468613266,2.9924924850463865,0.8167830467224121,,91433
33730,1105264640,0.11146740596620584,3.077206611633301,0.8331748008728027,,91503
33740,1105592320,0.1113753930816663,3.0462039947509765,0.8223703384399415,,91561
33750,1105920000,0.11128374610927375,3.0618892669677735,0.8220063209533691,,91395
33760,1106247680,0.11119246512548236,3.1095041275024413,0.833629035949707,,91486
33770,1106575360,0.11110155020644115,2.9787302017211914,0.8202577590942383,,91508
33780,1106903040,0.11101100142799378,3.0123270034790037,0.8109928131103515,,91435
33790,1107230720,0.11092081886567837,3.0293611526489257,0.8161226272583008,,91410
33800,1107558400,0.1108310025947276,3.073759651184082,0.8263637542724609,,91497
33810,1107886080,0.11074155269006854,3.038364219665527,0.8177865982055664,,91484
33820,1108213760,0.11065246922632269,2.979695129394531,0.8163334846496582,,91449
33830,1108541440,0.11056375227780577,3.0405364990234376,0.8198834419250488,,91477
33840,1108869120,0.11047540191852774,3.0220148086547853,0.8272729873657226,,91425
33850,1109196800,0.11038741822219289,3.0250762939453124,0.8177152633666992,,91498
33860,1109524480,0.11029980126219947,3.007485008239746,0.8120464324951172,,91334
33870,1109852160,0.11021255111163983,3.0674005508422852,0.8293857574462891,,91512
33880,1110179840,0.11012566784330036,3.082529830932617,0.8253495216369628,,91459
33890,1110507520,0.1100391515296614,3.074169921875,0.832817554473877,,91450
33900,1110835200,0.10995300224289703,3.074603271484375,0.8246603012084961,,91489
33910,1111162880,0.10986722005487527,3.058003234863281,0.8165040016174316,,91464
33920,1111490560,0.10978180503715793,3.0513572692871094,0.8208448410034179,,91442
33930,1111818240,0.10969675726100044,3.07143497467041,0.8335765838623047,,91469
33940,1112145920,0.1096120767973518,3.077091598510742,0.8362812995910645,,91414
33950,1112473600,0.10952776371685477,3.0312734603881837,0.8283093452453614,,91405
33960,1112801280,0.10944381808984553,3.0998775482177736,0.82977294921875,,91443
33970,1113128960,0.10936023998635366,3.130863571166992,0.838285255432129,,91461
33980,1113456640,0.1092770294761023,3.04285888671875,0.825742244720459,,91473
33990,1113784320,0.10919418662850769,3.1080116271972655,0.8347549438476562,,91492
34000,1114112000,0.10911171151267966,3.082146644592285,0.8214064598083496,,91453
34010,1114439680,0.10902960419742094,3.1094966888427735,0.8256518363952636,,91459
34020,1114767360,0.10894786475122784,3.1071332931518554,0.8343935966491699,,91444
34030,1115095040,0.10886649324228935,3.0546072006225584,0.8215209007263183,,91466
34040,1115422720,0.10878548973848781,3.069274139404297,0.8262787818908691,,91394
34050,1115750400,0.10870485430739844,3.0655712127685546,0.8197409629821777,,91558
34060,1116078080,0.10862458701628948,3.097091484069824,0.8172161102294921,,91539
34070,1116405760,0.10854468793212194,3.110288619995117,0.8279179573059082,,91519
34080,1116733440,0.10846515712154972,3.0814470291137694,0.8146347045898438,,91461
34090,1117061120,0.10838599465091955,3.042551803588867,0.8354225158691406,,91457
34100,1117388800,0.10830720058627086,3.0854406356811523,0.8380520820617676,,91467
34110,1117716480,0.10822877499333566,3.1015640258789063,0.8261941909790039,,91547
34120,1118044160,0.10815071793753867,3.0298524856567384,0.8185246467590332,,91467
34130,1118371840,0.10807302948399718,3.0485511779785157,0.8180015563964844,,91389
34140,1118699520,0.10799570969752083,3.068492889404297,0.8411665916442871,,91511
34150,1119027200,0.1079187586426119,3.138617515563965,0.8433692932128907,,91569
34160,1119354880,0.10784217638346495,3.027984046936035,0.8196928977966309,,91545
34170,1119682560,0.10776596298396693,3.1028539657592775,0.8420708656311036,,91399
34180,1120010240,0.10769011850769698,3.0315319061279298,0.816989517211914,,91490
34190,1120337920,0.10761464301792663,3.1334770202636717,0.8284225463867188,,91501
34200,1120665600,0.10753953657761953,3.024164581298828,0.8225156784057617,,91570
34210,1120993280,0.10746479924943134,3.0912298202514648,0.8176545143127442,,91601
34220,1121320960,0.10739043109570993,2.975752258300781,0.8186502456665039,,91525
34230,1121648640,0.10731643217849526,3.096267318725586,0.8339757919311523,,91512
34240,1121976320,0.10724280255951908,3.0738611221313477,0.8214140892028808,,91446
34250,1122304000,0.10716954230020515,3.020497131347656,0.8223457336425781,,91527
34260,1122631680,0.10709665146166909,3.068040466308594,0.8210679054260254,,91453
34270,1122959360,0.10702413010471841,3.0448389053344727,0.8257890701293945,,91391
34280,1123287040,0.10695197828985226,3.0591703414916993,0.8330269813537597,,91445
34290,1123614720,0.10688019607726164,3.0525533676147463,0.8193731307983398,,91429
34300,1123942400,0.10680878352682911,3.0104780197143555,0.8240955352783204,,91473
34310,1124270080,0.10673774069812886,3.0109127044677733,0.8099008560180664,,91465
34320,1124597760,0.10666706765042677,3.0926223754882813,0.8232302665710449,,91433
34330,1124925440,0.10659676444268011,3.058241081237793,0.8250458717346192,,91469
34340,1125253120,0.10652683113353759,3.0805713653564455,0.8302713394165039,,91480
34350,1125580800,0.10645726778133949,2.995756149291992,0.8219667434692383,,91434
34360,1125908480,0.10638807444411735,3.0828319549560548,0.8355623245239258,,91437
34370,1126236160,0.10631925117959411,3.123561477661133,0.8383526802062988,,91452
34380,1126563840,0.10625079804518392,3.083511161804199,0.8432740211486817,,91410
34390,1126891520,0.10618271509799215,3.0834753036499025,0.8278152465820312,,91484
34400,1127219200,0.10611500239481539,3.071799087524414,0.8342023849487304,,91445
34410,1127546880,0.10604765999214139,3.0635730743408205,0.828709602355957,,91384
34420,1127874560,0.10598068794614895,3.0433353424072265,0.8325292587280273,,91410
34430,1128202240,0.10591408631270781,3.087945556640625,0.8321046829223633,,91468
34440,1128529920,0.10584785514737885,3.120327949523926,0.836173152923584,,91476
34450,1128857600,0.10578199450541392,3.102277374267578,0.8405979156494141,,91467
34460,1129185280,0.1057165044417556,3.056763458251953,0.8268069267272949,,91466
34470,1129512960,0.10565138501103746,3.0840694427490236,0.820740032196045,,91238
34480,1129840640,0.1055866362675838,3.051604080200195,0.8169052124023437,,91487
34490,1130168320,0.10552225826540977,3.135604476928711,0.8502531051635742,,91423
34500,1130496000,0.10545825105822115,3.0373186111450194,0.8242094039916992,,91474
34510,1130823680,0.1053946146994145,3.03331298828125,0.819295597076416,,91473
34520,1131151360,0.10533134924207682,3.1069236755371095,0.8302602767944336,,91473
34530,1131479040,0.10526845473898591,3.069004249572754,0.8290343284606934,,91514
34540,1131806720,0.10520593124260996,3.1095468521118166,0.8252745628356933,,91427
34550,1132134400,0.10514377880510772,3.022433853149414,0.8248987197875977,,91441
34560,1132462080,0.10508199747832846,3.0752058029174805,0.8325879096984863,,91479
34570,1132789760,0.1050205873138116,3.02429313659668,0.8268844604492187,,91509
34580,1133117440,0.1049595483627873,3.059553337097168,0.8296870231628418,,91472
34590,1133445120,0.10489888067617581,3.104559326171875,0.8376124382019043,,91469
34600,1133772800,0.10483858430458765,3.1053131103515623,0.8376497268676758,,91475
34610,1134100480,0.10477865929832361,3.0697629928588865,0.8340234756469727,,91519
34620,1134428160,0.1047191057073748,3.0641860961914062,0.8330070495605468,,91461
34630,1134755840,0.10465992358142229,3.12921199798584,0.8277947425842285,,91445
34640,1135083520,0.10460111296983746,3.012363243103027,0.8458258628845214,,91443
34650,1135411200,0.10454267392168154,3.0286155700683595,0.8359007835388184,,91453
34660,1135738880,0.10448460648570607,3.072149467468262,0.8362009048461914,,91443
34670,1136066560,0.10442691071035226,3.050094795227051,0.8327021598815918,,91513
34680,1136394240,0.10436958664375158,3.084767150878906,0.852313232421875,,91482
34690,1136721920,0.10431263433372517,3.0143573760986326,0.8228994369506836,,91434
34700,1137049600,0.10425605382778419,3.090235710144043,0.8294495582580567,,91407
34710,1137377280,0.10419984517312962,3.128339385986328,0.8492881774902343,,91417
34720,1137704960,0.1041440084166521,3.0038827896118163,0.8297491073608398,,91369
34730,1138032640,0.10408854360493218,3.107436180114746,0.8436520576477051,,91345
34740,1138360320,0.10403345078424003,3.040946197509766,0.8257831573486328,,91499
34750,1138688000,0.10397873000053556,2.9980968475341796,0.8292558670043946,,91447
34760,1139015680,0.10392438129946824,3.0801204681396483,0.8421142578125,,91460
34770,1139343360,0.10387040472637724,3.062341499328613,0.8288846969604492,,91445
34780,1139671040,0.10381680032629116,3.0720218658447265,0.8322674751281738,,91369
34790,1139998720,0.10376356814392823,3.065461349487305,0.8268603324890137,,91525
34800,1140326400,0.10371070822369612,3.0168479919433593,0.8174466133117676,,91397
34810,1140654080,0.103658220609692,2.9842502593994142,0.8266682624816895,,91451
34820,1140981760,0.10360610534570242,3.115442657470703,0.8333723068237304,,91496
34830,1141309440,0.10355436247520321,3.032646369934082,0.8292176246643066,,91539
34840,1141637120,0.10350299204135972,3.0005348205566404,0.8383640289306641,,91474
34850,1141964800,0.10345199408702647,3.108740234375,0.8397483825683594,,91571
34860,1142292480,0.10340136865474728,3.0325225830078124,0.8338807106018067,,91501
34870,1142620160,0.10335111578675527,3.061075973510742,0.8303965568542481,,91487
34880,1142947840,0.10330123552497263,3.0474430084228517,0.834418773651123,,91458
34890,1143275520,0.10325172791101084,3.0615314483642577,0.8345810890197753,,91492
34900,1143603200,0.10320259298617036,3.0448158264160154,0.8291397094726562,,91437
34910,1143930880,0.10315383079144097,3.0895524978637696,0.8463210105895996,,91520
34920,1144258560,0.10310544136750126,3.0618263244628907,0.8378249168395996,,91421
34930,1144586240,0.10305742475471899,3.0440908432006837,0.8301407814025878,,91523
34940,1144913920,0.10300978099315093,3.055853843688965,0.8476367950439453,,91507
34950,1145241600,0.10296251012254268,3.0678815841674805,0.8402711868286132,,91417
34960,1145569280,0.10291561218232885,2.966234588623047,0.8262063980102539,,91460
34970,1145896960,0.10286908721163299,3.071633529663086,0.8276966094970704,,91450
34980,1146224640,0.10282293524926739,3.0999980926513673,0.838247013092041,,91453
34990,1146552320,0.10277715633373322,2.9601064682006837,0.8262248039245605,,91416
35000,1146880000,0.10273175050322048,3.0823877334594725,0.8300431251525879,,91446
35010,1147207680,0.10268671779560787,3.0884210586547853,0.8325947761535645,,91540
35020,1147535360,0.10264205824846293,3.0579553604125977,0.8239353179931641,,91473
35030,1147863040,0.10259777189904182,3.0272756576538087,0.8235899925231933,,91481
35040,1148190720,0.10255385878428927,3.0776609420776366,0.8442602157592773,,91517
35050,1148518400,0.10251031894083885,3.01671142578125,0.831813907623291,,91404
35060,1148846080,0.10246715240501258,3.016130828857422,0.8321460723876953,,91461
35070,1149173760,0.10242435921282118,3.0723047256469727,0.8465991020202637,,91512
35080,1149501440,0.10238193939996379,3.0929309844970705,0.840366268157959,,91303
35090,1149829120,0.10233989300182812,3.094692039489746,0.8491351127624511,,91462
35100,1150156800,0.10229822005349046,3.0477394104003905,0.8315105438232422,,91564
35110,1150484480,0.1022569205897154,3.0069875717163086,0.9168578147888183,,91515
35120,1150812160,0.10221599464495608,3.109236717224121,0.8357394218444825,,91485
35130,1151139840,0.10217544225335401,3.059670066833496,0.8343243598937988,,91515
35140,1151467520,0.10213526344873898,3.0637035369873047,0.8427226066589355,,91475
35150,1151795200,0.10209545826462929,3.0850439071655273,0.8327985763549804,,91393
35160,1152122880,0.10205602673423136,3.062335968017578,0.8387786865234375,,91472
35170,1152450560,0.10201696889044015,3.051824951171875,0.8335556983947754,,91462
35180,1152778240,0.10197828476583863,3.1105703353881835,0.8358669281005859,,91535
35190,1153105920,0.10193997439269814,3.0140777587890626,0.8278898239135742,,91511
35200,1153433600,0.10190203780297823,3.1279863357543944,0.8368329048156739,,91545
35210,1153761280,0.1018644750283265,3.098316192626953,0.8319795608520508,,91514
35220,1154088960,0.1018272861000789,3.0772851943969726,0.8417901992797852,,91508
35230,1154416640,0.1017904710492594,3.0328802108764648,0.831815242767334,,91466
35240,1154744320,0.10175402990658007,3.09219913482666,0.8365259170532227,,91485
35250,1155072000,0.10171796270244103,3.0253591537475586,0.8276357650756836,,91460
35260,1155399680,0.1016822694669305,3.0832426071166994,0.8369510650634766,,91485
35270,1155727360,0.10164695022982477,3.0918092727661133,0.8393895149230957,,91459
35280,1156055040,0.10161200502058802,3.022273063659668,0.836373233795166,,91418
35290,1156382720,0.10157743386837242,3.0487882614135744,0.8256914138793945,,91466
35300,1156710400,0.10154323680201827,3.002005195617676,0.8272158622741699,,91513
35310,1157038080,0.10150941385005352,3.1041585922241213,0.8420018196105957,,91472
35320,1157365760,0.10147596504069419,3.121561813354492,0.843109130859375,,91498
35330,1157693440,0.10144289040184422,3.053620719909668,0.8351552009582519,,91470
35340,1158021120,0.10141018996109526,3.056178665161133,0.8333003997802735,,91502
35350,1158348800,0.10137786374572692,3.0903295516967773,0.8312872886657715,,91512
35360,1158676480,0.1013459117827066,3.1771217346191407,0.8655099868774414,,91487
35370,1159004160,0.10131433409868944,3.078557777404785,0.858057689666748,,91498
35380,1159331840,0.10128313072001832,3.032073211669922,0.8411159515380859,,91500
35390,1159659520,0.10125230167272396,3.094560241699219,0.8349729537963867,,91415
35400,1159987200,0.10122184698252483,3.0526098251342773,0.8359979629516602,,91498
35410,1160314880,0.10119176667482689,3.077895164489746,0.8404280662536621,,91430
35420,1160642560,0.10116206077472403,3.0571807861328124,0.8348213195800781,,91471
35430,1160970240,0.10113272930699767,3.0188671112060548,0.8425909996032714,,91413
35440,1161297920,0.10110377229611689,3.0465065002441407,0.8308967590332031,,91486
35450,1161625600,0.10107518976623833,3.033499526977539,0.8402652740478516,,91514
35460,1161953280,0.10104698174120634,3.03426570892334,0.8394218444824219,,91389
35470,1162280960,0.10101914824455277,3.0783802032470704,0.8587677001953125,,91484
35480,1162608640,0.10099168929949709,3.0941104888916016,0.8481083869934082,,91407
35490,1162936320,0.10096460492894627,3.0856134414672853,0.8544388771057129,,91417
35500,1163264000,0.10093789515549473,3.0550159454345702,0.8384811401367187,,91427
35510,1163591680,0.10091156000142451,3.04540901184082,0.8519304275512696,,91414
35520,1163919360,0.10088559948870514,3.0347747802734375,0.8374869346618652,,91486
35530,1164247040,0.10086001363899348,3.0729299545288087,0.8392836570739746,,91510
35540,1164574720,0.10083480247363397,3.060982894897461,0.8301900863647461,,91513
35550,1164902400,0.10080996601365838,3.1065853118896483,0.8448311805725097,,91560
35560,1165230080,0.10078550427978593,3.1006187438964843,0.8438501358032227,,91488
35570,1165557760,0.10076141729242326,3.0146917343139648,0.8369471549987793,,91494
35580,1165885440,0.10073770507166444,3.002738189697266,0.8397642135620117,,91403
35590,1166213120,0.10071436763729069,3.050216865539551,0.8463866233825683,,91454
35600,1166540800,0.1006914050087708,3.0544160842895507,0.8286244392395019,,91422
35610,1166868480,0.1006688172052608,3.0139698028564452,0.8289769172668457,,91513
35620,1167196160,0.100646604245604,3.0638601303100588,0.8512489318847656,,91510
35630,1167523840,0.10062476614833102,2.9884933471679687,0.8342514991760254,,91461
35640,1167851520,0.10060330293165981,3.0945362091064452,0.8401254653930664,,91495
35650,1168179200,0.10058221461349555,3.0068729400634764,0.8344121932983398,,91477
35660,1168506880,0.10056150121143059,3.0785633087158204,0.8502850532531738,,91458
35670,1168834560,0.10054116274274469,3.0642471313476562,0.8534979820251465,,91411
35680,1169162240,0.10052119922440464,3.0692218780517577,0.8530253410339356,,91441
35690,1169489920,0.10050161067306465,3.018940544128418,0.8349424362182617,,91340
35700,1169817600,0.1004823971050659,3.1235078811645507,0.8535164833068848,,91532
35710,1170145280,0.10046355853643689,3.0738115310668945,0.8321819305419922,,91464
35720,1170472960,0.10044509498289328,3.044113349914551,0.8332782745361328,,91477
35730,1170800640,0.10042700645983776,3.080570030212402,0.8492362976074219,,91513
35740,1171128320,0.10040929298236032,3.095543098449707,0.8451692581176757,,91548
35750,1171456000,0.10039195456523803,3.0767629623413084,0.8545384407043457,,91459
35760,1171783680,0.10037499122293499,3.0854225158691406,0.8613794326782227,,91459
35770,1172111360,0.1003584029696025,3.0770097732543946,0.8386090278625489,,91413
35780,1172439040,0.1003421898190789,3.0838205337524416,0.8428716659545898,,91438
35790,1172766720,0.10032635178488966,3.090292739868164,0.8437689781188965,,91493
35800,1173094400,0.1003108888802472,3.0873157501220705,0.8532065391540528,,91525
35810,1173422080,0.10029580111805118,3.0940967559814454,0.8553597450256347,,91508
35820,1173749760,0.10028108851088817,3.035285758972168,0.8313648223876953,,91529
35830,1174077440,0.10026675107103176,3.0612668991088867,0.8337362289428711,,91517
35840,1174405120,0.10025278881044272,3.0158222198486326,0.835325050354004,,91452
35850,1174732800,0.10023920174076867,3.08294563293457,0.8335996627807617,,91433
35860,1175060480,0.10022598987334427,3.062387466430664,0.851872444152832,,91478
35870,1175388160,0.10021315321919123,3.046343231201172,0.8466891288757324,,91459
35880,1175715840,0.10020069178901829,3.078235626220703,0.844565486907959,,91450
35890,1176043520,0.10018860559322106,3.0310457229614256,0.8820375442504883,,91527
35900,1176371200,0.10017689464188209,3.032084083557129,0.8498060226440429,,91503
35910,1176698880,0.10016555894477105,3.0227346420288086,0.8319375038146972,,91456
35920,1177026560,0.10015459851134445,3.0768035888671874,0.8472124099731445,,91477
35930,1177354240,0.10014401335074576,3.020360565185547,0.8334327697753906,,91531
35940,1177681920,0.10013380347180542,3.083893585205078,0.8440377235412597,,91518
35950,1178009600,0.10012396888304076,2.9909336090087892,0.8329689025878906,,91478
35960,1178337280,0.10011450959265608,3.0618452072143554,0.8431964874267578,,91501
35970,1178664960,0.10010542560854255,3.020635986328125,0.8360424041748047,,91570
35980,1178992640,0.10009671693827824,3.045155906677246,0.8561881065368653,,91506
35990,1179320320,0.1000883835891282,3.038288879394531,0.8541201591491699,,91531
36000,1179648000,0.10008042556804428,3.0922603607177734,0.8387385368347168,,91331
36010,1179975680,0.10007284288166529,3.053261566162109,0.8381133079528809,,91446
36020,1180303360,0.10006563553631691,3.1574520111083983,0.8564120292663574,,91434
36030,1180631040,0.10005880353801172,3.0694978713989256,0.8447726249694825,,91456
36040,1180958720,0.10005234689244911,3.0400285720825195,0.838374137878418,,91486
36050,1181286400,0.1000462656050154,3.0903499603271483,0.8542634010314941,,91499
36060,1181614080,0.10004055968078379,3.0295969009399415,0.8410831451416015,,91497
36070,1181941760,0.10003522912451425,3.047100067138672,0.8298964500427246,,91459
36080,1182269440,0.10003027394065371,3.0462108612060548,0.8397186279296875,,91525
36090,1182597120,0.10002569413333588,3.080414581298828,0.8545650482177735,,91478
36100,1182924800,0.10002148970638139,3.0433891296386717,0.833350944519043,,91501
36110,1183252480,0.10001766066329773,3.0483936309814452,0.8614829063415528,,91472
36120,1183580160,0.10001420700727906,3.079468536376953,0.8468816757202149,,91466
36130,1183907840,0.10001112874120663,3.0688203811645507,0.8399570465087891,,91467
36140,1184235520,0.10000842586764835,3.0822338104248046,0.8523447036743164,,91521
36150,1184563200,0.10000609838885906,3.112471580505371,0.8471541404724121,,91518
36160,1184890880,0.10000414630678037,3.007889747619629,0.841276741027832,,91456
36170,1185218560,0.10000256962304076,3.0364994049072265,0.8473291397094727,,91519
36180,1185546240,0.10000136833895555,3.0149248123168944,0.8414553642272949,,91491
36190,1185873920,0.1000005424555269,3.0019210815429687,0.8521608352661133,,91445
36200,1186201600,0.10000009197344377,3.044866752624512,0.8471737861633301,,91526
36206,1186398208,0.10000000187700911,3.033524831136068,0.8339722156524658,,91487
