step,tokens,lr_mult,loss,grad_norm,value_grad_norm,tok_s
10,327680,0.01310615989515072,10.580574035644531,15.161567687988281,,40389
20,655360,0.02621231979030144,9.414276885986329,4.423378372192383,,48333
30,983040,0.039318479685452164,9.09354476928711,2.4262571334838867,,43172
40,1310720,0.05242463958060288,8.815179443359375,2.802961730957031,,43249
50,1638400,0.0655307994757536,8.498769378662109,2.905562973022461,,43253
60,1966080,0.07863695937090433,8.178521728515625,2.386323165893555,,43154
70,2293760,0.09174311926605505,7.890190887451172,1.6446422576904296,,43147
80,2621440,0.10484927916120576,7.598653411865234,2.245541000366211,,43133
90,2949120,0.11795543905635648,7.376287841796875,1.763401412963867,,43161
100,3276800,0.1310615989515072,7.144252777099609,1.9693031311035156,,43302
110,3604480,0.14416775884665792,7.060472106933593,1.8393245697021485,,43241
120,3932160,0.15727391874180865,6.970820617675781,2.259759712219238,,43177
130,4259840,0.17038007863695936,6.830721282958985,1.6309192657470704,,43178
140,4587520,0.1834862385321101,6.7644813537597654,1.6143383026123046,,43145
150,4915200,0.1965923984272608,6.631655883789063,1.432343101501465,,43277
160,5242880,0.20969855832241152,6.578145599365234,1.7825609207153321,,43193
170,5570560,0.22280471821756226,6.452096557617187,1.396817970275879,,43192
180,5898240,0.23591087811271297,6.362244033813477,1.4358590126037598,,43146
190,6225920,0.2490170380078637,6.342049026489258,1.4056114196777343,,43157
200,6553600,0.2621231979030144,6.238319778442383,1.4255444526672363,,43289
210,6881280,0.27522935779816515,6.154212951660156,1.6203033447265625,,43181
220,7208960,0.28833551769331583,6.132775115966797,1.5008689880371093,,43133
230,7536640,0.30144167758846657,6.021696090698242,1.3167965888977051,,43638
240,7864320,0.3145478374836173,6.052090835571289,1.4570602416992187,,44781
250,8192000,0.32765399737876805,5.968457794189453,1.6074508666992187,,43474
260,8519680,0.34076015727391873,5.949205017089843,1.5735779762268067,,43156
270,8847360,0.35386631716906947,5.839604187011719,1.2537233352661132,,43132
280,9175040,0.3669724770642202,5.831199264526367,1.37190523147583,,43177
290,9502720,0.3800786369593709,5.772299957275391,1.215849018096924,,43139
300,9830400,0.3931847968545216,5.755694580078125,1.4603654861450195,,43167
310,10158080,0.40629095674967236,5.688224792480469,1.1495080947875977,,43201
320,10485760,0.41939711664482304,5.689820861816406,1.7352840423583984,,43268
330,10813440,0.4325032765399738,5.69921989440918,1.4257152557373047,,43154
340,11141120,0.4456094364351245,5.611396789550781,1.1859871864318847,,43133
350,11468800,0.45871559633027525,5.572803497314453,1.6694509506225585,,43117
360,11796480,0.47182175622542594,5.56897201538086,1.4206149101257324,,43175
370,12124160,0.4849279161205767,5.495584106445312,1.0305975914001464,,43100
380,12451840,0.4980340760157274,5.464735794067383,1.0602895736694335,,43173
390,12779520,0.5111402359108781,5.438248825073242,1.2402730941772462,,43126
400,13107200,0.5242463958060288,5.418158721923828,0.9199575424194336,,43155
410,13434880,0.5373525557011796,5.368457794189453,1.0659942626953125,,42917
420,13762560,0.5504587155963303,5.352518844604492,1.063814926147461,,43118
430,14090240,0.563564875491481,5.279752349853515,1.1818364143371582,,43169
440,14417920,0.5766710353866317,5.342842483520508,1.0033244132995605,,43803
450,14745600,0.5897771952817824,5.229592132568359,0.9618839263916016,,44604
460,15073280,0.6028833551769331,5.1572624206542965,1.170383834838867,,43134
470,15400960,0.6159895150720839,5.18859748840332,1.0051101684570312,,43112
480,15728640,0.6290956749672346,5.163992309570313,1.6730335235595704,,43145
490,16056320,0.6422018348623854,5.213591766357422,0.8845195770263672,,42893
500,16384000,0.6553079947575361,5.1613014221191404,0.8388047218322754,,42908
510,16711680,0.6684141546526867,5.09759521484375,0.7790680885314941,,43265
520,17039360,0.6815203145478375,5.112387084960938,0.9427459716796875,,43162
530,17367040,0.6946264744429882,5.090430831909179,0.929560661315918,,43243
540,17694720,0.7077326343381389,5.062724304199219,0.8037864685058593,,43363
550,18022400,0.7208387942332897,4.9683479309082035,0.8210766792297364,,42876
560,18350080,0.7339449541284404,5.026104736328125,0.8216114997863769,,43157
570,18677760,0.747051114023591,4.933664703369141,0.8363645553588868,,43157
580,19005440,0.7601572739187418,4.96050910949707,0.8576518058776855,,43237
590,19333120,0.7732634338138925,4.967397308349609,0.755776309967041,,43168
600,19660800,0.7863695937090432,4.902392959594726,0.8073505401611328,,43656
610,19988480,0.799475753604194,4.935544967651367,0.7690271377563477,,43181
620,20316160,0.8125819134993447,4.861116790771485,0.7183712482452392,,43172
630,20643840,0.8256880733944955,4.823183059692383,0.9762805938720703,,43148
640,20971520,0.8387942332896461,4.894134521484375,1.8422344207763672,,43151
650,21299200,0.8519003931847968,4.866858673095703,0.7543453216552735,,44405
660,21626880,0.8650065530799476,4.904246520996094,0.7601899147033692,,44253
670,21954560,0.8781127129750983,4.827961349487305,0.6839943885803222,,43340
680,22282240,0.891218872870249,4.813257217407227,0.7768590927124024,,43157
690,22609920,0.9043250327653998,4.760688400268554,0.7534366130828858,,43141
700,22937600,0.9174311926605505,4.7687030792236325,1.755793571472168,,43150
710,23265280,0.9305373525557011,4.756820297241211,1.7335983276367188,,43124
720,23592960,0.9436435124508519,4.705360031127929,0.7661613941192627,,43336
730,23920640,0.9567496723460026,4.702487182617188,0.7209797859191894,,43144
740,24248320,0.9698558322411533,4.772164154052734,1.0721491813659667,,43309
750,24576000,0.9829619921363041,4.688868713378906,0.7297428131103516,,43163
760,24903680,0.9960681520314548,4.651104354858399,0.7280471801757813,,43165
770,25231360,0.999999619505605,4.600613021850586,0.6899293899536133,,43151
780,25559040,0.9999972942644099,4.64573860168457,0.7010588645935059,,43120
790,25886720,0.9999928551787042,4.529603958129883,0.6852244377136231,,43153
800,26214400,0.9999863022693405,4.567464065551758,0.794148302078247,,43119
810,26542080,0.9999776355671006,4.582521438598633,0.649660587310791,,43140
820,26869760,0.999966855112696,4.475955963134766,0.9289892196655274,,43137
830,27197440,0.9999539609567677,4.549485397338867,0.6723864555358887,,43243
840,27525120,0.9999389531598855,4.523870468139648,0.6191924571990967,,43005
850,27852800,0.9999218317925475,4.408605575561523,0.616978120803833,,43190
860,28180480,0.9999025969351808,4.457768249511719,1.0550383567810058,,43596
870,28508160,0.9998812486781407,4.441317367553711,0.6524523258209228,,43133
880,28835840,0.9998577871217097,4.429949188232422,0.5882359981536865,,44628
890,29163520,0.9998322123760972,4.3807624816894535,0.6208739280700684,,43963
900,29491200,0.9998045245614399,4.439621353149414,0.5944893836975098,,43317
910,29818880,0.9997747238078001,4.3895751953125,0.6792527675628662,,43143
920,30146560,0.9997428102551656,4.3641620635986325,0.6894318103790283,,43199
930,30474240,0.9997087840534492,4.326734161376953,1.3484051704406739,,43053
940,30801920,0.9996726453624875,4.404700469970703,0.5587779998779296,,43308
950,31129600,0.9996343943520406,4.420024108886719,0.5446781158447266,,43135
960,31457280,0.9995940312017911,4.338658142089844,0.529029369354248,,43145
970,31784960,0.9995515561013435,4.288804626464843,0.544357442855835,,43104
980,32112640,0.9995069692502226,4.33422737121582,0.5508777618408203,,43144
990,32440320,0.9994602708578736,4.266519165039062,0.5092727661132812,,43122
1000,32768000,0.9994114611436603,4.2274421691894535,0.5151107311248779,,43131
1010,33095680,0.9993605403368643,4.238362503051758,0.5916356563568115,,43177
1020,33423360,0.9993075086766843,4.190410614013672,0.6248442173004151,,43241
1030,33751040,0.999252366412234,4.17042350769043,0.7566813468933106,,43309
1040,34078720,0.9991951138025426,4.2299949645996096,0.8720317840576172,,43237
1050,34406400,0.9991357511165514,4.208142471313477,0.8636601448059082,,43146
1060,34734080,0.9990742786331146,4.236294174194336,0.7223352432250977,,43128
1070,35061760,0.9990106966409968,4.234200286865234,0.5729210853576661,,43129
1080,35389440,0.9989450054388717,4.135744094848633,0.5335803985595703,,42865
1090,35717120,0.9988772053353212,4.159223937988282,0.4986283302307129,,44583
1100,36044800,0.9988072966488337,4.178740692138672,0.5438466548919678,,43668
1110,36372480,0.9987352797078023,4.149362182617187,0.5123780250549317,,43113
1120,36700160,0.998661154850524,4.159809875488281,0.4875045299530029,,43120
1130,37027840,0.9985849224251971,4.166591644287109,0.49408607482910155,,43133
1140,37355520,0.9985065827899208,4.1320960998535154,0.4812730312347412,,43334
1150,37683200,0.998426136312692,4.10262451171875,0.516431188583374,,43108
1160,38010880,0.9983435833714049,4.069561767578125,0.49233016967773435,,43113
1170,38338560,0.998258924353849,4.082927703857422,0.5180681228637696,,43123
1180,38666240,0.9981721596577064,4.135234069824219,0.5367342948913574,,43122
1190,38993920,0.9980832896905512,4.005394363403321,0.602515697479248,,43220
1200,39321600,0.9979923148698461,4.008085632324219,1.192952823638916,,43187
1210,39649280,0.9978992356229419,4.07067756652832,0.5039526939392089,,43147
1220,39976960,0.9978040523870747,4.053429412841797,1.3377649307250976,,43142
1230,40304640,0.9977067656093641,4.044364166259766,1.0013202667236327,,43207
1240,40632320,0.9976073757468108,4.011765670776367,0.5470721244812011,,43138
1250,40960000,0.9975058832662946,4.048451995849609,0.5557019233703613,,40573
1260,41287680,0.9974022886445727,4.086248779296875,0.8127339363098145,,33114
1270,41615360,0.9972965923682765,4.045736694335938,0.5689197063446045,,32999
1280,41943040,0.9971887949339102,4.049560928344727,0.7981308937072754,,33815
1290,42270720,0.9970788968478482,4.034339904785156,0.5500407218933105,,34288
1300,42598400,0.996966898626332,4.022835159301758,0.48642864227294924,,33152
1310,42926080,0.9968528007954691,3.998646545410156,0.5027675628662109,,32515
1320,43253760,0.9967366038912294,3.9336597442626955,0.5376569747924804,,32315
1330,43581440,0.9966183084594433,4.057466888427735,0.5028481006622314,,32391
1340,43909120,0.996497915055799,4.00601806640625,0.49453344345092776,,32330
1350,44236800,0.9963754242458397,3.9537227630615233,0.4674080371856689,,32306
1360,44564480,0.9962508366049612,3.9820770263671874,0.4599606990814209,,32187
1370,44892160,0.9961241527184089,3.9194290161132814,0.4495841026306152,,32312
1380,45219840,0.9959953731812754,3.978799057006836,0.4816879749298096,,32314
1390,45547520,0.9958644985984976,3.9527191162109374,0.5043900489807129,,32315
1400,45875200,0.9957315295848536,3.960440826416016,0.46493258476257326,,32314
1410,46202880,0.99559646676496,3.9207843780517577,0.45545530319213867,,32255
1420,46530560,0.9954593107732691,3.914352798461914,0.469040584564209,,32306
1430,46858240,0.9953200622540659,3.9016464233398436,0.4548001766204834,,32313
1440,47185920,0.9951787218614647,3.911996078491211,0.47163100242614747,,32303
1450,47513600,0.9950352902594064,3.902593231201172,0.44372310638427737,,32008
1460,47841280,0.9948897681216552,3.913766860961914,0.5403186321258545,,32306
1470,48168960,0.9947421561317958,3.8758266448974608,0.46161928176879885,,32318
1480,48496640,0.9945924549832297,3.9230361938476563,0.45807323455810545,,32424
1490,48824320,0.9944406653791718,3.9913726806640626,0.45838613510131837,,32366
1500,49152000,0.994286788032648,3.8696128845214846,0.458048677444458,,32300
1510,49479680,0.9941308236664911,3.880070114135742,0.5280913829803466,,32294
1520,49807360,0.9939727730133375,3.8624507904052736,0.5060739517211914,,32708
1530,50135040,0.9938126368156238,3.802827072143555,0.45368409156799316,,32330
1540,50462720,0.9936504158255838,3.898290252685547,0.44463262557983396,,32313
1550,50790400,0.9934861108052436,3.779732513427734,0.47583789825439454,,32324
1560,51118080,0.9933197225264201,3.8489646911621094,0.44896111488342283,,32280
1570,51445760,0.9931512517707154,3.9007450103759767,0.45496082305908203,,32319
1580,51773440,0.9929806993295143,3.829525375366211,0.44718337059020996,,32285
1590,52101120,0.99280806600398,3.8308887481689453,0.4397712707519531,,32300
1600,52428800,0.9926333526050509,3.880257415771484,0.4562571048736572,,32369
1610,52756480,0.9924565599534364,3.8245307922363283,0.4837982654571533,,32290
1620,53084160,0.9922776888796125,3.874987030029297,0.46269707679748534,,32377
1630,53411840,0.9920967402238197,3.8820880889892577,0.5044525146484375,,32353
1640,53739520,0.9919137148360565,3.8438030242919923,0.6104255199432373,,32279
1650,54067200,0.9917286135760778,3.8202037811279297,0.46659054756164553,,32172
1660,54394880,0.9915414373133894,3.759339141845703,0.4468519687652588,,32288
1670,54722560,0.9913521869272444,3.789841079711914,0.43022847175598145,,32328
1680,55050240,0.991160863306639,3.796486663818359,0.4234622955322266,,32301
1690,55377920,0.9909674673503083,3.775075912475586,0.42434020042419435,,32293
1700,55705600,0.9907719999667222,3.8775955200195313,0.4262420177459717,,32375
1710,56033280,0.990574462074081,3.8207561492919924,0.4225174427032471,,32309
1720,56360960,0.9903748546003112,3.8363014221191407,0.41839094161987306,,32293
1730,56688640,0.9901731784830609,3.8091972351074217,0.42212934494018556,,32694
1740,57016320,0.9899694346696959,3.7816253662109376,0.4176344871520996,,33001
1750,57344000,0.9897636241172943,3.8128330230712892,0.4182724952697754,,32290
1760,57671680,0.9895557477926437,3.8250003814697267,0.4331819534301758,,32386
1770,57999360,0.9893458066722344,3.7847652435302734,0.4364572048187256,,32243
1780,58327040,0.9891338017422565,3.786448669433594,0.41654143333435056,,32407
1790,58654720,0.988919733998595,3.78388671875,0.43300433158874513,,32257
1800,58982400,0.9887036044468247,3.811328887939453,0.4335309982299805,,32662
1810,59310080,0.9884854141022056,3.7535064697265623,0.4606205463409424,,33003
1820,59637760,0.9882651639896781,3.7690563201904297,0.4325882434844971,,32792
1830,59965440,0.9880428551438585,3.802349090576172,0.44130282402038573,,32860
1840,60293120,0.9878184886090338,3.738672637939453,0.46439170837402344,,32331
1850,60620800,0.9875920654391568,3.737535095214844,0.4664642333984375,,32309
1860,60948480,0.9873635866978416,3.785367965698242,0.413112211227417,,32316
1870,61276160,0.987133053458358,3.8423446655273437,0.4042179584503174,,32314
1880,61603840,0.9869004668036266,3.7727096557617186,0.4213144302368164,,32293
1890,61931520,0.9866658278262145,3.7307662963867188,0.41937870979309083,,32245
1900,62259200,0.9864291376283284,3.722767639160156,0.45843000411987306,,32297
1910,62586880,0.9861903973218116,3.760767364501953,0.41905856132507324,,32321
1920,62914560,0.9859496080281371,3.728061294555664,0.42240290641784667,,32413
1930,63242240,0.9857067708784032,3.6725143432617187,0.4109031200408936,,32311
1940,63569920,0.9854618870133276,3.7217350006103516,0.43869976997375487,,33001
1950,63897600,0.9852149575832427,3.6877605438232424,0.42219905853271483,,32766
1960,64225280,0.9849659837480899,3.700988006591797,0.431064510345459,,32342
1970,64552960,0.9847149666774135,3.7327247619628907,0.4157310962677002,,32307
1980,64880640,0.9844619075503569,3.7193851470947266,0.42154502868652344,,32316
1990,65208320,0.9842068075556548,3.6986572265625,0.47948670387268066,,32299
2000,65536000,0.9839496678916297,3.7053775787353516,0.6222304344177246,,32300
2010,65863680,0.9836904897661849,3.6774646759033205,0.41623783111572266,,32293
2020,66191360,0.9834292743967993,3.6867469787597655,0.4139248847961426,,32311
2030,66519040,0.9831660230105219,3.6974369049072267,0.41518239974975585,,32305
2040,66846720,0.9829007368439657,3.722603607177734,0.4055920124053955,,32313
2050,67174400,0.9826334171433019,3.6978618621826174,0.45493764877319337,,32222
2060,67502080,0.9823640651642543,3.7169639587402346,0.420565128326416,,32209
2070,67829760,0.9820926821720932,3.656179428100586,0.487425708770752,,32411
2080,68157440,0.9818192694416293,3.696804428100586,0.4155406951904297,,32431
2090,68485120,0.9815438282572083,3.7180694580078124,0.40677833557128906,,32293
2100,68812800,0.9812663599127042,3.645428466796875,0.42090487480163574,,32309
2110,69140480,0.9809868657115136,3.64620361328125,0.4146782875061035,,32302
2120,69468160,0.9807053469665494,3.7050235748291014,0.4072724342346191,,32286
2130,69795840,0.980421805000235,3.6416454315185547,0.4020066738128662,,32293
2140,70123520,0.9801362411444974,3.685679244995117,0.47756643295288087,,32533
2150,70451200,0.9798486567407615,3.656483840942383,0.4376708507537842,,33127
2160,70778880,0.9795590531399438,3.643971633911133,0.43996968269348147,,32632
2170,71106560,0.9792674317024457,3.6451683044433594,0.4186232566833496,,32298
2180,71434240,0.9789737937981473,3.694956588745117,0.44158077239990234,,32293
2190,71761920,0.9786781408064011,3.672877883911133,0.4047708988189697,,32306
2200,72089600,0.9783804741160256,3.6464923858642577,0.40915675163269044,,32304
2210,72417280,0.978080795125298,3.6318878173828124,0.4092216968536377,,32428
2220,72744960,0.9777791052419487,3.6424388885498047,0.40143842697143556,,32387
2230,73072640,0.9774754058831538,3.645720672607422,0.3988822937011719,,32286
2240,73400320,0.9771696984755293,3.65203742980957,0.450862455368042,,32300
2250,73728000,0.9768619844551234,3.632149505615234,0.9393389701843262,,32249
2260,74055680,0.9765522652674108,3.6224445343017577,0.5607750415802002,,32290
2270,74383360,0.976240542367285,3.6886768341064453,0.42044992446899415,,32363
2280,74711040,0.9759268172190521,3.6998664855957033,0.4034034252166748,,32292
2290,75038720,0.9756110912964235,3.640653610229492,0.39859392642974856,,32298
2300,75366400,0.9752933660825093,3.6129081726074217,0.38451151847839354,,32274
2310,75694080,0.9749736430698112,3.5941463470458985,0.39527411460876466,,32314
2320,76021760,0.9746519237602153,3.6282943725585937,0.4033026695251465,,32456
2330,76349440,0.9743282096649852,3.6215972900390625,0.4088554382324219,,32967
2340,76677120,0.9740025023047555,3.5509647369384765,0.3833649158477783,,33092
2350,77004800,0.9736748032095234,3.6124622344970705,0.4044010639190674,,32980
2360,77332480,0.9733451139186423,3.698942184448242,0.4158219814300537,,32509
2370,77660160,0.973013435980815,3.602117156982422,0.4003780364990234,,32638
2380,77987840,0.9726797709540852,3.6562625885009767,0.3957907915115356,,33112
2390,78315520,0.9723441204058314,3.6339797973632812,0.3998948335647583,,32419
2400,78643200,0.9720064859127585,3.612770843505859,0.4058374881744385,,32286
2410,78970880,0.9716668690608914,3.614955520629883,0.4101212978363037,,32303
2420,79298560,0.9713252714455668,3.6090763092041014,0.39234175682067873,,32348
2430,79626240,0.9709816946714261,3.6409866333007814,0.39549570083618163,,32367
2440,79953920,0.9706361403524074,3.67401237487793,0.3886956453323364,,32308
2450,80281600,0.9702886101117387,3.627632904052734,0.39979004859924316,,32331
2460,80609280,0.9699391055819293,3.62261962890625,0.4400355339050293,,32289
2470,80936960,0.9695876284047632,3.6735626220703126,0.40267233848571776,,32303
2480,81264640,0.9692341802312905,3.5879135131835938,0.392688250541687,,32309
2490,81592320,0.9688787627218198,3.660797882080078,0.3974414825439453,,32294
2500,81920000,0.9685213775459112,3.6175403594970703,0.41382126808166503,,32320
2510,82247680,0.968162026382367,3.5141807556152345,0.39264466762542727,,32411
2520,82575360,0.9678007109192254,3.5616127014160157,0.4013654708862305,,32295
2530,82903040,0.9674374328537514,3.496601867675781,0.39164884090423585,,32322
2540,83230720,0.9670721938924294,3.5672138214111326,0.38414266109466555,,32294
2550,83558400,0.966704995750955,3.6433685302734373,0.40006351470947266,,32316
2560,83886080,0.9663358401542269,3.5615978240966797,0.39923248291015623,,32301
2570,84213760,0.965964728836339,3.5995311737060547,0.3902006149291992,,32306
2580,84541440,0.9655916635405721,3.6502445220947264,0.4382695198059082,,32667
2590,84869120,0.9652166460193854,3.620692825317383,0.40687074661254885,,33165
2600,85196800,0.9648396780344092,3.5443885803222654,0.39806694984436036,,32324
2610,85524480,0.9644607613564357,3.5207008361816405,0.3811274528503418,,32293
2620,85852160,0.9640798977654107,3.582933807373047,0.38558149337768555,,32229
2630,86179840,0.9636970890504263,3.523332977294922,0.39425623416900635,,32323
2640,86507520,0.963312337009711,3.5990177154541017,0.4038370609283447,,32363
2650,86835200,0.9629256434506225,3.5781784057617188,0.38628711700439455,,32369
2660,87162880,0.9625370101896386,3.4947746276855467,0.38861994743347167,,32384
2670,87490560,0.9621464390523483,3.5789390563964845,0.4116407871246338,,32366
2680,87818240,0.9617539318734444,3.5923938751220703,0.4467342376708984,,32276
2690,88145920,0.9613594904967137,3.544131851196289,0.39067203998565675,,32307
2700,88473600,0.9609631167750291,3.560860824584961,0.400294828414917,,32309
2710,88801280,0.9605648125703407,3.5575923919677734,0.4029701709747314,,32311
2720,89128960,0.9601645797536662,3.6132320404052733,0.3927797794342041,,32313
2730,89456640,0.959762420205084,3.5815784454345705,0.39648492336273194,,32279
2740,89784320,0.9593583358137223,3.5713272094726562,0.39431889057159425,,32305
2750,90112000,0.9589523284777519,3.5644760131835938,0.39572768211364745,,32357
2760,90439680,0.9585444001043758,3.5494590759277345,0.3934523820877075,,32305
2770,90767360,0.9581345526098218,3.483861541748047,0.3818270444869995,,32314
2780,91095040,0.9577227879193322,3.4772365570068358,0.3895954847335815,,32291
2790,91422720,0.9573091079671553,3.5436321258544923,0.3886614561080933,,32780
2800,91750400,0.9568935146965365,3.525893783569336,0.41642007827758787,,33081
2810,92078080,0.9564760100597085,3.5628734588623048,0.3889909267425537,,32338
2820,92405760,0.956056596017883,3.477734375,0.38938369750976565,,32272
2830,92733440,0.9556352745412409,3.549930191040039,0.3905817985534668,,32301
2840,93061120,0.9552120476089232,3.4982685089111327,0.40659942626953127,,32291
2850,93388800,0.9547869172090215,3.5620143890380858,0.3948128461837769,,32897
2860,93716480,0.9543598853385692,3.529620361328125,0.377154016494751,,33004
2870,94044160,0.9539309540035318,3.559299087524414,0.3908444166183472,,33054
2880,94371840,0.953500125218797,3.5205196380615233,0.3835777997970581,,32630
2890,94699520,0.9530674010081663,3.4923274993896483,0.3943277359008789,,32290
2900,95027200,0.9526327834043443,3.4635036468505858,0.3859799146652222,,32304
2910,95354880,0.9521962744489302,3.5694313049316406,0.39124331474304197,,32282
2920,95682560,0.9517578761924075,3.5170631408691406,0.3840687990188599,,32295
2930,96010240,0.9513175906941347,3.5074413299560545,0.38183557987213135,,32362
2940,96337920,0.9508754200223356,3.493987274169922,0.3770726203918457,,32287
2950,96665600,0.9504313662540893,3.492571258544922,0.39124407768249514,,32329
2960,96993280,0.949985431475321,3.4471912384033203,0.3711716651916504,,32385
2970,97320960,0.9495376177807917,3.5283863067626955,0.38740787506103513,,32306
2980,97648640,0.9490879272740883,3.5070423126220702,0.40105562210083007,,32305
2990,97976320,0.9486363620676144,3.4862499237060547,0.3987581729888916,,32285
3000,98304000,0.9481829242825798,3.5095699310302733,0.3893661737442017,,32370
3010,98631680,0.9477276160489903,3.5259044647216795,0.39155895709991456,,32286
3020,98959360,0.9472704395056386,3.474408721923828,0.39454126358032227,,33001
3030,99287040,0.9468113968000933,3.466774749755859,0.3864684343338013,,32819
3040,99614720,0.9463504900886894,3.5417736053466795,0.38803834915161134,,32314
3050,99942400,0.9458877215365181,3.4996288299560545,0.3822445869445801,,32304
3060,100270080,0.9454230933174161,3.5116390228271483,0.39637939929962157,,32343
3070,100597760,0.9449566076139565,3.5188308715820313,0.38722031116485595,,32302
3080,100925440,0.944488266617437,3.5187816619873047,0.41239228248596194,,32307
3090,101253120,0.9440180725278713,3.5541351318359373,0.3967059373855591,,32320
3100,101580800,0.9435460275539773,3.482033538818359,0.4228634834289551,,32370
3110,101908480,0.9430721339131679,3.5093563079833983,0.4007366180419922,,32299
3120,102236160,0.9425963938315396,3.4631816864013674,0.394118595123291,,32305
3130,102563840,0.9421188095438624,3.485697937011719,0.40379915237426756,,32298
3140,102891520,0.94163938329357,3.5467418670654296,0.39996919631958006,,32301
3150,103219200,0.9411581173327482,3.494207763671875,0.38737356662750244,,32304
3160,103546880,0.9406750139221247,3.5109317779541014,0.3817988395690918,,32302
3170,103874560,0.9401900753310587,3.4619304656982424,0.3877249240875244,,32323
3180,104202240,0.9397033038375302,3.426648712158203,0.38880720138549807,,32291
3190,104529920,0.9392147017281288,3.514654541015625,0.39086453914642333,,32290
3200,104857600,0.9387242712980439,3.489974594116211,0.38830997943878176,,32316
3210,105185280,0.9382320148510529,3.4908725738525392,0.39138853549957275,,32290
3220,105512960,0.937737934699511,3.4778785705566406,0.39104599952697755,,32324
3230,105840640,0.9372420331643404,3.4863021850585936,0.3957694053649902,,33088
3240,106168320,0.9367443125750188,3.4568561553955077,0.5370474815368652,,32727
3250,106496000,0.936244775269569,3.483890914916992,0.39133124351501464,,32395
3260,106823680,0.9357434235945475,3.4282913208007812,0.3802589654922485,,32348
3270,107151360,0.9352402599050346,3.4060611724853516,0.3975740909576416,,32281
3280,107479040,0.9347352865646213,3.4869831085205076,0.39023499488830565,,32307
3290,107806720,0.9342285059454002,3.4116268157958984,0.3855267524719238,,32302
3300,108134400,0.9337199204279533,3.4266120910644533,0.38105804920196534,,32282
3310,108462080,0.9332095324013407,3.4948863983154297,0.38651199340820314,,32310
3320,108789760,0.93269734426309,3.5119548797607423,0.4008303642272949,,32295
3330,109117440,0.9321833584191851,3.5342990875244142,0.4099729537963867,,32311
3340,109445120,0.9316675772840538,3.434185791015625,0.4002673625946045,,32282
3350,109772800,0.9311500032805579,3.486909866333008,0.4006513118743896,,32245
3360,110100480,0.9306306388399807,3.461408233642578,0.39292809963226316,,32333
3370,110428160,0.9301094864020161,3.4583385467529295,0.3845478057861328,,32511
3380,110755840,0.929586548414757,3.482527160644531,0.3751528263092041,,32984
3390,111083520,0.929061827334684,3.377727508544922,0.382662296295166,,33027
3400,111411200,0.928535325626654,3.471406936645508,0.3909118890762329,,32964
3410,111738880,0.9280070457638875,3.5157196044921877,0.4060616970062256,,32404
3420,112066560,0.9274769902279585,3.4494205474853517,0.3947249174118042,,32292
3430,112394240,0.9269451615087818,3.4419376373291017,0.4063398361206055,,32463
3440,112721920,0.926411562104602,3.449657440185547,0.3806870222091675,,33104
3450,113049600,0.9258761945219811,3.403591537475586,0.388901948928833,,32499
3460,113377280,0.9253390612757871,3.416638946533203,0.3787235736846924,,32193
3470,113704960,0.9248001648891824,3.4864654541015625,0.3929661989212036,,32292
3480,114032640,0.9242595078936112,3.4759761810302736,0.3932554483413696,,32318
3490,114360320,0.9237170928287887,3.4257232666015627,0.3863560676574707,,32295
3500,114688000,0.923172922242688,3.5028709411621093,0.3894815444946289,,32288
3510,115015680,0.922626998691529,3.4309005737304688,0.3908954858779907,,32303
3520,115343360,0.922079324739766,3.4000694274902346,0.39198031425476076,,32290
3530,115671040,0.9215299029600759,3.4407623291015623,0.3901545524597168,,32291
3540,115998720,0.9209787359333456,3.454109954833984,0.39985597133636475,,32354
3550,116326400,0.9204258262486603,3.4463443756103516,0.38953921794891355,,32401
3560,116654080,0.9198711765032919,3.410932159423828,0.39153299331665037,,32309
3570,116981760,0.9193147893026851,3.3823585510253906,0.3866438388824463,,32312
3580,117309440,0.9187566672604472,3.4215114593505858,0.3868157386779785,,32286
3590,117637120,0.9181968129983342,3.426683044433594,0.3801698684692383,,32092
3600,117964800,0.9176352291462395,3.4347057342529297,0.38241794109344485,,32207
3610,118292480,0.9170719183421812,3.4679676055908204,0.38687453269958494,,32308
3620,118620160,0.9165068832322891,3.4260841369628907,0.3743006944656372,,32279
3630,118947840,0.9159401264707938,3.3991989135742187,0.3812394142150879,,32296
3640,119275520,0.9153716507200125,3.4258449554443358,0.39248998165130616,,32153
3650,119603200,0.9148014586503377,3.4993968963623048,0.38847804069519043,,32326
3660,119930880,0.9142295529402239,3.430071258544922,0.3793413877487183,,32685
3670,120258560,0.9136559362761759,3.411357116699219,0.3786062717437744,,32194
3680,120586240,0.9130806113527351,3.415713882446289,0.40619626045227053,,32349
3690,120913920,0.9125035808724679,3.4470088958740233,0.3782022953033447,,32346
3700,121241600,0.9119248475459516,3.3722908020019533,0.37936737537384035,,32315
3710,121569280,0.9113444140917637,3.43573112487793,0.38796086311340333,,32295
3720,121896960,0.9107622832364672,3.371478271484375,0.3753978252410889,,32290
3730,122224640,0.9101784577145987,3.3961860656738283,0.38539538383483884,,32315
3740,122552320,0.9095929402686556,3.3874752044677736,0.3886960506439209,,32288
3750,122880000,0.9090057336490831,3.458804702758789,0.38921327590942384,,32311
3760,123207680,0.908416840614261,3.4263446807861326,0.4283457279205322,,32291
3770,123535360,0.9078262639304908,3.484939193725586,0.4042327404022217,,32295
3780,123863040,0.9072340063719835,3.3895950317382812,0.4057408332824707,,32301
3790,124190720,0.9066400707208456,3.357538604736328,0.38760673999786377,,32302
3800,124518400,0.906044459767066,3.4451175689697267,0.3863685607910156,,32308
3810,124846080,0.905447176308504,3.429463577270508,0.3829562425613403,,32310
3820,125173760,0.9048482231508749,3.361502838134766,0.3883523941040039,,32298
3830,125501440,0.9042476031077374,3.4124523162841798,0.3921778917312622,,32286
3840,125829120,0.9036453190004807,3.4005615234375,0.40140933990478517,,32447
3850,126156800,0.9030413736583102,3.4443923950195314,0.3807367324829102,,32335
3860,126484480,0.9024357699182355,3.411760711669922,0.3980432987213135,,32295
3870,126812160,0.9018285106250563,3.402078628540039,0.39037585258483887,,32795
3880,127139840,0.901219598631349,3.391196060180664,0.38797214031219485,,33042
3890,127467520,0.9006090367974537,3.4059173583984377,0.3773930311203003,,32305
3900,127795200,0.8999968279914605,3.378753662109375,0.3909266948699951,,32300
3910,128122880,0.8993829750891961,3.4474872589111327,0.3916144847869873,,32287
3920,128450560,0.8987674809742102,3.3954093933105467,0.38921313285827636,,32914
3930,128778240,0.8981503485377622,3.4259552001953124,0.38356742858886717,,32932
3940,129105920,0.8975315806788072,3.370056915283203,0.3745130062103271,,32986
3950,129433600,0.8969111803039826,3.4161258697509767,0.3869175910949707,,32653
3960,129761280,0.8962891503275952,3.361918258666992,0.3815425395965576,,32323
3970,130088960,0.8956654936716058,3.404378890991211,0.38164050579071046,,32326
3980,130416640,0.8950402132656169,3.428475570678711,0.38262741565704345,,32432
3990,130744320,0.8944133120468587,3.3804092407226562,0.40392413139343264,,32293
4000,131072000,0.8937847929601748,3.387306976318359,0.3968759536743164,,32303
4010,131399680,0.8931546589580086,3.4129215240478517,0.39462957382202146,,32318
4020,131727360,0.8925229130003902,3.444996643066406,0.38625364303588866,,32310
4030,132055040,0.8918895580549208,3.3709049224853516,0.39153850078582764,,32306
4040,132382720,0.8912545970967604,3.4067386627197265,0.3765391826629639,,32296
4050,132710400,0.8906180331086129,3.3878093719482423,0.38625364303588866,,32288
4060,133038080,0.8899798690807127,3.366139221191406,0.38637099266052244,,32370
4070,133365760,0.8893401080108099,3.4517120361328124,0.39888596534729004,,32292
4080,133693440,0.8886987529041569,3.3753231048583983,0.37913968563079836,,32838
4090,134021120,0.888055806773494,3.4027442932128906,0.3912656784057617,,32859
4100,134348800,0.8874112726390354,3.3619464874267577,0.39470508098602297,,32361
4110,134676480,0.8867651535284545,3.4117286682128904,0.38209350109100343,,32301
4120,135004160,0.8861174524768703,3.3734081268310545,0.37925746440887453,,32304
4130,135331840,0.8854681725268331,3.3953311920166014,0.38618333339691163,,32344
4140,135659520,0.8848173167283098,3.4177555084228515,0.38280439376831055,,32385
4150,135987200,0.8841648881386694,3.3899818420410157,0.37902591228485105,,32258
4160,136314880,0.88351088982267,3.3990482330322265,0.3865334987640381,,32308
4170,136642560,0.8828553248524423,3.362470245361328,0.38914525508880615,,32302
4180,136970240,0.8821981963074773,3.4013912200927736,0.397031831741333,,32300
4190,137297920,0.8815395072746101,3.3959068298339843,0.391767692565918,,32306
4200,137625600,0.8808792608480065,3.3313709259033204,0.3881187438964844,,32317
4210,137953280,0.8802174601291479,3.3937034606933594,0.3813434600830078,,32292
4220,138280960,0.8795541082268172,3.3742290496826173,0.3851593494415283,,32299
4230,138608640,0.8788892082570837,3.4131393432617188,0.3843930721282959,,32319
4240,138936320,0.8782227633432887,3.3788646697998046,0.38513774871826173,,32335
4250,139264000,0.877554776616031,3.3623977661132813,0.39654812812805174,,32113
4260,139591680,0.8768852512131515,3.362706756591797,0.3851406335830688,,32343
4270,139919360,0.8762141902797198,3.3743953704833984,0.3823211193084717,,32301
4280,140247040,0.8755415969680176,3.3654296875,0.39249434471130373,,32356
4290,140574720,0.8748674744375259,3.4126602172851563,0.39184653759002686,,32962
4300,140902400,0.8741918258549084,3.344561767578125,0.3809561014175415,,32864
4310,141230080,0.8735146543939974,3.398199462890625,0.386159086227417,,32310
4320,141557760,0.8728359632357797,3.3388126373291014,0.3888665199279785,,32299
4330,141885440,0.8721557555683797,3.3700546264648437,0.3889769077301025,,32294
4340,142213120,0.8714740345870462,3.316506195068359,0.38390634059906004,,32316
4350,142540800,0.8707908034941365,3.3763805389404298,0.38367609977722167,,32300
4360,142868480,0.8701060654991017,3.37072639465332,0.38725457191467283,,32292
4370,143196160,0.8694198238184716,3.36458740234375,0.3927132606506348,,32294
4380,143523840,0.8687320816758393,3.333966827392578,0.38422935009002684,,32293
4390,143851520,0.8680428423018461,3.3526966094970705,0.3854546070098877,,32313
4400,144179200,0.8673521089341671,3.3274017333984376,0.3846848964691162,,32300
4410,144506880,0.866659884817495,3.3548023223876955,0.4185466289520264,,32304
4420,144834560,0.865966173203525,3.315024185180664,0.38165271282196045,,32302
4430,145162240,0.86527097735094,3.381573486328125,0.3997986078262329,,32450
4440,145489920,0.8645743005253953,3.391893005371094,0.39380826950073244,,32694
4450,145817600,0.8638761459995025,3.3380126953125,0.38774073123931885,,33004
4460,146145280,0.8631765170528151,3.3314022064208983,0.38299784660339353,,33018
4470,146472960,0.8624754169718122,3.2922698974609377,0.38918776512145997,,33127
4480,146800640,0.8617728490498839,3.343378448486328,0.3872369289398193,,32294
4490,147128320,0.8610688165873153,3.1990028381347657,0.37514400482177734,,32292
4500,147456000,0.860363322891271,3.3005134582519533,0.38919069766998293,,32289
4510,147783680,0.8596563712757798,3.3117965698242187,0.3937762498855591,,32474
4520,148111360,0.8589479650617188,3.3023822784423826,0.3909701585769653,,33069
4530,148439040,0.8582381075767984,3.3087162017822265,0.39502878189086915,,32627
4540,148766720,0.8575268021555462,3.3465450286865233,0.39163782596588137,,32392
4550,149094400,0.8568140521392911,3.341034698486328,0.3838287591934204,,32288
4560,149422080,0.8560998608761481,3.3390830993652343,0.3877314567565918,,32289
4570,149749760,0.8553842317210026,3.372761535644531,0.39272236824035645,,32273
4580,150077440,0.8546671680354943,3.315595245361328,0.38838753700256345,,32324
4590,150405120,0.8539486731880013,3.3469654083251954,0.3875508069992065,,32300
4600,150732800,0.8532287505536249,3.300543212890625,0.3905286073684692,,32317
4610,151060480,0.8525074035141732,3.352955627441406,0.38563003540039065,,32305
4620,151388160,0.8517846354581458,3.3420333862304688,0.38376646041870116,,32308
4630,151715840,0.8510604497807165,3.336670684814453,0.3996629476547241,,32348
4640,152043520,0.8503348498837191,3.2926361083984377,0.40814056396484377,,32322
4650,152371200,0.8496078391756305,3.34290771484375,0.40622768402099607,,32281
4660,152698880,0.8488794210715549,3.295185852050781,0.39327566623687743,,32357
4670,153026560,0.8481495989932074,3.303155517578125,0.37658374309539794,,32357
4680,153354240,0.8474183763688985,3.3599994659423826,0.3791708469390869,,32339
4690,153681920,0.8466857566335172,3.3186134338378905,0.383246636390686,,32324
4700,154009600,0.8459517432285163,3.364965057373047,0.3890289306640625,,32303
4710,154337280,0.8452163396018946,3.3081829071044924,0.38462803363800047,,32299
4720,154664960,0.8444795492081815,3.328424072265625,0.3926341772079468,,32621
4730,154992640,0.8437413755084207,3.3526626586914063,0.3917437314987183,,33454
4740,155320320,0.8430018219701542,3.35204963684082,0.3980663299560547,,32477
4750,155648000,0.8422608920674052,3.3201866149902344,0.394191575050354,,32356
4760,155975680,0.841518589280663,3.357207489013672,0.3846766948699951,,32304
4770,156303360,0.8407749170968652,3.331816482543945,0.3840176105499268,,32313
4780,156631040,0.8400298790093831,3.287397766113281,0.38369944095611574,,32298
4790,156958720,0.8392834785180031,3.292055130004883,0.3850611448287964,,32313
4800,157286400,0.8385357191289123,3.3167793273925783,0.3978919744491577,,32304
4810,157614080,0.837786604354681,3.3122440338134767,0.3846017837524414,,32305
4820,157941760,0.8370361377142459,3.3447315216064455,0.3846723556518555,,32288
4830,158269440,0.8362843227328948,3.249319076538086,0.38331964015960696,,32305
4840,158597120,0.8355311629422486,3.2692405700683596,0.38213272094726564,,32305
4850,158924800,0.8347766618802456,3.2880645751953126,0.3877058506011963,,32300
4860,159252480,0.8340208230911248,3.2959877014160157,0.3870422601699829,,32346
4870,159580160,0.8332636501254091,3.2900657653808594,0.3867323398590088,,32365
4880,159907840,0.8325051465398888,3.3273330688476563,0.393053674697876,,32360
4890,160235520,0.8317453158976044,3.332653045654297,0.39565837383270264,,32331
4900,160563200,0.8309841617678299,3.2434764862060548,0.39058475494384765,,32292
4910,160890880,0.8302216877260572,3.294508361816406,0.3887505292892456,,32302
4920,161218560,0.829457897353978,3.2985984802246096,0.38543086051940917,,32311
4930,161546240,0.8286927942394671,3.274671936035156,0.4026057720184326,,32794
4940,161873920,0.8279263819765664,3.3210643768310546,0.38962521553039553,,33196
4950,162201600,0.827158664165467,3.2799636840820314,0.38701910972595216,,32347
4960,162529280,0.8263896444124933,3.281404495239258,0.3856369495391846,,32404
4970,162856960,0.825619326330085,3.250257873535156,0.3958977460861206,,32972
4980,163184640,0.8248477135367809,3.293804931640625,0.396875,,33018
4990,163512320,0.8240748096572016,3.250879669189453,0.4024111270904541,,32961
5000,163840000,0.8233006183220325,3.2461013793945312,0.39102764129638673,,32794
5010,164167680,0.8225251431680068,3.3042312622070313,0.3908793210983276,,32298
5020,164495360,0.8217483878378885,3.228046417236328,0.38800883293151855,,32450
5030,164823040,0.8209703559804551,3.284537506103516,0.38519117832183836,,32302
5040,165150720,0.8201910512504803,3.3229301452636717,0.39744205474853517,,32289
5050,165478400,0.8194104773087175,3.330353927612305,0.3846172094345093,,32317
5060,165806080,0.8186286378218818,3.269572448730469,0.3808732986450195,,32309
5070,166133760,0.8178455364626335,3.2616199493408202,0.3848301410675049,,32309
5080,166461440,0.8170611769095599,3.2002689361572267,0.39227747917175293,,32250
5090,166789120,0.8162755628471595,3.1914047241210937,0.40354442596435547,,32303
5100,167116800,0.815488697965823,3.2665294647216796,0.4074407577514648,,32538
5110,167444480,0.8147005859618172,3.3286285400390625,0.41683406829833985,,32302
5120,167772160,0.813911230537267,3.2354446411132813,0.3876246452331543,,32306
5130,168099840,0.8131206354001385,3.3184463500976564,0.39628169536590574,,32295
5140,168427520,0.8123288042642208,3.217272186279297,0.3841328382492065,,32194
5150,168755200,0.8115357408491098,3.265620803833008,0.4066000461578369,,32303
5160,169082880,0.8107414488801894,3.2935955047607424,0.3885968685150146,,32834
5170,169410560,0.8099459320886147,3.302908706665039,0.3958639144897461,,32952
5180,169738240,0.8091491942112942,3.303188705444336,0.39860076904296876,,32382
5190,170065920,0.8083512389908728,3.25421257019043,0.38220169544219973,,32303
5200,170393600,0.8075520701757136,3.322212982177734,0.3859812021255493,,32307
5210,170721280,0.8067516915198807,3.2980770111083983,0.3893334150314331,,32296
5220,171048960,0.8059501067831211,3.288458251953125,0.4060548782348633,,32286
5230,171376640,0.8051473197308472,3.247775650024414,0.3918524503707886,,32291
5240,171704320,0.8043433341341197,3.253339385986328,0.3842646360397339,,32295
5250,172032000,0.8035381537696291,3.3146533966064453,0.4028027057647705,,32316
5260,172359680,0.8027317824196785,3.3154266357421873,0.4052095413208008,,32299
5270,172687360,0.8019242238721653,3.2721225738525392,0.4007699489593506,,32296
5280,173015040,0.8011154819205639,3.2471012115478515,0.3907451629638672,,32300
5290,173342720,0.8003055603639075,3.2788848876953125,0.39521284103393556,,32327
5300,173670400,0.799494463006771,3.2771263122558594,0.38953847885131837,,32304
5310,173998080,0.7986821936592519,3.314133071899414,0.39208877086639404,,32358
5320,174325760,0.7978687561369534,3.2974647521972655,0.3980274200439453,,32351
5330,174653440,0.7970541542609662,3.2675544738769533,0.39071006774902345,,32295
5340,174981120,0.7962383918578503,3.2509140014648437,0.39422783851623533,,32352
5350,175308800,0.7954214727596175,3.3454174041748046,0.4134791851043701,,32294
5360,175636480,0.794603400803713,3.24332275390625,0.3942974328994751,,32292
5370,175964160,0.7937841798329972,3.2209423065185545,0.39168224334716795,,33173
5380,176291840,0.7929638136957288,3.2190853118896485,0.39224627017974856,,32780
5390,176619520,0.7921423062455447,3.2932594299316404,0.3904560565948486,,32343
5400,176947200,0.791319661341444,3.2358150482177734,0.3845224380493164,,32291
5410,177274880,0.7904958828477688,3.3080310821533203,0.400238561630249,,32320
5420,177602560,0.7896709746341858,3.2393394470214845,0.38238160610198973,,32314
5430,177930240,0.7888449405756687,3.239167022705078,0.3913466453552246,,32326
5440,178257920,0.78801778455248,3.2568115234375,0.39526417255401614,,32421
5450,178585600,0.7871895104501523,3.222774887084961,0.39582574367523193,,32297
5460,178913280,0.7863601221594704,3.2329021453857423,0.38693943023681643,,32329
5470,179240960,0.7855296235764533,3.2464584350585937,0.39272265434265136,,32415
5480,179568640,0.7846980186023351,3.2915599822998045,0.3909306526184082,,32319
5490,179896320,0.7838653111435474,3.218144989013672,0.40199942588806153,,32303
5500,180224000,0.7830315051117006,3.2229785919189453,0.40359745025634763,,32938
5510,180551680,0.7821966044235655,3.2433547973632812,0.389180326461792,,32936
5520,180879360,0.7813606130010551,3.2994010925292967,0.3911097288131714,,32870
5530,181207040,0.7805235347712062,3.3115509033203123,0.3972168922424316,,32323
5540,181534720,0.7796853736661605,3.2887115478515625,0.4116679191589355,,32311
5550,181862400,0.7788461336231468,3.22896728515625,0.3974612236022949,,32306
5560,182190080,0.7780058185844622,3.233895492553711,0.3965339183807373,,32291
5570,182517760,0.777164432497453,3.1988197326660157,0.3954576015472412,,32309
5580,182845440,0.7763219793144973,3.3076366424560546,0.39443771839141845,,33119
5590,183173120,0.7754784629929858,3.2021438598632814,0.388195538520813,,32739
5600,183500800,0.7746338874953032,3.214553451538086,0.38923039436340334,,32317
5610,183828480,0.773788256788809,3.248343658447266,0.396809983253479,,32419
5620,184156160,0.7729415748458205,3.2391311645507814,0.39777145385742185,,32339
5630,184483840,0.7720938456435924,3.2636608123779296,0.3928302049636841,,32343
5640,184811520,0.7712450731642992,3.173076057434082,0.39531168937683103,,32276
5650,185139200,0.7703952613950162,3.2790760040283202,0.4106186866760254,,32335
5660,185466880,0.7695444143277006,3.2119789123535156,0.41831555366516116,,32368
5670,185794560,0.7686925359591726,3.230681610107422,0.3997102499008179,,32312
5680,186122240,0.7678396302910978,3.280719757080078,0.399551248550415,,32300
5690,186449920,0.7669857013299661,3.283341979980469,0.404433536529541,,32295
5700,186777600,0.7661307530870757,3.3063167572021483,0.40425381660461424,,32315
5710,187105280,0.7652747895785117,3.196176528930664,0.39575681686401365,,32228
5720,187432960,0.7644178148251293,3.1364112854003907,0.39321088790893555,,32321
5730,187760640,0.7635598328525331,3.2640922546386717,0.4013014316558838,,32304
5740,188088320,0.76270084769106,3.228403854370117,0.3982916116714478,,32300
5750,188416000,0.7618408633757584,3.2516605377197267,0.3989365339279175,,32290
5760,188743680,0.760979883946371,3.278957748413086,0.4104932308197021,,32349
5770,189071360,0.7601179134473144,3.252414321899414,0.3910961627960205,,32398
5780,189399040,0.7592549559276612,3.249517059326172,0.39650115966796873,,32308
5790,189726720,0.7583910154411201,3.3098575592041017,0.4029547214508057,,32220
5800,190054400,0.7575260960460173,3.27856559753418,0.39773900508880616,,32298
5810,190382080,0.7566602018052777,3.2781192779541017,0.40203514099121096,,32243
5820,190709760,0.7557933367864051,3.285472106933594,0.4073899745941162,,32365
5830,191037440,0.7549255050614639,3.2299503326416015,0.3917971134185791,,32303
5840,191365120,0.7540567107070592,3.234920883178711,0.39410247802734377,,32371
5850,191692800,0.753186957804318,3.2277236938476563,0.4062755584716797,,32300
5860,192020480,0.7523162504388706,3.254822540283203,0.4027556896209717,,32312
5870,192348160,0.7514445927008302,3.2833278656005858,0.41461987495422364,,32294
5880,192675840,0.7505719886847744,3.1426717758178713,0.4082481384277344,,32294
5890,193003520,0.7496984424897264,3.242888259887695,0.40101470947265627,,32304
5900,193331200,0.7488239582191348,3.210523223876953,0.4087470054626465,,32413
5910,193658880,0.7479485399808549,3.231954574584961,0.39913287162780764,,32358
5920,193986560,0.7470721918871295,3.18756217956543,0.38985984325408934,,32301
5930,194314240,0.7461949180545687,3.2034141540527346,0.3941596746444702,,32307
5940,194641920,0.745316722604132,3.231304168701172,0.40358967781066896,,32264
5950,194969600,0.744437609661108,3.26556396484375,0.4110128879547119,,32281
5960,195297280,0.7435575833550946,3.1817068099975585,0.41007566452026367,,32181
5970,195624960,0.7426766478199808,3.324402618408203,0.4143985271453857,,32239
5980,195952640,0.7417948071939264,3.2253761291503906,0.40533862113952634,,32341
5990,196280320,0.7409120656193431,3.16502685546875,0.39536023139953613,,32199
6000,196608000,0.7400284272428742,3.177993392944336,0.3950143575668335,,32298
6010,196935680,0.7391438962153765,3.2173255920410155,0.3905343055725098,,32678
6020,197263360,0.7382584766918991,3.224630355834961,0.40010910034179686,,33099
6030,197591040,0.7373721728316657,3.216522216796875,0.4047085285186768,,32523
6040,197918720,0.7364849887980534,3.2670356750488283,0.40061559677124026,,32955
6050,198246400,0.7355969287585742,3.2585697174072266,0.40769000053405763,,32990
6060,198574080,0.7347079968848549,3.2523643493652346,0.3994248867034912,,33046
6070,198901760,0.733818197352618,3.1829645156860353,0.4025681495666504,,32456
6080,199229440,0.7329275343416618,3.128452110290527,0.39120118618011473,,32310
6090,199557120,0.7320360120358402,3.2139488220214845,0.400270938873291,,32294
6100,199884800,0.7311436346230444,3.1902170181274414,0.3990302562713623,,32298
6110,200212480,0.7302504062951819,3.2659801483154296,0.40541658401489256,,32337
6120,200540160,0.7293563312481574,3.184544563293457,0.4033769130706787,,32297
6130,200867840,0.7284614136818531,3.2009246826171873,0.39807858467102053,,32303
6140,201195520,0.7275656578001092,3.140178680419922,0.40522236824035646,,32313
6150,201523200,0.7266690678107032,3.2099353790283205,0.4222435474395752,,32301
6160,201850880,0.7257716479253312,3.1946342468261717,0.4052418231964111,,32308
6170,202178560,0.7248734023595879,3.1654014587402344,0.3913357973098755,,32302
6180,202506240,0.7239743353329462,3.1975446701049806,0.3953420877456665,,32311
6190,202833920,0.7230744510687378,3.2552169799804687,0.3951688289642334,,32329
6200,203161600,0.7221737537941337,3.212266540527344,0.40180277824401855,,32421
6210,203489280,0.7212722477401238,3.227164459228516,0.38949761390686033,,32300
6220,203816960,0.7203699371414969,3.2643951416015624,0.3984715461730957,,32700
6230,204144640,0.7194668262368217,3.196441078186035,0.4004488945007324,,33069
6240,204472320,0.7185629192684256,3.209695053100586,0.40297865867614746,,32293
6250,204800000,0.7176582204823762,3.170501708984375,0.39918701648712157,,32292
6260,205127680,0.7167527341284602,3.1695840835571287,0.4016706466674805,,32289
6270,205455360,0.715846464460164,3.2106353759765627,0.39267969131469727,,32329
6280,205783040,0.7149394157346535,3.188978576660156,0.3984911203384399,,32243
6290,206110720,0.7140315922127544,3.2058059692382814,0.40224266052246094,,32311
6300,206438400,0.7131229981589317,3.210810089111328,0.41110954284667967,,32302
6310,206766080,0.7122136378412699,3.163331413269043,0.40516295433044436,,32341
6320,207093760,0.7113035155314535,3.2053531646728515,0.4002977848052979,,32318
6330,207421440,0.710392635504746,3.2357635498046875,0.4085541725158691,,32311
6340,207749120,0.70948100203997,3.2192859649658203,0.41277346611022947,,32305
6350,208076800,0.7085686194194882,3.2441356658935545,0.40071449279785154,,32390
6360,208404480,0.7076554919291816,3.194057083129883,0.40247602462768556,,32362
6370,208732160,0.7067416238584305,3.191824722290039,0.4013820648193359,,32300
6380,209059840,0.7058270195000943,3.2492721557617186,0.39772226810455324,,32294
6390,209387520,0.7049116831504906,3.2288402557373046,0.40599937438964845,,32280
6400,209715200,0.7039956191093758,3.2598358154296876,0.40050811767578126,,32238
6410,210042880,0.7030788316799246,3.250508117675781,0.40538558959960935,,32328
6420,210370560,0.7021613251687095,3.2191680908203124,0.41138496398925783,,32378
6430,210698240,0.7012431038856815,3.2729110717773438,0.4015518665313721,,32945
6440,211025920,0.7003241721441484,3.1859241485595704,0.3991339921951294,,32914
6450,211353600,0.699404534260756,3.2188377380371094,0.39812359809875486,,32177
6460,211681280,0.6984841945554667,3.1723348617553713,0.41908860206604004,,32318
6470,212008960,0.6975631573515402,3.137292671203613,0.39513359069824217,,32327
6480,212336640,0.6966414269755121,3.1978786468505858,0.3962886333465576,,32307
6490,212664320,0.6957190077571747,3.206388473510742,0.40952153205871583,,32349
6500,212992000,0.6947959040295556,3.117892265319824,0.4061760902404785,,32403
6510,213319680,0.693872120128898,3.218781661987305,0.400712776184082,,32313
6520,213647360,0.6929476603946405,3.212604522705078,0.4234135150909424,,32324
6530,213975040,0.6920225291693962,3.186855697631836,0.41463441848754884,,32316
6540,214302720,0.6910967307989323,3.1281454086303713,0.40597262382507326,,32292
6550,214630400,0.6901702696321502,3.158774566650391,0.41272435188293455,,32352
6560,214958080,0.6892431500210646,3.195025634765625,0.4090712070465088,,32870
6570,215285760,0.6883153763207832,3.2871070861816407,0.41130967140197755,,32951
6580,215613440,0.6873869528894864,3.173604393005371,0.4031373977661133,,32999
6590,215941120,0.6864578840884065,3.222319412231445,0.40866951942443847,,32795
6600,216268800,0.6855281742818073,3.1777156829833983,0.40682415962219237,,32301
6610,216596480,0.6845978278369642,3.1888874053955076,0.4153278350830078,,32303
6620,216924160,0.683666849124143,3.2506309509277345,0.4049996376037598,,32311
6630,217251840,0.6827352425165789,3.18988094329834,0.41513690948486326,,32302
6640,217579520,0.6818030123904574,3.2217716217041015,0.4094717979431152,,32319
6650,217907200,0.6808701631248927,3.1811100006103517,0.4038644790649414,,32488
6660,218234880,0.6799366991019075,3.1977251052856444,0.4408591270446777,,33045
6670,218562560,0.6790026247064119,3.2152286529541017,0.44944009780883787,,32574
6680,218890240,0.6780679443261837,3.1702524185180665,0.4119726181030273,,32318
6690,219217920,0.6771326623518468,3.2038829803466795,0.4962010860443115,,32314
6700,219545600,0.6761967831768516,3.183586311340332,0.41657590866088867,,32315
6710,219873280,0.6752603111974533,3.1744733810424806,0.411159610748291,,32297
6720,220200960,0.6743232508126922,3.226068878173828,0.41456036567687987,,32334
6730,220528640,0.6733856064243724,3.213115692138672,0.41312456130981445,,32234
6740,220856320,0.6724473824370414,3.0999053955078124,0.394372820854187,,32302
6750,221184000,0.6715085832579691,3.156739616394043,0.40817937850952146,,32306
6760,221511680,0.6705692132971278,3.1721624374389648,0.40586414337158205,,32306
6770,221839360,0.6696292769671708,3.0993017196655273,0.4036074161529541,,32353
6780,222167040,0.6686887786834115,3.1849411010742186,0.4115459442138672,,32330
6790,222494720,0.6677477228638038,3.1909229278564455,0.41517081260681155,,32415
6800,222822400,0.6668061139289202,3.151515769958496,0.40635294914245607,,32291
6810,223150080,0.6658639563019313,3.1863376617431642,0.4135589599609375,,32203
6820,223477760,0.6649212544085855,3.201405715942383,0.41129841804504397,,32299
6830,223805440,0.6639780126771876,3.067857551574707,0.3980257034301758,,32284
6840,224133120,0.6630342355385784,3.1651039123535156,0.40368199348449707,,32333
6850,224460800,0.6620899274261136,3.151408386230469,0.40817794799804685,,32297
6860,224788480,0.6611450927756435,3.1792667388916014,0.40294480323791504,,32417
6870,225116160,0.6601997360254913,3.175923156738281,0.4148110866546631,,33047
6880,225443840,0.659253861616433,3.1229747772216796,0.4084366798400879,,32495
6890,225771520,0.6583074739916764,3.139869499206543,0.4009231090545654,,32328
6900,226099200,0.65736057759684,3.1742586135864257,0.4097557067871094,,32284
6910,226426880,0.656413176879932,3.2242656707763673,0.41017470359802244,,32287
6920,226754560,0.65546527629133,3.233223724365234,0.41620306968688964,,32292
6930,227082240,0.6545168802837597,3.1845394134521485,0.4352696418762207,,32316
6940,227409920,0.6535679933122733,3.1891475677490235,0.42376298904418946,,32339
6950,227737600,0.6526186198342305,3.1513622283935545,0.4076084613800049,,32358
6960,228065280,0.6516687643092755,3.2130882263183596,0.41155452728271485,,32298
6970,228392960,0.6507184311993169,3.195809745788574,0.4147657871246338,,32305
6980,228720640,0.6497676249685073,3.1430782318115233,0.40984401702880857,,32318
6990,229048320,0.648816350083221,3.1515756607055665,0.40941953659057617,,32294
7000,229376000,0.6478646110120344,3.1361974716186523,0.4078221797943115,,32334
7010,229703680,0.6469124122257043,3.136213684082031,0.402294921875,,32299
7020,230031360,0.6459597581971467,3.1530303955078125,0.40955533981323244,,32297
7030,230359040,0.6450066534014163,3.076273536682129,0.4094243049621582,,32203
7040,230686720,0.6440531023156852,3.161425971984863,0.4152407169342041,,32283
7050,231014400,0.643099109419222,3.149093246459961,0.4119863033294678,,32281
7060,231342080,0.6421446791933706,3.128181266784668,0.4036351203918457,,32292
7070,231669760,0.6411898161215294,3.14340877532959,0.4114955425262451,,32565
7080,231997440,0.6402345246891296,3.1315238952636717,0.5498573303222656,,33320
7090,232325120,0.6392788093836153,3.1217086791992186,0.4407216548919678,,33123
7100,232652800,0.6383226746944214,3.096923828125,0.5279609680175781,,33202
7110,232980480,0.6373661251129528,3.084969902038574,0.41822185516357424,,33103
7120,233308160,0.6364091651325631,3.0824920654296877,0.4077810764312744,,32426
7130,233635840,0.6354517992485343,3.1961231231689453,0.4235480785369873,,32324
7140,233963520,0.6344940319580545,3.1527788162231447,0.4109795093536377,,32341
7150,234291200,0.6335358677601981,3.161376953125,0.4117881298065186,,32316
7160,234618880,0.6325773111559034,3.154110336303711,0.41704816818237306,,32142
7170,234946560,0.631618366647952,3.141274070739746,0.40581350326538085,,32315
7180,235274240,0.6306590387409481,3.1330486297607423,0.41104326248168943,,32311
7190,235601920,0.6296993319412965,3.148085021972656,0.4165297031402588,,32302
7200,235929600,0.6287392507571821,3.175949478149414,0.40693163871765137,,32298
7210,236257280,0.627778799698548,3.120427131652832,0.4105588436126709,,32295
7220,236584960,0.6268179832770756,3.139752960205078,0.4105814456939697,,32312
7230,236912640,0.6258568060061616,3.117136001586914,0.41767163276672364,,32329
7240,237240320,0.6248952724008985,3.1436723709106444,0.4064143180847168,,32433
7250,237568000,0.6239333869780525,3.1447498321533205,0.4189634323120117,,32298
7260,237895680,0.6229711542560421,3.1193330764770506,0.4121601104736328,,32301
7270,238223360,0.6220085787549176,3.122700309753418,0.4076699733734131,,32305
7280,238551040,0.6210456649963396,3.0705162048339845,0.4119879722595215,,32309
7290,238878720,0.6200824175035572,3.123295211791992,0.41745357513427733,,32311
7300,239206400,0.6191188408013876,3.1636180877685547,0.4173118114471436,,32763
7310,239534080,0.618154939416194,3.094878578186035,0.4178918838500977,,33132
7320,239861760,0.6171907178758654,3.1078752517700194,0.40769367218017577,,32386
7330,240189440,0.6162261807097943,3.151539993286133,0.414030933380127,,32363
7340,240517120,0.615261332448856,3.153179931640625,0.41356582641601564,,32321
7350,240844800,0.6142961776253867,3.1199817657470703,0.4112242221832275,,32306
7360,241172480,0.6133307207731634,3.122654342651367,0.4156635761260986,,32308
7370,241500160,0.6123649664273816,3.118100166320801,0.4112844944000244,,32354
7380,241827840,0.6113989191246338,3.1186639785766603,0.4116386890411377,,32401
7390,242155520,0.6104325834028894,3.1186084747314453,0.4059431076049805,,32479
7400,242483200,0.6094659638014722,3.15457706451416,0.4080456256866455,,33586
7410,242810880,0.6084990648610393,3.1173255920410154,0.40778098106384275,,42667
7420,243138560,0.6075318911235607,3.20018310546875,0.4196614265441895,,42672
7430,243466240,0.6065644471322965,3.1747968673706053,0.42341156005859376,,42671
7440,243793920,0.6055967374317768,3.203023147583008,0.4157750129699707,,42606
7450,244121600,0.6046287665677795,3.1490976333618166,0.4122809886932373,,42691
7460,244449280,0.6036605390873098,3.1300403594970705,0.41378054618835447,,42696
7470,244776960,0.6026920595385779,3.1270349502563475,0.42044787406921386,,42715
7480,245104640,0.6017233324709779,3.1285781860351562,0.4143980026245117,,42711
7490,245432320,0.6007543624350674,3.0616302490234375,0.41137847900390623,,40716
7500,245760000,0.5997851539825445,3.0527280807495116,0.41149044036865234,,43016
7510,246087680,0.5988157116662278,3.0788990020751954,0.40853142738342285,,44069
7520,246415360,0.5978460400400343,3.078174591064453,0.40994911193847655,,44023
7530,246743040,0.5968761436589581,3.105640411376953,0.42394585609436036,,43023
7540,247070720,0.595906027079049,3.1579879760742187,0.422906494140625,,43045
7550,247398400,0.5949356948573915,3.092702102661133,0.41840052604675293,,43018
7560,247726080,0.593965151552083,3.12203426361084,0.41226673126220703,,42841
7570,248053760,0.5929944017222119,3.0662567138671877,0.4170526504516602,,43028
7580,248381440,0.5920234499278374,3.152695083618164,0.4119673728942871,,43009
7590,248709120,0.5910523007299672,3.1107305526733398,0.40877203941345214,,43047
7600,249036800,0.5900809586905363,3.149973487854004,0.4094353199005127,,43014
7610,249364480,0.5891094283723856,3.1292118072509765,0.41066269874572753,,43023
7620,249692160,0.5881377143392402,3.1635337829589845,0.4206560134887695,,43023
7630,250019840,0.5871658211556886,3.198175048828125,0.4202552318572998,,44147
7640,250347520,0.5861937533871606,3.0830495834350584,0.40765790939331054,,43669
7650,250675200,0.585221515599906,3.127188491821289,0.4117417335510254,,42997
7660,251002880,0.5842491123609734,3.0634761810302735,0.41640534400939944,,42990
7670,251330560,0.5832765482381888,3.153464508056641,0.4176796913146973,,43010
7680,251658240,0.5823038278001335,3.1261472702026367,0.4185204982757568,,42994
7690,251985920,0.5813309556161232,3.0933353424072267,0.41770095825195314,,43121
7700,252313600,0.5803579362561871,3.1222198486328123,0.41115245819091795,,42987
7710,252641280,0.5793847742910447,3.155099868774414,0.41521177291870115,,43022
7720,252968960,0.5784114742920861,3.1241687774658202,0.4316079139709473,,44174
7730,253296640,0.5774380408313496,3.045967674255371,0.4216419219970703,,43773
7740,253624320,0.5764644784815004,3.096047782897949,0.43132648468017576,,43033
7750,253952000,0.575490791815809,3.1563621520996095,0.4262368202209473,,43021
7760,254279680,0.5745169854081302,3.1306154251098635,0.41695437431335447,,43039
7770,254607360,0.5735430638328811,3.063882064819336,0.4311404228210449,,43018
7780,254935040,0.5725690316650198,3.0937149047851564,0.4241462230682373,,43038
7790,255262720,0.571594893480024,3.1063676834106446,0.41552300453186036,,43023
7800,255590400,0.5706206538538694,3.1324649810791017,0.4170095443725586,,43010
7810,255918080,0.5696463173630077,3.1459558486938475,0.4278327465057373,,42883
7820,256245760,0.5686718885843468,3.125556755065918,0.4183688163757324,,43019
7830,256573440,0.5676973720952269,3.1111118316650392,0.45575838088989257,,43005
7840,256901120,0.5667227724734006,3.112889862060547,0.4267843723297119,,43018
7850,257228800,0.5657480942970116,3.1430896759033202,0.4213248252868652,,43026
7860,257556480,0.5647733421445715,3.1191905975341796,0.4175604820251465,,42993
7870,257884160,0.5637985205949405,3.1368892669677733,0.41136908531188965,,43010
7880,258211840,0.5628236342273044,3.1310218811035155,0.4161057472229004,,43034
7890,258539520,0.5618486876211529,3.1244413375854494,0.41755995750427244,,42995
7900,258867200,0.5608736853562596,3.1236186981201173,0.41883554458618166,,43011
7910,259194880,0.5598986320126588,3.108254051208496,0.41532254219055176,,42990
7920,259522560,0.5589235321706254,3.014099884033203,0.4128990650177002,,43023
7930,259850240,0.557948390410652,3.1166486740112305,0.42476539611816405,,43013
7940,260177920,0.5569732113134289,3.1077033996582033,0.4258105278015137,,43542
7950,260505600,0.5559979994598211,3.090093994140625,0.42373857498168943,,42912
7960,260833280,0.5550227594308477,3.166512107849121,0.41686301231384276,,43006
7970,261160960,0.5540474958076603,3.042921447753906,0.4114520072937012,,43024
7980,261488640,0.5530722131715214,3.0993799209594726,0.41767024993896484,,43022
7990,261816320,0.5520969161037825,3.093734550476074,0.4208687782287598,,43082
8000,262144000,0.551121609185863,3.132659912109375,0.41689424514770507,,43025
8010,262471680,0.5501462969992287,3.0417402267456053,0.41627025604248047,,43005
8020,262799360,0.5491709841253699,3.05341796875,0.42439980506896974,,43004
8030,263127040,0.5481956751457805,3.0936630249023436,0.42016029357910156,,43005
8040,263454720,0.5472203746419358,3.0948251724243163,0.42066316604614257,,43058
8050,263782400,0.5462450871952715,3.0456899642944335,0.41747164726257324,,43010
8060,264110080,0.5452698173871616,3.05009765625,0.4252272129058838,,43013
8070,264437760,0.5442945697988978,3.111027145385742,0.4181517601013184,,43000
8080,264765440,0.5433193490116667,3.112211799621582,0.4230660438537598,,43000
8090,265093120,0.5423441596065299,3.0860572814941407,0.42769699096679686,,43029
8100,265420800,0.5413690061644008,3.093134117126465,0.4228371143341064,,43082
8110,265748480,0.5403938932660243,3.0855064392089844,0.4334872722625732,,43011
8120,266076160,0.5394188254919544,3.121308517456055,0.4207756042480469,,43034
8130,266403840,0.538443807422534,3.0744049072265627,0.4169150829315186,,42988
8140,266731520,0.5374688436378715,3.0807838439941406,0.42145748138427735,,43011
8150,267059200,0.5364939387178209,3.1179290771484376,0.4162959098815918,,44103
8160,267386880,0.5355190972419597,3.0137151718139648,0.4162599086761475,,45463
8170,267714560,0.5345443237895667,3.1306406021118165,0.4276223659515381,,44306
8180,268042240,0.5335696229396024,3.0917680740356444,0.42404327392578123,,44025
8190,268369920,0.532594999270685,3.1074497222900392,0.4216444492340088,,43041
8200,268697600,0.5316204573610711,3.150261878967285,0.4266014575958252,,42977
8210,269025280,0.5306460017886323,3.093907928466797,0.42224860191345215,,43030
8220,269352960,0.5296716371308356,3.1153968811035155,0.42743992805480957,,43003
8230,269680640,0.5286973679647203,3.064115524291992,0.42218337059020994,,43007
8240,270008320,0.5277231988668772,3.0834789276123047,0.42320542335510253,,43194
8250,270336000,0.5267491344134275,3.0647878646850586,0.42442774772644043,,42987
8260,270663680,0.5257751791799999,3.1236413955688476,0.42636971473693847,,43016
8270,270991360,0.5248013377417113,3.08048038482666,0.4222921371459961,,43063
8280,271319040,0.523827614673143,3.025478744506836,0.4166407108306885,,43024
8290,271646720,0.5228540145483207,3.052033615112305,0.42276873588562014,,42608
8300,271974400,0.5218805419406926,3.1285541534423826,0.42754154205322265,,42962
8310,272302080,0.5209072014231075,3.044503402709961,0.42256851196289064,,43024
8320,272629760,0.5199339975677946,3.118393898010254,0.4239038944244385,,42995
8330,272957440,0.51896093494634,3.1155715942382813,0.4236460208892822,,43009
8340,273285120,0.5179880181296672,3.136274719238281,0.4251363277435303,,43019
8350,273612800,0.5170152516880143,3.0002906799316404,0.420637321472168,,43006
8360,273940480,0.5160426401909136,3.0830352783203123,0.4238222599029541,,43774
8370,274268160,0.5150701882071689,3.111677360534668,0.42218427658081054,,44388
8380,274595840,0.514097900304835,3.097953224182129,0.4287136077880859,,43014
8390,274923520,0.5131257810511961,3.1184940338134766,0.4515397548675537,,43025
8400,275251200,0.5121538350127436,3.077443313598633,0.4266518115997314,,43044
8410,275578880,0.511182066755156,2.9996616363525392,0.42644529342651366,,43016
8420,275906560,0.510210480843276,3.0859521865844726,0.42047719955444335,,43018
8430,276234240,0.5092390818410902,3.061076354980469,0.4234046459197998,,43000
8440,276561920,0.508267874311707,3.0552383422851563,0.425502347946167,,43015
8450,276889600,0.5072968628173354,3.120166778564453,0.42237238883972167,,43025
8460,277217280,0.5063260519192636,3.072117233276367,0.4284158706665039,,43004
8470,277544960,0.5053554461778373,3.089359474182129,0.42512826919555663,,43017
8480,277872640,0.5043850501524388,3.0403936386108397,0.420664644241333,,43044
8490,278200320,0.5034148684014648,3.096687889099121,0.4379951000213623,,43013
8500,278528000,0.502444905482306,3.0695695877075195,0.42840328216552737,,43039
8510,278855680,0.5014751659513248,3.0541965484619142,0.4223635196685791,,43021
8520,279183360,0.5005056543638344,3.0460514068603515,0.43615188598632815,,43049
8530,279511040,0.499536375274077,3.0795618057250977,0.4384784698486328,,43011
8540,279838720,0.4985673332352031,3.0299148559570312,0.4276681900024414,,42999
8550,280166400,0.49759853279924915,3.070308494567871,0.4345289707183838,,43004
8560,280494080,0.4966299785171171,3.0667367935180665,0.42899489402770996,,43005
8570,280821760,0.4956616749385523,3.04034538269043,0.42394394874572755,,43899
8580,281149440,0.49469362661212246,3.1218542098999023,0.42788286209106446,,44140
8590,281477120,0.49372583808519666,3.1232440948486326,0.42668447494506834,,43041
8600,281804800,0.4927583139039229,3.0731269836425783,0.4264077186584473,,43020
8610,282132480,0.49179105861320815,3.0397497177124024,0.41852588653564454,,43115
8620,282460160,0.4908240767566955,3.0893234252929687,0.4419583320617676,,43031
8630,282787840,0.48985737287674447,3.0647514343261717,0.4345436096191406,,42987
8640,283115520,0.4888909515144081,3.0845909118652344,0.42731223106384275,,43038
8650,283443200,0.4879248172094126,3.0465877532958983,0.4307695388793945,,42999
8660,283770880,0.4869589745001358,3.1015506744384767,0.44140024185180665,,43013
8670,284098560,0.48599342792358535,3.0737789154052733,0.4319105625152588,,43123
8680,284426240,0.48502818201537845,3.058507537841797,0.4282203674316406,,44264
8690,284753920,0.48406324130971956,3.05484561920166,0.4359144687652588,,44123
8700,285081600,0.4830986103393794,3.0535350799560548,0.4372398853302002,,44230
8710,285409280,0.4821342936356737,3.1017261505126954,0.4322018623352051,,43402
8720,285736960,0.4811702957284427,3.1014583587646483,0.4361545562744141,,42996
8730,286064640,0.48020662114602786,3.043688201904297,0.43195357322692873,,43014
8740,286392320,0.4792432744152527,3.084017753601074,0.4326333522796631,,43014
8750,286720000,0.47828026006140056,3.086298942565918,0.4271247386932373,,42995
8760,287047680,0.477317582608193,2.9975521087646486,0.4266666412353516,,42958
8770,287375360,0.4763552465777695,3.0721817016601562,0.43195328712463377,,43014
8780,287703040,0.47539325649066544,3.0155542373657225,0.42826619148254397,,43023
8790,288030720,0.4744316168657915,3.0549362182617186,0.4343358039855957,,43108
8800,288358400,0.47347033222041146,3.0495817184448244,0.4319438457489014,,44264
8810,288686080,0.47250940707012234,3.0421463012695313,0.42674827575683594,,43840
8820,289013760,0.47154884592883173,3.0143199920654298,0.42722644805908205,,43022
8830,289341440,0.4705886533087379,3.0871723175048826,0.4318049430847168,,43093
8840,289669120,0.4696288337203076,3.0220142364501954,0.42765073776245116,,42979
8850,289996800,0.4686693916722554,3.0374576568603517,0.42690491676330566,,43077
8860,290324480,0.46771033167152265,3.030198669433594,0.4357025146484375,,43026
8870,290652160,0.4667516582232554,3.0934593200683596,0.4261024951934814,,42989
8880,290979840,0.46579337583078473,3.039594268798828,0.425006628036499,,43005
8890,291307520,0.4648354889956039,3.0716621398925783,0.428579044342041,,42845
8900,291635200,0.4638780022173489,3.0264177322387695,0.42900781631469725,,43026
8910,291962880,0.4629209199937757,3.0482656478881838,0.43569192886352537,,43028
8920,292290560,0.46196424682074044,3.0463188171386717,0.4303703784942627,,42988
8930,292618240,0.4610079871921775,2.996112060546875,0.4239216327667236,,42908
8940,292945920,0.4600521456000787,3.0471168518066407,0.4357314586639404,,42998
8950,293273600,0.4590967265344721,3.069876289367676,0.42885828018188477,,43014
8960,293601280,0.4581417344834009,3.0014848709106445,0.4269522190093994,,42996
8970,293928960,0.45718717393290287,3.034415626525879,0.43167805671691895,,43026
8980,294256640,0.45623304936698816,3.033632278442383,0.43236026763916013,,42965
8990,294584320,0.4552793652676195,3.032044219970703,0.43899097442626955,,42990
9000,294912000,0.4543261261146899,3.0405139923095703,0.4277799129486084,,43206
9010,295239680,0.45337333638600297,3.1028656005859374,0.44205422401428224,,44272
9020,295567360,0.45242100055725065,3.0894844055175783,0.44475860595703126,,43591
9030,295895040,0.45146912310199294,3.0861232757568358,0.4387694835662842,,43012
9040,296222720,0.4505177084916365,3.060700607299805,0.44080328941345215,,43015
9050,296550400,0.44956676119541383,3.116529655456543,0.4353457450866699,,43037
9060,296878080,0.4486162856803626,3.066488265991211,0.4342796325683594,,43009
9070,297205760,0.44766628641130346,3.0211679458618166,0.4343841552734375,,43032
9080,297533440,0.4467167678508208,2.9921472549438475,0.42949366569519043,,42844
9090,297861120,0.44576773445924056,3.0366050720214846,0.43400039672851565,,43015
9100,298188800,0.4448191906946096,3.0949804306030275,0.450287914276123,,43021
9110,298516480,0.44387114101267466,3.018561363220215,0.4331340789794922,,42950
9120,298844160,0.44292358986686153,3.0065614700317385,0.429799222946167,,43007
9130,299171840,0.4419765417082546,3.0125864028930662,0.43169116973876953,,43012
9140,299499520,0.4410300009855749,3.015666389465332,0.4265944004058838,,43009
9150,299827200,0.4400839721451604,3.0128517150878906,0.42656779289245605,,43021
9160,300154880,0.43913845963094367,3.056329536437988,0.4332075595855713,,43043
9170,300482560,0.4381934678844329,3.02701473236084,0.4334815502166748,,43017
9180,300810240,0.43724900134468936,3.049244499206543,0.43714418411254885,,42945
9190,301137920,0.4363050644483073,3.0379140853881834,0.4278614044189453,,43142
9200,301465600,0.4353616616293928,3.1126848220825196,0.44301834106445315,,43756
9210,301793280,0.4344187973195436,3.0943666458129884,0.43484816551208494,,44641
9220,302120960,0.43347647594782734,3.002367401123047,0.43462018966674804,,45573
9230,302448640,0.4325347019407614,3.088652992248535,0.43411951065063475,,44221
9240,302776320,0.43159347972229234,3.0433759689331055,0.4338275909423828,,43023
9250,303104000,0.43065281371377384,3.0534313201904295,0.430582332611084,,43005
9260,303431680,0.4297127083339477,3.032882499694824,0.4461226940155029,,42988
9270,303759360,0.4287731679989216,3.058585548400879,0.43718733787536623,,42992
9280,304087040,0.4278341971221492,3.0057600021362303,0.43006172180175783,,43037
9290,304414720,0.4268958001144092,3.0605581283569334,0.43320913314819337,,42990
9300,304742400,0.42595798138378416,3.0613401412963865,0.4368597507476807,,43019
9310,305070080,0.4250207453356408,3.0605077743530273,0.44208588600158694,,43055
9320,305397760,0.42408409637260824,3.0840581893920898,0.4349236488342285,,43018
9330,305725440,0.4231480388945583,3.0492053985595704,0.4328579902648926,,43033
9340,306053120,0.4222125772985835,3.0586830139160157,0.43975486755371096,,42993
9350,306380800,0.42127771597897823,2.9960840225219725,0.43053550720214845,,43004
9360,306708480,0.4203434593272163,3.070761489868164,0.43215174674987794,,43068
9370,307036160,0.4194098117319315,3.0376733779907226,0.4313089370727539,,42990
9380,307363840,0.41847677757889645,3.036973571777344,0.436357307434082,,42996
9390,307691520,0.41754436125100236,3.0730382919311525,0.44192070960998536,,43017
9400,308019200,0.416612567128238,3.022220230102539,0.4325439453125,,43023
9410,308346880,0.41568139958766936,2.970794105529785,0.4368882179260254,,42983
9420,308674560,0.41475086300341946,3.0101644515991213,0.4332449913024902,,43021
9430,309002240,0.41382096174664673,2.997292137145996,0.4352405548095703,,43021
9440,309329920,0.412891700185526,3.0770183563232423,0.4385950565338135,,43838
9450,309657600,0.4119630826852264,3.005453681945801,0.4360498905181885,,44251
9460,309985280,0.41103511360789224,3.051054573059082,0.441557502746582,,43046
9470,310312960,0.4101077973126215,3.048615074157715,0.4377357006072998,,43005
9480,310640640,0.40918113815544555,2.9668691635131834,0.4295927047729492,,43045
9490,310968320,0.40825514048930955,2.997410774230957,0.4290954113006592,,42994
9500,311296000,0.4073298086640508,3.031157684326172,0.44550180435180664,,43011
9510,311623680,0.4064051470263791,3.00508975982666,0.43543376922607424,,43318
9520,311951360,0.40548115991985556,3.0923017501831054,0.44651031494140625,,43040
9530,312279040,0.4045578516848737,2.989175796508789,0.44251585006713867,,43041
9540,312606720,0.40363522665863694,3.036487007141113,0.4415076732635498,,43027
9550,312934400,0.4027132891751404,3.050511360168457,0.4419528961181641,,43006
9560,313262080,0.40179204356514864,3.013809013366699,0.4403247356414795,,42997
9570,313589760,0.4008714941561764,2.9843297958374024,0.4341896533966064,,43032
9580,313917440,0.3999516452724685,2.994233512878418,0.430226469039917,,42991
9590,314245120,0.39903250123497847,2.990218162536621,0.4324545383453369,,43009
9600,314572800,0.3981140663613494,3.0472686767578123,0.4375330448150635,,43031
9610,314900480,0.3971963449658923,3.0674076080322266,0.43994626998901365,,43002
9620,315228160,0.39627934135956777,3.00518741607666,0.42928457260131836,,43043
9630,315555840,0.3953630598499638,3.0537561416625976,0.43671483993530275,,43005
9640,315883520,0.3944475047412763,3.0537015914916994,0.4375563144683838,,43035
9650,316211200,0.3935326803342897,3.0638914108276367,0.4404762744903564,,43878
9660,316538880,0.3926185909263551,3.0962596893310548,0.43335614204406736,,44082
9670,316866560,0.3917052408113716,3.0297531127929687,0.4418484687805176,,43031
9680,317194240,0.39079263427976507,3.0247920989990233,0.4406885623931885,,42991
9690,317521920,0.389880775618469,3.029499816894531,0.4509232521057129,,43052
9700,317849600,0.388969669110903,3.027505874633789,0.4366286277770996,,42993
9710,318177280,0.38805931903695423,3.0387899398803713,0.44658737182617186,,43017
9720,318504960,0.38714972967295613,2.993785858154297,0.4333352565765381,,43016
9730,318832640,0.38624090529166855,2.9864070892333983,0.4356677055358887,,42985
9740,319160320,0.3853328501622585,2.9918493270874023,0.4411792755126953,,43351
9750,319488000,0.38442556855027865,3.070083236694336,0.44685659408569334,,44370
9760,319815680,0.38351906471764896,3.0258365631103517,0.4463622570037842,,44442
9770,320143360,0.3826133429226348,3.0428577423095704,0.4447314262390137,,43067
9780,320471040,0.38170840741982925,3.0390485763549804,0.43545241355895997,,42999
9790,320798720,0.38080426246013044,2.9989320755004885,0.4431176662445068,,43332
9800,321126400,0.379900912290724,2.949461555480957,0.43103837966918945,,43126
9810,321454080,0.3789983611550616,3.026880645751953,0.43579874038696287,,43035
9820,321781760,0.3780966132928413,3.038077735900879,0.4404170036315918,,43155
9830,322109440,0.37719567293998824,3.0328847885131838,0.43929085731506345,,43017
9840,322437120,0.3762955443286341,2.9976947784423826,0.4439538955688477,,42968
9850,322764800,0.37539623168709757,3.0874698638916014,0.44341259002685546,,42989
9860,323092480,0.37449773923986396,2.9620384216308593,0.44154796600341795,,44156
9870,323420160,0.37360007120756655,3.046308708190918,0.44231505393981935,,43883
9880,323747840,0.37270323180696474,3.016269493103027,0.4383505344390869,,43038
9890,324075520,0.3718072252509268,2.976152229309082,0.43915863037109376,,43025
9900,324403200,0.370912055748408,3.034678649902344,0.43970417976379395,,42993
9910,324730880,0.3700177275044315,3.0259830474853517,0.43938679695129396,,43036
9920,325058560,0.369124244720069,2.976414108276367,0.43383264541625977,,43011
9930,325386240,0.36823161159242057,2.992324638366699,0.43605690002441405,,43012
9940,325713920,0.3673398323145951,3.015578269958496,0.4345559120178223,,43004
9950,326041600,0.36644891107569044,3.034051513671875,0.4406436443328857,,42986
9960,326369280,0.3655588520607741,3.0232786178588866,0.44177942276000975,,43016
9970,326696960,0.3646696594508628,3.061865043640137,0.45022120475769045,,42875
9980,327024640,0.3637813374229041,3.005928611755371,0.43723220825195314,,43043
9990,327352320,0.36289389014975526,2.970068359375,0.44408221244812013,,42993
10000,327680000,0.3620073218001649,3.003585624694824,0.4349367618560791,,43009
10010,328007680,0.3611216365387533,3.0530168533325197,0.44471149444580077,,43005
10020,328335360,0.360236838525991,3.011163902282715,0.46506009101867674,,43014
10030,328663040,0.3593529319181825,3.0441316604614257,0.44427828788757323,,43022
10040,328990720,0.35846992086744367,2.991229248046875,0.43654584884643555,,43015
10050,329318400,0.35758780952168456,3.0267894744873045,0.463389253616333,,43049
10060,329646080,0.3567066020245879,2.9710935592651366,0.4382362365722656,,42966
10070,329973760,0.35582630251559155,3.000815773010254,0.43956289291381834,,44254
10080,330301440,0.3549469151298672,2.944388008117676,0.43194012641906737,,43639
10090,330629120,0.3540684439983024,2.986324119567871,0.4429471969604492,,42988
10100,330956800,0.3531908932474809,3.0265785217285157,0.4413006782531738,,43028
10110,331284480,0.3523142669996624,3.0251340866088867,0.4445014476776123,,43025
10120,331612160,0.3514385693727643,3.0212385177612306,0.4368807315826416,,43042
10130,331939840,0.3505638044803414,3.0106634140014648,0.4458207607269287,,42850
10140,332267520,0.3496899764315674,3.0413818359375,0.4488326072692871,,43002
10150,332595200,0.3488170893312148,2.9629966735839846,0.44663095474243164,,43041
10160,332922880,0.34794514727963644,2.9451435089111326,0.4425315856933594,,42994
10170,333250560,0.3470741543727457,2.9944217681884764,0.4430694103240967,,43054
10180,333578240,0.346204114701997,2.9543689727783202,0.43357043266296386,,43002
10190,333905920,0.345335032354368,3.0296051025390627,0.4407310485839844,,43000
10200,334233600,0.34446691141233793,2.9733219146728516,0.4392368316650391,,43028
10210,334561280,0.34359975595387116,2.924456787109375,0.44109954833984377,,43009
10220,334888960,0.3427335700523958,3.0285472869873047,0.4457254886627197,,43015
10230,335216640,0.3418683577767862,3.0490802764892577,0.4439570903778076,,43043
10240,335544320,0.34100412319134277,3.0091928482055663,0.4474751949310303,,43026
10250,335872000,0.34014087035577323,3.032084846496582,0.45035724639892577,,42985
10260,336199680,0.33927860332517384,3.0550439834594725,0.4510444164276123,,43057
10270,336527360,0.3384173261500096,2.9368606567382813,0.44842987060546874,,43959
10280,336855040,0.33755704287609634,3.002738380432129,0.44637069702148435,,44195
10290,337182720,0.3366977575445804,2.9948440551757813,0.44193086624145506,,44569
10300,337510400,0.3358394741919212,2.976940155029297,0.4412386894226074,,45243
10310,337838080,0.33498219684987046,3.076724815368652,0.44698033332824705,,43276
10320,338165760,0.3341259295454547,3.0448015213012694,0.4370830535888672,,42994
10330,338493440,0.33327067630095575,3.0588525772094726,0.450887393951416,,43033
10340,338821120,0.3324164411338921,2.9951005935668946,0.45220241546630857,,42991
10350,339148800,0.33156322805699956,2.9802322387695312,0.45119876861572267,,43032
10360,339476480,0.3307110410782127,2.983888626098633,0.4389799118041992,,43039
10370,339804160,0.32985988420064666,3.0383419036865233,0.4463564395904541,,42995
10380,340131840,0.3290097614225766,2.9587364196777344,0.4445362091064453,,43073
10390,340459520,0.3281606767374211,3.0012395858764647,0.447886323928833,,43020
10400,340787200,0.3273126341337218,3.0252384185791015,0.44383935928344725,,43012
10410,341114880,0.3264656375951254,2.9390125274658203,0.44191865921020507,,43201
10420,341442560,0.3256196911003647,2.9391347885131838,0.4490377902984619,,43006
10430,341770240,0.3247747986232399,2.980364990234375,0.4509160041809082,,43026
10440,342097920,0.3239309641325999,3.01995849609375,0.447133731842041,,43013
10450,342425600,0.3230881915923239,2.998946762084961,0.4479421615600586,,43085
10460,342753280,0.32224648496130276,3.032776641845703,0.4589690685272217,,43044
10470,343080960,0.32140584819341994,3.0012945175170898,0.4635884761810303,,42980
10480,343408640,0.3205662852375337,2.993759536743164,0.4511087417602539,,43072
10490,343736320,0.3197278000374577,2.9673879623413084,0.44728565216064453,,43002
10500,344064000,0.31889039653194307,2.9403059005737306,0.44629778861999514,,43645
10510,344391680,0.31805407865465946,2.9550718307495116,0.4479984283447266,,44444
10520,344719360,0.31721885033417746,2.9806148529052736,0.4401995182037354,,43061
10530,345047040,0.3163847154939489,2.9797863006591796,0.45456347465515134,,43039
10540,345374720,0.3155516780522891,3.022148323059082,0.44746899604797363,,42983
10550,345702400,0.31471974192235896,2.942949676513672,0.43975534439086916,,43055
10560,346030080,0.313888911012145,3.043070602416992,0.45532522201538084,,43016
10570,346357760,0.3130591892244431,2.992778778076172,0.4444592952728271,,43017
10580,346685440,0.31223058045683816,3.007195472717285,0.447753381729126,,42993
10590,347013120,0.3114030886016875,2.9911643981933596,0.4466677188873291,,43010
10600,347340800,0.31057671754610106,2.966646194458008,0.44787821769714353,,43019
10610,347668480,0.30975147117192475,2.9173851013183594,0.44815759658813475,,42991
10620,347996160,0.3089273533557203,3.047877311706543,0.44606356620788573,,43007
10630,348323840,0.3081043679687486,2.9968347549438477,0.44184117317199706,,43004
10640,348651520,0.30728251887695135,3.023519515991211,0.4543900966644287,,43048
10650,348979200,0.30646180994093186,2.966765022277832,0.4483612537384033,,43000
10660,349306880,0.3056422450159381,2.9508125305175783,0.43914217948913575,,42983
10670,349634560,0.30482382795184393,2.9368112564086912,0.44011473655700684,,43048
10680,349962240,0.3040065625931312,3.01522159576416,0.4493351936340332,,43074
10690,350289920,0.30319045277887136,2.9475284576416017,0.4602567195892334,,43031
10700,350617600,0.3023755023427084,2.964445114135742,0.4478964328765869,,43025
10710,350945280,0.3015617151128396,3.0227239608764647,0.46461877822875974,,43915
10720,351272960,0.3007490949119982,2.9797693252563477,0.45032377243041993,,44222
10730,351600640,0.2999376455574358,3.0195037841796877,0.4490237236022949,,43774
10740,351928320,0.29912737086090346,3.042313003540039,0.44756412506103516,,44463
10750,352256000,0.2983182746286347,2.992816162109375,0.45027909278869627,,43871
10760,352583680,0.29751036066132674,2.971681594848633,0.4513853073120117,,55348
10770,352911360,0.29670363275412404,3.005894088745117,0.44500069618225097,,63981
10780,353239040,0.2958980946965986,2.9398067474365233,0.4444252014160156,,63709
10790,353566720,0.2950937502727342,2.9320005416870116,0.43985962867736816,,64794
10800,353894400,0.2942906032609065,3.000970458984375,0.4441938877105713,,66230
10810,354222080,0.29348865743386676,2.950567436218262,0.44711990356445314,,66248
10820,354549760,0.2926879165587243,2.931467056274414,0.44370079040527344,,66406
10830,354877440,0.2918883843969272,2.956751823425293,0.44359893798828126,,63910
10840,355205120,0.2910900647042468,2.989507484436035,0.44916424751281736,,63756
10850,355532800,0.29029296123075793,3.009092903137207,0.4516738414764404,,63789
10860,355860480,0.2894970777208227,2.9530630111694336,0.4461780548095703,,63778
10870,356188160,0.2887024179130724,2.9561065673828124,0.4462563991546631,,63357
10880,356515840,0.28790898554039035,3.0141838073730467,0.4465785503387451,,63821
10890,356843520,0.2871167843298935,2.9823848724365236,0.4437718391418457,,58401
10900,357171200,0.28632581800291573,3.0042770385742186,0.4508481979370117,,63091
10910,357498880,0.2855360902749904,2.958925247192383,0.4484074592590332,,64387
10920,357826560,0.2847476048558321,2.962045097351074,0.44528841972351074,,64416
10930,358154240,0.2839603654493199,2.9648210525512697,0.4475137233734131,,64416
10940,358481920,0.2831743757534798,3.0009130477905273,0.4447958946228027,,64385
10950,358809600,0.2823896394604675,2.9439971923828123,0.44856815338134765,,64363
10960,359137280,0.2816061602565507,3.0101356506347656,0.45618524551391604,,64752
10970,359464960,0.2808239418220919,2.9974853515625,0.4502532482147217,,64357
10980,359792640,0.2800429878315313,2.9995361328125,0.45559144020080566,,64390
10990,360120320,0.27926330195336935,3.0060136795043944,0.4572187900543213,,64364
11000,360448000,0.2784848878501499,2.9977672576904295,0.4554450988769531,,64396
11010,360775680,0.2777077491784421,3.0066287994384764,0.45620298385620117,,64434
11020,361103360,0.27693188958882464,2.9627456665039062,0.4491405487060547,,64369
11030,361431040,0.27615731272586685,2.930530548095703,0.43970332145690916,,64406
11040,361758720,0.2753840222281132,2.9824926376342775,0.446720027923584,,64437
11050,362086400,0.27461202172806515,3.007425880432129,0.45043182373046875,,64413
11060,362414080,0.27384131485216434,2.9067075729370115,0.4485308647155762,,64372
11070,362741760,0.27307190522077623,2.9661270141601563,0.4452364921569824,,64426
11080,363069440,0.2723037964481719,2.950504684448242,0.44486513137817385,,64382
11090,363397120,0.27153699214251215,3.0086122512817384,0.44844903945922854,,64351
11100,363724800,0.27077149590582994,2.966574287414551,0.4436009883880615,,64745
11110,364052480,0.27000731133401334,2.9749500274658205,0.44673991203308105,,64381
11120,364380160,0.2692444420167893,3.0046407699584963,0.4502206325531006,,64351
11130,364707840,0.26848289153770644,2.9864967346191404,0.4536909580230713,,64398
11140,365035520,0.267722663474118,2.9662094116210938,0.45082778930664064,,64434
11150,365363200,0.2669637613971651,2.9754030227661135,0.4459740161895752,,64568
11160,365690880,0.2662061888717604,2.9819852828979494,0.44762325286865234,,64416
11170,366018560,0.26544994945657074,3.009294319152832,0.4499471664428711,,64424
11180,366346240,0.2646950467040012,2.9916311264038087,0.4555255889892578,,64353
11190,366673920,0.26394148416017726,2.9510480880737306,0.4485464096069336,,64407
11200,367001600,0.2631892653649296,2.981745147705078,0.4483778953552246,,64388
11210,367329280,0.26243839385177614,2.9661203384399415,0.44649596214294435,,64381
11220,367656960,0.261688873147906,2.9216033935546877,0.45766363143920896,,64424
11230,367984640,0.2609407067741632,2.9463226318359377,0.45422849655151365,,64375
11240,368312320,0.2601938982450296,2.9352251052856446,0.4546517372131348,,64437
11250,368640000,0.2594484510686089,2.941865158081055,0.44815502166748045,,64580
11260,368967680,0.2587043687466096,2.9454986572265627,0.44785056114196775,,64407
11270,369295360,0.2579616547743293,2.984440803527832,0.45183939933776857,,64403
11280,369623040,0.2572203126406374,2.9435152053833007,0.45516319274902345,,64399
11290,369950720,0.25648034582795914,2.979298210144043,0.4508063316345215,,64351
11300,370278400,0.2557417578122594,2.953927993774414,0.45072054862976074,,63658
11310,370606080,0.2550045520630264,2.9740501403808595,0.4458463191986084,,64404
11320,370933760,0.25426873204325495,2.9175052642822266,0.45505728721618655,,66909
11330,371261440,0.2535343012094305,2.9154701232910156,0.44830169677734377,,67001
11340,371589120,0.25280126301151284,2.969441795349121,0.44944114685058595,,67041
11350,371916800,0.25206962089291973,2.984286308288574,0.46353726387023925,,65666
11360,372244480,0.2513393782905116,2.9351762771606444,0.4585529327392578,,64435
11370,372572160,0.25061053863457383,2.967451477050781,0.4551360607147217,,64348
11380,372899840,0.24988310534880215,2.9794052124023436,0.455379581451416,,64409
11390,373227520,0.24915708185028554,2.939554786682129,0.4565886974334717,,64495
11400,373555200,0.2484324715494908,2.9431825637817384,0.45362081527709963,,64343
11410,373882880,0.24770927785024613,2.8890695571899414,0.4483789920806885,,64405
11420,374210560,0.24698750414972515,2.898316764831543,0.44470982551574706,,64383
11430,374538240,0.2462671538384317,2.9668899536132813,0.4517813205718994,,64767
11440,374865920,0.24554823030018252,2.929768180847168,0.45372719764709474,,64365
11450,375193600,0.24483073691209287,2.9514739990234373,0.4572117328643799,,64412
11460,375521280,0.24411467704455944,2.960805130004883,0.4547142505645752,,64380
11470,375848960,0.24340005406124518,2.928742599487305,0.4484832763671875,,64389
11480,376176640,0.24268687131906316,2.9660573959350587,0.4494194507598877,,64407
11490,376504320,0.24197513216816144,2.9984888076782226,0.4563151359558105,,64375
11500,376832000,0.24126483995190637,2.928959274291992,0.44907569885253906,,64391
11510,377159680,0.24055599800686764,2.9770490646362306,0.44808597564697267,,64401
11520,377487360,0.23984860966280222,2.9056705474853515,0.44771523475646974,,64350
11530,377815040,0.2391426782426388,2.908580017089844,0.4504208564758301,,64443
11540,378142720,0.2384382070624626,2.979080009460449,0.4559011936187744,,64349
11550,378470400,0.23773519943149887,2.9734264373779298,0.4542355537414551,,64405
11560,378798080,0.23703365865209847,2.958782958984375,0.449810791015625,,64386
11570,379125760,0.23633358801972137,2.9186023712158202,0.44830846786499023,,64353
11580,379453440,0.2356349908229217,2.9172849655151367,0.4534459114074707,,64586
11590,379781120,0.23493787034333216,3.022084045410156,0.465830135345459,,64313
11600,380108800,0.23424222985564858,2.912365531921387,0.44673614501953124,,64449
11610,380436480,0.23354807262761487,2.9632381439208983,0.4512006759643555,,64371
11620,380764160,0.232855401920007,2.924728012084961,0.4471443653106689,,64363
11630,381091840,0.2321642209866184,2.952657127380371,0.4532809257507324,,64454
11640,381419520,0.23147453307424415,2.9375656127929686,0.45261445045471194,,64425
11650,381747200,0.230786341422666,2.9446950912475587,0.45641274452209474,,64380
11660,382074880,0.2300996492646368,2.943328857421875,0.458990478515625,,64479
11670,382402560,0.2294144598258662,2.9716571807861327,0.45793375968933103,,64418
11680,382730240,0.2287307763250043,3.0162567138671874,0.467086935043335,,64394
11690,383057920,0.2280486019736274,2.9585296630859377,0.4532339096069336,,64383
11700,383385600,0.22736793997622248,2.949367904663086,0.44794626235961915,,64370
11710,383713280,0.2266887935301724,2.883660888671875,0.45107426643371584,,64376
11720,384040960,0.22601116582574088,2.93719482421875,0.45060906410217283,,64678
11730,384368640,0.22533506004605705,2.8740299224853514,0.45476398468017576,,64352
11740,384696320,0.2246604793671014,2.9468631744384766,0.4554145336151123,,64391
11750,385024000,0.22398742695768986,2.9157142639160156,0.4560971736907959,,64395
11760,385351680,0.22331590597945955,2.93190860748291,0.4548786163330078,,64435
11770,385679360,0.22264591958685376,3.0161609649658203,0.45865683555603026,,64432
11780,386007040,0.22197747092710685,2.90383358001709,0.4446298599243164,,64319
11790,386334720,0.22131056314023037,2.946110153198242,0.45417051315307616,,64404
11800,386662400,0.22064519935899696,2.9565044403076173,0.4526668071746826,,64356
11810,386990080,0.21998138270892706,2.938699150085449,0.4559030532836914,,64368
11820,387317760,0.21931911630827294,2.951467514038086,0.45824995040893557,,64394
11830,387645440,0.21865840326800487,2.9164079666137694,0.4527429580688477,,64353
11840,387973120,0.2179992466917961,2.9370805740356447,0.46283559799194335,,64481
11850,388300800,0.21734164967600889,2.929719161987305,0.45583720207214357,,64395
11860,388628480,0.2166856153096791,2.9664337158203127,0.466810941696167,,65818
11870,388956160,0.21603114667450216,2.9460529327392577,0.4576610565185547,,66843
11880,389283840,0.21537824684481896,2.9654178619384766,0.45726356506347654,,66911
11890,389611520,0.21472691888760015,2.9717857360839846,0.4555774211883545,,66682
11900,389939200,0.21407716586243347,2.893990898132324,0.4508075714111328,,64495
11910,390266880,0.21342899082150785,2.9439664840698243,0.4508641242980957,,64377
11920,390594560,0.2127823968096001,2.915901756286621,0.4537628650665283,,64363
11930,390922240,0.21213738686406003,2.9121641159057616,0.4601003646850586,,64431
11940,391249920,0.2114939640147963,2.937818145751953,0.4499532699584961,,64406
11950,391577600,0.21085213128426236,2.9470054626464846,0.45348944664001467,,64401
11960,391905280,0.21021189168744198,2.887775993347168,0.45026330947875975,,64388
11970,392232960,0.2095732482318356,2.919187545776367,0.4550417423248291,,64372
11980,392560640,0.20893620391744544,2.8960622787475585,0.453536319732666,,64099
11990,392888320,0.2083007617367621,2.9657154083251953,0.4632244110107422,,64355
12000,393216000,0.20766692467475006,2.9908628463745117,0.4642134666442871,,64438
12010,393543680,0.207034695708834,2.8919755935668947,0.45239596366882323,,64405
12020,393871360,0.20640407780888423,2.9551456451416014,0.45761380195617674,,64339
12030,394199040,0.20577507393720368,2.9389129638671876,0.45602998733520506,,64413
12040,394526720,0.20514768704851313,2.9411188125610352,0.4542881488800049,,64417
12050,394854400,0.20452192008993753,2.9265504837036134,0.47242002487182616,,64405
12060,395182080,0.20389777600099285,2.955806922912598,0.4615445137023926,,64401
12070,395509760,0.2032752577135708,2.937625694274902,0.4676257610321045,,64410
12080,395837440,0.20265436815192675,2.967144584655762,0.45897669792175294,,64417
12090,396165120,0.20203511023266468,2.8830389022827148,0.4502467155456543,,64382
12100,396492800,0.20141748686472444,2.9247007369995117,0.4585768222808838,,64605
12110,396820480,0.20080150094936725,2.909167671203613,0.45310163497924805,,64122
12120,397148160,0.20018715538016268,2.8791223526000977,0.45729737281799315,,64426
12130,397475840,0.1995744530429747,2.952371597290039,0.46001734733581545,,64430
12140,397803520,0.1989633968159482,2.886483383178711,0.44482107162475587,,64346
12150,398131200,0.19835398956949601,2.914281463623047,0.4560544013977051,,64435
12160,398458880,0.19774623416628423,2.9026336669921875,0.4628154277801514,,64353
12170,398786560,0.1971401334612201,2.923771095275879,0.4587428092956543,,64399
12180,399114240,0.19653569030143775,2.915312957763672,0.46514406204223635,,64406
12190,399441920,0.19593290752628495,2.9496374130249023,0.45648765563964844,,64363
12200,399769600,0.1953317879673098,2.9658153533935545,0.46417760848999023,,64404
12210,400097280,0.194732334448248,2.929520606994629,0.45201816558837893,,64397
12220,400424960,0.1941345497850086,2.955060577392578,0.46445407867431643,,64391
12230,400752640,0.19353843678566138,2.958973503112793,0.46123337745666504,,64376
12240,401080320,0.1929439982504239,2.9918073654174804,0.46115894317626954,,64407
12250,401408000,0.1923512369716472,2.901365280151367,0.45575766563415526,,64417
12260,401735680,0.19176015573380445,2.9650272369384765,0.4560986518859863,,64368
12270,402063360,0.191170757313476,2.8836151123046876,0.4571815013885498,,64400
12280,402391040,0.19058304447933802,2.9411876678466795,0.4558995246887207,,64419
12290,402718720,0.1899970199921481,2.938725471496582,0.46088924407958987,,64395
12300,403046400,0.1894126866047332,2.877273750305176,0.4556889533996582,,64397
12310,403374080,0.1888300470619763,2.951931381225586,0.4662759304046631,,64455
12320,403701760,0.18824910410080348,2.9228673934936524,0.45682315826416015,,64405
12330,404029440,0.18766986045017167,2.876888656616211,0.44934897422790526,,64407
12340,404357120,0.18709231883105468,3.013139343261719,0.4695430755615234,,64402
12350,404684800,0.18651648195643172,2.9786596298217773,0.46564388275146484,,64378
12360,405012480,0.18594235253127372,2.9307840347290037,0.45876550674438477,,64409
12370,405340160,0.18536993325253082,2.9717876434326174,0.4652662754058838,,64363
12380,405667840,0.18479922680912014,2.935978889465332,0.45893101692199706,,64815
12390,405995520,0.1842302358819124,2.8887296676635743,0.4634688854217529,,66812
12400,406323200,0.18366296314372033,2.865285301208496,0.4497994422912598,,66864
12410,406650880,0.18309741125928486,2.9725976943969727,0.4626955509185791,,66923
12420,406978560,0.18253358288526406,2.9566497802734375,0.4567075252532959,,65116
12430,407306240,0.18197148067021893,2.912527847290039,0.46347594261169434,,64412
12440,407633920,0.18141110725460283,2.8554618835449217,0.45487632751464846,,64414
12450,407961600,0.1808524652707474,2.9161306381225587,0.46273179054260255,,64375
12460,408289280,0.18029555734285163,2.9248361587524414,0.457748556137085,,64458
12470,408616960,0.1797403860869683,2.9401517868041993,0.4668875694274902,,64375
12480,408944640,0.17918695411099256,2.9407238006591796,0.4612722396850586,,63382
12490,409272320,0.17863526401464913,2.9165760040283204,0.4596278190612793,,64399
12500,409600000,0.17808531838948038,2.930706024169922,0.4690290927886963,,64404
12510,409927680,0.17753711981883438,2.9119056701660155,0.4601458549499512,,64462
12520,410255360,0.17699067087785206,2.9589719772338867,0.4600168228149414,,64400
12530,410583040,0.17644597413345592,2.9346240997314452,0.4577228546142578,,64431
12540,410910720,0.1759030321443373,2.9151824951171874,0.4561274528503418,,64324
12550,411238400,0.17536184746094474,2.8960737228393554,0.46894021034240724,,64425
12560,411566080,0.17482242262547187,2.906569480895996,0.4551691055297852,,64407
12570,411893760,0.17428476017184552,3.006736946105957,0.46643619537353515,,64668
12580,412221440,0.17374886262571393,2.924702453613281,0.46141672134399414,,64763
12590,412549120,0.17321473250443453,2.9251081466674806,0.4694638729095459,,64381
12600,412876800,0.1726823723170628,2.887846565246582,0.4542168140411377,,64366
12610,413204480,0.1721517845643391,2.9408428192138674,0.46552400588989257,,64374
12620,413532160,0.1716229717386789,2.9226711273193358,0.4623746395111084,,64388
12630,413859840,0.17109593632415931,2.9157711029052735,0.4629631042480469,,64512
12640,414187520,0.17057068079650856,2.9170154571533202,0.46430087089538574,,64377
12650,414515200,0.17004720762309364,2.920452690124512,0.4596526622772217,,64418
12660,414842880,0.1695255192629091,2.9047466278076173,0.45734362602233886,,64385
12670,415170560,0.16900561816656542,2.9575735092163087,0.4685161590576172,,64479
12680,415498240,0.16848750677627727,2.872602653503418,0.45974078178405764,,64408
12690,415825920,0.1679711875258528,2.9080154418945314,0.4540743350982666,,64377
12700,416153600,0.16745666284068098,2.875448226928711,0.45735931396484375,,64432
12710,416481280,0.16694393513772138,2.8869400024414062,0.4783791065216064,,64408
12720,416808960,0.16643300682549206,2.8995275497436523,0.4606935024261475,,64364
12730,417136640,0.16592388030405858,2.887536811828613,0.4652903079986572,,64368
12740,417464320,0.16541655796502264,2.949818992614746,0.4634068965911865,,64082
12750,417792000,0.16491104219151081,2.9154474258422853,0.4622921943664551,,64384
12760,418119680,0.16440733535816363,2.9066062927246095,0.46314001083374023,,64376
12770,418447360,0.16390543983112393,2.858547592163086,0.4577336311340332,,64411
12780,418775040,0.1634053579680263,2.9081703186035157,0.4634084701538086,,64369
12790,419102720,0.1629070921179852,2.900077056884766,0.460215425491333,,64389
12800,419430400,0.16241064462158505,2.8859655380249025,0.4560249328613281,,64366
12810,419758080,0.16191601781086817,2.8421844482421874,0.4550170421600342,,64388
12820,420085760,0.1614232140093247,2.890828514099121,0.45760598182678225,,64418
12830,420413440,0.1609322355318808,2.9378522872924804,0.4636052131652832,,64274
12840,420741120,0.1604430846848886,2.9019866943359376,0.4603076934814453,,64435
12850,421068800,0.15995576376611487,2.924442481994629,0.4591239929199219,,64361
12860,421396480,0.15947027506473016,2.936674118041992,0.4653294563293457,,64388
12870,421724160,0.15898662086129878,2.864154052734375,0.4599302768707275,,64444
12880,422051840,0.15850480342776696,2.969972038269043,0.4648586750030518,,64387
12890,422379520,0.1580248250274533,2.9614992141723633,0.46347460746765134,,64400
12900,422707200,0.1575466879150373,2.902668571472168,0.46051411628723143,,64493
12910,423034880,0.1570703943365491,2.9346418380737305,0.46136322021484377,,66147
12920,423362560,0.15659594652935896,2.9237644195556642,0.4757274627685547,,66935
12930,423690240,0.15612334672216666,3.0016477584838865,0.4687206268310547,,66905
12940,424017920,0.1556525971349913,2.899649810791016,0.46332483291625975,,66485
12950,424345600,0.15518369997916026,2.8555908203125,0.46340155601501465,,64375
12960,424673280,0.1547166574572997,2.9050458908081054,0.45931854248046877,,64399
12970,425000960,0.15425147176332304,2.888104248046875,0.4630847930908203,,64335
12980,425328640,0.153788145082422,2.8946151733398438,0.4590923309326172,,64408
12990,425656320,0.15332667959105506,2.951656150817871,0.4631932735443115,,64378
13000,425984000,0.1528670774569385,2.8110021591186523,0.4593963146209717,,64391
13010,426311680,0.15240934083903493,2.877167320251465,0.4611325263977051,,64395
13020,426639360,0.15195347188754413,2.8561906814575195,0.45919270515441896,,64354
13030,426967040,0.15149947274389244,2.8897064208984373,0.4610570430755615,,64426
13040,427294720,0.15104734554072283,2.9640182495117187,0.4697361946105957,,64361
13050,427622400,0.15059709240188512,2.947128105163574,0.46525163650512696,,64403
13060,427950080,0.1501487154424255,2.924217414855957,0.46753392219543455,,64361
13070,428277760,0.1497022167685772,2.9220136642456054,0.46321887969970704,,64392
13080,428605440,0.14925759847775003,2.9231164932250975,0.4684861183166504,,64420
13090,428933120,0.14881486265852079,2.876092529296875,0.4655808925628662,,64410
13100,429260800,0.14837401139062345,2.9612030029296874,0.46349401473999025,,64392
13110,429588480,0.14793504674493946,2.895262336730957,0.4595773220062256,,64667
13120,429916160,0.14749797078348806,2.8251625061035157,0.4634124755859375,,64431
13130,430243840,0.14706278555941604,2.926286506652832,0.4619907855987549,,64440
13140,430571520,0.14662949311698908,2.9202896118164063,0.46537027359008787,,64355
13150,430899200,0.14619809549158108,2.9520681381225584,0.46852855682373046,,64364
13160,431226880,0.1457685947096655,2.9373071670532225,0.46436138153076173,,64325
13170,431554560,0.14534099278880513,2.854031562805176,0.46135520935058594,,64404
13180,431882240,0.14491529173764328,2.948114585876465,0.4633082389831543,,64431
13190,432209920,0.14449149355589372,2.9523103713989256,0.4681285858154297,,64341
13200,432537600,0.14406960023433169,2.9265003204345703,0.4624678134918213,,64346
13210,432865280,0.14364961375478438,2.8399261474609374,0.45747814178466795,,64306
13220,433192960,0.1432315360901216,2.8897960662841795,0.46263742446899414,,64464
13230,433520640,0.14281536920424684,2.9271650314331055,0.4602519512176514,,64325
13240,433848320,0.1424011150520874,2.899295997619629,0.4618524074554443,,64386
13250,434176000,0.141988775579586,2.842926025390625,0.4570948600769043,,64497
13260,434503680,0.14157835272369096,2.8716894149780274,0.4611999988555908,,64319
13270,434831360,0.14116984841234742,2.919154739379883,0.4582208633422852,,64377
13280,435159040,0.14076326456448812,2.913488006591797,0.46539902687072754,,64361
13290,435486720,0.14035860309002474,2.9029701232910154,0.4647101879119873,,64348
13300,435814400,0.1399558658898386,2.878988265991211,0.46186261177062987,,64359
13310,436142080,0.13955505485577163,2.8714340209960936,0.46082229614257814,,64304
13320,436469760,0.13915617187061802,2.850763511657715,0.4614248275756836,,64402
13330,436797440,0.13875921880811476,2.9633129119873045,0.46903285980224607,,64466
13340,437125120,0.13836419753293316,2.938090515136719,0.46497178077697754,,64363
13350,437452800,0.13797110990066996,2.889445114135742,0.46195387840270996,,64357
13360,437780480,0.137579957757839,2.8929332733154296,0.4664616584777832,,64378
13370,438108160,0.13719074294186187,2.9058660507202148,0.4624509334564209,,64392
13380,438435840,0.1368034672810598,2.977389907836914,0.46982994079589846,,64345
13390,438763520,0.13641813259464494,2.8896007537841797,0.4632249355316162,,64413
13400,439091200,0.13603474069271163,2.858657646179199,0.45872802734375,,64382
13410,439418880,0.1356532933762284,2.8845378875732424,0.46682043075561525,,64356
13420,439746560,0.13527379243702872,2.8719802856445313,0.4637276649475098,,64319
13430,440074240,0.1348962396578035,2.9231367111206055,0.4666277885437012,,64987
13440,440401920,0.13452063681209184,2.8528392791748045,0.46099491119384767,,66965
13450,440729600,0.13414698566427333,2.9390625,0.4648577690124512,,66899
13460,441057280,0.1337752879695594,2.8991233825683596,0.46669492721557615,,67068
13470,441384960,0.1334055454739853,2.932329559326172,0.4690260410308838,,64971
13480,441712640,0.13303775991440192,2.9378820419311524,0.46712346076965333,,64362
13490,442040320,0.1326719330184672,2.8474843978881834,0.4569514274597168,,64352
13500,442368000,0.13230806650463867,2.899491882324219,0.46196279525756834,,64387
13510,442695680,0.13194616208216495,2.932949256896973,0.464168119430542,,64384
13520,443023360,0.13158622145107762,2.9356271743774416,0.47088027000427246,,64351
13530,443351040,0.1312282463021836,2.860502243041992,0.4619597434997559,,64383
13540,443678720,0.13087223831705705,2.876680374145508,0.46132736206054686,,64354
13550,444006400,0.13051819916803145,2.813742446899414,0.4535984039306641,,64417
13560,444334080,0.1301661305181917,2.9074932098388673,0.46676907539367674,,64434
13570,444661760,0.12981603402136632,2.8976945877075195,0.4639925479888916,,64380
13580,444989440,0.1294679113221197,2.8695297241210938,0.46552600860595705,,64384
13590,445317120,0.12912176405574471,2.9527034759521484,0.4711916446685791,,64354
13600,445644800,0.12877759384825416,2.9002191543579103,0.46918039321899413,,64416
13610,445972480,0.12843540231637426,2.836014175415039,0.4555824279785156,,64381
13620,446300160,0.1280951910675361,2.8579227447509767,0.46898980140686036,,64360
13630,446627840,0.12775696169986858,2.861482620239258,0.4634371280670166,,64381
13640,446955520,0.12742071580219075,2.8865676879882813,0.4825392246246338,,64513
13650,447283200,0.12708645495400447,2.8888919830322264,0.45883665084838865,,64404
13660,447610880,0.1267541807254869,2.903530311584473,0.46113009452819825,,64374
13670,447938560,0.12642389467748305,2.8615468978881835,0.46855483055114744,,64386
13680,448266240,0.12609559836149858,2.8915969848632814,0.46097393035888673,,63966
13690,448593920,0.12576929331969258,2.842202568054199,0.4580520153045654,,64369
13700,448921600,0.12544498108486998,2.8210020065307617,0.46326289176940916,,64422
13710,449249280,0.12512266318047466,2.9103302001953124,0.4677128314971924,,64368
13720,449576960,0.12480234112058225,2.8561426162719727,0.45968427658081057,,64348
13730,449904640,0.12448401640989308,2.8788352966308595,0.46307973861694335,,64469
13740,450232320,0.12416769054372481,2.883515548706055,0.46497554779052735,,64348
13750,450560000,0.12385336500800571,2.951432800292969,0.4651634216308594,,64395
13760,450887680,0.12354104127926756,2.8448598861694334,0.47211394309997556,,64354
13770,451215360,0.12323072082463879,2.8870943069458006,0.4624900817871094,,64353
13780,451543040,0.12292240510183737,2.922928047180176,0.4691040515899658,,64378
13790,451870720,0.12261609555916432,2.9241411209106447,0.46436123847961425,,64384
13800,452198400,0.1223117936354966,2.8211151123046876,0.4594707489013672,,64349
13810,452526080,0.1220095007602805,2.892971420288086,0.46822123527526854,,64363
13820,452853760,0.1217092183535248,2.9326072692871095,0.46477808952331545,,64453
13830,453181440,0.12141094782579417,2.9435213088989256,0.46910734176635743,,64505
13840,453509120,0.12111469057820282,2.9538385391235353,0.4716334342956543,,64358
13850,453836800,0.12082044800240728,2.873554992675781,0.4660710334777832,,63375
13860,454164480,0.12052822148060055,2.897543716430664,0.4633358955383301,,64405
13870,454492160,0.12023801238550516,2.8498790740966795,0.4658217906951904,,64399
13880,454819840,0.11994982208036684,2.912389373779297,0.4712470531463623,,64332
13890,455147520,0.1196636519189481,2.956178665161133,0.4689173698425293,,64345
13900,455475200,0.11937950324552202,2.862463188171387,0.4623574733734131,,64328
13910,455802880,0.11909737739486582,2.8653884887695313,0.463166332244873,,64388
13920,456130560,0.1188172756922545,2.8876304626464844,0.4674497127532959,,64387
13930,456458240,0.1185391994534547,2.8679119110107423,0.46879425048828127,,64369
13940,456785920,0.1182631499847186,2.9457326889038087,0.47061715126037595,,63959
13950,457113600,0.11798912858277767,2.910125732421875,0.4669816493988037,,64364
13960,457441280,0.11771713653483655,2.887004852294922,0.46570425033569335,,64381
13970,457768960,0.1174471751185673,2.841924285888672,0.46335325241088865,,64338
13980,458096640,0.1171792456021029,2.901893424987793,0.48267154693603515,,66469
13990,458424320,0.11691334924403168,2.914695930480957,0.4683527946472168,,66768
14000,458752000,0.11664948729339125,2.844108009338379,0.4606910228729248,,66772
14010,459079680,0.1163876609896627,2.9330776214599608,0.4665369987487793,,65860
14020,459407360,0.11612787156276486,2.8935150146484374,0.46133174896240237,,64394
14030,459735040,0.11587012023304813,2.915951728820801,0.46864471435546873,,64360
14040,460062720,0.1156144082112893,2.870574188232422,0.4684274673461914,,63808
14050,460390400,0.11536073669868546,2.9133989334106447,0.46795125007629396,,64349
14060,460718080,0.11510910688684858,2.8507287979125975,0.46625480651855467,,64362
14070,461045760,0.1148595199577997,2.814159393310547,0.4644173622131348,,64358
14080,461373440,0.11461197708396349,2.859537124633789,0.47093887329101564,,64380
14090,461701120,0.11436647942816297,2.8917047500610353,0.4689301013946533,,64405
14100,462028800,0.11412302814361354,2.8892753601074217,0.47234363555908204,,64383
14110,462356480,0.11388162437391813,2.8547714233398436,0.46873111724853517,,64354
14120,462684160,0.11364226925306124,2.898084831237793,0.4729025840759277,,64361
14130,463011840,0.11340496390540424,2.908208656311035,0.46890945434570314,,64368
14140,463339520,0.1131697094456795,2.9145111083984374,0.4671269416809082,,64388
14150,463667200,0.11293650697898572,2.900250244140625,0.4695178985595703,,64361
14160,463994880,0.11270535760078214,2.8982769012451173,0.4705481052398682,,64334
14170,464322560,0.11247626239688388,2.9096649169921873,0.466512393951416,,64559
14180,464650240,0.11224922244345657,2.8609777450561524,0.4649659633636475,,64349
14190,464977920,0.1120242388070114,2.8821386337280273,0.4684924125671387,,64486
14200,465305600,0.11180131254440019,2.9312347412109374,0.47618956565856935,,64396
14210,465633280,0.1115804447028102,2.877203178405762,0.46344609260559083,,64319
14220,465960960,0.11136163631975948,2.9166131973266602,0.47064409255981443,,64395
14230,466288640,0.11114488842309167,2.9347244262695313,0.4756640434265137,,64387
14240,466616320,0.11093020203097147,2.946376609802246,0.47177786827087403,,64345
14250,466944000,0.11071757815187974,2.8066205978393555,0.4634516716003418,,64388
14260,467271680,0.11050701778460868,2.8338205337524416,0.4627267837524414,,64355
14270,467599360,0.11029852191825738,2.8521121978759765,0.47339816093444825,,64406
14280,467927040,0.11009209153222692,2.8346879959106444,0.4639867305755615,,64310
14290,468254720,0.1098877275962159,2.8844348907470705,0.46756610870361326,,64353
14300,468582400,0.10968543107021578,2.8868228912353517,0.46393914222717286,,64416
14310,468910080,0.10948520290450654,2.941008949279785,0.4701210975646973,,64307
14320,469237760,0.10928704403965202,2.890797424316406,0.4690978527069092,,64329
14330,469565440,0.10909095540649572,2.8760307312011717,0.46434588432312013,,64327
14340,469893120,0.10889693792615628,2.864137077331543,0.4655110836029053,,64351
14350,470220800,0.10870499251002304,2.8863534927368164,0.47548956871032716,,64498
14360,470548480,0.10851512005975213,2.9188043594360353,0.47209153175354,,64319
14370,470876160,0.10832732146726176,2.890034866333008,0.4676121711730957,,64386
14380,471203840,0.10814159761472848,2.8865472793579103,0.4677678108215332,,64321
14390,471531520,0.10795794937458267,2.8908878326416017,0.4629763126373291,,64427
14400,471859200,0.1077763776095048,2.8805694580078125,0.4702889442443848,,64335
14410,472186880,0.107596883172421,2.9086849212646486,0.4736920356750488,,64373
14420,472514560,0.10741946690649931,2.8933996200561523,0.4707780838012695,,64343
14430,472842240,0.10724412964514562,2.9118274688720702,0.4722808837890625,,64431
14440,473169920,0.10707087221199973,2.8540287017822266,0.46788887977600097,,64414
14450,473497600,0.10689969542093168,2.8617122650146483,0.4685452938079834,,64355
14460,473825280,0.10673060007603764,2.9545476913452147,0.46895713806152345,,64382
14470,474152960,0.10656358697163638,2.864406204223633,0.47130389213562013,,64391
14480,474480640,0.10639865689226519,2.875000762939453,0.4654128074645996,,64387
14490,474808320,0.10623581061267677,2.880163383483887,0.46692771911621095,,64511
14500,475136000,0.10607504889783496,2.8746952056884765,0.47042231559753417,,65257
14510,475463680,0.10591637250291171,2.858698844909668,0.4643873691558838,,66777
14520,475791360,0.10575978217328301,2.897752380371094,0.47011218070983884,,66753
14530,476119040,0.10560527864452576,2.924387550354004,0.4710801601409912,,66812
14540,476446720,0.10545286264241416,2.855149269104004,0.4747145175933838,,64541
14550,476774400,0.10530253488291638,2.8325977325439453,0.4704866409301758,,64381
14560,477102080,0.1051542960721912,2.8952203750610352,0.46934990882873534,,64338
14570,477429760,0.10500814690658448,2.8531097412109374,0.4667226791381836,,64300
14580,477757440,0.10486408807262619,2.9188398361206054,0.47542548179626465,,64548
14590,478085120,0.104722120247027,2.845356750488281,0.46639056205749513,,64382
14600,478412800,0.10458224409667521,2.8756568908691404,0.4675891399383545,,64397
14610,478740480,0.10444446027863345,2.911107635498047,0.4756158351898193,,64421
14620,479068160,0.10430876944013576,2.867689323425293,0.47475428581237794,,64326
14630,479395840,0.10417517221858452,2.8844934463500977,0.46826624870300293,,64393
14640,479723520,0.1040436692415474,2.8643245697021484,0.4676156997680664,,64331
14650,480051200,0.10391426112675443,2.8860200881958007,0.47234792709350587,,64489
14660,480378880,0.10378694848209509,2.9171207427978514,0.4736119270324707,,64387
14670,480706560,0.10366173190561558,2.8936376571655273,0.47862744331359863,,64367
14680,481034240,0.10353861198551571,2.8436323165893556,0.4803463459014893,,64379
14690,481361920,0.10341758930014654,2.8604667663574217,0.4693484306335449,,64362
14700,481689600,0.10329866441800734,2.944295310974121,0.4756007194519043,,64403
14710,482017280,0.10318183789774295,2.954107666015625,0.4807499885559082,,64350
14720,482344960,0.10306711028814143,2.8752403259277344,0.4707167625427246,,64334
14730,482672640,0.10295448212813114,2.8972177505493164,0.47131857872009275,,64419
14740,483000320,0.10284395394677846,2.8504188537597654,0.47081875801086426,,64306
14750,483328000,0.10273552626328514,2.867420959472656,0.4682486057281494,,64371
14760,483655680,0.10262919958698588,2.8425674438476562,0.4667357444763184,,64341
14770,483983360,0.10252497441734616,2.820083427429199,0.4766980171203613,,64393
14780,484311040,0.10242285124395946,2.8819147109985352,0.47169294357299807,,64355
14790,484638720,0.10232283054654547,2.917046546936035,0.4713939666748047,,64401
14800,484966400,0.10222491279494736,2.899929428100586,0.47156448364257814,,64363
14810,485294080,0.10212909844913001,2.9029144287109374,0.47800307273864745,,64440
14820,485621760,0.10203538795917738,2.867537498474121,0.4669496059417725,,64355
14830,485949440,0.101943781765291,2.841026496887207,0.4676145076751709,,64387
14840,486277120,0.10185428029778715,2.7872148513793946,0.46844892501831054,,64370
14850,486604800,0.1017668839770955,2.8728424072265626,0.472196102142334,,64367
14860,486932480,0.10168159321375685,2.893374443054199,0.4850807189941406,,64311
14870,487260160,0.10159840840842116,2.848556709289551,0.4692568302154541,,64208
14880,487587840,0.1015173299518458,2.8203399658203123,0.4676835060119629,,64336
14890,487915520,0.10143835822489358,2.9000839233398437,0.4751563549041748,,64355
14900,488243200,0.10136149359853108,2.8664928436279298,0.47381043434143066,,64382
14910,488570880,0.10128673643382681,2.7840932846069335,0.46888294219970705,,64347
14920,488898560,0.10121408708194966,2.879814338684082,0.4718958854675293,,64402
14930,489226240,0.10114354588416707,2.871205711364746,0.47213244438171387,,64396
14940,489553920,0.1010751131718435,2.8221845626831055,0.4707615375518799,,64331
14950,489881600,0.10100878926643891,2.8657098770141602,0.46480679512023926,,63684
14960,490209280,0.1009445744795073,2.8007654190063476,0.46587295532226564,,64398
14970,490536960,0.10088246911269502,2.8633068084716795,0.47264537811279295,,64350
14980,490864640,0.1008224734577396,2.9046562194824217,0.4715132236480713,,64366
14990,491192320,0.10076458779646827,2.9137447357177733,0.4820542335510254,,64370
15000,491520000,0.10070881240079659,2.8708215713500977,0.47359647750854494,,64319
15010,491847680,0.10065514753272739,2.865861701965332,0.48410611152648925,,64362
15020,492175360,0.10060359344434912,2.872662353515625,0.501548433303833,,64350
15030,492503040,0.10055415037783517,2.8940587997436524,0.47981109619140627,,66706
15040,492830720,0.10050681856544236,2.8939754486083986,0.47605009078979493,,66945
15050,493158400,0.10046159822951001,2.866938591003418,0.47467789649963377,,66885
15060,493486080,0.10041848958245882,2.8033517837524413,0.4666283130645752,,65824
15070,493813760,0.10037749282679005,2.9012693405151366,0.4766524314880371,,64357
15080,494141440,0.10033860815508432,2.919351005554199,0.4790200710296631,,64373
15090,494469120,0.10030183575000079,2.8863826751708985,0.4743941307067871,,64351
15100,494796800,0.10026717578427634,2.8828943252563475,0.47198758125305174,,64051
15110,495124480,0.10023462842072489,2.8639684677124024,0.47411160469055175,,64401
15120,495452160,0.1002041938122364,2.9726438522338867,0.47661585807800294,,64335
15130,495779840,0.10017587210177614,2.869005012512207,0.470402193069458,,64395
15140,496107520,0.10014966342238431,2.894805335998535,0.47719402313232423,,64338
15150,496435200,0.10012556789717511,2.9126794815063475,0.48108615875244143,,64394
15160,496762880,0.1001035856393363,2.8504522323608397,0.47054333686828614,,64359
15170,497090560,0.1000837167521287,2.889305305480957,0.4717109203338623,,64348
15180,497418240,0.10006596132888562,2.8506019592285154,0.4658496379852295,,64553
15190,497745920,0.10005031945301247,2.84686222076416,0.4708122253417969,,64382
15200,498073600,0.10003679119798632,2.900029754638672,0.4773223400115967,,64354
15210,498401280,0.10002537662735562,2.8548879623413086,0.47221808433532714,,64372
15220,498728960,0.1000160757947399,2.8513139724731444,0.47940793037414553,,64344
15230,499056640,0.10000888874382939,2.8763708114624023,0.4762424945831299,,64409
15240,499384320,0.100003815508385,2.8948480606079103,0.47695226669311525,,64324
15250,499712000,0.10000085611223805,2.864509391784668,0.4715877056121826,,64391
15258,499974144,0.1000000105692902,2.858518123626709,0.47449392080307007,,64422
