step,tokens,lr_mult,loss,grad_norm,value_grad_norm,tok_s
10,327680,0.01310615989515072,10.795948791503907,7.557606506347656,0.02359708845615387,32574
20,655360,0.02621231979030144,10.442404174804688,4.316536331176758,0.012897497415542603,33777
30,983040,0.039318479685452164,10.188898468017578,2.330673408508301,0.008462639898061753,33528
40,1310720,0.05242463958060288,10.048036193847656,1.989095687866211,0.007658378779888153,33556
50,1638400,0.0655307994757536,9.845207977294923,2.0094606399536135,0.007997717708349228,33763
60,1966080,0.07863695937090433,9.636429595947266,2.8604888916015625,0.010355165600776673,33845
70,2293760,0.09174311926605505,9.43326187133789,1.9409868240356445,0.00963171273469925,34085
80,2621440,0.10484927916120576,9.213047790527344,1.950398063659668,0.00987957939505577,34271
90,2949120,0.11795543905635648,8.9844970703125,1.7644874572753906,0.010502846539020538,34331
100,3276800,0.1310615989515072,8.722200775146485,1.9146095275878907,0.012494273483753204,34372
110,3604480,0.14416775884665792,8.496484375,2.063180351257324,0.013127891719341278,34337
120,3932160,0.15727391874180865,8.26025619506836,1.757965660095215,0.01388675719499588,34379
130,4259840,0.17038007863695936,8.004218292236327,1.6773235321044921,0.013203395903110504,34424
140,4587520,0.1834862385321101,7.807621765136719,1.4642417907714844,0.014715592563152313,34461
150,4915200,0.1965923984272608,7.611604309082031,1.4065071105957032,0.015378336608409881,34487
160,5242880,0.20969855832241152,7.443942260742188,1.146759033203125,0.015261568129062653,34513
170,5570560,0.22280471821756226,7.288514709472656,0.9168978691101074,0.01609385758638382,34470
180,5898240,0.23591087811271297,7.157518005371093,0.9997767448425293,0.017611023783683778,34434
190,6225920,0.2490170380078637,7.07392578125,1.049024772644043,0.019851987063884736,34399
200,6553600,0.2621231979030144,6.967491912841797,1.0468634605407714,0.02197244018316269,34396
210,6881280,0.27522935779816515,6.85924072265625,0.8832799911499023,0.02310805767774582,34402
220,7208960,0.28833551769331583,6.794689178466797,1.125866413116455,0.023810002207756042,34363
230,7536640,0.30144167758846657,6.678487396240234,1.001418399810791,0.02449888288974762,34363
240,7864320,0.3145478374836173,6.665518951416016,0.94361572265625,0.023954665660858153,34369
250,8192000,0.32765399737876805,6.545726776123047,0.9175913810729981,0.023854246735572814,34378
260,8519680,0.34076015727391873,6.5278480529785154,1.0248752593994142,0.026519638299942017,34367
270,8847360,0.35386631716906947,6.416954040527344,0.9501791954040527,0.02723364233970642,34385
280,9175040,0.3669724770642202,6.376875686645508,0.7822824001312256,0.02535043954849243,34343
290,9502720,0.3800786369593709,6.315603256225586,0.8216048240661621,0.02543702721595764,34305
300,9830400,0.3931847968545216,6.2949268341064455,0.9146207809448242,0.026494529843330384,34330
310,10158080,0.40629095674967236,6.206604766845703,0.7869966983795166,0.02416953444480896,34279
320,10485760,0.41939711664482304,6.191280364990234,0.9427725791931152,0.02737566828727722,34276
330,10813440,0.4325032765399738,6.1925090789794925,0.953378963470459,0.027925577759742738,34288
340,11141120,0.4456094364351245,6.104839706420899,0.8300507545471192,0.02652975022792816,34249
350,11468800,0.45871559633027525,6.048211288452149,0.8304233551025391,0.02542068362236023,34260
360,11796480,0.47182175622542594,6.024253845214844,0.8603016853332519,0.02522156238555908,34267
370,12124160,0.4849279161205767,5.96495361328125,0.9086244583129883,0.025956135988235474,34247
380,12451840,0.4980340760157274,5.935547256469727,0.8253833770751953,0.02534094750881195,34242
390,12779520,0.5111402359108781,5.907612991333008,0.8309148788452149,0.025758075714111327,34230
400,13107200,0.5242463958060288,5.89076042175293,0.7442200183868408,0.023549452424049377,34190
410,13434880,0.5373525557011796,5.835622787475586,0.8372048377990723,0.024943909049034117,34211
420,13762560,0.5504587155963303,5.805209350585938,0.7408181667327881,0.02428077459335327,34190
430,14090240,0.563564875491481,5.739193725585937,0.7913804054260254,0.02593531310558319,34193
440,14417920,0.5766710353866317,5.783804702758789,0.8842932701110839,0.025929078459739685,34201
450,14745600,0.5897771952817824,5.672428131103516,0.7898432731628418,0.024843701720237733,34186
460,15073280,0.6028833551769331,5.582876968383789,0.7860787391662598,0.024337276816368103,34200
470,15400960,0.6159895150720839,5.631018829345703,0.7569695472717285,0.024638135731220246,34188
480,15728640,0.6290956749672346,5.548471069335937,0.7814234256744385,0.02479839473962784,34196
490,16056320,0.6422018348623854,5.631040954589844,0.7835899353027344,0.02346130907535553,34153
500,16384000,0.6553079947575361,5.577381896972656,0.6789407730102539,0.022528238594532013,34169
510,16711680,0.6684141546526867,5.522591018676758,0.7175911426544189,0.02280227392911911,34161
520,17039360,0.6815203145478375,5.526864624023437,0.8438447952270508,0.024722571671009063,34155
530,17367040,0.6946264744429882,5.487904357910156,0.763629674911499,0.023824064433574675,34168
540,17694720,0.7077326343381389,5.473257446289063,0.7459280014038085,0.023139798641204835,34139
550,18022400,0.7208387942332897,5.375507354736328,0.6975739955902099,0.022531068325042723,34135
560,18350080,0.7339449541284404,5.420541000366211,0.7196172714233399,0.02291780412197113,34137
570,18677760,0.747051114023591,5.3344673156738285,0.7678486824035644,0.02377937436103821,34165
580,19005440,0.7601572739187418,5.36169319152832,0.7061613082885743,0.022264569997787476,34130
590,19333120,0.7732634338138925,5.36602897644043,0.7046114921569824,0.02196648120880127,34105
600,19660800,0.7863695937090432,5.286947250366211,0.6913543701171875,0.022892072796821594,34118
610,19988480,0.799475753604194,5.314649963378907,0.7581259250640869,0.021435511112213135,34128
620,20316160,0.8125819134993447,5.243503189086914,0.658256196975708,0.020954062044620515,34081
630,20643840,0.8256880733944955,5.202315902709961,0.6441771030426026,0.021241091191768646,34093
640,20971520,0.8387942332896461,5.248440170288086,0.7502334117889404,0.021032607555389403,34093
650,21299200,0.8519003931847968,5.232802200317383,0.6701064109802246,0.020903994143009186,34086
660,21626880,0.8650065530799476,5.260216903686524,0.6462358951568603,0.01990896612405777,34063
670,21954560,0.8781127129750983,5.212360000610351,0.6730328559875488,0.02040301710367203,34066
680,22282240,0.891218872870249,5.180336380004883,0.6743155479431152,0.020092707872390748,34063
690,22609920,0.9043250327653998,5.129813003540039,0.6284427642822266,0.019797655940055846,34067
700,22937600,0.9174311926605505,5.123433303833008,0.8630146026611328,0.022800570726394652,34073
710,23265280,0.9305373525557011,5.09581413269043,0.7018980979919434,0.02032390832901001,34075
720,23592960,0.9436435124508519,5.0533607482910154,0.6116663932800293,0.018897518515586853,34032
730,23920640,0.9567496723460026,5.06895751953125,0.6146512031555176,0.019195102155208588,34050
740,24248320,0.9698558322411533,5.122765731811524,0.6769087314605713,0.019440947473049162,34039
750,24576000,0.9829619921363041,5.053339004516602,0.6903819561004638,0.019226296246051787,34048
760,24903680,0.9960681520314548,5.023532867431641,0.6892276763916015,0.019177721440792085,34057
770,25231360,0.999999619505605,4.952423477172852,0.6219628810882568,0.018409907817840576,34014
780,25559040,0.9999972942644099,4.990346908569336,0.6091156959533691,0.017972715198993683,34023
790,25886720,0.9999928551787042,4.892143630981446,0.6481870174407959,0.019215230643749238,33997
800,26214400,0.9999863022693405,4.906164169311523,0.6494588375091552,0.0178859680891037,34029
810,26542080,0.9999776355671006,4.913204193115234,0.6424245834350586,0.0172942653298378,33990
820,26869760,0.999966855112696,4.817305374145508,0.6297042846679688,0.017261011898517607,34002
830,27197440,0.9999539609567677,4.878329849243164,0.6481362819671631,0.017414757609367372,34012
840,27525120,0.9999389531598855,4.853903961181641,0.584745216369629,0.01638564020395279,33977
850,27852800,0.9999218317925475,4.738811111450195,0.5987910747528076,0.01677512377500534,33969
860,28180480,0.9999025969351808,4.759970855712891,0.6575231552124023,0.017557606101036072,33990
870,28508160,0.9998812486781407,4.7578788757324215,0.7349081039428711,0.018531179428100585,33966
880,28835840,0.9998577871217097,4.749960708618164,0.6410427093505859,0.016065967082977296,33972
890,29163520,0.9998322123760972,4.693704986572266,0.6198147296905517,0.016283805668354034,33962
900,29491200,0.9998045245614399,4.738308715820312,0.5507205963134766,0.015364813804626464,33938
910,29818880,0.9997747238078001,4.685433197021484,0.6154632568359375,0.015494740009307862,33922
920,30146560,0.9997428102551656,4.657234573364258,0.5794921398162842,0.01547899842262268,33905
930,30474240,0.9997087840534492,4.606666183471679,0.633313512802124,0.017205044627189636,33931
940,30801920,0.9996726453624875,4.688590621948242,0.5764647960662842,0.015282171964645385,33909
950,31129600,0.9996343943520406,4.700530624389648,0.5766832828521729,0.014685246348381042,33904
960,31457280,0.9995940312017911,4.619727325439453,0.5556592464447021,0.014738267660140992,33896
970,31784960,0.9995515561013435,4.577790451049805,0.5858670234680176,0.015246765315532684,33916
980,32112640,0.9995069692502226,4.612603759765625,0.5773268699645996,0.014775243401527405,33918
990,32440320,0.9994602708578736,4.5453540802001955,1.0737826347351074,0.014657938480377197,33884
1000,32768000,0.9994114611436603,4.507221221923828,0.8987817764282227,0.014630383253097535,33892
1010,33095680,0.9993605403368643,4.5043190002441404,0.5850039005279541,0.01461675614118576,33883
1020,33423360,0.9993075086766843,4.455459976196289,0.5876593589782715,0.014676982164382934,33889
1030,33751040,0.999252366412234,4.434492874145508,0.5798926830291748,0.014763103425502777,33889
1040,34078720,0.9991951138025426,4.472540664672851,0.6102974891662598,0.015041379630565644,33889
1050,34406400,0.9991357511165514,4.446124649047851,0.5492335319519043,0.014321692287921906,33877
1060,34734080,0.9990742786331146,4.458746337890625,0.561195182800293,0.014046940207481384,33878
1070,35061760,0.9990106966409968,4.479850006103516,0.542574691772461,0.013971245288848877,33848
1080,35389440,0.9989450054388717,4.382662963867188,0.535789155960083,0.014012748003005981,33857
1090,35717120,0.9988772053353212,4.411741638183594,0.5419075012207031,0.014008523523807525,33841
1100,36044800,0.9988072966488337,4.428749084472656,0.5516142845153809,0.013911229372024537,33854
1110,36372480,0.9987352797078023,4.400737380981445,0.5242590427398681,0.013580134510993958,33834
1120,36700160,0.998661154850524,4.408876037597656,0.5371939659118652,0.013816522061824798,33814
1130,37027840,0.9985849224251971,4.403948211669922,0.5184521198272705,0.013583889603614807,33821
1140,37355520,0.9985065827899208,4.376304244995117,0.5356260299682617,0.013579489290714264,33811
1150,37683200,0.998426136312692,4.345577621459961,0.5377518177032471,0.013650061190128326,33814
1160,38010880,0.9983435833714049,4.304512023925781,0.5227726459503174,0.013459855318069458,33826
1170,38338560,0.998258924353849,4.306028747558594,0.5299976348876954,0.01364903301000595,33809
1180,38666240,0.9981721596577064,4.3655342102050785,0.558991527557373,0.013622783124446869,33799
1190,38993920,0.9980832896905512,4.229293441772461,0.5190896987915039,0.013754652440547943,33785
1200,39321600,0.9979923148698461,4.2206684112548825,0.5047958850860595,0.013419806957244873,33772
1210,39649280,0.9978992356229419,4.286338424682617,0.5441653251647949,0.013379760086536407,33781
1220,39976960,0.9978040523870747,4.262394714355469,0.5328516960144043,0.013396510481834411,33786
1230,40304640,0.9977067656093641,4.236871337890625,0.5217927932739258,0.013367410004138946,33767
1240,40632320,0.9976073757468108,4.222185516357422,0.5137210369110108,0.013110388815402985,33776
1250,40960000,0.9975058832662946,4.251455307006836,0.5182781219482422,0.013077808916568756,33772
1260,41287680,0.9974022886445727,4.267315292358399,0.5687265872955323,0.013756480813026429,33768
1270,41615360,0.9972965923682765,4.24409294128418,0.5317824840545654,0.013262428343296051,33767
1280,41943040,0.9971887949339102,4.222727584838867,0.5167073249816895,0.013165247440338135,33774
1290,42270720,0.9970788968478482,4.232197189331055,0.503404951095581,0.013021835684776306,33753
1300,42598400,0.996966898626332,4.225094604492187,0.5043000221252442,0.01304779052734375,33759
1310,42926080,0.9968528007954691,4.198147201538086,0.5062307357788086,0.012998990714550018,33750
1320,43253760,0.9967366038912294,4.131446456909179,0.5265669345855712,0.013142789900302886,33766
1330,43581440,0.9966183084594433,4.253055572509766,0.4985034942626953,0.012762048840522766,33727
1340,43909120,0.996497915055799,4.1967426300048825,0.4963273525238037,0.012934523820877075,33737
1350,44236800,0.9963754242458397,4.1496742248535154,0.48990602493286134,0.012858301401138306,33734
1360,44564480,0.9962508366049612,4.175427627563477,0.4900206565856934,0.012519922852516175,33733
1370,44892160,0.9961241527184089,4.109198379516601,0.4718127727508545,0.01263403594493866,33725
1380,45219840,0.9959953731812754,4.1610149383544925,0.49786086082458497,0.012589757144451142,33743
1390,45547520,0.9958644985984976,4.143140029907227,0.5082562446594239,0.012774504721164703,33727
1400,45875200,0.9957315295848536,4.153368759155273,0.5974088668823242,0.01274171620607376,33730
1410,46202880,0.99559646676496,4.109631729125977,0.4951168537139893,0.012559457123279572,33707
1420,46530560,0.9954593107732691,4.099682235717774,0.49062681198120117,0.012801505625247955,33730
1430,46858240,0.9953200622540659,4.087047576904297,0.49675836563110354,0.012572187185287475,33708
1440,47185920,0.9951787218614647,4.104235458374023,0.5037469863891602,0.0126070573925972,33714
1450,47513600,0.9950352902594064,4.084346008300781,0.49057683944702146,0.012459669262170792,33695
1460,47841280,0.9948897681216552,4.100850677490234,0.5125152587890625,0.012974630296230315,33712
1470,48168960,0.9947421561317958,4.05809326171875,0.4908459186553955,0.012372237443923951,33708
1480,48496640,0.9945924549832297,4.105093002319336,0.495060396194458,0.012456375360488891,33698
1490,48824320,0.9944406653791718,4.172745895385742,0.508662748336792,0.01235736533999443,33707
1500,49152000,0.994286788032648,4.049365997314453,0.506406593322754,0.012801636755466462,33703
1510,49479680,0.9941308236664911,4.059848785400391,0.5008669853210449,0.012402229011058807,33703
1520,49807360,0.9939727730133375,4.035249328613281,0.48878326416015627,0.012550869584083557,33698
1530,50135040,0.9938126368156238,3.9709854125976562,0.47063632011413575,0.012420643121004105,33708
1540,50462720,0.9936504158255838,4.079662322998047,0.4755417823791504,0.012276208400726319,33681
1550,50790400,0.9934861108052436,3.9526866912841796,0.5228509426116943,0.012588693201541901,33693
1560,51118080,0.9933197225264201,4.016889572143555,0.47728910446166994,0.012237079441547394,33676
1570,51445760,0.9931512517707154,4.073034286499023,0.49858365058898924,0.01222589761018753,33689
1580,51773440,0.9929806993295143,3.9938644409179687,0.47274012565612794,0.012105074524879456,33678
1590,52101120,0.99280806600398,4.0066570281982425,0.4876758098602295,0.012241742759943008,33665
1600,52428800,0.9926333526050509,4.042911148071289,0.4801489353179932,0.012106525897979736,33676
1610,52756480,0.9924565599534364,3.9801406860351562,0.4887403011322021,0.01229942888021469,33681
1620,53084160,0.9922776888796125,4.034115600585937,0.4842071056365967,0.0121390663087368,33665
1630,53411840,0.9920967402238197,4.04486083984375,0.4997885227203369,0.012310659885406494,33651
1640,53739520,0.9919137148360565,3.9908283233642576,0.4884531497955322,0.012099295854568481,33670
1650,54067200,0.9917286135760778,3.9790016174316407,0.47982325553894045,0.012161734700202941,33648
1660,54394880,0.9915414373133894,3.9265151977539063,0.47725648880004884,0.012237000465393066,33651
1670,54722560,0.9913521869272444,3.9559101104736327,0.48679485321044924,0.012250304967164994,33657
1680,55050240,0.991160863306639,3.957200622558594,0.46097254753112793,0.012049411237239838,33656
1690,55377920,0.9909674673503083,3.9368534088134766,0.4574708938598633,0.012067269533872604,33649
1700,55705600,0.9907719999667222,4.032202529907226,0.4598893165588379,0.01201854571700096,33629
1710,56033280,0.990574462074081,3.976369857788086,0.446015739440918,0.012101595848798751,33645
1720,56360960,0.9903748546003112,3.9967540740966796,0.47052822113037107,0.012010704725980759,33637
1730,56688640,0.9901731784830609,3.9654117584228517,0.489912223815918,0.011948101967573167,33659
1740,57016320,0.9899694346696959,3.9331680297851563,0.4749959945678711,0.01201464980840683,33654
1750,57344000,0.9897636241172943,3.9738491058349608,0.4883435726165771,0.011982833594083786,33633
1760,57671680,0.9895557477926437,3.9835906982421876,0.5003235816955567,0.012312447279691696,33649
1770,57999360,0.9893458066722344,3.94470100402832,0.47374796867370605,0.011990116536617279,33620
1780,58327040,0.9891338017422565,3.9357177734375,0.46677074432373045,0.012050401419401169,33619
1790,58654720,0.988919733998595,3.935042953491211,0.47070989608764646,0.011962956190109253,33624
1800,58982400,0.9887036044468247,3.9665302276611327,0.4671344757080078,0.01195385679602623,33631
1810,59310080,0.9884854141022056,3.8990203857421877,0.4571098327636719,0.012077966332435608,33625
1820,59637760,0.9882651639896781,3.9183578491210938,0.4936054706573486,0.011939602345228196,33646
1830,59965440,0.9880428551438585,3.9553153991699217,0.48934030532836914,0.012179992347955703,33633
1840,60293120,0.9878184886090338,3.8769302368164062,0.4987053871154785,0.012046750634908676,33645
1850,60620800,0.9875920654391568,3.878731536865234,0.4792973518371582,0.011946183443069459,33623
1860,60948480,0.9873635866978416,3.9354778289794923,0.47223782539367676,0.011791621148586274,33619
1870,61276160,0.987133053458358,3.9961994171142576,0.46124768257141113,0.011863243579864503,33608
1880,61603840,0.9869004668036266,3.9141666412353517,0.47261714935302734,0.01196843981742859,33624
1890,61931520,0.9866658278262145,3.878533935546875,0.4670714855194092,0.01193065419793129,33639
1900,62259200,0.9864291376283284,3.8616668701171877,0.45052213668823243,0.011773836612701417,33617
1910,62586880,0.9861903973218116,3.903554916381836,0.45547847747802733,0.011883816868066787,33613
1920,62914560,0.9859496080281371,3.875996398925781,0.47420539855957033,0.01184408962726593,33605
1930,63242240,0.9857067708784032,3.8176177978515624,0.45142054557800293,0.01181364879012108,33616
1940,63569920,0.9854618870133276,3.8577449798583983,0.45892882347106934,0.011872942000627518,33595
1950,63897600,0.9852149575832427,3.8255874633789064,0.4699698448181152,0.011940188705921173,33612
1960,64225280,0.9849659837480899,3.837720489501953,0.47361369132995607,0.011826220154762267,33606
1970,64552960,0.9847149666774135,3.872913360595703,0.45443172454833985,0.011805754154920578,33610
1980,64880640,0.9844619075503569,3.8555767059326174,0.47455692291259766,0.011880992352962494,33592
1990,65208320,0.9842068075556548,3.83776741027832,0.47106013298034666,0.011933934688568116,33595
2000,65536000,0.9839496678916297,3.822836685180664,0.4722952365875244,0.012042076885700225,33610
2010,65863680,0.9836904897661849,3.8079860687255858,0.47009568214416503,0.011762026697397232,33600
2020,66191360,0.9834292743967993,3.827895736694336,0.45110573768615725,0.011738720536231994,33577
2030,66519040,0.9831660230105219,3.8372528076171877,0.45503735542297363,0.011983492970466613,33590
2040,66846720,0.9829007368439657,3.8585227966308593,0.45921874046325684,0.011736252158880234,33587
2050,67174400,0.9826334171433019,3.8367176055908203,0.5107509613037109,0.012150579690933227,33590
2060,67502080,0.9823640651642543,3.8474811553955077,0.48770594596862793,0.011851100623607636,33593
2070,67829760,0.9820926821720932,3.781673049926758,0.47684807777404786,0.011862624436616898,33598
2080,68157440,0.9818192694416293,3.8267066955566404,0.4664668083190918,0.011815270036458969,33577
2090,68485120,0.9815438282572083,3.8499404907226564,0.4591303825378418,0.011737652122974396,33596
2100,68812800,0.9812663599127042,3.780625915527344,0.4553976058959961,0.011662590503692626,33597
2110,69140480,0.9809868657115136,3.768682098388672,0.4547553062438965,0.011713184416294098,33578
2120,69468160,0.9807053469665494,3.834714889526367,0.4460594654083252,0.011689798533916473,33588
2130,69795840,0.980421805000235,3.7700897216796876,0.45752544403076173,0.011713604629039764,33571
2140,70123520,0.9801362411444974,3.818551254272461,0.4686697006225586,0.011755473911762238,33563
2150,70451200,0.9798486567407615,3.7862625122070312,0.45980496406555177,0.01188262328505516,33567
2160,70778880,0.9795590531399438,3.7730422973632813,0.4643421173095703,0.011893046647310257,33576
2170,71106560,0.9792674317024457,3.7739273071289063,0.45168161392211914,0.011785940825939178,33574
2180,71434240,0.9789737937981473,3.8245822906494142,0.45250606536865234,0.011855962872505187,33558
2190,71761920,0.9786781408064011,3.803955841064453,0.4626422882080078,0.011872921139001846,33566
2200,72089600,0.9783804741160256,3.780875015258789,0.49677019119262694,0.012155532091856002,33570
2210,72417280,0.978080795125298,3.761444854736328,0.46268401145935056,0.011788636445999146,33546
2220,72744960,0.9777791052419487,3.773772048950195,0.4621703624725342,0.011745690554380416,33560
2230,73072640,0.9774754058831538,3.7721195220947266,0.469086217880249,0.011655262857675552,33557
2240,73400320,0.9771696984755293,3.779276657104492,0.493058967590332,0.011983341723680496,33557
2250,73728000,0.9768619844551234,3.7541980743408203,0.48769755363464357,0.011896291375160217,33578
2260,74055680,0.9765522652674108,3.7352519989013673,0.47933378219604494,0.011866676807403564,33550
2270,74383360,0.976240542367285,3.817810821533203,0.4643088340759277,0.011625935137271882,33547
2280,74711040,0.9759268172190521,3.831229400634766,0.44835877418518066,0.01161283627152443,33539
2290,75038720,0.9756110912964235,3.7671463012695314,0.44678869247436526,0.011602673679590225,33575
2300,75366400,0.9752933660825093,3.7427406311035156,0.439772891998291,0.011618362367153167,33549
2310,75694080,0.9749736430698112,3.7183399200439453,0.46148180961608887,0.011610493063926697,33558
2320,76021760,0.9746519237602153,3.7566394805908203,0.4659886837005615,0.011655617505311966,33551
2330,76349440,0.9743282096649852,3.7496269226074217,0.46365013122558596,0.011618646234273911,33555
2340,76677120,0.9740025023047555,3.6766868591308595,0.44580602645874023,0.01163494735956192,33542
2350,77004800,0.9736748032095234,3.731813430786133,0.46283740997314454,0.011619166284799576,33545
2360,77332480,0.9733451139186423,3.8201271057128907,0.48347768783569334,0.011627829819917678,33539
2370,77660160,0.973013435980815,3.723417282104492,0.4409322261810303,0.011758434027433396,33560
2380,77987840,0.9726797709540852,3.7805992126464845,0.45732898712158204,0.011708153784275055,33543
2390,78315520,0.9723441204058314,3.75732536315918,0.46179704666137694,0.011523577570915221,33551
2400,78643200,0.9720064859127585,3.730704116821289,0.45447373390197754,0.011599080264568329,33536
2410,78970880,0.9716668690608914,3.731623077392578,0.4562983512878418,0.011593826115131378,33545
2420,79298560,0.9713252714455668,3.731686019897461,0.4417575836181641,0.011612844467163087,33545
2430,79626240,0.9709816946714261,3.7644840240478517,0.4478007316589355,0.011584249883890152,33524
2440,79953920,0.9706361403524074,3.798644256591797,0.455206298828125,0.011551807075738907,33523
2450,80281600,0.9702886101117387,3.750688934326172,0.4538238525390625,0.011539238691329955,33546
2460,80609280,0.9699391055819293,3.7414608001708984,0.47032961845397947,0.011601624637842178,33535
2470,80936960,0.9695876284047632,3.79327507019043,0.44640307426452636,0.01164805144071579,33528
2480,81264640,0.9692341802312905,3.706442642211914,0.454844331741333,0.011551943421363831,33545
2490,81592320,0.9688787627218198,3.7805244445800783,0.4402294635772705,0.011499561369419098,33538
2500,81920000,0.9685213775459112,3.7357215881347656,0.4687763214111328,0.011707111448049545,33560
2510,82247680,0.968162026382367,3.6341873168945313,0.44832358360290525,0.0116093710064888,33541
2520,82575360,0.9678007109192254,3.6755744934082033,0.46822075843811034,0.011439657211303711,33556
2530,82903040,0.9674374328537514,3.61639404296875,0.4479050159454346,0.011572518944740295,33558
2540,83230720,0.9670721938924294,3.6881282806396483,0.44877047538757325,0.011518601328134537,33545
2550,83558400,0.966704995750955,3.7650100708007814,0.45409502983093264,0.011525986343622207,33544
2560,83886080,0.9663358401542269,3.6818683624267576,0.4508956432342529,0.011494165658950806,33542
2570,84213760,0.965964728836339,3.7164024353027343,0.4327407360076904,0.011404022574424744,33545
2580,84541440,0.9655916635405721,3.7767391204833984,0.530700397491455,0.012268729507923126,33530
2590,84869120,0.9652166460193854,3.7458805084228515,0.4920300006866455,0.01181781142950058,33551
2600,85196800,0.9648396780344092,3.6603534698486326,0.45500869750976564,0.011388573795557022,33535
2610,85524480,0.9644607613564357,3.641386795043945,0.4483748435974121,0.011545572429895401,33521
2620,85852160,0.9640798977654107,3.7013744354248046,0.4428706645965576,0.011448727548122406,33503
2630,86179840,0.9636970890504263,3.641409683227539,0.4439060688018799,0.0115129254758358,33522
2640,86507520,0.963312337009711,3.7145973205566407,0.45965895652770994,0.011437349766492844,33525
2650,86835200,0.9629256434506225,3.6958885192871094,0.4580677032470703,0.011411944031715393,33513
2660,87162880,0.9625370101896386,3.6127090454101562,0.4574594497680664,0.011551526188850404,33541
2670,87490560,0.9621464390523483,3.695842742919922,0.4400981903076172,0.011623992025852204,33501
2680,87818240,0.9617539318734444,3.7011058807373045,0.4497330665588379,0.011537368595600127,33507
2690,88145920,0.9613594904967137,3.6572879791259765,0.45061864852905276,0.011364421993494033,33509
2700,88473600,0.9609631167750291,3.6734100341796876,0.4785764694213867,0.011364035308361053,33533
2710,88801280,0.9605648125703407,3.6744972229003907,0.4709982395172119,0.011592882871627807,33523
2720,89128960,0.9601645797536662,3.7302597045898436,0.4687363624572754,0.011389058083295822,33521
2730,89456640,0.959762420205084,3.7013248443603515,0.45574021339416504,0.011434796452522277,33523
2740,89784320,0.9593583358137223,3.6907608032226564,0.4458214282989502,0.011423875391483308,33505
2750,90112000,0.9589523284777519,3.6801784515380858,0.45832066535949706,0.011510226130485534,33522
2760,90439680,0.9585444001043758,3.671176528930664,0.4518181800842285,0.011448434740304946,33522
2770,90767360,0.9581345526098218,3.6022220611572267,0.44871110916137696,0.011383022367954253,33519
2780,91095040,0.9577227879193322,3.591936492919922,0.4541356086730957,0.01145974025130272,33522
2790,91422720,0.9573091079671553,3.6620506286621093,0.4529153347015381,0.011401531845331192,33525
2800,91750400,0.9568935146965365,3.6437744140625,0.4559626579284668,0.01146012544631958,33533
2810,92078080,0.9564760100597085,3.682569122314453,0.46148052215576174,0.011343935877084732,33516
2820,92405760,0.956056596017883,3.5933685302734375,0.4547920227050781,0.011470547318458557,33526
2830,92733440,0.9556352745412409,3.664392852783203,0.4554727077484131,0.01138412281870842,33517
2840,93061120,0.9552120476089232,3.611346435546875,0.44262142181396485,0.011549796909093857,33516
2850,93388800,0.9547869172090215,3.6788185119628904,0.46034679412841795,0.011296427249908448,33510
2860,93716480,0.9543598853385692,3.6439468383789064,0.44329376220703126,0.01146216168999672,33499
2870,94044160,0.9539309540035318,3.6753414154052733,0.45893125534057616,0.01137898415327072,33514
2880,94371840,0.953500125218797,3.637853240966797,0.4449443817138672,0.011539392918348313,33493
2890,94699520,0.9530674010081663,3.6047252655029296,0.46375203132629395,0.011442650854587556,33521
2900,95027200,0.9526327834043443,3.5793178558349608,0.4563715934753418,0.011577226966619492,33504
2910,95354880,0.9521962744489302,3.691283416748047,0.4629706859588623,0.011352285742759705,33495
2920,95682560,0.9517578761924075,3.6332401275634765,0.44093685150146483,0.011293554306030273,33495
2930,96010240,0.9513175906941347,3.622641754150391,0.4466135025024414,0.0114398255944252,33491
2940,96337920,0.9508754200223356,3.610829162597656,0.44689383506774905,0.011408534646034241,33495
2950,96665600,0.9504313662540893,3.607526397705078,0.45367918014526365,0.01141577810049057,33510
2960,96993280,0.949985431475321,3.5604896545410156,0.4287990093231201,0.011388278007507325,33483
2970,97320960,0.9495376177807917,3.6466598510742188,0.44828095436096194,0.011282940953969955,33490
2980,97648640,0.9490879272740883,3.620767593383789,0.4587965965270996,0.011476653814315795,33510
2990,97976320,0.9486363620676144,3.5968971252441406,0.4485969066619873,0.011265920847654343,33513
3000,98304000,0.9481829242825798,3.625411605834961,0.4403798580169678,0.011336686462163926,33481
3010,98631680,0.9477276160489903,3.6439037322998047,0.44894113540649416,0.01144910827279091,33490
3020,98959360,0.9472704395056386,3.590483856201172,0.4784226417541504,0.011226087063550948,33540
3030,99287040,0.9468113968000933,3.578647994995117,0.45096683502197266,0.01132773533463478,33498
3040,99614720,0.9463504900886894,3.650800323486328,0.44565682411193847,0.011160847544670106,33492
3050,99942400,0.9458877215365181,3.614811325073242,0.46119346618652346,0.011277011781930923,33501
3060,100270080,0.9454230933174161,3.6218948364257812,0.4653469562530518,0.011391830444335938,33509
3070,100597760,0.9449566076139565,3.634906005859375,0.45232229232788085,0.011291974782943725,33487
3080,100925440,0.944488266617437,3.6335018157958983,0.47205448150634766,0.011369194090366363,33498
3090,101253120,0.9440180725278713,3.6717933654785155,0.4737099170684814,0.011458300799131394,33473
3100,101580800,0.9435460275539773,3.5898506164550783,0.45828886032104493,0.011273478716611862,33499
3110,101908480,0.9430721339131679,3.623428726196289,0.4500699043273926,0.011429359018802644,33467
3120,102236160,0.9425963938315396,3.5739463806152343,0.4515495777130127,0.011282620579004287,33478
3130,102563840,0.9421188095438624,3.5933837890625,0.4394068717956543,0.011264768242836,33479
3140,102891520,0.94163938329357,3.655131149291992,0.4549914836883545,0.011267607659101486,33485
3150,103219200,0.9411581173327482,3.602709197998047,0.44678378105163574,0.011328871548175811,33483
3160,103546880,0.9406750139221247,3.625265884399414,0.4504059314727783,0.01130097284913063,33462
3170,103874560,0.9401900753310587,3.577325439453125,0.4542407989501953,0.01130039021372795,33457
3180,104202240,0.9397033038375302,3.5368064880371093,0.45033769607543944,0.011202102899551392,33480
3190,104529920,0.9392147017281288,3.6282623291015623,0.4636075019836426,0.011225969344377518,33480
3200,104857600,0.9387242712980439,3.605632019042969,0.4688388824462891,0.011296530067920686,33472
3210,105185280,0.9382320148510529,3.602896881103516,0.4564351558685303,0.011216935515403748,33493
3220,105512960,0.937737934699511,3.5847816467285156,0.45293726921081545,0.011293204128742218,33492
3230,105840640,0.9372420331643404,3.5927059173583986,0.45362467765808107,0.011373059451580047,33478
3240,106168320,0.9367443125750188,3.5652397155761717,0.4705622673034668,0.011359427124261856,33472
3250,106496000,0.936244775269569,3.5942039489746094,0.4553077697753906,0.01146591678261757,33461
3260,106823680,0.9357434235945475,3.5354564666748045,0.4451359748840332,0.011330774426460266,33479
3270,107151360,0.9352402599050346,3.517325592041016,0.45544795989990233,0.011301115155220032,33480
3280,107479040,0.9347352865646213,3.6004371643066406,0.46373977661132815,0.01130875051021576,33468
3290,107806720,0.9342285059454002,3.5217140197753904,0.4387985706329346,0.01135951280593872,33443
3300,108134400,0.9337199204279533,3.5363418579101564,0.4388761520385742,0.011215666681528092,33471
3310,108462080,0.9332095324013407,3.609156036376953,0.4479234218597412,0.011208710074424744,33465
3320,108789760,0.93269734426309,3.6210563659667967,0.4698829650878906,0.011262070387601852,33474
3330,109117440,0.9321833584191851,3.6497833251953127,0.48694539070129395,0.011311405897140503,33466
3340,109445120,0.9316675772840538,3.5437458038330076,0.4552456855773926,0.011289253085851669,33472
3350,109772800,0.9311500032805579,3.5937538146972656,0.4622821807861328,0.011314381659030915,33459
3360,110100480,0.9306306388399807,3.573831558227539,0.4492035388946533,0.011291317641735077,33480
3370,110428160,0.9301094864020161,3.569675827026367,0.44746060371398927,0.011192411929368973,33473
3380,110755840,0.929586548414757,3.595585250854492,0.4501396656036377,0.011020635068416596,33451
3390,111083520,0.929061827334684,3.491538238525391,0.45100741386413573,0.011264599114656448,33474
3400,111411200,0.928535325626654,3.582093048095703,0.45151495933532715,0.011134915053844452,33478
3410,111738880,0.9280070457638875,3.621780014038086,0.46637625694274903,0.011268409341573716,33472
3420,112066560,0.9274769902279585,3.5566127777099608,0.4603672981262207,0.011311042308807372,33463
3430,112394240,0.9269451615087818,3.555652618408203,0.47910776138305666,0.011361639201641082,33477
3440,112721920,0.926411562104602,3.5605796813964843,0.45639548301696775,0.011240839958190918,33451
3450,113049600,0.9258761945219811,3.512332534790039,0.44530539512634276,0.011253053694963456,33470
3460,113377280,0.9253390612757871,3.5280292510986326,0.4536618709564209,0.0111301951110363,33467
3470,113704960,0.9248001648891824,3.600002670288086,0.46865053176879884,0.011244300007820129,33456
3480,114032640,0.9242595078936112,3.5920570373535154,0.4555996894836426,0.011136364936828614,33463
3490,114360320,0.9237170928287887,3.5350780487060547,0.4592898845672607,0.011244864761829376,33458
3500,114688000,0.923172922242688,3.6127857208251952,0.45424518585205076,0.011022936552762985,33448
3510,115015680,0.922626998691529,3.5421260833740233,0.46948704719543455,0.01116747260093689,33469
3520,115343360,0.922079324739766,3.5125885009765625,0.457102632522583,0.011034064739942551,33475
3530,115671040,0.9215299029600759,3.5494457244873048,0.4412271499633789,0.011268837749958039,33452
3540,115998720,0.9209787359333456,3.564980697631836,0.4603219509124756,0.011268865317106247,33442
3550,116326400,0.9204258262486603,3.555841827392578,0.44056286811828616,0.011084419488906861,33426
3560,116654080,0.9198711765032919,3.5121601104736326,0.44662041664123536,0.011113585531711578,33471
3570,116981760,0.9193147893026851,3.4856487274169923,0.4503572940826416,0.01127163991332054,33440
3580,117309440,0.9187566672604472,3.5312049865722654,0.44775099754333497,0.01122414842247963,33449
3590,117637120,0.9181968129983342,3.5357894897460938,0.4512235164642334,0.011036939918994904,33461
3600,117964800,0.9176352291462395,3.5403720855712892,0.44612698554992675,0.011148153245449067,33453
3610,118292480,0.9170719183421812,3.5744503021240233,0.45981783866882325,0.011214542388916015,33450
3620,118620160,0.9165068832322891,3.5362102508544924,0.44167866706848147,0.01122606247663498,33454
3630,118947840,0.9159401264707938,3.5097423553466798,0.4381141662597656,0.011128660291433334,33455
3640,119275520,0.9153716507200125,3.537306213378906,0.4534029006958008,0.011218956857919692,33453
3650,119603200,0.9148014586503377,3.6080078125,0.4468549728393555,0.011162309348583222,33418
3660,119930880,0.9142295529402239,3.540828323364258,0.44915342330932617,0.011156684160232544,33448
3670,120258560,0.9136559362761759,3.5238441467285155,0.44280457496643066,0.011367034912109376,33433
3680,120586240,0.9130806113527351,3.521480941772461,0.46530909538269044,0.011328671872615815,33458
3690,120913920,0.9125035808724679,3.5594150543212892,0.4502105712890625,0.011167235672473907,33445
3700,121241600,0.9119248475459516,3.482819747924805,0.4400462627410889,0.010995607823133469,33462
3710,121569280,0.9113444140917637,3.5488643646240234,0.442702579498291,0.011231154203414917,33435
3720,121896960,0.9107622832364672,3.4769805908203124,0.4418590545654297,0.0109612874686718,33465
3730,122224640,0.9101784577145987,3.505095672607422,0.446104621887207,0.01116197109222412,33448
3740,122552320,0.9095929402686556,3.4911190032958985,0.44110908508300783,0.011231895536184311,33442
3750,122880000,0.9090057336490831,3.568574142456055,0.45756683349609373,0.011194269359111785,33442
3760,123207680,0.908416840614261,3.5280006408691404,0.47554812431335447,0.011251833289861679,33448
3770,123535360,0.9078262639304908,3.5969772338867188,0.4772650241851807,0.011201420426368713,33434
3780,123863040,0.9072340063719835,3.5025440216064454,0.4688126564025879,0.011255144327878951,33437
3790,124190720,0.9066400707208456,3.471113586425781,0.4661977291107178,0.011179357022047042,33466
3800,124518400,0.906044459767066,3.553872299194336,0.44952239990234377,0.011150297522544862,33440
3810,124846080,0.905447176308504,3.5391311645507812,0.44410929679870603,0.011150933057069778,33420
3820,125173760,0.9048482231508749,3.4719528198242187,0.44327630996704104,0.011030875146389008,33457
3830,125501440,0.9042476031077374,3.5212825775146483,0.44927659034729006,0.011089247465133668,33442
3840,125829120,0.9036453190004807,3.508229064941406,0.4831597328186035,0.011356089264154434,33451
3850,126156800,0.9030413736583102,3.5530094146728515,0.45057268142700196,0.011141875386238098,33430
3860,126484480,0.9024357699182355,3.5164325714111326,0.44806060791015623,0.011111413687467575,33456
3870,126812160,0.9018285106250563,3.5123085021972655,0.467333459854126,0.011222055554389954,33445
3880,127139840,0.901219598631349,3.497017669677734,0.4616252422332764,0.011041060090065002,33445
3890,127467520,0.9006090367974537,3.5135208129882813,0.4549414157867432,0.011056415736675262,33438
3900,127795200,0.8999968279914605,3.4910011291503906,0.4596977710723877,0.011259794980287553,33434
3910,128122880,0.8993829750891961,3.5622459411621095,0.46482009887695314,0.01121850535273552,33429
3920,128450560,0.8987674809742102,3.5007266998291016,0.44930667877197267,0.011096842586994171,33430
3930,128778240,0.8981503485377622,3.5383190155029296,0.4538100242614746,0.011137168854475021,33421
3940,129105920,0.8975315806788072,3.483590316772461,0.4509788990020752,0.011115501821041106,33425
3950,129433600,0.8969111803039826,3.5245784759521483,0.4440625190734863,0.011040209978818893,33436
3960,129761280,0.8962891503275952,3.475887680053711,0.4519432544708252,0.011131501942873,33434
3970,130088960,0.8956654936716058,3.515454864501953,0.4578371047973633,0.011130250245332717,33429
3980,130416640,0.8950402132656169,3.5425640106201173,0.44990053176879885,0.011038316786289215,33444
3990,130744320,0.8944133120468587,3.4890079498291016,0.46213574409484864,0.011168979108333588,33435
4000,131072000,0.8937847929601748,3.4985095977783205,0.45689053535461427,0.011123670637607575,33440
4010,131399680,0.8931546589580086,3.525499725341797,0.47550439834594727,0.011160519719123841,33429
4020,131727360,0.8925229130003902,3.557073211669922,0.4475534439086914,0.010981164872646332,33414
4030,132055040,0.8918895580549208,3.4823535919189452,0.473402214050293,0.011103156208992004,33425
4040,132382720,0.8912545970967604,3.5181983947753905,0.4446847915649414,0.011083775013685227,33426
4050,132710400,0.8906180331086129,3.495793914794922,0.45485377311706543,0.01114225834608078,33419
4060,133038080,0.8899798690807127,3.4785953521728517,0.465717077255249,0.010874824225902557,33423
4070,133365760,0.8893401080108099,3.563923645019531,0.4840991497039795,0.011083763092756271,33451
4080,133693440,0.8886987529041569,3.484853744506836,0.4408714771270752,0.010981347411870956,33429
4090,134021120,0.888055806773494,3.518893814086914,0.4602060794830322,0.011202766001224518,33444
4100,134348800,0.8874112726390354,3.473208999633789,0.47454090118408204,0.011186806112527847,33421
4110,134676480,0.8867651535284545,3.5203083038330076,0.4529268741607666,0.011031492054462433,33410
4120,135004160,0.8861174524768703,3.485429382324219,0.4450732707977295,0.011056819558143615,33403
4130,135331840,0.8854681725268331,3.5065196990966796,0.4615964412689209,0.01106790229678154,33410
4140,135659520,0.8848173167283098,3.529172897338867,0.46059813499450686,0.010969671607017516,33427
4150,135987200,0.8841648881386694,3.5004825592041016,0.44892373085021975,0.011107885837554931,33427
4160,136314880,0.88351088982267,3.5123832702636717,0.45009236335754393,0.011054278910160064,33431
4170,136642560,0.8828553248524423,3.4689876556396486,0.4560856342315674,0.011019789427518845,33451
4180,136970240,0.8821981963074773,3.5119865417480467,0.4703381061553955,0.011031917482614517,33420
4190,137297920,0.8815395072746101,3.5080127716064453,0.4633776187896729,0.011021243035793304,33417
4200,137625600,0.8808792608480065,3.4405166625976564,0.4497030258178711,0.011003293097019196,33428
4210,137953280,0.8802174601291479,3.5066184997558594,0.4481368064880371,0.011062868684530259,33412
4220,138280960,0.8795541082268172,3.4830852508544923,0.45203485488891604,0.011032687127590179,33416
4230,138608640,0.8788892082570837,3.5218273162841798,0.44030470848083497,0.010953807830810547,33426
4240,138936320,0.8782227633432887,3.4909454345703126,0.4403294563293457,0.010951212048530579,33407
4250,139264000,0.877554776616031,3.4716915130615233,0.44673752784729004,0.011142972111701965,33405
4260,139591680,0.8768852512131515,3.4738136291503907,0.445833683013916,0.011215461790561676,33387
4270,139919360,0.8762141902797198,3.4813655853271483,0.4528306007385254,0.011073560267686845,33438
4280,140247040,0.8755415969680176,3.4741889953613283,0.4643211364746094,0.011058375239372253,33424
4290,140574720,0.8748674744375259,3.5213607788085937,0.4630592823028564,0.010947422683238983,33426
4300,140902400,0.8741918258549084,3.454384613037109,0.4614811897277832,0.011107603460550309,33422
4310,141230080,0.8735146543939974,3.511265182495117,0.4618553638458252,0.010927651077508926,33407
4320,141557760,0.8728359632357797,3.452199172973633,0.45683956146240234,0.011041529476642609,33428
4330,141885440,0.8721557555683797,3.4820056915283204,0.4561572551727295,0.011024460196495056,33414
4340,142213120,0.8714740345870462,3.4269172668457033,0.4632715225219727,0.010998447239398957,33411
4350,142540800,0.8707908034941365,3.487277603149414,0.4634700298309326,0.010968951135873794,33418
4360,142868480,0.8701060654991017,3.483478546142578,0.4752970218658447,0.011135435104370118,33406
4370,143196160,0.8694198238184716,3.471516418457031,0.44899210929870603,0.011040243506431579,33390
4380,143523840,0.8687320816758393,3.4450111389160156,0.4552178382873535,0.011060208827257157,33410
4390,143851520,0.8680428423018461,3.461720275878906,0.45371112823486326,0.01091410368680954,33406
4400,144179200,0.8673521089341671,3.4382896423339844,0.4633008003234863,0.010861877351999283,33421
4410,144506880,0.866659884817495,3.4629226684570313,0.464437198638916,0.01113308072090149,33420
4420,144834560,0.865966173203525,3.4267810821533202,0.45642290115356443,0.01100800335407257,33428
4430,145162240,0.86527097735094,3.4898391723632813,0.47145900726318357,0.01119590625166893,33399
4440,145489920,0.8645743005253953,3.5018760681152346,0.45366435050964354,0.011010999232530594,33395
4450,145817600,0.8638761459995025,3.4466381072998047,0.45385189056396485,0.011039121448993683,33417
4460,146145280,0.8631765170528151,3.4421371459960937,0.45623064041137695,0.010916689783334732,33413
4470,146472960,0.8624754169718122,3.400318145751953,0.47272453308105467,0.011157635599374771,33427
4480,146800640,0.8617728490498839,3.4561908721923826,0.4606927394866943,0.011190462112426757,33386
4490,147128320,0.8610688165873153,3.306048583984375,0.45226321220397947,0.010963194817304612,33425
4500,147456000,0.860363322891271,3.4096649169921873,0.4840041160583496,0.011333240568637848,33399
4510,147783680,0.8596563712757798,3.4210071563720703,0.45298004150390625,0.010973019152879715,33406
4520,148111360,0.8589479650617188,3.4112098693847654,0.45412287712097166,0.010992818325757981,33397
4530,148439040,0.8582381075767984,3.420118713378906,0.4546205997467041,0.011017554998397827,33396
4540,148766720,0.8575268021555462,3.457326889038086,0.4587075710296631,0.011111628264188766,33405
4550,149094400,0.8568140521392911,3.4536231994628905,0.4427511692047119,0.010889387130737305,33408
4560,149422080,0.8560998608761481,3.4493988037109373,0.4534749984741211,0.010890835523605346,33426
4570,149749760,0.8553842317210026,3.483806610107422,0.451513671875,0.010932522267103196,33403
4580,150077440,0.8546671680354943,3.422622299194336,0.45089292526245117,0.011059080809354782,33397
4590,150405120,0.8539486731880013,3.4557689666748046,0.4451462745666504,0.011026154458522796,33406
4600,150732800,0.8532287505536249,3.409765625,0.44462976455688474,0.010997971892356873,33405
4610,151060480,0.8525074035141732,3.4646129608154297,0.45448880195617675,0.010910195112228394,33400
4620,151388160,0.8517846354581458,3.455718231201172,0.45257930755615233,0.010921108722686767,33402
4630,151715840,0.8510604497807165,3.451685333251953,0.47760920524597167,0.011092463135719299,33402
4640,152043520,0.8503348498837191,3.401738739013672,0.4493075370788574,0.011084726452827454,33412
4650,152371200,0.8496078391756305,3.4549934387207033,0.4611215591430664,0.010870589315891266,33389
4660,152698880,0.8488794210715549,3.403136444091797,0.448819637298584,0.011035457253456116,33409
4670,153026560,0.8481495989932074,3.410976028442383,0.4396375179290771,0.010983902215957641,33385
4680,153354240,0.8474183763688985,3.4711204528808595,0.4627347469329834,0.010941930115222931,33387
4690,153681920,0.8466857566335172,3.4289737701416017,0.4498139381408691,0.010922231525182725,33402
4700,154009600,0.8459517432285163,3.478607940673828,0.46877355575561525,0.011095745861530304,33396
4710,154337280,0.8452163396018946,3.419540023803711,0.47202467918395996,0.010884086787700652,33390
4720,154664960,0.8444795492081815,3.4365398406982424,0.4587685585021973,0.011057960242033005,33408
4730,154992640,0.8437413755084207,3.4643455505371095,0.4823638916015625,0.010850398242473603,33394
4740,155320320,0.8430018219701542,3.4639026641845705,0.4561450004577637,0.010994397103786469,33396
4750,155648000,0.8422608920674052,3.4288398742675783,0.47362093925476073,0.010923869907855988,33399
4760,155975680,0.841518589280663,3.468179702758789,0.4580382823944092,0.010989010334014893,33386
4770,156303360,0.8407749170968652,3.4425209045410154,0.45622687339782714,0.010905275493860245,33391
4780,156631040,0.8400298790093831,3.399121856689453,0.4482088565826416,0.011031879484653473,33396
4790,156958720,0.8392834785180031,3.403347396850586,0.4644180774688721,0.011045780032873154,33405
4800,157286400,0.8385357191289123,3.433766555786133,0.4585879802703857,0.010940322279930114,33394
4810,157614080,0.837786604354681,3.4224742889404296,0.4583890438079834,0.011048414558172227,33394
4820,157941760,0.8370361377142459,3.461055374145508,0.463673734664917,0.010915474593639373,33392
4830,158269440,0.8362843227328948,3.359272766113281,0.45427093505859373,0.010896411538124085,33396
4840,158597120,0.8355311629422486,3.378463363647461,0.45758967399597167,0.010995330661535263,33388
4850,158924800,0.8347766618802456,3.396030044555664,0.4492426872253418,0.010953185707330703,33364
4860,159252480,0.8340208230911248,3.404607391357422,0.4577023983001709,0.01090838834643364,33389
4870,159580160,0.8332636501254091,3.3986675262451174,0.4572486400604248,0.011014191806316376,33378
4880,159907840,0.8325051465398888,3.4373851776123048,0.46053638458251955,0.010839768499135972,33395
4890,160235520,0.8317453158976044,3.445017623901367,0.4618229866027832,0.010892418026924134,33381
4900,160563200,0.8309841617678299,3.354145050048828,0.45256905555725097,0.010978029668331146,33383
4910,160890880,0.8302216877260572,3.405929183959961,0.45681395530700686,0.010919955372810364,33396
4920,161218560,0.829457897353978,3.410409927368164,0.4673726558685303,0.010980026423931121,33388
4930,161546240,0.8286927942394671,3.3843147277832033,0.4744906425476074,0.011101610213518142,33391
4940,161873920,0.8279263819765664,3.434806060791016,0.46886463165283204,0.011015769094228745,33370
4950,162201600,0.827158664165467,3.393337631225586,0.45999655723571775,0.010986947268247605,33391
4960,162529280,0.8263896444124933,3.393637847900391,0.45704164505004885,0.0108931764960289,33397
4970,162856960,0.825619326330085,3.3605796813964846,0.46726160049438475,0.011073436588048935,33393
4980,163184640,0.8248477135367809,3.398847198486328,0.46004161834716795,0.011106565594673157,33375
4990,163512320,0.8240748096572016,3.3626670837402344,0.48470253944396974,0.01119561642408371,33384
5000,163840000,0.8233006183220325,3.3594165802001954,0.47214035987854003,0.010991646349430085,33374
5010,164167680,0.8225251431680068,3.4160640716552733,0.4591841220855713,0.010897579789161681,33361
5020,164495360,0.8217483878378885,3.3371219635009766,0.4570948600769043,0.01101328432559967,33390
5030,164823040,0.8209703559804551,3.3991313934326173,0.44629530906677245,0.010838449746370316,33379
5040,165150720,0.8201910512504803,3.4359294891357424,0.48645954132080077,0.011121198534965515,33378
5050,165478400,0.8194104773087175,3.4435359954833986,0.46474332809448243,0.010908807814121246,33362
5060,165806080,0.8186286378218818,3.3815887451171873,0.46394782066345214,0.010945457220077514,33383
5070,166133760,0.8178455364626335,3.3689624786376955,0.4586155891418457,0.010898957401514054,33370
5080,166461440,0.8170611769095599,3.307096481323242,0.4742673397064209,0.01099834144115448,33393
5090,166789120,0.8162755628471595,3.298822784423828,0.46901865005493165,0.0109988771378994,33393
5100,167116800,0.815488697965823,3.375759506225586,0.47241888046264646,0.01094130277633667,33385
5110,167444480,0.8147005859618172,3.44273681640625,0.474594783782959,0.010946421325206757,33386
5120,167772160,0.813911230537267,3.345606231689453,0.4538252353668213,0.010962779074907303,33375
5130,168099840,0.8131206354001385,3.4301521301269533,0.462601900100708,0.010821633040904999,33389
5140,168427520,0.8123288042642208,3.3233814239501953,0.4500895977020264,0.010931964963674545,33388
5150,168755200,0.8115357408491098,3.380288314819336,0.47090635299682615,0.010875090211629867,33393
5160,169082880,0.8107414488801894,3.4106441497802735,0.47676782608032225,0.011028288304805756,33366
5170,169410560,0.8099459320886147,3.418465423583984,0.46321845054626465,0.010931722074747085,33376
5180,169738240,0.8091491942112942,3.4194614410400392,0.4776491641998291,0.011098031699657441,33373
5190,170065920,0.8083512389908728,3.3678512573242188,0.4724418640136719,0.01109766513109207,33361
5200,170393600,0.8075520701757136,3.4344867706298827,0.4519233703613281,0.01089743822813034,33361
5210,170721280,0.8067516915198807,3.4130916595458984,0.4719703674316406,0.010899678617715836,33373
5220,171048960,0.8059501067831211,3.40393180847168,0.46723508834838867,0.01092182919383049,33377
5230,171376640,0.8051473197308472,3.3616050720214843,0.46416592597961426,0.011021971702575684,33372
5240,171704320,0.8043433341341197,3.3643348693847654,0.4663674354553223,0.010892915725708007,33366
5250,172032000,0.8035381537696291,3.428035354614258,0.4702362060546875,0.010974378883838653,33389
5260,172359680,0.8027317824196785,3.4307086944580076,0.46658763885498045,0.010905955731868745,33362
5270,172687360,0.8019242238721653,3.3857257843017576,0.46905717849731443,0.011093328148126603,33369
5280,173015040,0.8011154819205639,3.355033111572266,0.45071978569030763,0.010864270478487014,33371
5290,173342720,0.8003055603639075,3.3884513854980467,0.46271848678588867,0.010883380472660065,33384
5300,173670400,0.799494463006771,3.388978958129883,0.4604304790496826,0.010870397090911865,33388
5310,173998080,0.7986821936592519,3.4243133544921873,0.4645866870880127,0.010868165642023087,33381
5320,174325760,0.7978687561369534,3.4099658966064452,0.4826520919799805,0.010971564054489135,33402
5330,174653440,0.7970541542609662,3.380110168457031,0.4618238925933838,0.010692588239908218,33400
5340,174981120,0.7962383918578503,3.3603256225585936,0.46056089401245115,0.011040095984935761,33389
5350,175308800,0.7954214727596175,3.4551765441894533,0.49592199325561526,0.010901737213134765,33367
5360,175636480,0.794603400803713,3.3564079284667967,0.46797595024108884,0.010949208587408065,33404
5370,175964160,0.7937841798329972,3.333544921875,0.4623603820800781,0.010991643369197845,33377
5380,176291840,0.7929638136957288,3.331012725830078,0.46384029388427733,0.010940726846456528,33394
5390,176619520,0.7921423062455447,3.4053367614746093,0.4708077907562256,0.010953325033187866,33370
5400,176947200,0.791319661341444,3.3522502899169924,0.46366076469421386,0.010959052294492722,33360
5410,177274880,0.7904958828477688,3.4228321075439454,0.4773655891418457,0.01087360382080078,33391
5420,177602560,0.7896709746341858,3.352852630615234,0.4524716377258301,0.010878752171993255,33383
5430,177930240,0.7888449405756687,3.3515243530273438,0.46645097732543944,0.010992487519979477,33379
5440,178257920,0.78801778455248,3.3748329162597654,0.4591785430908203,0.010952366143465042,33375
5450,178585600,0.7871895104501523,3.3348411560058593,0.46022982597351075,0.0109042227268219,33359
5460,178913280,0.7863601221594704,3.347553253173828,0.4572791576385498,0.010912269353866577,33351
5470,179240960,0.7855296235764533,3.358407211303711,0.466387939453125,0.010925186425447464,33395
5480,179568640,0.7846980186023351,3.401517868041992,0.45833916664123536,0.010864797979593277,33372
5490,179896320,0.7838653111435474,3.327402877807617,0.48078441619873047,0.010859721899032592,33413
5500,180224000,0.7830315051117006,3.335986328125,0.4774972438812256,0.010932059586048126,33382
5510,180551680,0.7821966044235655,3.3576309204101564,0.47887430191040037,0.010902981460094451,33372
5520,180879360,0.7813606130010551,3.414335250854492,0.46138930320739746,0.010739883780479431,33389
5530,181207040,0.7805235347712062,3.4275283813476562,0.4756439208984375,0.010876613110303879,33393
5540,181534720,0.7796853736661605,3.396250534057617,0.4741851806640625,0.01094987541437149,33378
5550,181862400,0.7788461336231468,3.341164779663086,0.46422886848449707,0.010798674821853638,33379
5560,182190080,0.7780058185844622,3.3470706939697266,0.477584171295166,0.011021329462528229,33381
5570,182517760,0.777164432497453,3.3066226959228517,0.4683992862701416,0.010893464833498002,33375
5580,182845440,0.7763219793144973,3.4225791931152343,0.46243438720703123,0.010896719992160797,33336
5590,183173120,0.7754784629929858,3.3141094207763673,0.4622154712677002,0.010916243493556976,33381
5600,183500800,0.7746338874953032,3.3285800933837892,0.4663306713104248,0.010922258347272873,33368
5610,183828480,0.773788256788809,3.359040451049805,0.470030403137207,0.010947071015834808,33364
5620,184156160,0.7729415748458205,3.3541099548339846,0.4672686100006104,0.010878328979015351,33368
5630,184483840,0.7720938456435924,3.37713508605957,0.4658834457397461,0.01087513267993927,33371
5640,184811520,0.7712450731642992,3.285480499267578,0.4724288463592529,0.010872961580753326,33389
5650,185139200,0.7703952613950162,3.3925682067871095,0.4820520877838135,0.010948558151721955,33369
5660,185466880,0.7695444143277006,3.3245403289794924,0.4804126262664795,0.010787241905927659,33387
5670,185794560,0.7686925359591726,3.339237594604492,0.48628993034362794,0.010882227122783661,33373
5680,186122240,0.7678396302910978,3.3953582763671877,0.4791727542877197,0.010922269523143768,33369
5690,186449920,0.7669857013299661,3.3987125396728515,0.4702609539031982,0.010879790782928467,33375
5700,186777600,0.7661307530870757,3.4196708679199217,0.4753310203552246,0.010955219715833664,33366
5710,187105280,0.7652747895785117,3.3063369750976563,0.459268856048584,0.010899053514003753,33381
5720,187432960,0.7644178148251293,3.2448516845703126,0.4609936237335205,0.010900404304265976,33387
5730,187760640,0.7635598328525331,3.3764381408691406,0.48375520706176756,0.010950671881437302,33386
5740,188088320,0.76270084769106,3.339276123046875,0.46781463623046876,0.011006132513284684,33363
5750,188416000,0.7618408633757584,3.366189956665039,0.4681268215179443,0.010872533917427063,33377
5760,188743680,0.760979883946371,3.395724868774414,0.49756641387939454,0.010945963114500046,33387
5770,189071360,0.7601179134473144,3.3665645599365233,0.4910881042480469,0.010797620564699174,33374
5780,189399040,0.7592549559276612,3.3639270782470705,0.46229825019836424,0.010802537202835083,33368
5790,189726720,0.7583910154411201,3.4257438659667967,0.47585501670837405,0.010956165194511414,33341
5800,190054400,0.7575260960460173,3.3957653045654297,0.47004313468933107,0.010863757133483887,33346
5810,190382080,0.7566602018052777,3.3894691467285156,0.48113307952880857,0.010859698057174683,33363
5820,190709760,0.7557933367864051,3.404474639892578,0.4813095569610596,0.010860200226306915,33370
5830,191037440,0.7549255050614639,3.3426063537597654,0.4666745185852051,0.01080162450671196,33361
5840,191365120,0.7540567107070592,3.3466392517089845,0.464001989364624,0.010922595858573914,33336
5850,191692800,0.753186957804318,3.339244842529297,0.4772789478302002,0.01084403544664383,33369
5860,192020480,0.7523162504388706,3.3655834197998047,0.46996240615844725,0.010808297991752624,33366
5870,192348160,0.7514445927008302,3.4017032623291015,0.4944192409515381,0.01119542121887207,33366
5880,192675840,0.7505719886847744,3.252909851074219,0.4822997093200684,0.010971695184707642,33397
5890,193003520,0.7496984424897264,3.360306167602539,0.4742561340332031,0.010991238057613373,33353
5900,193331200,0.7488239582191348,3.3203948974609374,0.4730393886566162,0.010923638939857483,33386
5910,193658880,0.7479485399808549,3.3457679748535156,0.4714141845703125,0.011087783426046372,33368
5920,193986560,0.7470721918871295,3.3012279510498046,0.4738799571990967,0.010849999636411667,33377
5930,194314240,0.7461949180545687,3.31793098449707,0.47212648391723633,0.010777682811021806,33368
5940,194641920,0.745316722604132,3.343741226196289,0.4641559600830078,0.01073024570941925,33365
5950,194969600,0.744437609661108,3.3840606689453123,0.48282551765441895,0.010811896622180938,33350
5960,195297280,0.7435575833550946,3.297498321533203,0.48225979804992675,0.010941543430089951,33385
5970,195624960,0.7426766478199808,3.4427600860595704,0.48688931465148927,0.010898873955011368,33365
5980,195952640,0.7417948071939264,3.3385902404785157,0.4882346153259277,0.010959945619106293,33365
5990,196280320,0.7409120656193431,3.2759132385253906,0.4650557041168213,0.01088595688343048,33382
6000,196608000,0.7400284272428742,3.291798782348633,0.46602749824523926,0.011049529910087586,33371
6010,196935680,0.7391438962153765,3.330598068237305,0.46088504791259766,0.010782191157341003,33360
6020,197263360,0.7382584766918991,3.3375423431396483,0.4700127601623535,0.010777249187231063,33388
6030,197591040,0.7373721728316657,3.3268157958984377,0.4734785079956055,0.010856552422046662,33364
6040,197918720,0.7364849887980534,3.3856555938720705,0.4922462463378906,0.01079040691256523,33369
6050,198246400,0.7355969287585742,3.3733802795410157,0.4765499114990234,0.010879418253898621,33361
6060,198574080,0.7347079968848549,3.3654010772705076,0.47016491889953616,0.01093800738453865,33364
6070,198901760,0.733818197352618,3.2942581176757812,0.47095937728881837,0.01084478572010994,33394
6080,199229440,0.7329275343416618,3.240766143798828,0.46388993263244627,0.010954614728689194,33370
6090,199557120,0.7320360120358402,3.3304901123046875,0.47618303298950193,0.010931873321533203,33382
6100,199884800,0.7311436346230444,3.3037525177001954,0.47184019088745116,0.010910911113023758,33360
6110,200212480,0.7302504062951819,3.3803390502929687,0.47550382614135744,0.010939428210258484,33344
6120,200540160,0.7293563312481574,3.2976795196533204,0.47727251052856445,0.010805863142013549,33368
6130,200867840,0.7284614136818531,3.3163055419921874,0.46462860107421877,0.0109529048204422,33349
6140,201195520,0.7275656578001092,3.2509422302246094,0.46640501022338865,0.010891270637512208,33363
6150,201523200,0.7266690678107032,3.3176620483398436,0.47733845710754397,0.010892844945192336,33352
6160,201850880,0.7257716479253312,3.3091060638427736,0.46921186447143554,0.010997344553470612,33350
6170,202178560,0.7248734023595879,3.2782958984375,0.48001804351806643,0.011085577309131622,33347
6180,202506240,0.7239743353329462,3.3148830413818358,0.4714816570281982,0.010895045846700669,33370
6190,202833920,0.7230744510687378,3.3697715759277345,0.4640038013458252,0.01084129884839058,33360
6200,203161600,0.7221737537941337,3.326091766357422,0.4774466037750244,0.0109576016664505,33374
6210,203489280,0.7212722477401238,3.3421680450439455,0.47029685974121094,0.010969211161136628,33351
6220,203816960,0.7203699371414969,3.3831275939941405,0.4807295799255371,0.010858310014009475,33338
6230,204144640,0.7194668262368217,3.3095836639404297,0.4681246757507324,0.010860835015773774,33370
6240,204472320,0.7185629192684256,3.324604034423828,0.4747185230255127,0.0108525350689888,33365
6250,204800000,0.7176582204823762,3.2865219116210938,0.47346014976501466,0.010991296917200088,33358
6260,205127680,0.7167527341284602,3.2822490692138673,0.4753429412841797,0.010902903228998184,33333
6270,205455360,0.715846464460164,3.327316665649414,0.4749902248382568,0.010800757259130479,33351
6280,205783040,0.7149394157346535,3.3014076232910154,0.480356502532959,0.010842134058475495,33373
6290,206110720,0.7140315922127544,3.323202896118164,0.4823023796081543,0.010868171602487564,33369
6300,206438400,0.7131229981589317,3.3272899627685546,0.48603086471557616,0.010896538943052292,33362
6310,206766080,0.7122136378412699,3.27567138671875,0.4826920986175537,0.011093948781490327,33375
6320,207093760,0.7113035155314535,3.321649932861328,0.4794626235961914,0.010903440415859222,33353
6330,207421440,0.710392635504746,3.354941177368164,0.47141256332397463,0.010769111663103103,33369
6340,207749120,0.70948100203997,3.331696701049805,0.4748251914978027,0.010877431184053422,33343
6350,208076800,0.7085686194194882,3.364197540283203,0.47945146560668944,0.010905453562736511,33362
6360,208404480,0.7076554919291816,3.3120635986328124,0.47541284561157227,0.01093743070960045,33375
6370,208732160,0.7067416238584305,3.3043903350830077,0.47397451400756835,0.010832985490560531,33362
6380,209059840,0.7058270195000943,3.365311050415039,0.47527008056640624,0.010825381428003312,33346
6390,209387520,0.7049116831504906,3.3453952789306642,0.48404707908630373,0.01092630922794342,33350
6400,209715200,0.7039956191093758,3.379322814941406,0.49432945251464844,0.010887596756219864,33347
6410,210042880,0.7030788316799246,3.367421340942383,0.4824347019195557,0.010906995832920074,33327
6420,210370560,0.7021613251687095,3.3374446868896483,0.48452000617980956,0.011054853349924088,33345
6430,210698240,0.7012431038856815,3.3925975799560546,0.47810587882995603,0.010942451655864716,33343
6440,211025920,0.7003241721441484,3.3041038513183594,0.4826046466827393,0.01092427372932434,33360
6450,211353600,0.699404534260756,3.335887145996094,0.47935009002685547,0.010774611681699752,33349
6460,211681280,0.6984841945554667,3.291268157958984,0.5164578437805176,0.011509430408477784,33346
6470,212008960,0.6975631573515402,3.2505962371826174,0.46687922477722166,0.010755641758441925,33366
6480,212336640,0.6966414269755121,3.3127468109130858,0.47747149467468264,0.010892066359519958,33346
6490,212664320,0.6957190077571747,3.3238941192626954,0.48560075759887694,0.010832065343856811,33360
6500,212992000,0.6947959040295556,3.232360076904297,0.4815164089202881,0.010898417979478835,33359
6510,213319680,0.693872120128898,3.337064743041992,0.4719401836395264,0.01086840033531189,33337
6520,213647360,0.6929476603946405,3.3268081665039064,0.4977682113647461,0.010855695605278015,33359
6530,213975040,0.6920225291693962,3.3044597625732424,0.4923279285430908,0.010923177748918534,33368
6540,214302720,0.6910967307989323,3.2413204193115233,0.48013901710510254,0.010949396342039109,33353
6550,214630400,0.6901702696321502,3.2738494873046875,0.4758135318756104,0.010872872918844223,33366
6560,214958080,0.6892431500210646,3.3111103057861326,0.48214149475097656,0.010828526318073272,33361
6570,215285760,0.6883153763207832,3.4053298950195314,0.495151424407959,0.01092614233493805,33331
6580,215613440,0.6873869528894864,3.2890132904052733,0.4816278457641602,0.01095510870218277,33371
6590,215941120,0.6864578840884065,3.340496063232422,0.48201355934143064,0.01083114892244339,33335
6600,216268800,0.6855281742818073,3.293729782104492,0.4845737457275391,0.010993751883506774,33357
6610,216596480,0.6845978278369642,3.30264892578125,0.48560585975646975,0.01112268939614296,33334
6620,216924160,0.683666849124143,3.3756542205810547,0.475032901763916,0.010798630863428115,33346
6630,217251840,0.6827352425165789,3.3050563812255858,0.4915257453918457,0.010920370370149613,33359
6640,217579520,0.6818030123904574,3.339187240600586,0.489918851852417,0.010988561809062958,33352
6650,217907200,0.6808701631248927,3.3019393920898437,0.4859222412109375,0.010955323278903962,33361
6660,218234880,0.6799366991019075,3.3152091979980467,0.49309492111206055,0.010926172137260437,33359
6670,218562560,0.6790026247064119,3.334947967529297,0.4931678295135498,0.010965070128440857,33360
6680,218890240,0.6780679443261837,3.283420944213867,0.4821260929107666,0.011017538607120514,33358
6690,219217920,0.6771326623518468,3.3142372131347657,0.4954977512359619,0.01091126650571823,33352
6700,219545600,0.6761967831768516,3.2940025329589844,0.4828463077545166,0.010988128930330276,33344
6710,219873280,0.6752603111974533,3.289242172241211,0.47816896438598633,0.010852328687906265,33329
6720,220200960,0.6743232508126922,3.3448028564453125,0.49314212799072266,0.010882499068975449,33342
6730,220528640,0.6733856064243724,3.3373355865478516,0.4998470306396484,0.010901965200901031,33356
6740,220856320,0.6724473824370414,3.213835525512695,0.47369208335876467,0.010986712574958802,33341
6750,221184000,0.6715085832579691,3.2741363525390623,0.48604273796081543,0.010982562601566315,33342
6760,221511680,0.6705692132971278,3.2892387390136717,0.5061219215393067,0.011155036091804505,33348
6770,221839360,0.6696292769671708,3.219155502319336,0.4862156867980957,0.010923991352319718,33348
6780,222167040,0.6686887786834115,3.3025802612304687,0.48883743286132814,0.01100875362753868,33331
6790,222494720,0.6677477228638038,3.310733413696289,0.4960773944854736,0.010995204001665116,33344
6800,222822400,0.6668061139289202,3.268768310546875,0.47585382461547854,0.01094038188457489,33348
6810,223150080,0.6658639563019313,3.3035743713378904,0.4866654872894287,0.010958947241306305,33337
6820,223477760,0.6649212544085855,3.3195045471191404,0.48430652618408204,0.010856303572654723,33349
6830,223805440,0.6639780126771876,3.184935760498047,0.4738298416137695,0.010951609909534454,33368
6840,224133120,0.6630342355385784,3.27892951965332,0.47931866645812987,0.010814786702394486,33353
6850,224460800,0.6620899274261136,3.2712356567382814,0.47946867942810056,0.010862527042627334,33359
6860,224788480,0.6611450927756435,3.297275924682617,0.4729985237121582,0.010898250341415405,33348
6870,225116160,0.6601997360254913,3.2971370697021483,0.4842691898345947,0.011029504984617234,33353
6880,225443840,0.659253861616433,3.236423110961914,0.4769371509552002,0.010866948962211609,33370
6890,225771520,0.6583074739916764,3.254132080078125,0.47470531463623045,0.010839085280895232,33337
6900,226099200,0.65736057759684,3.291181182861328,0.48088750839233396,0.0109736368060112,33366
6910,226426880,0.656413176879932,3.3442989349365235,0.4945658206939697,0.010890555381774903,33355
6920,226754560,0.65546527629133,3.3526432037353517,0.49133739471435545,0.010942818224430084,33359
6930,227082240,0.6545168802837597,3.299639129638672,0.5014456272125244,0.010919032990932465,33379
6940,227409920,0.6535679933122733,3.306792068481445,0.4904534339904785,0.010970304906368255,33372
6950,227737600,0.6526186198342305,3.267525863647461,0.476805305480957,0.01086079776287079,33361
6960,228065280,0.6516687643092755,3.333155059814453,0.49091811180114747,0.01077578142285347,33356
6970,228392960,0.6507184311993169,3.3145580291748047,0.4882474899291992,0.01091480851173401,33351
6980,228720640,0.6497676249685073,3.2592704772949217,0.49976015090942383,0.01101975217461586,33379
6990,229048320,0.648816350083221,3.2719661712646486,0.489107608795166,0.010774176567792892,33372
7000,229376000,0.6478646110120344,3.2564163208007812,0.4951535701751709,0.010921862721443177,33359
7010,229703680,0.6469124122257043,3.255067825317383,0.475873327255249,0.0108970507979393,33358
7020,230031360,0.6459597581971467,3.273250961303711,0.4862372875213623,0.010900846123695374,33348
7030,230359040,0.6450066534014163,3.188872146606445,0.46807565689086916,0.0110060416162014,33347
7040,230686720,0.6440531023156852,3.280462646484375,0.497037410736084,0.010918733477592469,33328
7050,231014400,0.643099109419222,3.2670257568359373,0.5029611587524414,0.011005854606628418,33369
7060,231342080,0.6421446791933706,3.2449317932128907,0.4809091091156006,0.010884395986795425,33340
7070,231669760,0.6411898161215294,3.2614391326904295,0.4816749095916748,0.010772019624710083,33359
7080,231997440,0.6402345246891296,3.245457077026367,0.6172733306884766,0.01292315572500229,33356
7090,232325120,0.6392788093836153,3.236191177368164,0.5083967208862304,0.011062759160995483,33358
7100,232652800,0.6383226746944214,3.204923629760742,0.5445100784301757,0.011877551674842834,33375
7110,232980480,0.6373661251129528,3.2023670196533205,0.49977636337280273,0.010910175740718842,33358
7120,233308160,0.6364091651325631,3.198809814453125,0.48331408500671386,0.010998710989952087,33346
7130,233635840,0.6354517992485343,3.3174781799316406,0.5062925815582275,0.010803069174289703,33362
7140,233963520,0.6344940319580545,3.2705528259277346,0.4902795314788818,0.0108516164124012,33363
7150,234291200,0.6335358677601981,3.2825523376464845,0.4924029350280762,0.010799989104270935,33361
7160,234618880,0.6325773111559034,3.271900177001953,0.4873818397521973,0.011014951765537262,33360
7170,234946560,0.631618366647952,3.2584049224853517,0.48318209648132326,0.010841096937656402,33359
7180,235274240,0.6306590387409481,3.249860382080078,0.4822716236114502,0.010854356735944749,33366
7190,235601920,0.6296993319412965,3.2658580780029296,0.4853361129760742,0.010946673154830933,33346
7200,235929600,0.6287392507571821,3.2985801696777344,0.4885098457336426,0.010862110555171967,33358
7210,236257280,0.627778799698548,3.2358627319335938,0.49213714599609376,0.010976950824260711,33377
7220,236584960,0.6268179832770756,3.2604602813720702,0.4883711814880371,0.010877390205860139,33361
7230,236912640,0.6258568060061616,3.2337081909179686,0.4993401527404785,0.010951875895261764,33362
7240,237240320,0.6248952724008985,3.2629379272460937,0.47790679931640623,0.010947854816913604,33375
7250,237568000,0.6239333869780525,3.269119644165039,0.5036768436431884,0.010967881977558136,33393
7260,237895680,0.6229711542560421,3.2338436126708983,0.48299355506896974,0.010902215540409089,33370
7270,238223360,0.6220085787549176,3.240457534790039,0.4911381244659424,0.010837619751691818,33366
7280,238551040,0.6210456649963396,3.1863418579101563,0.4853736400604248,0.01088566854596138,33386
7290,238878720,0.6200824175035572,3.240475082397461,0.48128767013549806,0.010838665813207627,33371
7300,239206400,0.6191188408013876,3.2795310974121095,0.4917152404785156,0.010988615453243256,33351
7310,239534080,0.618154939416194,3.210361862182617,0.49291329383850097,0.010947613418102265,33411
7320,239861760,0.6171907178758654,3.225026321411133,0.4843947410583496,0.010830499231815338,33372
7330,240189440,0.6162261807097943,3.2760078430175783,0.49697046279907225,0.010977406054735184,33348
7340,240517120,0.615261332448856,3.272870635986328,0.4842360973358154,0.010924442112445832,33324
7350,240844800,0.6142961776253867,3.2404159545898437,0.48891420364379884,0.010914644598960877,33338
7360,241172480,0.6133307207731634,3.242185592651367,0.48300719261169434,0.010935666412115097,33344
7370,241500160,0.6123649664273816,3.236295700073242,0.4848032474517822,0.010923976451158524,33338
7380,241827840,0.6113989191246338,3.238516998291016,0.5028717041015625,0.010888653993606567,33372
7390,242155520,0.6104325834028894,3.2365951538085938,0.48568434715270997,0.010875245928764344,33353
7400,242483200,0.6094659638014722,3.2766780853271484,0.49948716163635254,0.010882379859685898,33351
7410,242810880,0.6084990648610393,3.2332778930664063,0.48188066482543945,0.010938143730163575,33350
7420,243138560,0.6075318911235607,3.321238327026367,0.4954559803009033,0.010897991061210633,33367
7430,243466240,0.6065644471322965,3.2963085174560547,0.5065337657928467,0.01076028123497963,33382
7440,243793920,0.6055967374317768,3.3237586975097657,0.4898259162902832,0.010974893718957901,33354
7450,244121600,0.6046287665677795,3.267258071899414,0.4907520294189453,0.010877053439617156,33388
7460,244449280,0.6036605390873098,3.2495330810546874,0.4966120719909668,0.011021696776151658,33362
7470,244776960,0.6026920595385779,3.247339630126953,0.49626893997192384,0.01086849272251129,33384
7480,245104640,0.6017233324709779,3.2459415435791015,0.4904038429260254,0.010990380495786666,33375
7490,245432320,0.6007543624350674,3.1801921844482424,0.4909640312194824,0.010865123569965362,33383
7500,245760000,0.5997851539825445,3.1709819793701173,0.48912596702575684,0.010877661406993866,33390
7510,246087680,0.5988157116662278,3.195089912414551,0.48167004585266116,0.010913918167352677,33381
7520,246415360,0.5978460400400343,3.197329521179199,0.48233990669250487,0.01085541620850563,33407
7530,246743040,0.5968761436589581,3.222217559814453,0.4996641159057617,0.010967645049095153,33384
7540,247070720,0.595906027079049,3.2812084197998046,0.5037222862243652,0.010769949853420257,33374
7550,247398400,0.5949356948573915,3.2105480194091798,0.48622794151306153,0.01089014932513237,33386
7560,247726080,0.593965151552083,3.2407463073730467,0.489475679397583,0.010892781615257262,33371
7570,248053760,0.5929944017222119,3.179152488708496,0.48195853233337405,0.010912899672985078,33368
7580,248381440,0.5920234499278374,3.273198699951172,0.49804439544677737,0.010891208052635193,33372
7590,248709120,0.5910523007299672,3.2259727478027345,0.495941686630249,0.010902540385723114,33376
7600,249036800,0.5900809586905363,3.2739013671875,0.48564801216125486,0.010845468938350677,33368
7610,249364480,0.5891094283723856,3.2515525817871094,0.48790488243103025,0.010909298062324524,33373
7620,249692160,0.5881377143392402,3.284444808959961,0.48912363052368163,0.010936678946018219,33364
7630,250019840,0.5871658211556886,3.3201133728027346,0.5071588516235351,0.010850254446268082,33349
7640,250347520,0.5861937533871606,3.202266311645508,0.4928729057312012,0.010834739357233048,33361
7650,250675200,0.585221515599906,3.250547409057617,0.5024184703826904,0.01086081489920616,33376
7660,251002880,0.5842491123609734,3.183709716796875,0.5051187038421631,0.010948698222637176,33361
7670,251330560,0.5832765482381888,3.2784351348876952,0.49815592765808103,0.010953259468078614,33336
7680,251658240,0.5823038278001335,3.2426647186279296,0.5031454563140869,0.01106506735086441,33345
7690,251985920,0.5813309556161232,3.2136772155761717,0.4898665904998779,0.010892995446920396,33350
7700,252313600,0.5803579362561871,3.2420021057128907,0.4866314888000488,0.010945454984903336,33322
7710,252641280,0.5793847742910447,3.2737010955810546,0.48895988464355467,0.010918845981359481,33333
7720,252968960,0.5784114742920861,3.242864990234375,0.4934974670410156,0.010886864364147186,33348
7730,253296640,0.5774380408313496,3.1615488052368166,0.491913366317749,0.0110015869140625,33372
7740,253624320,0.5764644784815004,3.213435745239258,0.5052761554718017,0.011112460494041443,33367
7750,253952000,0.575490791815809,3.2777725219726563,0.4993605136871338,0.010913850367069244,33360
7760,254279680,0.5745169854081302,3.253614044189453,0.4899965763092041,0.010896164178848266,33367
7770,254607360,0.5735430638328811,3.182919502258301,0.5005470752716065,0.011078150570392608,33377
7780,254935040,0.5725690316650198,3.208074188232422,0.5056836605072021,0.010972624272108078,33373
7790,255262720,0.571594893480024,3.2287864685058594,0.4913367748260498,0.01106548011302948,33372
7800,255590400,0.5706206538538694,3.2523155212402344,0.5060208797454834,0.01090872585773468,33370
7810,255918080,0.5696463173630077,3.269139862060547,0.5062060356140137,0.010947846621274949,33389
7820,256245760,0.5686718885843468,3.2525428771972655,0.49942774772644044,0.010906706750392913,33387
7830,256573440,0.5676973720952269,3.2273208618164064,0.5039894104003906,0.011102695763111115,33389
7840,256901120,0.5667227724734006,3.235674285888672,0.5245087146759033,0.01115192025899887,33376
7850,257228800,0.5657480942970116,3.26593017578125,0.5071610927581787,0.010932782292366027,33385
7860,257556480,0.5647733421445715,3.24014892578125,0.4898068904876709,0.010875487327575683,33395
7870,257884160,0.5637985205949405,3.2596786499023436,0.5002717971801758,0.010954460501670838,33369
7880,258211840,0.5628236342273044,3.249730682373047,0.4936820983886719,0.010871760547161102,33405
7890,258539520,0.5618486876211529,3.2461483001708986,0.4884807109832764,0.01089642271399498,33373
7900,258867200,0.5608736853562596,3.2447277069091798,0.4916099548339844,0.010982290655374528,33396
7910,259194880,0.5598986320126588,3.2313480377197266,0.4942938804626465,0.010974012315273285,33397
7920,259522560,0.5589235321706254,3.134693717956543,0.4863133430480957,0.010905808210372925,33434
7930,259850240,0.557948390410652,3.2404685974121095,0.5021495819091797,0.010909738391637802,33395
7940,260177920,0.5569732113134289,3.230164337158203,0.49448537826538086,0.010887202620506287,33375
7950,260505600,0.5559979994598211,3.207173156738281,0.5001985549926757,0.010972956568002701,33337
7960,260833280,0.5550227594308477,3.289327621459961,0.49570484161376954,0.01094735860824585,33351
7970,261160960,0.5540474958076603,3.1663515090942385,0.4871628761291504,0.010890999436378479,33380
7980,261488640,0.5530722131715214,3.2186824798583986,0.49673781394958494,0.011041992902755737,33359
7990,261816320,0.5520969161037825,3.2200504302978517,0.5064655780792237,0.010979785025119782,33360
8000,262144000,0.551121609185863,3.2589588165283203,0.5057987213134766,0.010971800982952118,33357
8010,262471680,0.5501462969992287,3.163220024108887,0.48818345069885255,0.011006087064743042,33390
8020,262799360,0.5491709841253699,3.1736154556274414,0.49298768043518065,0.010989437252283097,33374
8030,263127040,0.5481956751457805,3.214018630981445,0.5026556968688964,0.010979942977428436,33358
8040,263454720,0.5472203746419358,3.2182907104492187,0.49291162490844725,0.010970023274421693,33393
8050,263782400,0.5462450871952715,3.1624677658081053,0.49210710525512696,0.01089664027094841,33383
8060,264110080,0.5452698173871616,3.165873908996582,0.5073182582855225,0.011147288233041763,33388
8070,264437760,0.5442945697988978,3.230744171142578,0.4905379295349121,0.010956723988056184,33384
8080,264765440,0.5433193490116667,3.232352447509766,0.4962150096893311,0.011030983924865723,33402
8090,265093120,0.5423441596065299,3.2065948486328124,0.5114848136901855,0.011041607707738876,33389
8100,265420800,0.5413690061644008,3.217620086669922,0.49725937843322754,0.011032642424106598,33399
8110,265748480,0.5403938932660243,3.2056900024414063,0.5064314842224121,0.01100592166185379,33407
8120,266076160,0.5394188254919544,3.2418155670166016,0.49577813148498534,0.01079530268907547,33380
8130,266403840,0.538443807422534,3.1923004150390626,0.4999108791351318,0.011064349114894867,33403
8140,266731520,0.5374688436378715,3.2015121459960936,0.49002227783203123,0.010940954089164734,33412
8150,267059200,0.5364939387178209,3.2424983978271484,0.489420747756958,0.010965221375226975,33385
8160,267386880,0.5355190972419597,3.1324167251586914,0.48816938400268556,0.010962340235710143,33413
8170,267714560,0.5345443237895667,3.2511363983154298,0.507840919494629,0.010905514657497405,33380
8180,268042240,0.5335696229396024,3.215016555786133,0.504889726638794,0.011044304817914963,33396
8190,268369920,0.532594999270685,3.227584457397461,0.5011639595031738,0.010937599837779999,33380
8200,268697600,0.5316204573610711,3.2757644653320312,0.5072732925415039,0.01111520677804947,33395
8210,269025280,0.5306460017886323,3.217905807495117,0.5006044864654541,0.010973699390888214,33391
8220,269352960,0.5296716371308356,3.2341968536376955,0.4905393600463867,0.01087784394621849,33403
8230,269680640,0.5286973679647203,3.187083053588867,0.5108865737915039,0.01102822795510292,33396
8240,270008320,0.5277231988668772,3.2067615509033205,0.4979110240936279,0.010951768606901169,33389
8250,270336000,0.5267491344134275,3.1861433029174804,0.5045106410980225,0.011037329584360123,33387
8260,270663680,0.5257751791799999,3.246027374267578,0.5079041004180909,0.01102587953209877,33365
8270,270991360,0.5248013377417113,3.2022624969482423,0.506447172164917,0.011044967174530029,33369
8280,271319040,0.523827614673143,3.144413375854492,0.49900426864624026,0.010896053910255433,33383
8290,271646720,0.5228540145483207,3.173046875,0.49283666610717775,0.010863762348890305,33385
8300,271974400,0.5218805419406926,3.25201301574707,0.5060815811157227,0.011000414192676545,33382
8310,272302080,0.5209072014231075,3.16553955078125,0.49324331283569334,0.010916621237993241,33408
8320,272629760,0.5199339975677946,3.2419059753417967,0.4931203842163086,0.010875479131937028,33385
8330,272957440,0.51896093494634,3.24178466796875,0.5062776565551758,0.0108517125248909,33397
8340,273285120,0.5179880181296672,3.261697769165039,0.5153863430023193,0.011108630895614624,33369
8350,273612800,0.5170152516880143,3.121733474731445,0.4975008964538574,0.011008527129888535,33408
8360,273940480,0.5160426401909136,3.20615234375,0.5083898067474365,0.011018915474414826,33375
8370,274268160,0.5150701882071689,3.233266830444336,0.5001015186309814,0.010951709747314454,33370
8380,274595840,0.514097900304835,3.222678375244141,0.4997877597808838,0.010953721404075623,33397
8390,274923520,0.5131257810511961,3.245790481567383,0.5363129615783692,0.010911522060632705,33408
8400,275251200,0.5121538350127436,3.200077438354492,0.5046173095703125,0.01106831505894661,33376
8410,275578880,0.511182066755156,3.120691680908203,0.5004676818847656,0.011029721796512603,33385
8420,275906560,0.510210480843276,3.207707977294922,0.4908010482788086,0.010921485722064972,33379
8430,276234240,0.5092390818410902,3.1870628356933595,0.509650468826294,0.011058458685874939,33376
8440,276561920,0.508267874311707,3.1766590118408202,0.5068137645721436,0.011012564599514007,33406
8450,276889600,0.5072968628173354,3.246843719482422,0.5130065441131592,0.011040881276130676,33379
8460,277217280,0.5063260519192636,3.19674129486084,0.5115813732147216,0.011039921641349792,33394
8470,277544960,0.5053554461778373,3.218211364746094,0.5040071964263916,0.011067377775907517,33358
8480,277872640,0.5043850501524388,3.16286678314209,0.49619278907775877,0.010971888899803162,33372
8490,278200320,0.5034148684014648,3.2218250274658202,0.5194733142852783,0.011077201366424561,33380
8500,278528000,0.502444905482306,3.1943777084350584,0.507120418548584,0.011078059673309326,33391
8510,278855680,0.5014751659513248,3.1788589477539064,0.5050315380096435,0.011031285673379899,33380
8520,279183360,0.5005056543638344,3.1680742263793946,0.5024065494537353,0.011012133955955506,33373
8530,279511040,0.499536375274077,3.2039093017578124,0.5042192459106445,0.010998230427503586,33380
8540,279838720,0.4985673332352031,3.153902053833008,0.4997549533843994,0.011187223345041275,33377
8550,280166400,0.49759853279924915,3.186674880981445,0.49969825744628904,0.010938704013824463,33386
8560,280494080,0.4966299785171171,3.1918867111206053,0.5065676689147949,0.01096028760075569,33372
8570,280821760,0.4956616749385523,3.1639699935913086,0.5154763221740722,0.011024875938892365,33362
8580,281149440,0.49469362661212246,3.2410358428955077,0.504087257385254,0.010804244875907898,33375
8590,281477120,0.49372583808519666,3.2492881774902345,0.5003859519958496,0.01100936159491539,33354
8600,281804800,0.4927583139039229,3.199903678894043,0.5074575424194336,0.011012202501296997,33371
8610,282132480,0.49179105861320815,3.1653568267822267,0.49791417121887205,0.011000534147024154,33372
8620,282460160,0.4908240767566955,3.2188793182373048,0.5097467422485351,0.01103801727294922,33385
8630,282787840,0.48985737287674447,3.1892494201660155,0.5035772800445557,0.011090125143527984,33375
8640,283115520,0.4888909515144081,3.209920120239258,0.515032148361206,0.011000171303749084,33387
8650,283443200,0.4879248172094126,3.1727245330810545,0.5147965431213379,0.010974928736686707,33412
8660,283770880,0.4869589745001358,3.228563690185547,0.5298246383666992,0.010943610966205598,33415
8670,284098560,0.48599342792358535,3.1961442947387697,0.5055088043212891,0.011058000475168228,33419
8680,284426240,0.48502818201537845,3.1817493438720703,0.4994711399078369,0.011027195304632188,33397
8690,284753920,0.48406324130971956,3.1812723159790037,0.5012007236480713,0.010963470488786698,33404
8700,285081600,0.4830986103393794,3.1750736236572266,0.5066569805145263,0.010925312340259553,33405
8710,285409280,0.4821342936356737,3.2312294006347657,0.5034280776977539,0.010980601608753204,33397
8720,285736960,0.4811702957284427,3.225631332397461,0.507591438293457,0.011034832894802093,33398
8730,286064640,0.48020662114602786,3.168453598022461,0.5026278495788574,0.011086496710777282,33397
8740,286392320,0.4792432744152527,3.212919235229492,0.504185676574707,0.011010677367448807,33395
8750,286720000,0.47828026006140056,3.211256408691406,0.5132273674011231,0.011086013168096542,33396
8760,287047680,0.477317582608193,3.121055030822754,0.4985677719116211,0.011019079387187958,33426
8770,287375360,0.4763552465777695,3.1977870941162108,0.504396629333496,0.010978002846240998,33393
8780,287703040,0.47539325649066544,3.1376010894775392,0.5074269771575928,0.01099715828895569,33426
8790,288030720,0.4744316168657915,3.180281066894531,0.5177506923675537,0.011037557572126388,33392
8800,288358400,0.47347033222041146,3.1728397369384767,0.5103512287139893,0.011037201434373856,33403
8810,288686080,0.47250940707012234,3.1665353775024414,0.5095170497894287,0.011137950420379638,33391
8820,289013760,0.47154884592883173,3.1397159576416014,0.5089959621429443,0.011069273203611374,33397
8830,289341440,0.4705886533087379,3.216887664794922,0.5087958335876465,0.011027297377586365,33382
8840,289669120,0.4696288337203076,3.1466510772705076,0.5039932250976562,0.011021159589290619,33400
8850,289996800,0.4686693916722554,3.159256362915039,0.5028674125671386,0.010996708273887634,33375
8860,290324480,0.46771033167152265,3.1552560806274412,0.5129703044891357,0.011111406981945038,33388
8870,290652160,0.4667516582232554,3.2192317962646486,0.5032891273498535,0.010990164428949355,33359
8880,290979840,0.46579337583078473,3.165288543701172,0.5041287899017334,0.011035283654928207,33377
8890,291307520,0.4648354889956039,3.201029586791992,0.5092738628387451,0.011040101200342179,33383
8900,291635200,0.4638780022173489,3.147060012817383,0.4999570846557617,0.010956543684005737,33387
8910,291962880,0.4629209199937757,3.1736944198608397,0.5215015888214112,0.011038973182439803,33390
8920,292290560,0.46196424682074044,3.1745380401611327,0.5083486080169678,0.011092922836542129,33394
8930,292618240,0.4610079871921775,3.119367980957031,0.5086701393127442,0.0111100472509861,33402
8940,292945920,0.4600521456000787,3.173476982116699,0.5216257572174072,0.011095414310693741,33397
8950,293273600,0.4590967265344721,3.1961942672729493,0.505548095703125,0.010963785648345947,33398
8960,293601280,0.4581417344834009,3.1253089904785156,0.508046293258667,0.01112077385187149,33408
8970,293928960,0.45718717393290287,3.1596466064453126,0.5124856948852539,0.011179429292678834,33399
8980,294256640,0.45623304936698816,3.1601070404052733,0.5103676319122314,0.010902809351682663,33384
8990,294584320,0.4552793652676195,3.159443473815918,0.5156071662902832,0.011056767404079437,33389
9000,294912000,0.4543261261146899,3.166082000732422,0.49781265258789065,0.011014986038208007,33386
9010,295239680,0.45337333638600297,3.233464813232422,0.5156464099884033,0.011060580611228943,33401
9020,295567360,0.45242100055725065,3.218553924560547,0.5146054267883301,0.011063196510076524,33393
9030,295895040,0.45146912310199294,3.2132003784179686,0.5254719734191895,0.011027396470308305,33403
9040,296222720,0.4505177084916365,3.184170150756836,0.5103654861450195,0.011072550714015961,33396
9050,296550400,0.44956676119541383,3.242700958251953,0.5195067405700684,0.011081314831972121,33391
9060,296878080,0.4486162856803626,3.19935302734375,0.5081395626068115,0.010983454436063767,33397
9070,297205760,0.44766628641130346,3.1486831665039063,0.5052601814270019,0.011050204932689666,33412
9080,297533440,0.4467167678508208,3.1177688598632813,0.5065118312835694,0.011239650845527648,33388
9090,297861120,0.44576773445924056,3.1667364120483397,0.499316930770874,0.011138822138309478,33380
9100,298188800,0.4448191906946096,3.2236400604248048,0.5282111167907715,0.011129767447710038,33396
9110,298516480,0.44387114101267466,3.1477998733520507,0.5088437557220459,0.010963764786720277,33411
9120,298844160,0.44292358986686153,3.1299604415893554,0.4973618984222412,0.010939140617847443,33395
9130,299171840,0.4419765417082546,3.140107536315918,0.5016897201538086,0.011055990308523177,33402
9140,299499520,0.4410300009855749,3.138886833190918,0.49301939010620116,0.011018861830234528,33396
9150,299827200,0.4400839721451604,3.1383604049682616,0.5042028427124023,0.011102765053510665,33390
9160,300154880,0.43913845963094367,3.1846837997436523,0.5078371047973633,0.011078289151191712,33388
9170,300482560,0.4381934678844329,3.1562700271606445,0.5117693901062011,0.011141012609004974,33397
9180,300810240,0.43724900134468936,3.1799541473388673,0.5203824996948242,0.011015553027391434,33395
9190,301137920,0.4363050644483073,3.1634599685668947,0.5079442024230957,0.011123119294643402,33377
9200,301465600,0.4353616616293928,3.2401866912841797,0.5218016147613526,0.01109759584069252,33386
9210,301793280,0.4344187973195436,3.2247169494628904,0.5242930889129639,0.011048968881368637,33379
9220,302120960,0.43347647594782734,3.1292694091796873,0.5029145240783691,0.011196929961442947,33387
9230,302448640,0.4325347019407614,3.2172687530517576,0.49803829193115234,0.011100171506404877,33397
9240,302776320,0.43159347972229234,3.17102165222168,0.5024728775024414,0.0110088549554348,33384
9250,303104000,0.43065281371377384,3.180537796020508,0.5000250816345215,0.01098698452115059,33398
9260,303431680,0.4297127083339477,3.1623580932617186,0.5183230400085449,0.011230929940938949,33397
9270,303759360,0.4287731679989216,3.1853796005249024,0.510078763961792,0.011072329431772231,33383
9280,304087040,0.4278341971221492,3.129498291015625,0.5063529014587402,0.011086114495992661,33386
9290,304414720,0.4268958001144092,3.189552116394043,0.5123459815979003,0.011111603677272796,33397
9300,304742400,0.42595798138378416,3.1847103118896483,0.5067241191864014,0.011179393529891968,33401
9310,305070080,0.4250207453356408,3.193653869628906,0.5158433437347412,0.01116757169365883,33400
9320,305397760,0.42408409637260824,3.2129871368408205,0.5170546054840088,0.011097092926502228,33399
9330,305725440,0.4231480388945583,3.1781206130981445,0.5054197788238526,0.011054150015115737,33396
9340,306053120,0.4222125772985835,3.189129447937012,0.508502721786499,0.011089092493057251,33409
9350,306380800,0.42127771597897823,3.121349906921387,0.5031512260437012,0.010963446646928787,33409
9360,306708480,0.4203434593272163,3.2000282287597654,0.5167449951171875,0.01102011650800705,33397
9370,307036160,0.4194098117319315,3.1654293060302736,0.5162734508514404,0.011115232855081559,33394
9380,307363840,0.41847677757889645,3.169322395324707,0.5221608638763428,0.011099258810281754,33386
9390,307691520,0.41754436125100236,3.2022846221923826,0.511224365234375,0.011060141772031785,33391
9400,308019200,0.416612567128238,3.147903633117676,0.5054598808288574,0.01103498339653015,33396
9410,308346880,0.41568139958766936,3.097049522399902,0.5120926856994629,0.011207899451255799,33406
9420,308674560,0.41475086300341946,3.139451789855957,0.5067274570465088,0.011117832362651825,33396
9430,309002240,0.41382096174664673,3.1253700256347656,0.510926342010498,0.011097001284360886,33385
9440,309329920,0.412891700185526,3.205431365966797,0.5205299854278564,0.011125155538320542,33385
9450,309657600,0.4119630826852264,3.128446578979492,0.5119741439819336,0.011084659397602082,33393
9460,309985280,0.41103511360789224,3.1797752380371094,0.5151654243469238,0.011063913255929947,33399
9470,310312960,0.4101077973126215,3.177584648132324,0.5083161354064941,0.011019887775182724,33380
9480,310640640,0.40918113815544555,3.0946956634521485,0.5046902656555176,0.011122900247573852,33396
9490,310968320,0.40825514048930955,3.1258520126342773,0.5017069816589356,0.011141660064458847,33385
9500,311296000,0.4073298086640508,3.160031318664551,0.5142075538635253,0.01102961078286171,33393
9510,311623680,0.4064051470263791,3.134555435180664,0.5087327480316162,0.011182191967964172,33393
9520,311951360,0.40548115991985556,3.2244754791259767,0.5298223495483398,0.01104574128985405,33402
9530,312279040,0.4045578516848737,3.117318534851074,0.5185672283172608,0.01105671152472496,33408
9540,312606720,0.40363522665863694,3.1654899597167967,0.5224267959594726,0.011143583059310912,33397
9550,312934400,0.4027132891751404,3.18214111328125,0.5234115600585938,0.011061596870422363,33410
9560,313262080,0.40179204356514864,3.1451953887939452,0.5166104793548584,0.011027884483337403,33404
9570,313589760,0.4008714941561764,3.1101545333862304,0.510386848449707,0.011093585193157196,33382
9580,313917440,0.3999516452724685,3.1195119857788085,0.5060649871826172,0.011113167554140092,33380
9590,314245120,0.39903250123497847,3.1171310424804686,0.5037924289703369,0.011043737828731536,33386
9600,314572800,0.3981140663613494,3.1796363830566405,0.5241852283477784,0.010975031554698944,33385
9610,314900480,0.3971963449658923,3.1969066619873048,0.5245585441589355,0.011097646504640579,33387
9620,315228160,0.39627934135956777,3.1310096740722657,0.5087500095367432,0.01084929034113884,33391
9630,315555840,0.3953630598499638,3.1829124450683595,0.5122677326202393,0.011152391880750656,33384
9640,315883520,0.3944475047412763,3.1846906661987306,0.5152376174926758,0.011123738437891006,33382
9650,316211200,0.3935326803342897,3.192906379699707,0.5265396118164063,0.011147475987672805,33400
9660,316538880,0.3926185909263551,3.233525848388672,0.5211140632629394,0.011052566766738891,33372
9670,316866560,0.3917052408113716,3.164275550842285,0.5346291542053223,0.011191271990537644,33381
9680,317194240,0.39079263427976507,3.1526472091674806,0.522785234451294,0.01109536960721016,33386
9690,317521920,0.389880775618469,3.1630863189697265,0.5340914249420166,0.011022603511810303,33422
9700,317849600,0.388969669110903,3.158296585083008,0.5231916427612304,0.011095143109560012,33397
9710,318177280,0.38805931903695423,3.1735549926757813,0.5349333763122559,0.011252888292074204,33404
9720,318504960,0.38714972967295613,3.1220922470092773,0.5088355064392089,0.01100699082016945,33386
9730,318832640,0.38624090529166855,3.112666893005371,0.5069290161132812,0.011040211468935014,33412
9740,319160320,0.3853328501622585,3.1213451385498048,0.5115691661834717,0.011172453314065934,33393
9750,319488000,0.38442556855027865,3.2042572021484377,0.5281073093414307,0.011137053370475769,33393
9760,319815680,0.38351906471764896,3.15555362701416,0.5204768657684327,0.011228960752487183,33393
9770,320143360,0.3826133429226348,3.172127532958984,0.5245817184448243,0.0110731340944767,33371
9780,320471040,0.38170840741982925,3.1711551666259767,0.5189548969268799,0.011064062267541886,33379
9790,320798720,0.38080426246013044,3.1319087982177733,0.5202207088470459,0.011078912019729614,33387
9800,321126400,0.379900912290724,3.0786542892456055,0.5058644771575928,0.011252638697624207,33376
9810,321454080,0.3789983611550616,3.16095027923584,0.51297926902771,0.011009930819272994,33393
9820,321781760,0.3780966132928413,3.1667816162109377,0.5125420570373536,0.01107148677110672,33397
9830,322109440,0.37719567293998824,3.1627742767333986,0.5148270130157471,0.011169188469648362,33385
9840,322437120,0.3762955443286341,3.127978706359863,0.5213370323181152,0.011105385422706605,33404
9850,322764800,0.37539623168709757,3.2214435577392577,0.5225985527038575,0.011187784373760223,33377
9860,323092480,0.37449773923986396,3.089645767211914,0.5101948738098144,0.0112016923725605,33408
9870,323420160,0.37360007120756655,3.1760154724121095,0.5162686824798584,0.011103000491857529,33370
9880,323747840,0.37270323180696474,3.143187141418457,0.5079692840576172,0.011035050451755523,33386
9890,324075520,0.3718072252509268,3.104195785522461,0.5172128677368164,0.011253973841667176,33386
9900,324403200,0.370912055748408,3.164191246032715,0.5175589084625244,0.011178761720657349,33386
9910,324730880,0.3700177275044315,3.160465621948242,0.5167518138885498,0.011015660315752029,33396
9920,325058560,0.369124244720069,3.1077804565429688,0.5047667980194092,0.011223552376031875,33383
9930,325386240,0.36823161159242057,3.123552703857422,0.5114682674407959,0.011168380081653596,33389
9940,325713920,0.3673398323145951,3.1443662643432617,0.5067648887634277,0.011109486967325211,33388
9950,326041600,0.36644891107569044,3.1717945098876954,0.5138982772827149,0.011178090423345565,33398
9960,326369280,0.3655588520607741,3.1531702041625977,0.51375412940979,0.01125866025686264,33377
9970,326696960,0.3646696594508628,3.1973264694213865,0.5183369159698487,0.011093571037054061,33388
9980,327024640,0.3637813374229041,3.138374900817871,0.5206821441650391,0.011157955229282378,33383
9990,327352320,0.36289389014975526,3.1006731033325194,0.5275783061981201,0.011212644726037979,33373
10000,327680000,0.3620073218001649,3.136922836303711,0.5253952026367188,0.01095794066786766,33378
10010,328007680,0.3611216365387533,3.1903553009033203,0.5345011711120605,0.011181589961051942,33381
10020,328335360,0.360236838525991,3.1461130142211915,0.5395942687988281,0.011095968633890152,33393
10030,328663040,0.3593529319181825,3.1753849029541015,0.5231722354888916,0.011236636340618134,33375
10040,328990720,0.35846992086744367,3.1257650375366213,0.5152554988861084,0.011072110384702682,33382
10050,329318400,0.35758780952168456,3.161722946166992,0.5365181922912597,0.011233172565698623,33382
10060,329646080,0.3567066020245879,3.1042556762695312,0.5112483501434326,0.011115220934152603,33383
10070,329973760,0.35582630251559155,3.130975532531738,0.5122060775756836,0.011197057366371155,33388
10080,330301440,0.3549469151298672,3.0752099990844726,0.5058103084564209,0.011100037395954132,33385
10090,330629120,0.3540684439983024,3.121719551086426,0.5177096366882324,0.011382143944501877,33393
10100,330956800,0.3531908932474809,3.1615455627441404,0.5274133682250977,0.011086787283420562,33397
10110,331284480,0.3523142669996624,3.1594552993774414,0.5299722671508789,0.01121595799922943,33361
10120,331612160,0.3514385693727643,3.1554004669189455,0.5279897689819336,0.011054781824350357,33392
10130,331939840,0.3505638044803414,3.1380218505859374,0.5145237922668457,0.01112545058131218,33391
10140,332267520,0.3496899764315674,3.178254318237305,0.5331857204437256,0.011220370978116989,33380
10150,332595200,0.3488170893312148,3.0951770782470702,0.5184445381164551,0.011309074610471726,33378
10160,332922880,0.34794514727963644,3.0756908416748048,0.5138777256011963,0.011061251163482666,33383
10170,333250560,0.3470741543727457,3.121084785461426,0.5213279247283935,0.011158128827810287,33378
10180,333578240,0.346204114701997,3.087187957763672,0.5257118225097657,0.011187159270048142,33397
10190,333905920,0.345335032354368,3.164294624328613,0.5323135375976562,0.0112210713326931,33373
10200,334233600,0.34446691141233793,3.102779579162598,0.515366506576538,0.011259510368108749,33382
10210,334561280,0.34359975595387116,3.0506505966186523,0.515242624282837,0.011130653321743011,33391
10220,334888960,0.3427335700523958,3.1597469329833983,0.5223771572113037,0.0111500583589077,33367
10230,335216640,0.3418683577767862,3.1841896057128904,0.522651195526123,0.0112143874168396,33367
10240,335544320,0.34100412319134277,3.1435659408569334,0.5256906032562256,0.011036637425422668,33383
10250,335872000,0.34014087035577323,3.1634931564331055,0.5136054039001465,0.011125284433364867,33361
10260,336199680,0.33927860332517384,3.190679359436035,0.5279006481170654,0.011200925707817078,33369
10270,336527360,0.3384173261500096,3.070596694946289,0.5220118522644043,0.011049184203147887,33401
10280,336855040,0.33755704287609634,3.133130645751953,0.5262012481689453,0.011079519242048263,33392
10290,337182720,0.3366977575445804,3.127490425109863,0.5200395107269287,0.011174008995294572,33369
10300,337510400,0.3358394741919212,3.1081466674804688,0.5109714984893798,0.011079341173171997,33386
10310,337838080,0.33498219684987046,3.215624237060547,0.5181948661804199,0.01120310053229332,33369
10320,338165760,0.3341259295454547,3.1804685592651367,0.521940040588379,0.01111718788743019,33366
10330,338493440,0.33327067630095575,3.1912649154663084,0.5266400337219238,0.011236503720283508,33370
10340,338821120,0.3324164411338921,3.1257381439208984,0.5198926448822021,0.011025747656822205,33397
10350,339148800,0.33156322805699956,3.1114362716674804,0.5122059345245361,0.011129574477672577,33397
10360,339476480,0.3307110410782127,3.1191686630249023,0.5160735607147217,0.011209075152873994,33367
10370,339804160,0.32985988420064666,3.1683412551879884,0.5214269161224365,0.011141549050807952,33364
10380,340131840,0.3290097614225766,3.088902473449707,0.5122039794921875,0.011254850029945373,33370
10390,340459520,0.3281606767374211,3.136452484130859,0.5255516529083252,0.011280352622270584,33370
10400,340787200,0.3273126341337218,3.1629491806030274,0.5240781784057618,0.011149461567401885,33377
10410,341114880,0.3264656375951254,3.0711936950683594,0.5167189598083496,0.01119023710489273,33365
10420,341442560,0.3256196911003647,3.0721160888671877,0.5210329532623291,0.011185616999864579,33367
10430,341770240,0.3247747986232399,3.115054702758789,0.5255753517150878,0.011173170804977418,33387
10440,342097920,0.3239309641325999,3.1549028396606444,0.5266518592834473,0.011246605217456818,33372
10450,342425600,0.3230881915923239,3.132708740234375,0.5229549884796143,0.011213406175374984,33380
10460,342753280,0.32224648496130276,3.1693492889404298,0.5314106941223145,0.01125590205192566,33377
10470,343080960,0.32140584819341994,3.134133148193359,0.5350437164306641,0.011291203647851944,33376
10480,343408640,0.3205662852375337,3.1253414154052734,0.5177316188812255,0.011213303357362748,33375
10490,343736320,0.3197278000374577,3.0938350677490236,0.522287654876709,0.011183518171310424,33380
10500,344064000,0.31889039653194307,3.076689910888672,0.526415205001831,0.011249325424432754,33392
10510,344391680,0.31805407865465946,3.0880964279174803,0.5166899204254151,0.011132560670375824,33401
10520,344719360,0.31721885033417746,3.1126888275146483,0.5224089622497559,0.011208298802375793,33374
10530,345047040,0.3163847154939489,3.117051124572754,0.5339482307434082,0.011331111192703247,33389
10540,345374720,0.3155516780522891,3.1568185806274416,0.5338470458984375,0.011185766011476517,33398
10550,345702400,0.31471974192235896,3.0741533279418944,0.5170219421386719,0.011091399937868118,33405
10560,346030080,0.313888911012145,3.1787220001220704,0.5172603607177735,0.011164362728595733,33369
10570,346357760,0.3130591892244431,3.1267499923706055,0.5165252685546875,0.011167655140161515,33383
10580,346685440,0.31223058045683816,3.143128776550293,0.5290750980377197,0.011107716709375381,33375
10590,347013120,0.3114030886016875,3.1243026733398436,0.5180682182312012,0.01119181364774704,33368
10600,347340800,0.31057671754610106,3.1004486083984375,0.5164884090423584,0.011164883524179459,33383
10610,347668480,0.30975147117192475,3.0460649490356446,0.5184408187866211,0.011215432733297347,33375
10620,347996160,0.3089273533557203,3.1862819671630858,0.5203630447387695,0.011216792464256286,33374
10630,348323840,0.3081043679687486,3.1281137466430664,0.521442985534668,0.011154603958129884,33388
10640,348651520,0.30728251887695135,3.1608860015869142,0.5392096042633057,0.011128158122301102,33404
10650,348979200,0.30646180994093186,3.101380729675293,0.5187321186065674,0.01123516708612442,33383
10660,349306880,0.3056422450159381,3.0805551528930666,0.5108407020568848,0.011106737703084946,33369
10670,349634560,0.30482382795184393,3.0672435760498047,0.5141800880432129,0.011217830330133438,33369
10680,349962240,0.3040065625931312,3.15009765625,0.5182894706726074,0.011229930818080902,33358
10690,350289920,0.30319045277887136,3.0821500778198243,0.5370214462280274,0.011450190842151643,33377
10700,350617600,0.3023755023427084,3.0936180114746095,0.5157865524291992,0.01115369275212288,33396
10710,350945280,0.3015617151128396,3.1570240020751954,0.5326606750488281,0.011331239342689514,33365
10720,351272960,0.3007490949119982,3.117230224609375,0.5303414821624756,0.011206009984016418,33371
10730,351600640,0.2999376455574358,3.153280830383301,0.514326810836792,0.011110401153564453,33375
10740,351928320,0.29912737086090346,3.1783042907714845,0.5227784156799317,0.011211532354354858,33372
10750,352256000,0.2983182746286347,3.127984809875488,0.5190718173980713,0.011252475529909134,33367
10760,352583680,0.29751036066132674,3.10546932220459,0.5365757942199707,0.011276990920305253,33373
10770,352911360,0.29670363275412404,3.142346954345703,0.5328082084655762,0.011078573018312454,33378
10780,353239040,0.2958980946965986,3.0721839904785155,0.5143307209014892,0.011154871433973312,33386
10790,353566720,0.2950937502727342,3.0687536239624023,0.5053477764129639,0.0111770361661911,33362
10800,353894400,0.2942906032609065,3.1384088516235353,0.5240400314331055,0.011286234110593795,33368
10810,354222080,0.29348865743386676,3.085037422180176,0.5131488800048828,0.01121104285120964,33356
10820,354549760,0.2926879165587243,3.0642974853515623,0.5176009654998779,0.011262089014053345,33388
10830,354877440,0.2918883843969272,3.096890449523926,0.5252038478851319,0.011198851466178893,33391
10840,355205120,0.2910900647042468,3.1258798599243165,0.5315314292907715,0.011286356300115586,33379
10850,355532800,0.29029296123075793,3.147085762023926,0.533907413482666,0.011308661848306655,33370
10860,355860480,0.2894970777208227,3.089399528503418,0.5252424240112304,0.01117173433303833,33387
10870,356188160,0.2887024179130724,3.0926891326904298,0.5213521003723145,0.011325638741254807,33394
10880,356515840,0.28790898554039035,3.1521942138671877,0.5164915084838867,0.01112872064113617,33369
10890,356843520,0.2871167843298935,3.120230865478516,0.5194169521331787,0.011276105046272277,33364
10900,357171200,0.28632581800291573,3.142497444152832,0.5346138000488281,0.01126309558749199,33394
10910,357498880,0.2855360902749904,3.0962993621826174,0.5240761280059815,0.011359648406505584,33375
10920,357826560,0.2847476048558321,3.0983692169189454,0.5217189311981201,0.011296163499355315,33380
10930,358154240,0.2839603654493199,3.1010211944580077,0.5340910911560058,0.011320409178733826,33384
10940,358481920,0.2831743757534798,3.138949966430664,0.5252739429473877,0.011217509210109711,33380
10950,358809600,0.2823896394604675,3.080387306213379,0.5483303070068359,0.011233160644769669,33382
10960,359137280,0.2816061602565507,3.1495166778564454,0.536701774597168,0.01137063130736351,33367
10970,359464960,0.2808239418220919,3.130377769470215,0.5316764831542968,0.0112892284989357,33387
10980,359792640,0.2800429878315313,3.133426856994629,0.5261272430419922,0.01128481850028038,33370
10990,360120320,0.27926330195336935,3.143569564819336,0.5320248126983642,0.011293134093284607,33383
11000,360448000,0.2784848878501499,3.13152961730957,0.5236468315124512,0.01124374270439148,33358
11010,360775680,0.2777077491784421,3.1469161987304686,0.5405691146850586,0.011492140591144562,33384
11020,361103360,0.27693188958882464,3.0991943359375,0.5247128009796143,0.011092852056026458,33394
11030,361431040,0.27615731272586685,3.0656129837036135,0.5139211654663086,0.011244890838861465,33367
11040,361758720,0.2753840222281132,3.119404983520508,0.5254099369049072,0.0111913800239563,33374
11050,362086400,0.27461202172806515,3.1438356399536134,0.5300737857818604,0.011232951283454895,33377
11060,362414080,0.27384131485216434,3.0412338256835936,0.5165681362152099,0.011294757574796676,33372
11070,362741760,0.27307190522077623,3.105544853210449,0.5259510040283203,0.01134096309542656,33369
11080,363069440,0.2723037964481719,3.087177848815918,0.519206190109253,0.011269884556531906,33384
11090,363397120,0.27153699214251215,3.1450998306274416,0.5224472045898437,0.011270349472761154,33371
11100,363724800,0.27077149590582994,3.1005630493164062,0.5174647331237793,0.011246927827596665,33367
11110,364052480,0.27000731133401334,3.11145076751709,0.5205896854400635,0.011276665329933166,33348
11120,364380160,0.2692444420167893,3.143083953857422,0.5240180015563964,0.011172044277191161,33384
11130,364707840,0.26848289153770644,3.1241016387939453,0.5282625675201416,0.01130998358130455,33355
11140,365035520,0.267722663474118,3.105990409851074,0.5367274284362793,0.011269137263298035,33374
11150,365363200,0.2669637613971651,3.113920211791992,0.5232976913452149,0.011278044432401657,33361
11160,365690880,0.2662061888717604,3.1225282669067385,0.5282447338104248,0.011282907426357269,33373
11170,366018560,0.26544994945657074,3.152262878417969,0.5216856479644776,0.011231226474046707,33375
11180,366346240,0.2646950467040012,3.128666877746582,0.5280767440795898,0.01124446913599968,33367
11190,366673920,0.26394148416017726,3.0866666793823243,0.5190495491027832,0.011362592875957488,33355
11200,367001600,0.2631892653649296,3.1169755935668944,0.5164388179779053,0.011260641366243362,33374
11210,367329280,0.26243839385177614,3.103169822692871,0.5200235366821289,0.01132553368806839,33365
11220,367656960,0.261688873147906,3.0618162155151367,0.5364009857177734,0.011252198368310928,33396
11230,367984640,0.2609407067741632,3.081953239440918,0.5372970104217529,0.01138993501663208,33397
11240,368312320,0.2601938982450296,3.075651741027832,0.5358169555664063,0.011336755007505417,33381
11250,368640000,0.2594484510686089,3.0787912368774415,0.5330188274383545,0.011331447213888169,33368
11260,368967680,0.2587043687466096,3.0852067947387694,0.522515869140625,0.011244487017393112,33364
11270,369295360,0.2579616547743293,3.1205183029174806,0.5206528663635254,0.011279786378145218,33358
11280,369623040,0.2572203126406374,3.0756364822387696,0.5265646934509277,0.011292896419763564,33375
11290,369950720,0.25648034582795914,3.1162893295288088,0.528739595413208,0.011270678043365479,33346
11300,370278400,0.2557417578122594,3.086569404602051,0.5210989952087403,0.01119954138994217,33370
11310,370606080,0.2550045520630264,3.112648773193359,0.5179051399230957,0.011279553920030595,33370
11320,370933760,0.25426873204325495,3.0534799575805662,0.518047285079956,0.011309154331684113,33390
11330,371261440,0.2535343012094305,3.053265380859375,0.5279412746429444,0.01121453121304512,33376
11340,371589120,0.25280126301151284,3.1108829498291017,0.5330502986907959,0.01130703166127205,33365
11350,371916800,0.25206962089291973,3.1218698501586912,0.5333181858062744,0.01137090176343918,33383
11360,372244480,0.2513393782905116,3.071834754943848,0.5261399269104003,0.011291910707950593,33373
11370,372572160,0.25061053863457383,3.105015754699707,0.5273766994476319,0.011225514113903046,33380
11380,372899840,0.24988310534880215,3.1171302795410156,0.5314161777496338,0.011289035528898239,33366
11390,373227520,0.24915708185028554,3.0774887084960936,0.5284581184387207,0.01127968430519104,33373
11400,373555200,0.2484324715494908,3.083260917663574,0.5270339488983155,0.011205039173364639,33379
11410,373882880,0.24770927785024613,3.022246170043945,0.5164756298065185,0.011226020008325576,33395
11420,374210560,0.24698750414972515,3.0330106735229494,0.5216618537902832,0.01118222326040268,33384
11430,374538240,0.2462671538384317,3.107171821594238,0.5312284469604492,0.011309146136045455,33359
11440,374865920,0.24554823030018252,3.0647396087646483,0.5291030406951904,0.011482183635234833,33365
11450,375193600,0.24483073691209287,3.087220001220703,0.5254593372344971,0.011323073506355285,33366
11460,375521280,0.24411467704455944,3.0999729156494142,0.5283195018768311,0.011357533186674118,33359
11470,375848960,0.24340005406124518,3.066866874694824,0.5208148956298828,0.011402362585067749,33372
11480,376176640,0.24268687131906316,3.1085412979125975,0.5228988647460937,0.011356183886528015,33364
11490,376504320,0.24197513216816144,3.1412195205688476,0.5366302967071533,0.011287025362253188,33387
11500,376832000,0.24126483995190637,3.068069648742676,0.5232036590576172,0.011431603133678437,33359
11510,377159680,0.24055599800686764,3.115235137939453,0.5284457206726074,0.011310054361820221,33345
11520,377487360,0.23984860966280222,3.0396636962890624,0.5318255424499512,0.011435731500387191,33389
11530,377815040,0.2391426782426388,3.047808837890625,0.5267350196838378,0.011327661573886871,33363
11540,378142720,0.2384382070624626,3.118899345397949,0.5334235668182373,0.01132849082350731,33375
11550,378470400,0.23773519943149887,3.1150808334350586,0.5251522541046143,0.011313184350728988,33381
11560,378798080,0.23703365865209847,3.099934959411621,0.5340090751647949,0.011265072226524352,33363
11570,379125760,0.23633358801972137,3.059743881225586,0.5295592784881592,0.011387443542480469,33375
11580,379453440,0.2356349908229217,3.0529573440551756,0.5237434387207032,0.011220784485340118,33385
11590,379781120,0.23493787034333216,3.163230133056641,0.5405199527740479,0.01135466918349266,33361
11600,380108800,0.23424222985564858,3.0523529052734375,0.5199858188629151,0.011267048120498658,33390
11610,380436480,0.23354807262761487,3.1002986907958983,0.5220437049865723,0.011250117421150207,33364
11620,380764160,0.232855401920007,3.062892723083496,0.5188597679138184,0.011336825788021088,33367
11630,381091840,0.2321642209866184,3.09103946685791,0.5325352668762207,0.011319837719202041,33380
11640,381419520,0.23147453307424415,3.079123306274414,0.5317080020904541,0.011280457675457,33384
11650,381747200,0.230786341422666,3.0841300964355467,0.5320534229278564,0.011382321268320084,33388
11660,382074880,0.2300996492646368,3.0798593521118165,0.5508518695831299,0.011482751369476319,33366
11670,382402560,0.2294144598258662,3.1148452758789062,0.5407335758209229,0.011188753694295884,33374
11680,382730240,0.2287307763250043,3.1582191467285154,0.5449524879455566,0.011516164988279343,33364
11690,383057920,0.2280486019736274,3.0982919692993165,0.5275105476379395,0.011345952004194259,33372
11700,383385600,0.22736793997622248,3.0882003784179686,0.5255554676055908,0.011354261636734008,33373
11710,383713280,0.2266887935301724,3.019534111022949,0.5178760528564453,0.011378460377454758,33376
11720,384040960,0.22601116582574088,3.0737735748291017,0.5230731010437012,0.01123783364892006,33360
11730,384368640,0.22533506004605705,3.013087272644043,0.5305960655212403,0.01133967787027359,33396
11740,384696320,0.2246604793671014,3.082634925842285,0.5262629985809326,0.011332697421312331,33381
11750,385024000,0.22398742695768986,3.0528722763061524,0.5213564872741699,0.011339613050222398,33395
11760,385351680,0.22331590597945955,3.0714899063110352,0.5297990322113038,0.011416596919298172,33390
11770,385679360,0.22264591958685376,3.1592308044433595,0.5394642353057861,0.011291830986738204,33359
11780,386007040,0.22197747092710685,3.0437761306762696,0.5222296714782715,0.011441684514284133,33375
11790,386334720,0.22131056314023037,3.085048484802246,0.527038288116455,0.011398573219776154,33370
11800,386662400,0.22064519935899696,3.0964466094970704,0.5259414196014405,0.011376799643039703,33373
11810,386990080,0.21998138270892706,3.0825082778930666,0.5302598476409912,0.01136878803372383,33377
11820,387317760,0.21931911630827294,3.0955102920532225,0.531249713897705,0.011401046067476273,33376
11830,387645440,0.21865840326800487,3.054124641418457,0.5347712516784668,0.01125539243221283,33390
11840,387973120,0.2179992466917961,3.072733688354492,0.5353130340576172,0.011436422169208527,33369
11850,388300800,0.21734164967600889,3.0704774856567383,0.5164182662963868,0.011277475208044053,33380
11860,388628480,0.2166856153096791,3.107286262512207,0.5359897136688232,0.011558379977941513,33363
11870,388956160,0.21603114667450216,3.0891834259033204,0.5311690330505371,0.01132403165102005,33353
11880,389283840,0.21537824684481896,3.1065174102783204,0.5381134033203125,0.01135137602686882,33377
11890,389611520,0.21472691888760015,3.1127267837524415,0.5361611366271972,0.011448367685079574,33379
11900,389939200,0.21407716586243347,3.0336688995361327,0.5305115699768066,0.011440199613571168,33366
11910,390266880,0.21342899082150785,3.087100601196289,0.5306017875671387,0.011380975693464279,33369
11920,390594560,0.2127823968096001,3.0552932739257814,0.5228244304656983,0.011319682747125626,33370
11930,390922240,0.21213738686406003,3.05490665435791,0.5331407070159913,0.01133829653263092,33360
11940,391249920,0.2114939640147963,3.081147384643555,0.5273658275604248,0.011257272213697433,33364
11950,391577600,0.21085213128426236,3.086638069152832,0.5292726039886475,0.011337463557720185,33362
11960,391905280,0.21021189168744198,3.0236478805541993,0.5221023559570312,0.01146891489624977,33357
11970,392232960,0.2095732482318356,3.0568613052368163,0.5296453952789306,0.011466063559055328,33374
11980,392560640,0.20893620391744544,3.0354270935058594,0.5305883884429932,0.01140163391828537,33372
11990,392888320,0.2083007617367621,3.109012985229492,0.5409157752990723,0.011345227807760238,33382
12000,393216000,0.20766692467475006,3.1352344512939454,0.5557836055755615,0.01141398400068283,33374
12010,393543680,0.207034695708834,3.0335649490356444,0.532959270477295,0.011410736292600632,33394
12020,393871360,0.20640407780888423,3.099015808105469,0.5321885108947754,0.01144694983959198,33365
12030,394199040,0.20577507393720368,3.082493209838867,0.5276074409484863,0.011380131542682647,33368
12040,394526720,0.20514768704851313,3.077641487121582,0.5273160934448242,0.01135232076048851,33375
12050,394854400,0.20452192008993753,3.0707830429077148,0.5355471611022949,0.011362779885530472,33377
12060,395182080,0.20389777600099285,3.094312858581543,0.5412818431854248,0.01124722957611084,33376
12070,395509760,0.2032752577135708,3.077241325378418,0.5337553977966308,0.011512736976146697,33373
12080,395837440,0.20265436815192675,3.1124195098876952,0.5369394779205322,0.011382317543029786,33368
12090,396165120,0.20203511023266468,3.0193801879882813,0.5268455028533936,0.011387667059898377,33376
12100,396492800,0.20141748686472444,3.063142204284668,0.5349523544311523,0.011458772420883178,33367
12110,396820480,0.20080150094936725,3.049759864807129,0.5240272521972656,0.011392395198345184,33358
12120,397148160,0.20018715538016268,3.016546630859375,0.5262331008911133,0.011278630793094635,33377
12130,397475840,0.1995744530429747,3.0930824279785156,0.5331283569335937,0.011592619866132737,33371
12140,397803520,0.1989633968159482,3.0234006881713866,0.5148103713989258,0.011440536379814148,33342
12150,398131200,0.19835398956949601,3.055863952636719,0.5273972511291504,0.01142391785979271,33369
12160,398458880,0.19774623416628423,3.0474761962890624,0.5351089000701904,0.011577054113149642,33376
12170,398786560,0.1971401334612201,3.0649423599243164,0.5459537982940674,0.011556677520275116,33375
12180,399114240,0.19653569030143775,3.055018424987793,0.549946403503418,0.011581958830356598,33371
12190,399441920,0.19593290752628495,3.0940879821777343,0.5425221920013428,0.011346498131752014,33369
12200,399769600,0.1953317879673098,3.1082748413085937,0.5350842475891113,0.01130112037062645,33370
12210,400097280,0.194732334448248,3.070392036437988,0.5211623668670654,0.011337035149335862,33373
12220,400424960,0.1941345497850086,3.0977235794067384,0.531526756286621,0.01142474338412285,33382
12230,400752640,0.19353843678566138,3.100328063964844,0.5412883758544922,0.01137312725186348,33370
12240,401080320,0.1929439982504239,3.1364767074584963,0.5437750339508056,0.0113600954413414,33366
12250,401408000,0.1923512369716472,3.045541000366211,0.5316123962402344,0.011559617519378663,33361
12260,401735680,0.19176015573380445,3.10949592590332,0.533749771118164,0.011367204785346984,33375
12270,402063360,0.191170757313476,3.025394630432129,0.5334104537963867,0.011406201869249344,33386
12280,402391040,0.19058304447933802,3.0869422912597657,0.5360138893127442,0.011413317918777467,33361
12290,402718720,0.1899970199921481,3.0836969375610352,0.536963415145874,0.011427269130945206,33374
12300,403046400,0.1894126866047332,3.0184309005737306,0.532504940032959,0.011386052519083024,33378
12310,403374080,0.1888300470619763,3.093347930908203,0.550930118560791,0.011415988206863403,33383
12320,403701760,0.18824910410080348,3.0676301956176757,0.5353133201599121,0.011488325893878937,33344
12330,404029440,0.18766986045017167,3.016532325744629,0.527931547164917,0.011397335678339005,33359
12340,404357120,0.18709231883105468,3.160420799255371,0.5494694709777832,0.011308170855045319,33376
12350,404684800,0.18651648195643172,3.1190893173217775,0.5370131015777588,0.011372600495815278,33360
12360,405012480,0.18594235253127372,3.074705696105957,0.5318662643432617,0.011347704380750657,33357
12370,405340160,0.18536993325253082,3.1162471771240234,0.543154239654541,0.011515694856643676,33366
12380,405667840,0.18479922680912014,3.0799335479736327,0.5368848323822022,0.011423920094966889,33362
12390,405995520,0.1842302358819124,3.0309885025024412,0.5420913696289062,0.011382196843624116,33368
12400,406323200,0.18366296314372033,3.0067710876464844,0.5206148147583007,0.011318296194076538,33356
12410,406650880,0.18309741125928486,3.1215641021728517,0.5408811569213867,0.011469850689172745,33359
12420,406978560,0.18253358288526406,3.104645347595215,0.5399420738220215,0.011394838243722916,33352
12430,407306240,0.18197148067021893,3.057160186767578,0.5472439289093017,0.011455592513084412,33365
12440,407633920,0.18141110725460283,3.000984954833984,0.5357422351837158,0.011586137861013413,33335
12450,407961600,0.1808524652707474,3.061080741882324,0.5390235424041748,0.011506210267543792,33372
12460,408289280,0.18029555734285163,3.066734504699707,0.529141902923584,0.011465460062026978,33380
12470,408616960,0.1797403860869683,3.0866809844970704,0.5459903717041016,0.011479353904724121,33361
12480,408944640,0.17918695411099256,3.0864065170288084,0.5350966930389405,0.011319847404956817,33372
12490,409272320,0.17863526401464913,3.0589237213134766,0.5333596229553222,0.011392142623662949,33368
12500,409600000,0.17808531838948038,3.0769834518432617,0.5447152614593506,0.011519289016723633,33365
12510,409927680,0.17753711981883438,3.0592025756835937,0.5325734138488769,0.011323583126068116,33356
12520,410255360,0.17699067087785206,3.1055299758911135,0.5378365516662598,0.011445572227239608,33354
12530,410583040,0.17644597413345592,3.0801536560058596,0.5345199584960938,0.011355537176132201,33352
12540,410910720,0.1759030321443373,3.0600013732910156,0.5265283107757568,0.011476416885852814,33356
12550,411238400,0.17536184746094474,3.040269470214844,0.5438591957092285,0.011559510231018066,33379
12560,411566080,0.17482242262547187,3.0519102096557615,0.5384049415588379,0.011518520116806031,33372
12570,411893760,0.17428476017184552,3.1540960311889648,0.5368488788604736,0.01139584332704544,33337
12580,412221440,0.17374886262571393,3.067160797119141,0.5348801612854004,0.011499600857496262,33354
12590,412549120,0.17321473250443453,3.0721960067749023,0.5391963005065918,0.011471573263406754,33368
12600,412876800,0.1726823723170628,3.0310922622680665,0.5397077083587647,0.011295713484287262,33370
12610,413204480,0.1721517845643391,3.0861949920654297,0.5416144371032715,0.011386926472187042,33380
12620,413532160,0.1716229717386789,3.067963790893555,0.539647102355957,0.011513373255729676,33343
12630,413859840,0.17109593632415931,3.0601533889770507,0.5339463710784912,0.011381135135889054,33363
12640,414187520,0.17057068079650856,3.061901092529297,0.5476942539215088,0.011496913433074952,33378
12650,414515200,0.17004720762309364,3.066610908508301,0.5311802387237549,0.011338766664266586,33360
12660,414842880,0.1695255192629091,3.0464759826660157,0.5283573627471924,0.011359956860542298,33351
12670,415170560,0.16900561816656542,3.104475212097168,0.5477375030517578,0.011467204988002777,33348
12680,415498240,0.16848750677627727,3.0170421600341797,0.537724494934082,0.01137775331735611,33377
12690,415825920,0.1679711875258528,3.0522132873535157,0.5278050422668457,0.011477155238389969,33361
12700,416153600,0.16745666284068098,3.0204721450805665,0.5311133384704589,0.011583468317985535,33385
12710,416481280,0.16694393513772138,3.0350009918212892,0.561700963973999,0.01165052056312561,33368
12720,416808960,0.16643300682549206,3.0438098907470703,0.5302728652954102,0.011418425291776658,33356
12730,417136640,0.16592388030405858,3.0334169387817385,0.5309620380401612,0.011301628500223159,33383
12740,417464320,0.16541655796502264,3.0960718154907227,0.5417498588562012,0.011384996771812438,33361
12750,417792000,0.16491104219151081,3.0627235412597655,0.5399956226348877,0.011516937613487243,33360
12760,418119680,0.16440733535816363,3.0521284103393556,0.5339722156524658,0.01143023669719696,33385
12770,418447360,0.16390543983112393,2.9995208740234376,0.527792501449585,0.011409249901771546,33379
12780,418775040,0.1634053579680263,3.0489175796508787,0.5352267742156982,0.011253839731216431,33375
12790,419102720,0.1629070921179852,3.0415586471557616,0.5324845314025879,0.011432386189699172,33373
12800,419430400,0.16241064462158505,3.0306421279907227,0.5300038814544678,0.011411526054143906,33369
12810,419758080,0.16191601781086817,2.9828500747680664,0.5192403316497802,0.011396590620279312,33364
12820,420085760,0.1614232140093247,3.0343875885009766,0.5290419101715088,0.011404094845056533,33374
12830,420413440,0.1609322355318808,3.086018753051758,0.5343386173248291,0.011481223255395889,33360
12840,420741120,0.1604430846848886,3.0433496475219726,0.5301395416259765,0.011527808755636216,33345
12850,421068800,0.15995576376611487,3.0706783294677735,0.5299769878387451,0.011422549933195114,33366
12860,421396480,0.15947027506473016,3.0863765716552733,0.536201000213623,0.011375882476568223,33373
12870,421724160,0.15898662086129878,3.0069169998168945,0.5356914520263671,0.011452364176511765,33382
12880,422051840,0.15850480342776696,3.1190584182739256,0.5406128406524658,0.011416283249855042,33376
12890,422379520,0.1580248250274533,3.110428047180176,0.5355606555938721,0.01145373061299324,33360
12900,422707200,0.1575466879150373,3.0462764739990233,0.5312742710113525,0.011498489230871201,33375
12910,423034880,0.1570703943365491,3.079702377319336,0.5303812980651855,0.01141977459192276,33358
12920,423362560,0.15659594652935896,3.0696338653564452,0.5465017795562744,0.011560454219579696,33361
12930,423690240,0.15612334672216666,3.1503837585449217,0.5488288402557373,0.01148889884352684,33346
12940,424017920,0.1556525971349913,3.042624664306641,0.5326563835144043,0.011552672088146209,33373
12950,424345600,0.15518369997916026,3.0019418716430666,0.5355671882629395,0.01147693544626236,33378
12960,424673280,0.1547166574572997,3.0542152404785154,0.5453297138214112,0.011482682079076767,33381
12970,425000960,0.15425147176332304,3.032741737365723,0.5386444568634033,0.011477056145668029,33370
12980,425328640,0.153788145082422,3.0389999389648437,0.5277959823608398,0.011496034264564515,33361
12990,425656320,0.15332667959105506,3.1016719818115233,0.5321935653686524,0.01136171594262123,33386
13000,425984000,0.1528670774569385,2.9525888442993162,0.5302495956420898,0.011477601528167725,33399
13010,426311680,0.15240934083903493,3.0198503494262696,0.5390654563903808,0.011481136083602905,33383
13020,426639360,0.15195347188754413,2.997323417663574,0.5443162441253662,0.01151229590177536,33377
13030,426967040,0.15149947274389244,3.0336694717407227,0.5373664855957031,0.011400696635246278,33355
13040,427294720,0.15104734554072283,3.112894630432129,0.538292646408081,0.011506089568138122,33352
13050,427622400,0.15059709240188512,3.0949996948242187,0.5369122982025146,0.0114913210272789,33361
13060,427950080,0.1501487154424255,3.0726499557495117,0.5454794406890869,0.011659848690032958,33352
13070,428277760,0.1497022167685772,3.0697574615478516,0.5319915294647217,0.011497107148170472,33338
13080,428605440,0.14925759847775003,3.072052574157715,0.5432779788970947,0.011553022265434264,33373
13090,428933120,0.14881486265852079,3.022945022583008,0.5409847259521484,0.011485204100608826,33360
13100,429260800,0.14837401139062345,3.108065605163574,0.5408263683319092,0.011454065889120102,33357
13110,429588480,0.14793504674493946,3.040539360046387,0.5358923435211181,0.011522975564002991,33350
13120,429916160,0.14749797078348806,2.9690067291259767,0.5352681636810303,0.011640219390392304,33357
13130,430243840,0.14706278555941604,3.071384048461914,0.5395307064056396,0.011564037203788758,33356
13140,430571520,0.14662949311698908,3.0706920623779297,0.5426933765411377,0.011456160992383956,33379
13150,430899200,0.14619809549158108,3.09777946472168,0.5397677421569824,0.011413342505693435,33353
13160,431226880,0.1457685947096655,3.08341064453125,0.5438148498535156,0.011562712490558624,33336
13170,431554560,0.14534099278880513,2.993906593322754,0.5328093051910401,0.01153843104839325,33355
13180,431882240,0.14491529173764328,3.0979942321777343,0.5452822208404541,0.011531185358762741,33340
13190,432209920,0.14449149355589372,3.099356842041016,0.5400554180145264,0.01138674169778824,33356
13200,432537600,0.14406960023433169,3.071278762817383,0.5361298084259033,0.011410212516784668,33342
13210,432865280,0.14364961375478438,2.981876754760742,0.51943359375,0.0115744449198246,33360
13220,433192960,0.1432315360901216,3.034221076965332,0.5351521968841553,0.011522442847490311,33345
13230,433520640,0.14281536920424684,3.071925735473633,0.5353870868682862,0.011490502953529358,33335
13240,433848320,0.1424011150520874,3.045170783996582,0.5320596694946289,0.01147623211145401,33360
13250,434176000,0.141988775579586,2.9850223541259764,0.5367212295532227,0.011547267436981201,33365
13260,434503680,0.14157835272369096,3.0180864334106445,0.539273738861084,0.01140095442533493,33379
13270,434831360,0.14116984841234742,3.066814994812012,0.5285135746002197,0.011531597375869751,33350
13280,435159040,0.14076326456448812,3.0602399826049806,0.5334551811218262,0.011455294489860535,33363
13290,435486720,0.14035860309002474,3.0536514282226563,0.5399635314941407,0.011397480964660645,33364
13300,435814400,0.1399558658898386,3.026378631591797,0.5262588024139404,0.011465991288423539,33363
13310,436142080,0.13955505485577163,3.015458679199219,0.5395589828491211,0.011423253268003464,33378
13320,436469760,0.13915617187061802,2.9952354431152344,0.5335114002227783,0.011536638438701629,33364
13330,436797440,0.13875921880811476,3.108213996887207,0.5462378025054931,0.011442527174949646,33366
13340,437125120,0.13836419753293316,3.091302680969238,0.5401397705078125,0.01143847182393074,33360
13350,437452800,0.13797110990066996,3.0361282348632814,0.5374041080474854,0.011522771418094635,33361
13360,437780480,0.137579957757839,3.041539764404297,0.5377931118011474,0.011514810472726822,33381
13370,438108160,0.13719074294186187,3.053615951538086,0.5401332378387451,0.011428195238113403,33373
13380,438435840,0.1368034672810598,3.1271047592163086,0.5388871192932129,0.011532870680093765,33341
13390,438763520,0.13641813259464494,3.0322298049926757,0.5358409404754638,0.01159200891852379,33332
13400,439091200,0.13603474069271163,3.0025602340698243,0.5346441268920898,0.01156446635723114,33354
13410,439418880,0.1356532933762284,3.0322635650634764,0.5440701007843017,0.011565252393484115,33369
13420,439746560,0.13527379243702872,3.0157989501953124,0.5376230716705322,0.011643538624048233,33360
13430,440074240,0.1348962396578035,3.0694265365600586,0.5478193283081054,0.011464339494705201,33356
13440,440401920,0.13452063681209184,2.9962650299072267,0.5313122272491455,0.01150706559419632,33378
13450,440729600,0.13414698566427333,3.086421775817871,0.5403516292572021,0.011464862525463105,33355
13460,441057280,0.1337752879695594,3.048634338378906,0.5476910591125488,0.011476869881153106,33375
13470,441384960,0.1334055454739853,3.078664016723633,0.5450788974761963,0.011495707184076309,33352
13480,441712640,0.13303775991440192,3.082677459716797,0.5382381916046143,0.011508052051067353,33355
13490,442040320,0.1326719330184672,2.994894027709961,0.5337693214416503,0.011565302312374116,33348
13500,442368000,0.13230806650463867,3.0484731674194334,0.5385077953338623,0.0114186592400074,33369
13510,442695680,0.13194616208216495,3.083582305908203,0.5354959011077881,0.011555752158164978,33336
13520,443023360,0.13158622145107762,3.0855100631713865,0.5452010154724121,0.011512193828821182,33372
13530,443351040,0.1312282463021836,3.0074058532714845,0.5335442066192627,0.011622942239046096,33357
13540,443678720,0.13087223831705705,3.022224998474121,0.530419921875,0.011485182493925095,33358
13550,444006400,0.13051819916803145,2.9572423934936523,0.5247039794921875,0.01143675073981285,33373
13560,444334080,0.1301661305181917,3.0577545166015625,0.5503390789031982,0.011640913039445876,33374
13570,444661760,0.12981603402136632,3.0451351165771485,0.5413399696350097,0.01156890094280243,33354
13580,444989440,0.1294679113221197,3.0207714080810546,0.5427207946777344,0.011510835587978363,33371
13590,445317120,0.12912176405574471,3.1004676818847656,0.5490867614746093,0.011471914499998093,33368
13600,445644800,0.12877759384825416,3.047280502319336,0.5386511325836182,0.011548308283090591,33364
13610,445972480,0.12843540231637426,2.9810260772705077,0.5284653663635254,0.011470763385295868,33379
13620,446300160,0.1280951910675361,3.0058351516723634,0.545681095123291,0.011494997143745422,33394
13630,446627840,0.12775696169986858,3.0088863372802734,0.5372177124023437,0.011536098271608352,33370
13640,446955520,0.12742071580219075,3.037500762939453,0.5525182723999024,0.011634419858455657,33370
13650,447283200,0.12708645495400447,3.037750816345215,0.536536979675293,0.011400697380304336,33370
13660,447610880,0.1267541807254869,3.051662635803223,0.5420347213745117,0.011471456289291382,33348
13670,447938560,0.12642389467748305,3.010052490234375,0.5516385078430176,0.011639576405286789,33354
13680,448266240,0.12609559836149858,3.0386493682861326,0.5392167568206787,0.011528510600328445,33345
13690,448593920,0.12576929331969258,2.9885089874267576,0.5288565158843994,0.01152385026216507,33343
13700,448921600,0.12544498108486998,2.9636083602905274,0.5377360820770264,0.011545000970363617,33377
13710,449249280,0.12512266318047466,3.062635040283203,0.5424859046936035,0.011487846076488496,33360
13720,449576960,0.12480234112058225,2.9976993560791017,0.5312296390533447,0.01149102821946144,33345
13730,449904640,0.12448401640989308,3.0256423950195312,0.5328437805175781,0.011577405035495758,33359
13740,450232320,0.12416769054372481,3.0302906036376953,0.5382900714874268,0.011543479561805726,33354
13750,450560000,0.12385336500800571,3.1015604019165037,0.5436991691589356,0.01156678944826126,33329
13760,450887680,0.12354104127926756,2.991414451599121,0.5513920783996582,0.011730857938528062,33367
13770,451215360,0.12323072082463879,3.0326892852783205,0.5353784084320068,0.01157459318637848,33374
13780,451543040,0.12292240510183737,3.0741579055786135,0.5407446384429931,0.011585888266563416,33354
13790,451870720,0.12261609555916432,3.072422981262207,0.525580644607544,0.011507684737443924,33340
13800,452198400,0.1223117936354966,2.9671703338623048,0.5338387012481689,0.011477640271186829,33386
13810,452526080,0.1220095007602805,3.0444919586181642,0.5419695377349854,0.011574766784906387,33371
13820,452853760,0.1217092183535248,3.083572769165039,0.5429800510406494,0.011585885286331176,33342
13830,453181440,0.12141094782579417,3.0956022262573244,0.5466031551361084,0.011586517840623856,33341
13840,453509120,0.12111469057820282,3.1058801651000976,0.5460278987884521,0.011474226415157319,33354
13850,453836800,0.12082044800240728,3.0189571380615234,0.5371052742004394,0.011630421131849289,33338
13860,454164480,0.12052822148060055,3.0463647842407227,0.5362248897552491,0.011642862856388093,33345
13870,454492160,0.12023801238550516,2.9995880126953125,0.538206672668457,0.011426126956939698,33381
13880,454819840,0.11994982208036684,3.062391662597656,0.5516889572143555,0.011657290905714036,33357
13890,455147520,0.1196636519189481,3.108056640625,0.5418358325958252,0.011505133658647537,33340
13900,455475200,0.11937950324552202,3.007987213134766,0.5338391780853271,0.011518106609582902,33361
13910,455802880,0.11909737739486582,3.011127471923828,0.5380857944488525,0.011653119325637817,33350
13920,456130560,0.1188172756922545,3.038077163696289,0.5457160949707032,0.011496791243553161,33356
13930,456458240,0.1185391994534547,3.0166036605834963,0.553091287612915,0.011542388051748276,33379
13940,456785920,0.1182631499847186,3.100230598449707,0.5476442813873291,0.011535157263278962,33345
13950,457113600,0.11798912858277767,3.0620038986206053,0.546525239944458,0.011610375344753265,33342
13960,457441280,0.11771713653483655,3.0346879959106445,0.5475542545318604,0.011589885503053666,33359
13970,457768960,0.1174471751185673,2.988911819458008,0.542188024520874,0.011646201461553573,33352
13980,458096640,0.1171792456021029,3.0535404205322267,0.5653263092041015,0.011673837155103683,33356
13990,458424320,0.11691334924403168,3.066741371154785,0.5467970371246338,0.011545672267675399,33377
14000,458752000,0.11664948729339125,2.9909412384033205,0.5344317436218262,0.011496759206056594,33346
14010,459079680,0.1163876609896627,3.08557243347168,0.5432992935180664,0.011553266644477844,33347
14020,459407360,0.11612787156276486,3.0447086334228515,0.5285279750823975,0.011593923717737199,33348
14030,459735040,0.11587012023304813,3.066524124145508,0.5400146484375,0.011510665714740752,33341
14040,460062720,0.1156144082112893,3.021173667907715,0.548090124130249,0.011598832905292511,33349
14050,460390400,0.11536073669868546,3.0633148193359374,0.5458761215209961,0.01144215390086174,33357
14060,460718080,0.11510910688684858,2.9992271423339845,0.5421276569366456,0.011666366457939148,33336
14070,461045760,0.1148595199577997,2.961033058166504,0.5290476322174072,0.011685024201869964,33360
14080,461373440,0.11461197708396349,3.0106462478637694,0.5370728969573975,0.011569996178150178,33350
14090,461701120,0.11436647942816297,3.0401988983154298,0.5430482864379883,0.011500770598649979,33346
14100,462028800,0.11412302814361354,3.0419435501098633,0.5498501300811768,0.01154377982020378,33369
14110,462356480,0.11388162437391813,3.000237464904785,0.5345414638519287,0.011688165366649628,33371
14120,462684160,0.11364226925306124,3.043229675292969,0.5476489067077637,0.011580079793930054,33353
14130,463011840,0.11340496390540424,3.057887077331543,0.5400714874267578,0.01151515319943428,33336
14140,463339520,0.1131697094456795,3.066617012023926,0.5456150531768799,0.011673415452241898,33340
14150,463667200,0.11293650697898572,3.0518957138061524,0.5446351528167724,0.011626779288053512,33348
14160,463994880,0.11270535760078214,3.0476448059082033,0.5435771465301513,0.011549951136112213,33372
14170,464322560,0.11247626239688388,3.0543310165405275,0.5340692043304444,0.011485082656145095,33345
14180,464650240,0.11224922244345657,3.009307098388672,0.5441465377807617,0.011555541306734085,33350
14190,464977920,0.1120242388070114,3.032924270629883,0.5461476802825928,0.01174735426902771,33339
14200,465305600,0.11180131254440019,3.086659622192383,0.5549251079559326,0.01168660968542099,33353
14210,465633280,0.1115804447028102,3.0272333145141603,0.5398190975189209,0.011566558480262756,33349
14220,465960960,0.11136163631975948,3.07104606628418,0.5464282512664795,0.011581715196371078,33356
14230,466288640,0.11114488842309167,3.0885103225708006,0.5656612396240235,0.011715655773878097,33359
14240,466616320,0.11093020203097147,3.0999732971191407,0.5672455787658691,0.01162058562040329,33345
14250,466944000,0.11071757815187974,2.9523807525634767,0.5364823341369629,0.011593487858772279,33362
14260,467271680,0.11050701778460868,2.9847997665405273,0.5345797538757324,0.011655011773109436,33354
14270,467599360,0.11029852191825738,3.0018852233886717,0.5411933898925781,0.011611616611480713,33372
14280,467927040,0.11009209153222692,2.984115982055664,0.5391916751861572,0.011586486548185348,33356
14290,468254720,0.1098877275962159,3.0309478759765627,0.5373321056365967,0.011592192202806472,33352
14300,468582400,0.10968543107021578,3.0369451522827147,0.5302200317382812,0.011603853106498719,33352
14310,468910080,0.10948520290450654,3.092520523071289,0.5489859580993652,0.011555402725934982,33347
14320,469237760,0.10928704403965202,3.0426763534545898,0.5552174568176269,0.011576711386442184,33363
14330,469565440,0.10909095540649572,3.0272274017333984,0.5442776679992676,0.01158357635140419,33351
14340,469893120,0.10889693792615628,3.0135927200317383,0.5447739124298095,0.011546038091182709,33351
14350,470220800,0.10870499251002304,3.0388498306274414,0.5453102111816406,0.011728823184967041,33334
14360,470548480,0.10851512005975213,3.070427131652832,0.5452948570251465,0.011556287109851838,33347
14370,470876160,0.10832732146726176,3.0418117523193358,0.5421958923339844,0.011592846363782883,33358
14380,471203840,0.10814159761472848,3.044011688232422,0.5476060390472413,0.011516539752483368,33367
14390,471531520,0.10795794937458267,3.0391407012939453,0.5365703105926514,0.011583920568227768,33329
14400,471859200,0.1077763776095048,3.0330087661743166,0.5482489109039307,0.011624069511890411,33346
14410,472186880,0.107596883172421,3.0627378463745116,0.551388168334961,0.011500659584999084,33369
14420,472514560,0.10741946690649931,3.0422019958496094,0.5374940872192383,0.011621712893247604,33345
14430,472842240,0.10724412964514562,3.063863182067871,0.5512122631072998,0.0116447314620018,33346
14440,473169920,0.10707087221199973,3.004307746887207,0.5395088195800781,0.011556591093540191,33365
14450,473497600,0.10689969542093168,3.01234130859375,0.5391448974609375,0.0115911565721035,33356
14460,473825280,0.10673060007603764,3.110867500305176,0.5467694282531739,0.011697950214147568,33341
14470,474152960,0.10656358697163638,3.0147275924682617,0.5480366706848144,0.01168041154742241,33360
14480,474480640,0.10639865689226519,3.025554084777832,0.5405299663543701,0.011613215506076812,33355
14490,474808320,0.10623581061267677,3.0279590606689455,0.5376859664916992,0.01166643649339676,33344
14500,475136000,0.10607504889783496,3.0227434158325197,0.5573052883148193,0.011578407138586044,33351
14510,475463680,0.10591637250291171,3.0067686080932616,0.544875192642212,0.011509674787521362,33352
14520,475791360,0.10575978217328301,3.0454437255859377,0.5517751693725585,0.011606082320213318,33344
14530,476119040,0.10560527864452576,3.072797393798828,0.5478203296661377,0.011500329524278641,33339
14540,476446720,0.10545286264241416,3.0061212539672852,0.5449902057647705,0.011591582000255585,33362
14550,476774400,0.10530253488291638,2.979365348815918,0.5427525043487549,0.011743378639221192,33373
14560,477102080,0.1051542960721912,3.048134994506836,0.5470320224761963,0.011633209139108657,33361
14570,477429760,0.10500814690658448,3.0052696228027345,0.5437511444091797,0.011735889315605163,33356
14580,477757440,0.10486408807262619,3.0707107543945313,0.5462978839874267,0.011633931845426559,33344
14590,478085120,0.104722120247027,2.9941856384277346,0.5417754173278808,0.011670318245887757,33365
14600,478412800,0.10458224409667521,3.027277183532715,0.5433379650115967,0.011677604168653488,33350
14610,478740480,0.10444446027863345,3.064193534851074,0.5482278823852539,0.011721255630254746,33349
14620,479068160,0.10430876944013576,3.0171810150146485,0.5569496154785156,0.011657529324293137,33367
14630,479395840,0.10417517221858452,3.0385690689086915,0.5492839813232422,0.011714337766170502,33349
14640,479723520,0.1040436692415474,3.0195966720581056,0.5462325096130372,0.011660049855709075,33363
14650,480051200,0.10391426112675443,3.0386350631713865,0.5464640617370605,0.011572771519422532,33356
14660,480378880,0.10378694848209509,3.072341728210449,0.551235580444336,0.01174517571926117,33348
14670,480706560,0.10366173190561558,3.043231964111328,0.5465204238891601,0.011636951565742492,33354
14680,481034240,0.10353861198551571,2.9944622039794924,0.5557476043701172,0.011658020317554474,33363
14690,481361920,0.10341758930014654,3.009675216674805,0.5347620010375976,0.011576034128665924,33350
14700,481689600,0.10329866441800734,3.09692497253418,0.5523230075836182,0.011535222083330155,33354
14710,482017280,0.10318183789774295,3.109971618652344,0.5574493408203125,0.01176583543419838,33369
14720,482344960,0.10306711028814143,3.0232269287109377,0.5469738006591797,0.011562103778123856,33361
14730,482672640,0.10295448212813114,3.050050163269043,0.5444484710693359,0.011693818867206574,33363
14740,483000320,0.10284395394677846,2.999846267700195,0.5461530685424805,0.011555832624435425,33360
14750,483328000,0.10273552626328514,3.0195638656616213,0.5459552764892578,0.011620724946260453,33370
14760,483655680,0.10262919958698588,2.9916254043579102,0.5378973007202148,0.011492092907428742,33385
14770,483983360,0.10252497441734616,2.967154121398926,0.5510597705841065,0.011818775534629821,33372
14780,484311040,0.10242285124395946,3.0335466384887697,0.5406477451324463,0.011631014198064804,33350
14790,484638720,0.10232283054654547,3.069477844238281,0.5521472930908203,0.011698313057422638,33339
14800,484966400,0.10222491279494736,3.052972412109375,0.5449334144592285,0.01162937879562378,33354
14810,485294080,0.10212909844913001,3.0554082870483397,0.5570048332214356,0.011713343858718871,33371
14820,485621760,0.10203538795917738,3.0196510314941407,0.5453376293182373,0.011573023349046706,33356
14830,485949440,0.101943781765291,2.991185188293457,0.544043779373169,0.011520583182573318,33351
14840,486277120,0.10185428029778715,2.931521415710449,0.5429183959960937,0.011711504310369492,33374
14850,486604800,0.1017668839770955,3.0248483657836913,0.5406490325927734,0.011673656851053238,33354
14860,486932480,0.10168159321375685,3.0434711456298826,0.554166316986084,0.011678128689527511,33367
14870,487260160,0.10159840840842116,2.9966779708862306,0.5455746173858642,0.011681707203388214,33345
14880,487587840,0.1015173299518458,2.970216178894043,0.5383790016174317,0.011746449768543244,33363
14890,487915520,0.10143835822489358,3.054179000854492,0.5560771942138671,0.011728467047214508,33350
14900,488243200,0.10136149359853108,3.0156581878662108,0.542842960357666,0.011587133258581161,33342
14910,488570880,0.10128673643382681,2.933186721801758,0.5405667304992676,0.011619383096694946,33373
14920,488898560,0.10121408708194966,3.0328746795654298,0.5441779136657715,0.011688220500946044,33355
14930,489226240,0.10114354588416707,3.0197982788085938,0.5419740676879883,0.011654306948184968,33357
14940,489553920,0.1010751131718435,2.9713857650756834,0.5458725929260254,0.011524543911218644,33380
14950,489881600,0.10100878926643891,3.0186283111572267,0.5401347637176513,0.011618229001760483,33351
14960,490209280,0.1009445744795073,2.9482547760009767,0.5409630298614502,0.011534525454044342,33362
14970,490536960,0.10088246911269502,3.0113798141479493,0.5528898715972901,0.011635636538267135,33358
14980,490864640,0.1008224734577396,3.0593469619750975,0.5517606735229492,0.011729739606380463,33340
14990,491192320,0.10076458779646827,3.0674713134765623,0.5596058368682861,0.011768068373203277,33356
15000,491520000,0.10070881240079659,3.023991012573242,0.5535573959350586,0.011611229926347732,33382
15010,491847680,0.10065514753272739,3.019660758972168,0.5516862869262695,0.011730330437421799,33354
15020,492175360,0.10060359344434912,3.024844741821289,0.6529069423675538,0.013073399662971497,33349
15030,492503040,0.10055415037783517,3.045098876953125,0.5497618198394776,0.011644204705953598,33355
15040,492830720,0.10050681856544236,3.046199989318848,0.5575469493865967,0.011622308939695358,33363
15050,493158400,0.10046159822951001,3.020214080810547,0.5564542770385742,0.011852558702230453,33367
15060,493486080,0.10041848958245882,2.955630302429199,0.5365184783935547,0.01161050945520401,33361
15070,493813760,0.10037749282679005,3.0540163040161135,0.5539125919342041,0.011816585808992386,33356
15080,494141440,0.10033860815508432,3.0741504669189452,0.5606774806976318,0.011542663723230363,33359
15090,494469120,0.10030183575000079,3.0390220642089845,0.5523471832275391,0.011667225509881973,33344
15100,494796800,0.10026717578427634,3.0315841674804687,0.5505503654479981,0.011615563929080964,33362
15110,495124480,0.10023462842072489,3.018874931335449,0.5544116497039795,0.011776766926050185,33361
15120,495452160,0.1002041938122364,3.1276330947875977,0.564357328414917,0.011608162522315979,33340
15130,495779840,0.10017587210177614,3.0213390350341798,0.5511576175689697,0.011717124283313752,33361
15140,496107520,0.10014966342238431,3.0461685180664064,0.5567710399627686,0.0117782823741436,33342
15150,496435200,0.10012556789717511,3.0684072494506838,0.5554224014282226,0.01170840710401535,33350
15160,496762880,0.1001035856393363,3.0052955627441404,0.5477371215820312,0.011696051061153411,33364
15170,497090560,0.1000837167521287,3.0387605667114257,0.5437825679779053,0.01175851672887802,33352
15180,497418240,0.10006596132888562,3.0008567810058593,0.5410196781158447,0.011642763018608093,33341
15190,497745920,0.10005031945301247,2.9922080993652345,0.5412293434143066,0.011747224628925324,33354
15200,498073600,0.10003679119798632,3.0512786865234376,0.5538638591766357,0.011560068279504777,33364
15210,498401280,0.10002537662735562,3.003970909118652,0.5455264568328857,0.011627142876386642,33369
15220,498728960,0.1000160757947399,2.9999866485595703,0.5502731323242187,0.011894923448562623,33366
15230,499056640,0.10000888874382939,3.0295989990234373,0.5606393814086914,0.01173911914229393,33380
15240,499384320,0.100003815508385,3.0446001052856446,0.5543524265289307,0.011654823273420333,33374
15250,499712000,0.10000085611223805,3.017227554321289,0.5432993412017822,0.01168173849582672,33346
15258,499974144,0.1000000105692902,3.008552074432373,0.5493105053901672,0.011769131757318974,33355
