step,tokens,lr_mult,loss,grad_norm,value_grad_norm,tok_s
10,327680,0.01310615989515072,10.797966766357423,7.322897338867188,0.03160010874271393,55836
20,655360,0.02621231979030144,10.447968292236329,4.273417663574219,0.017433001101016997,62687
30,983040,0.039318479685452164,10.192394256591797,2.3085832595825195,0.011192800849676133,62627
40,1310720,0.05242463958060288,10.050289154052734,1.9658309936523437,0.009899509698152542,62738
50,1638400,0.0655307994757536,9.849656677246093,1.9804058074951172,0.01016848087310791,63049
60,1966080,0.07863695937090433,9.641010284423828,2.7616981506347655,0.01304057240486145,63152
70,2293760,0.09174311926605505,9.435824584960937,1.9043075561523437,0.011838242411613464,63588
80,2621440,0.10484927916120576,9.21566162109375,1.9244077682495118,0.01125849485397339,63884
90,2949120,0.11795543905635648,8.987681579589843,1.7681108474731446,0.011294412612915038,63948
100,3276800,0.1310615989515072,8.727716064453125,1.886115264892578,0.01309307962656021,63978
110,3604480,0.14416775884665792,8.501095581054688,1.8899791717529297,0.013629519939422607,63869
120,3932160,0.15727391874180865,8.263885498046875,1.670048141479492,0.014088328182697295,63945
130,4259840,0.17038007863695936,8.009677124023437,1.6642023086547852,0.013957564532756806,64026
140,4587520,0.1834862385321101,7.812239074707032,1.4063860893249511,0.015117263793945313,64115
150,4915200,0.1965923984272608,7.619150543212891,1.5515470504760742,0.01772822141647339,64126
160,5242880,0.20969855832241152,7.458202362060547,1.1242132186889648,0.015915027260780333,64161
170,5570560,0.22280471821756226,7.30553970336914,0.961854076385498,0.017547067999839783,64129
180,5898240,0.23591087811271297,7.174140930175781,0.9144142150878907,0.018445250391960145,64087
190,6225920,0.2490170380078637,7.092960357666016,0.9483538627624511,0.019611474871635438,64025
200,6553600,0.2621231979030144,6.993182373046875,1.149319553375244,0.023858386278152465,64066
210,6881280,0.27522935779816515,6.892927551269532,0.9149109840393066,0.02268802672624588,64248
220,7208960,0.28833551769331583,6.820913696289063,0.9576617240905761,0.023053118586540224,64331
230,7536640,0.30144167758846657,6.704615783691406,0.9922794342041016,0.025068557262420653,64348
240,7864320,0.3145478374836173,6.694166564941407,1.0397233963012695,0.025258663296699523,64352
250,8192000,0.32765399737876805,6.576304626464844,0.883033275604248,0.024596874415874482,64380
260,8519680,0.34076015727391873,6.5639900207519535,1.0962465286254883,0.028682243824005128,64344
270,8847360,0.35386631716906947,6.453558349609375,0.9867416381835937,0.027969545125961302,64397
280,9175040,0.3669724770642202,6.414521789550781,0.837042236328125,0.025563231110572814,64401
290,9502720,0.3800786369593709,6.354839324951172,0.8880834579467773,0.026199376583099364,64331
300,9830400,0.3931847968545216,6.33015251159668,0.9098109245300293,0.02609885632991791,64330
310,10158080,0.40629095674967236,6.244792175292969,0.8053110122680665,0.024406448006629944,64285
320,10485760,0.41939711664482304,6.226630401611328,0.8801704406738281,0.026041078567504882,64326
330,10813440,0.4325032765399738,6.230676651000977,0.9808379173278808,0.02797356843948364,64355
340,11141120,0.4456094364351245,6.1510063171386715,0.9620193481445313,0.027178096771240234,64316
350,11468800,0.45871559633027525,6.09101448059082,0.9324971199035644,0.02641577124595642,64313
360,11796480,0.47182175622542594,6.067129135131836,0.9376803398132324,0.026077020168304443,64314
370,12124160,0.4849279161205767,6.004716110229492,0.8519721984863281,0.025523561239242553,64302
380,12451840,0.4980340760157274,5.97839126586914,0.8556873321533203,0.025794953107833862,64308
390,12779520,0.5111402359108781,5.954882431030273,0.8664042472839355,0.026212209463119508,64306
400,13107200,0.5242463958060288,5.937240219116211,0.7775601863861084,0.02398528903722763,64257
410,13434880,0.5373525557011796,5.883068084716797,0.8241562843322754,0.025247091054916383,64261
420,13762560,0.5504587155963303,5.853227233886718,0.8276116371154785,0.024701668322086333,64265
430,14090240,0.563564875491481,5.787228012084961,0.8048259735107421,0.02525284290313721,64263
440,14417920,0.5766710353866317,5.826841354370117,0.8798754692077637,0.025777244567871095,64234
450,14745600,0.5897771952817824,5.718309783935547,0.8371228218078614,0.024780642986297608,64208
460,15073280,0.6028833551769331,5.626045227050781,0.7803976535797119,0.02408664524555206,64272
470,15400960,0.6159895150720839,5.674842834472656,0.8060627937316894,0.024730263650417326,64231
480,15728640,0.6290956749672346,5.595873260498047,0.8570359230041504,0.025348231196403503,64263
490,16056320,0.6422018348623854,5.6772514343261715,0.817471694946289,0.023735840618610383,64222
500,16384000,0.6553079947575361,5.62603988647461,0.7643145084381103,0.022890929877758027,64218
510,16711680,0.6684141546526867,5.567533874511719,0.7675707817077637,0.0228575736284256,64234
520,17039360,0.6815203145478375,5.57007942199707,0.8193977355957032,0.02444484978914261,64250
530,17367040,0.6946264744429882,5.537493896484375,0.8044428825378418,0.0241259902715683,64213
540,17694720,0.7077326343381389,5.520320892333984,0.7853280067443847,0.023246341943740846,64222
550,18022400,0.7208387942332897,5.424383163452148,0.7056548118591308,0.022511079907417297,64128
560,18350080,0.7339449541284404,5.468416595458985,0.8184826850891114,0.02342233955860138,64190
570,18677760,0.747051114023591,5.381390380859375,0.8049811363220215,0.02426866292953491,64203
580,19005440,0.7601572739187418,5.408027267456054,0.7167459964752197,0.022239887714385988,64235
590,19333120,0.7732634338138925,5.407886505126953,0.7008164882659912,0.021607740223407744,64122
600,19660800,0.7863695937090432,5.333154678344727,0.748715877532959,0.022629649937152864,64202
610,19988480,0.799475753604194,5.357167434692383,0.7189005851745606,0.0211877703666687,64137
620,20316160,0.8125819134993447,5.292162704467773,0.6716480731964112,0.02098981589078903,64227
630,20643840,0.8256880733944955,5.252708816528321,0.6793930053710937,0.021454355120658873,64261
640,20971520,0.8387942332896461,5.291019439697266,0.7317591667175293,0.02086850255727768,64273
650,21299200,0.8519003931847968,5.2759849548339846,0.6901869297027587,0.020986613631248475,64247
660,21626880,0.8650065530799476,5.306153869628906,0.7139737606048584,0.02011711001396179,64231
670,21954560,0.8781127129750983,5.259604644775391,0.7044446468353271,0.020624786615371704,64251
680,22282240,0.891218872870249,5.223099136352539,0.7167375564575196,0.0200068399310112,64204
690,22609920,0.9043250327653998,5.179221343994141,0.6783170223236084,0.01944570243358612,64209
700,22937600,0.9174311926605505,5.171072769165039,0.9255541801452637,0.021763926744461058,64239
710,23265280,0.9305373525557011,5.147375106811523,0.8282413482666016,0.020715567469596862,64232
720,23592960,0.9436435124508519,5.103224563598633,0.632346773147583,0.018917661905288697,64160
730,23920640,0.9567496723460026,5.1246498107910154,0.6376471042633056,0.019239617884159087,64190
740,24248320,0.9698558322411533,5.175985336303711,0.6864037036895752,0.019560453295707703,64176
750,24576000,0.9829619921363041,5.10809097290039,0.6744016170501709,0.0196553111076355,64190
760,24903680,0.9960681520314548,5.082075881958008,0.6690765380859375,0.019263292849063873,64237
770,25231360,0.999999619505605,5.013895034790039,0.6149160861968994,0.018114350736141205,64149
780,25559040,0.9999972942644099,5.058379745483398,0.5939414501190186,0.01787397265434265,64198
790,25886720,0.9999928551787042,4.963908767700195,0.62397780418396,0.019229605793952942,64188
800,26214400,0.9999863022693405,4.985442352294922,0.6614428997039795,0.018732085824012756,64207
810,26542080,0.9999776355671006,4.994520950317383,0.6457152366638184,0.017622172832489014,64167
820,26869760,0.999966855112696,4.901191329956054,0.5745441913604736,0.01745617389678955,64130
830,27197440,0.9999539609567677,4.967265701293945,0.6091385364532471,0.017512014508247374,64185
840,27525120,0.9999389531598855,4.949473190307617,0.5853166103363037,0.017131134867668152,64147
850,27852800,0.9999218317925475,4.8415985107421875,0.5894152164459229,0.01729414761066437,64138
860,28180480,0.9999025969351808,4.865594100952149,0.6986424446105957,0.01904689073562622,64124
870,28508160,0.9998812486781407,4.850860214233398,0.6800960063934326,0.018255144357681274,64096
880,28835840,0.9998577871217097,4.849666595458984,0.6020212650299073,0.016567304730415344,64103
890,29163520,0.9998322123760972,4.8005931854248045,0.6154416561126709,0.016931475698947908,64091
900,29491200,0.9998045245614399,4.8425544738769535,0.5963814735412598,0.016307967901229858,64049
910,29818880,0.9997747238078001,4.782762145996093,0.5964571475982666,0.016029641032218933,64073
920,30146560,0.9997428102551656,4.747445297241211,0.5593650817871094,0.01619969755411148,64030
930,30474240,0.9997087840534492,4.701620101928711,0.6703908920288086,0.018373730778694152,64076
940,30801920,0.9996726453624875,4.777682495117188,0.5951474666595459,0.016100044548511504,64065
950,31129600,0.9996343943520406,4.794697570800781,0.5787270069122314,0.015400414168834687,64062
960,31457280,0.9995940312017911,4.704586791992187,0.55442795753479,0.015435047447681427,64043
970,31784960,0.9995515561013435,4.663860321044922,0.5760030746459961,0.016431888937950133,64039
980,32112640,0.9995069692502226,4.7076576232910154,0.5856215476989746,0.01580739617347717,64057
990,32440320,0.9994602708578736,4.622546768188476,0.5519665241241455,0.015419957041740418,63986
1000,32768000,0.9994114611436603,4.580009460449219,0.5583312034606933,0.015456666052341462,64004
1010,33095680,0.9993605403368643,4.576932144165039,0.5546685218811035,0.015224744379520417,63945
1020,33423360,0.9993075086766843,4.520761108398437,0.5752084255218506,0.01540348082780838,63996
1030,33751040,0.999252366412234,4.504574203491211,0.5750840663909912,0.015613618493080138,63974
1040,34078720,0.9991951138025426,4.539492797851563,0.5982781887054444,0.015828973054885863,63933
1050,34406400,0.9991357511165514,4.513401031494141,0.5754853248596191,0.01547263264656067,63943
1060,34734080,0.9990742786331146,4.523250961303711,0.539825439453125,0.015087805688381195,63931
1070,35061760,0.9990106966409968,4.544081115722657,0.5386351585388184,0.014688679575920105,63907
1080,35389440,0.9989450054388717,4.444245147705078,0.5631292343139649,0.014857229590415955,63924
1090,35717120,0.9988772053353212,4.473879623413086,0.5486108779907226,0.01495128720998764,63884
1100,36044800,0.9988072966488337,4.487412643432617,0.5838172435760498,0.015099824965000152,63912
1110,36372480,0.9987352797078023,4.455319213867187,0.5282260417938233,0.014509016275405883,63865
1120,36700160,0.998661154850524,4.460588455200195,0.542293930053711,0.014504233002662658,63924
1130,37027840,0.9985849224251971,4.455580139160157,0.5310561180114746,0.014477966725826264,63900
1140,37355520,0.9985065827899208,4.427009201049804,0.5402275085449219,0.0143676295876503,63905
1150,37683200,0.998426136312692,4.395000839233399,0.5540727615356446,0.014501242339611054,63902
1160,38010880,0.9983435833714049,4.352947235107422,0.5173427104949951,0.01446143388748169,63868
1170,38338560,0.998258924353849,4.352200698852539,0.5437149047851563,0.01432870477437973,63877
1180,38666240,0.9981721596577064,4.404451370239258,0.5553377151489258,0.014343085885047912,63874
1190,38993920,0.9980832896905512,4.2699432373046875,0.5175718784332275,0.014484944939613342,63831
1200,39321600,0.9979923148698461,4.258745574951172,0.49913973808288575,0.014199230074882507,63844
1210,39649280,0.9978992356229419,4.326762008666992,0.5221658706665039,0.014114576578140258,63798
1220,39976960,0.9978040523870747,4.3040008544921875,0.5502185344696044,0.014479543268680572,63838
1230,40304640,0.9977067656093641,4.278475952148438,0.538728666305542,0.014248041808605194,63805
1240,40632320,0.9976073757468108,4.261812210083008,0.5384725570678711,0.01417584866285324,63781
1250,40960000,0.9975058832662946,4.289258193969727,0.5368874073028564,0.014185191690921783,63816
1260,41287680,0.9974022886445727,4.311105728149414,0.5814488887786865,0.01520530879497528,63833
1270,41615360,0.9972965923682765,4.280109024047851,0.5085407257080078,0.013825662434101105,63826
1280,41943040,0.9971887949339102,4.261884689331055,0.5817519187927246,0.015090656280517579,63808
1290,42270720,0.9970788968478482,4.269557952880859,0.5308711051940918,0.01413857638835907,63811
1300,42598400,0.996966898626332,4.261463165283203,0.5215564250946045,0.013851271569728851,63800
1310,42926080,0.9968528007954691,4.233664321899414,0.52064208984375,0.013864004611968994,63790
1320,43253760,0.9967366038912294,4.165353012084961,0.5280366897583008,0.013941961526870727,63756
1330,43581440,0.9966183084594433,4.287776184082031,0.522373628616333,0.013765630125999451,63763
1340,43909120,0.996497915055799,4.240416717529297,0.7582719802856446,0.014377409219741821,63751
1350,44236800,0.9963754242458397,4.19317512512207,0.7958437919616699,0.014122897386550903,63755
1360,44564480,0.9962508366049612,4.2196086883544925,0.552879524230957,0.013611923158168792,63723
1370,44892160,0.9961241527184089,4.145169448852539,0.4912895202636719,0.013619206845760345,63724
1380,45219840,0.9959953731812754,4.201045227050781,0.5083827495574951,0.013508497178554535,63768
1390,45547520,0.9958644985984976,4.180179214477539,0.8189897537231445,0.01457420140504837,63721
1400,45875200,0.9957315295848536,4.186979675292969,0.5285537242889404,0.013643291592597962,63743
1410,46202880,0.99559646676496,4.138252258300781,0.49811177253723143,0.013384327292442322,63713
1420,46530560,0.9954593107732691,4.132543563842773,0.5040654182434082,0.013911561667919159,63733
1430,46858240,0.9953200622540659,4.122885513305664,0.6040142059326172,0.014624202251434326,63695
1440,47185920,0.9951787218614647,4.136727142333984,0.5374823093414307,0.014007602632045747,63726
1450,47513600,0.9950352902594064,4.120320892333984,0.4969062328338623,0.013350570201873779,63682
1460,47841280,0.9948897681216552,4.13238296508789,0.5286214828491211,0.014121918380260468,63704
1470,48168960,0.9947421561317958,4.095815658569336,0.5195804595947265,0.013672572374343873,63645
1480,48496640,0.9945924549832297,4.138874053955078,0.5059774875640869,0.013523823022842408,63672
1490,48824320,0.9944406653791718,4.204683685302735,0.5110106468200684,0.01330989897251129,63674
1500,49152000,0.994286788032648,4.081042861938476,0.5180079936981201,0.013762441277503968,63652
1510,49479680,0.9941308236664911,4.09102783203125,0.5202253341674805,0.013434836268424987,63645
1520,49807360,0.9939727730133375,4.073101043701172,0.5059175014495849,0.01378462016582489,63630
1530,50135040,0.9938126368156238,4.003601455688477,0.48336257934570315,0.013566461205482484,63622
1540,50462720,0.9936504158255838,4.109394073486328,0.48612141609191895,0.013261789083480835,63617
1550,50790400,0.9934861108052436,3.982685089111328,0.49639644622802737,0.013406610488891602,63617
1560,51118080,0.9933197225264201,4.0476936340332035,0.4733613967895508,0.013142630457878113,63597
1570,51445760,0.9931512517707154,4.105730819702148,0.5091451644897461,0.013139164447784424,63646
1580,51773440,0.9929806993295143,4.018910980224609,0.468551778793335,0.012968783080577851,63626
1590,52101120,0.99280806600398,4.032960891723633,0.505408525466919,0.013250039517879486,63613
1600,52428800,0.9926333526050509,4.077251815795899,0.5093639850616455,0.013219234347343446,63629
1610,52756480,0.9924565599534364,4.0107177734375,0.506842041015625,0.013256478309631347,63605
1620,53084160,0.9922776888796125,4.062396621704101,0.4960497856140137,0.013199616968631745,63616
1630,53411840,0.9920967402238197,4.073288345336914,0.5024427890777587,0.013324953615665436,63580
1640,53739520,0.9919137148360565,4.019997406005859,0.4843128681182861,0.013182613253593444,63607
1650,54067200,0.9917286135760778,4.004925155639649,0.49316720962524413,0.013057683408260346,63588
1660,54394880,0.9915414373133894,3.952157211303711,0.49151110649108887,0.01318102926015854,63575
1670,54722560,0.9913521869272444,3.9796627044677733,0.4957857131958008,0.013097099959850311,63581
1680,55050240,0.991160863306639,3.985704803466797,0.4918676376342773,0.013088086247444152,63540
1690,55377920,0.9909674673503083,3.9669910430908204,0.4792426109313965,0.013066363334655762,63559
1700,55705600,0.9907719999667222,4.060525131225586,0.48281545639038087,0.012901714444160462,63543
1710,56033280,0.990574462074081,4.004892730712891,0.48066129684448244,0.013043741881847381,63523
1720,56360960,0.9903748546003112,4.020000839233399,0.48761858940124514,0.012971560657024383,63534
1730,56688640,0.9901731784830609,3.990953063964844,0.506105375289917,0.013062988221645356,63536
1740,57016320,0.9899694346696959,3.9600433349609374,0.4836575031280518,0.012781469523906708,63545
1750,57344000,0.9897636241172943,3.997200775146484,0.48857941627502444,0.012827767431735993,63523
1760,57671680,0.9895557477926437,4.0088848114013675,0.5371855735778809,0.013488639891147614,63518
1770,57999360,0.9893458066722344,3.973772430419922,0.5022312641143799,0.012919686734676361,63522
1780,58327040,0.9891338017422565,3.957429885864258,0.4658695697784424,0.012905876338481902,63541
1790,58654720,0.988919733998595,3.9583461761474608,0.5024077415466308,0.01342148780822754,63532
1800,58982400,0.9887036044468247,3.9932979583740233,0.48009538650512695,0.012868203222751617,63556
1810,59310080,0.9884854141022056,3.9267677307128905,0.49163665771484377,0.01333594173192978,63462
1820,59637760,0.9882651639896781,3.945712661743164,0.5073069095611572,0.012981171905994415,63533
1830,59965440,0.9880428551438585,3.9754329681396485,0.4924741268157959,0.013182879984378814,63522
1840,60293120,0.9878184886090338,3.903512954711914,0.5842031478881836,0.01367870569229126,63514
1850,60620800,0.9875920654391568,3.91131477355957,0.5381527900695801,0.013099846243858338,63517
1860,60948480,0.9873635866978416,3.9634330749511717,0.48273353576660155,0.012937831878662109,63492
1870,61276160,0.987133053458358,4.020163345336914,0.46468563079833985,0.012870681285858155,63459
1880,61603840,0.9869004668036266,3.94168701171875,0.4978968143463135,0.012827152013778686,63475
1890,61931520,0.9866658278262145,3.9018653869628905,0.48462562561035155,0.013029032945632934,63480
1900,62259200,0.9864291376283284,3.888386917114258,0.46824331283569337,0.012719899415969849,63471
1910,62586880,0.9861903973218116,3.9289649963378905,0.47361078262329104,0.012780216336250306,63397
1920,62914560,0.9859496080281371,3.900971603393555,0.4811879634857178,0.012835311889648437,63450
1930,63242240,0.9857067708784032,3.8413745880126955,0.4703363418579102,0.012818871438503266,63456
1940,63569920,0.9854618870133276,3.879985046386719,0.456976318359375,0.012852632999420166,63417
1950,63897600,0.9852149575832427,3.8500572204589845,0.4821337699890137,0.012799948453903198,63457
1960,64225280,0.9849659837480899,3.8617488861083986,0.48590593338012694,0.012759602069854737,63430
1970,64552960,0.9847149666774135,3.8977542877197267,0.472029447555542,0.012826430797576904,63433
1980,64880640,0.9844619075503569,3.8762134552001952,0.4806471347808838,0.012823164463043213,63430
1990,65208320,0.9842068075556548,3.8636322021484375,0.49390468597412107,0.013269846141338349,63400
2000,65536000,0.9839496678916297,3.845083236694336,0.4720618724822998,0.012885813415050507,63414
2010,65863680,0.9836904897661849,3.8332355499267576,0.473300838470459,0.012644527852535248,63429
2020,66191360,0.9834292743967993,3.8512802124023438,0.4557136058807373,0.012667320668697357,63402
2030,66519040,0.9831660230105219,3.8639366149902346,0.4758310317993164,0.012924008071422577,63425
2040,66846720,0.9829007368439657,3.883684539794922,0.482301664352417,0.012681752443313599,63426
2050,67174400,0.9826334171433019,3.859783935546875,0.5111209392547608,0.012972864508628845,63430
2060,67502080,0.9823640651642543,3.8710472106933596,0.4861459255218506,0.012746042013168335,63446
2070,67829760,0.9820926821720932,3.8049343109130858,0.4807137012481689,0.012754862010478974,63421
2080,68157440,0.9818192694416293,3.8515392303466798,0.4728602409362793,0.01271132230758667,63383
2090,68485120,0.9815438282572083,3.8749805450439454,0.4716999053955078,0.012582923471927642,63419
2100,68812800,0.9812663599127042,3.8060943603515627,0.48450775146484376,0.012628069519996643,63390
2110,69140480,0.9809868657115136,3.794350814819336,0.47571697235107424,0.012752421200275421,63376
2120,69468160,0.9807053469665494,3.8629177093505858,0.4765361785888672,0.012613579630851746,63395
2130,69795840,0.980421805000235,3.7963211059570314,0.4814669132232666,0.012745124101638795,63364
2140,70123520,0.9801362411444974,3.8380859375,0.4692756175994873,0.012648548185825347,63346
2150,70451200,0.9798486567407615,3.808170700073242,0.4767942428588867,0.012883158028125763,63364
2160,70778880,0.9795590531399438,3.794340896606445,0.4925708770751953,0.012733480334281922,63390
2170,71106560,0.9792674317024457,3.7960281372070312,0.46897363662719727,0.012735716998577118,63416
2180,71434240,0.9789737937981473,3.8419258117675783,0.46504621505737304,0.012708124518394471,63369
2190,71761920,0.9786781408064011,3.8202049255371096,0.47122488021850584,0.012622259557247162,63372
2200,72089600,0.9783804741160256,3.804281234741211,0.5126697540283203,0.013246956467628478,63365
2210,72417280,0.978080795125298,3.7809783935546877,0.47199430465698244,0.012714356184005737,63330
2220,72744960,0.9777791052419487,3.7936172485351562,0.4589103698730469,0.012655167281627655,63355
2230,73072640,0.9774754058831538,3.7905906677246093,0.4631899356842041,0.012596610188484191,63317
2240,73400320,0.9771696984755293,3.7987903594970702,0.4826239585876465,0.01283220648765564,63332
2250,73728000,0.9768619844551234,3.7721900939941406,0.4868339538574219,0.012722252309322358,63376
2260,74055680,0.9765522652674108,3.753447341918945,0.46206073760986327,0.012780168652534485,63337
2270,74383360,0.976240542367285,3.839154815673828,0.4800083637237549,0.01248677372932434,63355
2280,74711040,0.9759268172190521,3.8531414031982423,0.4686631679534912,0.01260753870010376,63342
2290,75038720,0.9756110912964235,3.7914382934570314,0.46335763931274415,0.012593984603881836,63355
2300,75366400,0.9752933660825093,3.7621341705322267,0.4444188117980957,0.012480289489030839,63346
2310,75694080,0.9749736430698112,3.7385807037353516,0.45699048042297363,0.012510916590690613,63308
2320,76021760,0.9746519237602153,3.773690414428711,0.47470746040344236,0.012703761458396912,63331
2330,76349440,0.9743282096649852,3.773102951049805,0.4826964378356934,0.013080814480781555,63355
2340,76677120,0.9740025023047555,3.698773956298828,0.45050554275512694,0.012566588819026947,63318
2350,77004800,0.9736748032095234,3.753580856323242,0.48294601440429685,0.012627789378166198,63315
2360,77332480,0.9733451139186423,3.8418121337890625,0.48824210166931153,0.012483644485473632,63311
2370,77660160,0.973013435980815,3.746137237548828,0.45545639991760256,0.012576189637184144,63357
2380,77987840,0.9726797709540852,3.802643585205078,0.45867037773132324,0.012554416060447693,63315
2390,78315520,0.9723441204058314,3.773781585693359,0.4610568046569824,0.012405965477228165,63345
2400,78643200,0.9720064859127585,3.751103973388672,0.4623864650726318,0.012759540975093842,63324
2410,78970880,0.9716668690608914,3.754602813720703,0.4695408821105957,0.012419596314430237,63352
2420,79298560,0.9713252714455668,3.748994827270508,0.4607824802398682,0.012507057189941407,63322
2430,79626240,0.9709816946714261,3.785075378417969,0.4554303646087646,0.012522974610328674,63318
2440,79953920,0.9706361403524074,3.8184734344482423,0.46191067695617677,0.012376023828983307,63291
2450,80281600,0.9702886101117387,3.7716747283935548,0.4635193347930908,0.01243300288915634,63312
2460,80609280,0.9699391055819293,3.7626506805419924,0.48332605361938474,0.012537969648838044,63298
2470,80936960,0.9695876284047632,3.8136337280273436,0.46475677490234374,0.012370377033948898,63295
2480,81264640,0.9692341802312905,3.7269527435302736,0.4550794124603271,0.012497000396251678,63302
2490,81592320,0.9688787627218198,3.8028446197509767,0.45184760093688964,0.012436067312955856,63307
2500,81920000,0.9685213775459112,3.755008316040039,0.47863073348999025,0.012599410116672516,63298
2510,82247680,0.968162026382367,3.655316925048828,0.45724687576293943,0.012443556636571883,63227
2520,82575360,0.9678007109192254,3.6956016540527346,0.473390531539917,0.012446915358304977,63308
2530,82903040,0.9674374328537514,3.6358100891113283,0.45817909240722654,0.012407282739877701,63284
2540,83230720,0.9670721938924294,3.7069881439208983,0.4556558132171631,0.01233949363231659,63293
2550,83558400,0.966704995750955,3.787677764892578,0.48224916458129885,0.012646803259849548,63301
2560,83886080,0.9663358401542269,3.698781967163086,0.4561948776245117,0.012312562763690948,63300
2570,84213760,0.965964728836339,3.737885284423828,0.46384482383728026,0.012376046180725098,63306
2580,84541440,0.9655916635405721,3.792119598388672,0.4858259677886963,0.012631717324256896,63269
2590,84869120,0.9652166460193854,3.7602962493896483,0.49358553886413575,0.01249794289469719,63283
2600,85196800,0.9648396780344092,3.6768089294433595,0.4632722854614258,0.012397784739732742,63250
2610,85524480,0.9644607613564357,3.6603755950927734,0.4563858985900879,0.012385354936122894,63221
2620,85852160,0.9640798977654107,3.7243526458740233,0.4565478801727295,0.012342773377895355,63238
2630,86179840,0.9636970890504263,3.6641109466552733,0.46155447959899903,0.012442909181118011,63248
2640,86507520,0.963312337009711,3.7358394622802735,0.4616570472717285,0.012177778780460358,63254
2650,86835200,0.9629256434506225,3.7143829345703123,0.4523316860198975,0.012268606573343277,63235
2660,87162880,0.9625370101896386,3.630014419555664,0.47817063331604004,0.012433070689439774,63291
2670,87490560,0.9621464390523483,3.715916061401367,0.45557656288146975,0.012474937736988068,63225
2680,87818240,0.9617539318734444,3.7249065399169923,0.4801138401031494,0.01253901720046997,63230
2690,88145920,0.9613594904967137,3.6786991119384767,0.4593189239501953,0.012198764085769653,63244
2700,88473600,0.9609631167750291,3.6936840057373046,0.48803071975708007,0.01225663274526596,63263
2710,88801280,0.9605648125703407,3.6933734893798826,0.48067688941955566,0.012444154173135758,63247
2720,89128960,0.9601645797536662,3.7493709564208983,0.4848388671875,0.012476829439401626,63195
2730,89456640,0.959762420205084,3.720258331298828,0.45951175689697266,0.012341903150081634,63243
2740,89784320,0.9593583358137223,3.7128334045410156,0.4563164710998535,0.012483884394168854,63200
2750,90112000,0.9589523284777519,3.701456832885742,0.4716682434082031,0.012439966201782227,63230
2760,90439680,0.9585444001043758,3.6909313201904297,0.4689337730407715,0.012340925633907318,63244
2770,90767360,0.9581345526098218,3.6263401031494142,0.5241621494293213,0.012473619729280471,63205
2780,91095040,0.9577227879193322,3.6122032165527345,0.47268900871276853,0.012395029515028,63180
2790,91422720,0.9573091079671553,3.6797344207763674,0.46032061576843264,0.012249145656824112,63177
2800,91750400,0.9568935146965365,3.657852554321289,0.44891934394836425,0.012286379188299178,63194
2810,92078080,0.9564760100597085,3.698450469970703,0.4665109634399414,0.012193474918603897,63136
2820,92405760,0.956056596017883,3.6101306915283202,0.4571396350860596,0.012401609867811202,63176
2830,92733440,0.9556352745412409,3.683655548095703,0.47026987075805665,0.01227623075246811,63171
2840,93061120,0.9552120476089232,3.6288784027099608,0.4426294803619385,0.012276839464902878,63196
2850,93388800,0.9547869172090215,3.696375274658203,0.46205339431762693,0.012119530141353608,63196
2860,93716480,0.9543598853385692,3.6636157989501954,0.456667423248291,0.012280716001987458,63191
2870,94044160,0.9539309540035318,3.6942184448242186,0.46785860061645507,0.012318019568920136,63207
2880,94371840,0.953500125218797,3.6579299926757813,0.4546389579772949,0.012349510937929154,63180
2890,94699520,0.9530674010081663,3.627304458618164,0.4747640609741211,0.012243351340293885,63218
2900,95027200,0.9526327834043443,3.5974964141845702,0.46547641754150393,0.012322426587343217,63187
2910,95354880,0.9521962744489302,3.7058502197265626,0.4631645679473877,0.01217196062207222,63169
2920,95682560,0.9517578761924075,3.6493465423583986,0.44693422317504883,0.012258614599704742,63167
2930,96010240,0.9513175906941347,3.642595672607422,0.458266544342041,0.01230541467666626,63184
2940,96337920,0.9508754200223356,3.6335948944091796,0.46741342544555664,0.01222727820277214,63171
2950,96665600,0.9504313662540893,3.626523971557617,0.46463689804077146,0.01231444999575615,63196
2960,96993280,0.949985431475321,3.581969451904297,0.4493409156799316,0.012196198850870133,63152
2970,97320960,0.9495376177807917,3.664118194580078,0.4606802463531494,0.012129466980695724,63192
2980,97648640,0.9490879272740883,3.637527847290039,0.4640960693359375,0.012272977083921433,63180
2990,97976320,0.9486363620676144,3.6170108795166014,0.4597601890563965,0.012079208344221114,63197
3000,98304000,0.9481829242825798,3.6446292877197264,0.4457444190979004,0.012248824536800384,63177
3010,98631680,0.9477276160489903,3.661777877807617,0.4530052185058594,0.012145157903432846,63157
3020,98959360,0.9472704395056386,3.6076644897460937,0.47835407257080076,0.012236131727695465,63238
3030,99287040,0.9468113968000933,3.596333312988281,0.46697473526000977,0.012209369242191315,63192
3040,99614720,0.9463504900886894,3.6722175598144533,0.45697498321533203,0.012025123089551925,63192
3050,99942400,0.9458877215365181,3.6325614929199217,0.46924762725830077,0.012131568044424057,63173
3060,100270080,0.9454230933174161,3.643266296386719,0.4924141883850098,0.01226414144039154,63196
3070,100597760,0.9449566076139565,3.6549888610839845,0.4662588119506836,0.012113263458013534,63194
3080,100925440,0.944488266617437,3.653334045410156,0.48439631462097166,0.012114515900611878,63172
3090,101253120,0.9440180725278713,3.689894104003906,0.47673988342285156,0.012239152938127518,63153
3100,101580800,0.9435460275539773,3.6101757049560548,0.4749279022216797,0.012154851108789444,63189
3110,101908480,0.9430721339131679,3.639418029785156,0.4593330383300781,0.012244149297475814,63135
3120,102236160,0.9425963938315396,3.5943065643310548,0.4673654556274414,0.012144071608781814,63141
3130,102563840,0.9421188095438624,3.6121971130371096,0.46512928009033205,0.012137506157159805,63138
3140,102891520,0.94163938329357,3.6768585205078126,0.47461419105529784,0.012150973826646806,63144
3150,103219200,0.9411581173327482,3.6232330322265627,0.4484120845794678,0.012067513167858123,63148
3160,103546880,0.9406750139221247,3.643739700317383,0.47361321449279786,0.012155774235725402,63129
3170,103874560,0.9401900753310587,3.597533416748047,0.4665642261505127,0.012187276780605317,63116
3180,104202240,0.9397033038375302,3.5545013427734373,0.4642232894897461,0.011988227814435959,63159
3190,104529920,0.9392147017281288,3.6483665466308595,0.47658696174621584,0.011954785883426666,63169
3200,104857600,0.9387242712980439,3.6231937408447266,0.479555606842041,0.012086915969848632,63177
3210,105185280,0.9382320148510529,3.6226085662841796,0.4700355052947998,0.012096802145242691,63178
3220,105512960,0.937737934699511,3.601466751098633,0.4620337009429932,0.012112445384263992,63154
3230,105840640,0.9372420331643404,3.612077331542969,0.45903191566467283,0.012089132517576217,63158
3240,106168320,0.9367443125750188,3.582661437988281,0.4686851501464844,0.012086513638496398,63132
3250,106496000,0.936244775269569,3.615863037109375,0.46930365562438964,0.012248032540082932,63109
3260,106823680,0.9357434235945475,3.553203582763672,0.4551140308380127,0.012090206146240234,63148
3270,107151360,0.9352402599050346,3.536917877197266,0.47878499031066896,0.012170034646987914,63183
3280,107479040,0.9347352865646213,3.6150043487548826,0.46366405487060547,0.012004604190587997,63126
3290,107806720,0.9342285059454002,3.5387641906738283,0.45983047485351564,0.012161892652511597,63129
3300,108134400,0.9337199204279533,3.5524219512939452,0.45185532569885256,0.012021791189908981,63143
3310,108462080,0.9332095324013407,3.6261341094970705,0.4623545169830322,0.012043411284685135,63124
3320,108789760,0.93269734426309,3.64080810546875,0.47074298858642577,0.012141163647174835,63143
3330,109117440,0.9321833584191851,3.6676513671875,0.4840401172637939,0.012086140364408493,63132
3340,109445120,0.9316675772840538,3.5635349273681642,0.4741121768951416,0.012059102952480315,63134
3350,109772800,0.9311500032805579,3.6158496856689455,0.4740574359893799,0.012142932415008545,63120
3360,110100480,0.9306306388399807,3.5952857971191405,0.4693608283996582,0.012021730095148087,63123
3370,110428160,0.9301094864020161,3.5894840240478514,0.45231475830078127,0.012083380669355392,63154
3380,110755840,0.929586548414757,3.613862228393555,0.4547122478485107,0.011847669631242752,63134
3390,111083520,0.929061827334684,3.5086109161376955,0.45496740341186526,0.012066025286912918,63164
3400,111411200,0.928535325626654,3.599931335449219,0.46012377738952637,0.012035196274518966,63161
3410,111738880,0.9280070457638875,3.6418148040771485,0.47901182174682616,0.012042901664972305,63137
3420,112066560,0.9274769902279585,3.5740379333496093,0.4692601203918457,0.01221403330564499,63125
3430,112394240,0.9269451615087818,3.5724609375,0.4792306900024414,0.012060315161943436,63132
3440,112721920,0.926411562104602,3.578840637207031,0.4753014087677002,0.012210432440042496,63069
3450,113049600,0.9258761945219811,3.5312347412109375,0.46391801834106444,0.0121296226978302,63116
3460,113377280,0.9253390612757871,3.5448886871337892,0.4572946071624756,0.011977854371070861,63095
3470,113704960,0.9248001648891824,3.617416000366211,0.4635915279388428,0.0120661661028862,63116
3480,114032640,0.9242595078936112,3.6065563201904296,0.46238484382629397,0.011913146823644638,63102
3490,114360320,0.9237170928287887,3.553880310058594,0.469990873336792,0.012073829770088196,63108
3500,114688000,0.923172922242688,3.630550003051758,0.4670677185058594,0.011843762546777725,63125
3510,115015680,0.922626998691529,3.5596736907958983,0.4813551902770996,0.01188110038638115,63061
3520,115343360,0.922079324739766,3.5344207763671873,0.47073073387145997,0.011787114292383194,63128
3530,115671040,0.9215299029600759,3.565456008911133,0.44951486587524414,0.012039052695035935,63109
3540,115998720,0.9209787359333456,3.5823001861572266,0.45861215591430665,0.0119749516248703,63108
3550,116326400,0.9204258262486603,3.575299072265625,0.4583772659301758,0.012012404948472976,63063
3560,116654080,0.9198711765032919,3.5318222045898438,0.4643043041229248,0.011933270096778869,63131
3570,116981760,0.9193147893026851,3.507859802246094,0.46754727363586424,0.012139087170362472,63072
3580,117309440,0.9187566672604472,3.551239776611328,0.4769124031066895,0.012076516449451447,63092
3590,117637120,0.9181968129983342,3.5569671630859374,0.46236362457275393,0.011900123953819276,63071
3600,117964800,0.9176352291462395,3.564067077636719,0.4635293960571289,0.011952798068523406,63073
3610,118292480,0.9170719183421812,3.593231201171875,0.47790799140930174,0.012050474435091019,63064
3620,118620160,0.9165068832322891,3.5569168090820313,0.4581794261932373,0.011982277780771256,63074
3630,118947840,0.9159401264707938,3.5278564453125,0.4467309951782227,0.01187359020113945,63106
3640,119275520,0.9153716507200125,3.5517330169677734,0.4511232376098633,0.01192752793431282,63081
3650,119603200,0.9148014586503377,3.6267818450927733,0.4573495388031006,0.011957520991563797,63072
3660,119930880,0.9142295529402239,3.559883880615234,0.46487836837768554,0.011915747821331025,63087
3670,120258560,0.9136559362761759,3.5415863037109374,0.4459690093994141,0.012112527340650558,63058
3680,120586240,0.9130806113527351,3.5411392211914063,0.49440841674804686,0.012307222187519073,63090
3690,120913920,0.9125035808724679,3.5748634338378906,0.4702706813812256,0.01202857568860054,63049
3700,121241600,0.9119248475459516,3.5032691955566406,0.4547881126403809,0.01193532943725586,63082
3710,121569280,0.9113444140917637,3.5687801361083986,0.452254056930542,0.012014896422624589,63031
3720,121896960,0.9107622832364672,3.4996932983398437,0.4466230392456055,0.011809004098176956,63061
3730,122224640,0.9101784577145987,3.5233085632324217,0.460234546661377,0.011901439726352691,63060
3740,122552320,0.9095929402686556,3.5136322021484374,0.46718201637268064,0.012135086208581924,63009
3750,122880000,0.9090057336490831,3.5843711853027345,0.45943470001220704,0.011913831532001495,63033
3760,123207680,0.908416840614261,3.545676422119141,0.4802971839904785,0.011979111284017564,63022
3770,123535360,0.9078262639304908,3.6162693023681642,0.4797229290008545,0.011975051462650299,63036
3780,123863040,0.9072340063719835,3.5196929931640626,0.4671088695526123,0.011811533570289611,63028
3790,124190720,0.9066400707208456,3.487567901611328,0.472873592376709,0.01185441091656685,63068
3800,124518400,0.906044459767066,3.571238708496094,0.4594393730163574,0.011924506723880767,63029
3810,124846080,0.905447176308504,3.5595932006835938,0.4645949363708496,0.011897163093090057,63014
3820,125173760,0.9048482231508749,3.491868591308594,0.4653002738952637,0.012089897692203522,63037
3830,125501440,0.9042476031077374,3.5385818481445312,0.4498589515686035,0.011930910497903824,63012
3840,125829120,0.9036453190004807,3.5266353607177736,0.46978206634521485,0.01200309619307518,63042
3850,126156800,0.9030413736583102,3.5710540771484376,0.4607517719268799,0.011807014048099519,63011
3860,126484480,0.9024357699182355,3.5344791412353516,0.45918941497802734,0.011846481263637543,63056
3870,126812160,0.9018285106250563,3.531391143798828,0.46710729598999023,0.011875353008508682,63035
3880,127139840,0.901219598631349,3.5161464691162108,0.4572577476501465,0.011750470101833343,63049
3890,127467520,0.9006090367974537,3.5311859130859373,0.46160264015197755,0.011796443164348603,63045
3900,127795200,0.8999968279914605,3.5099666595458983,0.4773829460144043,0.012052921205759048,63036
3910,128122880,0.8993829750891961,3.582284927368164,0.4794651985168457,0.01193743422627449,62954
3920,128450560,0.8987674809742102,3.5192405700683596,0.4585420608520508,0.011792747676372528,63024
3930,128778240,0.8981503485377622,3.553175354003906,0.4644838809967041,0.011892452090978622,63025
3940,129105920,0.8975315806788072,3.5011611938476563,0.4673306465148926,0.011871562153100968,63017
3950,129433600,0.8969111803039826,3.542428970336914,0.4571245193481445,0.01184878647327423,63016
3960,129761280,0.8962891503275952,3.492435073852539,0.4527935028076172,0.011880003660917283,63005
3970,130088960,0.8956654936716058,3.5347736358642576,0.46201119422912595,0.011895724385976792,62986
3980,130416640,0.8950402132656169,3.558048629760742,0.4546135425567627,0.011698979884386063,63043
3990,130744320,0.8944133120468587,3.5078304290771483,0.4770069599151611,0.01196574568748474,63012
4000,131072000,0.8937847929601748,3.5180355072021485,0.4726158618927002,0.01189773455262184,63017
4010,131399680,0.8931546589580086,3.5456253051757813,0.48338851928710935,0.011894234269857407,63003
4020,131727360,0.8925229130003902,3.5779037475585938,0.45374493598937987,0.011720353364944458,63020
4030,132055040,0.8918895580549208,3.5027626037597654,0.484756326675415,0.01192142367362976,63030
4040,132382720,0.8912545970967604,3.5362796783447266,0.44570212364196776,0.011794939637184143,63012
4050,132710400,0.8906180331086129,3.5180614471435545,0.4718358516693115,0.01192590519785881,62982
4060,133038080,0.8899798690807127,3.4961498260498045,0.459196138381958,0.011611443758010865,63020
4070,133365760,0.8893401080108099,3.5789230346679686,0.4764715194702148,0.011760137975215912,63050
4080,133693440,0.8886987529041569,3.501569366455078,0.4490457057952881,0.011799672245979309,62988
4090,134021120,0.888055806773494,3.534607696533203,0.46941442489624025,0.011989466845989227,63019
4100,134348800,0.8874112726390354,3.489862060546875,0.4777650833129883,0.011935234069824219,62972
4110,134676480,0.8867651535284545,3.538921356201172,0.4695077896118164,0.01187208816409111,62982
4120,135004160,0.8861174524768703,3.50389404296875,0.4559614181518555,0.01188354566693306,62945
4130,135331840,0.8854681725268331,3.5258697509765624,0.4628626823425293,0.011823938041925431,62984
4140,135659520,0.8848173167283098,3.5471942901611326,0.46697373390197755,0.011830678582191468,62992
4150,135987200,0.8841648881386694,3.5187931060791016,0.45320401191711424,0.011823931336402893,63003
4160,136314880,0.88351088982267,3.5346527099609375,0.453341007232666,0.011818476021289825,62989
4170,136642560,0.8828553248524423,3.4896171569824217,0.46666927337646485,0.011836078017950058,63004
4180,136970240,0.8821981963074773,3.531161880493164,0.47635254859924314,0.01177419126033783,62974
4190,137297920,0.8815395072746101,3.526047134399414,0.4699317455291748,0.011776261031627655,62973
4200,137625600,0.8808792608480065,3.4606189727783203,0.4558901786804199,0.011750619858503342,62966
4210,137953280,0.8802174601291479,3.5250213623046873,0.460800313949585,0.011868719756603242,62960
4220,138280960,0.8795541082268172,3.503743362426758,0.4644478797912598,0.011776790767908097,62970
4230,138608640,0.8788892082570837,3.5428436279296873,0.45606679916381837,0.01172606199979782,62931
4240,138936320,0.8782227633432887,3.509604644775391,0.4476016044616699,0.011861570924520493,62968
4250,139264000,0.877554776616031,3.490902328491211,0.45889883041381835,0.01187693327665329,62940
4260,139591680,0.8768852512131515,3.491808319091797,0.45142560005187987,0.011982721090316773,62931
4270,139919360,0.8762141902797198,3.501678466796875,0.4666138172149658,0.011768736690282822,62971
4280,140247040,0.8755415969680176,3.4938339233398437,0.46867523193359373,0.01177375540137291,62976
4290,140574720,0.8748674744375259,3.5422134399414062,0.4748648166656494,0.011634725332260131,62978
4300,140902400,0.8741918258549084,3.470132064819336,0.46491804122924807,0.011839095503091812,62957
4310,141230080,0.8735146543939974,3.5319557189941406,0.46274266242980955,0.01167212873697281,62954
4320,141557760,0.8728359632357797,3.470865249633789,0.4685675621032715,0.011788430064916611,62975
4330,141885440,0.8721557555683797,3.4992610931396486,0.4667236328125,0.011734416335821151,62979
4340,142213120,0.8714740345870462,3.444894790649414,0.46735048294067383,0.011786490678787231,62980
4350,142540800,0.8707908034941365,3.507224273681641,0.4853974342346191,0.011730761080980302,62987
4360,142868480,0.8701060654991017,3.5028335571289064,0.47620282173156736,0.0118653766810894,62966
4370,143196160,0.8694198238184716,3.4923175811767577,0.4605090141296387,0.011741685122251511,62939
4380,143523840,0.8687320816758393,3.463684844970703,0.46316213607788087,0.011795110255479812,62964
4390,143851520,0.8680428423018461,3.4810470581054687,0.46121935844421386,0.01165199801325798,62974
4400,144179200,0.8673521089341671,3.4599632263183593,0.4684657096862793,0.011670936644077302,62985
4410,144506880,0.866659884817495,3.4814281463623047,0.4835573673248291,0.011922062933444976,62941
4420,144834560,0.865966173203525,3.4451465606689453,0.45721993446350095,0.01173032596707344,62988
4430,145162240,0.86527097735094,3.5105152130126953,0.4762101650238037,0.011844337731599808,62954
4440,145489920,0.8645743005253953,3.5203483581542967,0.4620992183685303,0.011766417324543,62959
4450,145817600,0.8638761459995025,3.467489242553711,0.4664356231689453,0.01190783753991127,63004
4460,146145280,0.8631765170528151,3.4614337921142577,0.45688462257385254,0.011722426116466522,62997
4470,146472960,0.8624754169718122,3.420664978027344,0.47267727851867675,0.011843656748533249,63000
4480,146800640,0.8617728490498839,3.4735767364501955,0.4604477405548096,0.011920154839754105,62933
4490,147128320,0.8610688165873153,3.3251884460449217,0.4504832744598389,0.011650250107049943,62987
4500,147456000,0.860363322891271,3.430904769897461,0.4672482967376709,0.011986160278320312,62954
4510,147783680,0.8596563712757798,3.4421558380126953,0.4628296852111816,0.011727969348430633,62964
4520,148111360,0.8589479650617188,3.4280128479003906,0.456159782409668,0.011705205589532853,62952
4530,148439040,0.8582381075767984,3.439076614379883,0.47431349754333496,0.011738261580467224,62939
4540,148766720,0.8575268021555462,3.476340484619141,0.4629199981689453,0.011826388537883759,62944
4550,149094400,0.8568140521392911,3.4698253631591798,0.45207648277282714,0.011645108461380005,62956
4560,149422080,0.8560998608761481,3.469187545776367,0.45811996459960935,0.011706984788179397,62975
4570,149749760,0.8553842317210026,3.501765823364258,0.4619907379150391,0.011662404239177703,62923
4580,150077440,0.8546671680354943,3.444881057739258,0.4557563304901123,0.011847005039453507,62943
4590,150405120,0.8539486731880013,3.4745162963867187,0.45088043212890627,0.011769726127386092,62982
4600,150732800,0.8532287505536249,3.4297489166259765,0.44298291206359863,0.011690844595432282,62976
4610,151060480,0.8525074035141732,3.4819995880126955,0.4628159523010254,0.011663109809160233,62968
4620,151388160,0.8517846354581458,3.4737152099609374,0.46423969268798826,0.011766327172517776,62988
4630,151715840,0.8510604497807165,3.470697021484375,0.4814089298248291,0.01176864728331566,62990
4640,152043520,0.8503348498837191,3.4208053588867187,0.4582468032836914,0.011815061420202255,62981
4650,152371200,0.8496078391756305,3.4704959869384764,0.4665076732635498,0.011597836762666703,62978
4660,152698880,0.8488794210715549,3.4226783752441405,0.4576913833618164,0.011761295795440673,62987
4670,153026560,0.8481495989932074,3.4323577880859375,0.4539809703826904,0.01179025024175644,62940
4680,153354240,0.8474183763688985,3.490042877197266,0.4599468231201172,0.01165771260857582,62951
4690,153681920,0.8466857566335172,3.4475070953369142,0.4622969627380371,0.011664684116840362,62967
4700,154009600,0.8459517432285163,3.498562240600586,0.4788783550262451,0.011837723851203918,62929
4710,154337280,0.8452163396018946,3.4405292510986327,0.47200827598571776,0.011613469570875168,62924
4720,154664960,0.8444795492081815,3.457990264892578,0.4688872814178467,0.011838969588279725,62949
4730,154992640,0.8437413755084207,3.48583869934082,0.48741822242736815,0.011485440284013748,62935
4740,155320320,0.8430018219701542,3.482376480102539,0.47032971382141114,0.0117440328001976,62942
4750,155648000,0.8422608920674052,3.4495338439941405,0.46836128234863283,0.011582811176776887,62957
4760,155975680,0.841518589280663,3.488523483276367,0.4589558124542236,0.011670199036598206,62933
4770,156303360,0.8407749170968652,3.4615455627441407,0.463108491897583,0.011670561134815216,62923
4780,156631040,0.8400298790093831,3.4140262603759766,0.44355268478393556,0.011716238409280776,62922
4790,156958720,0.8392834785180031,3.422283935546875,0.4564857482910156,0.011759673058986665,62933
4800,157286400,0.8385357191289123,3.4523880004882814,0.46720223426818847,0.011575491726398468,62908
4810,157614080,0.837786604354681,3.443899917602539,0.46610407829284667,0.011812582612037659,62901
4820,157941760,0.8370361377142459,3.4816970825195312,0.4808632850646973,0.011628538370132446,62929
4830,158269440,0.8362843227328948,3.380579376220703,0.4664896011352539,0.011557075381278991,62942
4840,158597120,0.8355311629422486,3.400412750244141,0.46715703010559084,0.011756271868944169,62911
4850,158924800,0.8347766618802456,3.4167129516601564,0.4505617618560791,0.011613920331001282,62909
4860,159252480,0.8340208230911248,3.4205078125,0.4584794044494629,0.011595644801855088,62934
4870,159580160,0.8332636501254091,3.4188091278076174,0.4552215576171875,0.011696474254131317,62934
4880,159907840,0.8325051465398888,3.456229019165039,0.46851415634155275,0.011529088765382767,62933
4890,160235520,0.8317453158976044,3.471240997314453,0.4775840759277344,0.011597971618175506,62935
4900,160563200,0.8309841617678299,3.3733745574951173,0.4622627258300781,0.011671949923038483,62937
4910,160890880,0.8302216877260572,3.4249534606933594,0.45817203521728517,0.011683911085128784,62954
4920,161218560,0.829457897353978,3.4273887634277345,0.47009029388427737,0.01165415272116661,62945
4930,161546240,0.8286927942394671,3.4032238006591795,0.48039960861206055,0.011846247315406799,62954
4940,161873920,0.8279263819765664,3.4532501220703127,0.4777897834777832,0.01164553165435791,62940
4950,162201600,0.827158664165467,3.4128139495849608,0.46744418144226074,0.011702229082584382,62952
4960,162529280,0.8263896444124933,3.4144523620605467,0.46276426315307617,0.011621544510126114,62990
4970,162856960,0.825619326330085,3.380867767333984,0.4777581214904785,0.011746247112751008,62943
4980,163184640,0.8248477135367809,3.4198657989501955,0.46681694984436034,0.011889816075563431,62916
4990,163512320,0.8240748096572016,3.3819183349609374,0.47268362045288087,0.011849898844957352,62923
5000,163840000,0.8233006183220325,3.3780437469482423,0.4749479293823242,0.011664603650569916,62901
5010,164167680,0.8225251431680068,3.435566711425781,0.4655496597290039,0.011546330899000168,62880
5020,164495360,0.8217483878378885,3.3561824798583983,0.4647573471069336,0.011737140268087387,62925
5030,164823040,0.8209703559804551,3.418061065673828,0.45139098167419434,0.01156490072607994,62938
5040,165150720,0.8201910512504803,3.453812026977539,0.4577948570251465,0.011746466904878617,62898
5050,165478400,0.8194104773087175,3.4634456634521484,0.4705647468566895,0.011644109338521957,62895
5060,165806080,0.8186286378218818,3.3996063232421876,0.4641909599304199,0.011588463187217712,62914
5070,166133760,0.8178455364626335,3.389679718017578,0.45544724464416503,0.011579778790473939,62891
5080,166461440,0.8170611769095599,3.328740692138672,0.46163458824157716,0.011638801544904709,62945
5090,166789120,0.8162755628471595,3.3177303314208983,0.47080264091491697,0.01169997751712799,62914
5100,167116800,0.815488697965823,3.3950305938720704,0.4768932342529297,0.011733125150203704,62924
5110,167444480,0.8147005859618172,3.4606510162353517,0.4875313758850098,0.011623557657003403,62903
5120,167772160,0.813911230537267,3.368152618408203,0.45977420806884767,0.011636899411678314,62886
5130,168099840,0.8131206354001385,3.4516571044921873,0.4624664783477783,0.011551331728696823,62916
5140,168427520,0.8123288042642208,3.3432079315185548,0.4540228366851807,0.011574290692806244,62889
5150,168755200,0.8115357408491098,3.396558380126953,0.46149797439575196,0.011528309434652328,62927
5160,169082880,0.8107414488801894,3.4259311676025392,0.4676197052001953,0.011543519794940948,62889
5170,169410560,0.8099459320886147,3.4369884490966798,0.4628610610961914,0.011562590301036835,62900
5180,169738240,0.8091491942112942,3.439754867553711,0.47888431549072263,0.011801379919052123,62864
5190,170065920,0.8083512389908728,3.386979675292969,0.47047934532165525,0.011771228909492493,62853
5200,170393600,0.8075520701757136,3.455842208862305,0.4661764144897461,0.011595874279737472,62876
5210,170721280,0.8067516915198807,3.4312564849853517,0.46738505363464355,0.01157413050532341,62896
5220,171048960,0.8059501067831211,3.421921157836914,0.47075042724609373,0.011528223752975464,62905
5230,171376640,0.8051473197308472,3.3793968200683593,0.4584162712097168,0.011765267699956894,62890
5240,171704320,0.8043433341341197,3.3849964141845703,0.4557898998260498,0.011565016210079193,62895
5250,172032000,0.8035381537696291,3.4461841583251953,0.4635633945465088,0.011561541259288788,62912
5260,172359680,0.8027317824196785,3.4505893707275392,0.47250957489013673,0.011585962772369385,62885
5270,172687360,0.8019242238721653,3.406980514526367,0.471463680267334,0.011766690015792846,62849
5280,173015040,0.8011154819205639,3.37652587890625,0.4522705078125,0.01156938374042511,62875
5290,173342720,0.8003055603639075,3.407969284057617,0.46192173957824706,0.011612480878829956,62865
5300,173670400,0.799494463006771,3.407978057861328,0.4743539333343506,0.01150185763835907,62891
5310,173998080,0.7986821936592519,3.443422317504883,0.46831388473510743,0.011585084348917007,62896
5320,174325760,0.7978687561369534,3.4303237915039064,0.4802571773529053,0.011605145037174225,62907
5330,174653440,0.7970541542609662,3.3981231689453124,0.46280584335327146,0.011447620391845704,62895
5340,174981120,0.7962383918578503,3.3785144805908205,0.46017966270446775,0.011692704260349273,62900
5350,175308800,0.7954214727596175,3.475053405761719,0.486917781829834,0.01156289055943489,62886
5360,175636480,0.794603400803713,3.3733283996582033,0.4586522579193115,0.011499094218015671,62926
5370,175964160,0.7937841798329972,3.3522418975830077,0.4623260974884033,0.011654604971408845,62872
5380,176291840,0.7929638136957288,3.348476028442383,0.46557273864746096,0.01159360483288765,62913
5390,176619520,0.7921423062455447,3.428570556640625,0.4741384983062744,0.011668884754180908,62872
5400,176947200,0.791319661341444,3.368605041503906,0.46058430671691897,0.011663071811199188,62869
5410,177274880,0.7904958828477688,3.4409244537353514,0.47409563064575194,0.01157480925321579,62888
5420,177602560,0.7896709746341858,3.369597625732422,0.4512294292449951,0.011627959460020066,62905
5430,177930240,0.7888449405756687,3.370068359375,0.47133750915527345,0.011562255769968032,62906
5440,178257920,0.78801778455248,3.3903854370117186,0.4619457244873047,0.01162247806787491,62930
5450,178585600,0.7871895104501523,3.354889678955078,0.4767472267150879,0.01172143742442131,62879
5460,178913280,0.7863601221594704,3.3655391693115235,0.4592264652252197,0.011585552245378494,62868
5470,179240960,0.7855296235764533,3.378311538696289,0.46570706367492676,0.011651910841464996,62899
5480,179568640,0.7846980186023351,3.421443557739258,0.4634798526763916,0.01153576821088791,62860
5490,179896320,0.7838653111435474,3.347515869140625,0.4909828662872314,0.011595070362091064,62916
5500,180224000,0.7830315051117006,3.353664016723633,0.48233695030212403,0.011567219346761703,62880
5510,180551680,0.7821966044235655,3.3784481048583985,0.4810001373291016,0.011727912724018097,62827
5520,180879360,0.7813606130010551,3.4334537506103517,0.4637889385223389,0.011494021117687225,62885
5530,181207040,0.7805235347712062,3.4464946746826173,0.47826719284057617,0.011544755101203919,62892
5540,181534720,0.7796853736661605,3.416677474975586,0.4900385856628418,0.011720435321331024,62894
5550,181862400,0.7788461336231468,3.360071563720703,0.4642007827758789,0.011442486196756363,62899
5560,182190080,0.7780058185844622,3.367894744873047,0.4772456169128418,0.011757901310920716,62911
5570,182517760,0.777164432497453,3.3281360626220704,0.4650216579437256,0.011501771956682205,62882
5580,182845440,0.7763219793144973,3.4423351287841797,0.465383243560791,0.01164725199341774,62852
5590,183173120,0.7754784629929858,3.330656051635742,0.46734142303466797,0.011595803499221801,62883
5600,183500800,0.7746338874953032,3.348096466064453,0.46045746803283694,0.011591607332229614,62863
5610,183828480,0.773788256788809,3.381311798095703,0.47631144523620605,0.011546721309423446,62896
5620,184156160,0.7729415748458205,3.373332214355469,0.46982440948486326,0.011602023988962174,62887
5630,184483840,0.7720938456435924,3.3976924896240233,0.4777017116546631,0.01151389181613922,62884
5640,184811520,0.7712450731642992,3.3057025909423827,0.46953811645507815,0.011560339480638504,62922
5650,185139200,0.7703952613950162,3.412367248535156,0.4833199501037598,0.011645912379026412,62877
5660,185466880,0.7695444143277006,3.3440525054931642,0.48618526458740235,0.011565248668193816,62879
5670,185794560,0.7686925359591726,3.3603866577148436,0.47997255325317384,0.011555228382349014,62860
5680,186122240,0.7678396302910978,3.412606048583984,0.4769449234008789,0.011557888239622116,62834
5690,186449920,0.7669857013299661,3.4167327880859375,0.4672107696533203,0.011572806537151337,62875
5700,186777600,0.7661307530870757,3.441142272949219,0.47397470474243164,0.011561623215675354,62856
5710,187105280,0.7652747895785117,3.3277313232421877,0.4731431007385254,0.011565296351909638,62867
5720,187432960,0.7644178148251293,3.265329360961914,0.45998411178588866,0.011677427589893341,62867
5730,187760640,0.7635598328525331,3.395733642578125,0.47661314010620115,0.011570734530687332,62887
5740,188088320,0.76270084769106,3.361307144165039,0.4632308006286621,0.011652587354183197,62813
5750,188416000,0.7618408633757584,3.389344024658203,0.4663546562194824,0.011600242555141449,62838
5760,188743680,0.760979883946371,3.4155677795410155,0.4883681297302246,0.011528779566287995,62857
5770,189071360,0.7601179134473144,3.3865432739257812,0.4918815612792969,0.011487920582294465,62858
5780,189399040,0.7592549559276612,3.3848312377929686,0.46973576545715334,0.011484982073307037,62877
5790,189726720,0.7583910154411201,3.4434432983398438,0.4833592414855957,0.01161360889673233,62837
5800,190054400,0.7575260960460173,3.415169906616211,0.46504902839660645,0.011520589143037796,62828
5810,190382080,0.7566602018052777,3.41080322265625,0.4716189861297607,0.011514771729707718,62881
5820,190709760,0.7557933367864051,3.4233726501464843,0.4969085693359375,0.011532563716173172,62881
5830,191037440,0.7549255050614639,3.363510513305664,0.4765843391418457,0.011649245768785477,62866
5840,191365120,0.7540567107070592,3.3668724060058595,0.46261005401611327,0.01162898689508438,62829
5850,191692800,0.753186957804318,3.3603286743164062,0.4770096778869629,0.01154959350824356,62895
5860,192020480,0.7523162504388706,3.3865737915039062,0.47601938247680664,0.011551572382450104,62865
5870,192348160,0.7514445927008302,3.41939697265625,0.49265275001525877,0.011645640432834625,62873
5880,192675840,0.7505719886847744,3.271877670288086,0.4793903350830078,0.01160053238272667,62884
5890,193003520,0.7496984424897264,3.3791881561279298,0.4782681465148926,0.011716911196708679,62858
5900,193331200,0.7488239582191348,3.3405155181884765,0.4786394119262695,0.01159733161330223,62869
5910,193658880,0.7479485399808549,3.366770935058594,0.46788935661315917,0.011719105392694473,62839
5920,193986560,0.7470721918871295,3.3183387756347655,0.46347317695617674,0.011494825780391692,62860
5930,194314240,0.7461949180545687,3.336741256713867,0.47789368629455564,0.01153588443994522,62852
5940,194641920,0.745316722604132,3.3653820037841795,0.4686992645263672,0.011420483142137528,62836
5950,194969600,0.744437609661108,3.3997554779052734,0.47924013137817384,0.011467392742633819,62827
5960,195297280,0.7435575833550946,3.315149688720703,0.4775835990905762,0.011522442847490311,62877
5970,195624960,0.7426766478199808,3.461030960083008,0.4898822784423828,0.011589621007442475,62812
5980,195952640,0.7417948071939264,3.3570831298828123,0.4820363998413086,0.011720866709947587,62816
5990,196280320,0.7409120656193431,3.2981002807617186,0.4826099395751953,0.011567367613315583,62835
6000,196608000,0.7400284272428742,3.313398742675781,0.4842395305633545,0.011776784062385559,62800
6010,196935680,0.7391438962153765,3.3500694274902343,0.46980581283569334,0.011448333412408829,62819
6020,197263360,0.7382584766918991,3.358266067504883,0.4719810485839844,0.011450017988681793,62860
6030,197591040,0.7373721728316657,3.349015808105469,0.4812047004699707,0.011565424501895905,62857
6040,197918720,0.7364849887980534,3.4078556060791017,0.4910713195800781,0.011478118598461151,62869
6050,198246400,0.7355969287585742,3.3940475463867186,0.4874779224395752,0.011599180847406387,62850
6060,198574080,0.7347079968848549,3.388304901123047,0.4801815032958984,0.011644046008586883,62843
6070,198901760,0.733818197352618,3.316513442993164,0.4740879535675049,0.011476835608482361,62883
6080,199229440,0.7329275343416618,3.2625118255615235,0.474043607711792,0.011608320474624633,62828
6090,199557120,0.7320360120358402,3.350880432128906,0.4774946212768555,0.011629624664783478,62875
6100,199884800,0.7311436346230444,3.3238761901855467,0.474546480178833,0.011693373322486877,62833
6110,200212480,0.7302504062951819,3.4017562866210938,0.4736942768096924,0.011561241000890732,62825
6120,200540160,0.7293563312481574,3.3169940948486327,0.4742499828338623,0.011533170938491821,62856
6130,200867840,0.7284614136818531,3.335842514038086,0.46686511039733886,0.011558686196804047,62775
6140,201195520,0.7275656578001092,3.268875503540039,0.47054367065429686,0.01155569925904274,62820
6150,201523200,0.7266690678107032,3.3391857147216797,0.491884708404541,0.011633256822824478,62840
6160,201850880,0.7257716479253312,3.3308536529541017,0.47181315422058107,0.01162564605474472,62831
6170,202178560,0.7248734023595879,3.2990020751953124,0.4719743251800537,0.011720730364322663,62824
6180,202506240,0.7239743353329462,3.3332798004150392,0.46950254440307615,0.011607030034065246,62846
6190,202833920,0.7230744510687378,3.391097640991211,0.4731405735015869,0.01152813360095024,62822
6200,203161600,0.7221737537941337,3.344687652587891,0.4692384719848633,0.011491337418556213,62822
6210,203489280,0.7212722477401238,3.3618656158447267,0.4632664680480957,0.011562748998403549,62746
6220,203816960,0.7203699371414969,3.404624176025391,0.473016357421875,0.011513948440551758,62819
6230,204144640,0.7194668262368217,3.326321029663086,0.46257586479187013,0.011509611457586288,62852
6240,204472320,0.7185629192684256,3.34578857421875,0.4687009811401367,0.011511696875095368,62827
6250,204800000,0.7176582204823762,3.306982421875,0.47510318756103515,0.011656063050031662,62847
6260,205127680,0.7167527341284602,3.300150680541992,0.4690844535827637,0.011576980352401733,62813
6270,205455360,0.715846464460164,3.3460052490234373,0.46596641540527345,0.011513951420783996,62823
6280,205783040,0.7149394157346535,3.322481155395508,0.47617554664611816,0.01157207190990448,62819
6290,206110720,0.7140315922127544,3.342681121826172,0.48441267013549805,0.01146617904305458,62836
6300,206438400,0.7131229981589317,3.3496273040771483,0.49315743446350097,0.011615228652954102,62858
6310,206766080,0.7122136378412699,3.2981647491455077,0.48552451133728025,0.01170278936624527,62757
6320,207093760,0.7113035155314535,3.342437744140625,0.48151025772094724,0.011632091552019119,62814
6330,207421440,0.710392635504746,3.373282623291016,0.48165225982666016,0.011407747864723206,62842
6340,207749120,0.70948100203997,3.3560829162597656,0.48082423210144043,0.011532694846391679,62810
6350,208076800,0.7085686194194882,3.3850257873535154,0.47789463996887205,0.011502479016780854,62853
6360,208404480,0.7076554919291816,3.3313289642333985,0.4699676036834717,0.011559139192104339,62852
6370,208732160,0.7067416238584305,3.323724365234375,0.4718757629394531,0.01152057722210884,62805
6380,209059840,0.7058270195000943,3.384130096435547,0.47214474678039553,0.011510548740625381,62806
6390,209387520,0.7049116831504906,3.3684810638427733,0.4951323509216309,0.011615195870399475,62799
6400,209715200,0.7039956191093758,3.398568344116211,0.485965633392334,0.01152515336871147,62822
6410,210042880,0.7030788316799246,3.3873611450195313,0.4802863597869873,0.011533374339342118,62807
6420,210370560,0.7021613251687095,3.3585189819335937,0.4852907657623291,0.011675950139760971,62826
6430,210698240,0.7012431038856815,3.413450241088867,0.4749180316925049,0.011610544472932815,62834
6440,211025920,0.7003241721441484,3.321243667602539,0.47839984893798826,0.011469624191522598,62862
6450,211353600,0.699404534260756,3.352954864501953,0.48595271110534666,0.011465098708868027,62831
6460,211681280,0.6984841945554667,3.308429718017578,0.49477415084838866,0.011788513511419296,62813
6470,212008960,0.6975631573515402,3.2690303802490233,0.462199068069458,0.011468687653541565,62876
6480,212336640,0.6966414269755121,3.331775665283203,0.46744585037231445,0.011501544713973999,62816
6490,212664320,0.6957190077571747,3.340724563598633,0.4860511302947998,0.01150309219956398,62842
6500,212992000,0.6947959040295556,3.2472084045410154,0.4747504234313965,0.011541188508272172,62838
6510,213319680,0.693872120128898,3.3544185638427733,0.47402248382568357,0.01153310239315033,62809
6520,213647360,0.6929476603946405,3.3464496612548826,0.49356827735900877,0.011562034487724304,62850
6530,213975040,0.6920225291693962,3.3243370056152344,0.4792162895202637,0.011628907173871994,62835
6540,214302720,0.6910967307989323,3.260999298095703,0.484210205078125,0.011617022007703781,62789
6550,214630400,0.6901702696321502,3.2940608978271486,0.4796112060546875,0.011470534652471543,62815
6560,214958080,0.6892431500210646,3.3314159393310545,0.4857293128967285,0.011444930732250214,62839
6570,215285760,0.6883153763207832,3.423046875,0.48804187774658203,0.011582463234663009,62795
6580,215613440,0.6873869528894864,3.308543014526367,0.4776500701904297,0.011570438742637634,62819
6590,215941120,0.6864578840884065,3.359608840942383,0.4914743900299072,0.011577486991882324,62797
6600,216268800,0.6855281742818073,3.3147586822509765,0.4918464183807373,0.011663538217544556,62808
6610,216596480,0.6845978278369642,3.3238853454589843,0.4818260192871094,0.011773340404033661,62789
6620,216924160,0.683666849124143,3.3940288543701174,0.47690463066101074,0.01146356612443924,62773
6630,217251840,0.6827352425165789,3.327133560180664,0.48495798110961913,0.01160736456513405,62799
6640,217579520,0.6818030123904574,3.3609073638916014,0.48695969581604004,0.011671189963817597,62794
6650,217907200,0.6808701631248927,3.3197395324707033,0.48145289421081544,0.011638906598091126,62793
6660,218234880,0.6799366991019075,3.332952117919922,0.4766801357269287,0.011525837332010269,62799
6670,218562560,0.6790026247064119,3.357410430908203,0.49849915504455566,0.011536940932273865,62794
6680,218890240,0.6780679443261837,3.3036781311035157,0.47826404571533204,0.011640428751707076,62802
6690,219217920,0.6771326623518468,3.3312660217285157,0.48598465919494627,0.011524222791194916,62819
6700,219545600,0.6761967831768516,3.3128665924072265,0.4731536865234375,0.011593498289585114,62779
6710,219873280,0.6752603111974533,3.3089046478271484,0.470778226852417,0.011506212502717971,62769
6720,220200960,0.6743232508126922,3.3634658813476563,0.4892699718475342,0.011602611094713212,62818
6730,220528640,0.6733856064243724,3.3566112518310547,0.49204745292663576,0.011528411507606506,62831
6740,220856320,0.6724473824370414,3.2354267120361326,0.4699054718017578,0.011659248173236847,62799
6750,221184000,0.6715085832579691,3.2952651977539062,0.47583732604980467,0.011639810353517532,62799
6760,221511680,0.6705692132971278,3.3061233520507813,0.48230509757995604,0.01157054677605629,62842
6770,221839360,0.6696292769671708,3.2367115020751953,0.4903146743774414,0.011532722413539887,62843
6780,222167040,0.6686887786834115,3.3238277435302734,0.480914831161499,0.011594486981630325,62823
6790,222494720,0.6677477228638038,3.3297237396240233,0.495500373840332,0.01166006550192833,62841
6800,222822400,0.6668061139289202,3.288946533203125,0.46799407005310056,0.011614488065242767,62813
6810,223150080,0.6658639563019313,3.324715805053711,0.49104819297790525,0.011646679788827895,62772
6820,223477760,0.6649212544085855,3.3385833740234374,0.48720221519470214,0.011500123143196105,62850
6830,223805440,0.6639780126771876,3.206630325317383,0.47784929275512694,0.011638614535331725,62867
6840,224133120,0.6630342355385784,3.3009586334228516,0.47892332077026367,0.011523350328207015,62815
6850,224460800,0.6620899274261136,3.2927425384521483,0.47757687568664553,0.011502615362405776,62838
6860,224788480,0.6611450927756435,3.3171676635742187,0.47040133476257323,0.011534580588340759,62790
6870,225116160,0.6601997360254913,3.3165054321289062,0.49765405654907224,0.011756980419158935,62814
6880,225443840,0.659253861616433,3.2571842193603517,0.4762422561645508,0.011520887166261673,62829
6890,225771520,0.6583074739916764,3.275558853149414,0.4820361614227295,0.011489903926849366,62822
6900,226099200,0.65736057759684,3.3133129119873046,0.48435325622558595,0.01162652149796486,62818
6910,226426880,0.656413176879932,3.3649669647216798,0.4952730655670166,0.011576695740222931,62796
6920,226754560,0.65546527629133,3.3740211486816407,0.493403959274292,0.011543940007686614,62816
6930,227082240,0.6545168802837597,3.3221580505371096,0.5133867263793945,0.011626826226711273,62821
6940,227409920,0.6535679933122733,3.3293670654296874,0.4880057811737061,0.011604677140712737,62836
6950,227737600,0.6526186198342305,3.2879730224609376,0.4784568786621094,0.01155628114938736,62819
6960,228065280,0.6516687643092755,3.35081787109375,0.4811647891998291,0.011473659425973892,62797
6970,228392960,0.6507184311993169,3.3332683563232424,0.49020729064941404,0.0115629181265831,62801
6980,228720640,0.6497676249685073,3.2811161041259767,0.49242262840270995,0.011690808087587356,62802
6990,229048320,0.648816350083221,3.2913742065429688,0.4856231689453125,0.011425081640481949,62834
7000,229376000,0.6478646110120344,3.2770011901855467,0.4889556407928467,0.011628217250108718,62812
7010,229703680,0.6469124122257043,3.277933883666992,0.47722716331481935,0.011491940170526505,62776
7020,230031360,0.6459597581971467,3.2932483673095705,0.4916965484619141,0.011572149395942689,62753
7030,230359040,0.6450066534014163,3.2096771240234374,0.47817173004150393,0.011608798801898957,62823
7040,230686720,0.6440531023156852,3.302585220336914,0.489569091796875,0.011576294153928756,62787
7050,231014400,0.643099109419222,3.290570068359375,0.4898675918579102,0.011553885042667389,62844
7060,231342080,0.6421446791933706,3.267124557495117,0.4881113052368164,0.011530999094247818,62813
7070,231669760,0.6411898161215294,3.281268310546875,0.4825234889984131,0.011478497833013534,62808
7080,231997440,0.6402345246891296,3.2665481567382812,0.6188121795654297,0.013830414414405823,62809
7090,232325120,0.6392788093836153,3.2528091430664063,0.4971163749694824,0.011590705811977386,62835
7100,232652800,0.6383226746944214,3.2228206634521483,0.6287623882293701,0.01247052550315857,62831
7110,232980480,0.6373661251129528,3.2259033203125,0.5093284130096436,0.011617656797170639,62822
7120,233308160,0.6364091651325631,3.2206043243408202,0.4915957450866699,0.01168142631649971,62757
7130,233635840,0.6354517992485343,3.33728141784668,0.5108393669128418,0.011601642519235612,62835
7140,233963520,0.6344940319580545,3.2905765533447267,0.4892371654510498,0.011516200751066208,62801
7150,234291200,0.6335358677601981,3.3038394927978514,0.49220852851867675,0.01152462363243103,62823
7160,234618880,0.6325773111559034,3.2933902740478516,0.5007050037384033,0.011659124493598938,62810
7170,234946560,0.631618366647952,3.279781723022461,0.48418846130371096,0.011524263769388199,62808
7180,235274240,0.6306590387409481,3.2708805084228514,0.4834092617034912,0.011520666629076004,62824
7190,235601920,0.6296993319412965,3.290083312988281,0.48648557662963865,0.011695627123117447,62784
7200,235929600,0.6287392507571821,3.3185855865478517,0.48067150115966795,0.01151009351015091,62813
7210,236257280,0.627778799698548,3.258475112915039,0.4932711124420166,0.01161620020866394,62786
7220,236584960,0.6268179832770756,3.2817623138427736,0.4884026527404785,0.011535593122243882,62823
7230,236912640,0.6258568060061616,3.2521488189697267,0.4895211696624756,0.011621443182229995,62828
7240,237240320,0.6248952724008985,3.284320068359375,0.4808906078338623,0.011651059240102768,62811
7250,237568000,0.6239333869780525,3.2889682769775392,0.5012012004852295,0.011593613028526305,62832
7260,237895680,0.6229711542560421,3.2577152252197266,0.493805456161499,0.011612815409898758,62773
7270,238223360,0.6220085787549176,3.2587867736816407,0.47818698883056643,0.011481957137584686,62808
7280,238551040,0.6210456649963396,3.2041839599609374,0.4828728199005127,0.011548443883657455,62824
7290,238878720,0.6200824175035572,3.261490249633789,0.4829855918884277,0.01152898445725441,62801
7300,239206400,0.6191188408013876,3.3023296356201173,0.4850306987762451,0.011655551940202713,62773
7310,239534080,0.618154939416194,3.2321380615234374,0.4924745559692383,0.011607186496257782,62819
7320,239861760,0.6171907178758654,3.245172119140625,0.4761878490447998,0.0114579938352108,62796
7330,240189440,0.6162261807097943,3.2935848236083984,0.49618964195251464,0.011591147631406784,62804
7340,240517120,0.615261332448856,3.293286895751953,0.4892102241516113,0.011536081880331039,62798
7350,240844800,0.6142961776253867,3.263071060180664,0.48596968650817873,0.011477212607860564,62802
7360,241172480,0.6133307207731634,3.2658451080322264,0.5107139110565185,0.012022991478443146,62788
7370,241500160,0.6123649664273816,3.256897735595703,0.4866753578186035,0.011579908430576324,62795
7380,241827840,0.6113989191246338,3.256910705566406,0.4947497367858887,0.011604441702365876,62816
7390,242155520,0.6104325834028894,3.258273696899414,0.48969111442565916,0.01156669557094574,62821
7400,242483200,0.6094659638014722,3.2971553802490234,0.490431547164917,0.01149311512708664,62820
7410,242810880,0.6084990648610393,3.255198669433594,0.48350701332092283,0.011601201444864272,62797
7420,243138560,0.6075318911235607,3.3412944793701174,0.4969648838043213,0.011566805839538574,62830
7430,243466240,0.6065644471322965,3.313980484008789,0.500719690322876,0.01135764792561531,62829
7440,243793920,0.6055967374317768,3.3462181091308594,0.49227471351623536,0.011655304580926895,62804
7450,244121600,0.6046287665677795,3.2887619018554686,0.4973136425018311,0.011543093621730805,62823
7460,244449280,0.6036605390873098,3.269142913818359,0.4950824737548828,0.011632243543863297,62791
7470,244776960,0.6026920595385779,3.267711639404297,0.5043504714965821,0.011486195772886277,62828
7480,245104640,0.6017233324709779,3.267972946166992,0.4896676063537598,0.011648763716220856,62800
7490,245432320,0.6007543624350674,3.1991525650024415,0.4871045112609863,0.011557039618492127,62821
7500,245760000,0.5997851539825445,3.1917697906494142,0.48138604164123533,0.011562968045473099,62834
7510,246087680,0.5988157116662278,3.213726043701172,0.4789564609527588,0.011513346433639526,62766
7520,246415360,0.5978460400400343,3.2179256439208985,0.4839426040649414,0.011499685794115066,62840
7530,246743040,0.5968761436589581,3.243052291870117,0.4960294723510742,0.011626707017421722,62802
7540,247070720,0.595906027079049,3.3012718200683593,0.49204578399658205,0.011449126154184341,62814
7550,247398400,0.5949356948573915,3.2321243286132812,0.49355711936950686,0.011533544212579728,62818
7560,247726080,0.593965151552083,3.2633861541748046,0.49277667999267577,0.011556941270828246,62786
7570,248053760,0.5929944017222119,3.201803207397461,0.4764664649963379,0.01152130365371704,62772
7580,248381440,0.5920234499278374,3.294218826293945,0.486189603805542,0.011514754593372345,62772
7590,248709120,0.5910523007299672,3.2480072021484374,0.49134674072265627,0.011611077189445495,62776
7600,249036800,0.5900809586905363,3.2976417541503906,0.4864006996154785,0.011478239297866821,62768
7610,249364480,0.5891094283723856,3.27113037109375,0.4830634593963623,0.01159311830997467,62756
7620,249692160,0.5881377143392402,3.304529571533203,0.4950366973876953,0.011657177656888961,62767
7630,250019840,0.5871658211556886,3.341845703125,0.5075284957885742,0.011555659770965575,62788
7640,250347520,0.5861937533871606,3.2243911743164064,0.5015470027923584,0.011455079913139344,62824
7650,250675200,0.585221515599906,3.269776153564453,0.5052005767822265,0.011489485204219819,62852
7660,251002880,0.5842491123609734,3.202922821044922,0.4937901973724365,0.011508337408304214,62830
7670,251330560,0.5832765482381888,3.297549819946289,0.4924443244934082,0.011597967892885207,62779
7680,251658240,0.5823038278001335,3.262506103515625,0.5241337776184082,0.011854609847068787,62793
7690,251985920,0.5813309556161232,3.2338016510009764,0.4861793041229248,0.01153714805841446,62791
7700,252313600,0.5803579362561871,3.261962127685547,0.4934526920318604,0.01157933920621872,62762
7710,252641280,0.5793847742910447,3.2976680755615235,0.48305597305297854,0.011524154990911483,62694
7720,252968960,0.5784114742920861,3.2610740661621094,0.4905979156494141,0.011590124666690826,62780
7730,253296640,0.5774380408313496,3.181512641906738,0.4963079929351807,0.011599680036306381,62794
7740,253624320,0.5764644784815004,3.233521270751953,0.49961185455322266,0.011731632053852081,62796
7750,253952000,0.575490791815809,3.2986934661865233,0.499124813079834,0.011572612076997757,62766
7760,254279680,0.5745169854081302,3.2762088775634766,0.494000244140625,0.011500003933906554,62795
7770,254607360,0.5735430638328811,3.2011436462402343,0.4857508659362793,0.011668319255113602,62779
7780,254935040,0.5725690316650198,3.2291065216064454,0.4922518730163574,0.011527885496616364,62768
7790,255262720,0.571594893480024,3.247564697265625,0.48482980728149416,0.011716189980506896,62794
7800,255590400,0.5706206538538694,3.2723461151123048,0.5085171699523926,0.011692646145820617,62797
7810,255918080,0.5696463173630077,3.288753890991211,0.5133779525756836,0.011690640449523925,62797
7820,256245760,0.5686718885843468,3.273112106323242,0.5000409603118896,0.011586876213550567,62812
7830,256573440,0.5676973720952269,3.251974868774414,0.5334401607513428,0.01204560324549675,62811
7840,256901120,0.5667227724734006,3.256316375732422,0.5141866683959961,0.011558201909065247,62790
7850,257228800,0.5657480942970116,3.288442611694336,0.5007503032684326,0.011554564535617828,62820
7860,257556480,0.5647733421445715,3.260720443725586,0.4842811107635498,0.01155850812792778,62819
7870,257884160,0.5637985205949405,3.2803985595703127,0.4914435863494873,0.011706872284412384,62773
7880,258211840,0.5628236342273044,3.2722068786621095,0.49222412109375,0.011519297957420349,62810
7890,258539520,0.5618486876211529,3.2671680450439453,0.48211965560913084,0.01159682422876358,62756
7900,258867200,0.5608736853562596,3.265725326538086,0.4900240898132324,0.011604305356740952,62812
7910,259194880,0.5598986320126588,3.252977752685547,0.490228271484375,0.011693015694618225,62792
7920,259522560,0.5589235321706254,3.152139663696289,0.4910231113433838,0.011546901613473892,62829
7930,259850240,0.557948390410652,3.263883590698242,0.5071468830108643,0.011641057580709458,62773
7940,260177920,0.5569732113134289,3.250225067138672,0.5016472816467286,0.011617644131183625,62790
7950,260505600,0.5559979994598211,3.228101348876953,0.5139397144317627,0.011722802370786666,62761
7960,260833280,0.5550227594308477,3.31121826171875,0.4981776237487793,0.011653020977973938,62779
7970,261160960,0.5540474958076603,3.187356948852539,0.4843159198760986,0.011536024510860443,62832
7980,261488640,0.5530722131715214,3.2428112030029297,0.4944429874420166,0.011719483137130737,62799
7990,261816320,0.5520969161037825,3.2413040161132813,0.5050754547119141,0.01161433607339859,62779
8000,262144000,0.551121609185863,3.280868911743164,0.5042964458465576,0.011630147695541382,62758
8010,262471680,0.5501462969992287,3.1841976165771486,0.4984799861907959,0.011683133989572525,62779
8020,262799360,0.5491709841253699,3.1948787689208986,0.49254889488220216,0.011595883965492248,62790
8030,263127040,0.5481956751457805,3.2354171752929686,0.4952224254608154,0.011628879606723786,62740
8040,263454720,0.5472203746419358,3.238384246826172,0.492582893371582,0.011612071096897126,62809
8050,263782400,0.5462450871952715,3.185139846801758,0.48967742919921875,0.011552588641643524,62802
8060,264110080,0.5452698173871616,3.186930465698242,0.5000027179718017,0.011675891280174256,62794
8070,264437760,0.5442945697988978,3.2504817962646486,0.48752245903015134,0.011601406335830688,62794
8080,264765440,0.5433193490116667,3.254777526855469,0.4940162658691406,0.011681798845529556,62809
8090,265093120,0.5423441596065299,3.2287425994873047,0.5103120803833008,0.01173120215535164,62797
8100,265420800,0.5413690061644008,3.238717269897461,0.49568843841552734,0.011732202023267746,62786
8110,265748480,0.5403938932660243,3.2308628082275392,0.5100487232208252,0.011621110141277313,62760
8120,266076160,0.5394188254919544,3.261666107177734,0.4931514739990234,0.011496884375810623,62760
8130,266403840,0.538443807422534,3.216046905517578,0.4942128658294678,0.011576705425977708,62792
8140,266731520,0.5374688436378715,3.222582244873047,0.4918842792510986,0.011601704359054565,62795
8150,267059200,0.5364939387178209,3.2624134063720702,0.4928001403808594,0.011574919521808624,62729
8160,267386880,0.5355190972419597,3.1525854110717773,0.49062356948852537,0.011629384756088258,62806
8170,267714560,0.5345443237895667,3.2707378387451174,0.4992648124694824,0.01155971884727478,62788
8180,268042240,0.5335696229396024,3.2400169372558594,0.5069520473480225,0.011681240797042847,62779
8190,268369920,0.532594999270685,3.24731330871582,0.4934402942657471,0.011560008674860001,62758
8200,268697600,0.5316204573610711,3.2957576751708983,0.5066524982452393,0.011639632284641266,62774
8210,269025280,0.5306460017886323,3.237498474121094,0.495922327041626,0.01157083660364151,62781
8220,269352960,0.5296716371308356,3.2578350067138673,0.49518232345581054,0.011601725220680236,62798
8230,269680640,0.5286973679647203,3.209156799316406,0.5061408519744873,0.01168195828795433,62757
8240,270008320,0.5277231988668772,3.2286056518554687,0.4925564765930176,0.011594714969396592,62779
8250,270336000,0.5267491344134275,3.209502410888672,0.502736759185791,0.01167287454009056,62809
8260,270663680,0.5257751791799999,3.2644985198974608,0.5086409091949463,0.011639099568128586,62803
8270,270991360,0.5248013377417113,3.2216567993164062,0.49701752662658694,0.011704844236373902,62779
8280,271319040,0.523827614673143,3.1653764724731444,0.49367656707763674,0.011583533883094788,62793
8290,271646720,0.5228540145483207,3.194252586364746,0.48876543045043946,0.011564701795578003,62810
8300,271974400,0.5218805419406926,3.2746631622314455,0.49827985763549804,0.011600536108016968,62796
8310,272302080,0.5209072014231075,3.1859617233276367,0.49176969528198244,0.011629705131053925,62825
8320,272629760,0.5199339975677946,3.261240005493164,0.4975155830383301,0.011515098810195922,62779
8330,272957440,0.51896093494634,3.259264373779297,0.49979219436645506,0.01152857467532158,62790
8340,273285120,0.5179880181296672,3.283853530883789,0.5087902545928955,0.011795051395893097,62738
8350,273612800,0.5170152516880143,3.1426280975341796,0.49712648391723635,0.01162172481417656,62799
8360,273940480,0.5160426401909136,3.226458740234375,0.5007615089416504,0.01163363978266716,62756
8370,274268160,0.5150701882071689,3.2538265228271483,0.4951171875,0.011590831726789475,62736
8380,274595840,0.514097900304835,3.244837188720703,0.5066072463989257,0.011557406932115554,62771
8390,274923520,0.5131257810511961,3.267030715942383,0.5359238624572754,0.011602743715047836,62765
8400,275251200,0.5121538350127436,3.2226463317871095,0.5072994232177734,0.011686135083436966,62749
8410,275578880,0.511182066755156,3.1419301986694337,0.49055848121643064,0.011608100682497024,62743
8420,275906560,0.510210480843276,3.2282077789306642,0.48619823455810546,0.011526088416576385,62738
8430,276234240,0.5092390818410902,3.205808639526367,0.501084852218628,0.011757609248161317,62744
8440,276561920,0.508267874311707,3.199281692504883,0.5008291721343994,0.011634524166584014,62781
8450,276889600,0.5072968628173354,3.2676971435546873,0.5039312362670898,0.01170380339026451,62760
8460,277217280,0.5063260519192636,3.2160743713378905,0.5089676856994629,0.011735394597053528,62768
8470,277544960,0.5053554461778373,3.2382091522216796,0.49563145637512207,0.011658908426761627,62719
8480,277872640,0.5043850501524388,3.18076171875,0.49693522453308103,0.011679500341415405,62736
8490,278200320,0.5034148684014648,3.2434261322021483,0.5279680252075195,0.011753583699464798,62749
8500,278528000,0.502444905482306,3.214094543457031,0.5079762458801269,0.011768797785043717,62762
8510,278855680,0.5014751659513248,3.2011482238769533,0.5084580421447754,0.01164589524269104,62753
8520,279183360,0.5005056543638344,3.1907417297363283,0.49927620887756347,0.01163858100771904,62740
8530,279511040,0.499536375274077,3.2264072418212892,0.5004934310913086,0.011659765243530273,62757
8540,279838720,0.4985673332352031,3.174622344970703,0.5048498153686524,0.01189771369099617,62742
8550,280166400,0.49759853279924915,3.2097244262695312,0.5062173366546631,0.011629150807857513,62771
8560,280494080,0.4966299785171171,3.2118976593017576,0.50380859375,0.011637566983699799,62765
8570,280821760,0.4956616749385523,3.1851642608642576,0.5067488670349121,0.011586208641529084,62778
8580,281149440,0.49469362661212246,3.263640594482422,0.5048518657684327,0.01144537702202797,62815
8590,281477120,0.49372583808519666,3.2714153289794923,0.4932122230529785,0.011627975851297379,62759
8600,281804800,0.4927583139039229,3.2197189331054688,0.5003427028656006,0.01168312281370163,62752
8610,282132480,0.49179105861320815,3.183995819091797,0.49654836654663087,0.011603908240795135,62737
8620,282460160,0.4908240767566955,3.239429473876953,0.5048525333404541,0.011622074991464615,62748
8630,282787840,0.48985737287674447,3.211060333251953,0.5051346778869629,0.011851762235164643,62752
8640,283115520,0.4888909515144081,3.227042007446289,0.5070277214050293,0.011673349142074584,62761
8650,283443200,0.4879248172094126,3.1933584213256836,0.5109833240509033,0.011548829078674317,62768
8660,283770880,0.4869589745001358,3.2489158630371096,0.5293652057647705,0.011633551865816116,62756
8670,284098560,0.48599342792358535,3.219720458984375,0.5173139572143555,0.011832886934280395,62768
8680,284426240,0.48502818201537845,3.2054882049560547,0.495817232131958,0.011671607941389084,62749
8690,284753920,0.48406324130971956,3.2001937866210937,0.505015754699707,0.011616747826337814,62774
8700,285081600,0.4830986103393794,3.1959224700927735,0.5003614902496338,0.011597078293561935,62755
8710,285409280,0.4821342936356737,3.2520126342773437,0.500339937210083,0.011621251702308655,62720
8720,285736960,0.4811702957284427,3.2470401763916015,0.5099487781524659,0.011715526133775711,62752
8730,286064640,0.48020662114602786,3.1912538528442385,0.5004120349884034,0.011723072826862335,62750
8740,286392320,0.4792432744152527,3.232277679443359,0.49922566413879393,0.011618342995643616,62751
8750,286720000,0.47828026006140056,3.2328212738037108,0.5100551605224609,0.011700201779603958,62759
8760,287047680,0.477317582608193,3.1430891036987303,0.4930455207824707,0.011737095564603806,62764
8770,287375360,0.4763552465777695,3.2183712005615233,0.511095666885376,0.011575429141521454,62748
8780,287703040,0.47539325649066544,3.1591821670532227,0.49548940658569335,0.011607444286346436,62784
8790,288030720,0.4744316168657915,3.20155029296875,0.5027402400970459,0.011754871904850006,62724
8800,288358400,0.47347033222041146,3.1949928283691404,0.5111892223358154,0.011705475300550461,62745
8810,288686080,0.47250940707012234,3.188524627685547,0.5055658340454101,0.011788155883550644,62744
8820,289013760,0.47154884592883173,3.160462760925293,0.5053187847137451,0.011667894572019577,62751
8830,289341440,0.4705886533087379,3.233847427368164,0.5075839996337891,0.011712555587291718,62736
8840,289669120,0.4696288337203076,3.1671634674072267,0.4940213203430176,0.011608731001615524,62775
8850,289996800,0.4686693916722554,3.1821224212646486,0.49959440231323243,0.011710449308156966,62698
8860,290324480,0.46771033167152265,3.176412582397461,0.5098344802856445,0.011748135834932328,62772
8870,290652160,0.4667516582232554,3.2400550842285156,0.5026025772094727,0.011624552309513092,62746
8880,290979840,0.46579337583078473,3.1856081008911135,0.4937901020050049,0.011702769994735717,62736
8890,291307520,0.4648354889956039,3.221240234375,0.5048313617706299,0.01161215379834175,62760
8900,291635200,0.4638780022173489,3.167359733581543,0.5011890888214111,0.011608077585697174,62771
8910,291962880,0.4629209199937757,3.195855903625488,0.5124494075775147,0.011681975424289703,62774
8920,292290560,0.46196424682074044,3.1931396484375,0.5029767036437989,0.011746072769165039,62734
8930,292618240,0.4610079871921775,3.141142463684082,0.5163547992706299,0.011759120970964432,62735
8940,292945920,0.4600521456000787,3.1936214447021483,0.5207806587219238,0.01174083724617958,62758
8950,293273600,0.4590967265344721,3.2166511535644533,0.5136476993560791,0.011659079045057297,62784
8960,293601280,0.4581417344834009,3.148731803894043,0.5369699478149415,0.012176211178302764,62784
8970,293928960,0.45718717393290287,3.1822771072387694,0.5181954383850098,0.011831176280975342,62750
8980,294256640,0.45623304936698816,3.1813962936401365,0.5092408180236816,0.011656226217746734,62737
8990,294584320,0.4552793652676195,3.177669143676758,0.509838342666626,0.011774934083223342,62743
9000,294912000,0.4543261261146899,3.185505676269531,0.49661998748779296,0.011609061062335968,62758
9010,295239680,0.45337333638600297,3.251844787597656,0.5152477264404297,0.01170789748430252,62750
9020,295567360,0.45242100055725065,3.239156723022461,0.5142529487609864,0.011765200644731522,62759
9030,295895040,0.45146912310199294,3.2347373962402344,0.5207082748413085,0.011682437360286712,62785
9040,296222720,0.4505177084916365,3.2063949584960936,0.5131941795349121,0.01173117384314537,62738
9050,296550400,0.44956676119541383,3.2648269653320314,0.5100521087646485,0.011753290146589278,62742
9060,296878080,0.4486162856803626,3.21605224609375,0.5045351028442383,0.011648593097925186,62765
9070,297205760,0.44766628641130346,3.166712188720703,0.5025684833526611,0.011693701148033142,62757
9080,297533440,0.4467167678508208,3.1384891510009765,0.5085971832275391,0.01192016750574112,62738
9090,297861120,0.44576773445924056,3.1898250579833984,0.5039961814880372,0.011809761822223663,62705
9100,298188800,0.4448191906946096,3.2444942474365233,0.5174043655395508,0.011722321808338165,62745
9110,298516480,0.44387114101267466,3.1686376571655273,0.5072795391082764,0.011560069024562835,62686
9120,298844160,0.44292358986686153,3.1528274536132814,0.5020949363708496,0.01156930923461914,62747
9130,299171840,0.4419765417082546,3.16075439453125,0.5088748931884766,0.011753924190998077,62750
9140,299499520,0.4410300009855749,3.1606418609619142,0.49001336097717285,0.011650585383176804,62739
9150,299827200,0.4400839721451604,3.157985496520996,0.5019816875457763,0.011758578568696975,62717
9160,300154880,0.43913845963094367,3.2051944732666016,0.5060465812683106,0.011700017750263214,62751
9170,300482560,0.4381934678844329,3.178057098388672,0.5064464092254639,0.011687538027763367,62747
9180,300810240,0.43724900134468936,3.199197196960449,0.5109894752502442,0.01168648824095726,62760
9190,301137920,0.4363050644483073,3.185351753234863,0.5073660373687744,0.011802903562784194,62739
9200,301465600,0.4353616616293928,3.263016128540039,0.5158908843994141,0.011738082766532898,62732
9210,301793280,0.4344187973195436,3.246144485473633,0.5206607818603516,0.011665259301662446,62721
9220,302120960,0.43347647594782734,3.1480667114257814,0.4972280502319336,0.01179431974887848,62748
9230,302448640,0.4325347019407614,3.240902328491211,0.5025007247924804,0.011787748336791993,62734
9240,302776320,0.43159347972229234,3.1915136337280274,0.5017455101013184,0.011657322198152542,62722
9250,303104000,0.43065281371377384,3.200479507446289,0.5034595966339112,0.011665016412734985,62775
9260,303431680,0.4297127083339477,3.1817317962646485,0.519910478591919,0.012028981000185013,62769
9270,303759360,0.4287731679989216,3.20755615234375,0.5135543823242188,0.01172974705696106,62728
9280,304087040,0.4278341971221492,3.151965522766113,0.5140748977661133,0.011795303225517273,62755
9290,304414720,0.4268958001144092,3.2086231231689455,0.5065951824188233,0.011699696630239486,62732
9300,304742400,0.42595798138378416,3.204904556274414,0.507554578781128,0.01180485039949417,62731
9310,305070080,0.4250207453356408,3.210973358154297,0.5073607444763184,0.01170823723077774,62711
9320,305397760,0.42408409637260824,3.2341724395751954,0.5136077404022217,0.011744122952222824,62729
9330,305725440,0.4231480388945583,3.19964599609375,0.49850873947143554,0.011712354421615601,62737
9340,306053120,0.4222125772985835,3.2088237762451173,0.507596206665039,0.011733988672494889,62732
9350,306380800,0.42127771597897823,3.142812728881836,0.5061489105224609,0.011614571511745452,62730
9360,306708480,0.4203434593272163,3.219827651977539,0.5072196960449219,0.01166168749332428,62729
9370,307036160,0.4194098117319315,3.1845703125,0.5101882934570312,0.011804305762052537,62740
9380,307363840,0.41847677757889645,3.1909673690795897,0.5201056480407715,0.011723635345697403,62734
9390,307691520,0.41754436125100236,3.225817108154297,0.516269302368164,0.011722878366708756,62728
9400,308019200,0.416612567128238,3.1677129745483397,0.5024654388427734,0.01168319135904312,62757
9410,308346880,0.41568139958766936,3.1174123764038084,0.5045956134796142,0.011776884645223617,62720
9420,308674560,0.41475086300341946,3.1619712829589846,0.5149781227111816,0.011854038387537003,62734
9430,309002240,0.41382096174664673,3.1485885620117187,0.5040362358093262,0.01174539178609848,62704
9440,309329920,0.412891700185526,3.2284568786621093,0.5151362895965577,0.011802183836698532,62720
9450,309657600,0.4119630826852264,3.1531620025634766,0.5135626792907715,0.011758852005004882,62731
9460,309985280,0.41103511360789224,3.2003738403320314,0.5198183536529541,0.011734291911125183,62731
9470,310312960,0.4101077973126215,3.1986953735351564,0.5116260528564454,0.011721885949373245,62735
9480,310640640,0.40918113815544555,3.115841293334961,0.4997545719146729,0.011744359880685807,62765
9490,310968320,0.40825514048930955,3.1471914291381835,0.5056487560272217,0.011794281750917434,62728
9500,311296000,0.4073298086640508,3.1802310943603516,0.508949613571167,0.011677586287260056,62725
9510,311623680,0.4064051470263791,3.1543018341064455,0.5104646682739258,0.011805222928524017,62716
9520,311951360,0.40548115991985556,3.2426307678222654,0.5195343017578125,0.011640699952840805,62749
9530,312279040,0.4045578516848737,3.1376171112060547,0.5172053337097168,0.011827811598777771,62771
9540,312606720,0.40363522665863694,3.1876094818115233,0.5154785633087158,0.011871837079524994,62733
9550,312934400,0.4027132891751404,3.2027774810791017,0.5193583011627197,0.011665264517068863,62751
9560,313262080,0.40179204356514864,3.1695531845092773,0.521647834777832,0.01163557544350624,62758
9570,313589760,0.4008714941561764,3.1304216384887695,0.5101156234741211,0.011745373904705047,62739
9580,313917440,0.3999516452724685,3.141900062561035,0.497055721282959,0.011793766915798188,62732
9590,314245120,0.39903250123497847,3.136550712585449,0.5010488033294678,0.011636316776275635,62730
9600,314572800,0.3981140663613494,3.2000125885009765,0.5266300201416015,0.011683964729309082,62756
9610,314900480,0.3971963449658923,3.2188793182373048,0.5241248130798339,0.011676614731550216,62659
9620,315228160,0.39627934135956777,3.1501144409179687,0.5042462825775147,0.011514897644519805,62747
9630,315555840,0.3953630598499638,3.205178070068359,0.5100152015686035,0.01186530441045761,62711
9640,315883520,0.3944475047412763,3.2058197021484376,0.516225528717041,0.011742708832025528,62726
9650,316211200,0.3935326803342897,3.2144203186035156,0.519355058670044,0.011796154081821442,62730
9660,316538880,0.3926185909263551,3.2496952056884765,0.5129112720489502,0.011764997988939286,62704
9670,316866560,0.3917052408113716,3.182358169555664,0.5245376586914062,0.011826040595769883,62704
9680,317194240,0.39079263427976507,3.1744855880737304,0.5368943691253663,0.01180603951215744,62711
9690,317521920,0.389880775618469,3.182914924621582,0.5312650680541993,0.011597398668527603,62744
9700,317849600,0.388969669110903,3.1789678573608398,0.5113723754882813,0.011764590442180634,62738
9710,318177280,0.38805931903695423,3.1924812316894533,0.5255699157714844,0.01190032809972763,62720
9720,318504960,0.38714972967295613,3.140726661682129,0.5141667366027832,0.01164902225136757,62723
9730,318832640,0.38624090529166855,3.1327402114868166,0.5028883934020996,0.011673634499311447,62759
9740,319160320,0.3853328501622585,3.141278839111328,0.5102074623107911,0.011829421669244767,62727
9750,319488000,0.38442556855027865,3.22503547668457,0.526013708114624,0.011789390444755554,62733
9760,319815680,0.38351906471764896,3.176101493835449,0.5196933746337891,0.011873579025268555,62735
9770,320143360,0.3826133429226348,3.19393253326416,0.519794511795044,0.011654767394065856,62725
9780,320471040,0.38170840741982925,3.19095516204834,0.5113113403320313,0.011686022579669952,62735
9790,320798720,0.38080426246013044,3.1532068252563477,0.5178981304168702,0.011727716028690337,62735
9800,321126400,0.379900912290724,3.101752281188965,0.5087051868438721,0.01189793273806572,62733
9810,321454080,0.3789983611550616,3.181146812438965,0.5156344413757324,0.011626732349395753,62758
9820,321781760,0.3780966132928413,3.1905849456787108,0.5217343807220459,0.011665281653404237,62710
9830,322109440,0.37719567293998824,3.183000373840332,0.5128953933715821,0.011807405948638916,62692
9840,322437120,0.3762955443286341,3.1483539581298827,0.5189680576324462,0.011730001121759415,62722
9850,322764800,0.37539623168709757,3.24194450378418,0.5191105842590332,0.011823859065771103,62704
9860,323092480,0.37449773923986396,3.110565948486328,0.5143848419189453,0.01183943748474121,62729
9870,323420160,0.37360007120756655,3.196442222595215,0.5165750980377197,0.011749233305454253,62699
9880,323747840,0.37270323180696474,3.1661069869995115,0.512743330001831,0.011745838820934296,62712
9890,324075520,0.3718072252509268,3.1247901916503906,0.5142602920532227,0.011884552240371705,62702
9900,324403200,0.370912055748408,3.1844369888305666,0.511044692993164,0.011734189093112945,62712
9910,324730880,0.3700177275044315,3.1808540344238283,0.5190980434417725,0.011728272587060929,62712
9920,325058560,0.369124244720069,3.1298322677612305,0.5119908809661865,0.011933291703462601,62670
9930,325386240,0.36823161159242057,3.143675994873047,0.5102077484130859,0.01183178871870041,62716
9940,325713920,0.3673398323145951,3.163942337036133,0.5055084228515625,0.011753471940755844,62714
9950,326041600,0.36644891107569044,3.1916656494140625,0.5159806728363037,0.011795641481876373,62724
9960,326369280,0.3655588520607741,3.1744518280029297,0.5114531517028809,0.011977472901344299,62676
9970,326696960,0.3646696594508628,3.2189266204833986,0.5123611927032471,0.011725235730409622,62707
9980,327024640,0.3637813374229041,3.1588008880615233,0.5142205238342286,0.01185922771692276,62694
9990,327352320,0.36289389014975526,3.1203794479370117,0.5209047794342041,0.011807207018136978,62690
10000,327680000,0.3620073218001649,3.157219886779785,0.515626335144043,0.011665070801973343,62720
10010,328007680,0.3611216365387533,3.2079200744628906,0.5260176181793212,0.01179903969168663,62703
10020,328335360,0.360236838525991,3.165434455871582,0.527958345413208,0.011740528792142869,62725
10030,328663040,0.3593529319181825,3.197762870788574,0.522712230682373,0.011810043454170227,62686
10040,328990720,0.35846992086744367,3.143954849243164,0.5169708728790283,0.011720804870128632,62728
10050,329318400,0.35758780952168456,3.1824960708618164,0.5285067558288574,0.011905621737241745,62738
10060,329646080,0.3567066020245879,3.125951957702637,0.5118429660797119,0.011788021028041839,62715
10070,329973760,0.35582630251559155,3.152585983276367,0.5138651847839355,0.011826784908771515,62713
10080,330301440,0.3549469151298672,3.094674301147461,0.5079134941101074,0.011811357736587525,62734
10090,330629120,0.3540684439983024,3.1435626983642577,0.5235590934753418,0.012036313861608505,62725
10100,330956800,0.3531908932474809,3.1810497283935546,0.5224842548370361,0.011722291260957718,62746
10110,331284480,0.3523142669996624,3.1830909729003904,0.5293574333190918,0.011928713321685791,62689
10120,331612160,0.3514385693727643,3.1742992401123047,0.5347173690795899,0.011724387854337692,62720
10130,331939840,0.3505638044803414,3.160069465637207,0.5158798694610596,0.011764410883188248,62721
10140,332267520,0.3496899764315674,3.1966758728027345,0.5307329177856446,0.011797165125608444,62713
10150,332595200,0.3488170893312148,3.1171947479248048,0.5160951614379883,0.011946149170398712,62714
10160,332922880,0.34794514727963644,3.0958980560302733,0.5136450290679931,0.01173207238316536,62735
10170,333250560,0.3470741543727457,3.1430086135864257,0.5279601097106934,0.011800773441791534,62718
10180,333578240,0.346204114701997,3.107056999206543,0.5192206382751465,0.011820796132087707,62737
10190,333905920,0.345335032354368,3.1843616485595705,0.5205012321472168,0.011870566010475158,62673
10200,334233600,0.34446691141233793,3.1259164810180664,0.5172493934631348,0.012002518773078919,62704
10210,334561280,0.34359975595387116,3.0744260787963866,0.5148765087127686,0.01173705980181694,62733
10220,334888960,0.3427335700523958,3.1826168060302735,0.5204452037811279,0.011800478398799896,62721
10230,335216640,0.3418683577767862,3.203473663330078,0.5171393394470215,0.011858204007148742,62708
10240,335544320,0.34100412319134277,3.1643978118896485,0.5248549938201904,0.011678890138864518,62737
10250,335872000,0.34014087035577323,3.1842630386352537,0.5285324096679688,0.011977273225784301,62690
10260,336199680,0.33927860332517384,3.212319183349609,0.5234309196472168,0.011822408437728882,62696
10270,336527360,0.3384173261500096,3.087142562866211,0.5211588382720947,0.011677638441324235,62760
10280,336855040,0.33755704287609634,3.1553970336914063,0.5299330234527588,0.011786627024412155,62731
10290,337182720,0.3366977575445804,3.1485668182373048,0.5166905403137207,0.011816972494125366,62696
10300,337510400,0.3358394741919212,3.1274805068969727,0.5141614437103271,0.01171308159828186,62728
10310,337838080,0.33498219684987046,3.235617446899414,0.5210497856140137,0.01186702698469162,62702
10320,338165760,0.3341259295454547,3.2015499114990233,0.5169525146484375,0.011734004318714141,62703
10330,338493440,0.33327067630095575,3.2142929077148437,0.5269890785217285,0.011996620148420335,62712
10340,338821120,0.3324164411338921,3.147013282775879,0.5209644794464111,0.011680202186107635,62745
10350,339148800,0.33156322805699956,3.1321943283081053,0.511281681060791,0.011824023723602296,62763
10360,339476480,0.3307110410782127,3.1417058944702148,0.5166459560394288,0.011838798224925996,62713
10370,339804160,0.32985988420064666,3.1905670166015625,0.518834114074707,0.011790665239095688,62683
10380,340131840,0.3290097614225766,3.113275718688965,0.515025520324707,0.011913742125034332,62698
10390,340459520,0.3281606767374211,3.157643127441406,0.5285433769226074,0.011956904083490372,62714
10400,340787200,0.3273126341337218,3.1841524124145506,0.5243025302886963,0.011711622774600982,62705
10410,341114880,0.3264656375951254,3.0925338745117186,0.5235280990600586,0.011894260346889497,62682
10420,341442560,0.3256196911003647,3.0915449142456053,0.5144774436950683,0.01187320500612259,62740
10430,341770240,0.3247747986232399,3.1338516235351563,0.5193563938140869,0.011795929074287415,62741
10440,342097920,0.3239309641325999,3.1752891540527344,0.5220154285430908,0.011825847625732421,62707
10450,342425600,0.3230881915923239,3.153729248046875,0.5219625949859619,0.011836059391498566,62733
10460,342753280,0.32224648496130276,3.190311813354492,0.5353804588317871,0.011971969157457352,62726
10470,343080960,0.32140584819341994,3.153389739990234,0.5349245548248291,0.011966636031866073,62736
10480,343408640,0.3205662852375337,3.1487382888793944,0.5178986072540284,0.011852400004863739,62703
10490,343736320,0.3197278000374577,3.115437126159668,0.5158559799194335,0.011869681626558303,62715
10500,344064000,0.31889039653194307,3.099696731567383,0.5300922870635987,0.011867766827344894,62738
10510,344391680,0.31805407865465946,3.109736442565918,0.5265406131744385,0.01177254393696785,62751
10520,344719360,0.31721885033417746,3.134639358520508,0.520967674255371,0.011839368939399719,62736
10530,345047040,0.3163847154939489,3.1375829696655275,0.5298178672790528,0.011921541392803192,62754
10540,345374720,0.3155516780522891,3.1787370681762694,0.5279240131378173,0.011787953227758408,62757
10550,345702400,0.31471974192235896,3.0939117431640626,0.5066929340362549,0.011730773001909256,62768
10560,346030080,0.313888911012145,3.203380584716797,0.5388260364532471,0.01213771551847458,62727
10570,346357760,0.3130591892244431,3.1490177154541015,0.5144745826721191,0.011858348548412324,62724
10580,346685440,0.31223058045683816,3.161845397949219,0.5305038452148437,0.0117414690554142,62737
10590,347013120,0.3114030886016875,3.14654541015625,0.5104129791259766,0.011861629039049148,62706
10600,347340800,0.31057671754610106,3.1208417892456053,0.5257128238677978,0.011898776888847351,62718
10610,347668480,0.30975147117192475,3.067372703552246,0.5188986301422119,0.011905701458454132,62716
10620,347996160,0.3089273533557203,3.208543395996094,0.5222911357879638,0.011925573647022247,62703
10630,348323840,0.3081043679687486,3.1499469757080076,0.5191267013549805,0.011824400722980499,62717
10640,348651520,0.30728251887695135,3.18031005859375,0.5334812641143799,0.011809077858924866,62744
10650,348979200,0.30646180994093186,3.123538589477539,0.5229496002197266,0.011924705654382705,62714
10660,349306880,0.3056422450159381,3.102180290222168,0.512267780303955,0.011812587082386018,62700
10670,349634560,0.30482382795184393,3.087367057800293,0.5112226009368896,0.011797638237476349,62707
10680,349962240,0.3040065625931312,3.1712114334106447,0.524901294708252,0.011908914148807525,62661
10690,350289920,0.30319045277887136,3.1029504776000976,0.5334524154663086,0.012193380296230317,62717
10700,350617600,0.3023755023427084,3.115936851501465,0.5173662662506103,0.011848232895135879,62740
10710,350945280,0.3015617151128396,3.1794921875,0.5278231620788574,0.011921970546245575,62646
10720,351272960,0.3007490949119982,3.135793685913086,0.5289531707763672,0.011938228458166122,62708
10730,351600640,0.2999376455574358,3.1757843017578127,0.5178174018859864,0.011727217584848404,62729
10740,351928320,0.29912737086090346,3.201007080078125,0.5182640552520752,0.011861391365528107,62739
10750,352256000,0.2983182746286347,3.1457489013671873,0.5145001411437988,0.011921390146017074,62712
10760,352583680,0.29751036066132674,3.128055953979492,0.5341227531433106,0.012010395526885986,62737
10770,352911360,0.29670363275412404,3.163819122314453,0.532029104232788,0.011727648973464965,62750
10780,353239040,0.2958980946965986,3.0945808410644533,0.51412353515625,0.011809194833040238,62748
10790,353566720,0.2950937502727342,3.0900869369506836,0.5091338157653809,0.011889281123876572,62707
10800,353894400,0.2942906032609065,3.1578191757202148,0.5281785011291504,0.011973117291927338,62704
10810,354222080,0.29348865743386676,3.1068393707275392,0.5162745475769043,0.011857102811336517,62705
10820,354549760,0.2926879165587243,3.084189033508301,0.5126920700073242,0.011940875649452209,62726
10830,354877440,0.2918883843969272,3.115835189819336,0.5275004863739013,0.011830169707536697,62744
10840,355205120,0.2910900647042468,3.1472394943237303,0.5313617706298828,0.011946037411689758,62729
10850,355532800,0.29029296123075793,3.167768669128418,0.5327736377716065,0.011994761228561402,62703
10860,355860480,0.2894970777208227,3.109303283691406,0.524618673324585,0.011811081320047379,62746
10870,356188160,0.2887024179130724,3.1136600494384767,0.5201884746551514,0.011938042193651199,62737
10880,356515840,0.28790898554039035,3.1724313735961913,0.5210365772247314,0.011812541633844376,62698
10890,356843520,0.2871167843298935,3.140670394897461,0.5261173725128174,0.011947236955165863,62688
10900,357171200,0.28632581800291573,3.162654685974121,0.5317087650299073,0.01191484034061432,62731
10910,357498880,0.2855360902749904,3.1181093215942384,0.5191558837890625,0.012021651118993759,62635
10920,357826560,0.2847476048558321,3.117501068115234,0.517780876159668,0.012039775401353836,62696
10930,358154240,0.2839603654493199,3.12301025390625,0.5222659587860108,0.011929609626531602,62714
10940,358481920,0.2831743757534798,3.1610130310058593,0.51838059425354,0.011898642778396607,62714
10950,358809600,0.2823896394604675,3.100872802734375,0.5296116828918457,0.01177823543548584,62738
10960,359137280,0.2816061602565507,3.1712778091430662,0.5358576774597168,0.012034550309181213,62707
10970,359464960,0.2808239418220919,3.1546377182006835,0.5288496971130371,0.011935096979141236,62735
10980,359792640,0.2800429878315313,3.1568780899047852,0.5251248836517334,0.01196933165192604,62703
10990,360120320,0.27926330195336935,3.166046142578125,0.5389840602874756,0.011981362104415893,62724
11000,360448000,0.2784848878501499,3.1529706954956054,0.5184087753295898,0.011974386870861053,62697
11010,360775680,0.2777077491784421,3.1661882400512695,0.5228212356567383,0.011844560503959656,62761
11020,361103360,0.27693188958882464,3.1197797775268556,0.5232641220092773,0.011722902953624725,62758
11030,361431040,0.27615731272586685,3.0856428146362305,0.5126608371734619,0.011958111822605134,62708
11040,361758720,0.2753840222281132,3.1411182403564455,0.5202032566070557,0.011817996948957443,62725
11050,362086400,0.27461202172806515,3.1670604705810548,0.5320131778717041,0.011941291391849518,62717
11060,362414080,0.27384131485216434,3.0610187530517576,0.5133925914764405,0.011954954266548157,62705
11070,362741760,0.27307190522077623,3.125942039489746,0.5252710342407226,0.012002627551555633,62689
11080,363069440,0.2723037964481719,3.107183074951172,0.5139665126800537,0.011892450600862503,62723
11090,363397120,0.27153699214251215,3.16888542175293,0.5179807186126709,0.011972063779830932,62696
11100,363724800,0.27077149590582994,3.119950866699219,0.5193320751190186,0.011924746632575988,62701
11110,364052480,0.27000731133401334,3.133149337768555,0.5237726211547852,0.011982906609773636,62678
11120,364380160,0.2692444420167893,3.16475887298584,0.5253872871398926,0.011820511519908905,62734
11130,364707840,0.26848289153770644,3.144527626037598,0.5329216003417969,0.011940235644578934,62699
11140,365035520,0.267722663474118,3.1245706558227537,0.5360188961029053,0.011939921230077744,62717
11150,365363200,0.2669637613971651,3.1352680206298826,0.5198960781097413,0.011918479204177856,62702
11160,365690880,0.2662061888717604,3.142647552490234,0.5257010459899902,0.011977645009756089,62722
11170,366018560,0.26544994945657074,3.1738458633422852,0.5294270038604736,0.01185116171836853,62738
11180,366346240,0.2646950467040012,3.153685760498047,0.5306340217590332,0.011928872764110565,62717
11190,366673920,0.26394148416017726,3.108590507507324,0.5174723625183105,0.012029364705085754,62708
11200,367001600,0.2631892653649296,3.137132453918457,0.5167174339294434,0.01201697438955307,62727
11210,367329280,0.26243839385177614,3.125777244567871,0.5192059516906739,0.01201506108045578,62696
11220,367656960,0.261688873147906,3.0828178405761717,0.536223030090332,0.011897599697113037,62743
11230,367984640,0.2609407067741632,3.105394172668457,0.5375341892242431,0.012040509283542633,62765
11240,368312320,0.2601938982450296,3.095514488220215,0.5323775768280029,0.012039902061223984,62737
11250,368640000,0.2594484510686089,3.101547431945801,0.5364891529083252,0.01199241280555725,62730
11260,368967680,0.2587043687466096,3.1060855865478514,0.5263524055480957,0.011905587464570998,62717
11270,369295360,0.2579616547743293,3.1449174880981445,0.5264916896820069,0.011994758248329162,62716
11280,369623040,0.2572203126406374,3.1015142440795898,0.5289437294006347,0.01200151965022087,62733
11290,369950720,0.25648034582795914,3.1366191864013673,0.5246320724487304,0.011926834285259248,62653
11300,370278400,0.2557417578122594,3.108367347717285,0.5214186191558838,0.011896739900112151,62716
11310,370606080,0.2550045520630264,3.130064010620117,0.517082405090332,0.011935845762491227,62730
11320,370933760,0.25426873204325495,3.0748517990112303,0.5243686199188232,0.011989156156778336,62757
11330,371261440,0.2535343012094305,3.071652412414551,0.5276182651519775,0.0119060218334198,62748
11340,371589120,0.25280126301151284,3.1294761657714845,0.5256052494049073,0.011973300576210022,62752
11350,371916800,0.25206962089291973,3.14084529876709,0.5388824462890625,0.01208825558423996,62766
11360,372244480,0.2513393782905116,3.0939096450805663,0.5293491840362549,0.011985395103693008,62735
11370,372572160,0.25061053863457383,3.126519966125488,0.5235635280609131,0.011903920024633408,62750
11380,372899840,0.24988310534880215,3.1404056549072266,0.5261019706726074,0.011926025897264481,62751
11390,373227520,0.24915708185028554,3.098585319519043,0.5245200157165527,0.01190454289317131,62692
11400,373555200,0.2484324715494908,3.103778266906738,0.5299972534179688,0.011943428218364716,62719
11410,373882880,0.24770927785024613,3.0474924087524413,0.5203342914581299,0.011882615089416505,62743
11420,374210560,0.24698750414972515,3.055902290344238,0.5249804973602294,0.011856887489557266,62764
11430,374538240,0.2462671538384317,3.128789710998535,0.5260454177856445,0.011938896775245667,62725
11440,374865920,0.24554823030018252,3.0882883071899414,0.5270586967468261,0.012147074192762375,62706
11450,375193600,0.24483073691209287,3.1097219467163084,0.5225050926208497,0.012019822746515274,62738
11460,375521280,0.24411467704455944,3.121128463745117,0.5242105484008789,0.012010852247476578,62700
11470,375848960,0.24340005406124518,3.09106388092041,0.5213839530944824,0.012075583636760711,62706
11480,376176640,0.24268687131906316,3.128954315185547,0.5238755226135254,0.011995743215084075,62725
11490,376504320,0.24197513216816144,3.161747360229492,0.5391281604766845,0.011988738924264908,62757
11500,376832000,0.24126483995190637,3.0903547286987303,0.5243717670440674,0.012109002470970154,62711
11510,377159680,0.24055599800686764,3.139653205871582,0.5232850074768066,0.011974252760410309,62611
11520,377487360,0.23984860966280222,3.061189651489258,0.5355844497680664,0.012101475894451142,62743
11530,377815040,0.2391426782426388,3.0669246673583985,0.5322851181030274,0.011971192806959153,62706
11540,378142720,0.2384382070624626,3.1412500381469726,0.5348149299621582,0.012008123099803925,62725
11550,378470400,0.23773519943149887,3.1347558975219725,0.5260769844055175,0.011970902979373931,62715
11560,378798080,0.23703365865209847,3.120922660827637,0.5335909366607666,0.012001281231641769,62722
11570,379125760,0.23633358801972137,3.0812469482421876,0.5285065650939942,0.012015738338232041,62714
11580,379453440,0.2356349908229217,3.075496292114258,0.5284461498260498,0.011922543495893478,62720
11590,379781120,0.23493787034333216,3.1864496231079102,0.5418139457702636,0.011991196870803833,62684
11600,380108800,0.23424222985564858,3.073992919921875,0.5198495864868165,0.011922679841518402,62714
11610,380436480,0.23354807262761487,3.1214225769042967,0.5185462474822998,0.011931891739368438,62622
11620,380764160,0.232855401920007,3.084501266479492,0.5186262130737305,0.01201729103922844,62699
11630,381091840,0.2321642209866184,3.1124073028564454,0.5259570598602294,0.01202942356467247,62714
11640,381419520,0.23147453307424415,3.0973365783691404,0.5300881385803222,0.01198212131857872,62730
11650,381747200,0.230786341422666,3.1067975997924804,0.5291244506835937,0.012082257121801377,62730
11660,382074880,0.2300996492646368,3.100670051574707,0.5583499908447266,0.012123794853687286,62699
11670,382402560,0.2294144598258662,3.1358882904052736,0.5443015098571777,0.0119664303958416,62710
11680,382730240,0.2287307763250043,3.1808305740356446,0.5395009994506836,0.012192223966121674,62697
11690,383057920,0.2280486019736274,3.1179183959960937,0.5194372653961181,0.01201397106051445,62697
11700,383385600,0.22736793997622248,3.110235023498535,0.521143102645874,0.01205184981226921,62700
11710,383713280,0.2266887935301724,3.040383720397949,0.5173474788665772,0.012104503810405731,62674
11720,384040960,0.22601116582574088,3.0945384979248045,0.5218921184539795,0.011920980364084243,62726
11730,384368640,0.22533506004605705,3.0334543228149413,0.531519079208374,0.012030648440122605,62749
11740,384696320,0.2246604793671014,3.105355072021484,0.5244907855987548,0.011967197805643082,62742
11750,385024000,0.22398742695768986,3.076061820983887,0.5224399089813232,0.012049167603254318,62727
11760,385351680,0.22331590597945955,3.0938783645629884,0.5349635601043701,0.012075705826282502,62730
11770,385679360,0.22264591958685376,3.1803178787231445,0.5414262771606445,0.01194094493985176,62696
11780,386007040,0.22197747092710685,3.0637401580810546,0.521351432800293,0.012096705287694931,62696
11790,386334720,0.22131056314023037,3.1061473846435548,0.5230608463287354,0.012068600952625274,62695
11800,386662400,0.22064519935899696,3.1168041229248047,0.5260820388793945,0.012020447850227356,62701
11810,386990080,0.21998138270892706,3.1032554626464846,0.534788990020752,0.012041047215461731,62703
11820,387317760,0.21931911630827294,3.1162927627563475,0.5329503536224365,0.012101911753416062,62694
11830,387645440,0.21865840326800487,3.072441291809082,0.5281682014465332,0.011901354789733887,62739
11840,387973120,0.2179992466917961,3.09509334564209,0.5355014801025391,0.012091211229562759,62696
11850,388300800,0.21734164967600889,3.093021774291992,0.5196144104003906,0.011963609606027603,62730
11860,388628480,0.2166856153096791,3.128043365478516,0.536467456817627,0.012179363518953323,62704
11870,388956160,0.21603114667450216,3.1106340408325197,0.529308557510376,0.011988117545843124,62689
11880,389283840,0.21537824684481896,3.1282464981079103,0.5450424194335938,0.012013134360313416,62725
11890,389611520,0.21472691888760015,3.13553409576416,0.5304728031158448,0.012101352214813232,62715
11900,389939200,0.21407716586243347,3.0532501220703123,0.5237156391143799,0.012082003057003021,62670
11910,390266880,0.21342899082150785,3.107952690124512,0.5296205997467041,0.012046947330236434,62689
11920,390594560,0.2127823968096001,3.075885009765625,0.5205069065093995,0.012081310153007507,62718
11930,390922240,0.21213738686406003,3.076223945617676,0.5255399227142334,0.011964478343725205,62709
11940,391249920,0.2114939640147963,3.1015005111694336,0.5210448741912842,0.011928535252809524,62700
11950,391577600,0.21085213128426236,3.1052032470703126,0.5255012512207031,0.012004846334457397,62678
11960,391905280,0.21021189168744198,3.045512390136719,0.5202435970306396,0.012127771973609924,62668
11970,392232960,0.2095732482318356,3.0801815032958983,0.5296745777130127,0.012181605398654937,62713
11980,392560640,0.20893620391744544,3.0561851501464843,0.5269254207611084,0.012135361135005952,62698
11990,392888320,0.2083007617367621,3.1312381744384767,0.5383164405822753,0.011990886926651002,62725
12000,393216000,0.20766692467475006,3.155631256103516,0.5527700424194336,0.0120096854865551,62696
12010,393543680,0.207034695708834,3.056168556213379,0.524997329711914,0.011992447078227997,62724
12020,393871360,0.20640407780888423,3.120840835571289,0.5349021911621094,0.012140221148729324,62698
12030,394199040,0.20577507393720368,3.105864334106445,0.5271087169647217,0.012036489695310593,62678
12040,394526720,0.20514768704851313,3.098714065551758,0.5223871231079101,0.012009499967098236,62705
12050,394854400,0.20452192008993753,3.0910078048706056,0.5308335781097412,0.012029258161783218,62695
12060,395182080,0.20389777600099285,3.11743278503418,0.5393052101135254,0.011912014335393906,62712
12070,395509760,0.2032752577135708,3.0999746322631836,0.5406272888183594,0.01220887154340744,62698
12080,395837440,0.20265436815192675,3.1341548919677735,0.5445514678955078,0.012104502320289612,62689
12090,396165120,0.20203511023266468,3.0432769775390627,0.5267482280731202,0.012039384990930557,62705
12100,396492800,0.20141748686472444,3.0864013671875,0.5356564521789551,0.012101180851459503,62686
12110,396820480,0.20080150094936725,3.071710395812988,0.5196858406066894,0.012059076130390168,62633
12120,397148160,0.20018715538016268,3.0380109786987304,0.5269862651824951,0.012068961560726166,62705
12130,397475840,0.1995744530429747,3.1154422760009766,0.5372919082641602,0.012274602055549621,62707
12140,397803520,0.1989633968159482,3.0458711624145507,0.5107766628265381,0.012076111137866974,62640
12150,398131200,0.19835398956949601,3.0759695053100584,0.5289785385131835,0.012084831297397614,62687
12160,398458880,0.19774623416628423,3.0658315658569335,0.5361234188079834,0.012204711884260177,62676
12170,398786560,0.1971401334612201,3.086325263977051,0.5329206466674805,0.012054506689310074,62683
12180,399114240,0.19653569030143775,3.0769702911376955,0.5383223056793213,0.012213204801082612,62668
12190,399441920,0.19593290752628495,3.115212059020996,0.5412903785705566,0.012001665681600571,62692
12200,399769600,0.1953317879673098,3.1301427841186524,0.5387652397155762,0.01192668229341507,62682
12210,400097280,0.194732334448248,3.092164421081543,0.5252539634704589,0.012037556618452072,62663
12220,400424960,0.1941345497850086,3.1210968017578127,0.536880350112915,0.012061849236488342,62707
12230,400752640,0.19353843678566138,3.1228261947631837,0.5420344352722168,0.011994294822216034,62698
12240,401080320,0.1929439982504239,3.160041618347168,0.5393307209014893,0.01201254203915596,62698
12250,401408000,0.1923512369716472,3.064982795715332,0.5245677471160889,0.012274303287267686,62651
12260,401735680,0.19176015573380445,3.128372001647949,0.5257791042327881,0.012067832052707672,62681
12270,402063360,0.191170757313476,3.0499792098999023,0.5346421241760254,0.012141506373882293,62722
12280,402391040,0.19058304447933802,3.1080644607543944,0.532069206237793,0.012104968726634979,62697
12290,402718720,0.1899970199921481,3.104652214050293,0.5327273368835449,0.01217142716050148,62697
12300,403046400,0.1894126866047332,3.038690948486328,0.5364208221435547,0.012123047560453414,62684
12310,403374080,0.1888300470619763,3.117032051086426,0.551793909072876,0.012072890251874923,62714
12320,403701760,0.18824910410080348,3.0889076232910155,0.5419362545013428,0.012201729416847228,62651
12330,404029440,0.18766986045017167,3.0377248764038085,0.5318705081939697,0.012092210352420807,62676
12340,404357120,0.18709231883105468,3.1816225051879883,0.5510581016540528,0.011948077380657196,62699
12350,404684800,0.18651648195643172,3.1412446975708006,0.5390411376953125,0.012093207985162734,62676
12360,405012480,0.18594235253127372,3.0950763702392576,0.5343283653259278,0.012015891820192337,62662
12370,405340160,0.18536993325253082,3.136557769775391,0.5437930583953857,0.012187662720680236,62651
12380,405667840,0.18479922680912014,3.1020380020141602,0.5375653743743897,0.012082194536924362,62697
12390,405995520,0.1842302358819124,3.0533926010131838,0.5390557289123535,0.012005427479743957,62692
12400,406323200,0.18366296314372033,3.029659461975098,0.5203969955444336,0.012017578631639481,62684
12410,406650880,0.18309741125928486,3.140888214111328,0.5437273979187012,0.012077497690916062,62677
12420,406978560,0.18253358288526406,3.123210144042969,0.5323020935058593,0.012067653983831406,62642
12430,407306240,0.18197148067021893,3.0775066375732423,0.5552377700805664,0.012174341827630997,62620
12440,407633920,0.18141110725460283,3.021722984313965,0.5291409015655517,0.012209374457597733,62637
12450,407961600,0.1808524652707474,3.083786392211914,0.5420979022979736,0.012240092456340789,62660
12460,408289280,0.18029555734285163,3.0883810043334963,0.5293474674224854,0.012063495069742202,62686
12470,408616960,0.1797403860869683,3.1108142852783205,0.5433210372924805,0.012194272130727768,62664
12480,408944640,0.17918695411099256,3.108441162109375,0.5374551296234131,0.011999092996120453,62688
12490,409272320,0.17863526401464913,3.0808490753173827,0.5336960792541504,0.01208963617682457,62675
12500,409600000,0.17808531838948038,3.101039695739746,0.5414580821990966,0.012177047878503799,62699
12510,409927680,0.17753711981883438,3.079221725463867,0.5357237815856933,0.01202113851904869,62664
12520,410255360,0.17699067087785206,3.1269659042358398,0.5343763351440429,0.012108641117811203,62695
12530,410583040,0.17644597413345592,3.1020198822021485,0.5228733062744141,0.012019943445920944,62690
12540,410910720,0.1759030321443373,3.081597328186035,0.5226492881774902,0.01215640753507614,62693
12550,411238400,0.17536184746094474,3.061126708984375,0.5336517333984375,0.012225775420665741,62741
12560,411566080,0.17482242262547187,3.072513389587402,0.5314068794250488,0.012121514230966569,62702
12570,411893760,0.17428476017184552,3.1742382049560547,0.536841344833374,0.012053009122610092,62679
12580,412221440,0.17374886262571393,3.089207077026367,0.5366273403167725,0.012162671238183976,62692
12590,412549120,0.17321473250443453,3.0925214767456053,0.5479043960571289,0.012122098356485367,62683
12600,412876800,0.1726823723170628,3.0518682479858397,0.5359084606170654,0.011929802596569061,62701
12610,413204480,0.1721517845643391,3.108332061767578,0.5419964790344238,0.012030480802059174,62651
12620,413532160,0.1716229717386789,3.087101364135742,0.5466790199279785,0.012218450754880905,62657
12630,413859840,0.17109593632415931,3.081287956237793,0.5392364978790283,0.01201685518026352,62681
12640,414187520,0.17057068079650856,3.0812911987304688,0.5428215503692627,0.012143581360578536,62689
12650,414515200,0.17004720762309364,3.0873512268066405,0.5302739143371582,0.011991476267576217,62680
12660,414842880,0.1695255192629091,3.06698055267334,0.5311497688293457,0.012074539065361023,62685
12670,415170560,0.16900561816656542,3.126390075683594,0.5473742961883545,0.012117166072130203,62670
12680,415498240,0.16848750677627727,3.0384870529174806,0.5341792583465577,0.01206294223666191,62685
12690,415825920,0.1679711875258528,3.074935722351074,0.5274714469909668,0.01212661638855934,62671
12700,416153600,0.16745666284068098,3.0414451599121093,0.5323224067687988,0.012228687852621078,62672
12710,416481280,0.16694393513772138,3.0550939559936525,0.5372613430023193,0.01220579668879509,62669
12720,416808960,0.16643300682549206,3.0651433944702147,0.5308340072631836,0.012082820385694503,62654
12730,417136640,0.16592388030405858,3.0531230926513673,0.5369535923004151,0.011944283545017243,62682
12740,417464320,0.16541655796502264,3.116450881958008,0.5380871295928955,0.012067459523677826,62669
12750,417792000,0.16491104219151081,3.082599639892578,0.5378803253173828,0.01217786893248558,62634
12760,418119680,0.16440733535816363,3.07412166595459,0.5371828556060791,0.012122565507888794,62677
12770,418447360,0.16390543983112393,3.0204845428466798,0.5382004737854004,0.01209782510995865,62680
12780,418775040,0.1634053579680263,3.0710073471069337,0.5369388103485108,0.011929231137037278,62676
12790,419102720,0.1629070921179852,3.0630908966064454,0.5293935775756836,0.012045564502477646,62682
12800,419430400,0.16241064462158505,3.048446464538574,0.5211600303649903,0.012065249681472778,62670
12810,419758080,0.16191601781086817,3.005128288269043,0.5209084033966065,0.012111108005046844,62682
12820,420085760,0.1614232140093247,3.054691696166992,0.5354191303253174,0.012049424648284911,62689
12830,420413440,0.1609322355318808,3.107785224914551,0.539532470703125,0.012261362373828888,62663
12840,420741120,0.1604430846848886,3.0651390075683596,0.5302717208862304,0.012212923169136048,62633
12850,421068800,0.15995576376611487,3.091643142700195,0.5303682327270508,0.012116532027721404,62666
12860,421396480,0.15947027506473016,3.1059476852416994,0.5359192848205566,0.012074983865022659,62701
12870,421724160,0.15898662086129878,3.0293725967407226,0.5349127769470214,0.01216440349817276,62699
12880,422051840,0.15850480342776696,3.141583251953125,0.5420592784881592,0.012116218358278275,62707
12890,422379520,0.1580248250274533,3.1300172805786133,0.5359297752380371,0.012085790932178497,62667
12900,422707200,0.1575466879150373,3.0703100204467773,0.5342119216918946,0.012187516689300537,62683
12910,423034880,0.1570703943365491,3.1006143569946287,0.5339933395385742,0.01213529407978058,62637
12920,423362560,0.15659594652935896,3.0914028167724608,0.5398775577545166,0.012240438163280487,62694
12930,423690240,0.15612334672216666,3.170404815673828,0.5454892635345459,0.012143193185329438,62657
12940,424017920,0.1556525971349913,3.062977409362793,0.5354179382324219,0.012248582392930984,62677
12950,424345600,0.15518369997916026,3.025466728210449,0.5448890209197998,0.012212805449962616,62680
12960,424673280,0.1547166574572997,3.0738109588623046,0.5442501068115234,0.01216472014784813,62700
12970,425000960,0.15425147176332304,3.0548948287963866,0.5381821155548095,0.012175957858562469,62690
12980,425328640,0.153788145082422,3.0588333129882814,0.5277084350585938,0.012202244997024537,62676
12990,425656320,0.15332667959105506,3.123017692565918,0.5367091655731201,0.011983638256788253,62748
13000,425984000,0.1528670774569385,2.974421501159668,0.5273085117340088,0.012174122035503387,62745
13010,426311680,0.15240934083903493,3.039695930480957,0.5345515251159668,0.01216060072183609,62675
13020,426639360,0.15195347188754413,3.0207618713378905,0.5357666969299316,0.012205183506011963,62687
13030,426967040,0.15149947274389244,3.0541486740112305,0.5328846454620362,0.012055676430463791,62689
13040,427294720,0.15104734554072283,3.1329372406005858,0.5393242835998535,0.012200920283794403,62661
13050,427622400,0.15059709240188512,3.1154338836669924,0.5387876510620118,0.012215514481067658,62697
13060,427950080,0.1501487154424255,3.093575096130371,0.5413659095764161,0.012295833230018616,62679
13070,428277760,0.1497022167685772,3.092556381225586,0.5346098423004151,0.012222716212272644,62659
13080,428605440,0.14925759847775003,3.092476463317871,0.5387002944946289,0.012168695032596589,62702
13090,428933120,0.14881486265852079,3.0424474716186523,0.5358335971832275,0.012168350070714951,62687
13100,429260800,0.14837401139062345,3.131067085266113,0.5367783069610595,0.012125440686941148,62689
13110,429588480,0.14793504674493946,3.0622560501098635,0.5353343486785889,0.012211980670690537,62624
13120,429916160,0.14749797078348806,2.991308403015137,0.5365320205688476,0.012370018661022187,62650
13130,430243840,0.14706278555941604,3.091244697570801,0.5389866352081298,0.012236160784959793,62674
13140,430571520,0.14662949311698908,3.092154312133789,0.5475534439086914,0.012164874374866486,62727
13150,430899200,0.14619809549158108,3.120287322998047,0.5432813167572021,0.01206258311867714,62708
13160,431226880,0.1457685947096655,3.106141471862793,0.5413331985473633,0.01234661415219307,62660
13170,431554560,0.14534099278880513,3.016070747375488,0.5385892868041993,0.01223408654332161,62690
13180,431882240,0.14491529173764328,3.120454025268555,0.536386775970459,0.012268414348363876,62672
13190,432209920,0.14449149355589372,3.123125457763672,0.5433653831481934,0.012055376917123795,62713
13200,432537600,0.14406960023433169,3.0945852279663084,0.5359605312347412,0.012085635215044022,62677
13210,432865280,0.14364961375478438,3.005932426452637,0.529813575744629,0.012240356206893921,62712
13220,433192960,0.1432315360901216,3.057158088684082,0.5318204402923584,0.012220768630504609,62669
13230,433520640,0.14281536920424684,3.096862030029297,0.5375852108001709,0.012139452993869782,62659
13240,433848320,0.1424011150520874,3.0670570373535155,0.5401338577270508,0.012175659835338592,62660
13250,434176000,0.141988775579586,3.006077766418457,0.5371468544006348,0.012188731133937836,62700
13260,434503680,0.14157835272369096,3.0403350830078124,0.5389044761657715,0.012051466107368469,62732
13270,434831360,0.14116984841234742,3.0886716842651367,0.531845998764038,0.012245088070631027,62695
13280,435159040,0.14076326456448812,3.081882858276367,0.5332504272460937,0.012084859609603881,62721
13290,435486720,0.14035860309002474,3.0745325088500977,0.5386962413787841,0.012042836844921112,62683
13300,435814400,0.1399558658898386,3.046766471862793,0.5314973354339599,0.012183468788862228,62682
13310,436142080,0.13955505485577163,3.0359895706176756,0.5348339080810547,0.01204829141497612,62703
13320,436469760,0.13915617187061802,3.0186840057373048,0.5379374027252197,0.012259919941425324,62694
13330,436797440,0.13875921880811476,3.1320362091064453,0.5434939384460449,0.012085742503404617,62699
13340,437125120,0.13836419753293316,3.1125463485717773,0.5380457878112793,0.012054110318422318,62674
13350,437452800,0.13797110990066996,3.057839584350586,0.5383296966552734,0.012196017801761628,62698
13360,437780480,0.137579957757839,3.062654495239258,0.5399163246154786,0.012230027467012405,62730
13370,438108160,0.13719074294186187,3.0754289627075195,0.5373250007629394,0.012093450129032134,62735
13380,438435840,0.1368034672810598,3.1467941284179686,0.5408833503723145,0.012194737046957015,62676
13390,438763520,0.13641813259464494,3.053657341003418,0.5338777065277099,0.012245233356952667,62684
13400,439091200,0.13603474069271163,3.0238967895507813,0.5361807823181153,0.012212448567152024,62709
13410,439418880,0.1356532933762284,3.0565900802612305,0.5428245067596436,0.012228846549987793,62653
13420,439746560,0.13527379243702872,3.0377033233642576,0.5427923679351807,0.01233874335885048,62717
13430,440074240,0.1348962396578035,3.092215728759766,0.5467654228210449,0.01212899163365364,62694
13440,440401920,0.13452063681209184,3.0163698196411133,0.5267929553985595,0.012112247943878173,62721
13450,440729600,0.13414698566427333,3.1052804946899415,0.5365011692047119,0.01214708760380745,62694
13460,441057280,0.1337752879695594,3.0707515716552733,0.5457197189331054,0.012190763652324677,62729
13470,441384960,0.1334055454739853,3.1000015258789064,0.5454459667205811,0.012167944759130477,62719
13480,441712640,0.13303775991440192,3.1046146392822265,0.5405004024505615,0.012179303914308548,62706
13490,442040320,0.1326719330184672,3.015058898925781,0.5275698184967041,0.012185405194759368,62697
13500,442368000,0.13230806650463867,3.0712379455566405,0.5404524803161621,0.012152370810508729,62742
13510,442695680,0.13194616208216495,3.1044153213500976,0.5385358810424805,0.012217562645673752,62683
13520,443023360,0.13158622145107762,3.106907081604004,0.5425907611846924,0.012190074473619462,62700
13530,443351040,0.1312282463021836,3.0289291381835937,0.5320745944976807,0.012243636697530747,62714
13540,443678720,0.13087223831705705,3.04266242980957,0.5308830738067627,0.012179169803857803,62728
13550,444006400,0.13051819916803145,2.97850341796875,0.5313173294067383,0.012160655856132508,62724
13560,444334080,0.1301661305181917,3.078555107116699,0.5479959487915039,0.012335070967674255,62705
13570,444661760,0.12981603402136632,3.0647905349731444,0.5338037014007568,0.01225152239203453,62676
13580,444989440,0.1294679113221197,3.0408197402954102,0.5369633674621582,0.012154079973697662,62699
13590,445317120,0.12912176405574471,3.123611640930176,0.5524615287780762,0.012196023762226105,62699
13600,445644800,0.12877759384825416,3.0701902389526365,0.5444167137145997,0.012245269864797593,62707
13610,445972480,0.12843540231637426,2.9995187759399413,0.5321667671203614,0.012050971388816833,62730
13620,446300160,0.1280951910675361,3.026713180541992,0.544297170639038,0.012213131785392762,62733
13630,446627840,0.12775696169986858,3.0316450119018556,0.5411243438720703,0.012175580859184265,62693
13640,446955520,0.12742071580219075,3.0591547012329103,0.5450043201446533,0.012288759648799896,62688
13650,447283200,0.12708645495400447,3.058886909484863,0.5314403533935547,0.01206681802868843,62750
13660,447610880,0.1267541807254869,3.0726081848144533,0.5377031326293945,0.012136129289865493,62676
13670,447938560,0.12642389467748305,3.0294000625610353,0.54127516746521,0.012304720282554627,62687
13680,448266240,0.12609559836149858,3.0595266342163088,0.5351541042327881,0.012265355885028839,62672
13690,448593920,0.12576929331969258,3.007755470275879,0.5298093795776367,0.012251494824886322,62691
13700,448921600,0.12544498108486998,2.985459899902344,0.5399173736572266,0.012217722088098525,62726
13710,449249280,0.12512266318047466,3.0827850341796874,0.5346025466918946,0.012138303369283676,62717
13720,449576960,0.12480234112058225,3.0195579528808594,0.5253215789794922,0.012202749401330948,62690
13730,449904640,0.12448401640989308,3.0467992782592774,0.5391909599304199,0.012214145064353943,62687
13740,450232320,0.12416769054372481,3.0526477813720705,0.542418098449707,0.012179473042488098,62696
13750,450560000,0.12385336500800571,3.123049736022949,0.540717601776123,0.012275183200836181,62655
13760,450887680,0.12354104127926756,3.0112655639648436,0.5422646522521972,0.012420085072517396,62720
13770,451215360,0.12323072082463879,3.05560245513916,0.5333755016326904,0.012300557643175124,62731
13780,451543040,0.12292240510183737,3.0933223724365235,0.5358428955078125,0.012235204130411148,62721
13790,451870720,0.12261609555916432,3.0943212509155273,0.5286163330078125,0.01217559427022934,62705
13800,452198400,0.1223117936354966,2.991253662109375,0.5338966846466064,0.012196680158376693,62729
13810,452526080,0.1220095007602805,3.0654975891113283,0.5440102577209472,0.012265942245721816,62635
13820,452853760,0.1217092183535248,3.105056953430176,0.5404580116271973,0.012198886275291443,62669
13830,453181440,0.12141094782579417,3.1166662216186523,0.5461106777191163,0.012332798540592193,62645
13840,453509120,0.12111469057820282,3.1292882919311524,0.5431989192962646,0.01216810941696167,62693
13850,453836800,0.12082044800240728,3.042414093017578,0.5342631340026855,0.012336281687021255,62660
13860,454164480,0.12052822148060055,3.0668546676635744,0.5349006175994873,0.01230451688170433,62661
13870,454492160,0.12023801238550516,3.0200145721435545,0.5419445991516113,0.012096258997917175,62699
13880,454819840,0.11994982208036684,3.08667049407959,0.549490213394165,0.012342284619808196,62667
13890,455147520,0.1196636519189481,3.1288946151733397,0.5394340038299561,0.012164106965065003,62645
13900,455475200,0.11937950324552202,3.0294050216674804,0.5354146957397461,0.012184181809425354,62686
13910,455802880,0.11909737739486582,3.0338619232177733,0.5389833450317383,0.012367265671491623,62625
13920,456130560,0.1188172756922545,3.0591869354248047,0.5426207542419433,0.012176813930273056,62706
13930,456458240,0.1185391994534547,3.0381399154663087,0.5496384620666503,0.012160926312208175,62725
13940,456785920,0.1182631499847186,3.1207452774047852,0.5449182510375976,0.012227147072553634,62699
13950,457113600,0.11798912858277767,3.0811298370361326,0.5420453548431396,0.012350723147392273,62677
13960,457441280,0.11771713653483655,3.0577167510986327,0.5442327976226806,0.012282463908195495,62678
13970,457768960,0.1174471751185673,3.0100229263305662,0.5401823997497559,0.012300582230091095,62686
13980,458096640,0.1171792456021029,3.0748598098754885,0.5658828735351562,0.01233624741435051,62697
13990,458424320,0.11691334924403168,3.0886363983154297,0.5470151901245117,0.01223718300461769,62703
14000,458752000,0.11664948729339125,3.012710952758789,0.5322919368743897,0.012227406352758407,62672
14010,459079680,0.1163876609896627,3.1069099426269533,0.5393589019775391,0.01216287761926651,62685
14020,459407360,0.11612787156276486,3.065504264831543,0.5383837699890137,0.012319650501012802,62713
14030,459735040,0.11587012023304813,3.0893680572509767,0.5416699409484863,0.012192730605602265,62684
14040,460062720,0.1156144082112893,3.0429100036621093,0.5424276351928711,0.012285767495632172,62655
14050,460390400,0.11536073669868546,3.0854728698730467,0.5403789520263672,0.012083683162927628,62715
14060,460718080,0.11510910688684858,3.0189775466918944,0.5357866287231445,0.012363883852958679,62670
14070,461045760,0.1148595199577997,2.981913757324219,0.5266991138458252,0.012433935701847077,62690
14080,461373440,0.11461197708396349,3.0333135604858397,0.5460225582122803,0.012373392283916474,62706
14090,461701120,0.11436647942816297,3.063724899291992,0.5469021320343017,0.012143070250749588,62701
14100,462028800,0.11412302814361354,3.0614105224609376,0.5465816497802735,0.012172066420316697,62695
14110,462356480,0.11388162437391813,3.023987579345703,0.5353409290313721,0.012400244921445846,62709
14120,462684160,0.11364226925306124,3.0651100158691404,0.544995927810669,0.01225738376379013,62691
14130,463011840,0.11340496390540424,3.0810293197631835,0.539842176437378,0.01223788857460022,62679
14140,463339520,0.1131697094456795,3.0894916534423826,0.5448370933532715,0.012331407517194748,62693
14150,463667200,0.11293650697898572,3.0737279891967773,0.5455488681793212,0.012299349159002304,62667
14160,463994880,0.11270535760078214,3.069580078125,0.539390230178833,0.012198403477668762,62719
14170,464322560,0.11247626239688388,3.0772836685180662,0.5308110237121582,0.012155730277299881,62681
14180,464650240,0.11224922244345657,3.0290035247802733,0.5385022640228272,0.012269287556409835,62698
14190,464977920,0.1120242388070114,3.0561717987060546,0.5525695323944092,0.012424929440021515,62662
14200,465305600,0.11180131254440019,3.1082677841186523,0.5546992778778076,0.012420199066400527,62689
14210,465633280,0.1115804447028102,3.0477224349975587,0.5413262844085693,0.012289731204509735,62657
14220,465960960,0.11136163631975948,3.091328430175781,0.5508874893188477,0.012261798977851868,62691
14230,466288640,0.11114488842309167,3.110507583618164,0.566048002243042,0.012353701889514923,62687
14240,466616320,0.11093020203097147,3.1220157623291014,0.5592538833618164,0.01229376122355461,62667
14250,466944000,0.11071757815187974,2.974544715881348,0.5384306907653809,0.012317196279764176,62692
14260,467271680,0.11050701778460868,3.0081512451171877,0.5323558330535889,0.012287725508213044,62692
14270,467599360,0.11029852191825738,3.025455284118652,0.547919225692749,0.012274689972400665,62717
14280,467927040,0.11009209153222692,3.0039039611816407,0.5447641849517822,0.012273017317056656,62704
14290,468254720,0.1098877275962159,3.0533599853515625,0.5389365196228028,0.012264183908700942,62701
14300,468582400,0.10968543107021578,3.0581890106201173,0.5349172115325928,0.012269087135791779,62691
14310,468910080,0.10948520290450654,3.113786315917969,0.5427679061889649,0.012253501266241074,62656
14320,469237760,0.10928704403965202,3.062727355957031,0.5489054203033448,0.01221337467432022,62733
14330,469565440,0.10909095540649572,3.0483102798461914,0.5418014526367188,0.01226344034075737,62694
14340,469893120,0.10889693792615628,3.0338783264160156,0.538437032699585,0.012246309220790863,62673
14350,470220800,0.10870499251002304,3.0599388122558593,0.5451700210571289,0.012446580082178115,62672
14360,470548480,0.10851512005975213,3.091442680358887,0.5461537837982178,0.012244485318660736,62686
14370,470876160,0.10832732146726176,3.0620939254760744,0.5407792091369629,0.012317851185798645,62692
14380,471203840,0.10814159761472848,3.063726806640625,0.5445928573608398,0.012143910676240922,62713
14390,471531520,0.10795794937458267,3.058006477355957,0.5374466896057128,0.012277748435735703,62663
14400,471859200,0.1077763776095048,3.054148292541504,0.5489223003387451,0.012352363765239715,62677
14410,472186880,0.107596883172421,3.0838457107543946,0.5515230655670166,0.012173445522785186,62716
14420,472514560,0.10741946690649931,3.064900016784668,0.5434846878051758,0.01237325519323349,62683
14430,472842240,0.10724412964514562,3.085166358947754,0.5495990753173828,0.012265142798423768,62693
14440,473169920,0.10707087221199973,3.0255435943603515,0.5387335777282715,0.012262845039367675,62689
14450,473497600,0.10689969542093168,3.0358913421630858,0.538901948928833,0.012305797636508941,62701
14460,473825280,0.10673060007603764,3.1338882446289062,0.5429360389709472,0.012361433357000351,62657
14470,474152960,0.10656358697163638,3.0381376266479494,0.5445223331451416,0.01237923875451088,62676
14480,474480640,0.10639865689226519,3.0485807418823243,0.544420576095581,0.012328642606735229,62681
14490,474808320,0.10623581061267677,3.049545097351074,0.5407531261444092,0.012301015853881835,62676
14500,475136000,0.10607504889783496,3.0433866500854494,0.5532526969909668,0.012303540110588073,62699
14510,475463680,0.10591637250291171,3.030828666687012,0.5402153491973877,0.012136538326740266,62705
14520,475791360,0.10575978217328301,3.0669784545898438,0.5484809875488281,0.01231280416250229,62669
14530,476119040,0.10560527864452576,3.0940032958984376,0.5489635944366456,0.012174249440431596,62663
14540,476446720,0.10545286264241416,3.0290901184082033,0.5450989723205566,0.012232113629579544,62690
14550,476774400,0.10530253488291638,3.0023279190063477,0.5394292354583741,0.012451542168855667,62701
14560,477102080,0.1051542960721912,3.0712560653686523,0.5458515167236329,0.01226804032921791,62644
14570,477429760,0.10500814690658448,3.0265697479248046,0.5435044288635253,0.012447468936443329,62692
14580,477757440,0.10486408807262619,3.0950496673583983,0.548790454864502,0.012369668483734131,62644
14590,478085120,0.104722120247027,3.0162660598754885,0.5408693313598633,0.012295231968164445,62682
14600,478412800,0.10458224409667521,3.0490673065185545,0.542266845703125,0.012341311573982239,62647
14610,478740480,0.10444446027863345,3.0841419219970705,0.544737720489502,0.012419921159744263,62661
14620,479068160,0.10430876944013576,3.038327217102051,0.5596525192260742,0.012300585955381393,62696
14630,479395840,0.10417517221858452,3.062391662597656,0.5468413352966308,0.01243584305047989,62678
14640,479723520,0.1040436692415474,3.0427886962890627,0.5428767204284668,0.01234193667769432,62697
14650,480051200,0.10391426112675443,3.058908462524414,0.549509859085083,0.01228628158569336,62688
14660,480378880,0.10378694848209509,3.093930244445801,0.5472623825073242,0.012370093166828156,62676
14670,480706560,0.10366173190561558,3.066814994812012,0.5497416019439697,0.012342139333486556,62679
14680,481034240,0.10353861198551571,3.0165546417236326,0.5539720535278321,0.012303446978330612,62685
14690,481361920,0.10341758930014654,3.029244804382324,0.5399968147277832,0.0122722327709198,62666
14700,481689600,0.10329866441800734,3.1187721252441407,0.5614389896392822,0.012196651101112366,62684
14710,482017280,0.10318183789774295,3.132459831237793,0.5640418052673339,0.012434674799442292,62638
14720,482344960,0.10306711028814143,3.045649528503418,0.5423576354980468,0.01221008449792862,62677
14730,482672640,0.10295448212813114,3.069340705871582,0.5356261730194092,0.012320464849472046,62693
14740,483000320,0.10284395394677846,3.0204511642456056,0.543341588973999,0.012269598990678787,62681
14750,483328000,0.10273552626328514,3.039962959289551,0.5435739517211914,0.012243764847517014,62710
14760,483655680,0.10262919958698588,3.0130241394042967,0.5434164047241211,0.012193442136049271,62712
14770,483983360,0.10252497441734616,2.9855253219604494,0.5504127025604248,0.012600007653236388,62695
14780,484311040,0.10242285124395946,3.055414390563965,0.5460700035095215,0.012342414259910584,62672
14790,484638720,0.10232283054654547,3.0898597717285154,0.5629984855651855,0.012430287897586823,62654
14800,484966400,0.10222491279494736,3.0742376327514647,0.5474088668823243,0.01234453022480011,62662
14810,485294080,0.10212909844913001,3.0773759841918946,0.5539582252502442,0.012313392758369446,62665
14820,485621760,0.10203538795917738,3.0401847839355467,0.5412185668945313,0.012258918583393097,62677
14830,485949440,0.101943781765291,3.0130762100219726,0.541594123840332,0.01226176843047142,62658
14840,486277120,0.10185428029778715,2.9532636642456054,0.5430466651916503,0.012351496517658234,62681
14850,486604800,0.1017668839770955,3.0440107345581056,0.5461377620697021,0.012394820898771286,62664
14860,486932480,0.10168159321375685,3.0668270111083986,0.5537227153778076,0.012420265376567841,62679
14870,487260160,0.10159840840842116,3.0184173583984375,0.5467649459838867,0.012398628145456314,62648
14880,487587840,0.1015173299518458,2.992195701599121,0.5391539573669434,0.012446287274360656,62667
14890,487915520,0.10143835822489358,3.075958824157715,0.5533330917358399,0.012407556921243668,62665
14900,488243200,0.10136149359853108,3.0352087020874023,0.5456520080566406,0.012272850424051285,62664
14910,488570880,0.10128673643382681,2.9530092239379884,0.5449769020080566,0.012300641089677811,62693
14920,488898560,0.10121408708194966,3.054783248901367,0.5487902641296387,0.012375462800264359,62685
14930,489226240,0.10114354588416707,3.0426052093505858,0.5448291301727295,0.012327931076288223,62670
14940,489553920,0.1010751131718435,2.992983818054199,0.5463352680206299,0.012221864610910415,62696
14950,489881600,0.10100878926643891,3.038050079345703,0.5372734546661377,0.012343461066484452,62654
14960,490209280,0.1009445744795073,2.9713794708251955,0.548508596420288,0.012244422733783723,62686
14970,490536960,0.10088246911269502,3.033306694030762,0.5554789066314697,0.01231256201863289,62674
14980,490864640,0.1008224734577396,3.080954170227051,0.5498052597045898,0.012428340315818787,62650
14990,491192320,0.10076458779646827,3.0899429321289062,0.5584113121032714,0.01243610605597496,62684
15000,491520000,0.10070881240079659,3.047697067260742,0.5628785610198974,0.012319866567850113,62726
15010,491847680,0.10065514753272739,3.0415855407714845,0.5760216236114502,0.012501059472560883,62685
15020,492175360,0.10060359344434912,3.048247146606445,0.6475861549377442,0.013847900927066803,62664
15030,492503040,0.10055415037783517,3.0685571670532226,0.5543097496032715,0.012392322719097137,62674
15040,492830720,0.10050681856544236,3.0660900115966796,0.5537132263183594,0.012357864528894424,62705
15050,493158400,0.10046159822951001,3.0403350830078124,0.5579293251037598,0.012546104192733765,62702
15060,493486080,0.10041848958245882,2.9769588470458985,0.5350551605224609,0.012269184738397599,62693
15070,493813760,0.10037749282679005,3.0743249893188476,0.5581344604492188,0.012571282684803009,62684
15080,494141440,0.10033860815508432,3.0958343505859376,0.5588581562042236,0.012253293395042419,62710
15090,494469120,0.10030183575000079,3.0596891403198243,0.5507810592651368,0.012340065836906434,62671
15100,494796800,0.10026717578427634,3.0538326263427735,0.5519017219543457,0.01228925958275795,62713
15110,495124480,0.10023462842072489,3.038420295715332,0.5540655612945556,0.012474613636732102,62647
15120,495452160,0.1002041938122364,3.147096633911133,0.5578360080718994,0.012325847893953324,62658
15130,495779840,0.10017587210177614,3.0432317733764647,0.5528415679931641,0.012429006397724152,62693
15140,496107520,0.10014966342238431,3.0668874740600587,0.5570880889892578,0.01245431900024414,62661
15150,496435200,0.10012556789717511,3.091814422607422,0.5596380710601807,0.012443961948156357,62680
15160,496762880,0.1001035856393363,3.026082420349121,0.5435339927673339,0.012373246252536774,62682
15170,497090560,0.1000837167521287,3.060917854309082,0.5406603336334228,0.012420674413442611,62671
15180,497418240,0.10006596132888562,3.0212635040283202,0.5409640312194824,0.012360331416130067,62683
15190,497745920,0.10005031945301247,3.0162996292114257,0.5441359043121338,0.012507665157318115,62672
15200,498073600,0.10003679119798632,3.0733877182006837,0.5537409305572509,0.012146053463220596,62685
15210,498401280,0.10002537662735562,3.0245901107788087,0.5467965126037597,0.01237921267747879,62653
15220,498728960,0.1000160757947399,3.02016658782959,0.5473311901092529,0.012570254504680634,62690
15230,499056640,0.10000888874382939,3.0534389495849608,0.5450945854187011,0.012350746989250183,62705
15240,499384320,0.100003815508385,3.067487335205078,0.5526803970336914,0.012283394485712052,62682
15250,499712000,0.10000085611223805,3.035648536682129,0.542336368560791,0.012400659918785095,62638
15258,499974144,0.1000000105692902,3.0299413204193115,0.5486092567443848,0.012426338158547878,62654
