step,tokens,lr_mult,loss,grad_norm,value_grad_norm,tok_s
10,327680,0.01310615989515072,10.768408203125,7.701071929931641,,69988
20,655360,0.02621231979030144,10.38656997680664,4.249221420288086,,79144
30,983040,0.039318479685452164,10.140536499023437,2.1975330352783202,,79099
40,1310720,0.05242463958060288,9.992518615722656,2.014691925048828,,79052
50,1638400,0.0655307994757536,9.785704040527344,2.3929925918579102,,78973
60,1966080,0.07863695937090433,9.588945007324218,2.2346668243408203,,78896
70,2293760,0.09174311926605505,9.391585540771484,1.9195442199707031,,78818
80,2621440,0.10484927916120576,9.17139892578125,1.9400642395019532,,78826
90,2949120,0.11795543905635648,8.950634765625,1.7545099258422852,,78778
100,3276800,0.1310615989515072,8.692890930175782,1.747723388671875,,78873
110,3604480,0.14416775884665792,8.482712554931641,2.021761894226074,,79083
120,3932160,0.15727391874180865,8.243719482421875,1.5631830215454101,,79193
130,4259840,0.17038007863695936,7.993610382080078,1.6611703872680663,,79256
140,4587520,0.1834862385321101,7.804623413085937,1.4524584770202638,,79213
150,4915200,0.1965923984272608,7.609464263916015,1.2487857818603516,,79220
160,5242880,0.20969855832241152,7.444387817382813,1.167995071411133,,79161
170,5570560,0.22280471821756226,7.293722534179688,1.0276264190673827,,79163
180,5898240,0.23591087811271297,7.159893798828125,0.9788530349731446,,79150
190,6225920,0.2490170380078637,7.087625885009766,1.060922336578369,,79130
200,6553600,0.2621231979030144,6.983255767822266,1.1670594215393066,,79105
210,6881280,0.27522935779816515,6.889555358886719,1.056066131591797,,79125
220,7208960,0.28833551769331583,6.828950500488281,1.275190544128418,,79071
230,7536640,0.30144167758846657,6.707664489746094,0.9811509132385254,,79076
240,7864320,0.3145478374836173,6.692626953125,1.0007125854492187,,79062
250,8192000,0.32765399737876805,6.573081207275391,1.1139623641967773,,79071
260,8519680,0.34076015727391873,6.551860046386719,1.042284107208252,,79063
270,8847360,0.35386631716906947,6.440463256835938,1.059506607055664,,79060
280,9175040,0.3669724770642202,6.408891296386718,0.9825614929199219,,79029
290,9502720,0.3800786369593709,6.343007659912109,0.9633825302124024,,79026
300,9830400,0.3931847968545216,6.317201614379883,0.9588429450988769,,79045
310,10158080,0.40629095674967236,6.232195663452148,0.8763016700744629,,79053
320,10485760,0.41939711664482304,6.210903167724609,0.9420614242553711,,79034
330,10813440,0.4325032765399738,6.2198486328125,1.0103253364562987,,79037
340,11141120,0.4456094364351245,6.1324104309082035,1.0251056671142578,,79051
350,11468800,0.45871559633027525,6.072161483764648,1.0040035247802734,,79034
360,11796480,0.47182175622542594,6.045204162597656,0.9130884170532226,,79021
370,12124160,0.4849279161205767,5.987051773071289,0.9085707664489746,,79039
380,12451840,0.4980340760157274,5.960670471191406,0.8966104507446289,,79027
390,12779520,0.5111402359108781,5.928986358642578,0.9012077331542969,,79040
400,13107200,0.5242463958060288,5.918630599975586,0.8322014808654785,,79036
410,13434880,0.5373525557011796,5.861132049560547,0.8904889106750489,,79033
420,13762560,0.5504587155963303,5.833716583251953,0.8200495719909668,,79026
430,14090240,0.563564875491481,5.764008331298828,0.8721343994140625,,78994
440,14417920,0.5766710353866317,5.803750610351562,0.8697901725769043,,79039
450,14745600,0.5897771952817824,5.6948692321777346,0.8474557876586915,,79003
460,15073280,0.6028833551769331,5.607662200927734,0.8945481300354003,,79021
470,15400960,0.6159895150720839,5.651434707641601,0.8447214126586914,,79011
480,15728640,0.6290956749672346,5.573889541625976,0.8666539192199707,,79034
490,16056320,0.6422018348623854,5.658255767822266,0.8437978744506835,,79016
500,16384000,0.6553079947575361,5.605752563476562,0.7539139270782471,,79010
510,16711680,0.6684141546526867,5.546902084350586,0.7492883205413818,,78983
520,17039360,0.6815203145478375,5.5493011474609375,0.8591521263122559,,79004
530,17367040,0.6946264744429882,5.513579940795898,0.8302623748779296,,78983
540,17694720,0.7077326343381389,5.492472457885742,0.7651845455169678,,78989
550,18022400,0.7208387942332897,5.395809555053711,0.760955810546875,,78991
560,18350080,0.7339449541284404,5.440198516845703,0.8071352958679199,,79012
570,18677760,0.747051114023591,5.351276397705078,0.8302217483520508,,79009
580,19005440,0.7601572739187418,5.3820030212402346,0.7497980117797851,,79004
590,19333120,0.7732634338138925,5.380567932128907,0.7541161060333252,,79001
600,19660800,0.7863695937090432,5.304555511474609,0.767505693435669,,79026
610,19988480,0.799475753604194,5.336605834960937,0.7602255821228028,,78995
620,20316160,0.8125819134993447,5.264717102050781,0.7069092273712159,,79022
630,20643840,0.8256880733944955,5.223913192749023,0.7511667728424072,,79033
640,20971520,0.8387942332896461,5.2571758270263675,0.7218020915985107,,79021
650,21299200,0.8519003931847968,5.25146369934082,0.7363151550292969,,78990
660,21626880,0.8650065530799476,5.282430648803711,0.704276180267334,,78992
670,21954560,0.8781127129750983,5.228474426269531,0.7060122489929199,,79007
680,22282240,0.891218872870249,5.191710662841797,0.6922656536102295,,79031
690,22609920,0.9043250327653998,5.146311187744141,0.6855062007904053,,79010
700,22937600,0.9174311926605505,5.138694763183594,0.8432345390319824,,78999
710,23265280,0.9305373525557011,5.112117767333984,0.7045701026916504,,79000
720,23592960,0.9436435124508519,5.079391098022461,0.729179048538208,,78990
730,23920640,0.9567496723460026,5.097890472412109,0.7075447559356689,,79007
740,24248320,0.9698558322411533,5.14954833984375,0.7144538402557373,,79009
750,24576000,0.9829619921363041,5.080353927612305,0.702393913269043,,79004
760,24903680,0.9960681520314548,5.055126953125,0.7105125427246094,,79007
770,25231360,0.999999619505605,4.9865154266357425,0.6500829696655274,,78995
780,25559040,0.9999972942644099,5.037762832641602,0.6331621170043945,,79008
790,25886720,0.9999928551787042,4.9403541564941404,0.6599181652069092,,78979
800,26214400,0.9999863022693405,4.967496871948242,0.6820064067840577,,79019
810,26542080,0.9999776355671006,4.964585494995117,0.6339759349822998,,78955
820,26869760,0.999966855112696,4.874124908447266,0.6033528327941895,,79004
830,27197440,0.9999539609567677,4.951783752441406,0.6484033584594726,,78981
840,27525120,0.9999389531598855,4.932178115844726,0.595287275314331,,78978
850,27852800,0.9999218317925475,4.8293498992919925,0.6336796283721924,,78965
860,28180480,0.9999025969351808,4.8557483673095705,0.7409136295318604,,78972
870,28508160,0.9998812486781407,4.846706390380859,0.7074811458587646,,78960
880,28835840,0.9998577871217097,4.859296417236328,0.6128921985626221,,78922
890,29163520,0.9998322123760972,4.80181999206543,0.6447416305541992,,78962
900,29491200,0.9998045245614399,4.8603759765625,0.5967412948608398,,78971
910,29818880,0.9997747238078001,4.799555969238281,0.5944805145263672,,78948
920,30146560,0.9997428102551656,4.770511245727539,0.5740738391876221,,78954
930,30474240,0.9997087840534492,4.725351715087891,0.6928460121154785,,78993
940,30801920,0.9996726453624875,4.802906799316406,0.5766087055206299,,78924
950,31129600,0.9996343943520406,4.8301746368408205,0.5817876338958741,,78998
960,31457280,0.9995940312017911,4.738813400268555,0.5606000423431396,,78967
970,31784960,0.9995515561013435,4.697132873535156,0.5923548698425293,,78995
980,32112640,0.9995069692502226,4.752363586425782,0.5985051155090332,,78985
990,32440320,0.9994602708578736,4.66700325012207,0.5597572803497315,,78993
1000,32768000,0.9994114611436603,4.621483993530274,0.5893651008605957,,79008
1010,33095680,0.9993605403368643,4.626513671875,0.6850498199462891,,78980
1020,33423360,0.9993075086766843,4.578653335571289,0.6664564132690429,,78968
1030,33751040,0.999252366412234,4.5637260437011715,0.602690601348877,,78980
1040,34078720,0.9991951138025426,4.590375900268555,0.5903011798858643,,78963
1050,34406400,0.9991357511165514,4.571065902709961,0.5792646884918213,,78984
1060,34734080,0.9990742786331146,4.573840713500976,0.551115894317627,,78972
1070,35061760,0.9990106966409968,4.603141784667969,0.5861693859100342,,78972
1080,35389440,0.9989450054388717,4.494195556640625,0.5725172519683838,,78940
1090,35717120,0.9988772053353212,4.526534652709961,0.5560727596282959,,79001
1100,36044800,0.9988072966488337,4.542684936523438,0.5789750099182129,,78986
1110,36372480,0.9987352797078023,4.51892204284668,0.5707872390747071,,78976
1120,36700160,0.998661154850524,4.516810607910156,0.5557184219360352,,78973
1130,37027840,0.9985849224251971,4.504252624511719,0.5569919586181641,,78970
1140,37355520,0.9985065827899208,4.465461730957031,0.5440494537353515,,78959
1150,37683200,0.998426136312692,4.442592620849609,0.5889309883117676,,78988
1160,38010880,0.9983435833714049,4.403506088256836,0.581923532485962,,78970
1170,38338560,0.998258924353849,4.388763046264648,0.5564874649047852,,78982
1180,38666240,0.9981721596577064,4.448029327392578,0.5946058750152587,,78961
1190,38993920,0.9980832896905512,4.314934921264649,0.5664875507354736,,78969
1200,39321600,0.9979923148698461,4.295162200927734,0.529412031173706,,78974
1210,39649280,0.9978992356229419,4.360991668701172,0.5285650253295898,,78951
1220,39976960,0.9978040523870747,4.341202163696289,0.5634424209594726,,78943
1230,40304640,0.9977067656093641,4.309600830078125,0.555758285522461,,79002
1240,40632320,0.9976073757468108,4.300926208496094,0.5659440994262696,,78974
1250,40960000,0.9975058832662946,4.323073959350586,0.5692079544067383,,78943
1260,41287680,0.9974022886445727,4.345071411132812,0.6009316921234131,,78953
1270,41615360,0.9972965923682765,4.308209609985352,0.5356749534606934,,78942
1280,41943040,0.9971887949339102,4.287725830078125,0.5524908542633057,,78877
1290,42270720,0.9970788968478482,4.291770553588867,0.5239986419677735,,78965
1300,42598400,0.996966898626332,4.288179779052735,0.5421371459960938,,78995
1310,42926080,0.9968528007954691,4.256565093994141,0.5579506874084472,,78930
1320,43253760,0.9967366038912294,4.192853546142578,0.5379709243774414,,78963
1330,43581440,0.9966183084594433,4.314741516113282,0.5362305164337158,,78955
1340,43909120,0.996497915055799,4.25828742980957,0.540181827545166,,78960
1350,44236800,0.9963754242458397,4.208076477050781,0.5224991321563721,,78959
1360,44564480,0.9962508366049612,4.224499130249024,0.5201123714447021,,78959
1370,44892160,0.9961241527184089,4.1594093322753904,0.5034282684326172,,78961
1380,45219840,0.9959953731812754,4.2177684783935545,0.5346155643463135,,78976
1390,45547520,0.9958644985984976,4.194094848632813,0.5468473434448242,,78962
1400,45875200,0.9957315295848536,4.202887725830078,0.5422622680664062,,78973
1410,46202880,0.99559646676496,4.149991226196289,0.5159479141235351,,78975
1420,46530560,0.9954593107732691,4.144091415405273,0.5124758243560791,,78987
1430,46858240,0.9953200622540659,4.133787536621094,0.5134735584259034,,78958
1440,47185920,0.9951787218614647,4.1516571044921875,0.5270031929016114,,78978
1450,47513600,0.9950352902594064,4.135304260253906,0.5069069385528564,,78964
1460,47841280,0.9948897681216552,4.14561882019043,0.5677316665649415,,78948
1470,48168960,0.9947421561317958,4.10247917175293,0.5175010681152343,,78945
1480,48496640,0.9945924549832297,4.142119979858398,0.5231759071350097,,78971
1490,48824320,0.9944406653791718,4.2134136199951175,0.5148104667663574,,78937
1500,49152000,0.994286788032648,4.087290191650391,0.5303462028503418,,78973
1510,49479680,0.9941308236664911,4.1018211364746096,0.5249957084655762,,78973
1520,49807360,0.9939727730133375,4.073262023925781,0.5170081615447998,,78999
1530,50135040,0.9938126368156238,4.009236907958984,0.5047823905944824,,79002
1540,50462720,0.9936504158255838,4.11529769897461,0.519014310836792,,78949
1550,50790400,0.9934861108052436,3.989266586303711,0.5258554458618164,,79001
1560,51118080,0.9933197225264201,4.051593780517578,0.5039910316467285,,79000
1570,51445760,0.9931512517707154,4.115211868286133,0.5292801856994629,,79025
1580,51773440,0.9929806993295143,4.029174041748047,0.5079393863677979,,78991
1590,52101120,0.99280806600398,4.037770080566406,0.5078992366790771,,78985
1600,52428800,0.9926333526050509,4.081396865844726,0.5245670795440673,,78960
1610,52756480,0.9924565599534364,4.016629409790039,0.5278661727905274,,78985
1620,53084160,0.9922776888796125,4.065364074707031,0.5142128944396973,,78960
1630,53411840,0.9920967402238197,4.072449111938477,0.508736515045166,,78978
1640,53739520,0.9919137148360565,4.026511001586914,0.5255916595458985,,78950
1650,54067200,0.9917286135760778,4.008039474487305,0.5153126239776611,,78971
1660,54394880,0.9915414373133894,3.9571327209472655,0.6171276092529296,,78953
1670,54722560,0.9913521869272444,3.981188201904297,0.5095312595367432,,78970
1680,55050240,0.991160863306639,3.9816921234130858,0.4977754592895508,,78943
1690,55377920,0.9909674673503083,3.964862060546875,0.5000452995300293,,78960
1700,55705600,0.9907719999667222,4.05876350402832,0.49188551902770994,,78955
1710,56033280,0.990574462074081,4.004561996459961,0.4876145839691162,,78942
1720,56360960,0.9903748546003112,4.01713752746582,0.5036866188049316,,78946
1730,56688640,0.9901731784830609,3.9911670684814453,0.5134210109710693,,78961
1740,57016320,0.9899694346696959,3.958604431152344,0.49288315773010255,,78951
1750,57344000,0.9897636241172943,3.9955303192138674,0.5025415897369385,,78941
1760,57671680,0.9895557477926437,4.008403778076172,0.5097343444824218,,78886
1770,57999360,0.9893458066722344,3.963206100463867,0.5050248622894287,,78953
1780,58327040,0.9891338017422565,3.957797622680664,0.5078290462493896,,78945
1790,58654720,0.988919733998595,3.954935836791992,0.4957547187805176,,78972
1800,58982400,0.9887036044468247,3.987956237792969,0.49850969314575194,,78955
1810,59310080,0.9884854141022056,3.9245738983154297,0.4974383354187012,,78960
1820,59637760,0.9882651639896781,3.9357376098632812,0.5052274703979492,,78953
1830,59965440,0.9880428551438585,3.969950866699219,0.5026633739471436,,78954
1840,60293120,0.9878184886090338,3.893956756591797,0.5058708667755127,,78984
1850,60620800,0.9875920654391568,3.901017761230469,0.5110428810119629,,78970
1860,60948480,0.9873635866978416,3.953725814819336,0.5007347583770752,,78977
1870,61276160,0.987133053458358,4.011847305297851,0.49461684226989744,,78946
1880,61603840,0.9869004668036266,3.9417423248291015,0.5091712951660157,,78967
1890,61931520,0.9866658278262145,3.896147537231445,0.5085773468017578,,78963
1900,62259200,0.9864291376283284,3.885886383056641,0.5107366561889648,,78964
1910,62586880,0.9861903973218116,3.920098876953125,0.4839266300201416,,78946
1920,62914560,0.9859496080281371,3.8933128356933593,0.4909391403198242,,78950
1930,63242240,0.9857067708784032,3.8340457916259765,0.49190516471862794,,78960
1940,63569920,0.9854618870133276,3.8751140594482423,0.5458608627319336,,78970
1950,63897600,0.9852149575832427,3.8453975677490235,0.5013933181762695,,78964
1960,64225280,0.9849659837480899,3.858082962036133,0.5185008525848389,,78979
1970,64552960,0.9847149666774135,3.888471221923828,0.49705076217651367,,78958
1980,64880640,0.9844619075503569,3.8692142486572267,0.5042503833770752,,78963
1990,65208320,0.9842068075556548,3.853395462036133,0.5015587329864502,,78946
2000,65536000,0.9839496678916297,3.8393939971923827,0.502548360824585,,78983
2010,65863680,0.9836904897661849,3.823893356323242,0.49119319915771487,,78941
2020,66191360,0.9834292743967993,3.8399539947509767,0.47846522331237795,,78961
2030,66519040,0.9831660230105219,3.8536746978759764,0.5045307159423829,,78959
2040,66846720,0.9829007368439657,3.8740909576416014,0.48959789276123045,,78949
2050,67174400,0.9826334171433019,3.8530128479003904,0.5369281768798828,,78974
2060,67502080,0.9823640651642543,3.8652198791503904,0.5068486213684082,,78952
2070,67829760,0.9820926821720932,3.7972949981689452,0.49318833351135255,,78947
2080,68157440,0.9818192694416293,3.83886833190918,0.4900063991546631,,78902
2090,68485120,0.9815438282572083,3.8632408142089845,0.48932819366455077,,78950
2100,68812800,0.9812663599127042,3.7992034912109376,0.4981255531311035,,78948
2110,69140480,0.9809868657115136,3.788077163696289,0.49292726516723634,,78955
2120,69468160,0.9807053469665494,3.855171966552734,0.49489469528198243,,78965
2130,69795840,0.980421805000235,3.7862579345703127,0.4983809947967529,,78948
2140,70123520,0.9801362411444974,3.8288959503173827,0.48915824890136717,,78971
2150,70451200,0.9798486567407615,3.8006702423095704,0.4983408451080322,,78980
2160,70778880,0.9795590531399438,3.792165756225586,0.5130303382873536,,78991
2170,71106560,0.9792674317024457,3.7891910552978514,0.49785752296447755,,78968
2180,71434240,0.9789737937981473,3.8376399993896486,0.5066070556640625,,78983
2190,71761920,0.9786781408064011,3.8176990509033204,0.4868454456329346,,78960
2200,72089600,0.9783804741160256,3.795134735107422,0.5253536701202393,,78958
2210,72417280,0.978080795125298,3.7686283111572267,0.4988081932067871,,78953
2220,72744960,0.9777791052419487,3.787202835083008,0.48410582542419434,,78957
2230,73072640,0.9774754058831538,3.7847518920898438,0.48621511459350586,,78960
2240,73400320,0.9771696984755293,3.790354919433594,0.5208484649658203,,78955
2250,73728000,0.9768619844551234,3.770281219482422,0.5054688930511475,,78954
2260,74055680,0.9765522652674108,3.7412086486816407,0.4884502410888672,,78950
2270,74383360,0.976240542367285,3.8250099182128907,0.500347375869751,,78954
2280,74711040,0.9759268172190521,3.841283416748047,0.49187641143798827,,78973
2290,75038720,0.9756110912964235,3.7783271789550783,0.4835038185119629,,78877
2300,75366400,0.9752933660825093,3.750074768066406,0.4668151378631592,,78968
2310,75694080,0.9749736430698112,3.7302326202392577,0.4822251319885254,,78941
2320,76021760,0.9746519237602153,3.7671577453613283,0.4875025272369385,,78950
2330,76349440,0.9743282096649852,3.7659328460693358,0.5083569049835205,,78961
2340,76677120,0.9740025023047555,3.686016082763672,0.48323769569396974,,78968
2350,77004800,0.9736748032095234,3.7447147369384766,0.48194231986999514,,78963
2360,77332480,0.9733451139186423,3.829637908935547,0.5000097751617432,,78984
2370,77660160,0.973013435980815,3.736452102661133,0.7732181072235107,,78975
2380,77987840,0.9726797709540852,3.792643356323242,0.4938469886779785,,78955
2390,78315520,0.9723441204058314,3.762556457519531,0.4872282028198242,,78973
2400,78643200,0.9720064859127585,3.7418914794921876,0.5859103679656983,,78980
2410,78970880,0.9716668690608914,3.7477989196777344,0.48920693397521975,,78975
2420,79298560,0.9713252714455668,3.740132141113281,0.4744117259979248,,78962
2430,79626240,0.9709816946714261,3.778270721435547,0.48708319664001465,,78941
2440,79953920,0.9706361403524074,3.8076602935791017,0.4921287536621094,,78964
2450,80281600,0.9702886101117387,3.7619651794433593,0.4957557678222656,,78964
2460,80609280,0.9699391055819293,3.7538299560546875,0.5267617702484131,,78950
2470,80936960,0.9695876284047632,3.803853988647461,0.48882336616516114,,78946
2480,81264640,0.9692341802312905,3.716144561767578,0.4784600257873535,,78958
2490,81592320,0.9688787627218198,3.7932361602783202,0.4770652294158936,,78947
2500,81920000,0.9685213775459112,3.7448543548583983,0.5018491268157959,,78975
2510,82247680,0.968162026382367,3.6481468200683596,0.500584602355957,,78945
2520,82575360,0.9678007109192254,3.691556930541992,0.5150741100311279,,78963
2530,82903040,0.9674374328537514,3.623678970336914,0.4773872852325439,,78956
2540,83230720,0.9670721938924294,3.699697494506836,0.4837348461151123,,78962
2550,83558400,0.966704995750955,3.777556610107422,0.4985091209411621,,78961
2560,83886080,0.9663358401542269,3.6953845977783204,0.4855227470397949,,78973
2570,84213760,0.965964728836339,3.7216728210449217,0.4687375068664551,,78956
2580,84541440,0.9655916635405721,3.7823394775390624,0.49935064315795896,,78942
2590,84869120,0.9652166460193854,3.7508514404296873,0.5015803813934326,,78937
2600,85196800,0.9648396780344092,3.6664928436279296,0.4885537624359131,,78943
2610,85524480,0.9644607613564357,3.651071548461914,0.4795200824737549,,78920
2620,85852160,0.9640798977654107,3.717832565307617,0.495816707611084,,78933
2630,86179840,0.9636970890504263,3.6570037841796874,0.49315505027770995,,78930
2640,86507520,0.963312337009711,3.725740432739258,0.486194372177124,,78940
2650,86835200,0.9629256434506225,3.7037738800048827,0.4789905071258545,,78933
2660,87162880,0.9625370101896386,3.6218330383300783,0.49825377464294435,,78951
2670,87490560,0.9621464390523483,3.706564712524414,0.4913123607635498,,78955
2680,87818240,0.9617539318734444,3.718448257446289,0.5291620254516601,,78960
2690,88145920,0.9613594904967137,3.6694404602050783,0.484601354598999,,78964
2700,88473600,0.9609631167750291,3.68810920715332,0.5067179679870606,,78982
2710,88801280,0.9605648125703407,3.6847423553466796,0.5130124568939209,,78973
2720,89128960,0.9601645797536662,3.743472671508789,0.49791688919067384,,78953
2730,89456640,0.959762420205084,3.7077281951904295,0.4979139804840088,,78939
2740,89784320,0.9593583358137223,3.6978408813476564,0.4840698719024658,,78953
2750,90112000,0.9589523284777519,3.6900787353515625,0.49054732322692873,,78955
2760,90439680,0.9585444001043758,3.6815799713134765,0.48278656005859377,,78945
2770,90767360,0.9581345526098218,3.6103740692138673,0.47920656204223633,,78922
2780,91095040,0.9577227879193322,3.5993309020996094,0.48812546730041506,,78951
2790,91422720,0.9573091079671553,3.670764923095703,0.4747158527374268,,78930
2800,91750400,0.9568935146965365,3.652103042602539,0.47620501518249514,,78962
2810,92078080,0.9564760100597085,3.6894325256347655,0.4876375198364258,,78957
2820,92405760,0.956056596017883,3.6047054290771485,0.48497419357299804,,78945
2830,92733440,0.9556352745412409,3.674154281616211,0.4890135765075684,,78955
2840,93061120,0.9552120476089232,3.619218444824219,0.4875499725341797,,78944
2850,93388800,0.9547869172090215,3.6840847015380858,0.483018159866333,,78969
2860,93716480,0.9543598853385692,3.6549137115478514,0.47149271965026857,,78941
2870,94044160,0.9539309540035318,3.6856285095214845,0.4908451080322266,,78968
2880,94371840,0.953500125218797,3.644147491455078,0.4780848979949951,,78930
2890,94699520,0.9530674010081663,3.617945098876953,0.5045458316802979,,78965
2900,95027200,0.9526327834043443,3.5915218353271485,0.47699637413024903,,78960
2910,95354880,0.9521962744489302,3.6960498809814455,0.4736170291900635,,78963
2920,95682560,0.9517578761924075,3.643136978149414,0.47597198486328124,,78941
2930,96010240,0.9513175906941347,3.6308135986328125,0.476308012008667,,78952
2940,96337920,0.9508754200223356,3.6244762420654295,0.4814737796783447,,78945
2950,96665600,0.9504313662540893,3.6196903228759765,0.5060317516326904,,78944
2960,96993280,0.949985431475321,3.5715915679931642,0.4691963195800781,,78939
2970,97320960,0.9495376177807917,3.6574176788330077,0.48263206481933596,,78941
2980,97648640,0.9490879272740883,3.630178451538086,0.4942105770111084,,78935
2990,97976320,0.9486363620676144,3.607775115966797,0.48186521530151366,,78967
3000,98304000,0.9481829242825798,3.6347126007080077,0.4908327102661133,,78949
3010,98631680,0.9477276160489903,3.6519222259521484,0.49333906173706055,,78912
3020,98959360,0.9472704395056386,3.595742034912109,0.49528074264526367,,78957
3030,99287040,0.9468113968000933,3.5900768280029296,0.48482685089111327,,78930
3040,99614720,0.9463504900886894,3.6624794006347656,0.4749317169189453,,78922
3050,99942400,0.9458877215365181,3.624215316772461,0.4761519432067871,,78931
3060,100270080,0.9454230933174161,3.6336666107177735,0.4960781097412109,,78970
3070,100597760,0.9449566076139565,3.643727111816406,0.482839298248291,,78951
3080,100925440,0.944488266617437,3.640191650390625,0.49383182525634767,,78982
3090,101253120,0.9440180725278713,3.6830615997314453,0.5359041690826416,,78974
3100,101580800,0.9435460275539773,3.601655960083008,0.4997220993041992,,78980
3110,101908480,0.9430721339131679,3.6338783264160157,0.4941859245300293,,78949
3120,102236160,0.9425963938315396,3.5864124298095703,0.4772226333618164,,78958
3130,102563840,0.9421188095438624,3.6032859802246096,0.4831257343292236,,78938
3140,102891520,0.94163938329357,3.669270706176758,0.49779715538024905,,78961
3150,103219200,0.9411581173327482,3.6169361114501952,0.48163623809814454,,78940
3160,103546880,0.9406750139221247,3.637870025634766,0.47716431617736815,,78932
3170,103874560,0.9401900753310587,3.5876365661621095,0.4800984859466553,,78920
3180,104202240,0.9397033038375302,3.547707366943359,0.46975064277648926,,78945
3190,104529920,0.9392147017281288,3.644278717041016,0.5048100471496582,,78933
3200,104857600,0.9387242712980439,3.6149368286132812,0.49164910316467286,,78943
3210,105185280,0.9382320148510529,3.612043762207031,0.480075740814209,,78945
3220,105512960,0.937737934699511,3.595684814453125,0.48542375564575196,,78923
3230,105840640,0.9372420331643404,3.6070316314697264,0.4907529354095459,,78936
3240,106168320,0.9367443125750188,3.5708118438720704,0.4950979232788086,,78943
3250,106496000,0.936244775269569,3.6025211334228517,0.4899598598480225,,78943
3260,106823680,0.9357434235945475,3.543805694580078,0.47578883171081543,,78951
3270,107151360,0.9352402599050346,3.5273303985595703,0.4999866008758545,,78917
3280,107479040,0.9347352865646213,3.6108760833740234,0.4937788486480713,,78933
3290,107806720,0.9342285059454002,3.5310909271240236,0.47208051681518554,,78935
3300,108134400,0.9337199204279533,3.5464603424072267,0.4747169494628906,,78938
3310,108462080,0.9332095324013407,3.6178924560546877,0.4764573097229004,,78929
3320,108789760,0.93269734426309,3.6315628051757813,0.49729094505310056,,78941
3330,109117440,0.9321833584191851,3.658296585083008,0.5004922389984131,,78921
3340,109445120,0.9316675772840538,3.552980422973633,0.4852612972259521,,78915
3350,109772800,0.9311500032805579,3.6046073913574217,0.5015522003173828,,78920
3360,110100480,0.9306306388399807,3.585941696166992,0.5009923458099366,,78948
3370,110428160,0.9301094864020161,3.5839733123779296,0.5042486190795898,,78960
3380,110755840,0.929586548414757,3.6074188232421873,0.4812227725982666,,78937
3390,111083520,0.929061827334684,3.50235595703125,0.4765655040740967,,78941
3400,111411200,0.928535325626654,3.5918460845947267,0.4817790985107422,,78936
3410,111738880,0.9280070457638875,3.6367931365966797,0.5127543926239013,,78969
3420,112066560,0.9274769902279585,3.5712100982666017,0.5041559219360352,,78966
3430,112394240,0.9269451615087818,3.560080718994141,0.4912831783294678,,78961
3440,112721920,0.926411562104602,3.5710113525390623,0.48099455833435056,,78935
3450,113049600,0.9258761945219811,3.520607757568359,0.4813977241516113,,78958
3460,113377280,0.9253390612757871,3.5409793853759766,0.48978252410888673,,78954
3470,113704960,0.9248001648891824,3.610688400268555,0.5044404983520507,,78958
3480,114032640,0.9242595078936112,3.6005630493164062,0.48256120681762693,,78963
3490,114360320,0.9237170928287887,3.546355056762695,0.4852811336517334,,78967
3500,114688000,0.923172922242688,3.6184276580810546,0.47539243698120115,,78938
3510,115015680,0.922626998691529,3.550210952758789,0.4929934501647949,,78939
3520,115343360,0.922079324739766,3.525048828125,0.48293218612670896,,78941
3530,115671040,0.9215299029600759,3.560261917114258,0.4858084201812744,,78944
3540,115998720,0.9209787359333456,3.574752426147461,0.4947822093963623,,78907
3550,116326400,0.9204258262486603,3.5721809387207033,0.488824462890625,,78936
3560,116654080,0.9198711765032919,3.5284534454345704,0.47654085159301757,,78924
3570,116981760,0.9193147893026851,3.497727966308594,0.4783733367919922,,78952
3580,117309440,0.9187566672604472,3.5450695037841795,0.5053843498229981,,78924
3590,117637120,0.9181968129983342,3.549104690551758,0.4796194553375244,,78934
3600,117964800,0.9176352291462395,3.5531333923339843,0.4895824432373047,,78944
3610,118292480,0.9170719183421812,3.586566162109375,0.494960880279541,,78926
3620,118620160,0.9165068832322891,3.5479732513427735,0.4744730472564697,,78938
3630,118947840,0.9159401264707938,3.519321823120117,0.4788050174713135,,78948
3640,119275520,0.9153716507200125,3.5471569061279298,0.4829263687133789,,78947
3650,119603200,0.9148014586503377,3.621134948730469,0.48705172538757324,,78930
3660,119930880,0.9142295529402239,3.555322265625,0.4858828067779541,,78963
3670,120258560,0.9136559362761759,3.5321250915527345,0.4728665351867676,,78944
3680,120586240,0.9130806113527351,3.5363353729248046,0.5017737865447998,,78942
3690,120913920,0.9125035808724679,3.5706161499023437,0.4812924861907959,,78943
3700,121241600,0.9119248475459516,3.495127868652344,0.4754952430725098,,78951
3710,121569280,0.9113444140917637,3.5583900451660155,0.4761023044586182,,78916
3720,121896960,0.9107622832364672,3.4918243408203127,0.47235732078552245,,78942
3730,122224640,0.9101784577145987,3.516225051879883,0.48248863220214844,,78913
3740,122552320,0.9095929402686556,3.5045970916748046,0.4814169406890869,,78955
3750,122880000,0.9090057336490831,3.5808132171630858,0.48271784782409666,,78933
3760,123207680,0.908416840614261,3.5371677398681642,0.5052914142608642,,78936
3770,123535360,0.9078262639304908,3.6094058990478515,0.49302034378051757,,78899
3780,123863040,0.9072340063719835,3.511013412475586,0.5022825241088867,,78927
3790,124190720,0.9066400707208456,3.482406234741211,0.4889798641204834,,78934
3800,124518400,0.906044459767066,3.5658905029296877,0.48200812339782717,,78951
3810,124846080,0.905447176308504,3.5521404266357424,0.4869805335998535,,78938
3820,125173760,0.9048482231508749,3.484139633178711,0.47420010566711424,,78950
3830,125501440,0.9042476031077374,3.5326343536376954,0.47541117668151855,,78926
3840,125829120,0.9036453190004807,3.521127700805664,0.4975762844085693,,78939
3850,126156800,0.9030413736583102,3.5657249450683595,0.47945117950439453,,78915
3860,126484480,0.9024357699182355,3.5284103393554687,0.4848569393157959,,78924
3870,126812160,0.9018285106250563,3.527821350097656,0.5104744911193848,,78913
3880,127139840,0.901219598631349,3.5110870361328126,0.4947183132171631,,78905
3890,127467520,0.9006090367974537,3.5233654022216796,0.4844820976257324,,78896
3900,127795200,0.8999968279914605,3.5039836883544924,0.5002916336059571,,78932
3910,128122880,0.8993829750891961,3.5763729095458983,0.514695692062378,,78906
3920,128450560,0.8987674809742102,3.515314483642578,0.4828359603881836,,78928
3930,128778240,0.8981503485377622,3.550497817993164,0.4886453628540039,,78927
3940,129105920,0.8975315806788072,3.4986804962158202,0.47842907905578613,,78944
3950,129433600,0.8969111803039826,3.5375797271728517,0.47685823440551756,,78925
3960,129761280,0.8962891503275952,3.4869308471679688,0.47780022621154783,,78934
3970,130088960,0.8956654936716058,3.5263225555419924,0.4901768684387207,,78920
3980,130416640,0.8950402132656169,3.550705337524414,0.47788057327270506,,78937
3990,130744320,0.8944133120468587,3.4969718933105467,0.49860291481018065,,78923
4000,131072000,0.8937847929601748,3.5149887084960936,0.49916629791259765,,78916
4010,131399680,0.8931546589580086,3.5354686737060548,0.4927366733551025,,78938
4020,131727360,0.8925229130003902,3.5690662384033205,0.4804666519165039,,78958
4030,132055040,0.8918895580549208,3.498733901977539,0.5008166313171387,,78949
4040,132382720,0.8912545970967604,3.5299095153808593,0.47398223876953127,,78956
4050,132710400,0.8906180331086129,3.5138221740722657,0.4832938194274902,,78915
4060,133038080,0.8899798690807127,3.4936759948730467,0.4907059192657471,,78939
4070,133365760,0.8893401080108099,3.5755340576171877,0.495889949798584,,78923
4080,133693440,0.8886987529041569,3.4988529205322267,0.4793704986572266,,78908
4090,134021120,0.888055806773494,3.5311614990234377,0.4972041130065918,,78941
4100,134348800,0.8874112726390354,3.485750198364258,0.49507713317871094,,78953
4110,134676480,0.8867651535284545,3.539089584350586,0.49029059410095216,,78927
4120,135004160,0.8861174524768703,3.4982818603515624,0.48508625030517577,,78913
4130,135331840,0.8854681725268331,3.5203475952148438,0.4834935665130615,,78938
4140,135659520,0.8848173167283098,3.5426589965820314,0.492326545715332,,78943
4150,135987200,0.8841648881386694,3.5121875762939454,0.4794758319854736,,78921
4160,136314880,0.88351088982267,3.5274166107177733,0.4792313098907471,,78935
4170,136642560,0.8828553248524423,3.4826087951660156,0.49135899543762207,,78932
4180,136970240,0.8821981963074773,3.5244094848632814,0.49330673217773435,,78956
4190,137297920,0.8815395072746101,3.520812225341797,0.4910908222198486,,78927
4200,137625600,0.8808792608480065,3.4542518615722657,0.4773317813873291,,78920
4210,137953280,0.8802174601291479,3.5246337890625,0.4826197624206543,,78924
4220,138280960,0.8795541082268172,3.498642349243164,0.4861264228820801,,78924
4230,138608640,0.8788892082570837,3.5382614135742188,0.4807126045227051,,78937
4240,138936320,0.8782227633432887,3.506945037841797,0.4789121150970459,,78938
4250,139264000,0.877554776616031,3.4797767639160155,0.4815836429595947,,78932
4260,139591680,0.8768852512131515,3.4897937774658203,0.49218316078186036,,78899
4270,139919360,0.8762141902797198,3.496792221069336,0.48744778633117675,,78923
4280,140247040,0.8755415969680176,3.490483856201172,0.5020370483398438,,78917
4290,140574720,0.8748674744375259,3.539068603515625,0.492125415802002,,78934
4300,140902400,0.8741918258549084,3.465727615356445,0.49362902641296386,,78917
4310,141230080,0.8735146543939974,3.5269245147705077,0.505791711807251,,78887
4320,141557760,0.8728359632357797,3.4677242279052733,0.4907382011413574,,78915
4330,141885440,0.8721557555683797,3.4974117279052734,0.491472053527832,,78925
4340,142213120,0.8714740345870462,3.444031524658203,0.4946590900421143,,78901
4350,142540800,0.8707908034941365,3.502337646484375,0.4968745708465576,,78939
4360,142868480,0.8701060654991017,3.4987777709960937,0.5044540882110595,,78921
4370,143196160,0.8694198238184716,3.4902557373046874,0.49320240020751954,,78937
4380,143523840,0.8687320816758393,3.4585105895996096,0.4946688175201416,,78928
4390,143851520,0.8680428423018461,3.480359649658203,0.4887512683868408,,78925
4400,144179200,0.8673521089341671,3.4554107666015623,0.4842402935028076,,78928
4410,144506880,0.866659884817495,3.4799030303955076,0.4943209171295166,,78919
4420,144834560,0.865966173203525,3.4399173736572264,0.48682403564453125,,78922
4430,145162240,0.86527097735094,3.503826904296875,0.49721336364746094,,78934
4440,145489920,0.8645743005253953,3.5164722442626952,0.49750328063964844,,78915
4450,145817600,0.8638761459995025,3.462781524658203,0.4982966423034668,,78928
4460,146145280,0.8631765170528151,3.4563087463378905,0.48759031295776367,,78930
4470,146472960,0.8624754169718122,3.4151744842529297,0.49382696151733396,,78942
4480,146800640,0.8617728490498839,3.4670501708984376,0.48505458831787107,,78942
4490,147128320,0.8610688165873153,3.321211242675781,0.4763809680938721,,78934
4500,147456000,0.860363322891271,3.4232528686523436,0.47999067306518556,,78945
4510,147783680,0.8596563712757798,3.4368923187255858,0.48511972427368166,,78950
4520,148111360,0.8589479650617188,3.426102066040039,0.4859152793884277,,78922
4530,148439040,0.8582381075767984,3.4349597930908202,0.49610061645507814,,78950
4540,148766720,0.8575268021555462,3.4713001251220703,0.4847103595733643,,78914
4550,149094400,0.8568140521392911,3.4687759399414064,0.4836796760559082,,78942
4560,149422080,0.8560998608761481,3.4652484893798827,0.48553905487060545,,78929
4570,149749760,0.8553842317210026,3.499857711791992,0.4775690078735352,,78911
4580,150077440,0.8546671680354943,3.440817642211914,0.4813560485839844,,78932
4590,150405120,0.8539486731880013,3.4718887329101564,0.48751583099365237,,78935
4600,150732800,0.8532287505536249,3.425064468383789,0.477964973449707,,78925
4610,151060480,0.8525074035141732,3.481036376953125,0.4904927730560303,,78955
4620,151388160,0.8517846354581458,3.474691390991211,0.4828958988189697,,78927
4630,151715840,0.8510604497807165,3.4689258575439452,0.505872106552124,,78935
4640,152043520,0.8503348498837191,3.412900924682617,0.4791400909423828,,78921
4650,152371200,0.8496078391756305,3.468255615234375,0.4829544544219971,,78931
4660,152698880,0.8488794210715549,3.417441558837891,0.4829904079437256,,78939
4670,153026560,0.8481495989932074,3.4293617248535155,0.4808535575866699,,78930
4680,153354240,0.8474183763688985,3.494725799560547,0.49456133842468264,,78903
4690,153681920,0.8466857566335172,3.4497138977050783,0.4816295623779297,,78930
4700,154009600,0.8459517432285163,3.4963573455810546,0.5073452949523926,,78914
4710,154337280,0.8452163396018946,3.438003158569336,0.5024864196777343,,78935
4720,154664960,0.8444795492081815,3.452483367919922,0.4955334186553955,,78908
4730,154992640,0.8437413755084207,3.4824390411376953,0.5056785106658935,,78932
4740,155320320,0.8430018219701542,3.4810672760009767,0.49969940185546874,,78922
4750,155648000,0.8422608920674052,3.445866012573242,0.5041677474975585,,78944
4760,155975680,0.841518589280663,3.4864295959472655,0.48886971473693847,,78913
4770,156303360,0.8407749170968652,3.4597240447998048,0.4854738235473633,,78931
4780,156631040,0.8400298790093831,3.4124881744384767,0.4917730808258057,,78939
4790,156958720,0.8392834785180031,3.4195518493652344,0.48420963287353513,,78950
4800,157286400,0.8385357191289123,3.446470260620117,0.4894303321838379,,78930
4810,157614080,0.837786604354681,3.4402111053466795,0.47649874687194826,,78935
4820,157941760,0.8370361377142459,3.4773582458496093,0.4788068771362305,,78911
4830,158269440,0.8362843227328948,3.38031005859375,0.4811079025268555,,78933
4840,158597120,0.8355311629422486,3.396432876586914,0.4848774909973145,,78919
4850,158924800,0.8347766618802456,3.4159576416015627,0.48108973503112795,,78952
4860,159252480,0.8340208230911248,3.423688507080078,0.49084033966064455,,78920
4870,159580160,0.8332636501254091,3.4184417724609375,0.4777308464050293,,78928
4880,159907840,0.8325051465398888,3.4513713836669924,0.4893959522247314,,78931
4890,160235520,0.8317453158976044,3.4655200958251955,0.4818881988525391,,78937
4900,160563200,0.8309841617678299,3.3720775604248048,0.48323688507080076,,78958
4910,160890880,0.8302216877260572,3.4227359771728514,0.4849542617797852,,78928
4920,161218560,0.829457897353978,3.4273609161376952,0.4899878978729248,,78941
4930,161546240,0.8286927942394671,3.3976226806640626,0.49502129554748536,,78927
4940,161873920,0.8279263819765664,3.455409622192383,0.5069655895233154,,78922
4950,162201600,0.827158664165467,3.41038818359375,0.49094643592834475,,78910
4960,162529280,0.8263896444124933,3.4128707885742187,0.48805980682373046,,78914
4970,162856960,0.825619326330085,3.3738094329833985,0.49690780639648435,,78931
4980,163184640,0.8248477135367809,3.413626480102539,0.4885927677154541,,78926
4990,163512320,0.8240748096572016,3.3800086975097656,0.4940169811248779,,78924
5000,163840000,0.8233006183220325,3.3793773651123047,0.49782161712646483,,78921
5010,164167680,0.8225251431680068,3.4350135803222654,0.49375619888305666,,78917
5020,164495360,0.8217483878378885,3.356100082397461,0.4886935710906982,,78948
5030,164823040,0.8209703559804551,3.4162857055664064,0.48466997146606444,,78942
5040,165150720,0.8201910512504803,3.4569477081298827,0.5037024021148682,,78940
5050,165478400,0.8194104773087175,3.4619304656982424,0.48365230560302735,,78910
5060,165806080,0.8186286378218818,3.3978221893310545,0.47771501541137695,,78926
5070,166133760,0.8178455364626335,3.3872905731201173,0.49096179008483887,,78918
5080,166461440,0.8170611769095599,3.3309497833251953,0.5123214244842529,,78933
5090,166789120,0.8162755628471595,3.317982864379883,0.48480072021484377,,78939
5100,167116800,0.815488697965823,3.3908760070800783,0.4950314998626709,,78925
5110,167444480,0.8147005859618172,3.4611968994140625,0.5025222778320313,,78910
5120,167772160,0.813911230537267,3.3651763916015627,0.48168792724609377,,78927
5130,168099840,0.8131206354001385,3.4448719024658203,0.490221643447876,,78898
5140,168427520,0.8123288042642208,3.3422367095947267,0.47694010734558107,,78926
5150,168755200,0.8115357408491098,3.397455596923828,0.4882765293121338,,78914
5160,169082880,0.8107414488801894,3.4275943756103517,0.499929141998291,,78911
5170,169410560,0.8099459320886147,3.438029098510742,0.503054428100586,,78911
5180,169738240,0.8091491942112942,3.4371532440185546,0.5064627647399902,,78940
5190,170065920,0.8083512389908728,3.3885471343994142,0.4919461250305176,,78934
5200,170393600,0.8075520701757136,3.4565929412841796,0.4867690086364746,,78924
5210,170721280,0.8067516915198807,3.434063720703125,0.4968703269958496,,78919
5220,171048960,0.8059501067831211,3.4255817413330076,0.5097032070159913,,78935
5230,171376640,0.8051473197308472,3.378485107421875,0.4903726577758789,,78920
5240,171704320,0.8043433341341197,3.3851482391357424,0.4875946998596191,,78952
5250,172032000,0.8035381537696291,3.449344253540039,0.5002947330474854,,78899
5260,172359680,0.8027317824196785,3.4514583587646483,0.4989626407623291,,78934
5270,172687360,0.8019242238721653,3.402068328857422,0.4963818073272705,,78938
5280,173015040,0.8011154819205639,3.3744735717773438,0.4888191223144531,,78917
5290,173342720,0.8003055603639075,3.407745361328125,0.48609514236450196,,78936
5300,173670400,0.799494463006771,3.4065208435058594,0.4831821441650391,,78948
5310,173998080,0.7986821936592519,3.4427146911621094,0.49662322998046876,,78906
5320,174325760,0.7978687561369534,3.4288555145263673,0.5024962425231934,,78936
5330,174653440,0.7970541542609662,3.4004955291748047,0.48308429718017576,,78915
5340,174981120,0.7962383918578503,3.3781501770019533,0.48312177658081057,,78929
5350,175308800,0.7954214727596175,3.4723278045654298,0.5252658367156983,,78918
5360,175636480,0.794603400803713,3.378336715698242,0.49475851058959963,,78929
5370,175964160,0.7937841798329972,3.352936553955078,0.4823124408721924,,78934
5380,176291840,0.7929638136957288,3.3509979248046875,0.5031198978424072,,78942
5390,176619520,0.7921423062455447,3.4270225524902345,0.49817886352539065,,78943
5400,176947200,0.791319661341444,3.369738006591797,0.4930095672607422,,78924
5410,177274880,0.7904958828477688,3.4413875579833983,0.5084520816802979,,78891
5420,177602560,0.7896709746341858,3.371628189086914,0.48234968185424804,,78939
5430,177930240,0.7888449405756687,3.369718551635742,0.49435057640075686,,78956
5440,178257920,0.78801778455248,3.393787384033203,0.4998210906982422,,78961
5450,178585600,0.7871895104501523,3.3557483673095705,0.5023475646972656,,78945
5460,178913280,0.7863601221594704,3.365780258178711,0.48128156661987304,,78921
5470,179240960,0.7855296235764533,3.3805767059326173,0.49244112968444825,,78934
5480,179568640,0.7846980186023351,3.4257648468017576,0.48756656646728513,,78923
5490,179896320,0.7838653111435474,3.346007537841797,0.5132586479187011,,78927
5500,180224000,0.7830315051117006,3.3537361145019533,0.4918342113494873,,78935
5510,180551680,0.7821966044235655,3.376789093017578,0.49240336418151853,,78912
5520,180879360,0.7813606130010551,3.4346214294433595,0.49761228561401366,,78942
5530,181207040,0.7805235347712062,3.4459632873535155,0.5041116714477539,,78922
5540,181534720,0.7796853736661605,3.4169315338134765,0.5121368408203125,,78935
5550,181862400,0.7788461336231468,3.3647647857666017,0.49103689193725586,,78913
5560,182190080,0.7780058185844622,3.3692211151123046,0.49605460166931153,,78940
5570,182517760,0.777164432497453,3.3284652709960936,0.5039123058319092,,78939
5580,182845440,0.7763219793144973,3.444677734375,0.4972063541412354,,78948
5590,183173120,0.7754784629929858,3.335855484008789,0.4917167663574219,,78945
5600,183500800,0.7746338874953032,3.350926971435547,0.49252591133117674,,78963
5610,183828480,0.773788256788809,3.382842254638672,0.4948904037475586,,78970
5620,184156160,0.7729415748458205,3.3747890472412108,0.4833730697631836,,78964
5630,184483840,0.7720938456435924,3.4009578704833983,0.4949012756347656,,78939
5640,184811520,0.7712450731642992,3.303986358642578,0.49215993881225584,,78946
5650,185139200,0.7703952613950162,3.4154258728027345,0.5081878185272217,,78919
5660,185466880,0.7695444143277006,3.3475650787353515,0.5068849086761474,,78930
5670,185794560,0.7686925359591726,3.361920166015625,0.5104176998138428,,78916
5680,186122240,0.7678396302910978,3.414641189575195,0.5044478893280029,,78938
5690,186449920,0.7669857013299661,3.4190502166748047,0.5069468975067138,,78922
5700,186777600,0.7661307530870757,3.445845031738281,0.5007894515991211,,78907
5710,187105280,0.7652747895785117,3.3285594940185548,0.48929443359375,,78945
5720,187432960,0.7644178148251293,3.268988037109375,0.49355268478393555,,78943
5730,187760640,0.7635598328525331,3.3988197326660154,0.5032913684844971,,78951
5740,188088320,0.76270084769106,3.364398956298828,0.4902228355407715,,78951
5750,188416000,0.7618408633757584,3.3898563385009766,0.49505953788757323,,78976
5760,188743680,0.760979883946371,3.4172737121582033,0.5163789749145508,,78974
5770,189071360,0.7601179134473144,3.391713333129883,0.5100605964660645,,78974
5780,189399040,0.7592549559276612,3.386895751953125,0.5021450519561768,,78960
5790,189726720,0.7583910154411201,3.4487274169921873,0.5063348770141601,,78973
5800,190054400,0.7575260960460173,3.4167865753173827,0.49485063552856445,,78960
5810,190382080,0.7566602018052777,3.412049102783203,0.5033162593841553,,78953
5820,190709760,0.7557933367864051,3.4247104644775392,0.5018294811248779,,78954
5830,191037440,0.7549255050614639,3.3672225952148436,0.5008511543273926,,78947
5840,191365120,0.7540567107070592,3.3704952239990233,0.4994628429412842,,78960
5850,191692800,0.753186957804318,3.3612274169921874,0.5105357646942139,,78977
5860,192020480,0.7523162504388706,3.390938568115234,0.5106849670410156,,78939
5870,192348160,0.7514445927008302,3.422322463989258,0.5210246562957763,,78947
5880,192675840,0.7505719886847744,3.274534225463867,0.5188368320465088,,78966
5890,193003520,0.7496984424897264,3.38458366394043,0.515739917755127,,78989
5900,193331200,0.7488239582191348,3.3432338714599608,0.5048667907714843,,78979
5910,193658880,0.7479485399808549,3.3699989318847656,0.5066268444061279,,78955
5920,193986560,0.7470721918871295,3.31915168762207,0.501460599899292,,78944
5930,194314240,0.7461949180545687,3.3382667541503905,0.49632973670959474,,78975
5940,194641920,0.745316722604132,3.3650325775146483,0.5000899791717529,,78948
5950,194969600,0.744437609661108,3.4036628723144533,0.5059786319732666,,78954
5960,195297280,0.7435575833550946,3.3142723083496093,0.508383846282959,,78933
5970,195624960,0.7426766478199808,3.4649002075195314,0.5106207370758057,,78931
5980,195952640,0.7417948071939264,3.3587997436523436,0.51154465675354,,78925
5990,196280320,0.7409120656193431,3.297922134399414,0.5021957874298095,,78926
6000,196608000,0.7400284272428742,3.31604118347168,0.5047882080078125,,78941
6010,196935680,0.7391438962153765,3.356742095947266,0.49571962356567384,,78936
6020,197263360,0.7382584766918991,3.3616180419921875,0.5017741203308106,,78954
6030,197591040,0.7373721728316657,3.354557418823242,0.5004683494567871,,78955
6040,197918720,0.7364849887980534,3.41070671081543,0.5113131046295166,,78933
6050,198246400,0.7355969287585742,3.395264434814453,0.5038366317749023,,78916
6060,198574080,0.7347079968848549,3.392091751098633,0.5147896766662597,,78941
6070,198901760,0.733818197352618,3.319780731201172,0.5039329051971435,,78934
6080,199229440,0.7329275343416618,3.2640018463134766,0.49705820083618163,,78944
6090,199557120,0.7320360120358402,3.3546588897705076,0.5041753768920898,,78947
6100,199884800,0.7311436346230444,3.3292564392089843,0.49837193489074705,,78964
6110,200212480,0.7302504062951819,3.408682632446289,0.5031548976898194,,78958
6120,200540160,0.7293563312481574,3.319173812866211,0.5048445701599121,,78955
6130,200867840,0.7284614136818531,3.3420860290527346,0.49753923416137696,,78938
6140,201195520,0.7275656578001092,3.2723148345947264,0.4956828117370605,,78970
6150,201523200,0.7266690678107032,3.3445838928222655,0.5044197559356689,,78945
6160,201850880,0.7257716479253312,3.333999252319336,0.501891040802002,,78959
6170,202178560,0.7248734023595879,3.301222229003906,0.5016997814178467,,78933
6180,202506240,0.7239743353329462,3.336500549316406,0.516445541381836,,78973
6190,202833920,0.7230744510687378,3.3946189880371094,0.503024673461914,,78956
6200,203161600,0.7221737537941337,3.350040054321289,0.5015825748443603,,78976
6210,203489280,0.7212722477401238,3.3665355682373046,0.48905625343322756,,78955
6220,203816960,0.7203699371414969,3.406589889526367,0.4971316814422607,,78961
6230,204144640,0.7194668262368217,3.3350502014160157,0.48966617584228517,,78962
6240,204472320,0.7185629192684256,3.3473663330078125,0.49733777046203614,,78943
6250,204800000,0.7176582204823762,3.3067413330078126,0.4988602638244629,,78928
6260,205127680,0.7167527341284602,3.3042556762695314,0.4956261157989502,,78930
6270,205455360,0.715846464460164,3.3476993560791017,0.4962803840637207,,78923
6280,205783040,0.7149394157346535,3.329302215576172,0.5014350414276123,,78942
6290,206110720,0.7140315922127544,3.347036361694336,0.5176136016845703,,78937
6300,206438400,0.7131229981589317,3.3522415161132812,0.519921350479126,,78939
6310,206766080,0.7122136378412699,3.2978748321533202,0.5083662986755371,,78958
6320,207093760,0.7113035155314535,3.3458248138427735,0.5048099517822265,,78927
6330,207421440,0.710392635504746,3.374180221557617,0.5035151481628418,,78917
6340,207749120,0.70948100203997,3.3600795745849608,0.5020694732666016,,78940
6350,208076800,0.7085686194194882,3.3880077362060548,0.5009104251861572,,78941
6360,208404480,0.7076554919291816,3.333781433105469,0.4995102405548096,,78930
6370,208732160,0.7067416238584305,3.3291881561279295,0.5013606071472168,,78945
6380,209059840,0.7058270195000943,3.3893104553222657,0.498275899887085,,78918
6390,209387520,0.7049116831504906,3.3687667846679688,0.5107540607452392,,78949
6400,209715200,0.7039956191093758,3.4030136108398437,0.5019536018371582,,78936
6410,210042880,0.7030788316799246,3.39114990234375,0.5063909530639649,,78972
6420,210370560,0.7021613251687095,3.3638206481933595,0.5115243911743164,,78965
6430,210698240,0.7012431038856815,3.417521286010742,0.5072190284729003,,78962
6440,211025920,0.7003241721441484,3.3268531799316405,0.5032229423522949,,78967
6450,211353600,0.699404534260756,3.3579444885253906,0.5112082481384277,,78981
6460,211681280,0.6984841945554667,3.313118743896484,0.5391897678375244,,78970
6470,212008960,0.6975631573515402,3.2718669891357424,0.4913459777832031,,78954
6480,212336640,0.6966414269755121,3.3403743743896483,0.5005983829498291,,78964
6490,212664320,0.6957190077571747,3.3454120635986326,0.5100090980529786,,78959
6500,212992000,0.6947959040295556,3.257246398925781,0.5030938148498535,,78990
6510,213319680,0.693872120128898,3.359422302246094,0.5071642875671387,,78950
6520,213647360,0.6929476603946405,3.3513462066650392,0.522302770614624,,78972
6530,213975040,0.6920225291693962,3.3274356842041017,0.5160161972045898,,78946
6540,214302720,0.6910967307989323,3.266928863525391,0.5092801570892334,,78939
6550,214630400,0.6901702696321502,3.2984474182128904,0.5097282886505127,,78943
6560,214958080,0.6892431500210646,3.3372955322265625,0.5076677799224854,,78915
6570,215285760,0.6883153763207832,3.429505157470703,0.508960771560669,,78904
6580,215613440,0.6873869528894864,3.312276840209961,0.5109894752502442,,78922
6590,215941120,0.6864578840884065,3.365285873413086,0.5134685039520264,,78878
6600,216268800,0.6855281742818073,3.3164749145507812,0.501918888092041,,78903
6610,216596480,0.6845978278369642,3.3295562744140623,0.5024580478668212,,78906
6620,216924160,0.683666849124143,3.401229476928711,0.5086441040039062,,78917
6630,217251840,0.6827352425165789,3.329075241088867,0.5139470100402832,,78890
6640,217579520,0.6818030123904574,3.3633522033691405,0.5171627044677735,,78910
6650,217907200,0.6808701631248927,3.3242992401123046,0.5023994445800781,,78914
6660,218234880,0.6799366991019075,3.3402988433837892,0.5338897705078125,,78924
6670,218562560,0.6790026247064119,3.364812469482422,0.5347149848937989,,78915
6680,218890240,0.6780679443261837,3.3097259521484377,0.5104433059692383,,78934
6690,219217920,0.6771326623518468,3.3395717620849608,0.5220014572143554,,78923
6700,219545600,0.6761967831768516,3.3161155700683596,0.5020121574401856,,78930
6710,219873280,0.6752603111974533,3.3174106597900392,0.5078907966613769,,78892
6720,220200960,0.6743232508126922,3.370762252807617,0.5178314685821533,,78930
6730,220528640,0.6733856064243724,3.361056900024414,0.5247820377349853,,78928
6740,220856320,0.6724473824370414,3.2389076232910154,0.4970226764678955,,78920
6750,221184000,0.6715085832579691,3.301413345336914,0.5087000370025635,,78927
6760,221511680,0.6705692132971278,3.313402557373047,0.5175813674926758,,78903
6770,221839360,0.6696292769671708,3.24224739074707,0.5088228225708008,,78914
6780,222167040,0.6686887786834115,3.327745819091797,0.5079792976379395,,78918
6790,222494720,0.6677477228638038,3.336729049682617,0.51596097946167,,78963
6800,222822400,0.6668061139289202,3.29334716796875,0.4993309020996094,,78929
6810,223150080,0.6658639563019313,3.332241439819336,0.5153579711914062,,78803
6820,223477760,0.6649212544085855,3.346731185913086,0.5110196590423584,,78923
6830,223805440,0.6639780126771876,3.2113368988037108,0.5065337657928467,,78903
6840,224133120,0.6630342355385784,3.3094287872314454,0.5076191902160645,,78930
6850,224460800,0.6620899274261136,3.296472930908203,0.5017024993896484,,78950
6860,224788480,0.6611450927756435,3.322507858276367,0.5043968200683594,,78942
6870,225116160,0.6601997360254913,3.321847915649414,0.5181205749511719,,78948
6880,225443840,0.659253861616433,3.2632682800292967,0.49876790046691893,,78972
6890,225771520,0.6583074739916764,3.281478500366211,0.5107430458068848,,78978
6900,226099200,0.65736057759684,3.3190029144287108,0.5066732406616211,,78957
6910,226426880,0.656413176879932,3.37265625,0.5188970565795898,,78952
6920,226754560,0.65546527629133,3.3794727325439453,0.5145578384399414,,78956
6930,227082240,0.6545168802837597,3.3264839172363283,0.5312516212463378,,78952
6940,227409920,0.6535679933122733,3.332965087890625,0.513195276260376,,78953
6950,227737600,0.6526186198342305,3.2954139709472656,0.5044511318206787,,78926
6960,228065280,0.6516687643092755,3.3566307067871093,0.5133235454559326,,78935
6970,228392960,0.6507184311993169,3.3383453369140623,0.5085911750793457,,78913
6980,228720640,0.6497676249685073,3.287934112548828,0.5380048751831055,,78931
6990,229048320,0.648816350083221,3.302410888671875,0.5191886901855469,,78895
7000,229376000,0.6478646110120344,3.2845081329345702,0.5207445621490479,,78907
7010,229703680,0.6469124122257043,3.283954620361328,0.5036370277404785,,78907
7020,230031360,0.6459597581971467,3.3001220703125,0.5149923801422119,,78909
7030,230359040,0.6450066534014163,3.2190284729003906,0.5001543521881103,,78924
7040,230686720,0.6440531023156852,3.308780288696289,0.5154752731323242,,78003
7050,231014400,0.643099109419222,3.2959564208984373,0.5147146224975586,,78864
7060,231342080,0.6421446791933706,3.274892044067383,0.5073038578033447,,78918
7070,231669760,0.6411898161215294,3.2874237060546876,0.499049711227417,,78689
7080,231997440,0.6402345246891296,3.2710987091064454,0.5392107963562012,,78987
7090,232325120,0.6392788093836153,3.2637962341308593,0.5371922492980957,,78997
7100,232652800,0.6383226746944214,3.230440139770508,0.6216938972473145,,78998
7110,232980480,0.6373661251129528,3.2330463409423826,0.5360309600830078,,78992
7120,233308160,0.6364091651325631,3.229854965209961,0.5206853866577148,,78930
7130,233635840,0.6354517992485343,3.3454730987548826,0.544310188293457,,78951
7140,233963520,0.6344940319580545,3.2978542327880858,0.5215343475341797,,78934
7150,234291200,0.6335358677601981,3.3092628479003907,0.5144121646881104,,78935
7160,234618880,0.6325773111559034,3.3002532958984374,0.5243993282318116,,78912
7170,234946560,0.631618366647952,3.287466049194336,0.5145287036895752,,78956
7180,235274240,0.6306590387409481,3.2794960021972654,0.5109134197235108,,78923
7190,235601920,0.6296993319412965,3.2943359375,0.5077369689941407,,78944
7200,235929600,0.6287392507571821,3.3277023315429686,0.5094900608062745,,78938
7210,236257280,0.627778799698548,3.2604515075683596,0.5224157810211182,,78959
7220,236584960,0.6268179832770756,3.2879024505615235,0.5182253837585449,,78922
7230,236912640,0.6258568060061616,3.258985900878906,0.5211571216583252,,78938
7240,237240320,0.6248952724008985,3.291793441772461,0.5052205562591553,,78938
7250,237568000,0.6239333869780525,3.29711799621582,0.5281282901763916,,78929
7260,237895680,0.6229711542560421,3.2612613677978515,0.5094769477844239,,78929
7270,238223360,0.6220085787549176,3.2695758819580076,0.5080904006958008,,78927
7280,238551040,0.6210456649963396,3.214802551269531,0.5058894157409668,,78933
7290,238878720,0.6200824175035572,3.270589828491211,0.5255661010742188,,78927
7300,239206400,0.6191188408013876,3.311379623413086,0.5108238220214844,,78940
7310,239534080,0.618154939416194,3.239483642578125,0.5115631103515625,,78949
7320,239861760,0.6171907178758654,3.2538257598876954,0.5113134384155273,,78944
7330,240189440,0.6162261807097943,3.3032085418701174,0.5199670791625977,,78941
7340,240517120,0.615261332448856,3.3026657104492188,0.512139081954956,,78914
7350,240844800,0.6142961776253867,3.2694217681884767,0.5121454238891602,,78895
7360,241172480,0.6133307207731634,3.2746524810791016,0.5102044105529785,,78891
7370,241500160,0.6123649664273816,3.2634765625,0.5143447399139405,,78886
7380,241827840,0.6113989191246338,3.268581771850586,0.5265447616577148,,78900
7390,242155520,0.6104325834028894,3.265359115600586,0.5159390449523926,,78892
7400,242483200,0.6094659638014722,3.3035205841064452,0.5139881134033203,,78930
7410,242810880,0.6084990648610393,3.2654754638671877,0.5124736785888672,,78908
7420,243138560,0.6075318911235607,3.352886199951172,0.5315004348754883,,78943
7430,243466240,0.6065644471322965,3.325530242919922,0.5322837829589844,,78927
7440,243793920,0.6055967374317768,3.352997970581055,0.5195821762084961,,78933
7450,244121600,0.6046287665677795,3.2963592529296877,0.514835262298584,,78941
7460,244449280,0.6036605390873098,3.2797077178955076,0.5188833236694336,,78943
7470,244776960,0.6026920595385779,3.2813694000244142,0.527860689163208,,78934
7480,245104640,0.6017233324709779,3.277333450317383,0.5161878585815429,,78884
7490,245432320,0.6007543624350674,3.2088897705078123,0.5121320724487305,,78894
7500,245760000,0.5997851539825445,3.2014083862304688,0.5146755695343017,,78897
7510,246087680,0.5988157116662278,3.2252368927001953,0.5147783756256104,,78892
7520,246415360,0.5978460400400343,3.2264068603515623,0.5157605171203613,,78898
7530,246743040,0.5968761436589581,3.2539127349853514,0.5294878005981445,,78887
7540,247070720,0.595906027079049,3.3107627868652343,0.5192324638366699,,78866
7550,247398400,0.5949356948573915,3.242727279663086,0.5197858333587646,,78911
7560,247726080,0.593965151552083,3.26917724609375,0.506117582321167,,78898
7570,248053760,0.5929944017222119,3.206391143798828,0.49996771812438967,,78866
7580,248381440,0.5920234499278374,3.3007537841796877,0.5084439754486084,,78908
7590,248709120,0.5910523007299672,3.262538528442383,0.5231331348419189,,78867
7600,249036800,0.5900809586905363,3.304148864746094,0.5227062225341796,,78890
7610,249364480,0.5891094283723856,3.281093215942383,0.5080298900604248,,78905
7620,249692160,0.5881377143392402,3.3147987365722655,0.5202095031738281,,78896
7630,250019840,0.5871658211556886,3.350908660888672,0.5278717517852783,,78950
7640,250347520,0.5861937533871606,3.2324234008789063,0.5182048320770264,,78891
7650,250675200,0.585221515599906,3.280425262451172,0.5269866943359375,,78877
7660,251002880,0.5842491123609734,3.2114524841308594,0.5321199417114257,,78914
7670,251330560,0.5832765482381888,3.3086616516113283,0.5185848712921143,,78882
7680,251658240,0.5823038278001335,3.275058364868164,0.5248914241790772,,78937
7690,251985920,0.5813309556161232,3.2420669555664063,0.5163722038269043,,78933
7700,252313600,0.5803579362561871,3.2701629638671874,0.5119969844818115,,78928
7710,252641280,0.5793847742910447,3.307071304321289,0.5258456230163574,,78927
7720,252968960,0.5784114742920861,3.27368278503418,0.5265709400177002,,78923
7730,253296640,0.5774380408313496,3.191666030883789,0.5204781532287598,,78909
7740,253624320,0.5764644784815004,3.2421390533447267,0.5243120193481445,,78922
7750,253952000,0.575490791815809,3.3083831787109377,0.5212791919708252,,78922
7760,254279680,0.5745169854081302,3.2822547912597657,0.5136781692504883,,76377
7770,254607360,0.5735430638328811,3.2140739440917967,0.5156720161437989,,78897
7780,254935040,0.5725690316650198,3.2395553588867188,0.5256494045257568,,78903
7790,255262720,0.571594893480024,3.256808853149414,0.5156859874725341,,78908
7800,255590400,0.5706206538538694,3.2822952270507812,0.5291417598724365,,78927
7810,255918080,0.5696463173630077,3.298609161376953,0.5401164054870605,,78905
7820,256245760,0.5686718885843468,3.281769943237305,0.522118091583252,,78912
7830,256573440,0.5676973720952269,3.2618118286132813,0.5324268817901612,,78961
7840,256901120,0.5667227724734006,3.263498306274414,0.5363871097564697,,78915
7850,257228800,0.5657480942970116,3.298307418823242,0.5260226249694824,,78956
7860,257556480,0.5647733421445715,3.2696369171142576,0.5141512870788574,,78913
7870,257884160,0.5637985205949405,3.2917724609375,0.5188952445983886,,78922
7880,258211840,0.5628236342273044,3.2871734619140627,0.5192516326904297,,78922
7890,258539520,0.5618486876211529,3.275716781616211,0.5146203517913819,,78931
7900,258867200,0.5608736853562596,3.275368881225586,0.5174699783325195,,78904
7910,259194880,0.5598986320126588,3.2613475799560545,0.5186241626739502,,78934
7920,259522560,0.5589235321706254,3.1642343521118166,0.551515007019043,,78930
7930,259850240,0.557948390410652,3.2726280212402346,0.54298095703125,,78929
7940,260177920,0.5569732113134289,3.2546012878417967,0.5206932067871094,,78923
7950,260505600,0.5559979994598211,3.2352691650390626,0.5345958709716797,,78893
7960,260833280,0.5550227594308477,3.3246910095214846,0.5453053951263428,,78929
7970,261160960,0.5540474958076603,3.1965972900390627,0.5154266834259034,,78922
7980,261488640,0.5530722131715214,3.2540966033935548,0.5361265659332275,,78903
7990,261816320,0.5520969161037825,3.2484325408935546,0.5289566516876221,,78927
8000,262144000,0.551121609185863,3.2900909423828124,0.5213252067565918,,78919
8010,262471680,0.5501462969992287,3.1945486068725586,0.521272087097168,,78934
8020,262799360,0.5491709841253699,3.2032630920410154,0.5168777465820312,,78914
8030,263127040,0.5481956751457805,3.2433300018310547,0.5155532360076904,,78920
8040,263454720,0.5472203746419358,3.25268440246582,0.5260149002075195,,78945
8050,263782400,0.5462450871952715,3.1966318130493163,0.5178392887115478,,78921
8060,264110080,0.5452698173871616,3.1980663299560548,0.5265378475189209,,78939
8070,264437760,0.5442945697988978,3.2624317169189454,0.5268123626708985,,78923
8080,264765440,0.5433193490116667,3.2644584655761717,0.5185970783233642,,78895
8090,265093120,0.5423441596065299,3.2421730041503904,0.5285797595977784,,78919
8100,265420800,0.5413690061644008,3.2474899291992188,0.5334161758422852,,78919
8110,265748480,0.5403938932660243,3.2385902404785156,0.535918140411377,,78945
8120,266076160,0.5394188254919544,3.2758312225341797,0.5175517559051513,,78928
8130,266403840,0.538443807422534,3.223520278930664,0.5209492206573486,,78935
8140,266731520,0.5374688436378715,3.231425476074219,0.5187801361083985,,78932
8150,267059200,0.5364939387178209,3.2766769409179686,0.5227479934692383,,78923
8160,267386880,0.5355190972419597,3.161394500732422,0.5148154258728027,,78927
8170,267714560,0.5345443237895667,3.2841632843017576,0.524883222579956,,78928
8180,268042240,0.5335696229396024,3.2485992431640627,0.5261622905731201,,78953
8190,268369920,0.532594999270685,3.261001968383789,0.5214419364929199,,78925
8200,268697600,0.5316204573610711,3.309286880493164,0.5313125133514405,,78930
8210,269025280,0.5306460017886323,3.2486446380615233,0.5245283603668213,,78923
8220,269352960,0.5296716371308356,3.2685466766357423,0.5219037055969238,,78921
8230,269680640,0.5286973679647203,3.219594192504883,0.5273191452026367,,78920
8240,270008320,0.5277231988668772,3.239595413208008,0.5234946250915528,,78914
8250,270336000,0.5267491344134275,3.2214210510253904,0.5326241493225098,,78939
8260,270663680,0.5257751791799999,3.2802791595458984,0.5341122150421143,,78920
8270,270991360,0.5248013377417113,3.2352371215820312,0.5185429096221924,,78923
8280,271319040,0.523827614673143,3.179058647155762,0.5217020511627197,,78929
8290,271646720,0.5228540145483207,3.204245758056641,0.5190225601196289,,78951
8300,271974400,0.5218805419406926,3.2846141815185548,0.533206844329834,,78938
8310,272302080,0.5209072014231075,3.1959585189819335,0.5220553398132324,,78952
8320,272629760,0.5199339975677946,3.275250244140625,0.5330175876617431,,78946
8330,272957440,0.51896093494634,3.2741024017333986,0.5303918361663819,,78945
8340,273285120,0.5179880181296672,3.2946922302246096,0.5418638229370117,,78917
8350,273612800,0.5170152516880143,3.154534339904785,0.5154947280883789,,78909
8360,273940480,0.5160426401909136,3.238984298706055,0.5234851360321044,,78924
8370,274268160,0.5150701882071689,3.2672149658203127,0.5217565536499024,,78926
8380,274595840,0.514097900304835,3.2541786193847657,0.5214979648590088,,78925
8390,274923520,0.5131257810511961,3.2791908264160154,0.5724357604980469,,78903
8400,275251200,0.5121538350127436,3.2362949371337892,0.5346888065338135,,78904
8410,275578880,0.511182066755156,3.1566986083984374,0.5307165622711182,,78934
8420,275906560,0.510210480843276,3.243603515625,0.5197825908660889,,78900
8430,276234240,0.5092390818410902,3.219083786010742,0.5303012371063233,,78923
8440,276561920,0.508267874311707,3.2093994140625,0.5206758499145507,,78465
8450,276889600,0.5072968628173354,3.277424621582031,0.5279665470123291,,78950
8460,277217280,0.5063260519192636,3.2269008636474608,0.529725456237793,,78962
8470,277544960,0.5053554461778373,3.2503318786621094,0.5321174621582031,,79001
8480,277872640,0.5043850501524388,3.195125770568848,0.5194338798522949,,78971
8490,278200320,0.5034148684014648,3.2539928436279295,0.5405592441558837,,78971
8500,278528000,0.502444905482306,3.225722885131836,0.5358089923858642,,78961
8510,278855680,0.5014751659513248,3.2152801513671876,0.5389747619628906,,78967
8520,279183360,0.5005056543638344,3.2013404846191404,0.5357965946197509,,78968
8530,279511040,0.499536375274077,3.2379642486572267,0.5377608299255371,,78957
8540,279838720,0.4985673332352031,3.1858991622924804,0.532656192779541,,78973
8550,280166400,0.49759853279924915,3.2207733154296876,0.5274815559387207,,79021
8560,280494080,0.4966299785171171,3.2237449645996095,0.5317115783691406,,78989
8570,280821760,0.4956616749385523,3.200504684448242,0.5269291877746582,,78997
8580,281149440,0.49469362661212246,3.277720642089844,0.5310259342193604,,78968
8590,281477120,0.49372583808519666,3.2843135833740233,0.5256754398345947,,78992
8600,281804800,0.4927583139039229,3.232234573364258,0.528796911239624,,78986
8610,282132480,0.49179105861320815,3.199761962890625,0.5320947170257568,,79009
8620,282460160,0.4908240767566955,3.2497154235839845,0.5326525688171386,,78999
8630,282787840,0.48985737287674447,3.220652770996094,0.5376072406768799,,78940
8640,283115520,0.4888909515144081,3.241298294067383,0.5392605781555175,,78981
8650,283443200,0.4879248172094126,3.207202911376953,0.5476574897766113,,78952
8660,283770880,0.4869589745001358,3.264145278930664,0.5624369621276856,,78950
8670,284098560,0.48599342792358535,3.229290771484375,0.5366223812103271,,78943
8680,284426240,0.48502818201537845,3.214011001586914,0.5275249481201172,,78978
8690,284753920,0.48406324130971956,3.2149253845214845,0.5255122184753418,,78975
8700,285081600,0.4830986103393794,3.213021469116211,0.5240868091583252,,78994
8710,285409280,0.4821342936356737,3.2662567138671874,0.5290051937103272,,78981
8720,285736960,0.4811702957284427,3.2611534118652346,0.5412025451660156,,78985
8730,286064640,0.48020662114602786,3.207080841064453,0.5342049598693848,,78972
8740,286392320,0.4792432744152527,3.2458751678466795,0.5305242538452148,,78966
8750,286720000,0.47828026006140056,3.2495361328125,0.5318167686462403,,78955
8760,287047680,0.477317582608193,3.1586700439453126,0.5241690635681152,,78963
8770,287375360,0.4763552465777695,3.2288284301757812,0.5276071548461914,,78951
8780,287703040,0.47539325649066544,3.1716846466064452,0.5317768573760986,,78957
8790,288030720,0.4744316168657915,3.2170555114746096,0.5379563808441162,,78977
8800,288358400,0.47347033222041146,3.2093067169189453,0.537006139755249,,78993
8810,288686080,0.47250940707012234,3.2019973754882813,0.5289444923400879,,79007
8820,289013760,0.47154884592883173,3.171617126464844,0.5334749221801758,,78984
8830,289341440,0.4705886533087379,3.2514076232910156,0.540648365020752,,78976
8840,289669120,0.4696288337203076,3.1819332122802733,0.5395475387573242,,78984
8850,289996800,0.4686693916722554,3.195767402648926,0.5356169700622558,,78957
8860,290324480,0.46771033167152265,3.1872583389282227,0.5404368877410889,,78964
8870,290652160,0.4667516582232554,3.2565914154052735,0.529002571105957,,78948
8880,290979840,0.46579337583078473,3.1988594055175783,0.5229113101959229,,78958
8890,291307520,0.4648354889956039,3.235792541503906,0.5343574523925781,,78955
8900,291635200,0.4638780022173489,3.1834857940673826,0.5320747375488282,,78958
8910,291962880,0.4629209199937757,3.207782745361328,0.5342133045196533,,78954
8920,292290560,0.46196424682074044,3.2044841766357424,0.5325906276702881,,78972
8930,292618240,0.4610079871921775,3.1504423141479494,0.5223428726196289,,78969
8940,292945920,0.4600521456000787,3.205301284790039,0.5429203987121582,,78995
8950,293273600,0.4590967265344721,3.229692840576172,0.5312433242797852,,78979
8960,293601280,0.4581417344834009,3.1607147216796876,0.542721939086914,,78984
8970,293928960,0.45718717393290287,3.1944452285766602,0.5464210033416748,,78973
8980,294256640,0.45623304936698816,3.192168426513672,0.5361874580383301,,78987
8990,294584320,0.4552793652676195,3.1944652557373048,0.5426683902740479,,78973
9000,294912000,0.4543261261146899,3.2011722564697265,0.5256983280181885,,78990
9010,295239680,0.45337333638600297,3.2696460723876952,0.5554848670959472,,78968
9020,295567360,0.45242100055725065,3.254656982421875,0.543071699142456,,78993
9030,295895040,0.45146912310199294,3.2501041412353517,0.5463899612426758,,78967
9040,296222720,0.4505177084916365,3.2203750610351562,0.5358703136444092,,78998
9050,296550400,0.44956676119541383,3.279714584350586,0.5444948673248291,,78966
9060,296878080,0.4486162856803626,3.233753204345703,0.5406795978546143,,78980
9070,297205760,0.44766628641130346,3.1786794662475586,0.5322466850280761,,78963
9080,297533440,0.4467167678508208,3.158030128479004,0.53636474609375,,78949
9090,297861120,0.44576773445924056,3.199722480773926,0.5321809768676757,,78944
9100,298188800,0.4448191906946096,3.2591339111328126,0.5508228778839112,,78956
9110,298516480,0.44387114101267466,3.1818078994750976,0.5300341606140136,,78927
9120,298844160,0.44292358986686153,3.1684501647949217,0.5296489238739014,,78947
9130,299171840,0.4419765417082546,3.1737092971801757,0.5580274581909179,,78924
9140,299499520,0.4410300009855749,3.17698974609375,0.5233261108398437,,78939
9150,299827200,0.4400839721451604,3.1721981048583983,0.5292598724365234,,78938
9160,300154880,0.43913845963094367,3.2214385986328127,0.5370938777923584,,78966
9170,300482560,0.4381934678844329,3.1935379028320314,0.542473316192627,,78982
9180,300810240,0.43724900134468936,3.214640808105469,0.5508769035339356,,78959
9190,301137920,0.4363050644483073,3.202976608276367,0.5417782306671143,,78955
9200,301465600,0.4353616616293928,3.2773601531982424,0.5490274429321289,,78943
9210,301793280,0.4344187973195436,3.265736770629883,0.5406663894653321,,78971
9220,302120960,0.43347647594782734,3.166053581237793,0.5270934104919434,,78952
9230,302448640,0.4325347019407614,3.2578079223632814,0.5296361923217774,,78952
9240,302776320,0.43159347972229234,3.2090785980224608,0.5325192451477051,,78954
9250,303104000,0.43065281371377384,3.2142307281494142,0.5267004489898681,,78969
9260,303431680,0.4297127083339477,3.1966304779052734,0.5570027828216553,,78960
9270,303759360,0.4287731679989216,3.22403564453125,0.5397000789642334,,78971
9280,304087040,0.4278341971221492,3.166474723815918,0.5353206634521485,,78972
9290,304414720,0.4268958001144092,3.222147750854492,0.54206223487854,,78960
9300,304742400,0.42595798138378416,3.225468063354492,0.5402980804443359,,78955
9310,305070080,0.4250207453356408,3.23174934387207,0.5455866813659668,,78992
9320,305397760,0.42408409637260824,3.2494598388671876,0.5473074436187744,,78947
9330,305725440,0.4231480388945583,3.2134521484375,0.5319173812866211,,78957
9340,306053120,0.4222125772985835,3.2255802154541016,0.5402373790740966,,78980
9350,306380800,0.42127771597897823,3.1607236862182617,0.5314157962799072,,78959
9360,306708480,0.4203434593272163,3.2343570709228517,0.5381186008453369,,78966
9370,307036160,0.4194098117319315,3.1991872787475586,0.539996337890625,,78958
9380,307363840,0.41847677757889645,3.2042755126953124,0.541649341583252,,78958
9390,307691520,0.41754436125100236,3.2401737213134765,0.5405865669250488,,78971
9400,308019200,0.416612567128238,3.1827096939086914,0.5298151493072509,,78962
9410,308346880,0.41568139958766936,3.1336029052734373,0.5448976516723633,,78971
9420,308674560,0.41475086300341946,3.1762590408325195,0.538178825378418,,78970
9430,309002240,0.41382096174664673,3.165476989746094,0.537878942489624,,78989
9440,309329920,0.412891700185526,3.24306640625,0.5414821147918701,,78979
9450,309657600,0.4119630826852264,3.1666419982910154,0.5403324127197265,,78980
9460,309985280,0.41103511360789224,3.218720245361328,0.5448881149291992,,78961
9470,310312960,0.4101077973126215,3.216359329223633,0.5381275177001953,,78994
9480,310640640,0.40918113815544555,3.1300727844238283,0.5351130485534668,,78978
9490,310968320,0.40825514048930955,3.1662433624267576,0.5241257190704346,,78997
9500,311296000,0.4073298086640508,3.195186805725098,0.541505765914917,,78953
9510,311623680,0.4064051470263791,3.172848701477051,0.5391379356384277,,79003
9520,311951360,0.40548115991985556,3.2606460571289064,0.5496125221252441,,78985
9530,312279040,0.4045578516848737,3.1551284790039062,0.5490070343017578,,79000
9540,312606720,0.40363522665863694,3.2045841217041016,0.541487455368042,,78978
9550,312934400,0.4027132891751404,3.221616744995117,0.548404312133789,,78989
9560,313262080,0.40179204356514864,3.180694580078125,0.5415390491485595,,78989
9570,313589760,0.4008714941561764,3.14721622467041,0.5351409435272216,,78963
9580,313917440,0.3999516452724685,3.159225273132324,0.5324136734008789,,78971
9590,314245120,0.39903250123497847,3.152886962890625,0.5401224613189697,,78965
9600,314572800,0.3981140663613494,3.2196704864501955,0.5583461284637451,,78958
9610,314900480,0.3971963449658923,3.238311004638672,0.5465283393859863,,78958
9620,315228160,0.39627934135956777,3.1677101135253904,0.5381701469421387,,78949
9630,315555840,0.3953630598499638,3.2192237854003904,0.5387521266937256,,78960
9640,315883520,0.3944475047412763,3.2225276947021486,0.5387840747833252,,78955
9650,316211200,0.3935326803342897,3.2346141815185545,0.5447858810424805,,78962
9660,316538880,0.3926185909263551,3.266216278076172,0.5368026733398438,,78983
9670,316866560,0.3917052408113716,3.1989919662475588,0.5467801094055176,,78960
9680,317194240,0.39079263427976507,3.1904516220092773,0.5625280857086181,,78984
9690,317521920,0.389880775618469,3.2030513763427733,0.5612706184387207,,78958
9700,317849600,0.388969669110903,3.194182205200195,0.5453304767608642,,78985
9710,318177280,0.38805931903695423,3.208404541015625,0.5555873394012452,,78990
9720,318504960,0.38714972967295613,3.157704734802246,0.5382309436798096,,78973
9730,318832640,0.38624090529166855,3.150359344482422,0.530395221710205,,78978
9740,319160320,0.3853328501622585,3.160198783874512,0.5433612823486328,,78989
9750,319488000,0.38442556855027865,3.242003631591797,0.5577824592590332,,78975
9760,319815680,0.38351906471764896,3.1937368392944334,0.5517366886138916,,78948
9770,320143360,0.3826133429226348,3.2131816864013674,0.5522251605987549,,79005
9780,320471040,0.38170840741982925,3.2094661712646486,0.546838903427124,,78986
9790,320798720,0.38080426246013044,3.1708858489990233,0.5496646404266358,,78986
9800,321126400,0.379900912290724,3.117842674255371,0.5278090953826904,,78986
9810,321454080,0.3789983611550616,3.198354721069336,0.5441325664520263,,78962
9820,321781760,0.3780966132928413,3.2089279174804686,0.5442901611328125,,78968
9830,322109440,0.37719567293998824,3.2024276733398436,0.543381643295288,,78944
9840,322437120,0.3762955443286341,3.1653167724609377,0.5447027206420898,,78972
9850,322764800,0.37539623168709757,3.260001373291016,0.5517356395721436,,78947
9860,323092480,0.37449773923986396,3.1276147842407225,0.5382655143737793,,78967
9870,323420160,0.37360007120756655,3.214821624755859,0.5428066253662109,,78978
9880,323747840,0.37270323180696474,3.1838178634643555,0.5413734912872314,,78982
9890,324075520,0.3718072252509268,3.144090270996094,0.5441462516784668,,78972
9900,324403200,0.370912055748408,3.2066883087158202,0.5475952625274658,,78978
9910,324730880,0.3700177275044315,3.1975269317626953,0.5505140781402588,,78982
9920,325058560,0.369124244720069,3.149114418029785,0.5526743412017823,,78993
9930,325386240,0.36823161159242057,3.160647964477539,0.5320536613464355,,78992
9940,325713920,0.3673398323145951,3.1818109512329102,0.5379658222198487,,79001
9950,326041600,0.36644891107569044,3.2072193145751955,0.5401625633239746,,78966
9960,326369280,0.3655588520607741,3.192913818359375,0.5465048313140869,,78997
9970,326696960,0.3646696594508628,3.239472198486328,0.5497951030731201,,78970
9980,327024640,0.3637813374229041,3.1775283813476562,0.5403945446014404,,78981
9990,327352320,0.36289389014975526,3.1337326049804686,0.5459549427032471,,78979
10000,327680000,0.3620073218001649,3.1765745162963865,0.5417811393737793,,78988
10010,328007680,0.3611216365387533,3.2283592224121094,0.5490284442901612,,78978
10020,328335360,0.360236838525991,3.1842935562133787,0.5594069480895996,,78985
10030,328663040,0.3593529319181825,3.2129257202148436,0.5465238094329834,,78971
10040,328990720,0.35846992086744367,3.1656024932861326,0.5416470527648926,,78960
10050,329318400,0.35758780952168456,3.203166961669922,0.582759952545166,,78966
10060,329646080,0.3567066020245879,3.143152618408203,0.5417709350585938,,78974
10070,329973760,0.35582630251559155,3.1739635467529297,0.5422541618347168,,78991
10080,330301440,0.3549469151298672,3.111954116821289,0.535385274887085,,78972
10090,330629120,0.3540684439983024,3.1623321533203126,0.5521604537963867,,78985
10100,330956800,0.3531908932474809,3.1979957580566407,0.5493541240692139,,78981
10110,331284480,0.3523142669996624,3.2025760650634765,0.5540775775909423,,78966
10120,331612160,0.3514385693727643,3.1943511962890625,0.5532326221466064,,79011
10130,331939840,0.3505638044803414,3.177791213989258,0.556868314743042,,78966
10140,332267520,0.3496899764315674,3.2178295135498045,0.5577229499816895,,78971
10150,332595200,0.3488170893312148,3.133601188659668,0.5415916442871094,,78997
10160,332922880,0.34794514727963644,3.113045501708984,0.5383189201354981,,78993
10170,333250560,0.3470741543727457,3.1626840591430665,0.5452946662902832,,78999
10180,333578240,0.346204114701997,3.1252714157104493,0.54813551902771,,78977
10190,333905920,0.345335032354368,3.2034507751464845,0.5539856433868409,,78971
10200,334233600,0.34446691141233793,3.1417987823486326,0.5450033187866211,,78981
10210,334561280,0.34359975595387116,3.092050552368164,0.5458929538726807,,78970
10220,334888960,0.3427335700523958,3.194217872619629,0.5397618770599365,,78946
10230,335216640,0.3418683577767862,3.224684143066406,0.5546539783477783,,78976
10240,335544320,0.34100412319134277,3.1860191345214846,0.5538517951965332,,78964
10250,335872000,0.34014087035577323,3.2063877105712892,0.5492154121398926,,78983
10260,336199680,0.33927860332517384,3.2307003021240233,0.5570931434631348,,78948
10270,336527360,0.3384173261500096,3.108783149719238,0.5558412075042725,,78973
10280,336855040,0.33755704287609634,3.1760347366333006,0.5519310474395752,,78982
10290,337182720,0.3366977575445804,3.1690101623535156,0.5465232372283936,,78979
10300,337510400,0.3358394741919212,3.148257827758789,0.5319379806518555,,78975
10310,337838080,0.33498219684987046,3.255728530883789,0.5431219100952148,,78987
10320,338165760,0.3341259295454547,3.221378707885742,0.5468369960784912,,78955
10330,338493440,0.33327067630095575,3.2309539794921873,0.5675746917724609,,79000
10340,338821120,0.3324164411338921,3.1647016525268556,0.5562663555145264,,78975
10350,339148800,0.33156322805699956,3.15191650390625,0.543293809890747,,78973
10360,339476480,0.3307110410782127,3.1586809158325195,0.5410600662231445,,78975
10370,339804160,0.32985988420064666,3.2080875396728517,0.5541923999786377,,78985
10380,340131840,0.3290097614225766,3.1325098037719727,0.5470854282379151,,78989
10390,340459520,0.3281606767374211,3.1755966186523437,0.5530867099761962,,78995
10400,340787200,0.3273126341337218,3.19942569732666,0.5531500816345215,,78991
10410,341114880,0.3264656375951254,3.1107545852661134,0.5474054336547851,,78998
10420,341442560,0.3256196911003647,3.111933708190918,0.5584975719451905,,78987
10430,341770240,0.3247747986232399,3.1572006225585936,0.5533648490905761,,79012
10440,342097920,0.3239309641325999,3.1979040145874023,0.5659908294677735,,78978
10450,342425600,0.3230881915923239,3.17248477935791,0.5615689277648925,,78968
10460,342753280,0.32224648496130276,3.212266540527344,0.5655826568603516,,78993
10470,343080960,0.32140584819341994,3.1713983535766603,0.5620038509368896,,79005
10480,343408640,0.3205662852375337,3.1641754150390624,0.5483642578125,,78996
10490,343736320,0.3197278000374577,3.134144592285156,0.5512131214141845,,79026
10500,344064000,0.31889039653194307,3.1175935745239256,0.5643080711364746,,78999
10510,344391680,0.31805407865465946,3.128378486633301,0.5552187442779541,,79004
10520,344719360,0.31721885033417746,3.150865364074707,0.5448589324951172,,78989
10530,345047040,0.3163847154939489,3.1580739974975587,0.5494739532470703,,78995
10540,345374720,0.3155516780522891,3.198879623413086,0.5559746265411377,,78983
10550,345702400,0.31471974192235896,3.1165802001953127,0.5518369197845459,,78996
10560,346030080,0.313888911012145,3.2193492889404296,0.5539893627166748,,78991
10570,346357760,0.3130591892244431,3.1708744049072264,0.5493313312530518,,79010
10580,346685440,0.31223058045683816,3.1811298370361327,0.563665771484375,,78977
10590,347013120,0.3114030886016875,3.1652551651000977,0.548876428604126,,79012
10600,347340800,0.31057671754610106,3.139932632446289,0.5511817455291748,,78991
10610,347668480,0.30975147117192475,3.0864933013916014,0.5515038013458252,,78976
10620,347996160,0.3089273533557203,3.2296779632568358,0.5600795745849609,,78991
10630,348323840,0.3081043679687486,3.172201156616211,0.5531067848205566,,79013
10640,348651520,0.30728251887695135,3.2023311614990235,0.5653458118438721,,78992
10650,348979200,0.30646180994093186,3.144485282897949,0.5460536003112793,,78996
10660,349306880,0.3056422450159381,3.1252317428588867,0.5402413368225097,,78985
10670,349634560,0.30482382795184393,3.108577346801758,0.5417714595794678,,79010
10680,349962240,0.3040065625931312,3.1942070007324217,0.5509080410003662,,78995
10690,350289920,0.30319045277887136,3.1212188720703127,0.5496747493743896,,79023
10700,350617600,0.3023755023427084,3.135087585449219,0.5521068572998047,,78978
10710,350945280,0.3015617151128396,3.200471115112305,0.5605949878692627,,78982
10720,351272960,0.3007490949119982,3.157577896118164,0.5576531887054443,,78984
10730,351600640,0.2999376455574358,3.196138381958008,0.5519866943359375,,79000
10740,351928320,0.29912737086090346,3.220833969116211,0.5487792015075683,,78985
10750,352256000,0.2983182746286347,3.1705224990844725,0.5481972217559814,,78977
10760,352583680,0.29751036066132674,3.145463562011719,0.5619800090789795,,79000
10770,352911360,0.29670363275412404,3.185037040710449,0.5590097427368164,,79004
10780,353239040,0.2958980946965986,3.114515686035156,0.5485052585601806,,78987
10790,353566720,0.2950937502727342,3.1121164321899415,0.5382220268249511,,78977
10800,353894400,0.2942906032609065,3.180636978149414,0.5524782180786133,,78963
10810,354222080,0.29348865743386676,3.127952766418457,0.546343183517456,,78963
10820,354549760,0.2926879165587243,3.1061553955078125,0.545622730255127,,78957
10830,354877440,0.2918883843969272,3.138189697265625,0.5575398445129395,,78969
10840,355205120,0.2910900647042468,3.170937347412109,0.5551348209381104,,78954
10850,355532800,0.29029296123075793,3.1916200637817385,0.5625297069549561,,78983
10860,355860480,0.2894970777208227,3.1264657974243164,0.5573173999786377,,78984
10870,356188160,0.2887024179130724,3.135416603088379,0.5591052055358887,,79001
10880,356515840,0.28790898554039035,3.1978309631347654,0.5563241958618164,,78986
10890,356843520,0.2871167843298935,3.1639461517333984,0.5623087882995605,,79014
10900,357171200,0.28632581800291573,3.185001564025879,0.5612046718597412,,78994
10910,357498880,0.2855360902749904,3.13632755279541,0.5523381710052491,,79015
10920,357826560,0.2847476048558321,3.1395469665527345,0.5575325012207031,,78992
10930,358154240,0.2839603654493199,3.1450462341308594,0.5507198810577393,,79014
10940,358481920,0.2831743757534798,3.1833213806152343,0.5501673698425293,,79009
10950,358809600,0.2823896394604675,3.1208961486816404,0.5587937355041503,,78993
10960,359137280,0.2816061602565507,3.194347381591797,0.5733187675476075,,78994
10970,359464960,0.2808239418220919,3.175278091430664,0.5606370449066163,,79014
10980,359792640,0.2800429878315313,3.1770740509033204,0.5519892692565918,,79011
10990,360120320,0.27926330195336935,3.188166618347168,0.567744779586792,,79013
11000,360448000,0.2784848878501499,3.1753631591796876,0.5509377479553222,,79000
11010,360775680,0.2777077491784421,3.18904972076416,0.5537235260009765,,78984
11020,361103360,0.27693188958882464,3.142050552368164,0.5602543830871582,,79005
11030,361431040,0.27615731272586685,3.1095014572143556,0.5392757892608643,,78986
11040,361758720,0.2753840222281132,3.1627180099487306,0.5537405967712402,,79000
11050,362086400,0.27461202172806515,3.186822509765625,0.5663267612457276,,78981
11060,362414080,0.27384131485216434,3.0850778579711915,0.5566301822662354,,79010
11070,362741760,0.27307190522077623,3.1469610214233397,0.5571952819824219,,79007
11080,363069440,0.2723037964481719,3.130621337890625,0.5525906085968018,,78990
11090,363397120,0.27153699214251215,3.189723777770996,0.5541560173034668,,79011
11100,363724800,0.27077149590582994,3.141803169250488,0.5483007431030273,,78985
11110,364052480,0.27000731133401334,3.1517419815063477,0.5447851657867432,,78981
11120,364380160,0.2692444420167893,3.1864404678344727,0.5533472537994385,,78987
11130,364707840,0.26848289153770644,3.1678960800170897,0.550886583328247,,78996
11140,365035520,0.267722663474118,3.150335693359375,0.5598777770996094,,78971
11150,365363200,0.2669637613971651,3.1558910369873048,0.5471127510070801,,78957
11160,365690880,0.2662061888717604,3.161540985107422,0.5514518260955811,,78964
11170,366018560,0.26544994945657074,3.196346092224121,0.5563559055328369,,78984
11180,366346240,0.2646950467040012,3.171784782409668,0.5625096321105957,,78984
11190,366673920,0.26394148416017726,3.1311199188232424,0.5566173076629639,,78984
11200,367001600,0.2631892653649296,3.161448860168457,0.5606108188629151,,78991
11210,367329280,0.26243839385177614,3.1436309814453125,0.545293664932251,,78997
11220,367656960,0.261688873147906,3.1043628692626952,0.5662463665008545,,78994
11230,367984640,0.2609407067741632,3.126141357421875,0.5715051651000976,,79018
11240,368312320,0.2601938982450296,3.118200492858887,0.5682449340820312,,78988
11250,368640000,0.2594484510686089,3.121541976928711,0.5558829307556152,,78992
11260,368967680,0.2587043687466096,3.1241714477539064,0.5528584003448487,,78973
11270,369295360,0.2579616547743293,3.1652603149414062,0.5542955875396729,,78989
11280,369623040,0.2572203126406374,3.1244760513305665,0.5592605113983155,,78999
11290,369950720,0.25648034582795914,3.160410690307617,0.5569136142730713,,78981
11300,370278400,0.2557417578122594,3.1323225021362306,0.5456302642822266,,79020
11310,370606080,0.2550045520630264,3.1549800872802733,0.5479553699493408,,78984
11320,370933760,0.25426873204325495,3.097513198852539,0.5566139698028565,,78994
11330,371261440,0.2535343012094305,3.0950923919677735,0.552731990814209,,78996
11340,371589120,0.25280126301151284,3.1553882598876952,0.5604226112365722,,79002
11350,371916800,0.25206962089291973,3.165573310852051,0.5982891082763672,,78983
11360,372244480,0.2513393782905116,3.114703559875488,0.5657914638519287,,78982
11370,372572160,0.25061053863457383,3.148539161682129,0.5708391189575195,,78986
11380,372899840,0.24988310534880215,3.1604373931884764,0.5587012767791748,,78999
11390,373227520,0.24915708185028554,3.1216352462768553,0.555576229095459,,78976
11400,373555200,0.2484324715494908,3.126329231262207,0.5570667266845704,,78979
11410,373882880,0.24770927785024613,3.06634635925293,0.545755672454834,,78989
11420,374210560,0.24698750414972515,3.0734991073608398,0.556534719467163,,78996
11430,374538240,0.2462671538384317,3.1531967163085937,0.5578275203704834,,78996
11440,374865920,0.24554823030018252,3.110641288757324,0.5641230583190918,,78981
11450,375193600,0.24483073691209287,3.1305932998657227,0.5621864795684814,,79038
11460,375521280,0.24411467704455944,3.1427263259887694,0.5632265567779541,,78989
11470,375848960,0.24340005406124518,3.11263370513916,0.556571102142334,,78994
11480,376176640,0.24268687131906316,3.1466455459594727,0.5496902465820312,,78983
11490,376504320,0.24197513216816144,3.1849870681762695,0.5610014438629151,,79028
11500,376832000,0.24126483995190637,3.1133796691894533,0.5552820682525634,,79000
11510,377159680,0.24055599800686764,3.1603952407836915,0.5509058952331543,,78981
11520,377487360,0.23984860966280222,3.0869279861450196,0.5591490745544434,,78998
11530,377815040,0.2391426782426388,3.08908634185791,0.5602706432342529,,78988
11540,378142720,0.2384382070624626,3.1617523193359376,0.5680118083953858,,78986
11550,378470400,0.23773519943149887,3.161379814147949,0.5601945877075195,,78986
11560,378798080,0.23703365865209847,3.144935417175293,0.5621753692626953,,78985
11570,379125760,0.23633358801972137,3.1040681838989257,0.5566133975982666,,79007
11580,379453440,0.2356349908229217,3.0990055084228514,0.5573210716247559,,78972
11590,379781120,0.23493787034333216,3.2070075988769533,0.567156457901001,,78983
11600,380108800,0.23424222985564858,3.0979690551757812,0.5510401725769043,,79006
11610,380436480,0.23354807262761487,3.14953727722168,0.5579691410064698,,79020
11620,380764160,0.232855401920007,3.104934883117676,0.5486474514007569,,79016
11630,381091840,0.2321642209866184,3.136698913574219,0.5606837272644043,,79016
11640,381419520,0.23147453307424415,3.119831657409668,0.5601387977600097,,79008
11650,381747200,0.230786341422666,3.129922103881836,0.5620867729187011,,79024
11660,382074880,0.2300996492646368,3.123638916015625,0.5648398399353027,,79015
11670,382402560,0.2294144598258662,3.15704345703125,0.5648864269256592,,79020
11680,382730240,0.2287307763250043,3.2047706604003907,0.5691862106323242,,79012
11690,383057920,0.2280486019736274,3.145216941833496,0.5537771224975586,,79021
11700,383385600,0.22736793997622248,3.134465217590332,0.5548018455505371,,79027
11710,383713280,0.2266887935301724,3.0659698486328124,0.5490919589996338,,79011
11720,384040960,0.22601116582574088,3.119915771484375,0.5522689342498779,,78970
11730,384368640,0.22533506004605705,3.0574527740478517,0.5640809059143066,,78998
11740,384696320,0.2246604793671014,3.1297382354736327,0.5626685619354248,,78970
11750,385024000,0.22398742695768986,3.0980348587036133,0.5548287868499756,,78981
11760,385351680,0.22331590597945955,3.1156726837158204,0.5594742298126221,,78990
11770,385679360,0.22264591958685376,3.203530502319336,0.5710863590240478,,79014
11780,386007040,0.22197747092710685,3.0887346267700195,0.5567008018493652,,79016
11790,386334720,0.22131056314023037,3.1298702239990233,0.5556157112121582,,79038
11800,386662400,0.22064519935899696,3.141885757446289,0.5599245548248291,,79003
11810,386990080,0.21998138270892706,3.126313018798828,0.5639926433563233,,79030
11820,387317760,0.21931911630827294,3.14028263092041,0.5699759960174561,,79004
11830,387645440,0.21865840326800487,3.0984432220458986,0.5630471229553222,,79009
11840,387973120,0.2179992466917961,3.121595764160156,0.5647408485412597,,78980
11850,388300800,0.21734164967600889,3.116336441040039,0.5526724338531495,,79001
11860,388628480,0.2166856153096791,3.152953338623047,0.5703608989715576,,78983
11870,388956160,0.21603114667450216,3.1306543350219727,0.5629360198974609,,79009
11880,389283840,0.21537824684481896,3.150384521484375,0.5735320091247559,,78981
11890,389611520,0.21472691888760015,3.158885955810547,0.5694585323333741,,78957
11900,389939200,0.21407716586243347,3.0795698165893555,0.5599724292755127,,78977
11910,390266880,0.21342899082150785,3.134310722351074,0.5628615856170655,,78966
11920,390594560,0.2127823968096001,3.0965471267700195,0.5553653240203857,,78990
11930,390922240,0.21213738686406003,3.101016044616699,0.5637196063995361,,78983
11940,391249920,0.2114939640147963,3.126571846008301,0.5596662521362304,,78980
11950,391577600,0.21085213128426236,3.1309412002563475,0.5654038429260254,,78990
11960,391905280,0.21021189168744198,3.0705615997314455,0.5571098327636719,,78987
11970,392232960,0.2095732482318356,3.1020984649658203,0.5566759586334229,,78993
11980,392560640,0.20893620391744544,3.0813018798828127,0.573401927947998,,78981
11990,392888320,0.2083007617367621,3.1517967224121093,0.5715720653533936,,78997
12000,393216000,0.20766692467475006,3.1805440902709963,0.5768948554992676,,78972
12010,393543680,0.207034695708834,3.079598617553711,0.5592714309692383,,78980
12020,393871360,0.20640407780888423,3.144246482849121,0.5621189117431641,,78989
12030,394199040,0.20577507393720368,3.1278305053710938,0.5681950569152832,,79003
12040,394526720,0.20514768704851313,3.1218137741088867,0.5575102806091309,,79010
12050,394854400,0.20452192008993753,3.1119806289672853,0.5636388778686523,,78977
12060,395182080,0.20389777600099285,3.142243003845215,0.5634688377380371,,79010
12070,395509760,0.2032752577135708,3.124625396728516,0.5665372848510742,,78978
12080,395837440,0.20265436815192675,3.154723358154297,0.5716055870056153,,79023
12090,396165120,0.20203511023266468,3.0655439376831053,0.5619196891784668,,78993
12100,396492800,0.20141748686472444,3.110099029541016,0.5660027027130127,,78988
12110,396820480,0.20080150094936725,3.0938892364501953,0.555125093460083,,78965
12120,397148160,0.20018715538016268,3.062814140319824,0.5601332187652588,,78982
12130,397475840,0.1995744530429747,3.137172508239746,0.5704281806945801,,78967
12140,397803520,0.1989633968159482,3.069832420349121,0.5476762771606445,,78989
12150,398131200,0.19835398956949601,3.1002553939819335,0.5608209609985352,,78992
12160,398458880,0.19774623416628423,3.087467384338379,0.5662496566772461,,79017
12170,398786560,0.1971401334612201,3.109974670410156,0.5596141338348388,,78990
12180,399114240,0.19653569030143775,3.1039066314697266,0.5731348514556884,,79009
12190,399441920,0.19593290752628495,3.143362045288086,0.5776152610778809,,78992
12200,399769600,0.1953317879673098,3.1552268981933596,0.575527572631836,,79000
12210,400097280,0.194732334448248,3.1144269943237304,0.5578456878662109,,79017
12220,400424960,0.1941345497850086,3.1438337326049806,0.5674225330352783,,79007
12230,400752640,0.19353843678566138,3.1492937088012694,0.5724307537078858,,79032
12240,401080320,0.1929439982504239,3.1851970672607424,0.582740306854248,,79026
12250,401408000,0.1923512369716472,3.0888479232788084,0.5623966693878174,,79016
12260,401735680,0.19176015573380445,3.154399299621582,0.5583245754241943,,79026
12270,402063360,0.191170757313476,3.073008346557617,0.5564398765563965,,78976
12280,402391040,0.19058304447933802,3.1369829177856445,0.5663208961486816,,78991
12290,402718720,0.1899970199921481,3.1304121017456055,0.5687499046325684,,78977
12300,403046400,0.1894126866047332,3.062363052368164,0.5550526142120361,,78977
12310,403374080,0.1888300470619763,3.1410243988037108,0.5720158100128174,,78997
12320,403701760,0.18824910410080348,3.1170886993408202,0.5753680229187011,,79025
12330,404029440,0.18766986045017167,3.0634344100952147,0.5642309188842773,,79000
12340,404357120,0.18709231883105468,3.2033458709716798,0.5745932102203369,,79016
12350,404684800,0.18651648195643172,3.1677650451660155,0.5705384254455567,,78999
12360,405012480,0.18594235253127372,3.121353530883789,0.5666069984436035,,79012
12370,405340160,0.18536993325253082,3.163540840148926,0.5758584976196289,,79000
12380,405667840,0.18479922680912014,3.1267127990722656,0.5641207218170166,,79013
12390,405995520,0.1842302358819124,3.0767358779907226,0.5702736377716064,,79019
12400,406323200,0.18366296314372033,3.0577293395996095,0.5510042190551758,,78968
12410,406650880,0.18309741125928486,3.1681352615356446,0.5795059204101562,,78992
12420,406978560,0.18253358288526406,3.1497894287109376,0.5690924644470214,,78995
12430,407306240,0.18197148067021893,3.101123809814453,0.579526710510254,,78993
12440,407633920,0.18141110725460283,3.0511783599853515,0.575258445739746,,78996
12450,407961600,0.1808524652707474,3.1080934524536135,0.5721024513244629,,78976
12460,408289280,0.18029555734285163,3.112889289855957,0.5680984497070313,,78974
12470,408616960,0.1797403860869683,3.135585594177246,0.5731667518615723,,78983
12480,408944640,0.17918695411099256,3.1329193115234375,0.5652158737182618,,79007
12490,409272320,0.17863526401464913,3.1088115692138674,0.572047758102417,,78998
12500,409600000,0.17808531838948038,3.124011993408203,0.5715167999267579,,78987
12510,409927680,0.17753711981883438,3.105154037475586,0.5654602527618409,,78975
12520,410255360,0.17699067087785206,3.148957633972168,0.5705165386199951,,78987
12530,410583040,0.17644597413345592,3.1284563064575197,0.5628979682922364,,78974
12540,410910720,0.1759030321443373,3.108220863342285,0.5630656719207764,,78985
12550,411238400,0.17536184746094474,3.0888349533081056,0.5810952186584473,,78969
12560,411566080,0.17482242262547187,3.0963600158691404,0.5688206195831299,,78984
12570,411893760,0.17428476017184552,3.2019649505615235,0.5664540767669678,,78958
12580,412221440,0.17374886262571393,3.115068054199219,0.5669538021087647,,78990
12590,412549120,0.17321473250443453,3.118931770324707,0.5778036117553711,,78993
12600,412876800,0.1726823723170628,3.075001335144043,0.5634520053863525,,79014
12610,413204480,0.1721517845643391,3.135943603515625,0.5714524745941162,,78977
12620,413532160,0.1716229717386789,3.1135278701782227,0.569596242904663,,78980
12630,413859840,0.17109593632415931,3.1077070236206055,0.5733396530151367,,78958
12640,414187520,0.17057068079650856,3.1097198486328126,0.5742443084716797,,78996
12650,414515200,0.17004720762309364,3.113129806518555,0.5628929138183594,,78987
12660,414842880,0.1695255192629091,3.0951671600341797,0.5591670513153076,,79010
12670,415170560,0.16900561816656542,3.148962211608887,0.5763752937316895,,79001
12680,415498240,0.16848750677627727,3.0674728393554687,0.5725127220153808,,79006
12690,415825920,0.1679711875258528,3.097161293029785,0.562311840057373,,78973
12700,416153600,0.16745666284068098,3.0672447204589846,0.5690519332885742,,78982
12710,416481280,0.16694393513772138,3.080386161804199,0.5749013423919678,,78986
12720,416808960,0.16643300682549206,3.0904369354248047,0.5664079666137696,,79014
12730,417136640,0.16592388030405858,3.07965145111084,0.5703763961791992,,78979
12740,417464320,0.16541655796502264,3.143388366699219,0.5758631706237793,,79005
12750,417792000,0.16491104219151081,3.1107563018798827,0.5652130603790283,,78956
12760,418119680,0.16440733535816363,3.100251007080078,0.5685754776000976,,78977
12770,418447360,0.16390543983112393,3.048207092285156,0.577548885345459,,78958
12780,418775040,0.1634053579680263,3.0966518402099608,0.5664876937866211,,78963
12790,419102720,0.1629070921179852,3.0925624847412108,0.567634391784668,,78962
12800,419430400,0.16241064462158505,3.077661323547363,0.5576973915100097,,78973
12810,419758080,0.16191601781086817,3.032313346862793,0.5532793998718262,,78957
12820,420085760,0.1614232140093247,3.0797348022460938,0.5629736900329589,,78966
12830,420413440,0.1609322355318808,3.1309986114501953,0.5706055164337158,,78996
12840,420741120,0.1604430846848886,3.0914405822753905,0.5637369155883789,,78954
12850,421068800,0.15995576376611487,3.1163990020751955,0.5592694759368897,,78951
12860,421396480,0.15947027506473016,3.1322391510009764,0.5700409412384033,,78976
12870,421724160,0.15898662086129878,3.0529758453369142,0.5684256553649902,,79000
12880,422051840,0.15850480342776696,3.168999671936035,0.5710443973541259,,78970
12890,422379520,0.1580248250274533,3.156899070739746,0.5696812629699707,,78981
12900,422707200,0.1575466879150373,3.0957099914550783,0.5736979961395263,,78991
12910,423034880,0.1570703943365491,3.129277229309082,0.5656010627746582,,78966
12920,423362560,0.15659594652935896,3.1180912017822267,0.5843987464904785,,78975
12930,423690240,0.15612334672216666,3.1950870513916017,0.5749527454376221,,78965
12940,424017920,0.1556525971349913,3.087900733947754,0.5727755546569824,,79005
12950,424345600,0.15518369997916026,3.0515283584594726,0.5709528923034668,,78971
12960,424673280,0.1547166574572997,3.103288269042969,0.5792229652404786,,78983
12970,425000960,0.15425147176332304,3.0827430725097655,0.5704558372497559,,78965
12980,425328640,0.153788145082422,3.0845972061157227,0.561750078201294,,78990
12990,425656320,0.15332667959105506,3.148627281188965,0.5677414894104004,,78972
13000,425984000,0.1528670774569385,3.0031307220458983,0.5671721458435058,,78971
13010,426311680,0.15240934083903493,3.0646892547607423,0.5645896911621093,,78956
13020,426639360,0.15195347188754413,3.049283981323242,0.5739315986633301,,78990
13030,426967040,0.15149947274389244,3.0830793380737305,0.568828821182251,,78967
13040,427294720,0.15104734554072283,3.160624313354492,0.5729121685028076,,78969
13050,427622400,0.15059709240188512,3.143214988708496,0.5734968185424805,,78940
13060,427950080,0.1501487154424255,3.121047019958496,0.5661112308502197,,78955
13070,428277760,0.1497022167685772,3.11943359375,0.5641580581665039,,78933
13080,428605440,0.14925759847775003,3.118640327453613,0.5707995891571045,,78950
13090,428933120,0.14881486265852079,3.0703863143920898,0.5763133525848388,,78924
13100,429260800,0.14837401139062345,3.1570880889892576,0.5709896564483643,,78952
13110,429588480,0.14793504674493946,3.0887386322021486,0.5657392024993897,,78943
13120,429916160,0.14749797078348806,3.012795639038086,0.5640292167663574,,78979
13130,430243840,0.14706278555941604,3.1189403533935547,0.5730503559112549,,78956
13140,430571520,0.14662949311698908,3.1150819778442385,0.5753843307495117,,78951
13150,430899200,0.14619809549158108,3.1444019317626952,0.572718620300293,,78965
13160,431226880,0.1457685947096655,3.1322696685791014,0.5679517269134522,,78952
13170,431554560,0.14534099278880513,3.04373836517334,0.573786735534668,,78977
13180,431882240,0.14491529173764328,3.1476268768310547,0.5722400665283203,,78957
13190,432209920,0.14449149355589372,3.149530220031738,0.5748519897460938,,78961
13200,432537600,0.14406960023433169,3.118389892578125,0.5731881618499756,,78942
13210,432865280,0.14364961375478438,3.0288293838500975,0.5609890937805175,,78975
13220,433192960,0.1432315360901216,3.0821212768554687,0.5683108806610108,,78939
13230,433520640,0.14281536920424684,3.1208465576171873,0.5732015609741211,,78958
13240,433848320,0.1424011150520874,3.0937807083129885,0.5690028667449951,,78951
13250,434176000,0.141988775579586,3.0342010498046874,0.5678993225097656,,78957
13260,434503680,0.14157835272369096,3.066225051879883,0.5722027778625488,,78960
13270,434831360,0.14116984841234742,3.1132741928100587,0.5638139247894287,,78948
13280,435159040,0.14076326456448812,3.111043930053711,0.5715677261352539,,78931
13290,435486720,0.14035860309002474,3.100403594970703,0.5737498283386231,,78968
13300,435814400,0.1399558658898386,3.0763084411621096,0.5690428733825683,,78924
13310,436142080,0.13955505485577163,3.0638071060180665,0.5748109817504883,,78965
13320,436469760,0.13915617187061802,3.044247055053711,0.571772575378418,,78946
13330,436797440,0.13875921880811476,3.1540531158447265,0.5740148067474365,,78958
13340,437125120,0.13836419753293316,3.137597846984863,0.5732004165649414,,78953
13350,437452800,0.13797110990066996,3.0851938247680666,0.5685242652893067,,78958
13360,437780480,0.137579957757839,3.0884647369384766,0.5776422023773193,,78944
13370,438108160,0.13719074294186187,3.102507972717285,0.5745336055755615,,78946
13380,438435840,0.1368034672810598,3.175571060180664,0.5811246395111084,,78924
13390,438763520,0.13641813259464494,3.0821069717407226,0.5695503234863282,,78953
13400,439091200,0.13603474069271163,3.050953674316406,0.5646950721740722,,78938
13410,439418880,0.1356532933762284,3.077701950073242,0.5810143947601318,,78968
13420,439746560,0.13527379243702872,3.0628684997558593,0.573775339126587,,78944
13430,440074240,0.1348962396578035,3.118209648132324,0.5776961326599122,,78951
13440,440401920,0.13452063681209184,3.044349479675293,0.5638274192810059,,78977
13450,440729600,0.13414698566427333,3.1344457626342774,0.5693859100341797,,78937
13460,441057280,0.1337752879695594,3.095381736755371,0.578169870376587,,78989
13470,441384960,0.1334055454739853,3.1301998138427733,0.5770476818084717,,78911
13480,441712640,0.13303775991440192,3.134371757507324,0.5755124568939209,,78937
13490,442040320,0.1326719330184672,3.04312686920166,0.562829065322876,,78951
13500,442368000,0.13230806650463867,3.095664215087891,0.5748046875,,78942
13510,442695680,0.13194616208216495,3.1373157501220703,0.5801966190338135,,78957
13520,443023360,0.13158622145107762,3.136640739440918,0.5801010608673096,,78962
13530,443351040,0.1312282463021836,3.0559642791748045,0.5861971378326416,,78953
13540,443678720,0.13087223831705705,3.0715251922607423,0.5697352886199951,,78957
13550,444006400,0.13051819916803145,3.0051197052001952,0.5648569107055664,,78961
13560,444334080,0.1301661305181917,3.1074090957641602,0.5811158180236816,,78954
13570,444661760,0.12981603402136632,3.089997482299805,0.5691761493682861,,78949
13580,444989440,0.1294679113221197,3.0689041137695314,0.5732820987701416,,78961
13590,445317120,0.12912176405574471,3.1496891021728515,0.5834472179412842,,78961
13600,445644800,0.12877759384825416,3.0968454360961912,0.5793284416198731,,78974
13610,445972480,0.12843540231637426,3.028459167480469,0.5667639255523682,,78984
13620,446300160,0.1280951910675361,3.0569942474365233,0.5872833728790283,,78983
13630,446627840,0.12775696169986858,3.0589679718017577,0.5718361377716065,,78960
13640,446955520,0.12742071580219075,3.0875289916992186,0.5918068408966064,,78950
13650,447283200,0.12708645495400447,3.0879255294799806,0.5674398422241211,,78986
13660,447610880,0.1267541807254869,3.1002361297607424,0.5694220542907715,,78974
13670,447938560,0.12642389467748305,3.0586761474609374,0.5736331939697266,,78989
13680,448266240,0.12609559836149858,3.0832803726196287,0.5741552352905274,,78967
13690,448593920,0.12576929331969258,3.034151077270508,0.561727237701416,,78991
13700,448921600,0.12544498108486998,3.015589714050293,0.5758811950683593,,78990
13710,449249280,0.12512266318047466,3.107802963256836,0.5750544548034668,,78987
13720,449576960,0.12480234112058225,3.0498151779174805,0.5667512893676758,,78976
13730,449904640,0.12448401640989308,3.0760690689086916,0.5756616115570068,,78999
13740,450232320,0.12416769054372481,3.0795801162719725,0.5740933895111084,,79003
13750,450560000,0.12385336500800571,3.1507118225097654,0.5706631660461425,,78971
13760,450887680,0.12354104127926756,3.04372501373291,0.578447961807251,,79003
13770,451215360,0.12323072082463879,3.0838600158691407,0.5717798233032226,,78990
13780,451543040,0.12292240510183737,3.120111083984375,0.5812667369842529,,79000
13790,451870720,0.12261609555916432,3.122511863708496,0.5686675548553467,,78984
13800,452198400,0.1223117936354966,3.0166980743408205,0.5666184902191163,,79000
13810,452526080,0.1220095007602805,3.0950122833251954,0.579528522491455,,78991
13820,452853760,0.1217092183535248,3.132905197143555,0.5806297302246094,,78982
13830,453181440,0.12141094782579417,3.144820976257324,0.5776834487915039,,78966
13840,453509120,0.12111469057820282,3.1532560348510743,0.5735833168029785,,78972
13850,453836800,0.12082044800240728,3.06964168548584,0.5698447704315186,,78978
13860,454164480,0.12052822148060055,3.093326950073242,0.5697972774505615,,78978
13870,454492160,0.12023801238550516,3.0460729598999023,0.573520278930664,,78998
13880,454819840,0.11994982208036684,3.1178701400756834,0.5837379932403565,,78942
13890,455147520,0.1196636519189481,3.158302879333496,0.580220890045166,,78946
13900,455475200,0.11937950324552202,3.0583606719970704,0.5770715713500977,,78971
13910,455802880,0.11909737739486582,3.065188980102539,0.5742888927459717,,78976
13920,456130560,0.1188172756922545,3.09204044342041,0.5827710628509521,,78971
13930,456458240,0.1185391994534547,3.0637590408325197,0.5833738803863525,,78973
13940,456785920,0.1182631499847186,3.1467815399169923,0.5823965072631836,,78981
13950,457113600,0.11798912858277767,3.1106353759765626,0.5847025394439698,,78984
13960,457441280,0.11771713653483655,3.0857810974121094,0.5806949615478516,,78959
13970,457768960,0.1174471751185673,3.035952568054199,0.5744958877563476,,78967
13980,458096640,0.1171792456021029,3.105537986755371,0.6001655578613281,,78950
13990,458424320,0.11691334924403168,3.1169795989990234,0.5824495792388916,,78974
14000,458752000,0.11664948729339125,3.0411853790283203,0.5640665054321289,,78969
14010,459079680,0.1163876609896627,3.134247970581055,0.5755776405334473,,78959
14020,459407360,0.11612787156276486,3.0958471298217773,0.570467758178711,,78964
14030,459735040,0.11587012023304813,3.11773681640625,0.5779119968414307,,78980
14040,460062720,0.1156144082112893,3.0704042434692385,0.5855436325073242,,79014
14050,460390400,0.11536073669868546,3.1096702575683595,0.5759638786315918,,78991
14060,460718080,0.11510910688684858,3.0468896865844726,0.5725006103515625,,78980
14070,461045760,0.1148595199577997,3.009341239929199,0.5670881271362305,,78995
14080,461373440,0.11461197708396349,3.0591867446899412,0.5792623519897461,,78970
14090,461701120,0.11436647942816297,3.0888734817504884,0.5731550216674804,,78950
14100,462028800,0.11412302814361354,3.0915056228637696,0.5897862434387207,,78962
14110,462356480,0.11388162437391813,3.0511571884155275,0.572695541381836,,78989
14120,462684160,0.11364226925306124,3.0953969955444336,0.5788365364074707,,78949
14130,463011840,0.11340496390540424,3.106277847290039,0.5720491886138916,,78959
14140,463339520,0.1131697094456795,3.116565704345703,0.576292610168457,,78954
14150,463667200,0.11293650697898572,3.0996677398681642,0.5807804584503173,,78971
14160,463994880,0.11270535760078214,3.096887969970703,0.5760282039642334,,78958
14170,464322560,0.11247626239688388,3.1050346374511717,0.5696334838867188,,79005
14180,464650240,0.11224922244345657,3.0586530685424806,0.5783473491668701,,78978
14190,464977920,0.1120242388070114,3.0847095489501952,0.5863000869750976,,78970
14200,465305600,0.11180131254440019,3.1354745864868163,0.5931124687194824,,78965
14210,465633280,0.1115804447028102,3.0756383895874024,0.5745732307434082,,78957
14220,465960960,0.11136163631975948,3.117803764343262,0.5850976943969727,,78934
14230,466288640,0.11114488842309167,3.1381921768188477,0.6100751876831054,,78966
14240,466616320,0.11093020203097147,3.148171043395996,0.5931110382080078,,78967
14250,466944000,0.11071757815187974,3.0015092849731446,0.5757348537445068,,78967
14260,467271680,0.11050701778460868,3.0333860397338865,0.568866777420044,,78944
14270,467599360,0.11029852191825738,3.055712890625,0.5786898612976075,,78965
14280,467927040,0.11009209153222692,3.0314542770385744,0.5792922496795654,,78933
14290,468254720,0.1098877275962159,3.08312873840332,0.5779581546783448,,78961
14300,468582400,0.10968543107021578,3.0872875213623048,0.568117094039917,,78960
14310,468910080,0.10948520290450654,3.142893600463867,0.5745150566101074,,78954
14320,469237760,0.10928704403965202,3.0923561096191405,0.5827101707458496,,78948
14330,469565440,0.10909095540649572,3.077469062805176,0.5771203517913819,,78980
14340,469893120,0.10889693792615628,3.061064529418945,0.5705437660217285,,78988
14350,470220800,0.10870499251002304,3.0844945907592773,0.5778274536132812,,78994
14360,470548480,0.10851512005975213,3.11840705871582,0.5792099475860596,,78981
14370,470876160,0.10832732146726176,3.0892301559448243,0.5777475833892822,,78998
14380,471203840,0.10814159761472848,3.0922435760498046,0.5834942817687988,,78984
14390,471531520,0.10795794937458267,3.0893604278564455,0.5805004596710205,,79002
14400,471859200,0.1077763776095048,3.0825761795043944,0.5794795989990235,,78960
14410,472186880,0.107596883172421,3.1108072280883787,0.5859570980072022,,79011
14420,472514560,0.10741946690649931,3.093891716003418,0.5771969795227051,,79015
14430,472842240,0.10724412964514562,3.112512969970703,0.5770447731018067,,79009
14440,473169920,0.10707087221199973,3.055008316040039,0.5702335834503174,,79011
14450,473497600,0.10689969542093168,3.0622095108032226,0.5756210327148438,,79012
14460,473825280,0.10673060007603764,3.1583179473876952,0.5751917362213135,,78998
14470,474152960,0.10656358697163638,3.0648004531860353,0.583674955368042,,79036
14480,474480640,0.10639865689226519,3.0724687576293945,0.5703247547149658,,78991
14490,474808320,0.10623581061267677,3.0795482635498046,0.575925350189209,,78959
14500,475136000,0.10607504889783496,3.0732526779174805,0.588012981414795,,78971
14510,475463680,0.10591637250291171,3.058954429626465,0.5780040264129639,,78977
14520,475791360,0.10575978217328301,3.0947134017944338,0.5864165306091309,,78968
14530,476119040,0.10560527864452576,3.124872016906738,0.5782215118408203,,79031
14540,476446720,0.10545286264241416,3.055068778991699,0.5790450096130371,,78991
14550,476774400,0.10530253488291638,3.028410720825195,0.5777243614196778,,78987
14560,477102080,0.1051542960721912,3.101901626586914,0.5823948860168457,,78987
14570,477429760,0.10500814690658448,3.0528486251831053,0.5824321269989013,,78997
14580,477757440,0.10486408807262619,3.1218549728393556,0.5880268573760986,,78986
14590,478085120,0.104722120247027,3.043706703186035,0.5720970630645752,,78994
14600,478412800,0.10458224409667521,3.077484893798828,0.5747135162353516,,78964
14610,478740480,0.10444446027863345,3.1116933822631836,0.580140209197998,,78877
14620,479068160,0.10430876944013576,3.0697168350219726,0.5945657730102539,,78980
14630,479395840,0.10417517221858452,3.0895835876464846,0.5800220489501953,,79011
14640,479723520,0.1040436692415474,3.072543907165527,0.5778528690338135,,78977
14650,480051200,0.10391426112675443,3.0863698959350585,0.5801464080810547,,79016
14660,480378880,0.10378694848209509,3.1234397888183594,0.5833378791809082,,79040
14670,480706560,0.10366173190561558,3.094765853881836,0.582207202911377,,78992
14680,481034240,0.10353861198551571,3.048561668395996,0.5896203994750977,,79007
14690,481361920,0.10341758930014654,3.0593036651611327,0.5767620086669922,,78986
14700,481689600,0.10329866441800734,3.1475147247314452,0.5935407638549804,,78975
14710,482017280,0.10318183789774295,3.161815643310547,0.597772216796875,,78970
14720,482344960,0.10306711028814143,3.0740724563598634,0.5798205375671387,,78998
14730,482672640,0.10295448212813114,3.0981142044067385,0.5865968704223633,,78999
14740,483000320,0.10284395394677846,3.0517351150512697,0.5856935501098632,,79002
14750,483328000,0.10273552626328514,3.066892623901367,0.5824203014373779,,78953
14760,483655680,0.10262919958698588,3.042228889465332,0.5820423126220703,,78993
14770,483983360,0.10252497441734616,3.0128190994262694,0.5887333869934082,,78955
14780,484311040,0.10242285124395946,3.0885946273803713,0.5843262672424316,,78971
14790,484638720,0.10232283054654547,3.1195451736450197,0.5923561573028564,,78975
14800,484966400,0.10222491279494736,3.102107620239258,0.5744783878326416,,78974
14810,485294080,0.10212909844913001,3.106557846069336,0.5976303577423095,,78992
14820,485621760,0.10203538795917738,3.070503807067871,0.5793197154998779,,78963
14830,485949440,0.101943781765291,3.0425203323364256,0.575125789642334,,78968
14840,486277120,0.10185428029778715,2.9841590881347657,0.5775123119354248,,78993
14850,486604800,0.1017668839770955,3.0758699417114257,0.5803964614868165,,78970
14860,486932480,0.10168159321375685,3.097029685974121,0.5947337627410889,,78972
14870,487260160,0.10159840840842116,3.0497570037841797,0.5829768657684327,,78944
14880,487587840,0.1015173299518458,3.021654510498047,0.578255558013916,,78948
14890,487915520,0.10143835822489358,3.103342628479004,0.5879440784454346,,78935
14900,488243200,0.10136149359853108,3.065456771850586,0.584124755859375,,78968
14910,488570880,0.10128673643382681,2.9803451538085937,0.5781557083129882,,78968
14920,488898560,0.10121408708194966,3.0865285873413084,0.579428768157959,,78970
14930,489226240,0.10114354588416707,3.0733495712280274,0.5775979042053223,,78959
14940,489553920,0.1010751131718435,3.0214122772216796,0.5847686767578125,,78948
14950,489881600,0.10100878926643891,3.0685272216796875,0.5737624645233155,,78967
14960,490209280,0.1009445744795073,2.99862060546875,0.5714323997497559,,78993
14970,490536960,0.10088246911269502,3.0619203567504885,0.5893485069274902,,78983
14980,490864640,0.1008224734577396,3.111310577392578,0.588590669631958,,78979
14990,491192320,0.10076458779646827,3.122750663757324,0.5911910533905029,,78993
15000,491520000,0.10070881240079659,3.0719810485839845,0.5908953189849854,,78999
15010,491847680,0.10065514753272739,3.0682399749755858,0.588407039642334,,78985
15020,492175360,0.10060359344434912,3.0775909423828125,0.5963138580322266,,78980
15030,492503040,0.10055415037783517,3.0938962936401366,0.5854833602905274,,78981
15040,492830720,0.10050681856544236,3.094832420349121,0.5893491744995117,,78971
15050,493158400,0.10046159822951001,3.071554183959961,0.5910553932189941,,79007
15060,493486080,0.10041848958245882,3.006647300720215,0.574317741394043,,78974
15070,493813760,0.10037749282679005,3.1021352767944337,0.593212890625,,78969
15080,494141440,0.10033860815508432,3.125705528259277,0.5930245399475098,,78966
15090,494469120,0.10030183575000079,3.0904190063476564,0.5856820106506347,,78963
15100,494796800,0.10026717578427634,3.0870267868041994,0.5810257434844971,,78961
15110,495124480,0.10023462842072489,3.0676876068115235,0.597867774963379,,78978
15120,495452160,0.1002041938122364,3.180185890197754,0.6016165256500244,,78970
15130,495779840,0.10017587210177614,3.0737390518188477,0.590867567062378,,78974
15140,496107520,0.10014966342238431,3.0989458084106447,0.5904798030853271,,78970
15150,496435200,0.10012556789717511,3.121817779541016,0.5908161163330078,,78995
15160,496762880,0.1001035856393363,3.0554161071777344,0.5810863494873046,,78997
15170,497090560,0.1000837167521287,3.0906040191650392,0.5814508438110352,,78995
15180,497418240,0.10006596132888562,3.050691604614258,0.5763594150543213,,78962
15190,497745920,0.10005031945301247,3.0446651458740233,0.5801544666290284,,78973
15200,498073600,0.10003679119798632,3.10069580078125,0.5845168590545654,,78989
15210,498401280,0.10002537662735562,3.056009864807129,0.579792070388794,,78987
15220,498728960,0.1000160757947399,3.0488279342651365,0.5861346244812011,,79001
15230,499056640,0.10000888874382939,3.0831064224243163,0.5918229103088379,,78965
15240,499384320,0.100003815508385,3.0983457565307617,0.5926825523376464,,79006
15250,499712000,0.10000085611223805,3.0673357009887696,0.5847065925598145,,78989
15258,499974144,0.1000000105692902,3.0606579780578613,0.5819294452667236,,78990
