step,tokens,lr_mult,loss,grad_norm,value_grad_norm,tok_s
10,327680,0.018518518518518517,10.743253326416015,6.983232116699218,0.008730828016996383,66327
20,655360,0.037037037037037035,10.301307678222656,3.2792892456054688,0.005777880921959877,72332
30,983040,0.05555555555555555,10.07464141845703,1.9877811431884767,0.00527215488255024,72157
40,1310720,0.07407407407407407,9.818523406982422,2.329620933532715,0.006703227758407593,72131
50,1638400,0.09259259259259259,9.46947784423828,2.196982574462891,0.004851559549570084,72275
60,1966080,0.1111111111111111,9.18597640991211,1.767197036743164,0.002810714952647686,72617
70,2293760,0.12962962962962962,8.909039306640626,1.734572410583496,0.001972087286412716,72912
80,2621440,0.14814814814814814,8.621721649169922,1.6654212951660157,0.0016756009310483933,72957
90,2949120,0.16666666666666666,8.302384948730468,1.5839564323425293,0.0016075165942311287,73022
100,3276800,0.18518518518518517,7.985318756103515,1.5617608070373534,0.0017729714512825013,72976
110,3604480,0.2037037037037037,7.710224151611328,1.4115378379821777,0.0018410246819257736,73047
120,3932160,0.2222222222222222,7.432208251953125,1.2323254585266112,0.0018065044656395911,73137
130,4259840,0.24074074074074073,7.148529052734375,1.0603479385375976,0.0019252318888902664,73103
140,4587520,0.25925925925925924,6.977082824707031,0.8962072372436524,0.002185918390750885,73034
150,4915200,0.2777777777777778,6.828045654296875,0.8124442100524902,0.002716178260743618,72966
160,5242880,0.2962962962962963,6.685055541992187,0.7576605796813964,0.0030260935425758364,72934
170,5570560,0.3148148148148148,6.5988006591796875,0.7099509716033936,0.0031471624970436096,72910
180,5898240,0.3333333333333333,6.504874420166016,0.8256916046142578,0.003847339376807213,72860
190,6225920,0.35185185185185186,6.436734771728515,0.6580290794372559,0.0039675779640674595,72909
200,6553600,0.37037037037037035,6.359129333496094,0.7984684944152832,0.004159286618232727,72899
210,6881280,0.3888888888888889,6.311835479736328,0.7613348007202149,0.004461932182312012,72845
220,7208960,0.4074074074074074,6.236877059936523,0.7535215377807617,0.004658426344394684,72828
230,7536640,0.42592592592592593,6.201048278808594,0.8340688705444336,0.005369763821363449,72818
240,7864320,0.4444444444444444,6.122537994384766,0.7418478965759278,0.005335530266165733,72775
250,8192000,0.46296296296296297,6.068696212768555,0.8043370246887207,0.005570491403341293,72793
260,8519680,0.48148148148148145,6.038897705078125,0.8100727081298829,0.006324587017297744,72827
270,8847360,0.5,5.9348407745361325,0.817556095123291,0.00650029256939888,72818
280,9175040,0.5185185185185185,5.915300750732422,0.792826795578003,0.006701552122831344,72812
290,9502720,0.5370370370370371,5.863696670532226,0.8114250183105469,0.007037178426980972,72797
300,9830400,0.5555555555555556,5.818380355834961,0.8134750366210938,0.007288368046283722,72749
310,10158080,0.5740740740740741,5.778243637084961,0.772784948348999,0.0074453666806221005,72777
320,10485760,0.5925925925925926,5.725809478759766,0.7780572891235351,0.007863863557577132,72781
330,10813440,0.6111111111111112,5.710978698730469,0.8508377075195312,0.008739553391933441,72774
340,11141120,0.6296296296296297,5.671617126464843,0.8027774810791015,0.008270563930273056,72715
350,11468800,0.6481481481481481,5.62645378112793,0.8237136840820313,0.0085585318505764,72728
360,11796480,0.6666666666666666,5.607292938232422,0.8590155601501465,0.008874397724866867,72733
370,12124160,0.6851851851851852,5.5885459899902346,0.7778626441955566,0.008764529228210449,72707
380,12451840,0.7037037037037037,5.508615493774414,0.8156357765197754,0.009140603244304657,72723
390,12779520,0.7222222222222222,5.483496475219726,0.7641306400299073,0.008844715356826783,72721
400,13107200,0.7407407407407407,5.466644668579102,0.8107440948486329,0.00947284996509552,72685
410,13434880,0.7592592592592593,5.42439079284668,0.7369720458984375,0.009216328710317611,72687
420,13762560,0.7777777777777778,5.412611770629883,0.7668439388275147,0.009591859579086304,72644
430,14090240,0.7962962962962963,5.399733352661133,0.7601048469543457,0.009614061564207077,72670
440,14417920,0.8148148148148148,5.31195068359375,0.7653759002685547,0.00970771312713623,72662
450,14745600,0.8333333333333334,5.298612594604492,0.7511406898498535,0.009819918125867844,72635
460,15073280,0.8518518518518519,5.298737335205078,0.7026553630828858,0.00953088328242302,72627
470,15400960,0.8703703703703703,5.257285690307617,0.798077392578125,0.010473895072937011,72656
480,15728640,0.8888888888888888,5.266778182983399,0.7106536865234375,0.009896007925271988,72632
490,16056320,0.9074074074074074,5.203357696533203,0.7524660110473633,0.010475072264671325,72626
500,16384000,0.9259259259259259,5.157701110839843,0.7372992515563965,0.010319508612155914,72609
510,16711680,0.9444444444444444,5.200324630737304,0.711391830444336,0.010378450900316239,72549
520,17039360,0.9629629629629629,5.159024810791015,0.7199368000030517,0.010526216775178909,72597
530,17367040,0.9814814814814815,5.124833679199218,0.7615118026733398,0.010904528200626373,72634
540,17694720,1.0,5.111213684082031,0.6948272705078125,0.0104140505194664,72565
550,18022400,0.9999982912745576,5.115137100219727,0.6594850063323975,0.010249998420476913,72616
560,18350080,0.9999923845859849,5.095901870727539,0.6684020519256592,0.010538779199123383,72635
570,18677760,0.9999822588942721,5.050576782226562,0.6749753475189209,0.010669460147619247,72550
580,19005440,0.999967914294355,5.035849380493164,0.6490594387054444,0.010562856495380402,72595
590,19333120,0.9999493509207248,4.9865062713623045,0.647278118133545,0.010824051499366761,72536
600,19660800,0.9999265689474259,5.004347229003907,0.6670553684234619,0.011007805168628693,72589
610,19988480,0.9998995685880564,4.961424255371094,0.6304342746734619,0.010834422707557679,72555
620,20316160,0.9998683500957637,4.981548309326172,0.6372075557708741,0.010990172624588013,72563
630,20643840,0.9998329137632439,4.918246841430664,0.6096195220947266,0.01099664270877838,72544
640,20971520,0.9997932599227379,4.904247283935547,0.6250330448150635,0.0110002800822258,72565
650,21299200,0.9997493889460295,4.857135772705078,0.601142692565918,0.011033007502555847,72506
660,21626880,0.9997013012444405,4.891609191894531,0.6373690605163574,0.011082492768764496,72531
670,21954560,0.9996489972688276,4.849750900268555,0.5812889575958252,0.01084132194519043,72471
680,22282240,0.9995924775095786,4.823423767089844,0.5886646270751953,0.010994329303503036,72464
690,22609920,0.9995317424966069,4.891939926147461,0.7419713020324707,0.011316478252410889,72465
700,22937600,0.9994667927993469,4.820891952514648,0.6162371158599853,0.011081166565418243,72483
710,23265280,0.9993976290267491,4.803573226928711,0.905916404724121,0.011424204707145691,72442
720,23592960,0.9993242518272736,4.778216934204101,0.6200790405273438,0.011540980637073516,72470
730,23920640,0.9992466618888847,4.781558227539063,0.5823737144470215,0.011291296780109405,72447
740,24248320,0.9991648599390438,4.74940299987793,0.5786755561828614,0.011316298693418502,72399
750,24576000,0.9990788467447033,4.765529632568359,0.5848508834838867,0.011523334681987763,72436
760,24903680,0.998988623112299,4.776802062988281,0.566704797744751,0.011498847603797912,72413
770,25231360,0.9988941898877425,4.7317852020263675,0.5648719310760498,0.011500976979732513,72406
780,25559040,0.9987955479564131,4.703562164306641,0.5575658798217773,0.011522571742534637,72401
790,25886720,0.9986926982431505,4.683880615234375,0.5398378849029541,0.011157448589801788,72385
800,26214400,0.9985856417122446,4.689846038818359,0.5799834728240967,0.011676394194364548,72405
810,26542080,0.9984743793674279,4.684515380859375,0.5685357093811035,0.011709971725940705,72380
820,26869760,0.9983589122518649,4.6591449737548825,0.5617233276367187,0.011603735387325287,72399
830,27197440,0.9982392414481429,4.641425704956054,0.5492384910583497,0.011840416491031647,72358
840,27525120,0.9981153680782624,4.645609283447266,0.5521993637084961,0.011787796765565873,72345
850,27852800,0.9979872933036253,4.611335372924804,0.539422082901001,0.011745811253786088,72365
860,28180480,0.9978550183250252,4.608096313476563,0.5449718475341797,0.011823061108589172,72336
870,28508160,0.9977185443826352,4.610310363769531,0.5652256965637207,0.01203911155462265,72349
880,28835840,0.997577872755997,4.5884044647216795,0.5519786357879639,0.012016937136650085,72372
890,29163520,0.9974330047640086,4.541031265258789,0.5489305019378662,0.012056834250688552,72331
900,29491200,0.997283941764912,4.575850296020508,0.5426323413848877,0.012245561927556992,72359
910,29818880,0.9971306851562801,4.512224960327148,0.524713134765625,0.011929332464933395,72303
920,30146560,0.9969732363750042,4.530909729003906,0.5545281887054443,0.01249082237482071,72318
930,30474240,0.9968115968972803,4.504493713378906,0.5297005653381348,0.011970670521259308,72310
940,30801920,0.996645768238595,4.5492603302001955,0.5446847438812256,0.012379266321659088,72289
950,31129600,0.9964757519537114,4.481317520141602,0.5378854274749756,0.012493916600942612,72325
960,31457280,0.9963015496366552,4.526628875732422,0.5410136222839356,0.012433554977178574,72311
970,31784960,0.9961231629206984,4.499142456054687,0.5142343997955322,0.012136871367692948,72286
980,32112640,0.9959405934783451,4.478202819824219,0.5399844169616699,0.012272867560386657,72249
990,32440320,0.9957538430213158,4.448907089233399,0.5336309909820557,0.012529855966567994,72188
1000,32768000,0.9955629133005303,4.467030715942383,0.5379898071289062,0.01257348507642746,72234
1010,33095680,0.9953678061060928,4.472755813598633,0.5314207077026367,0.012396076321601867,72175
1020,33423360,0.9951685232672738,4.426595687866211,0.5267442226409912,0.012445000559091568,72250
1030,33751040,0.9949650666524937,4.4537303924560545,0.5300093650817871,0.012498126178979874,72236
1040,34078720,0.9947574381693048,4.404656982421875,0.527183723449707,0.012580287456512452,72168
1050,34406400,0.9945456397643743,4.3950042724609375,0.5170155525207519,0.012582121789455414,72201
1060,34734080,0.9943296734234646,4.423591232299804,0.5513478279113769,0.012791834771633148,72199
1070,35061760,0.994109541171416,4.392587280273437,0.5384715557098388,0.012844297289848327,72233
1080,35389440,0.993885245072127,4.384386444091797,0.5154184818267822,0.01247290000319481,72169
1090,35717120,0.9936567872285358,4.3389839172363285,0.5065886974334717,0.012452138960361481,72178
1100,36044800,0.9934241697825988,4.3331645965576175,0.5227977275848389,0.012735366821289062,72201
1110,36372480,0.9931873949152726,4.351336288452148,0.5275246620178222,0.012839853763580322,72191
1120,36700160,0.9929464648464924,4.36186637878418,0.524817705154419,0.01263989955186844,72181
1130,37027840,0.9927013818351514,4.328234481811523,0.5127494812011719,0.012642531096935273,72167
1140,37355520,0.9924521481790796,4.339388275146485,0.5177619457244873,0.012557017803192138,72166
1150,37683200,0.9921987662150219,4.3292182922363285,0.5079339027404786,0.012748786807060241,72142
1160,38010880,0.9919412383186172,4.29503059387207,0.5131502628326416,0.012858431041240691,72143
1170,38338560,0.9916795669043754,4.313848876953125,0.5137941360473632,0.012799575924873352,72172
1180,38666240,0.9914137544256545,4.341879653930664,0.5053654193878174,0.012571272253990174,72135
1190,38993920,0.9911438033746384,4.25793342590332,0.53671236038208,0.01324058771133423,72130
1200,39321600,0.9908697162823128,4.3491558074951175,0.5283994674682617,0.012853825092315673,72145
1210,39649280,0.9905914957184417,4.2774658203125,0.5315927982330322,0.012808823585510254,72151
1220,39976960,0.9903091442915438,4.2180633544921875,0.5128984451293945,0.01281958669424057,72126
1230,40304640,0.9900226646488671,4.272389602661133,0.5007457256317138,0.012747934460639954,72115
1240,40632320,0.9897320594763651,4.208515930175781,0.5111733913421631,0.013089063763618469,72070
1250,40960000,0.9894373314986707,4.247926330566406,0.5198276996612549,0.013126227259635925,72099
1260,41287680,0.9891384834790714,4.215711975097657,0.5000465393066407,0.012850642204284668,72023
1270,41615360,0.9888355182194829,4.214794158935547,0.5093922138214111,0.012952181696891784,72133
1280,41943040,0.9885284385604228,4.214212417602539,0.4879153251647949,0.012715649604797364,72101
1290,42270720,0.9882172473809846,4.207140350341797,0.5045286178588867,0.012839867174625397,72103
1300,42598400,0.98790194759881,4.171971130371094,0.48847107887268065,0.012847344577312469,72074
1310,42926080,0.9875825421700617,4.200177764892578,0.5012080192565918,0.013099950551986695,72102
1320,43253760,0.9872590340893962,4.188434600830078,0.4862946033477783,0.01275324374437332,72083
1330,43581440,0.9869314263899347,4.143330001831055,0.4838541507720947,0.012881264090538025,72064
1340,43909120,0.986599722143236,4.163554000854492,0.4954392910003662,0.013167570531368255,72039
1350,44236800,0.9862639244592665,4.162282180786133,0.5078561305999756,0.01298181414604187,72060
1360,44564480,0.9859240364863717,4.161753845214844,0.5028493404388428,0.01313946396112442,72048
1370,44892160,0.9855800614112464,4.111067199707032,0.49699983596801756,0.013087424635887145,72029
1380,45219840,0.9852320024589052,4.127186965942383,0.5624445915222168,0.01319725215435028,72030
1390,45547520,0.9848798628926516,4.080238342285156,0.4878374099731445,0.012967151403427125,72042
1400,45875200,0.984523646014048,4.1066436767578125,0.5629257678985595,0.013136181235313415,72016
1410,46202880,0.9841633551628844,4.12890510559082,0.6758368968963623,0.013088315725326538,72041
1420,46530560,0.983798993717148,4.139202499389649,0.49333534240722654,0.013206128776073457,72050
1430,46858240,0.9834305650929893,4.133709716796875,0.49225144386291503,0.013024426996707916,72042
1440,47185920,0.983058072744693,4.094756317138672,0.49953761100769045,0.013264903426170349,71973
1450,47513600,0.9826815201646432,4.071395492553711,0.4936227798461914,0.013091088831424713,72011
1460,47841280,0.982300910883292,4.061285018920898,0.4875956535339355,0.01324201226234436,71967
1470,48168960,0.9819162484691257,4.1241508483886715,0.7569791316986084,0.01320808082818985,72032
1480,48496640,0.9815275365286322,4.086137008666992,0.4912560939788818,0.013280203938484192,72019
1490,48824320,0.9811347787062661,4.071036148071289,0.4889515399932861,0.013221301138401031,72027
1500,49152000,0.9807379786844153,4.090294647216797,0.5443460941314697,0.013264748454093932,71992
1510,49479680,0.980337140183366,4.064904022216797,0.4853218555450439,0.013097791373729706,72029
1520,49807360,0.9799322669612684,4.042584228515625,0.48467483520507815,0.013061907887458802,72028
1530,50135040,0.9795233628141009,4.059807205200196,0.48815369606018066,0.013306578993797303,71986
1540,50462720,0.9791104315756348,3.99473876953125,0.48305630683898926,0.013379140198230744,72015
1550,50790400,0.9786934771173983,4.071262359619141,0.4736217498779297,0.013270322978496552,71975
1560,51118080,0.9782725033486401,4.032345581054687,0.4813371658325195,0.013544806838035583,72006
1570,51445760,0.977847514216293,4.065246963500977,0.4964414596557617,0.013287845253944396,71966
1580,51773440,0.9774185137049364,4.081898880004883,0.4804595947265625,0.013313004374504089,71976
1590,52101120,0.9769855058367597,4.008306884765625,0.48439698219299315,0.013323056697845458,71984
1600,52428800,0.9765484946715238,4.053551864624024,0.4789139270782471,0.013302691280841827,71986
1610,52756480,0.9761074843065236,4.0249988555908205,0.48531742095947267,0.013546063005924225,71971
1620,53084160,0.9756624788765493,4.000638580322265,0.48386592864990235,0.013343614339828492,71978
1630,53411840,0.975213482553848,3.962161636352539,0.4841453552246094,0.013640324771404266,71940
1640,53739520,0.9747604995480836,3.9807102203369142,0.4796120643615723,0.013497230410575867,71987
1650,54067200,0.9743035341062987,3.991254425048828,0.48585119247436526,0.013451474905014037,71937
1660,54394880,0.9738425905128739,3.956998825073242,0.4784542560577393,0.013305108249187469,71937
1670,54722560,0.9733776730894877,3.986360549926758,0.47606720924377444,0.013427340984344482,71947
1680,55050240,0.9729087861950766,3.9574951171875,0.4915297508239746,0.013550323247909547,71913
1690,55377920,0.972435934225793,3.9772510528564453,0.4929177761077881,0.01348513811826706,71913
1700,55705600,0.9719591216149652,3.9660411834716798,0.471555233001709,0.013505634665489197,71941
1710,56033280,0.9714783528330554,3.959543991088867,0.4814030647277832,0.0137716144323349,71901
1720,56360960,0.9709936323876177,3.972981643676758,0.4758671760559082,0.013577529788017273,71905
1730,56688640,0.9705049648232557,3.9424697875976564,0.4767845630645752,0.01361776441335678,71952
1740,57016320,0.9700123547215803,3.955907440185547,0.46808853149414065,0.013508522510528564,71939
1750,57344000,0.9695158067011665,3.9669185638427735,0.4699120998382568,0.013543497025966644,71958
1760,57671680,0.9690153254175102,3.9211181640625,0.4670447826385498,0.013549144566059112,71913
1770,57999360,0.9685109155629843,3.975187301635742,0.47835373878479004,0.013717940449714661,71908
1780,58327040,0.9680025818667949,3.9349571228027345,0.46733808517456055,0.013622963428497314,71914
1790,58654720,0.9674903290949369,3.933654022216797,0.4673748970031738,0.013546708226203918,71923
1800,58982400,0.96697416205015,3.9398944854736326,0.4849794864654541,0.01365087330341339,71940
1810,59310080,0.9664540855718718,3.973043441772461,0.48624181747436523,0.013915392756462096,71920
1820,59637760,0.9659301045361949,3.944573974609375,0.47686967849731443,0.013604682683944703,71926
1830,59965440,0.9654022238558191,3.94842643737793,0.48410534858703613,0.013576649129390717,71930
1840,60293120,0.9648704484800066,3.940143585205078,0.48729939460754396,0.013715271651744843,71926
1850,60620800,0.9643347833945352,3.9080413818359374,0.47593231201171876,0.013673587143421173,71941
1860,60948480,0.9637952336216511,3.917357635498047,0.4719916820526123,0.013911443948745727,71912
1870,61276160,0.9632518042200229,3.8967872619628907,0.47678399085998535,0.013707895576953889,71913
1880,61603840,0.9627045002846928,3.9370960235595702,0.4835476875305176,0.013737408816814423,71918
1890,61931520,0.96215332694703,3.8867401123046874,0.4745072364807129,0.013794401288032531,71864
1900,62259200,0.9615982893746823,3.914781951904297,0.4758939743041992,0.01375739723443985,71909
1910,62586880,0.9610393927715268,3.858438491821289,0.46724801063537597,0.013948336243629456,71866
1920,62914560,0.9604766423776228,3.9196205139160156,0.46474685668945315,0.013704061508178711,71887
1930,63242240,0.9599100434691605,3.977707290649414,0.47161083221435546,0.013710299134254455,71889
1940,63569920,0.9593396013584137,3.8646427154541017,0.4650414943695068,0.013807134330272674,71936
1950,63897600,0.9587653213936885,3.8343551635742186,0.47408447265625,0.014084805548191071,71955
1960,64225280,0.9581872089592738,3.871126174926758,0.47568531036376954,0.013899420201778413,71962
1970,64552960,0.9576052694753903,3.8854366302490235,0.4695570945739746,0.013871285319328307,71908
1980,64880640,0.9570195083981407,3.908791732788086,0.47692346572875977,0.013901996612548827,71891
1990,65208320,0.9564299312194574,3.8453533172607424,0.46824941635131834,0.014024145901203156,71870
2000,65536000,0.9558365434670516,3.8871013641357424,0.46819639205932617,0.013847258687019349,71894
2010,65863680,0.9552393507043617,3.8263206481933594,0.4698854923248291,0.013871118426322937,71890
2020,66191360,0.9546383585305002,3.8803707122802735,0.4729888916015625,0.013868686556816102,71899
2030,66519040,0.9540335725802023,3.8766105651855467,0.46503119468688964,0.013977165520191192,71889
2040,66846720,0.9534249985237726,3.8769351959228517,0.46504411697387693,0.013974976539611817,71849
2050,67174400,0.9528126420670315,3.9010562896728516,0.46285762786865237,0.013879859447479248,71861
2060,67502080,0.9521965089512627,3.86254768371582,0.46849822998046875,0.013977360725402833,71873
2070,67829760,0.9515766049531583,3.8285137176513673,0.4817774295806885,0.014051488041877747,71857
2080,68157440,0.9509529358847655,3.8965965270996095,0.48464226722717285,0.014005036652088165,71865
2090,68485120,0.9503255075934316,3.8829570770263673,0.4809001922607422,0.01396714597940445,71860
2100,68812800,0.9496943259617492,3.8444236755371093,0.4716752529144287,0.014154942333698272,71874
2110,69140480,0.9490593969075014,3.8094718933105467,0.4647828578948975,0.013938388228416443,71862
2120,69468160,0.948420726383606,3.845987319946289,0.46388492584228513,0.01421930491924286,71844
2130,69795840,0.9477783203780596,3.830523681640625,0.4641405582427979,0.014022967219352723,71864
2140,70123520,0.9471321849138822,3.835357666015625,0.4700603485107422,0.014238052070140839,71849
2150,70451200,0.9464823260490595,3.8415081024169924,0.468825626373291,0.013884924352169037,71849
2160,70778880,0.9458287498764869,3.861545944213867,0.48462376594543455,0.014282870292663574,71848
2170,71106560,0.9451714625239126,3.789420318603516,0.48023414611816406,0.014038862287998199,71914
2180,71434240,0.9445104701538795,3.8030464172363283,0.47190370559692385,0.014311861991882325,71891
2190,71761920,0.9438457789636678,3.7338020324707033,0.4670015811920166,0.014359939098358154,71895
2200,72089600,0.9431773951852368,3.845366287231445,0.47053236961364747,0.014078466594219208,71827
2210,72417280,0.9425053250851664,3.8349636077880858,0.4725318908691406,0.014101056754589081,71877
2220,72744960,0.9418295749645985,3.8170570373535155,0.4728072166442871,0.01404668390750885,71862
2230,73072640,0.9411501511591778,3.7783836364746093,0.475981616973877,0.014384321868419647,71877
2240,73400320,0.9404670600389926,3.7499622344970702,0.47440638542175295,0.014251923561096192,71885
2250,73728000,0.9397803080085146,3.797467041015625,0.4962924003601074,0.014410929381847381,71899
2260,74055680,0.9390899015065397,3.8311531066894533,0.47481627464294435,0.01435994952917099,71851
2270,74383360,0.9383958470061263,3.8086681365966797,0.48637590408325193,0.01407698094844818,71893
2280,74711040,0.9376981510145364,3.796712112426758,0.46701803207397463,0.01434049904346466,71856
2290,75038720,0.9369968200731726,3.827788162231445,0.46916842460632324,0.014252737164497375,71855
2300,75366400,0.9362918607575188,3.7875045776367187,0.46146841049194337,0.014326921105384827,71848
2310,75694080,0.9355832796770766,3.780928039550781,0.452986478805542,0.014304885268211364,71861
2320,76021760,0.9348710834753048,3.760696029663086,0.4568418025970459,0.014390115439891816,71908
2330,76349440,0.9341552788295563,3.7651782989501954,0.4630611419677734,0.014373628795146942,71860
2340,76677120,0.9334358724510162,3.8041778564453126,0.4822227954864502,0.014091026782989503,71884
2350,77004800,0.9327128710846379,3.722047805786133,0.4776751518249512,0.014560109376907349,71844
2360,77332480,0.9319862815090807,3.74869384765625,0.45982794761657714,0.014215192198753357,71882
2370,77660160,0.9312561105366457,3.8019874572753904,0.4660088062286377,0.014325807988643646,71836
2380,77987840,0.9305223650132127,3.7181842803955076,0.4651064872741699,0.014479100704193115,71852
2390,78315520,0.929785051818175,3.773224639892578,0.4674567699432373,0.014414693415164947,71828
2400,78643200,0.9290441778643755,3.7541278839111327,0.46892075538635253,0.014471225440502167,71843
2410,78970880,0.928299750098042,3.771670913696289,0.4688421249389648,0.014429198205471038,71830
2420,79298560,0.9275517754987215,3.7642932891845704,0.4695422172546387,0.014539776742458344,71845
2430,79626240,0.9268002610792152,3.7656421661376953,0.4701683044433594,0.01443757265806198,71860
2440,79953920,0.9260452138855131,3.7768245697021485,0.4711925029754639,0.014310330152511597,71831
2450,80281600,0.9252866409967271,3.8492008209228517,0.4871196269989014,0.014529083669185639,71825
2460,80609280,0.924524549525025,3.757313919067383,0.45795016288757323,0.014488445222377777,71860
2470,80936960,0.923758946615564,3.7621128082275392,0.45915875434875486,0.014695364236831664,71860
2480,81264640,0.9229898394464237,3.7859249114990234,0.4613215923309326,0.01470118910074234,71847
2490,81592320,0.922217235228538,3.7282676696777344,0.4759361743927002,0.014424188435077668,71863
2500,81920000,0.9214411412056294,3.744054412841797,0.463256311416626,0.014411957561969757,71828
2510,82247680,0.9206615646541384,3.689803695678711,0.4641435146331787,0.014670553803443908,71848
2520,82575360,0.9198785128831577,3.7795646667480467,0.47444920539855956,0.014663763344287872,71818
2530,82903040,0.9190919932343625,3.7201026916503905,0.4651363372802734,0.014561600983142853,71869
2540,83230720,0.9183020130819415,3.7119712829589844,0.4702924728393555,0.014532679319381714,71810
2550,83558400,0.9175085798325283,3.770130157470703,0.46688079833984375,0.014649614691734314,71819
2560,83886080,0.9167117009251322,3.730487823486328,0.4609652519226074,0.0145761638879776,71818
2570,84213760,0.9159113838310676,3.7319709777832033,0.4759671688079834,0.014429253339767457,71785
2580,84541440,0.9151076360538841,3.752651596069336,0.47282705307006834,0.014651210606098175,71828
2590,84869120,0.9143004651292971,3.7221347808837892,0.4658350467681885,0.014597272872924805,71812
2600,85196800,0.913489878625116,3.7186534881591795,0.46244425773620607,0.014584265649318695,71773
2610,85524480,0.912675884141174,3.749502182006836,0.47239184379577637,0.014712569117546082,71790
2620,85852160,0.9118584893092562,3.697367477416992,0.46139349937438967,0.014632828533649445,71803
2630,86179840,0.9110377017930288,3.7086627960205076,0.46204442977905275,0.01481488198041916,71828
2640,86507520,0.9102135292879667,3.689883804321289,0.48085451126098633,0.014774107933044433,71865
2650,86835200,0.9093859795212818,3.709713363647461,0.47099967002868653,0.014630317687988281,71852
2660,87162880,0.9085550602518495,3.7004135131835936,0.46082777976989747,0.01478523164987564,71872
2670,87490560,0.9077207792701376,3.7063625335693358,0.4852400779724121,0.014815802872180938,71836
2680,87818240,0.9068831443981318,3.706698989868164,0.47518243789672854,0.014904862642288208,71760
2690,88145920,0.9060421634892631,3.721605682373047,0.46922965049743653,0.014720997214317322,71783
2700,88473600,0.9051978444283342,3.6990402221679686,0.4712082386016846,0.014961379766464233,71797
2710,88801280,0.9043501951314451,3.697561264038086,0.4667020797729492,0.014857928454875945,71791
2720,89128960,0.9034992235459193,3.6836204528808594,0.46433262825012206,0.014837461709976196,71808
2730,89456640,0.9026449376502291,3.681380844116211,0.4653278350830078,0.014873109757900238,71813
2740,89784320,0.9017873454539209,3.6999011993408204,0.4608555793762207,0.01453259438276291,71796
2750,90112000,0.9009264549975401,3.743560791015625,0.6356072425842285,0.015009656548500061,71801
2760,90439680,0.9000622743525556,3.670258331298828,0.4643873691558838,0.014957405626773834,71794
2770,90767360,0.899194811621284,3.707809066772461,0.4711446762084961,0.01480901539325714,71844
2780,91095040,0.8983240749368143,3.6637332916259764,0.4728979587554932,0.015001550316810608,71804
2790,91422720,0.8974500724629308,3.6973690032958983,0.46112961769104005,0.014936752617359161,71749
2800,91750400,0.896572812394037,3.6549251556396483,0.46950712203979494,0.015095759928226472,71755
2810,92078080,0.8956923029550786,3.6681262969970705,0.4760583877563477,0.014884087443351745,71753
2820,92405760,0.8948085524014668,3.6717018127441405,0.470565938949585,0.014920440316200257,71778
2830,92733440,0.8939215690190004,3.6674041748046875,0.48061404228210447,0.0147629514336586,71789
2840,93061120,0.8930313611237881,3.6776668548583986,0.467548131942749,0.0149770587682724,71753
2850,93388800,0.892137937062171,3.6725521087646484,0.46584172248840333,0.014909198880195618,71759
2860,93716480,0.8912413052106443,3.6595794677734377,0.47476873397827146,0.015170429646968842,71773
2870,94044160,0.890341473975778,3.67882080078125,0.46494369506835936,0.014953242242336273,71776
2880,94371840,0.8894384517941388,3.705738830566406,0.47191882133483887,0.01497315764427185,71809
2890,94699520,0.8885322471322111,3.6773536682128904,0.4684122562408447,0.014784714579582215,71785
2900,95027200,0.8876228684863171,3.696697998046875,0.4759810447692871,0.014839991927146912,71776
2910,95354880,0.8867103243825375,3.649278259277344,0.47301411628723145,0.015079614520072938,71753
2920,95682560,0.8857946233766313,3.621671676635742,0.4682302474975586,0.014918071031570435,71782
2930,96010240,0.8848757740539559,3.6569923400878905,0.4652117729187012,0.015065184235572815,71696
2940,96337920,0.8839537850293865,3.7127586364746095,0.4692594051361084,0.01493000090122223,71744
2950,96665600,0.8830286649472348,3.6678840637207033,0.461790132522583,0.014959976077079773,71762
2960,96993280,0.882100422481169,3.687272644042969,0.4614271640777588,0.014960113167762756,71740
2970,97320960,0.8811690663341317,3.6466609954833986,0.46670708656311033,0.015127836167812348,71721
2980,97648640,0.8802346052382582,3.653103256225586,0.4634103298187256,0.014987245202064514,71703
2990,97976320,0.8792970479547958,3.6630779266357423,0.4692367076873779,0.015142832696437836,71749
3000,98304000,0.8783564032740195,3.668470001220703,0.4762579441070557,0.014981576800346374,71751
3010,98631680,0.877412680015152,3.690418243408203,0.48009729385375977,0.01509404182434082,71758
3020,98959360,0.8764658870262793,3.62841682434082,0.4718319892883301,0.015194976329803466,71752
3030,99287040,0.8755160331842685,3.637837219238281,0.4671338081359863,0.015203574299812317,71748
3040,99614720,0.8745631273946847,3.610353469848633,0.45481095314025877,0.014979985356330872,71774
3050,99942400,0.8736071785917066,3.6359237670898437,0.4662971496582031,0.015205326676368713,71737
3060,100270080,0.8726481957380435,3.60504264831543,0.47041144371032717,0.015447105467319488,71754
3070,100597760,0.8716861878248516,3.65313606262207,0.47534403800964353,0.015112946927547454,71740
3080,100925440,0.8707211638716489,3.6679607391357423,0.4734391212463379,0.015237893164157867,71715
3090,101253120,0.8697531329262307,3.64481201171875,0.4718574047088623,0.0152902752161026,71787
3100,101580800,0.8687821040645854,3.6233474731445314,0.47710332870483396,0.01537192463874817,71721
3110,101908480,0.8678080863908089,3.608742904663086,0.46346569061279297,0.015096580982208252,71772
3120,102236160,0.8668310890370192,3.6172859191894533,0.47359914779663087,0.015121395885944366,71755
3130,102563840,0.8658511211632715,3.661087417602539,0.4678380489349365,0.015338777005672455,71735
3140,102891520,0.8648681919574708,3.6306854248046876,0.46704764366149903,0.015215584635734558,71727
3150,103219200,0.8638823106352876,3.6242420196533205,0.4595345497131348,0.015216879546642303,71759
3160,103546880,0.8628934864400705,3.6357933044433595,0.47004313468933107,0.01533486247062683,71716
3170,103874560,0.861901728642759,3.6384658813476562,0.4665316104888916,0.015231482684612274,71729
3180,104202240,0.8609070465417982,3.5992027282714845,0.46364316940307615,0.01534460037946701,71703
3190,104529920,0.8599094494630499,3.661649703979492,0.47716064453125,0.015445652604103088,71718
3200,104857600,0.858908946759706,3.6469261169433596,0.47226996421813966,0.015333940088748933,71723
3210,105185280,0.8579055478122014,3.6128189086914064,0.46698546409606934,0.015417154133319854,71729
3220,105512960,0.8568992620281244,3.6108657836914064,0.4694211483001709,0.015306559205055238,71731
3230,105840640,0.8558900988421302,3.6521121978759767,0.4758456707000732,0.015505370497703553,71733
3240,106168320,0.8548780677158514,3.622113800048828,0.4817360401153564,0.015544047951698304,71715
3250,106496000,0.8538631781378098,3.6136688232421874,0.4805168151855469,0.015469551086425781,71707
3260,106823680,0.8528454396233269,3.669126510620117,0.48160953521728517,0.015256677567958832,71752
3270,107151360,0.8518248617144356,3.6063182830810545,0.4743805885314941,0.015586842596530915,71732
3280,107479040,0.8508014539797896,3.5697582244873045,0.47707676887512207,0.01525852531194687,71709
3290,107806720,0.8497752260145746,3.6104602813720703,0.46621317863464357,0.015468581020832062,71761
3300,108134400,0.8487461874404177,3.599338150024414,0.4621220588684082,0.015370884537696838,71700
3310,108462080,0.8477143479052979,3.5747928619384766,0.4602960586547852,0.015576261281967162,71710
3320,108789760,0.846679717083455,3.629960632324219,0.46519455909729,0.015452785789966584,71715
3330,109117440,0.845642304675299,3.615640640258789,0.47327880859375,0.01574549823999405,71751
3340,109445120,0.8446021204073193,3.581130599975586,0.48324923515319823,0.015688119828701018,71758
3350,109772800,0.8435591740319939,3.6405975341796877,0.47991652488708497,0.01562502235174179,71744
3360,110100480,0.842513475327697,3.5833065032958986,0.47635908126831056,0.015718041360378264,71703
3370,110428160,0.8414650340986083,3.635975646972656,0.4689725399017334,0.015453609824180602,71725
3380,110755840,0.8404138601746204,3.591896820068359,0.46787176132202146,0.015654456615448,71725
3390,111083520,0.8393599634112467,3.6037445068359375,0.47438678741455076,0.0155535489320755,71689
3400,111411200,0.8383033536895299,3.607871246337891,0.47527203559875486,0.015683726966381074,71726
3410,111738880,0.8372440409159477,3.5924198150634767,0.46625580787658694,0.015428118407726288,71725
3420,112066560,0.8361820350223216,3.5777824401855467,0.48026351928710936,0.01537415087223053,71690
3430,112394240,0.8351173459657227,3.6438011169433593,0.4814907073974609,0.015826377272605895,71769
3440,112721920,0.8340499837283787,3.6342308044433596,0.4806636333465576,0.015375621616840363,71734
3450,113049600,0.8329799583175806,3.5902359008789064,0.466553258895874,0.015694665908813476,71719
3460,113377280,0.831907279765588,3.5682254791259767,0.47815680503845215,0.015770629048347473,71742
3470,113704960,0.8308319581295361,3.602561187744141,0.46918158531188964,0.015333813428878785,71714
3480,114032640,0.8297540034913407,3.589192581176758,0.4741654396057129,0.015757353603839876,71703
3490,114360320,0.8286734259576041,3.517874526977539,0.471683406829834,0.01575929522514343,71707
3500,114688000,0.8275902356595198,3.593717575073242,0.47634167671203614,0.015786509215831756,71715
3510,115015680,0.8265044427527782,3.6240615844726562,0.4763350963592529,0.01553533375263214,71740
3520,115343360,0.8254160574174707,3.589187240600586,0.46197237968444826,0.01560402512550354,71727
3530,115671040,0.824325089857995,3.572957992553711,0.46305046081542967,0.015596072375774383,71731
3540,115998720,0.8232315503029586,3.6070079803466797,0.46961116790771484,0.015750114619731904,71721
3550,116326400,0.8221354490050835,3.5595897674560546,0.47008390426635743,0.015777634084224702,71708
3560,116654080,0.8210367962411099,3.590164566040039,0.4764711856842041,0.015659640729427337,71705
3570,116981760,0.8199356023116999,3.5932590484619142,0.47172155380249026,0.015866447985172272,71752
3580,117309440,0.8188318775413406,3.545994186401367,0.4673908233642578,0.015799981355667115,71733
3590,117637120,0.8177256322782479,3.5688602447509767,0.46662607192993166,0.01577102839946747,71712
3600,117964800,0.8166168768942689,3.614155578613281,0.4740282535552979,0.015789005160331725,71694
3610,118292480,0.8155056217847848,3.5156791687011717,0.46660828590393066,0.01594516783952713,71691
3620,118620160,0.814391877368614,3.5163726806640625,0.48064346313476564,0.016407425701618194,71667
3630,118947840,0.8132756540879134,3.5278663635253906,0.4907518863677979,0.016387614607810973,71686
3640,119275520,0.8121569624080812,3.5201705932617187,0.4832897186279297,0.01655108332633972,71677
3650,119603200,0.811035812817659,3.5079593658447266,0.47104129791259763,0.016418927907943727,71711
3660,119930880,0.8099122158282326,3.478489303588867,0.46114678382873536,0.01664760410785675,71662
3670,120258560,0.8087861819743342,3.4710365295410157,0.46334567070007326,0.01661211848258972,71670
3680,120586240,0.807657721813343,3.5215206146240234,0.4630429744720459,0.016413283348083497,71726
3690,120913920,0.8065268459253873,3.4587966918945314,0.47063350677490234,0.01672666221857071,71707
3700,121241600,0.8053935649132437,3.504528045654297,0.4742368221282959,0.016754540801048278,71675
3710,121569280,0.8042578894022393,3.4932979583740233,0.4646421432495117,0.01660047620534897,71716
3720,121896960,0.803119830040151,3.4736377716064455,0.461039400100708,0.016820357739925386,71675
3730,122224640,0.8019793974971061,3.4656902313232423,0.473193883895874,0.016952060163021088,71668
3740,122552320,0.800836602465482,3.4936973571777346,0.48006319999694824,0.016931125521659852,71655
3750,122880000,0.7996914556598066,3.5063961029052733,0.4662334442138672,0.016617441177368165,71667
3760,123207680,0.7985439678166568,3.45263671875,0.4730024814605713,0.017038685083389283,71661
3770,123535360,0.797394149694559,3.4978179931640625,0.46871538162231446,0.0168292298913002,71655
3780,123863040,0.796242012073887,3.5035804748535155,0.47612566947937013,0.016942404210567474,71644
3790,124190720,0.7950875657567622,3.4859371185302734,0.4766090869903564,0.016994719207286835,71647
3800,124518400,0.7939308215669512,3.523275375366211,0.4851773738861084,0.0169280543923378,71622
3810,124846080,0.7927717903497652,3.5019874572753906,0.47210001945495605,0.01697743982076645,71649
3820,125173760,0.7916104829719576,3.5117279052734376,0.481596040725708,0.017041878402233125,71644
3830,125501440,0.7904469103216227,3.487899398803711,0.47153611183166505,0.016877336800098418,71655
3840,125829120,0.7892810833080932,3.504193115234375,0.4805464267730713,0.01703687012195587,71679
3850,126156800,0.7881130128618383,3.4904613494873047,0.5364973068237304,0.016949893534183504,71647
3860,126484480,0.7869427099343606,3.4893875122070312,0.4901132106781006,0.01697733998298645,71628
3870,126812160,0.7857701854980944,3.503993606567383,0.47610044479370117,0.016916747391223907,71641
3880,127139840,0.7845954505463014,3.4980464935302735,0.4737714290618896,0.01712391972541809,71670
3890,127467520,0.7834185160929696,3.448454666137695,0.47770395278930666,0.017102360725402832,71632
3900,127795200,0.7822393931727079,3.4786476135253905,0.46296238899230957,0.017087754607200623,71654
3910,128122880,0.7810580928406442,3.4842178344726564,0.47196784019470217,0.017006507515907286,71606
3920,128450560,0.779874626172321,3.4489425659179687,0.4688714504241943,0.01721689701080322,71608
3930,128778240,0.7786890042635919,3.472932052612305,0.47266902923583987,0.01699274927377701,71664
3940,129105920,0.7775012382305171,3.4825279235839846,0.47035632133483884,0.016973188519477843,71669
3950,129433600,0.7763113392092603,3.4956417083740234,0.47328863143920896,0.01709991693496704,71683
3960,129761280,0.7751193183559826,3.475511169433594,0.4793510913848877,0.017157021164894103,71668
3970,130088960,0.7739251868467393,3.498831558227539,0.4809081554412842,0.017171004414558412,71650
3980,130416640,0.7727289558773743,3.4800525665283204,0.4758035182952881,0.017123705148696898,71642
3990,130744320,0.7715306366634161,3.4469947814941406,0.47481470108032225,0.01721997410058975,71637
4000,131072000,0.7703302404399711,3.480218505859375,0.49272642135620115,0.01722157746553421,71629
4010,131399680,0.7691277784616201,3.536935806274414,0.48351325988769533,0.017027153074741362,71649
4020,131727360,0.7679232620023108,3.544297790527344,0.4822324275970459,0.01722005009651184,71651
4030,132055040,0.7667167023552541,3.4793338775634766,0.4798585891723633,0.017310869693756104,71653
4040,132382720,0.7655081108328167,3.500003433227539,0.4794758319854736,0.017211447656154632,71625
4050,132710400,0.7642974987664158,3.511427307128906,0.4692070007324219,0.017259436845779418,71635
4060,133038080,0.7630848775064126,3.479395294189453,0.4757522106170654,0.017347311973571776,71640
4070,133365760,0.7618702584220061,3.4756935119628904,0.4766531467437744,0.017382538318634032,71648
4080,133693440,0.760653652901126,3.5363006591796875,0.4876365661621094,0.01730826199054718,71665
4090,134021120,0.7594350723503267,3.4896949768066405,0.4795359134674072,0.017266881465911866,71650
4100,134348800,0.7582145281946793,3.4588584899902344,0.475374174118042,0.0174213707447052,71624
4110,134676480,0.756992031877666,3.4737682342529297,0.4806407928466797,0.01724294722080231,71672
4120,135004160,0.7557675948610709,3.448822784423828,0.4819651126861572,0.017269262671470643,71633
4130,135331840,0.7545412286248747,3.474319076538086,0.4821152687072754,0.01748766005039215,71672
4140,135659520,0.7533129446671448,3.467525100708008,0.47466530799865725,0.0174090713262558,71624
4150,135987200,0.7520827545039296,3.5157100677490236,0.48076939582824707,0.01719758063554764,71602
4160,136314880,0.7508506696691486,3.4665931701660155,0.48075451850891116,0.01740674823522568,71627
4170,136642560,0.7496167017144862,3.402510070800781,0.4864403247833252,0.017711055278778077,71620
4180,136970240,0.7483808622092816,3.4506229400634765,0.48172388076782224,0.017329800128936767,71637
4190,137297920,0.7471431627404215,3.502640151977539,0.4804866790771484,0.01749046742916107,71656
4200,137625600,0.745903614912231,3.4859100341796876,0.4751303672790527,0.017503730952739716,71611
4210,137953280,0.7446622303463651,3.437226104736328,0.479064416885376,0.01747584193944931,71646
4220,138280960,0.7434190206816993,3.4448421478271483,0.48247671127319336,0.017728494107723237,71617
4230,138608640,0.7421739975742209,3.4571983337402346,0.48099327087402344,0.017591197788715363,71665
4240,138936320,0.7409271726969192,3.4763259887695312,0.48119797706604006,0.017350800335407257,71620
4250,139264000,0.739678557739677,3.4453929901123046,0.48169946670532227,0.01753905713558197,71658
4260,139591680,0.7384281644091596,3.4505199432373046,0.4766268253326416,0.017283351719379426,71650
4270,139919360,0.7371760044287066,3.479013442993164,0.4857512950897217,0.017469745874404908,71629
4280,140247040,0.7359220895382207,3.4975257873535157,0.4852006435394287,0.017615628242492676,71638
4290,140574720,0.7346664314940586,3.4573135375976562,0.4817051410675049,0.017517732083797456,71642
4300,140902400,0.7334090420689195,3.4689712524414062,0.4890130519866943,0.017607559263706208,71635
4310,141230080,0.7321499330517367,3.4891448974609376,0.47762370109558105,0.017495383322238923,71647
4320,141557760,0.7308891162475648,3.395960235595703,0.48057861328125,0.017410081624984742,71655
4330,141885440,0.7296266034774711,3.432835006713867,0.4799746036529541,0.01754166781902313,71660
4340,142213120,0.7283624065784229,3.4830707550048827,0.48894472122192384,0.017674633860588075,71628
4350,142540800,0.7270965374031781,3.4594066619873045,0.48995518684387207,0.017635732889175415,71610
4360,142868480,0.7258290078201731,3.4802322387695312,0.47895150184631347,0.017561528086662292,71633
4370,143196160,0.7245598297134122,3.4428951263427736,0.4705829620361328,0.01759152263402939,71618
4380,143523840,0.7232890149823548,3.4166328430175783,0.48744759559631345,0.01770559549331665,71658
4390,143851520,0.7220165755418062,3.5100780487060548,0.4975594520568848,0.01759304404258728,71638
4400,144179200,0.7207425233218033,3.46368522644043,0.49312515258789064,0.017581240832805635,71625
4410,144506880,0.7194668702675051,3.44244499206543,0.48320708274841306,0.017858977615833282,71602
4420,144834560,0.7181896283390784,3.454936218261719,0.4895280361175537,0.017497502267360687,71671
4430,145162240,0.7169108095115878,3.501169967651367,0.484160041809082,0.017655134201049805,71686
4440,145489920,0.7156304257748818,3.5282188415527345,0.4857637405395508,0.017570272088050842,71644
4450,145817600,0.7143484891334817,3.451194000244141,0.4900818824768066,0.017539024353027344,71685
4460,146145280,0.7130650116064676,3.4664894104003907,0.4846670150756836,0.01751507669687271,71668
4470,146472960,0.7117800052273675,3.4400882720947266,0.47939577102661135,0.017673835158348083,71668
4480,146800640,0.7104934820440424,3.4641441345214843,0.478794002532959,0.01755451112985611,71684
4490,147128320,0.7092054541185756,3.402766799926758,0.4841552734375,0.017918190360069274,71694
4500,147456000,0.7079159335271571,3.444387435913086,0.4848135471343994,0.017764011025428773,71689
4510,147783680,0.706624932359973,3.4241683959960936,0.48905062675476074,0.0177524134516716,71686
4520,148111360,0.7053324627210901,3.4451316833496093,0.4962594509124756,0.017898233234882356,71634
4530,148439040,0.7040385367283435,3.4694488525390623,0.48447933197021487,0.017704507708549498,71665
4540,148766720,0.7027431665132223,3.4567790985107423,0.48476409912109375,0.01773505061864853,71738
4550,149094400,0.7014463642207569,3.4844337463378907,0.4943779468536377,0.01753278523683548,71706
4560,149422080,0.7001481420094037,3.4857532501220705,0.48435149192810056,0.017752282321453094,71684
4570,149749760,0.6988485120509323,3.4147754669189454,0.4769880294799805,0.017582617700099945,71710
4580,150077440,0.6975474865303111,3.398783874511719,0.488005256652832,0.017983342707157134,71689
4590,150405120,0.6962450776455922,3.4329463958740236,0.4869356632232666,0.017861780524253846,71678
4600,150732800,0.6949412976077985,3.4359474182128906,0.4821807861328125,0.017747245728969574,71622
4610,151060480,0.6936361586408081,3.432900238037109,0.4891775608062744,0.01774236708879471,71688
4620,151388160,0.69232967298124,3.4591629028320314,0.49783172607421877,0.017847664654254913,71678
4630,151715840,0.6910218528783397,3.436411666870117,0.48602871894836425,0.017759765684604644,71671
4640,152043520,0.6897127105938634,3.4223609924316407,0.48335018157958987,0.017838335037231444,71604
4650,152371200,0.6884022584019649,3.445588302612305,0.4875755786895752,0.01775394529104233,71622
4660,152698880,0.6870905085890778,3.4860713958740233,0.4872161388397217,0.01796659529209137,71626
4670,153026560,0.6857774734538034,3.3963138580322267,0.4869997501373291,0.018023893237113953,71633
4680,153354240,0.6844631653067923,3.4859573364257814,0.5018469810485839,0.017688420414924622,71651
4690,153681920,0.6831475964706318,3.4206268310546877,0.4935905933380127,0.017985229194164277,71668
4700,154009600,0.6818307792797282,3.437398147583008,0.4936529159545898,0.01764557361602783,71623
4710,154337280,0.6805127260801929,3.451365661621094,0.4885586738586426,0.01787557452917099,71651
4720,154664960,0.6791934492297244,3.3947071075439452,0.47948331832885743,0.01787552684545517,71678
4730,154992640,0.6778729610974953,3.430367660522461,0.4894287586212158,0.017744748294353484,71622
4740,155320320,0.6765512740640338,3.446603012084961,0.4861918449401855,0.017900092899799346,71667
4750,155648000,0.6752284005211093,3.412738037109375,0.504304027557373,0.01825442761182785,71637
4760,155975680,0.673904352871615,3.4067787170410155,0.4873828887939453,0.01782785952091217,71628
4770,156303360,0.672579143529453,3.459120178222656,0.48900461196899414,0.01768430769443512,71660
4780,156631040,0.6712527849194161,3.4715553283691407,0.4885721683502197,0.017796587944030762,71647
4790,156958720,0.6699252894770732,3.421981430053711,0.4790624141693115,0.01795937716960907,71663
4800,157286400,0.6685966696486513,3.3960498809814452,0.477310848236084,0.017916300892829896,71634
4810,157614080,0.6672669378909196,3.4331382751464843,0.48192653656005857,0.01796969324350357,71649
4820,157941760,0.6659361066710721,3.4507179260253906,0.48648672103881835,0.01790007799863815,71704
4830,158269440,0.6646041884666117,3.394454574584961,0.49447059631347656,0.018036413192749023,71757
4840,158597120,0.6632711957652315,3.3728565216064452,0.4833705425262451,0.01816248446702957,71704
4850,158924800,0.6619371410647003,3.479396438598633,0.4947976589202881,0.017984293401241302,71714
4860,159252480,0.6606020368727422,3.4240161895751955,0.4924659729003906,0.017962953448295592,71680
4870,159580160,0.6592658957069224,3.485821533203125,0.5003511428833007,0.01809478998184204,71707
4880,159907840,0.6579287300945278,3.4717681884765623,0.5004603385925293,0.018001440167427062,71639
4890,160235520,0.6565905525724504,3.397106170654297,0.4846773624420166,0.018008106946945192,71669
4900,160563200,0.6552513756870694,3.454616165161133,0.4934688568115234,0.01782592236995697,71611
4910,160890880,0.6539112119941342,3.413553237915039,0.4833227634429932,0.018138301372528077,71607
4920,161218560,0.6525700740586455,3.4082878112792967,0.4913005352020264,0.018113479018211365,71652
4930,161546240,0.6512279744547392,3.4144672393798827,0.4901858329772949,0.018002305924892426,71589
4940,161873920,0.6498849257655668,3.409079360961914,0.48845534324645995,0.01806122958660126,71637
4950,162201600,0.6485409405831785,3.4443565368652345,0.4960970401763916,0.01802484691143036,71652
4960,162529280,0.647196031508404,3.3824203491210936,0.4890121936798096,0.018315301835536958,71616
4970,162856960,0.6458502111507368,3.4087047576904297,0.48481459617614747,0.018232057988643646,71631
4980,163184640,0.6445034921282127,3.411427688598633,0.4834621429443359,0.0179384708404541,71611
4990,163512320,0.6431558870672941,3.3919872283935546,0.49716477394104003,0.018454356491565703,71616
5000,163840000,0.6418074086027501,3.413650131225586,0.4862253665924072,0.017749087512493135,71614
5010,164167680,0.6404580693775391,3.422999954223633,0.4813543796539307,0.01824965626001358,71620
5020,164495360,0.6391078820426891,3.4194225311279296,0.4857506275177002,0.0181011363863945,71612
5030,164823040,0.6377568592571806,3.3953697204589846,0.4905075550079346,0.01840216517448425,71628
5040,165150720,0.6364050136878261,3.4222537994384767,0.4921440601348877,0.01823214292526245,71619
5050,165478400,0.6350523580091532,3.37205810546875,0.4842557430267334,0.018219365179538725,71628
5060,165806080,0.633698904903284,3.456870269775391,0.4845177173614502,0.018069444596767424,71643
5070,166133760,0.6323446670598178,3.3882190704345705,0.48714141845703124,0.018105584383010864,71635
5080,166461440,0.6309896571757111,3.428232192993164,0.49457406997680664,0.01819038689136505,71609
5090,166789120,0.6296338879551584,3.4083595275878906,0.498288631439209,0.018250074982643128,71628
5100,167116800,0.6282773721094742,3.4111427307128905,0.49889588356018066,0.018062426149845122,71646
5110,167444480,0.6269201223569729,3.4014137268066404,0.4899740219116211,0.018076279759407045,71623
5120,167772160,0.6255621514228498,3.418743896484375,0.48719172477722167,0.018176621198654173,71582
5130,168099840,0.6242034720390616,3.3972896575927733,0.5017945766448975,0.01848578453063965,71585
5140,168427520,0.6228440969442075,3.414450836181641,0.4985204696655273,0.01827555149793625,71626
5150,168755200,0.6214840388834093,3.38714485168457,0.49143075942993164,0.018068878352642058,71610
5160,169082880,0.6201233106081924,3.3745342254638673,0.4920452117919922,0.018259602785110473,71613
5170,169410560,0.6187619248763655,3.3852207183837892,0.4835136890411377,0.018225358426570894,71627
5180,169738240,0.6173998944519019,3.3861465454101562,0.49166173934936525,0.018302229046821595,71581
5190,170065920,0.616037232104819,3.425764465332031,0.487345552444458,0.018028759956359865,71706
5200,170393600,0.6146739506110591,3.4250106811523438,0.48795080184936523,0.01829652339220047,71679
5210,170721280,0.6133100627523693,3.3957767486572266,0.4840214729309082,0.018171484768390655,71710
5220,171048960,0.611945581316182,3.4094314575195312,0.49642019271850585,0.018221043050289154,71670
5230,171376640,0.6105805190954947,3.397146224975586,0.4955010414123535,0.018262726068496705,71681
5240,171704320,0.6092148888887502,3.401327133178711,0.48461275100708007,0.018323901295661926,71666
5250,172032000,0.6078487034997166,3.3946712493896483,0.4825909614562988,0.018117712438106538,71655
5260,172359680,0.6064819757373673,3.3889144897460937,0.5014830112457276,0.018692924082279204,71705
5270,172687360,0.6051147184157606,3.429207611083984,0.49195270538330077,0.017994257807731628,71688
5280,173015040,0.6037469443539201,3.39917106628418,0.4901424884796143,0.018149217963218688,71667
5290,173342720,0.6023786663757138,3.4388484954833984,0.49260387420654295,0.01833668500185013,71705
5300,173670400,0.6010098973097349,3.409654235839844,0.49776997566223147,0.018177975714206696,71675
5310,173998080,0.5996406499891803,3.4064186096191404,0.5069699764251709,0.018442273139953613,71696
5320,174325760,0.5982709372517313,3.4532093048095702,0.49242892265319826,0.018058827519416808,71654
5330,174653440,0.5969007719394325,3.4153942108154296,0.48938965797424316,0.01830791085958481,71657
5340,174981120,0.595530166898572,3.3993560791015627,0.49843626022338866,0.01845523566007614,71704
5350,175308800,0.5941591349795604,3.4486793518066405,0.5059037685394288,0.01834387183189392,71656
5360,175636480,0.5927876890368109,3.4182037353515624,0.5046824455261231,0.018143472075462342,71676
5370,175964160,0.5914158419286181,3.4129055023193358,0.5076722145080567,0.018338939547538756,71575
5380,176291840,0.5900436065170381,3.385548782348633,0.49739794731140136,0.018590719997882844,71621
5390,176619520,0.5886709956677676,3.3655757904052734,0.48303818702697754,0.018348093330860137,71608
5400,176947200,0.5872980222500231,3.3768638610839843,0.4916640281677246,0.01824442148208618,71730
5410,177274880,0.5859246991364209,3.4300048828125,0.4971319198608398,0.01846857964992523,71717
5420,177602560,0.5845510392028553,3.377758026123047,0.49110636711120603,0.018337731063365937,71724
5430,177930240,0.5831770553283789,3.3661640167236326,0.49945697784423826,0.01841607242822647,71702
5440,178257920,0.5818027603950815,3.3656696319580077,0.498198938369751,0.018677684664726257,71710
5450,178585600,0.5804281672879694,3.360146713256836,0.49903302192687987,0.018769049644470216,71652
5460,178913280,0.5790532888948441,3.4258678436279295,0.5000820636749268,0.01822690963745117,71666
5470,179240960,0.5776781381061821,3.362049865722656,0.4888448715209961,0.018531589210033415,71637
5480,179568640,0.5763027278150139,3.4107006072998045,0.5018016338348389,0.018407568335533142,71700
5490,179896320,0.574927070916803,3.385048675537109,0.49783935546875,0.018365560472011565,71724
5500,180224000,0.5735511803093248,3.380499267578125,0.5054054260253906,0.01846427619457245,71653
5510,180551680,0.5721750688925461,3.3276836395263674,0.5016170501708984,0.018449075520038605,71662
5520,180879360,0.5707987495685038,3.35750732421875,0.5036869525909424,0.01872689574956894,71705
5530,181207040,0.5694222352411844,3.352494812011719,0.4983646392822266,0.018657049536705016,71613
5540,181534720,0.5680455388164022,3.3795486450195313,0.49195113182067873,0.018477164208889008,71679
5550,181862400,0.5666686732016791,3.378396987915039,0.49104132652282717,0.018728041648864747,71678
5560,182190080,0.5652916513061234,3.4151485443115233,0.4907073497772217,0.018570321798324584,71674
5570,182517760,0.5639144860403084,3.291033935546875,0.4861760139465332,0.018790830671787263,71672
5580,182845440,0.5625371903161515,3.4005882263183596,0.4948413848876953,0.018466538190841673,71680
5590,183173120,0.5611597770467935,3.3825519561767576,0.5040103435516358,0.018792343139648438,71682
5600,183500800,0.5597822591464775,3.3540855407714845,0.4931626319885254,0.018539369106292725,71663
5610,183828480,0.558404649530427,3.373737335205078,0.491622257232666,0.01875028759241104,71638
5620,184156160,0.5570269611147256,3.382740783691406,0.49280605316162107,0.018500401079654692,71588
5630,184483840,0.5556492068161959,3.3421417236328126,0.4950577735900879,0.018704013526439668,71593
5640,184811520,0.5542713995522782,3.429827880859375,0.49798097610473635,0.018677569925785065,71620
5650,185139200,0.5528935522409091,3.3592945098876954,0.4979852676391602,0.018648381531238555,71632
5660,185466880,0.5515156778004009,3.3610076904296875,0.4976344108581543,0.018744516372680663,71644
5670,185794560,0.5501377891493202,3.360432434082031,0.5032838821411133,0.018767882883548737,71622
5680,186122240,0.5487598992063668,3.3506412506103516,0.5016488075256348,0.018732555210590363,71636
5690,186449920,0.5473820208902527,3.364849853515625,0.5021909713745117,0.0187858983874321,71633
5700,186777600,0.5460041671195811,3.384464645385742,0.494447660446167,0.018670028448104857,71647
5710,187105280,0.5446263508127244,3.345480728149414,0.5030666351318359,0.0185098260641098,71618
5720,187432960,0.5432485848877042,3.3714466094970703,0.5102277278900147,0.01857682168483734,71626
5730,187760640,0.5418708822620698,3.319123077392578,0.500974464416504,0.01877754181623459,71631
5740,188088320,0.5404932558527771,3.39868049621582,0.5006918430328369,0.018559952080249787,71636
5750,188416000,0.5391157185760669,3.4080543518066406,0.4997130870819092,0.01879497915506363,71635
5760,188743680,0.5377382833473449,3.3553348541259767,0.5044159412384033,0.018941359221935274,71610
5770,189071360,0.5363609630810594,3.377332305908203,0.5134981155395508,0.018946628272533416,71650
5780,189399040,0.5349837706905818,3.418368911743164,0.5096794128417969,0.01879652738571167,71623
5790,189726720,0.5336067190880835,3.3614429473876952,0.499143123626709,0.018806298077106477,71613
5800,190054400,0.5322298211844166,3.3495098114013673,0.5006868839263916,0.018526197969913484,71610
5810,190382080,0.5308530898889919,3.3854957580566407,0.5065069198608398,0.018934522569179536,71620
5820,190709760,0.5294765381096584,3.3291244506835938,0.5106584072113037,0.018641668558120727,71621
5830,191037440,0.5281001787525816,3.4001609802246096,0.5017546653747559,0.018647514283657074,71597
5840,191365120,0.5267240247221232,3.361672210693359,0.5077736854553223,0.018725684285163878,71657
5850,191692800,0.5253480889207195,3.3584877014160157,0.4914530277252197,0.01878201514482498,71608
5860,192020480,0.5239723842487612,3.3775775909423826,0.5076877117156983,0.018745549023151398,71609
5870,192348160,0.5225969236044717,3.3549922943115233,0.5056910514831543,0.018924638628959656,71581
5880,192675840,0.5212217198837865,3.336922836303711,0.5068758010864258,0.01873551160097122,71605
5890,193003520,0.5198467859802323,3.375086212158203,0.5053158283233643,0.018991634249687195,71621
5900,193331200,0.5184721347848061,3.3369075775146486,0.5047163009643555,0.018746212124824524,71613
5910,193658880,0.517097779185854,3.349216842651367,0.5024683475494385,0.018862952291965485,71611
5920,193986560,0.5157237320689512,3.353989028930664,0.49702229499816897,0.018715301156044008,71653
5930,194314240,0.5143500063167802,3.3224090576171874,0.4979124069213867,0.018725910782814027,71646
5940,194641920,0.512976614809011,3.3198822021484373,0.5036966323852539,0.018878623843193054,71638
5950,194969600,0.511603570422179,3.335774230957031,0.5070030689239502,0.018866164982318877,71651
5960,195297280,0.5102308860295659,3.3419731140136717,0.4916085720062256,0.019173961877822877,71609
5970,195624960,0.5088585745010776,3.332798385620117,0.49454803466796876,0.01869530975818634,71626
5980,195952640,0.5074866487031249,3.3712696075439452,0.5020102024078369,0.018804803490638733,71624
5990,196280320,0.5061151214985009,3.3270751953125,0.4963711738586426,0.019057983160018922,71657
6000,196608000,0.5047440057462628,3.313600540161133,0.5135251045227051,0.018965281546115875,71640
6010,196935680,0.5033733143016093,3.4316600799560546,0.49829468727111814,0.018629583716392516,71647
6020,197263360,0.5020030600157616,3.3370330810546873,0.4982468128204346,0.019052064418792723,71625
6030,197591040,0.5006332557358414,3.3664817810058594,0.5046754360198975,0.018891675770282744,71635
6040,197918720,0.49926391430475203,3.3387866973876954,0.5029991149902344,0.018794941902160644,71622
6050,198246400,0.49789504856105693,3.3399211883544924,0.5168306827545166,0.019273893535137178,71624
6060,198574080,0.49652667133885986,3.3819034576416014,0.5133020877838135,0.019155244529247283,71627
6070,198901760,0.4951587954676837,3.330290603637695,0.5077183723449707,0.019100646674633025,71586
6080,199229440,0.4937914337723516,3.3597782135009764,0.500174617767334,0.019029262661933898,71602
6090,199557120,0.4924245990728654,3.3160846710205076,0.5005726337432861,0.018922241032123567,71590
6100,199884800,0.49105830418428653,3.3749225616455076,0.5089549064636231,0.018689817190170287,71607
6110,200212480,0.48969256191661437,3.356744384765625,0.5053462505340576,0.019031274318695068,71584
6120,200540160,0.4883273850746681,3.335028076171875,0.49754700660705564,0.01899395287036896,71586
6130,200867840,0.486962786457965,3.353959655761719,0.5025386810302734,0.01911018192768097,71575
6140,201195520,0.48559877886060143,3.3188655853271483,0.5050507545471191,0.019000303745269776,71589
6150,201523200,0.484235375071132,3.3614105224609374,0.5032429695129395,0.019052796065807343,71576
6160,201850880,0.4828725878724508,3.3421058654785156,0.5068399429321289,0.018984986841678618,71584
6170,202178560,0.4815104300416705,3.3478935241699217,0.5007886409759521,0.01906832754611969,71625
6180,202506240,0.4801489143500035,3.3665531158447264,0.5006189346313477,0.018838721513748168,71618
6190,202833920,0.47878805356264087,3.313036346435547,0.5025732517242432,0.018931740522384645,71631
6200,203161600,0.47742786043863417,3.350697326660156,0.498656702041626,0.01907617300748825,71600
6210,203489280,0.4760683477307748,3.333016204833984,0.5117212772369385,0.01931598484516144,71570
6220,203816960,0.47470952818547496,3.2807666778564455,0.4993466854095459,0.01902206689119339,71582
6230,204144640,0.47335141454264806,3.339068603515625,0.5009271621704101,0.018800190091133116,71588
6240,204472320,0.4719940195355886,3.353664016723633,0.5061445713043213,0.019209976494312286,71590
6250,204800000,0.47063735589085387,3.3248367309570312,0.5023094177246094,0.01904570162296295,71602
6260,205127680,0.4692814363281441,3.3554420471191406,0.5046275615692138,0.01881905198097229,71607
6270,205455360,0.4679262735601831,3.3271015167236326,0.49862217903137207,0.019177949428558348,71614
6280,205783040,0.4665718802925989,3.322916030883789,0.5042974948883057,0.019223608076572418,71615
6290,206110720,0.46521826922380516,3.31445426940918,0.5015745639801026,0.018932463228702547,71612
6300,206438400,0.46386545304488225,3.280078887939453,0.4995719909667969,0.019005946815013885,71616
6310,206766080,0.4625134444394573,3.356791305541992,0.5102994441986084,0.019072633981704713,71634
6320,207093760,0.46116225608358596,3.3152606964111326,0.516869068145752,0.01898803412914276,71583
6330,207421440,0.4598119006456335,3.35711669921875,0.5148450851440429,0.01913503259420395,71604
6340,207749120,0.45846239078615614,3.3332965850830076,0.5140334606170655,0.018953311443328857,71591
6350,208076800,0.4571137391577823,3.3302818298339845,0.5178111553192138,0.019204260408878328,71583
6360,208404480,0.45576595840509326,3.318973159790039,0.5062031745910645,0.019342543184757234,71565
6370,208732160,0.4544190611645057,3.291640853881836,0.5040634155273438,0.019047220051288605,71609
6380,209059840,0.4530730600641528,3.4058467864990236,0.5138455867767334,0.01885828673839569,71585
6390,209387520,0.45172796772376556,3.312723922729492,0.4997372627258301,0.01902492195367813,71618
6400,209715200,0.45038379675455453,3.288079833984375,0.5133296966552734,0.01901613473892212,71614
6410,210042880,0.4490405597590922,3.3456897735595703,0.5174481391906738,0.019094230234622957,71615
6420,210370560,0.44769826933119405,3.269586944580078,0.5039009571075439,0.019296592473983763,71621
6430,210698240,0.446356938055801,3.356571578979492,0.5124621391296387,0.019209462404251098,71613
6440,211025920,0.445016578508861,3.303987503051758,0.5178871631622315,0.01929975003004074,71657
6450,211353600,0.4436772032572114,3.3526397705078126,0.5098027229309082,0.019033685326576233,71642
6460,211681280,0.4423388248584613,3.3448352813720703,0.510814094543457,0.019094395637512206,71611
6470,212008960,0.4410014558608736,3.3813934326171875,0.5158826828002929,0.019012889266014098,71617
6480,212336640,0.4396651088032467,3.331741714477539,0.5130928516387939,0.019098706543445587,71613
6490,212664320,0.4383297962147984,3.3601654052734373,0.5170554637908935,0.019087912142276765,71627
6500,212992000,0.43699553061504703,3.2870563507080077,0.5075992584228516,0.01931574195623398,71640
6510,213319680,0.43566232451369513,3.3477313995361326,0.5086718082427979,0.019239912927150726,71630
6520,213647360,0.43433019041051124,3.3700672149658204,0.5092423439025879,0.01913774311542511,71610
6530,213975040,0.4329991407952132,3.353799057006836,0.510585880279541,0.019226835668087007,71604
6540,214302720,0.4316691881473511,3.3165069580078126,0.508957052230835,0.01918772906064987,71626
6550,214630400,0.43034034493619044,3.3081546783447267,0.5107212066650391,0.019228973984718324,71647
6560,214958080,0.42901262362059467,3.3271671295166017,0.5210984230041504,0.019075489044189452,71652
6570,215285760,0.42768603664890836,3.317914581298828,0.5138019561767578,0.019313664734363557,71648
6580,215613440,0.42636059645884117,3.311355972290039,0.5136891841888428,0.019306793808937073,71686
6590,215941120,0.4250363154773512,3.3640140533447265,0.5131149768829346,0.019123974442481994,71629
6600,216268800,0.4237132061205273,3.321180725097656,0.511103630065918,0.0191953107714653,71620
6610,216596480,0.422391280793474,3.3187007904052734,0.512047290802002,0.019234547019004823,71622
6620,216924160,0.4210705518901946,3.3041053771972657,0.510540771484375,0.019285795092582703,71644
6630,217251840,0.4197510317934754,3.3104412078857424,0.510435962677002,0.01934061646461487,71653
6640,217579520,0.41843273287476856,3.325046157836914,0.5121181011199951,0.01919967383146286,71660
6650,217907200,0.41711566749407725,3.3485076904296873,0.51640305519104,0.01940675675868988,71644
6660,218234880,0.41579984799983927,3.3030818939208983,0.5026113510131835,0.019311289489269256,71626
6670,218562560,0.4144852867288117,3.264609146118164,0.5027722835540771,0.019402004778385162,71691
6680,218890240,0.4131719960059541,3.312420654296875,0.5045333862304687,0.019397819042205812,71651
6690,219217920,0.41185998814431435,3.3257022857666017,0.5038687705993652,0.0192826047539711,71591
6700,219545600,0.41054927544491215,3.3317779541015624,0.5082389354705811,0.01934026777744293,71628
6710,219873280,0.4092398701966248,3.308713912963867,0.521060562133789,0.019132158160209654,71647
6720,220200960,0.4079317846760703,3.3121143341064454,0.525913667678833,0.01935407966375351,71660
6730,220528640,0.40662503114749415,3.2744617462158203,0.5130965709686279,0.019502392411231993,71639
6740,220856320,0.4053196218626529,3.300923156738281,0.5058730125427247,0.01944752186536789,71687
6750,221184000,0.40401556906070035,3.257925033569336,0.5070061683654785,0.0191741481423378,71675
6760,221511680,0.40271288496807167,3.3000743865966795,0.5130728721618653,0.019370836019515992,71628
6770,221839360,0.40141158179837,3.313048553466797,0.5105167865753174,0.019262991845607758,71624
6780,222167040,0.4001116717522507,3.2972732543945313,0.5100061893463135,0.01946752071380615,71615
6790,222494720,0.3988131670173084,3.3393699645996096,0.5117376804351806,0.019411070644855498,71680
6800,222822400,0.3975160797679612,3.3106758117675783,0.5051274299621582,0.01912505328655243,71683
6810,223150080,0.3962204221653376,3.273154449462891,0.5056486606597901,0.019333869218826294,71654
6820,223477760,0.3949262063571618,3.3077617645263673,0.5067439556121827,0.019287177920341493,71705
6830,223805440,0.3936334444776409,3.291086959838867,0.5151812553405761,0.019398853182792664,71684
6840,224133120,0.3923421486473495,3.289418411254883,0.5110634803771973,0.019408081471920014,71591
6850,224460800,0.3910523309731173,3.2954505920410155,0.5058480262756347,0.01958387941122055,71643
6860,224788480,0.3897640035479152,3.296779251098633,0.519090223312378,0.019416552782058717,71666
6870,225116160,0.38847717845074214,3.2888465881347657,0.5158636569976807,0.01956527680158615,71648
6880,225443840,0.3871918677465114,3.3364009857177734,0.517094087600708,0.01936427652835846,71673
6890,225771520,0.38590808348593775,3.2852420806884766,0.5138399124145507,0.019432452321052552,71653
6900,226099200,0.38462583770542424,3.2792896270751952,0.5133799076080322,0.019472840428352355,71618
6910,226426880,0.3833451424269504,3.2950061798095702,0.5231673717498779,0.01961304396390915,71647
6920,226754560,0.3820660096579577,3.3333972930908202,0.5170922756195069,0.019399470090866087,71643
6930,227082240,0.3807884513912384,3.296718978881836,0.517744493484497,0.019441337883472444,71666
6940,227409920,0.3795124796048225,3.3066497802734376,0.5332497119903564,0.019405637681484223,71679
6950,227737600,0.37823810626186616,3.315367889404297,0.5205126762390136,0.019620199501514436,71668
6960,228065280,0.3769653433105382,3.3349857330322266,0.5125617980957031,0.019398626685142518,71643
6970,228392960,0.3756942026839093,3.2932952880859374,0.5074615001678466,0.01960262805223465,71631
6980,228720640,0.3744246962998393,3.2882102966308593,0.5166904926300049,0.019484680891036988,71619
6990,229048320,0.3731568360608668,3.269081878662109,0.5062251567840577,0.019662804901599884,71642
7000,229376000,0.37189063385409526,3.280514144897461,0.5130016803741455,0.01950478255748749,71613
7010,229703680,0.3706261015510839,3.279910659790039,0.5149131774902344,0.019705644249916075,71655
7020,230031360,0.3693632510077348,3.2879642486572265,0.519372034072876,0.01964603364467621,71620
7030,230359040,0.3681020940641829,3.3134010314941404,0.519471549987793,0.019284023344516753,71665
7040,230686720,0.3668426425446838,3.3242259979248048,0.5157942771911621,0.01947038769721985,71609
7050,231014400,0.365584908257504,3.3001171112060548,0.5125106811523438,0.019669154286384584,71635
7060,231342080,0.36432890299480925,3.3051239013671876,0.5183286666870117,0.019463826715946198,71651
7070,231669760,0.36307463853255517,3.25494384765625,0.5125530242919922,0.019612282514572144,71652
7080,231997440,0.3618221266303753,3.3114356994628906,0.5185135841369629,0.019420558214187623,71570
7090,232325120,0.3605713790314721,3.293131637573242,0.519702959060669,0.01969139575958252,71645
7100,232652800,0.3593224074625063,3.276671600341797,0.5123426437377929,0.01956998258829117,71631
7110,232980480,0.3580752236334874,3.2583244323730467,0.5206335067749024,0.019777920842170716,71613
7120,233308160,0.3568298392376631,3.305436706542969,0.5177362442016602,0.019616441428661348,71603
7130,233635840,0.3555862659514101,3.280727767944336,0.5216128349304199,0.0196765199303627,71650
7140,233963520,0.35434451543412493,3.2822490692138673,0.5235385894775391,0.019832360744476318,71589
7150,234291200,0.35310459932811444,3.2385940551757812,0.5128374576568604,0.019732144474983216,71642
7160,234618880,0.35186652925848616,3.2462795257568358,0.5197314262390137,0.019911418855190276,71613
7170,234946560,0.3506303168330399,3.293507766723633,0.5175834178924561,0.019716285169124603,71601
7180,235274240,0.3493959736421586,3.2883392333984376,0.518578052520752,0.01956101804971695,71619
7190,235601920,0.3481635112587002,3.2266555786132813,0.5088596820831299,0.019635632634162903,71595
7200,235929600,0.3469329412378882,3.3008533477783204,0.5200322151184082,0.019805528223514557,71631
7210,236257280,0.345704275117204,3.1959386825561524,0.5146800994873046,0.02008984684944153,71612
7220,236584960,0.34447752441627855,3.1769304275512695,0.5106318950653076,0.020732703804969787,71620
7230,236912640,0.3432527006367847,3.150192070007324,0.5139996528625488,0.020823779702186584,71636
7240,237240320,0.3420298152623285,3.1658199310302733,0.5130319595336914,0.02090671956539154,71601
7250,237568000,0.3408088797583421,3.153569793701172,0.5189292907714844,0.020926231145858766,71551
7260,237895680,0.33958990557197666,3.1954248428344725,0.514267873764038,0.021195267140865327,71587
7270,238223360,0.3383729041319943,3.2274261474609376,0.5172666072845459,0.021020936965942382,71574
7280,238551040,0.3371578868486612,3.2263916015625,0.5206760883331298,0.02125941514968872,71602
7290,238878720,0.3359448651136405,3.195892906188965,0.5239872932434082,0.02120711952447891,71609
7300,239206400,0.33473385029988584,3.169826889038086,0.5184586524963379,0.021059833467006683,71579
7310,239534080,0.33352485376153473,3.1166803359985353,0.5137773990631104,0.021558336913585663,71591
7320,239861760,0.3323178868338015,3.1688491821289064,0.5179260730743408,0.021380616724491118,71645
7330,240189440,0.33111296083287134,3.183256149291992,0.5230121612548828,0.02141113579273224,71562
7340,240517120,0.32991008705579467,3.2218704223632812,0.5246570587158204,0.021475015580654143,71582
7350,240844800,0.32870927678038087,3.153884696960449,0.5127682685852051,0.021324042975902558,71580
7360,241172480,0.3275105412650921,3.211307907104492,0.5151809692382813,0.021311166882514953,71578
7370,241500160,0.3263138917489382,3.190106010437012,0.5142449378967285,0.021503153443336486,71570
7380,241827840,0.3251193394513715,3.162847137451172,0.5207899570465088,0.021687185764312743,71580
7390,242155520,0.32392689557218163,3.1759437561035155,0.5257590770721435,0.021351230144500733,71573
7400,242483200,0.3227365712913896,3.1651124954223633,0.5255946636199951,0.021632792055606843,71574
7410,242810880,0.3215483777691439,3.15697021484375,0.5231011390686036,0.021561869978904726,71583
7420,243138560,0.320362326145616,3.1518476486206053,0.5266252040863038,0.021614405512809753,71578
7430,243466240,0.3191784275408953,3.194486618041992,0.5264001846313476,0.021680346131324767,71562
7440,243793920,0.3179966930548849,3.134051513671875,0.5201807975769043,0.02174505889415741,71570
7450,244121600,0.3168171337671977,3.144776725769043,0.5184357643127442,0.022018596529960632,71567
7460,244449280,0.3156397607370529,3.1650739669799806,0.5167082786560059,0.0216815784573555,71561
7470,244776960,0.314464585003172,3.200503921508789,0.5289305686950684,0.021840494871139527,71541
7480,245104640,0.31329161758367474,3.143826484680176,0.5255189418792725,0.02185516506433487,71531
7490,245432320,0.3121208694759766,3.1689731597900392,0.5171235084533692,0.021814894676208497,71565
7500,245760000,0.31095235165668544,3.1705705642700197,0.5194784164428711,0.02159263789653778,71543
7510,246087680,0.3097860750814989,3.180012321472168,0.5267146110534668,0.02187749892473221,71568
7520,246415360,0.30862205068510074,3.172689437866211,0.5290799140930176,0.02186078131198883,71557
7530,246743040,0.30746028938105896,3.169922637939453,0.5169878482818604,0.02184523344039917,71577
7540,247070720,0.3063008020617239,3.1499523162841796,0.5219947814941406,0.021908000111579895,71568
7550,247398400,0.30514359959812554,3.176966667175293,0.5224989891052246,0.02224048376083374,71574
7560,247726080,0.3039886928398713,3.1672550201416017,0.519266939163208,0.02186192274093628,71581
7570,248053760,0.30283609261504485,3.1344947814941406,0.5259341716766357,0.021971042454242706,71573
7580,248381440,0.30168580973010484,3.1663490295410157,0.5245362281799316,0.02207770347595215,71571
7590,248709120,0.3005378549697828,3.1698909759521485,0.5224032402038574,0.02212424427270889,71574
7600,249036800,0.29939223909698265,3.1395076751708983,0.5198200225830079,0.02201116383075714,71555
7610,249364480,0.29824897285267904,3.140583801269531,0.5159248828887939,0.021892809867858888,71608
7620,249692160,0.2971080669558177,3.1723731994628905,0.5208366394042969,0.022138035297393797,71554
7630,250019840,0.2959695321032145,3.1802722930908205,0.5244862556457519,0.02209915518760681,71568
7640,250347520,0.2948333789694547,3.187943458557129,0.5339049816131591,0.022129957377910615,71678
7650,250675200,0.2936996182067929,3.1437135696411134,0.5252996921539307,0.021987371146678925,71606
7660,251002880,0.2925682604450543,3.160675621032715,0.5217951774597168,0.02222311794757843,71583
7670,251330560,0.29143931629153397,3.1153377532958983,0.5168371200561523,0.02212095111608505,71574
7680,251658240,0.2903127963308973,3.1601396560668946,0.5242194175720215,0.021852757036685943,71572
7690,251985920,0.28918871112508127,3.2091514587402346,0.5258930683135986,0.02191101312637329,71572
7700,252313600,0.2880670712131955,3.18542594909668,0.5349681854248047,0.022269853949546815,71542
7710,252641280,0.2869478871114233,3.1829452514648438,0.528834867477417,0.02193024456501007,71588
7720,252968960,0.28583116931292263,3.170783805847168,0.5272660732269288,0.02226119637489319,71580
7730,253296640,0.284716928287728,3.1816946029663087,0.5307159900665284,0.022300828993320466,71553
7740,253624320,0.2836051744826528,3.183852958679199,0.5290616512298584,0.022134050726890564,71569
7750,253952000,0.282495918321191,3.1284130096435545,0.5265847682952881,0.02214581221342087,71540
7760,254279680,0.2813891702034188,3.2109432220458984,0.526980209350586,0.022011980414390564,71568
7770,254607360,0.2802849405058979,3.1547725677490233,0.5350146293640137,0.022143636643886567,71548
7780,254935040,0.2791832395815782,3.1666896820068358,0.525235366821289,0.022455543279647827,71540
7790,255262720,0.2780840777597007,3.1805320739746095,0.5306904792785645,0.02237100601196289,71603
7800,255590400,0.2769874653456999,3.155417060852051,0.5295744419097901,0.02228168845176697,71604
7810,255918080,0.2758934126211079,3.1845712661743164,0.530704116821289,0.022261297702789305,71526
7820,256245760,0.2748019298434583,3.180174446105957,0.5312084197998047,0.022327792644500733,71568
7830,256573440,0.2737130272461894,3.148276138305664,0.5285037994384766,0.022254166007041932,71568
7840,256901120,0.2726267150385482,3.181995391845703,0.5339288711547852,0.022403328120708464,71565
7850,257228800,0.271543003405495,3.155686950683594,0.5377994537353515,0.02246946394443512,71566
7860,257556480,0.27046190250760793,3.1561820983886717,0.5225089073181153,0.022440917789936066,71584
7870,257884160,0.26938342248098796,3.188217353820801,0.52976975440979,0.022223073244094848,71589
7880,258211840,0.2683075734371628,3.1649030685424804,0.5328427791595459,0.022487013041973113,71548
7890,258539520,0.2672343654629932,3.186245155334473,0.5282283782958984,0.022236773371696474,71599
7900,258867200,0.26616380862057787,3.1385215759277343,0.5307370662689209,0.02267283946275711,71551
7910,259194880,0.2650959129471595,3.158488464355469,0.5382657051086426,0.02261071652173996,71579
7920,259522560,0.2640306884550301,3.1488962173461914,0.5276980876922608,0.022439253330230714,71580
7930,259850240,0.2629681451314373,3.1515926361083983,0.5337521076202393,0.022459086775779725,71583
7940,260177920,0.26190829293849127,3.1133068084716795,0.5355179786682129,0.022691331803798676,71584
7950,260505600,0.2608511418130708,3.2063552856445314,0.5330501556396484,0.02228516936302185,71563
7960,260833280,0.25979670166672997,3.1669946670532227,0.5321680545806885,0.022543147206306458,71600
7970,261160960,0.2587449823856055,3.147757339477539,0.5253323554992676,0.022399549186229707,71576
7980,261488640,0.25769599383032415,3.1464420318603517,0.5324145793914795,0.022800521552562715,71532
7990,261816320,0.25664974583591055,3.1892826080322267,0.537612009048462,0.022484171390533447,71575
8000,262144000,0.25560624821169387,3.1630653381347655,0.5280323982238769,0.022546558082103728,71556
8010,262471680,0.2545655107412168,3.1548011779785154,0.5267053604125976,0.022738993167877197,71551
8020,262799360,0.2535275431821439,3.156157684326172,0.5245708465576172,0.022491082549095154,71548
8030,263127040,0.2524923552661697,3.1662702560424805,0.531061840057373,0.022584524750709534,71568
8040,263454720,0.2514599566989274,3.1827104568481444,0.5369847297668457,0.022470249235630034,71567
8050,263782400,0.2504303571598979,3.189949607849121,0.5365536689758301,0.02233547866344452,71562
8060,264110080,0.24940356630231975,3.206765365600586,0.5303394317626953,0.022443944215774538,71551
8070,264437760,0.24837959375309773,3.1105451583862305,0.5281469821929932,0.02248769998550415,71585
8080,264765440,0.24735844911271287,3.1552915573120117,0.5264657974243164,0.022318331897258757,71530
8090,265093120,0.24634014195513254,3.1698013305664063,0.5292672157287598,0.02258903831243515,71556
8100,265420800,0.2453246818277208,3.151035118103027,0.5324685096740722,0.022631049156188965,71563
8110,265748480,0.24431207825114895,3.182831573486328,0.5337727069854736,0.02246459573507309,71594
8120,266076160,0.2433023407193056,3.1617555618286133,0.539491081237793,0.022514422237873078,71550
8130,266403840,0.24229547869920814,3.1899188995361327,0.5391767501831055,0.0226254865527153,71546
8140,266731520,0.2412915016309144,3.1941823959350586,0.528193473815918,0.022794590890407564,71523
8150,267059200,0.2402904189274335,3.1502826690673826,0.5249526023864746,0.022668306529521943,71562
8160,267386880,0.23929223997463778,3.1317873001098633,0.5314105033874512,0.02244831472635269,71542
8170,267714560,0.2382969741311745,3.1626142501831054,0.5230661392211914,0.02263169288635254,71539
8180,268042240,0.23730463072837896,3.1237974166870117,0.5251091003417969,0.02263253629207611,71495
8190,268369920,0.2363152190701864,3.1589563369750975,0.5326033592224121,0.022721807658672332,71539
8200,268697600,0.23532874843304447,3.1435869216918944,0.532421064376831,0.02249941974878311,71544
8210,269025280,0.23434522806582672,3.1527708053588865,0.5373023986816406,0.022990885376930236,71567
8220,269352960,0.23336466718974605,3.135044479370117,0.5343387126922607,0.022770458459854127,71541
8230,269680640,0.23238707499826805,3.119357109069824,0.5261183738708496,0.022755156457424163,71575
8240,270008320,0.23141246065702428,3.151309776306152,0.5238852500915527,0.02282928377389908,71502
8250,270336000,0.2304408333037271,3.1319414138793946,0.5276739120483398,0.02275520861148834,71487
8260,270663680,0.2294722020480837,3.1709943771362306,0.5370645999908448,0.022764098644256592,71481
8270,270991360,0.22850657597171087,3.1569141387939452,0.5355632305145264,0.022800397872924805,71496
8280,271319040,0.2275439641280494,3.1655941009521484,0.5323046684265137,0.022521437704563142,71536
8290,271646720,0.22658437554227928,3.175425338745117,0.5343693256378174,0.0227351114153862,71535
8300,271974400,0.2256278192112358,3.169693946838379,0.5338381290435791,0.02283954471349716,71516
8310,272302080,0.22467430410332462,3.1697067260742187,0.5400020599365234,0.02244899421930313,71553
8320,272629760,0.22372383915843724,3.1713401794433596,0.5390079021453857,0.02282918095588684,71547
8330,272957440,0.222776433287868,3.1515615463256834,0.5372107982635498,0.022655576467514038,71544
8340,273285120,0.22183209537423032,3.1678295135498047,0.5404483318328858,0.022888104617595672,71517
8350,273612800,0.2208908342713733,3.122041130065918,0.5286409854888916,0.0228631392121315,71516
8360,273940480,0.21995265880429848,3.1598976135253904,0.5280669689178467,0.0228166401386261,71523
8370,274268160,0.21901757776907743,3.145975685119629,0.5307028770446778,0.022772552073001863,71527
8380,274595840,0.2180855999327692,3.155086135864258,0.5313714504241943,0.023181496560573576,71512
8390,274923520,0.21715673403333846,3.165106201171875,0.5345387935638428,0.022931300103664398,71516
8400,275251200,0.21623098877957264,3.1180662155151366,0.5358422279357911,0.022774018347263336,71522
8410,275578880,0.21530837285100107,3.13431453704834,0.5288410663604737,0.02297986447811127,71537
8420,275906560,0.21438889489781365,3.1526371002197267,0.5274511814117432,0.023106901347637175,71525
8430,276234240,0.21347256354077931,3.0983707427978517,0.5312271118164062,0.022708216309547426,71533
8440,276561920,0.21255938737116542,3.1746273040771484,0.5337598323822021,0.02287888377904892,71525
8450,276889600,0.21164937495065694,3.130145454406738,0.5346550941467285,0.022862517833709718,71521
8460,277217280,0.21074253481127675,3.1322605133056642,0.5360072135925293,0.022854425013065338,71501
8470,277544960,0.20983887545530527,3.16485710144043,0.5349472999572754,0.022875021398067474,71548
8480,277872640,0.20893840535520056,3.1456655502319335,0.5283544540405274,0.022758135199546815,71517
8490,278200320,0.20804113295351917,3.1597667694091798,0.5427524089813233,0.0230311781167984,71565
8500,278528000,0.207147066662837,3.111431694030762,0.528681755065918,0.02293370068073273,71509
8510,278855680,0.20625621486567058,3.1437273025512695,0.5371490955352783,0.0229378342628479,71537
8520,279183360,0.20536858591439772,3.0763828277587892,0.5277780532836914,0.022957004606723785,71532
8530,279511040,0.20448418813117994,3.230979156494141,0.5368051528930664,0.0229417622089386,71501
8540,279838720,0.20360302980788442,3.1398508071899416,0.5413207054138184,0.023009775578975676,71538
8550,280166400,0.20272511920600608,3.1666717529296875,0.5441253185272217,0.023062992095947265,71532
8560,280494080,0.20185046455658984,3.155837821960449,0.5338584423065186,0.022959034144878387,71555
8570,280821760,0.20097907406015358,3.164024543762207,0.5360097408294677,0.02284860610961914,71588
8580,281149440,0.20011095588661193,3.1346115112304687,0.5320299625396728,0.022977769374847412,71589
8590,281477120,0.19924611817519894,3.1669092178344727,0.5342257022857666,0.022768737375736238,71558
8600,281804800,0.19838456903439172,3.188741111755371,0.5440149307250977,0.023119957745075227,71556
8610,282132480,0.19752631654183467,3.135172462463379,0.5343729496002197,0.022905319929122925,71587
8620,282460160,0.1966713687442641,3.1319177627563475,0.5331010341644287,0.023006781935691833,71545
8630,282787840,0.19581973365743224,3.0921276092529295,0.532586669921875,0.023031413555145264,71573
8640,283115520,0.19497141926603212,3.1507246017456056,0.5367054462432861,0.02303585708141327,71536
8650,283443200,0.19412643352362285,3.185015106201172,0.5399223327636719,0.02290317863225937,71610
8660,283770880,0.19328478435255528,3.195937156677246,0.5415269374847412,0.02287953346967697,71599
8670,284098560,0.19244647964389752,3.152383232116699,0.5424971580505371,0.023051127791404724,71578
8680,284426240,0.1916115272573607,3.132125663757324,0.5365417003631592,0.02292240262031555,71558
8690,284753920,0.1907799350212254,3.165335273742676,0.5381985664367676,0.02297634184360504,71621
8700,285081600,0.1899517107322688,3.1070377349853517,0.5305622100830079,0.02301899641752243,71618
8710,285409280,0.18912686215569105,3.1424074172973633,0.5384541988372803,0.02293645292520523,71592
8720,285736960,0.18830539702504223,3.134024429321289,0.5353344440460205,0.023097410798072815,71603
8730,286064640,0.1874873230421503,3.140411376953125,0.5330032348632813,0.022821855545043946,71613
8740,286392320,0.18667264787704896,3.1600530624389647,0.5407556533813477,0.023063574731349946,71595
8750,286720000,0.18586137916790563,3.121965026855469,0.5362217426300049,0.023326238989830016,71608
8760,287047680,0.18505352452094928,3.14670467376709,0.5350895881652832,0.02301752716302872,71568
8770,287375360,0.18424909151039984,3.1481983184814455,0.5360808849334717,0.02293306142091751,71597
8780,287703040,0.183448087678397,3.1731803894042967,0.5409613609313965,0.02330467402935028,71544
8790,288030720,0.18265052053492953,3.187678909301758,0.5430025100708008,0.023281225562095643,71548
8800,288358400,0.1818563975577644,3.1667003631591797,0.5453811168670655,0.023253163695335387,71586
8810,288686080,0.18106572619237724,3.168665885925293,0.5341793537139893,0.022960470616817476,71560
8820,289013760,0.18027851385188243,3.144478988647461,0.5323923110961915,0.022924330830574036,71565
8830,289341440,0.17949476791696342,3.141979217529297,0.5435305595397949,0.023145191371440887,71600
8840,289669120,0.1787144957358036,3.1721689224243166,0.5378585815429687,0.023130784928798675,71528
8850,289996800,0.1779377046240172,3.1332727432250977,0.5363054275512695,0.02321690022945404,71527
8860,290324480,0.17716440186458124,3.161822509765625,0.5363089084625244,0.023141714930534362,71536
8870,290652160,0.17639459470776697,3.1269338607788084,0.5394445419311523,0.023337718844413758,71548
8880,290979840,0.17562829037107144,3.155845832824707,0.5380498886108398,0.023405607044696807,71491
8890,291307520,0.17486549603915047,3.15478515625,0.5409029006958008,0.023262274265289307,71522
8900,291635200,0.1741062188637511,3.1209228515625,0.5399516105651856,0.02295306921005249,71523
8910,291962880,0.1733504659636446,3.132986640930176,0.539287805557251,0.02313982993364334,71536
8920,292290560,0.17259824442455923,3.1616424560546874,0.5385280609130859,0.0232672855257988,71526
8930,292618240,0.17184956129911447,3.10101432800293,0.5352464199066163,0.023076747357845307,71562
8940,292945920,0.17110442360675457,3.1588424682617187,0.5346852779388428,0.02327052056789398,71541
8950,293273600,0.1703628383336829,3.1138790130615233,0.5387103080749511,0.02309945970773697,71553
8960,293601280,0.16962481243279623,3.137501907348633,0.542273998260498,0.023317258059978484,71542
8970,293928960,0.16889035282361942,3.160515785217285,0.5404541969299317,0.023027694225311278,71562
8980,294256640,0.1681594663922411,3.1442020416259764,0.5332505226135253,0.02330174297094345,71547
8990,294584320,0.16743215999124889,3.148382377624512,0.5331953525543213,0.023425377905368805,71568
9000,294912000,0.1667084404396646,3.1372358322143556,0.5429627895355225,0.023237557709217073,71569
9010,295239680,0.16598831452288093,3.111069679260254,0.5301357746124268,0.023066680133342742,71560
9020,295567360,0.16527178899259787,3.128788375854492,0.5360147476196289,0.02313816547393799,71594
9030,295895040,0.16455887056675905,3.1386547088623047,0.5371541023254395,0.023438353836536408,71566
9040,296222720,0.16384956592948874,3.1175933837890626,0.5343149185180665,0.023312439024448395,71556
9050,296550400,0.1631438817310295,3.1596298217773438,0.5443575382232666,0.023314958810806273,71632
9060,296878080,0.16244182458767958,3.1335262298583983,0.5364100933074951,0.023243892192840575,71587
9070,297205760,0.16174340108173116,3.122684097290039,0.5417344570159912,0.0233594611287117,71629
9080,297533440,0.1610486177614083,3.1698272705078123,0.539176607131958,0.022949206829071044,71598
9090,297861120,0.16035748114080547,3.128672409057617,0.5389892578125,0.02331683039665222,71634
9100,298188800,0.15966999769982712,3.1203332901000977,0.5413553714752197,0.0232392817735672,71624
9110,298516480,0.15898617388412645,3.155110549926758,0.5396161556243897,0.0233823761343956,71591
9120,298844160,0.15830601610504474,3.1088512420654295,0.5342613697052002,0.023271679878234863,71580
9130,299171840,0.1576295307395516,3.1055133819580076,0.5336099147796631,0.02345961481332779,71586
9140,299499520,0.15695672413018535,3.125383758544922,0.5437633991241455,0.023282881081104278,71559
9150,299827200,0.15628760258499325,3.1164920806884764,0.5391495227813721,0.02324565052986145,71565
9160,300154880,0.15562217237747228,3.122039031982422,0.5359103202819824,0.023408691585063934,71535
9170,300482560,0.15496043974651047,3.1184011459350587,0.5353513717651367,0.023270441591739653,71595
9180,300810240,0.1543024108963285,3.0793567657470704,0.538364839553833,0.0232407808303833,71558
9190,301137920,0.15364809199642168,3.117924118041992,0.5367144584655762,0.02336726486682892,71575
9200,301465600,0.15299748918150113,3.1011871337890624,0.5384160041809082,0.023333798348903655,71540
9210,301793280,0.15235060855143773,3.1284080505371095,0.5375997066497803,0.023315608501434326,71574
9220,302120960,0.15170745617120385,3.1349414825439452,0.5430482864379883,0.023308975994586943,71533
9230,302448640,0.15106803807081715,3.1403072357177733,0.5421219825744629,0.023448100686073302,71548
9240,302776320,0.15043236024528298,3.1187005996704102,0.5418246269226075,0.023234155774116517,71531
9250,303104000,0.14980042865453974,3.1252235412597655,0.5358060836791992,0.023293668031692506,71505
9260,303431680,0.14917224922340172,3.1471662521362305,0.5377572059631348,0.023331369459629058,71541
9270,303759360,0.14854782784150436,3.090342330932617,0.5468351364135742,0.023535512387752533,71583
9280,304087040,0.1479271703632481,3.122276496887207,0.5372666358947754,0.023251187801361085,71543
9290,304414720,0.1473102826077446,3.125100517272949,0.5422359943389893,0.02338680773973465,71574
9300,304742400,0.14669717035876148,3.1802392959594727,0.5479811668395996,0.02323415279388428,71594
9310,305070080,0.14608783936466835,3.142647552490234,0.5451829910278321,0.023312751948833466,71585
9320,305397760,0.14548229533838242,3.1504051208496096,0.543642234802246,0.023384594917297365,71559
9330,305725440,0.14488054395731587,3.0903345108032227,0.5434544563293457,0.023474620282649995,71554
9340,306053120,0.14428259086332182,3.136412239074707,0.5391351222991944,0.023394274711608886,71575
9350,306380800,0.14368844166264194,3.1382753372192385,0.5420206546783447,0.0237581729888916,71575
9360,306708480,0.14309810192585323,3.1331502914428713,0.5369189739227295,0.023487761616706848,71618
9370,307036160,0.14251157718781657,3.1228561401367188,0.5373258590698242,0.023478545248508453,71588
9380,307363840,0.1419288729476244,3.1179439544677736,0.5431713581085205,0.023570460081100465,71549
9390,307691520,0.14134999466854933,3.158719062805176,0.5421393871307373,0.023495784401893614,71539
9400,308019200,0.1407749477779925,3.129522705078125,0.5468101024627685,0.023423857986927032,71515
9410,308346880,0.14020373766743333,3.1553091049194335,0.5403551578521728,0.023583683371543884,71522
9420,308674560,0.13963636969237853,3.1216445922851563,0.5379405498504639,0.023415648937225343,71538
9430,309002240,0.1390728491723123,3.1567174911499025,0.539830493927002,0.02354065477848053,71581
9440,309329920,0.13851318139064553,3.0994230270385743,0.5418138027191162,0.02364459037780762,71556
9450,309657600,0.13795737159466745,3.1503646850585936,0.5348565578460693,0.02355712652206421,71539
9460,309985280,0.13740542499549585,3.1602651596069338,0.542559814453125,0.023491080105304717,71575
9470,310312960,0.1368573467680282,3.1169137954711914,0.5393500804901123,0.023339128494262694,71540
9480,310640640,0.13631314205089295,3.1369722366333006,0.5539813995361328,0.023810823261737824,71562
9490,310968320,0.13577281594640184,3.103774070739746,0.5397076606750488,0.023437118530273436,71574
9500,311296000,0.1352363735205019,3.1145401000976562,0.5426102638244629,0.02358272224664688,71574
9510,311623680,0.1347038198027279,3.104867935180664,0.5400286674499511,0.023490607738494873,71537
9520,311951360,0.13417515978615457,3.1056068420410154,0.5374761104583741,0.023623085021972655,71543
9530,312279040,0.13365039842735119,3.08160457611084,0.5318521022796631,0.023450560867786407,71543
9540,312606720,0.1331295406463338,3.1593841552734374,0.5417465209960938,0.02361902892589569,71513
9550,312934400,0.13261259132651998,3.1113147735595703,0.5389255523681641,0.023465290665626526,71519
9560,313262080,0.1320995553146821,3.095855712890625,0.5347974300384521,0.023365016281604766,71537
9570,313589760,0.13159043742090293,3.1669519424438475,0.5451598644256592,0.02337720841169357,71533
9580,313917440,0.13108524241852987,3.1744693756103515,0.5479938507080078,0.02351529598236084,71510
9590,314245120,0.13058397504413055,3.105573272705078,0.5412095546722412,0.023571506142616272,71495
9600,314572800,0.1300866399974479,3.123992919921875,0.5392605781555175,0.023597021400928498,71514
9610,314900480,0.12959324194135674,3.129338836669922,0.5350183486938477,0.02338768243789673,71515
9620,315228160,0.1291037855018197,3.1169357299804688,0.5466423034667969,0.02380996346473694,71502
9630,315555840,0.12861827526784406,3.122490882873535,0.5433992385864258,0.023684366047382353,71522
9640,315883520,0.1281367157914381,3.1445842742919923,0.5438179969787598,0.023551513254642487,71549
9650,316211200,0.12765911158756937,3.1312923431396484,0.5458847045898437,0.023458506166934966,71515
9660,316538880,0.12718546713412177,3.18544864654541,0.5460738182067871,0.023361186683177947,71552
9670,316866560,0.12671578687185373,3.0931114196777343,0.5453989982604981,0.023548591136932372,71551
9680,317194240,0.12625007520435616,3.1426652908325194,0.551305103302002,0.023629814386367798,71517
9690,317521920,0.12578833649801194,3.1347803115844726,0.5435765743255615,0.0236750528216362,71583
9700,317849600,0.12533057508195453,3.133300018310547,0.5485939979553223,0.02351284772157669,71527
9710,318177280,0.12487679524802739,3.124470520019531,0.5387311458587647,0.023417969048023225,71542
9720,318504960,0.12442700125074346,3.100312614440918,0.5422819137573243,0.023475633561611177,71502
9730,318832640,0.12398119730724608,3.1062549591064452,0.5384236812591553,0.023502296209335326,71564
9740,319160320,0.12353938759726867,3.1251440048217773,0.5449751853942871,0.023558396100997924,71586
9750,319488000,0.12310157626309601,3.1250696182250977,0.5461291790008544,0.023768611252307892,71567
9760,319815680,0.1226677674095249,3.1252214431762697,0.5478545188903808,0.02376696914434433,71520
9770,320143360,0.12223796510382631,3.150304985046387,0.5472037315368652,0.023472292721271514,71518
9780,320471040,0.12181217337570681,3.1512022018432617,0.5463776111602783,0.023495808243751526,71500
9790,320798720,0.12139039621727105,3.1423553466796874,0.5412959575653076,0.023655736446380617,71544
9800,321126400,0.12097263758298386,3.134858322143555,0.5437214851379395,0.023745496571063996,71525
9810,321454080,0.12055890138963382,3.144156646728516,0.5444097995758057,0.02360197454690933,71527
9820,321781760,0.12014919151629623,3.1184551239013674,0.5536973476409912,0.023673824965953827,71506
9830,322109440,0.11974351180429654,3.161454963684082,0.5475235939025879,0.023925915360450745,71519
9840,322437120,0.11934186605717459,3.1340375900268556,0.5436201095581055,0.02330639511346817,71567
9850,322764800,0.11894425804064895,3.07700138092041,0.5444478034973145,0.023819130659103394,71542
9860,323092480,0.11855069148258163,3.0704832077026367,0.5412918090820312,0.02363851070404053,71557
9870,323420160,0.11816117007294291,3.1378875732421876,0.5510432720184326,0.023739801347255708,71568
9880,323747840,0.11777569746377678,3.120900535583496,0.5439604759216309,0.02371377944946289,71548
9890,324075520,0.11739427726916707,3.1370912551879884,0.5488007545471192,0.023299671709537506,71520
9900,324403200,0.11701691306520326,3.1434404373168947,0.5478575229644775,0.023580074310302734,71522
9910,324730880,0.11664360838994679,3.1315328598022463,0.5479052543640137,0.023629312217235566,71547
9920,325058560,0.11627436674339825,3.112405014038086,0.5518527507781983,0.023747418820858002,71526
9930,325386240,0.1159091915874644,3.118276023864746,0.5390831470489502,0.023757624626159667,71531
9940,325713920,0.11554808634592575,3.117068862915039,0.5453516960144043,0.023644134402275085,71555
9950,326041600,0.11519105440440423,3.1606979370117188,0.5509888172149658,0.023762163519859315,71495
9960,326369280,0.11483809911033188,3.1200931549072264,0.5529892444610596,0.023624420166015625,71508
9970,326696960,0.11448922377291905,3.0780624389648437,0.5413670539855957,0.023811253905296325,71523
9980,327024640,0.11414443166312378,3.1045791625976564,0.541815996170044,0.02364853173494339,71549
9990,327352320,0.11380372601362068,3.1320259094238283,0.5437710285186768,0.02360415309667587,71521
10000,327680000,0.11346711001877084,3.173275184631348,0.5550650119781494,0.02356078177690506,71539
10010,328007680,0.11313458683459209,3.1369602203369142,0.5469167709350586,0.023649391531944276,71521
10020,328335360,0.1128061595787291,3.078634262084961,0.5446972846984863,0.023772792518138887,71553
10030,328663040,0.11248183133042423,3.0790380477905273,0.5459509372711182,0.02382819652557373,71571
10040,328990720,0.1121616051304887,3.150603103637695,0.5450188159942627,0.02379581481218338,71550
10050,329318400,0.11184548398127407,3.1480817794799805,0.5425852298736572,0.02357960194349289,71541
10060,329646080,0.1115334708466442,3.146799087524414,0.5435688018798828,0.023521703481674195,71544
10070,329973760,0.11122556865194713,3.116945266723633,0.5442431449890137,0.02365480214357376,71523
10080,330301440,0.11092178028398803,3.1482234954833985,0.5454817295074463,0.023607738316059113,71519
10090,330629120,0.11062210859100194,3.1065086364746093,0.5464731216430664,0.02367124706506729,71539
10100,330956800,0.11032655638262713,3.0941349029541017,0.5457007884979248,0.023815573751926424,71541
10110,331284480,0.11003512642987871,3.088631439208984,0.5432825565338135,0.02400704175233841,71556
10120,331612160,0.10974782146512263,3.0891738891601563,0.5491773128509522,0.02368423044681549,71561
10130,331939840,0.10946464418205015,3.129256248474121,0.5440577507019043,0.023732009530067443,71524
10140,332267520,0.10918559723565256,3.1215595245361327,0.540581750869751,0.023835626244544984,71517
10150,332595200,0.10891068324219619,3.108248710632324,0.5449158668518066,0.023570521175861357,71513
10160,332922880,0.10863990477919801,3.1312564849853515,0.5490355968475342,0.023822367191314697,71553
10170,333250560,0.10837326438540137,3.117630386352539,0.546629810333252,0.02356986403465271,71521
10180,333578240,0.10811076456075239,3.133582878112793,0.5529223918914795,0.02377866953611374,71534
10190,333905920,0.10785240776637606,3.127651023864746,0.5488092422485351,0.02379910498857498,71533
10200,334233600,0.10759819642455375,3.127324104309082,0.5435615062713623,0.0238261878490448,71562
10210,334561280,0.10734813291870007,3.1193668365478517,0.5474901676177979,0.02372192293405533,71541
10220,334888960,0.10710221959334083,3.094795799255371,0.5495972156524658,0.023847076296806335,71558
10230,335216640,0.1068604587540908,3.064571571350098,0.5529640674591064,0.02386411130428314,71526
10240,335544320,0.10662285266763208,3.149578094482422,0.5458251476287842,0.02359042763710022,71527
10250,335872000,0.10638940356169316,3.170578956604004,0.5590422630310059,0.023971053957939147,71506
10260,336199680,0.10616011362502784,3.1339839935302733,0.5463329792022705,0.023811353743076323,71539
10270,336527360,0.10593498500739457,3.126173400878906,0.5512366771697998,0.023748581111431123,71532
10280,336855040,0.10571401981953649,3.0661073684692384,0.5449525833129882,0.02369595319032669,71541
10290,337182720,0.1054972201331616,3.1545007705688475,0.554806137084961,0.02380138337612152,71562
10300,337510400,0.1052845879809234,3.090231704711914,0.54437255859375,0.02382778376340866,71559
10310,337838080,0.1050761253564016,3.089539909362793,0.5494186401367187,0.023722340166568757,71556
10320,338165760,0.10487183421408361,3.0876371383666994,0.5505611896514893,0.02401822954416275,71563
10330,338493440,0.10467171646934628,3.1190822601318358,0.5486778736114502,0.023761993646621703,71550
10340,338821120,0.10447577399843784,3.0713470458984373,0.54849271774292,0.024033954739570616,71552
10350,339148800,0.10428400863846014,3.130947494506836,0.5512528896331788,0.0238752543926239,71547
10360,339476480,0.10409642218735184,3.1197059631347654,0.5511308670043945,0.023711198568344118,71540
10370,339804160,0.10391301640387113,3.1507444381713867,0.5479442596435546,0.02388957440853119,71548
10380,340131840,0.10373379300757954,3.151372718811035,0.5471809864044189,0.024030591547489166,71517
10390,340459520,0.10355875367882568,3.1367225646972656,0.5542563915252685,0.02352926731109619,71544
10400,340787200,0.10338790005872946,3.0998287200927734,0.5476331233978271,0.02390233874320984,71504
10410,341114880,0.10322123374916685,3.1035375595092773,0.5426655769348144,0.02391856014728546,71574
10420,341442560,0.10305875631275463,3.1540042877197267,0.5549421310424805,0.023884935677051543,71560
10430,341770240,0.10290046927283596,3.1180395126342773,0.5476404190063476,0.02371557950973511,71538
10440,342097920,0.10274637411346602,3.0807350158691404,0.5445000171661377,0.023846325278282166,71531
10450,342425600,0.10259647227939807,3.0858327865600588,0.5471391677856445,0.02383760064840317,71568
10460,342753280,0.10245076517606988,3.121482086181641,0.5514725685119629,0.023915910720825197,71565
10470,343080960,0.10230925416959066,3.137453079223633,0.547049617767334,0.023857037723064422,71563
10480,343408640,0.10217194058672814,3.1288116455078123,0.5444028854370118,0.023662208020687102,71573
10490,343736320,0.10203882571489617,3.1217372894287108,0.5517506122589111,0.02399773895740509,71543
10500,344064000,0.10190991080214268,3.0987503051757814,0.5601469993591308,0.023926720023155212,71509
10510,344391680,0.10178519705713801,3.137758255004883,0.5559632778167725,0.02373715341091156,71536
10520,344719360,0.10166468564916337,3.123921585083008,0.5483739852905274,0.023597908020019532,71546
10530,345047040,0.1015483777081002,3.1242950439453123,0.5555641651153564,0.024282929301261903,71562
10540,345374720,0.1014362743244193,3.1440103530883787,0.5503805160522461,0.023860763013362884,71494
10550,345702400,0.1013283765491707,3.098768615722656,0.5443535804748535,0.024005985260009764,71585
10560,346030080,0.1012246853939739,3.123859977722168,0.5435030937194825,0.023911494016647338,71531
10570,346357760,0.10112520183100829,3.1652738571166994,0.555571174621582,0.02406448721885681,71558
10580,346685440,0.10102992679300399,3.0679656982421877,0.5525701522827149,0.02390850633382797,71533
10590,347013120,0.10093886117323318,3.132224273681641,0.548700475692749,0.0240860715508461,71563
10600,347340800,0.10085200582550177,3.082699203491211,0.5440450668334961,0.023942966759204865,71524
10610,347668480,0.10076936156414122,3.126522254943848,0.5603564739227295,0.02411307245492935,71563
10620,347996160,0.10069092916400112,3.112194633483887,0.552472448348999,0.02382632941007614,71538
10630,348323840,0.10061670936044179,3.108773422241211,0.5519311428070068,0.023982588946819306,71562
10640,348651520,0.10054670284932737,3.134172248840332,0.5520798206329346,0.023916517198085786,71525
10650,348979200,0.10048091028701947,3.1324430465698243,0.5534219741821289,0.02403089851140976,71598
10660,349306880,0.10041933229037073,3.125203323364258,0.5537382602691651,0.023915843665599824,71613
10670,349634560,0.10036196943671932,3.094318389892578,0.5559541702270507,0.02420047074556351,71597
10680,349962240,0.10030882226388341,3.126764106750488,0.552571964263916,0.023869720101356507,71548
10690,350289920,0.10025989127015598,3.0712812423706053,0.5434944152832031,0.023974086344242095,71574
10700,350617600,0.10021517691430043,3.131799507141113,0.5545144081115723,0.02390664517879486,71599
10710,350945280,0.10017467961554609,3.145741844177246,0.5546459674835205,0.023741075396537782,71619
10720,351272960,0.10013839975358439,3.1192129135131834,0.5540385246276855,0.02395017147064209,71596
10730,351600640,0.10010633766856511,3.0713485717773437,0.5495271205902099,0.024088281393051147,71618
10740,351928320,0.10007849366109348,3.0970617294311524,0.5552284240722656,0.024079300463199615,71553
10750,352256000,0.10005486799222715,3.092634582519531,0.5547096729278564,0.023864802718162537,71520
10760,352583680,0.10003546088347381,3.100450897216797,0.5467679977416993,0.02410276383161545,71543
10770,352911360,0.10002027251678908,3.116550636291504,0.5541350364685058,0.02387714684009552,71551
10780,353239040,0.1000093030345748,3.101643180847168,0.5523858547210694,0.02414315640926361,71571
10790,353566720,0.10000255253967788,3.126237487792969,0.5568622589111328,0.02413175255060196,71565
10800,353894400,0.10000002109538904,3.1542938232421873,0.5573748111724853,0.02409709393978119,71535
