time,t_s,edge_c,junction_c,mem_c,power_w,sclk_mhz,mclk_mhz,fan_rpm,vram_used_gib
2026-10-03T10:17:59,0.0,48.0,73.0,78.0,200.0,2948.0,875.0,2396.0,0.18
2026-10-03T10:18:09,10.0,44.0,64.0,72.0,171.0,2705.0,1258.0,415.0,5.25
2026-10-03T10:18:19,20.0,47.0,78.0,75.0,226.0,3139.0,1258.0,923.0,5.25
2026-10-03T10:18:29,30.0,49.0,76.0,78.0,218.0,2955.0,1258.0,1660.0,12.03
2026-10-03T10:18:39,40.0,49.0,78.0,80.0,237.0,3116.0,1258.0,2172.0,12.03
2026-10-03T10:18:49,50.0,49.0,78.0,80.0,237.0,3118.0,1258.0,2218.0,12.03
2026-10-03T10:18:59,60.0,48.0,78.0,80.0,237.0,3118.0,1258.0,2204.0,12.03
2026-10-03T10:19:09,70.0,48.0,77.0,80.0,236.0,3118.0,1258.0,2204.0,12.03
2026-10-03T10:19:19,80.0,48.0,77.0,80.0,236.0,3118.0,1258.0,2205.0,12.03
2026-10-03T10:19:29,90.0,48.0,77.0,80.0,236.0,3119.0,1258.0,2205.0,12.03
2026-10-03T10:19:39,100.0,48.0,77.0,80.0,236.0,3118.0,1258.0,2206.0,12.03
2026-10-03T10:19:49,110.0,48.0,77.0,80.0,236.0,3118.0,1258.0,2190.0,12.03
2026-10-03T10:19:59,120.0,48.0,77.0,80.0,236.0,3118.0,1258.0,2193.0,12.03
2026-10-03T10:20:09,130.0,48.0,77.0,80.0,236.0,3118.0,1258.0,2192.0,12.03
2026-10-03T10:20:19,140.0,48.0,77.0,80.0,236.0,3119.0,1258.0,2198.0,12.03
2026-10-03T10:20:29,150.0,48.0,77.0,80.0,236.0,3118.0,1258.0,2199.0,12.03
2026-10-03T10:20:39,160.0,48.0,77.0,80.0,237.0,3118.0,1258.0,2199.0,12.03
2026-10-03T10:20:49,170.0,48.0,77.0,80.0,236.0,3118.0,1258.0,2190.0,12.03
2026-10-03T10:20:59,180.0,48.0,77.0,80.0,237.0,3118.0,1258.0,2186.0,12.03
2026-10-03T10:21:09,190.0,48.0,77.0,80.0,237.0,3117.0,1258.0,2193.0,12.03
2026-10-03T10:21:19,200.0,48.0,77.0,80.0,237.0,3116.0,1258.0,2201.0,12.03
2026-10-03T10:21:29,210.0,48.0,77.0,80.0,237.0,3115.0,1258.0,2197.0,12.03
2026-10-03T10:21:39,220.0,48.0,77.0,80.0,237.0,3115.0,1258.0,2194.0,12.03
2026-10-03T10:21:49,230.0,48.0,77.0,80.0,237.0,3115.0,1258.0,2203.0,12.03
2026-10-03T10:21:59,240.0,48.0,77.0,80.0,237.0,3115.0,1258.0,2195.0,12.03
2026-10-03T10:22:09,250.0,48.0,77.0,80.0,237.0,3115.0,1258.0,2195.0,12.03
2026-10-03T10:22:19,260.0,48.0,77.0,80.0,237.0,3116.0,1258.0,2195.0,12.03
2026-10-03T10:22:29,270.0,48.0,77.0,80.0,237.0,3116.0,1258.0,2188.0,12.03
2026-10-03T10:22:39,280.0,48.0,77.0,79.0,235.0,3121.0,1258.0,2200.0,12.03
2026-10-03T10:22:49,290.0,48.0,78.0,78.0,230.0,3134.0,1258.0,2239.0,12.03
2026-10-03T10:22:59,300.0,48.0,78.0,79.0,238.0,3118.0,1258.0,2265.0,12.03
2026-10-03T10:23:09,310.0,48.0,77.0,80.0,237.0,3115.0,1258.0,2188.0,12.03
2026-10-03T10:23:19,320.0,48.0,77.0,80.0,237.0,3116.0,1258.0,2199.0,12.03
2026-10-03T10:23:29,330.0,48.0,77.0,80.0,237.0,3116.0,1258.0,2205.0,12.03
2026-10-03T10:23:39,340.0,48.0,77.0,80.0,237.0,3115.0,1258.0,2203.0,12.03
2026-10-03T10:23:49,350.0,48.0,77.0,80.0,237.0,3115.0,1258.0,2207.0,12.03
2026-10-03T10:23:59,360.0,48.0,77.0,80.0,237.0,3114.0,1258.0,2204.0,12.03
2026-10-03T10:24:09,370.0,48.0,77.0,80.0,237.0,3115.0,1258.0,2196.0,12.03
2026-10-03T10:24:19,380.0,48.0,77.0,80.0,237.0,3114.0,1258.0,2195.0,12.03
2026-10-03T10:24:29,390.0,48.0,77.0,80.0,238.0,3114.0,1258.0,2202.0,12.03
2026-10-03T10:24:39,400.0,48.0,77.0,80.0,237.0,3114.0,1258.0,2197.0,12.03
2026-10-03T10:24:49,410.0,48.0,77.0,80.0,237.0,3114.0,1258.0,2195.0,12.03
2026-10-03T10:24:59,420.0,48.0,77.0,80.0,237.0,3114.0,1258.0,2197.0,12.03
2026-10-03T10:25:09,430.0,48.0,77.0,80.0,237.0,3115.0,1258.0,2197.0,12.03
2026-10-03T10:25:19,440.0,48.0,77.0,80.0,237.0,3114.0,1258.0,2184.0,12.03
2026-10-03T10:25:29,450.0,48.0,77.0,80.0,237.0,3115.0,1258.0,2194.0,12.03
2026-10-03T10:25:39,460.0,48.0,77.0,80.0,237.0,3115.0,1258.0,2199.0,12.03
2026-10-03T10:25:49,470.0,48.0,77.0,80.0,237.0,3115.0,1258.0,2193.0,12.03
2026-10-03T10:25:59,480.0,48.0,77.0,80.0,237.0,3115.0,1258.0,2198.0,12.03
2026-10-03T10:26:09,490.0,48.0,77.0,80.0,237.0,3114.0,1258.0,2184.0,12.03
2026-10-03T10:26:19,500.0,48.0,77.0,80.0,237.0,3114.0,1258.0,2195.0,12.03
2026-10-03T10:26:29,510.0,48.0,77.0,80.0,238.0,3114.0,1258.0,2196.0,12.03
2026-10-03T10:26:39,520.0,48.0,77.0,80.0,237.0,3113.0,1258.0,2194.0,12.03
2026-10-03T10:26:49,530.0,48.0,77.0,80.0,238.0,3114.0,1258.0,2203.0,12.03
2026-10-03T10:26:59,540.0,48.0,77.0,80.0,238.0,3113.0,1258.0,2191.0,12.03
2026-10-03T10:27:09,550.0,48.0,78.0,79.0,235.0,3121.0,1258.0,2204.0,12.03
2026-10-03T10:27:19,560.0,48.0,78.0,78.0,231.0,3131.0,1258.0,2238.0,12.03
2026-10-03T10:27:29,570.0,48.0,78.0,79.0,238.0,3115.0,1258.0,2264.0,12.03
2026-10-03T10:27:39,580.0,48.0,77.0,80.0,237.0,3113.0,1258.0,2183.0,12.03
2026-10-03T10:27:49,590.0,48.0,77.0,80.0,237.0,3113.0,1258.0,2185.0,12.03
2026-10-03T10:27:59,600.0,48.0,77.0,80.0,237.0,3113.0,1258.0,2187.0,12.03
2026-10-03T10:28:09,610.0,48.0,77.0,80.0,238.0,3114.0,1258.0,2201.0,12.03
2026-10-03T10:28:19,620.0,48.0,77.0,80.0,238.0,3114.0,1258.0,2198.0,12.03
2026-10-03T10:28:29,630.0,48.0,77.0,80.0,238.0,3115.0,1258.0,2201.0,12.03
2026-10-03T10:28:39,640.0,48.0,77.0,80.0,238.0,3114.0,1258.0,2197.0,12.03
2026-10-03T10:28:49,650.0,48.0,77.0,80.0,238.0,3114.0,1258.0,2189.0,12.03
2026-10-03T10:28:59,660.0,48.0,77.0,80.0,238.0,3114.0,1258.0,2191.0,12.03
2026-10-03T10:29:09,670.0,48.0,77.0,80.0,238.0,3114.0,1258.0,2201.0,12.03
2026-10-03T10:29:19,680.0,48.0,77.0,80.0,238.0,3114.0,1258.0,2194.0,12.03
2026-10-03T10:29:29,690.0,48.0,77.0,80.0,238.0,3113.0,1258.0,2194.0,12.03
2026-10-03T10:29:39,700.0,48.0,77.0,80.0,237.0,3114.0,1258.0,2198.0,12.03
2026-10-03T10:29:49,710.0,48.0,77.0,80.0,237.0,3114.0,1258.0,2194.0,12.03
2026-10-03T10:29:59,720.0,48.0,77.0,80.0,237.0,3115.0,1258.0,2196.0,12.03
2026-10-03T10:30:09,730.0,48.0,77.0,80.0,238.0,3113.0,1258.0,2196.0,12.03
2026-10-03T10:30:19,740.0,48.0,77.0,80.0,237.0,3114.0,1258.0,2187.0,12.03
2026-10-03T10:30:29,750.0,48.0,77.0,80.0,237.0,3113.0,1258.0,2200.0,12.03
2026-10-03T10:30:39,760.0,48.0,77.0,80.0,238.0,3114.0,1258.0,2188.0,12.03
2026-10-03T10:30:49,770.0,48.0,77.0,80.0,237.0,3114.0,1258.0,2192.0,12.03
2026-10-03T10:30:59,780.0,48.0,77.0,80.0,237.0,3115.0,1258.0,2188.0,12.03
2026-10-03T10:31:09,790.0,48.0,77.0,80.0,237.0,3114.0,1258.0,2191.0,12.03
2026-10-03T10:31:19,800.0,48.0,77.0,80.0,237.0,3114.0,1258.0,2194.0,12.03
2026-10-03T10:31:29,810.0,48.0,77.0,80.0,237.0,3115.0,1258.0,2198.0,12.03
2026-10-03T10:31:39,820.0,48.0,78.0,79.0,235.0,3120.0,1258.0,2192.0,12.03
2026-10-03T10:31:49,830.0,48.0,78.0,78.0,230.0,3133.0,1258.0,2235.0,12.03
2026-10-03T10:31:59,840.0,48.0,77.0,79.0,238.0,3115.0,1258.0,2253.0,12.03
2026-10-03T10:32:09,850.0,48.0,77.0,80.0,237.0,3115.0,1258.0,2180.0,12.03
2026-10-03T10:32:19,860.0,48.0,77.0,80.0,237.0,3115.0,1258.0,2175.0,12.03
2026-10-03T10:32:29,870.0,48.0,77.0,80.0,237.0,3115.0,1258.0,2186.0,12.03
2026-10-03T10:32:39,880.1,48.0,77.0,80.0,237.0,3115.0,1258.0,2187.0,12.03
2026-10-03T10:32:49,890.1,48.0,77.0,80.0,237.0,3115.0,1258.0,2185.0,12.03
2026-10-03T10:32:59,900.1,48.0,77.0,80.0,237.0,3115.0,1258.0,2187.0,12.03
2026-10-03T10:33:09,910.1,48.0,77.0,80.0,237.0,3116.0,1258.0,2184.0,12.03
2026-10-03T10:33:19,920.1,48.0,77.0,80.0,237.0,3115.0,1258.0,2189.0,12.03
2026-10-03T10:33:29,930.1,48.0,77.0,80.0,237.0,3116.0,1258.0,2193.0,12.03
2026-10-03T10:33:39,940.1,48.0,77.0,80.0,237.0,3115.0,1258.0,2191.0,12.03
2026-10-03T10:33:49,950.1,48.0,77.0,80.0,237.0,3117.0,1258.0,2179.0,12.03
2026-10-03T10:33:59,960.1,48.0,77.0,80.0,237.0,3117.0,1258.0,2190.0,12.03
2026-10-03T10:34:09,970.1,48.0,77.0,80.0,237.0,3117.0,1258.0,2183.0,12.03
2026-10-03T10:34:19,980.1,48.0,77.0,80.0,237.0,3116.0,1258.0,2182.0,12.03
2026-10-03T10:34:29,990.1,48.0,77.0,80.0,237.0,3117.0,1258.0,2179.0,12.03
2026-10-03T10:34:39,1000.1,48.0,77.0,80.0,237.0,3118.0,1258.0,2185.0,12.03
2026-10-03T10:34:49,1010.1,48.0,77.0,80.0,237.0,3117.0,1258.0,2186.0,12.03
2026-10-03T10:34:59,1020.1,48.0,77.0,80.0,237.0,3116.0,1258.0,2188.0,12.03
2026-10-03T10:35:09,1030.1,48.0,77.0,80.0,237.0,3116.0,1258.0,2178.0,12.03
2026-10-03T10:35:19,1040.1,48.0,77.0,80.0,237.0,3115.0,1258.0,2186.0,12.03
2026-10-03T10:35:29,1050.1,48.0,77.0,80.0,237.0,3114.0,1258.0,2186.0,12.03
2026-10-03T10:35:39,1060.1,48.0,77.0,80.0,237.0,3116.0,1258.0,2181.0,12.03
2026-10-03T10:35:49,1070.1,48.0,77.0,80.0,237.0,3117.0,1258.0,2183.0,12.03
2026-10-03T10:35:59,1080.1,48.0,77.0,80.0,237.0,3117.0,1258.0,2181.0,12.03
2026-10-03T10:36:09,1090.1,48.0,77.0,80.0,236.0,3120.0,1258.0,2188.0,12.03
2026-10-03T10:36:19,1100.1,48.0,78.0,78.0,230.0,3132.0,1258.0,2225.0,12.03
2026-10-03T10:36:29,1110.1,48.0,78.0,79.0,237.0,3119.0,1258.0,2253.0,12.03
2026-10-03T10:36:39,1120.1,48.0,77.0,80.0,237.0,3116.0,1258.0,2190.0,12.03
2026-10-03T10:36:49,1130.1,48.0,77.0,80.0,237.0,3117.0,1258.0,2176.0,12.03
2026-10-03T10:36:59,1140.1,48.0,77.0,80.0,237.0,3116.0,1258.0,2178.0,12.03
2026-10-03T10:37:09,1150.1,48.0,77.0,80.0,237.0,3115.0,1258.0,2185.0,12.03
2026-10-03T10:37:19,1160.1,48.0,77.0,80.0,237.0,3116.0,1258.0,2188.0,12.03
2026-10-03T10:37:29,1170.1,48.0,77.0,80.0,237.0,3114.0,1258.0,2191.0,12.03
2026-10-03T10:37:39,1180.1,48.0,77.0,80.0,237.0,3114.0,1258.0,2187.0,12.03
2026-10-03T10:37:49,1190.1,48.0,77.0,80.0,237.0,3116.0,1258.0,2180.0,12.03
2026-10-03T10:37:59,1200.1,48.0,77.0,80.0,237.0,3115.0,1258.0,2183.0,12.03
2026-10-03T10:38:09,1210.1,48.0,77.0,80.0,237.0,3115.0,1258.0,2184.0,12.03
2026-10-03T10:38:19,1220.1,48.0,77.0,80.0,237.0,3116.0,1258.0,2185.0,12.03
2026-10-03T10:38:29,1230.1,48.0,77.0,80.0,237.0,3115.0,1258.0,2186.0,12.03
2026-10-03T10:38:39,1240.1,48.0,77.0,80.0,237.0,3115.0,1258.0,2188.0,12.03
2026-10-03T10:38:49,1250.1,48.0,77.0,80.0,237.0,3116.0,1258.0,2189.0,12.03
2026-10-03T10:38:59,1260.1,48.0,77.0,80.0,237.0,3117.0,1258.0,2183.0,12.03
2026-10-03T10:39:09,1270.1,48.0,77.0,80.0,237.0,3116.0,1258.0,2191.0,12.03
2026-10-03T10:39:19,1280.1,48.0,77.0,80.0,237.0,3115.0,1258.0,2187.0,12.03
2026-10-03T10:39:29,1290.1,48.0,77.0,80.0,237.0,3116.0,1258.0,2187.0,12.03
2026-10-03T10:39:39,1300.1,48.0,77.0,80.0,237.0,3116.0,1258.0,2189.0,12.03
2026-10-03T10:39:49,1310.1,48.0,77.0,80.0,237.0,3115.0,1258.0,2188.0,12.03
2026-10-03T10:39:59,1320.1,48.0,77.0,80.0,237.0,3116.0,1258.0,2188.0,12.03
2026-10-03T10:40:09,1330.1,48.0,77.0,80.0,237.0,3116.0,1258.0,2177.0,12.03
2026-10-03T10:40:19,1340.1,48.0,77.0,80.0,237.0,3115.0,1258.0,2190.0,12.03
2026-10-03T10:40:29,1350.1,48.0,77.0,80.0,237.0,3116.0,1258.0,2189.0,12.03
2026-10-03T10:40:39,1360.1,48.0,77.0,80.0,237.0,3115.0,1258.0,2192.0,12.03
2026-10-03T10:40:49,1370.1,48.0,78.0,78.0,230.0,3132.0,1258.0,2221.0,12.03
2026-10-03T10:40:59,1380.1,48.0,78.0,79.0,235.0,3124.0,1258.0,2251.0,12.03
2026-10-03T10:41:09,1390.1,48.0,77.0,80.0,237.0,3116.0,1258.0,2210.0,12.03
2026-10-03T10:41:19,1400.1,48.0,77.0,80.0,237.0,3117.0,1258.0,2177.0,12.03
2026-10-03T10:41:29,1410.1,48.0,77.0,80.0,237.0,3115.0,1258.0,2189.0,12.03
2026-10-03T10:41:39,1420.1,48.0,77.0,80.0,237.0,3115.0,1258.0,2188.0,12.03
2026-10-03T10:41:49,1430.1,48.0,77.0,80.0,237.0,3115.0,1258.0,2191.0,12.03
2026-10-03T10:41:59,1440.1,48.0,77.0,80.0,237.0,3116.0,1258.0,2183.0,12.03
2026-10-03T10:42:09,1450.1,48.0,77.0,80.0,237.0,3117.0,1258.0,2188.0,12.03
2026-10-03T10:42:19,1460.1,48.0,77.0,80.0,237.0,3117.0,1258.0,2181.0,12.03
2026-10-03T10:42:29,1470.1,48.0,77.0,80.0,237.0,3117.0,1258.0,2188.0,12.03
2026-10-03T10:42:39,1480.1,48.0,77.0,80.0,237.0,3117.0,1258.0,2193.0,12.03
2026-10-03T10:42:49,1490.1,48.0,77.0,80.0,237.0,3117.0,1258.0,2190.0,12.03
2026-10-03T10:42:59,1500.1,48.0,77.0,80.0,237.0,3117.0,1258.0,2188.0,12.03
2026-10-03T10:43:09,1510.1,48.0,77.0,80.0,237.0,3117.0,1258.0,2197.0,12.03
2026-10-03T10:43:19,1520.1,48.0,77.0,80.0,237.0,3118.0,1258.0,2186.0,12.03
2026-10-03T10:43:29,1530.1,48.0,77.0,80.0,237.0,3116.0,1258.0,2192.0,12.03
2026-10-03T10:43:39,1540.1,48.0,77.0,80.0,237.0,3117.0,1258.0,2177.0,12.03
2026-10-03T10:43:49,1550.1,48.0,77.0,80.0,237.0,3116.0,1258.0,2191.0,12.03
2026-10-03T10:43:59,1560.1,48.0,77.0,80.0,237.0,3116.0,1258.0,2193.0,12.03
2026-10-03T10:44:09,1570.1,48.0,77.0,80.0,237.0,3116.0,1258.0,2183.0,12.03
2026-10-03T10:44:19,1580.1,48.0,77.0,80.0,237.0,3115.0,1258.0,2186.0,12.03
2026-10-03T10:44:29,1590.1,48.0,77.0,80.0,237.0,3116.0,1258.0,2186.0,12.03
2026-10-03T10:44:39,1600.1,48.0,77.0,80.0,237.0,3116.0,1258.0,2188.0,12.03
2026-10-03T10:44:49,1610.1,48.0,77.0,80.0,237.0,3117.0,1258.0,2194.0,12.03
2026-10-03T10:44:59,1620.1,48.0,77.0,80.0,237.0,3117.0,1258.0,2186.0,12.03
2026-10-03T10:45:09,1630.1,48.0,77.0,80.0,237.0,3118.0,1258.0,2190.0,12.03
2026-10-03T10:45:19,1640.1,48.0,78.0,79.0,233.0,3127.0,1258.0,2208.0,12.03
2026-10-03T10:45:29,1650.1,48.0,78.0,78.0,233.0,3131.0,1258.0,2234.0,12.03
2026-10-03T10:45:39,1660.1,48.0,77.0,80.0,237.0,3116.0,1258.0,2241.0,12.03
2026-10-03T10:45:49,1670.1,48.0,77.0,80.0,237.0,3115.0,1258.0,2177.0,12.03
2026-10-03T10:45:59,1680.1,48.0,77.0,80.0,237.0,3117.0,1258.0,2179.0,12.03
2026-10-03T10:46:09,1690.1,48.0,77.0,80.0,237.0,3115.0,1258.0,2185.0,12.03
2026-10-03T10:46:19,1700.1,48.0,77.0,80.0,237.0,3116.0,1258.0,2194.0,12.03
2026-10-03T10:46:29,1710.1,48.0,77.0,80.0,237.0,3116.0,1258.0,2187.0,12.03
2026-10-03T10:46:39,1720.1,48.0,77.0,80.0,237.0,3115.0,1258.0,2188.0,12.03
2026-10-03T10:46:49,1730.1,48.0,77.0,80.0,237.0,3115.0,1258.0,2188.0,12.03
2026-10-03T10:46:59,1740.1,48.0,77.0,80.0,237.0,3116.0,1258.0,2183.0,12.03
2026-10-03T10:47:09,1750.1,48.0,77.0,80.0,237.0,3117.0,1258.0,2187.0,12.03
2026-10-03T10:47:19,1760.1,48.0,77.0,80.0,237.0,3116.0,1258.0,2190.0,12.03
2026-10-03T10:47:29,1770.1,48.0,77.0,80.0,237.0,3116.0,1258.0,2190.0,12.03
2026-10-03T10:47:39,1780.1,48.0,77.0,80.0,237.0,3116.0,1258.0,2194.0,12.03
2026-10-03T10:47:49,1790.1,48.0,77.0,80.0,237.0,3117.0,1258.0,2192.0,12.03
2026-10-03T10:47:59,1800.1,48.0,77.0,80.0,237.0,3117.0,1258.0,2187.0,12.03
2026-10-03T10:48:09,1810.1,48.0,77.0,80.0,237.0,3116.0,1258.0,2181.0,12.03
2026-10-03T10:48:19,1820.1,48.0,77.0,80.0,237.0,3117.0,1258.0,2186.0,12.03
2026-10-03T10:48:29,1830.1,48.0,77.0,80.0,237.0,3117.0,1258.0,2189.0,12.03
2026-10-03T10:48:39,1840.1,48.0,77.0,80.0,237.0,3117.0,1258.0,2187.0,12.03
2026-10-03T10:48:49,1850.1,48.0,77.0,80.0,237.0,3118.0,1258.0,2190.0,12.03
2026-10-03T10:48:59,1860.1,48.0,77.0,80.0,237.0,3118.0,1258.0,2187.0,12.03
2026-10-03T10:49:09,1870.1,48.0,77.0,80.0,237.0,3117.0,1258.0,2189.0,12.03
2026-10-03T10:49:19,1880.1,48.0,77.0,80.0,237.0,3116.0,1258.0,2192.0,12.03
2026-10-03T10:49:29,1890.1,48.0,77.0,80.0,237.0,3117.0,1258.0,2184.0,12.03
2026-10-03T10:49:39,1900.1,48.0,77.0,80.0,237.0,3117.0,1258.0,2191.0,12.03
2026-10-03T10:49:49,1910.1,48.0,77.0,80.0,235.0,3123.0,1258.0,2189.0,12.03
2026-10-03T10:49:59,1920.1,48.0,78.0,78.0,229.0,3134.0,1258.0,2232.0,12.03
2026-10-03T10:50:09,1930.1,48.0,78.0,79.0,238.0,3117.0,1258.0,2256.0,12.03
2026-10-03T10:50:19,1940.1,48.0,77.0,80.0,237.0,3115.0,1258.0,2185.0,12.03
2026-10-03T10:50:29,1950.1,48.0,77.0,80.0,237.0,3115.0,1258.0,2176.0,12.03
2026-10-03T10:50:39,1960.1,48.0,77.0,80.0,237.0,3115.0,1258.0,2185.0,12.03
2026-10-03T10:50:49,1970.1,48.0,77.0,80.0,237.0,3114.0,1258.0,2187.0,12.03
2026-10-03T10:50:59,1980.1,48.0,77.0,80.0,237.0,3116.0,1258.0,2196.0,12.03
2026-10-03T10:51:09,1990.1,48.0,77.0,80.0,237.0,3116.0,1258.0,2195.0,12.03
2026-10-03T10:51:19,2000.1,48.0,77.0,80.0,237.0,3115.0,1258.0,2192.0,12.03
2026-10-03T10:51:29,2010.1,48.0,77.0,80.0,237.0,3116.0,1258.0,2188.0,12.03
2026-10-03T10:51:39,2020.1,48.0,77.0,80.0,237.0,3116.0,1258.0,2191.0,12.03
2026-10-03T10:51:49,2030.1,48.0,77.0,80.0,237.0,3117.0,1258.0,2187.0,12.03
2026-10-03T10:51:59,2040.1,48.0,77.0,80.0,237.0,3119.0,1258.0,2194.0,12.03
2026-10-03T10:52:09,2050.1,48.0,77.0,80.0,237.0,3119.0,1258.0,2190.0,12.03
2026-10-03T10:52:19,2060.1,48.0,77.0,80.0,237.0,3119.0,1258.0,2192.0,12.03
2026-10-03T10:52:29,2070.1,48.0,77.0,80.0,237.0,3120.0,1258.0,2178.0,12.03
2026-10-03T10:52:39,2080.1,48.0,77.0,80.0,237.0,3119.0,1258.0,2193.0,12.03
2026-10-03T10:52:49,2090.1,48.0,77.0,80.0,237.0,3119.0,1258.0,2193.0,12.03
2026-10-03T10:52:59,2100.1,48.0,77.0,80.0,237.0,3118.0,1258.0,2187.0,12.03
2026-10-03T10:53:09,2110.1,48.0,77.0,80.0,237.0,3120.0,1258.0,2188.0,12.03
2026-10-03T10:53:19,2120.1,48.0,77.0,80.0,237.0,3120.0,1258.0,2188.0,12.03
2026-10-03T10:53:29,2130.1,48.0,77.0,80.0,237.0,3120.0,1258.0,2183.0,12.03
2026-10-03T10:53:39,2140.1,48.0,77.0,80.0,237.0,3120.0,1258.0,2184.0,12.03
2026-10-03T10:53:49,2150.1,48.0,77.0,80.0,237.0,3119.0,1258.0,2185.0,12.03
2026-10-03T10:53:59,2160.1,48.0,77.0,80.0,237.0,3119.0,1258.0,2183.0,12.03
2026-10-03T10:54:09,2170.1,48.0,77.0,80.0,237.0,3119.0,1258.0,2182.0,12.03
2026-10-03T10:54:19,2180.1,48.0,77.0,80.0,237.0,3119.0,1258.0,2181.0,12.03
2026-10-03T10:54:29,2190.1,48.0,78.0,78.0,230.0,3134.0,1258.0,2219.0,12.03
2026-10-03T10:54:39,2200.1,48.0,78.0,79.0,235.0,3126.0,1258.0,2245.0,12.03
2026-10-03T10:54:49,2210.1,48.0,77.0,80.0,236.0,3117.0,1258.0,2205.0,12.03
2026-10-03T10:54:59,2220.1,48.0,77.0,80.0,237.0,3116.0,1258.0,2177.0,12.03
2026-10-03T10:55:09,2230.1,48.0,77.0,80.0,237.0,3116.0,1258.0,2186.0,12.03
2026-10-03T10:55:19,2240.1,48.0,77.0,80.0,237.0,3116.0,1258.0,2187.0,12.03
2026-10-03T10:55:29,2250.1,48.0,77.0,80.0,237.0,3115.0,1258.0,2192.0,12.03
2026-10-03T10:55:39,2260.1,48.0,77.0,80.0,237.0,3116.0,1258.0,2188.0,12.03
2026-10-03T10:55:49,2270.1,48.0,77.0,80.0,237.0,3116.0,1258.0,2190.0,12.03
2026-10-03T10:55:59,2280.1,48.0,77.0,80.0,237.0,3117.0,1258.0,2188.0,12.03
2026-10-03T10:56:09,2290.1,48.0,77.0,80.0,237.0,3118.0,1258.0,2187.0,12.03
2026-10-03T10:56:19,2300.1,48.0,77.0,80.0,237.0,3118.0,1258.0,2194.0,12.03
2026-10-03T10:56:29,2310.1,48.0,77.0,80.0,237.0,3117.0,1258.0,2192.0,12.03
2026-10-03T10:56:39,2320.1,48.0,77.0,80.0,237.0,3119.0,1258.0,2196.0,12.03
2026-10-03T10:56:49,2330.1,48.0,77.0,80.0,237.0,3118.0,1258.0,2196.0,12.03
2026-10-03T10:56:59,2340.1,48.0,77.0,80.0,237.0,3119.0,1258.0,2186.0,12.03
2026-10-03T10:57:09,2350.1,48.0,77.0,80.0,237.0,3120.0,1258.0,2194.0,12.03
2026-10-03T10:57:19,2360.1,48.0,77.0,80.0,237.0,3119.0,1258.0,2194.0,12.03
2026-10-03T10:57:29,2370.1,48.0,77.0,80.0,237.0,3121.0,1258.0,2192.0,12.03
2026-10-03T10:57:39,2380.1,48.0,77.0,80.0,237.0,3121.0,1258.0,2195.0,12.03
2026-10-03T10:57:49,2390.1,48.0,77.0,80.0,237.0,3121.0,1258.0,2186.0,12.03
2026-10-03T10:57:59,2400.1,48.0,77.0,80.0,237.0,3121.0,1258.0,2192.0,12.03
2026-10-03T10:58:09,2410.1,48.0,77.0,80.0,237.0,3120.0,1258.0,2192.0,12.03
2026-10-03T10:58:19,2420.1,48.0,77.0,80.0,238.0,3120.0,1258.0,2191.0,12.03
2026-10-03T10:58:29,2430.1,48.0,77.0,80.0,237.0,3122.0,1258.0,2196.0,12.03
2026-10-03T10:58:39,2440.1,48.0,77.0,80.0,237.0,3122.0,1258.0,2194.0,12.03
2026-10-03T10:58:49,2450.1,48.0,77.0,80.0,237.0,3122.0,1258.0,2195.0,12.03
2026-10-03T10:58:59,2460.1,48.0,78.0,79.0,233.0,3131.0,1258.0,2211.0,12.03
2026-10-03T10:59:09,2470.1,48.0,78.0,78.0,232.0,3133.0,1258.0,2236.0,12.03
2026-10-03T10:59:19,2480.1,48.0,77.0,80.0,237.0,3117.0,1258.0,2244.0,12.03
2026-10-03T10:59:29,2490.1,48.0,77.0,80.0,237.0,3117.0,1258.0,2178.0,12.03
2026-10-03T10:59:39,2500.1,48.0,77.0,80.0,237.0,3118.0,1258.0,2186.0,12.03
2026-10-03T10:59:49,2510.1,48.0,77.0,80.0,237.0,3118.0,1258.0,2187.0,12.03
2026-10-03T10:59:59,2520.1,48.0,77.0,80.0,237.0,3119.0,1258.0,2195.0,12.03
2026-10-03T11:00:09,2530.1,48.0,77.0,80.0,237.0,3119.0,1258.0,2197.0,12.03
2026-10-03T11:00:19,2540.1,48.0,77.0,80.0,237.0,3119.0,1258.0,2202.0,12.03
2026-10-03T11:00:29,2550.1,48.0,77.0,80.0,237.0,3120.0,1258.0,2191.0,12.03
2026-10-03T11:00:39,2560.1,48.0,77.0,80.0,237.0,3120.0,1258.0,2192.0,12.03
2026-10-03T11:00:49,2570.1,48.0,77.0,80.0,237.0,3119.0,1258.0,2189.0,12.03
2026-10-03T11:00:59,2580.1,48.0,77.0,80.0,237.0,3120.0,1258.0,2193.0,12.03
2026-10-03T11:01:09,2590.1,48.0,77.0,80.0,237.0,3121.0,1258.0,2185.0,12.03
2026-10-03T11:01:19,2600.1,48.0,77.0,80.0,237.0,3122.0,1258.0,2190.0,12.03
2026-10-03T11:01:29,2610.1,48.0,77.0,80.0,238.0,3121.0,1258.0,2197.0,12.03
2026-10-03T11:01:39,2620.1,48.0,77.0,80.0,237.0,3121.0,1258.0,2192.0,12.03
2026-10-03T11:01:49,2630.1,48.0,77.0,80.0,238.0,3121.0,1258.0,2188.0,12.03
2026-10-03T11:01:59,2640.1,48.0,77.0,80.0,238.0,3121.0,1258.0,2193.0,12.03
2026-10-03T11:02:09,2650.1,48.0,77.0,80.0,237.0,3121.0,1258.0,2191.0,12.03
2026-10-03T11:02:19,2660.1,48.0,77.0,80.0,237.0,3121.0,1258.0,2187.0,12.03
2026-10-03T11:02:29,2670.1,48.0,77.0,80.0,237.0,3121.0,1258.0,2189.0,12.03
2026-10-03T11:02:39,2680.1,48.0,77.0,80.0,238.0,3121.0,1258.0,2197.0,12.03
2026-10-03T11:02:49,2690.1,48.0,77.0,80.0,237.0,3121.0,1258.0,2196.0,12.03
2026-10-03T11:02:59,2700.1,48.0,77.0,80.0,237.0,3121.0,1258.0,2187.0,12.03
2026-10-03T11:03:09,2710.1,48.0,77.0,80.0,237.0,3121.0,1258.0,2190.0,12.03
2026-10-03T11:03:19,2720.1,48.0,77.0,80.0,237.0,3121.0,1258.0,2188.0,12.03
2026-10-03T11:03:29,2730.1,48.0,77.0,80.0,236.0,3125.0,1258.0,2195.0,12.03
2026-10-03T11:03:39,2740.1,48.0,78.0,78.0,229.0,3136.0,1258.0,2231.0,12.03
2026-10-03T11:03:49,2750.1,48.0,78.0,79.0,237.0,3120.0,1258.0,2258.0,12.03
2026-10-03T11:03:59,2760.1,48.0,77.0,80.0,237.0,3115.0,1258.0,2188.0,12.03
2026-10-03T11:04:09,2770.1,48.0,77.0,80.0,237.0,3115.0,1258.0,2186.0,12.03
2026-10-03T11:04:19,2780.1,48.0,77.0,80.0,237.0,3116.0,1258.0,2195.0,12.03
2026-10-03T11:04:29,2790.2,48.0,77.0,80.0,237.0,3115.0,1258.0,2193.0,12.03
2026-10-03T11:04:39,2800.2,48.0,77.0,80.0,237.0,3117.0,1258.0,2187.0,12.03
2026-10-03T11:04:49,2810.2,48.0,77.0,80.0,237.0,3116.0,1258.0,2190.0,12.03
2026-10-03T11:04:59,2820.2,48.0,77.0,80.0,237.0,3116.0,1258.0,2192.0,12.03
2026-10-03T11:05:09,2830.2,48.0,77.0,80.0,237.0,3116.0,1258.0,2195.0,12.03
2026-10-03T11:05:19,2840.2,48.0,77.0,80.0,237.0,3117.0,1258.0,2187.0,12.03
2026-10-03T11:05:29,2850.2,48.0,77.0,80.0,237.0,3118.0,1258.0,2192.0,12.03
2026-10-03T11:05:39,2860.2,48.0,77.0,80.0,237.0,3118.0,1258.0,2189.0,12.03
2026-10-03T11:05:49,2870.2,48.0,77.0,80.0,237.0,3118.0,1258.0,2189.0,12.03
2026-10-03T11:05:59,2880.2,48.0,77.0,80.0,237.0,3118.0,1258.0,2200.0,12.03
2026-10-03T11:06:09,2890.2,48.0,77.0,80.0,237.0,3119.0,1258.0,2195.0,12.03
2026-10-03T11:06:19,2900.2,48.0,77.0,80.0,237.0,3119.0,1258.0,2195.0,12.03
2026-10-03T11:06:29,2910.2,48.0,77.0,80.0,237.0,3119.0,1258.0,2195.0,12.03
2026-10-03T11:06:39,2920.2,48.0,77.0,80.0,237.0,3120.0,1258.0,2199.0,12.03
2026-10-03T11:06:49,2930.2,48.0,77.0,80.0,238.0,3120.0,1258.0,2200.0,12.03
2026-10-03T11:06:59,2940.2,48.0,77.0,80.0,237.0,3121.0,1258.0,2192.0,12.03
2026-10-03T11:07:09,2950.2,48.0,77.0,80.0,237.0,3122.0,1258.0,2186.0,12.03
2026-10-03T11:07:19,2960.2,48.0,77.0,80.0,237.0,3122.0,1258.0,2195.0,12.03
2026-10-03T11:07:29,2970.2,48.0,77.0,80.0,238.0,3121.0,1258.0,2197.0,12.03
2026-10-03T11:07:39,2980.2,48.0,77.0,80.0,238.0,3121.0,1258.0,2187.0,12.03
2026-10-03T11:07:49,2990.2,48.0,77.0,80.0,238.0,3121.0,1258.0,2196.0,12.03
2026-10-03T11:07:59,3000.2,48.0,77.0,80.0,238.0,3122.0,1258.0,2197.0,12.03
2026-10-03T11:08:09,3010.2,48.0,78.0,78.0,231.0,3134.0,1258.0,2227.0,12.03
2026-10-03T11:08:19,3020.2,48.0,78.0,79.0,234.0,3126.0,1258.0,2252.0,12.03
2026-10-03T11:08:29,3030.2,48.0,77.0,80.0,237.0,3117.0,1258.0,2218.0,12.03
2026-10-03T11:08:39,3040.2,48.0,77.0,80.0,237.0,3118.0,1258.0,2181.0,12.03
2026-10-03T11:08:49,3050.2,48.0,77.0,80.0,237.0,3118.0,1258.0,2191.0,12.03
2026-10-03T11:08:59,3060.2,48.0,77.0,80.0,237.0,3120.0,1258.0,2198.0,12.03
2026-10-03T11:09:09,3070.2,48.0,77.0,80.0,237.0,3119.0,1258.0,2191.0,12.03
2026-10-03T11:09:19,3080.2,48.0,77.0,80.0,237.0,3119.0,1258.0,2200.0,12.03
2026-10-03T11:09:29,3090.2,48.0,77.0,80.0,237.0,3118.0,1258.0,2200.0,12.03
2026-10-03T11:09:39,3100.2,48.0,77.0,80.0,237.0,3121.0,1258.0,2189.0,12.03
2026-10-03T11:09:49,3110.2,48.0,77.0,80.0,237.0,3121.0,1258.0,2199.0,12.03
2026-10-03T11:09:59,3120.2,48.0,77.0,80.0,237.0,3122.0,1258.0,2197.0,12.03
2026-10-03T11:10:09,3130.2,48.0,77.0,80.0,238.0,3121.0,1258.0,2196.0,12.03
2026-10-03T11:10:19,3140.2,48.0,77.0,80.0,237.0,3122.0,1258.0,2191.0,12.03
2026-10-03T11:10:29,3150.2,48.0,77.0,80.0,238.0,3122.0,1258.0,2201.0,12.03
2026-10-03T11:10:39,3160.2,48.0,77.0,80.0,238.0,3122.0,1258.0,2199.0,12.03
2026-10-03T11:10:49,3170.2,48.0,77.0,80.0,238.0,3123.0,1258.0,2198.0,12.03
2026-10-03T11:10:59,3180.2,48.0,77.0,80.0,238.0,3124.0,1258.0,2194.0,12.03
2026-10-03T11:11:09,3190.2,48.0,77.0,80.0,238.0,3123.0,1258.0,2197.0,12.03
2026-10-03T11:11:19,3200.2,48.0,77.0,80.0,238.0,3123.0,1258.0,2203.0,12.03
2026-10-03T11:11:29,3210.2,48.0,77.0,80.0,238.0,3123.0,1258.0,2197.0,12.03
2026-10-03T11:11:39,3220.2,48.0,77.0,80.0,238.0,3122.0,1258.0,2203.0,12.03
2026-10-03T11:11:49,3230.2,48.0,77.0,80.0,238.0,3121.0,1258.0,2189.0,12.03
2026-10-03T11:11:59,3240.2,48.0,77.0,80.0,238.0,3123.0,1258.0,2207.0,12.03
2026-10-03T11:12:09,3250.2,48.0,77.0,80.0,238.0,3122.0,1258.0,2206.0,12.03
2026-10-03T11:12:19,3260.2,48.0,77.0,80.0,238.0,3122.0,1258.0,2199.0,12.03
2026-10-03T11:12:29,3270.2,48.0,77.0,80.0,238.0,3123.0,1258.0,2199.0,12.03
2026-10-03T11:12:39,3280.2,48.0,78.0,79.0,234.0,3130.0,1258.0,2208.0,12.03
2026-10-03T11:12:49,3290.2,48.0,79.0,78.0,232.0,3135.0,1258.0,2241.0,12.03
2026-10-03T11:12:59,3300.2,48.0,77.0,80.0,237.0,3118.0,1258.0,2260.0,12.03
2026-10-03T11:13:09,3310.2,48.0,77.0,80.0,237.0,3116.0,1258.0,2182.0,12.03
2026-10-03T11:13:19,3320.2,48.0,77.0,80.0,237.0,3116.0,1258.0,2194.0,12.03
2026-10-03T11:13:29,3330.2,48.0,77.0,80.0,237.0,3118.0,1258.0,2198.0,12.03
2026-10-03T11:13:39,3340.2,48.0,77.0,80.0,237.0,3119.0,1258.0,2197.0,12.03
2026-10-03T11:13:49,3350.2,48.0,77.0,80.0,237.0,3120.0,1258.0,2202.0,12.03
2026-10-03T11:13:59,3360.2,48.0,77.0,80.0,238.0,3121.0,1258.0,2199.0,12.03
2026-10-03T11:14:09,3370.2,48.0,77.0,80.0,238.0,3121.0,1258.0,2206.0,12.03
2026-10-03T11:14:19,3380.2,48.0,77.0,80.0,238.0,3121.0,1258.0,2200.0,12.03
2026-10-03T11:14:29,3390.2,48.0,77.0,80.0,238.0,3122.0,1258.0,2209.0,12.03
2026-10-03T11:14:39,3400.2,48.0,77.0,80.0,238.0,3122.0,1258.0,2203.0,12.03
2026-10-03T11:14:49,3410.2,48.0,77.0,80.0,238.0,3123.0,1258.0,2201.0,12.03
2026-10-03T11:14:59,3420.2,48.0,77.0,80.0,238.0,3123.0,1258.0,2195.0,12.03
2026-10-03T11:15:09,3430.2,48.0,77.0,80.0,238.0,3123.0,1258.0,2195.0,12.03
2026-10-03T11:15:19,3440.2,48.0,77.0,80.0,238.0,3123.0,1258.0,2194.0,12.03
2026-10-03T11:15:29,3450.2,48.0,77.0,80.0,238.0,3124.0,1258.0,2204.0,12.03
2026-10-03T11:15:39,3460.2,48.0,77.0,80.0,238.0,3124.0,1258.0,2209.0,12.03
2026-10-03T11:15:49,3470.2,48.0,77.0,80.0,238.0,3124.0,1258.0,2198.0,12.03
2026-10-03T11:15:59,3480.2,48.0,77.0,80.0,238.0,3123.0,1258.0,2211.0,12.03
2026-10-03T11:16:09,3490.2,48.0,77.0,80.0,238.0,3122.0,1258.0,2198.0,12.03
2026-10-03T11:16:19,3500.2,48.0,77.0,80.0,238.0,3123.0,1258.0,2196.0,12.03
2026-10-03T11:16:29,3510.2,48.0,77.0,80.0,238.0,3124.0,1258.0,2195.0,12.03
2026-10-03T11:16:39,3520.2,48.0,77.0,80.0,238.0,3123.0,1258.0,2204.0,12.03
2026-10-03T11:16:49,3530.2,48.0,77.0,80.0,238.0,3123.0,1258.0,2203.0,12.03
2026-10-03T11:16:59,3540.2,48.0,77.0,80.0,238.0,3122.0,1258.0,2201.0,12.03
2026-10-03T11:17:09,3550.2,48.0,77.0,80.0,237.0,3126.0,1258.0,2198.0,12.03
2026-10-03T11:17:19,3560.2,48.0,78.0,78.0,230.0,3139.0,1258.0,2241.0,12.03
2026-10-03T11:17:29,3570.2,48.0,78.0,79.0,237.0,3124.0,1258.0,2260.0,12.03
2026-10-03T11:17:39,3580.2,48.0,77.0,80.0,237.0,3119.0,1258.0,2203.0,12.03
2026-10-03T11:17:49,3590.2,48.0,77.0,80.0,237.0,3117.0,1258.0,2180.0,12.03
2026-10-03T11:17:59,3600.2,48.0,77.0,80.0,237.0,3116.0,1258.0,2200.0,12.03
2026-10-03T11:18:09,3610.2,48.0,77.0,80.0,237.0,3119.0,1258.0,2193.0,12.03
2026-10-03T11:18:19,3620.2,48.0,77.0,80.0,237.0,3119.0,1258.0,2199.0,12.03
2026-10-03T11:18:29,3630.2,48.0,77.0,80.0,237.0,3120.0,1258.0,2202.0,12.03
2026-10-03T11:18:39,3640.2,48.0,77.0,80.0,238.0,3119.0,1258.0,2196.0,12.03
2026-10-03T11:18:49,3650.2,48.0,77.0,80.0,237.0,3120.0,1258.0,2200.0,12.03
2026-10-03T11:18:59,3660.2,48.0,77.0,80.0,237.0,3119.0,1258.0,2196.0,12.03
2026-10-03T11:19:09,3670.2,48.0,77.0,80.0,238.0,3118.0,1258.0,2204.0,12.03
2026-10-03T11:19:19,3680.2,48.0,77.0,80.0,238.0,3120.0,1258.0,2199.0,12.03
2026-10-03T11:19:29,3690.2,48.0,77.0,80.0,238.0,3120.0,1258.0,2201.0,12.03
2026-10-03T11:19:39,3700.2,48.0,77.0,80.0,238.0,3121.0,1258.0,2190.0,12.03
2026-10-03T11:19:49,3710.2,48.0,77.0,80.0,238.0,3121.0,1258.0,2201.0,12.03
2026-10-03T11:19:59,3720.2,48.0,77.0,80.0,238.0,3119.0,1258.0,2192.0,12.03
2026-10-03T11:20:09,3730.2,48.0,77.0,80.0,238.0,3121.0,1258.0,2206.0,12.03
2026-10-03T11:20:19,3740.2,48.0,77.0,80.0,238.0,3122.0,1258.0,2207.0,12.03
2026-10-03T11:20:29,3750.2,48.0,77.0,80.0,238.0,3121.0,1258.0,2196.0,12.03
2026-10-03T11:20:39,3760.2,48.0,77.0,80.0,238.0,3122.0,1258.0,2200.0,12.03
2026-10-03T11:20:49,3770.2,48.0,77.0,80.0,238.0,3121.0,1258.0,2209.0,12.03
2026-10-03T11:20:59,3780.2,48.0,77.0,80.0,238.0,3121.0,1258.0,2187.0,12.03
2026-10-03T11:21:09,3790.2,49.0,77.0,80.0,238.0,3121.0,1258.0,2194.0,12.03
2026-10-03T11:21:19,3800.2,49.0,77.0,80.0,238.0,3122.0,1258.0,2201.0,12.03
2026-10-03T11:21:29,3810.2,48.0,77.0,80.0,238.0,3121.0,1258.0,2198.0,12.03
2026-10-03T11:21:39,3820.2,48.0,77.0,80.0,238.0,3121.0,1258.0,2205.0,12.03
2026-10-03T11:21:49,3830.2,48.0,78.0,79.0,233.0,3133.0,1258.0,2225.0,12.03
2026-10-03T11:21:59,3840.2,48.0,78.0,78.0,234.0,3127.0,1258.0,2255.0,12.03
2026-10-03T11:22:09,3850.2,48.0,77.0,80.0,237.0,3116.0,1258.0,2234.0,12.03
2026-10-03T11:22:19,3860.2,48.0,77.0,80.0,237.0,3114.0,1258.0,2176.0,12.03
2026-10-03T11:22:29,3870.2,48.0,77.0,80.0,237.0,3116.0,1258.0,2192.0,12.03
2026-10-03T11:22:39,3880.2,48.0,77.0,80.0,237.0,3117.0,1258.0,2196.0,12.03
2026-10-03T11:22:49,3890.2,48.0,77.0,80.0,237.0,3119.0,1258.0,2200.0,12.03
2026-10-03T11:22:59,3900.2,48.0,77.0,80.0,237.0,3119.0,1258.0,2193.0,12.03
2026-10-03T11:23:09,3910.2,48.0,77.0,80.0,237.0,3120.0,1258.0,2201.0,12.03
2026-10-03T11:23:19,3920.2,48.0,77.0,80.0,237.0,3119.0,1258.0,2191.0,12.03
2026-10-03T11:23:29,3930.2,48.0,77.0,80.0,238.0,3121.0,1258.0,2195.0,12.03
2026-10-03T11:23:39,3940.2,48.0,77.0,80.0,237.0,3121.0,1258.0,2193.0,12.03
2026-10-03T11:23:49,3950.2,48.0,77.0,80.0,237.0,3121.0,1258.0,2191.0,12.03
2026-10-03T11:23:59,3960.2,48.0,77.0,80.0,237.0,3122.0,1258.0,2194.0,12.03
2026-10-03T11:24:09,3970.2,48.0,77.0,80.0,238.0,3122.0,1258.0,2198.0,12.03
2026-10-03T11:24:19,3980.2,48.0,77.0,80.0,238.0,3123.0,1258.0,2197.0,12.03
2026-10-03T11:24:29,3990.2,48.0,77.0,80.0,238.0,3122.0,1258.0,2198.0,12.03
2026-10-03T11:24:39,4000.2,48.0,77.0,80.0,238.0,3122.0,1258.0,2200.0,12.03
2026-10-03T11:24:49,4010.2,48.0,77.0,80.0,238.0,3121.0,1258.0,2198.0,12.03
2026-10-03T11:24:59,4020.2,48.0,77.0,80.0,238.0,3122.0,1258.0,2199.0,12.03
2026-10-03T11:25:09,4030.2,48.0,77.0,80.0,238.0,3120.0,1258.0,2204.0,12.03
2026-10-03T11:25:19,4040.2,48.0,77.0,80.0,238.0,3121.0,1258.0,2203.0,12.03
2026-10-03T11:25:29,4050.2,48.0,77.0,80.0,238.0,3121.0,1258.0,2200.0,12.03
2026-10-03T11:25:39,4060.2,48.0,77.0,80.0,238.0,3120.0,1258.0,2189.0,12.03
2026-10-03T11:25:49,4070.2,48.0,77.0,80.0,238.0,3121.0,1258.0,2202.0,12.03
2026-10-03T11:25:59,4080.2,48.0,77.0,80.0,238.0,3122.0,1258.0,2199.0,12.03
2026-10-03T11:26:09,4090.2,48.0,77.0,80.0,238.0,3121.0,1258.0,2200.0,12.03
2026-10-03T11:26:19,4100.2,48.0,78.0,79.0,235.0,3127.0,1258.0,2208.0,12.03
2026-10-03T11:26:29,4110.2,48.0,78.0,78.0,230.0,3136.0,1258.0,2244.0,12.03
2026-10-03T11:26:39,4120.2,48.0,78.0,80.0,238.0,3119.0,1258.0,2259.0,12.03
2026-10-03T11:26:49,4130.2,48.0,77.0,80.0,237.0,3117.0,1258.0,2187.0,12.03
2026-10-03T11:26:59,4140.2,48.0,77.0,80.0,237.0,3118.0,1258.0,2190.0,12.03
2026-10-03T11:27:09,4150.2,48.0,77.0,80.0,237.0,3119.0,1258.0,2204.0,12.03
2026-10-03T11:27:19,4160.2,48.0,77.0,80.0,237.0,3120.0,1258.0,2206.0,12.03
2026-10-03T11:27:29,4170.2,49.0,77.0,80.0,238.0,3120.0,1258.0,2206.0,12.03
2026-10-03T11:27:39,4180.2,48.0,77.0,80.0,238.0,3121.0,1258.0,2195.0,12.03
2026-10-03T11:27:49,4190.2,48.0,77.0,80.0,238.0,3121.0,1258.0,2206.0,12.03
2026-10-03T11:27:59,4200.2,48.0,77.0,80.0,238.0,3123.0,1258.0,2210.0,12.03
2026-10-03T11:28:09,4210.2,48.0,77.0,80.0,238.0,3121.0,1258.0,2211.0,12.03
2026-10-03T11:28:19,4220.2,48.0,77.0,80.0,238.0,3121.0,1258.0,2212.0,12.03
2026-10-03T11:28:29,4230.2,48.0,77.0,80.0,238.0,3122.0,1258.0,2205.0,12.03
2026-10-03T11:28:39,4240.2,48.0,77.0,80.0,238.0,3123.0,1258.0,2206.0,12.03
2026-10-03T11:28:49,4250.2,48.0,77.0,80.0,238.0,3123.0,1258.0,2205.0,12.03
2026-10-03T11:28:59,4260.2,48.0,77.0,80.0,238.0,3121.0,1258.0,2207.0,12.03
2026-10-03T11:29:09,4270.2,48.0,77.0,80.0,238.0,3121.0,1258.0,2208.0,12.03
2026-10-03T11:29:19,4280.2,48.0,77.0,80.0,238.0,3123.0,1258.0,2204.0,12.03
2026-10-03T11:29:29,4290.2,48.0,77.0,80.0,238.0,3122.0,1258.0,2207.0,12.03
2026-10-03T11:29:39,4300.2,48.0,77.0,80.0,238.0,3122.0,1258.0,2201.0,12.03
2026-10-03T11:29:49,4310.2,48.0,77.0,80.0,238.0,3122.0,1258.0,2211.0,12.03
2026-10-03T11:29:59,4320.2,48.0,77.0,80.0,238.0,3122.0,1258.0,2194.0,12.03
2026-10-03T11:30:09,4330.2,48.0,77.0,80.0,238.0,3120.0,1258.0,2204.0,12.03
2026-10-03T11:30:19,4340.2,49.0,77.0,80.0,238.0,3121.0,1258.0,2211.0,12.03
2026-10-03T11:30:29,4350.2,48.0,77.0,80.0,238.0,3121.0,1258.0,2209.0,12.03
2026-10-03T11:30:39,4360.2,49.0,77.0,80.0,238.0,3122.0,1258.0,2194.0,12.03
2026-10-03T11:30:49,4370.2,48.0,77.0,80.0,238.0,3123.0,1258.0,2203.0,12.03
2026-10-03T11:30:59,4380.2,48.0,79.0,78.0,231.0,3137.0,1258.0,2242.0,12.03
2026-10-03T11:31:09,4390.2,48.0,78.0,79.0,236.0,3126.0,1258.0,2265.0,12.03
2026-10-03T11:31:19,4400.2,48.0,77.0,80.0,237.0,3118.0,1258.0,2215.0,12.03
2026-10-03T11:31:29,4410.2,48.0,77.0,80.0,237.0,3118.0,1258.0,2189.0,12.03
2026-10-03T11:31:39,4420.2,48.0,77.0,80.0,238.0,3119.0,1258.0,2195.0,12.03
2026-10-03T11:31:49,4430.2,49.0,77.0,80.0,238.0,3121.0,1258.0,2207.0,12.03
2026-10-03T11:31:59,4440.2,49.0,77.0,80.0,238.0,3121.0,1258.0,2193.0,12.03
2026-10-03T11:32:09,4450.2,49.0,77.0,80.0,238.0,3121.0,1258.0,2210.0,12.03
2026-10-03T11:32:19,4460.2,48.0,77.0,80.0,238.0,3121.0,1258.0,2208.0,12.03
2026-10-03T11:32:29,4470.2,49.0,77.0,80.0,238.0,3123.0,1258.0,2208.0,12.03
2026-10-03T11:32:39,4480.2,48.0,77.0,80.0,238.0,3121.0,1258.0,2203.0,12.03
2026-10-03T11:32:49,4490.2,49.0,77.0,80.0,238.0,3122.0,1258.0,2209.0,12.03
2026-10-03T11:32:59,4500.2,48.0,77.0,80.0,238.0,3121.0,1258.0,2209.0,12.03
2026-10-03T11:33:09,4510.2,49.0,77.0,80.0,238.0,3122.0,1258.0,2198.0,12.03
2026-10-03T11:33:19,4520.2,48.0,77.0,80.0,238.0,3122.0,1258.0,2208.0,12.03
2026-10-03T11:33:29,4530.2,48.0,77.0,80.0,238.0,3122.0,1258.0,2204.0,12.03
2026-10-03T11:33:39,4540.2,48.0,77.0,80.0,238.0,3122.0,1258.0,2211.0,12.03
2026-10-03T11:33:49,4550.2,48.0,77.0,80.0,238.0,3122.0,1258.0,2202.0,12.03
2026-10-03T11:33:59,4560.2,49.0,77.0,80.0,238.0,3122.0,1258.0,2203.0,12.03
2026-10-03T11:34:09,4570.2,49.0,77.0,80.0,238.0,3121.0,1258.0,2212.0,12.03
2026-10-03T11:34:19,4580.3,48.0,77.0,80.0,238.0,3122.0,1258.0,2201.0,12.03
2026-10-03T11:34:29,4590.3,48.0,77.0,80.0,238.0,3120.0,1258.0,2210.0,12.03
2026-10-03T11:34:39,4600.3,48.0,77.0,80.0,238.0,3122.0,1258.0,2195.0,12.03
2026-10-03T11:34:49,4610.3,48.0,77.0,80.0,238.0,3121.0,1258.0,2200.0,12.03
2026-10-03T11:34:59,4620.3,48.0,77.0,80.0,238.0,3122.0,1258.0,2200.0,12.03
2026-10-03T11:35:09,4630.3,48.0,77.0,80.0,238.0,3122.0,1258.0,2201.0,12.03
2026-10-03T11:35:19,4640.3,48.0,77.0,80.0,238.0,3122.0,1258.0,2204.0,12.03
2026-10-03T11:35:29,4650.3,49.0,78.0,79.0,234.0,3131.0,1258.0,2223.0,12.03
2026-10-03T11:35:39,4660.3,48.0,79.0,78.0,233.0,3135.0,1258.0,2251.0,12.03
2026-10-03T11:35:49,4670.3,48.0,77.0,80.0,237.0,3120.0,1258.0,2266.0,12.03
2026-10-03T11:35:59,4680.3,48.0,77.0,80.0,237.0,3119.0,1258.0,2183.0,12.03
2026-10-03T11:36:09,4690.3,48.0,77.0,80.0,237.0,3119.0,1258.0,2193.0,12.03
2026-10-03T11:36:19,4700.3,48.0,77.0,80.0,238.0,3120.0,1258.0,2197.0,12.03
2026-10-03T11:36:29,4710.3,48.0,77.0,80.0,238.0,3122.0,1258.0,2197.0,12.03
2026-10-03T11:36:39,4720.3,49.0,77.0,80.0,238.0,3122.0,1258.0,2210.0,12.03
2026-10-03T11:36:49,4730.3,49.0,77.0,80.0,238.0,3121.0,1258.0,2214.0,12.03
2026-10-03T11:36:59,4740.3,49.0,78.0,80.0,238.0,3122.0,1258.0,2213.0,12.03
2026-10-03T11:37:09,4750.3,49.0,77.0,80.0,238.0,3122.0,1258.0,2213.0,12.03
2026-10-03T11:37:19,4760.3,49.0,77.0,80.0,238.0,3122.0,1258.0,2195.0,12.03
2026-10-03T11:37:29,4770.3,49.0,77.0,80.0,238.0,3121.0,1258.0,2210.0,12.03
2026-10-03T11:37:39,4780.3,49.0,77.0,80.0,238.0,3122.0,1258.0,2212.0,12.03
2026-10-03T11:37:49,4790.3,49.0,77.0,80.0,238.0,3121.0,1258.0,2213.0,12.03
2026-10-03T11:37:59,4800.3,49.0,77.0,80.0,238.0,3122.0,1258.0,2212.0,12.03
2026-10-03T11:38:09,4810.3,49.0,78.0,80.0,238.0,3121.0,1258.0,2213.0,12.03
2026-10-03T11:38:19,4820.3,48.0,77.0,80.0,238.0,3121.0,1258.0,2214.0,12.03
2026-10-03T11:38:29,4830.3,48.0,78.0,80.0,238.0,3122.0,1258.0,2212.0,12.03
2026-10-03T11:38:39,4840.3,49.0,77.0,80.0,238.0,3121.0,1258.0,2214.0,12.03
2026-10-03T11:38:49,4850.3,49.0,77.0,80.0,238.0,3121.0,1258.0,2210.0,12.03
2026-10-03T11:38:59,4860.3,49.0,77.0,80.0,238.0,3121.0,1258.0,2212.0,12.03
2026-10-03T11:39:09,4870.3,49.0,77.0,80.0,238.0,3122.0,1258.0,2211.0,12.03
2026-10-03T11:39:19,4880.3,49.0,77.0,80.0,238.0,3121.0,1258.0,2197.0,12.03
2026-10-03T11:39:29,4890.3,49.0,77.0,80.0,238.0,3123.0,1258.0,2206.0,12.03
2026-10-03T11:39:39,4900.3,49.0,77.0,80.0,238.0,3123.0,1258.0,2203.0,12.03
2026-10-03T11:39:49,4910.3,49.0,77.0,80.0,238.0,3122.0,1258.0,2212.0,12.03
2026-10-03T11:39:59,4920.3,49.0,78.0,80.0,237.0,3126.0,1258.0,2208.0,12.03
2026-10-03T11:40:09,4930.3,48.0,79.0,78.0,231.0,3139.0,1258.0,2249.0,12.03
2026-10-03T11:40:19,4940.3,48.0,78.0,79.0,238.0,3125.0,1258.0,2270.0,12.03
2026-10-03T11:40:29,4950.3,48.0,77.0,80.0,237.0,3122.0,1258.0,2198.0,12.03
2026-10-03T11:40:39,4960.3,48.0,77.0,80.0,238.0,3121.0,1258.0,2182.0,12.03
2026-10-03T11:40:49,4970.3,48.0,77.0,80.0,238.0,3122.0,1258.0,2210.0,12.03
2026-10-03T11:40:59,4980.3,48.0,77.0,80.0,238.0,3123.0,1258.0,2209.0,12.03
2026-10-03T11:41:09,4990.3,49.0,77.0,80.0,238.0,3122.0,1258.0,2212.0,12.03
2026-10-03T11:41:19,5000.3,48.0,77.0,80.0,238.0,3123.0,1258.0,2212.0,12.03
2026-10-03T11:41:29,5010.3,49.0,77.0,80.0,238.0,3124.0,1258.0,2213.0,12.03
2026-10-03T11:41:39,5020.3,49.0,77.0,80.0,238.0,3124.0,1258.0,2196.0,12.03
2026-10-03T11:41:49,5030.3,49.0,77.0,80.0,238.0,3122.0,1258.0,2206.0,12.03
2026-10-03T11:41:59,5040.3,49.0,77.0,80.0,238.0,3123.0,1258.0,2212.0,12.03
2026-10-03T11:42:09,5050.3,49.0,77.0,80.0,238.0,3124.0,1258.0,2202.0,12.03
2026-10-03T11:42:19,5060.3,49.0,77.0,80.0,238.0,3123.0,1258.0,2205.0,12.03
2026-10-03T11:42:29,5070.3,49.0,77.0,80.0,238.0,3122.0,1258.0,2211.0,12.03
2026-10-03T11:42:39,5080.3,49.0,77.0,80.0,238.0,3123.0,1258.0,2196.0,12.03
2026-10-03T11:42:49,5090.3,49.0,77.0,80.0,238.0,3125.0,1258.0,2209.0,12.03
2026-10-03T11:42:59,5100.3,49.0,77.0,80.0,238.0,3125.0,1258.0,2209.0,12.03
2026-10-03T11:43:09,5110.3,49.0,77.0,80.0,238.0,3124.0,1258.0,2210.0,12.03
2026-10-03T11:43:19,5120.3,49.0,77.0,80.0,238.0,3124.0,1258.0,2210.0,12.03
2026-10-03T11:43:29,5130.3,49.0,77.0,80.0,238.0,3124.0,1258.0,2199.0,12.03
2026-10-03T11:43:39,5140.3,48.0,77.0,80.0,238.0,3124.0,1258.0,2208.0,12.03
2026-10-03T11:43:49,5150.3,49.0,77.0,80.0,238.0,3123.0,1258.0,2204.0,12.03
2026-10-03T11:43:59,5160.3,49.0,77.0,80.0,238.0,3122.0,1258.0,2201.0,12.03
2026-10-03T11:44:09,5170.3,49.0,77.0,80.0,238.0,3122.0,1258.0,2211.0,12.03
2026-10-03T11:44:19,5180.3,49.0,77.0,80.0,238.0,3123.0,1258.0,2206.0,12.03
2026-10-03T11:44:29,5190.3,49.0,77.0,80.0,238.0,3123.0,1258.0,2204.0,12.03
2026-10-03T11:44:39,5200.3,49.0,78.0,79.0,232.0,3136.0,1258.0,2228.0,12.03
2026-10-03T11:44:49,5210.3,48.0,79.0,79.0,235.0,3133.0,1258.0,2259.0,12.03
2026-10-03T11:44:59,5220.3,48.0,77.0,80.0,238.0,3123.0,1258.0,2239.0,12.03
2026-10-03T11:45:09,5230.3,48.0,77.0,80.0,238.0,3123.0,1258.0,2183.0,12.03
2026-10-03T11:45:19,5240.3,49.0,77.0,80.0,238.0,3123.0,1258.0,2212.0,12.03
2026-10-03T11:45:29,5250.3,49.0,77.0,80.0,238.0,3123.0,1258.0,2212.0,12.03
2026-10-03T11:45:39,5260.3,49.0,77.0,80.0,238.0,3123.0,1258.0,2213.0,12.03
2026-10-03T11:45:49,5270.3,49.0,77.0,80.0,238.0,3123.0,1258.0,2201.0,12.03
2026-10-03T11:45:59,5280.3,49.0,77.0,80.0,238.0,3124.0,1258.0,2206.0,12.03
2026-10-03T11:46:09,5290.3,49.0,77.0,80.0,238.0,3125.0,1258.0,2198.0,12.03
2026-10-03T11:46:19,5300.3,49.0,77.0,80.0,238.0,3124.0,1258.0,2211.0,12.03
2026-10-03T11:46:29,5310.3,49.0,78.0,80.0,238.0,3125.0,1258.0,2213.0,12.03
2026-10-03T11:46:39,5320.3,49.0,78.0,80.0,238.0,3122.0,1258.0,2216.0,12.03
2026-10-03T11:46:49,5330.3,49.0,78.0,80.0,238.0,3124.0,1258.0,2214.0,12.03
2026-10-03T11:46:59,5340.3,49.0,77.0,80.0,238.0,3122.0,1258.0,2214.0,12.03
2026-10-03T11:47:09,5350.3,49.0,77.0,80.0,238.0,3122.0,1258.0,2215.0,12.03
2026-10-03T11:47:19,5360.3,49.0,78.0,80.0,238.0,3122.0,1258.0,2212.0,12.03
2026-10-03T11:47:29,5370.3,49.0,78.0,80.0,238.0,3122.0,1258.0,2214.0,12.03
2026-10-03T11:47:39,5380.3,49.0,78.0,80.0,238.0,3123.0,1258.0,2216.0,12.03
2026-10-03T11:47:49,5390.3,49.0,77.0,80.0,238.0,3122.0,1258.0,2212.0,12.03
2026-10-03T11:47:59,5400.3,49.0,77.0,80.0,238.0,3123.0,1258.0,2213.0,12.03
2026-10-03T11:48:09,5410.3,49.0,78.0,80.0,238.0,3122.0,1258.0,2217.0,12.03
2026-10-03T11:48:19,5420.3,49.0,78.0,80.0,238.0,3124.0,1258.0,2213.0,12.03
2026-10-03T11:48:29,5430.3,49.0,78.0,80.0,238.0,3123.0,1258.0,2212.0,12.03
2026-10-03T11:48:39,5440.3,49.0,77.0,80.0,238.0,3122.0,1258.0,2213.0,12.03
2026-10-03T11:48:49,5450.3,49.0,77.0,80.0,238.0,3122.0,1258.0,2213.0,12.03
2026-10-03T11:48:59,5460.3,49.0,78.0,80.0,238.0,3122.0,1258.0,2215.0,12.03
2026-10-03T11:49:09,5470.3,49.0,78.0,80.0,235.0,3128.0,1258.0,2221.0,12.03
2026-10-03T11:49:19,5480.3,48.0,79.0,78.0,232.0,3137.0,1258.0,2253.0,12.03
2026-10-03T11:49:29,5490.3,48.0,78.0,80.0,238.0,3123.0,1258.0,2283.0,12.03
2026-10-03T11:49:39,5500.3,48.0,77.0,80.0,238.0,3121.0,1258.0,2191.0,12.03
2026-10-03T11:49:49,5510.3,48.0,78.0,80.0,238.0,3120.0,1258.0,2201.0,12.03
2026-10-03T11:49:59,5520.3,49.0,78.0,80.0,238.0,3120.0,1258.0,2212.0,12.03
2026-10-03T11:50:09,5530.3,49.0,78.0,80.0,238.0,3121.0,1258.0,2215.0,12.03
2026-10-03T11:50:19,5540.3,49.0,78.0,80.0,238.0,3122.0,1258.0,2215.0,12.03
2026-10-03T11:50:29,5550.3,49.0,77.0,80.0,238.0,3121.0,1258.0,2212.0,12.03
2026-10-03T11:50:39,5560.3,49.0,77.0,80.0,238.0,3122.0,1258.0,2212.0,12.03
2026-10-03T11:50:49,5570.3,49.0,77.0,80.0,238.0,3122.0,1258.0,2213.0,12.03
2026-10-03T11:50:59,5580.3,49.0,77.0,80.0,238.0,3122.0,1258.0,2211.0,12.03
2026-10-03T11:51:09,5590.3,48.0,77.0,80.0,238.0,3123.0,1258.0,2208.0,12.03
2026-10-03T11:51:19,5600.3,49.0,77.0,80.0,238.0,3123.0,1258.0,2210.0,12.03
2026-10-03T11:51:29,5610.3,49.0,78.0,80.0,238.0,3123.0,1258.0,2215.0,12.03
2026-10-03T11:51:39,5620.3,49.0,78.0,80.0,238.0,3122.0,1258.0,2214.0,12.03
2026-10-03T11:51:49,5630.3,49.0,78.0,80.0,238.0,3122.0,1258.0,2213.0,12.03
2026-10-03T11:51:59,5640.3,49.0,77.0,80.0,238.0,3122.0,1258.0,2213.0,12.03
2026-10-03T11:52:09,5650.3,49.0,78.0,80.0,238.0,3122.0,1258.0,2211.0,12.03
2026-10-03T11:52:19,5660.3,49.0,78.0,80.0,238.0,3124.0,1258.0,2211.0,12.03
2026-10-03T11:52:29,5670.3,49.0,77.0,80.0,238.0,3124.0,1258.0,2214.0,12.03
2026-10-03T11:52:39,5680.3,49.0,77.0,80.0,238.0,3123.0,1258.0,2213.0,12.03
2026-10-03T11:52:49,5690.3,49.0,78.0,80.0,238.0,3122.0,1258.0,2214.0,12.03
2026-10-03T11:52:59,5700.3,49.0,78.0,80.0,238.0,3123.0,1258.0,2213.0,12.03
2026-10-03T11:53:09,5710.3,49.0,77.0,80.0,238.0,3122.0,1258.0,2214.0,12.03
2026-10-03T11:53:19,5720.3,49.0,78.0,80.0,238.0,3123.0,1258.0,2212.0,12.03
2026-10-03T11:53:29,5730.3,49.0,78.0,80.0,238.0,3122.0,1258.0,2214.0,12.03
2026-10-03T11:53:39,5740.3,49.0,78.0,80.0,238.0,3122.0,1258.0,2216.0,12.03
2026-10-03T11:53:49,5750.3,49.0,79.0,78.0,231.0,3138.0,1258.0,2250.0,12.03
2026-10-03T11:53:59,5760.3,49.0,79.0,79.0,237.0,3128.0,1258.0,2279.0,12.03
2026-10-03T11:54:09,5770.3,48.0,78.0,80.0,238.0,3122.0,1258.0,2225.0,12.03
2026-10-03T11:54:19,5780.3,49.0,78.0,80.0,238.0,3120.0,1258.0,2198.0,12.03
2026-10-03T11:54:29,5790.3,49.0,78.0,80.0,238.0,3119.0,1258.0,2213.0,12.03
2026-10-03T11:54:39,5800.3,49.0,78.0,80.0,238.0,3120.0,1258.0,2218.0,12.03
2026-10-03T11:54:49,5810.3,49.0,78.0,80.0,238.0,3121.0,1258.0,2216.0,12.03
2026-10-03T11:54:59,5820.3,49.0,78.0,80.0,238.0,3121.0,1258.0,2215.0,12.03
2026-10-03T11:55:09,5830.3,49.0,78.0,80.0,238.0,3122.0,1258.0,2215.0,12.03
2026-10-03T11:55:19,5840.3,49.0,78.0,80.0,238.0,3121.0,1258.0,2217.0,12.03
2026-10-03T11:55:29,5850.3,49.0,78.0,80.0,238.0,3121.0,1258.0,2216.0,12.03
2026-10-03T11:55:39,5860.3,49.0,78.0,80.0,238.0,3121.0,1258.0,2220.0,12.03
2026-10-03T11:55:49,5870.3,49.0,78.0,80.0,238.0,3123.0,1258.0,2218.0,12.03
2026-10-03T11:55:59,5880.3,49.0,78.0,80.0,238.0,3121.0,1258.0,2217.0,12.03
2026-10-03T11:56:09,5890.3,49.0,78.0,80.0,238.0,3122.0,1258.0,2214.0,12.03
2026-10-03T11:56:19,5900.3,49.0,78.0,80.0,238.0,3121.0,1258.0,2217.0,12.03
2026-10-03T11:56:29,5910.3,49.0,78.0,80.0,238.0,3120.0,1258.0,2217.0,12.03
2026-10-03T11:56:39,5920.3,49.0,78.0,80.0,238.0,3119.0,1258.0,2215.0,12.03
2026-10-03T11:56:49,5930.3,49.0,78.0,80.0,238.0,3120.0,1258.0,2212.0,12.03
2026-10-03T11:56:59,5940.3,49.0,78.0,80.0,238.0,3122.0,1258.0,2215.0,12.03
2026-10-03T11:57:09,5950.3,49.0,78.0,80.0,238.0,3121.0,1258.0,2214.0,12.03
2026-10-03T11:57:19,5960.3,49.0,78.0,80.0,238.0,3120.0,1258.0,2217.0,12.03
2026-10-03T11:57:29,5970.3,49.0,78.0,80.0,238.0,3121.0,1258.0,2216.0,12.03
2026-10-03T11:57:39,5980.3,49.0,78.0,80.0,238.0,3120.0,1258.0,2214.0,12.03
2026-10-03T11:57:49,5990.3,49.0,78.0,80.0,238.0,3121.0,1258.0,2216.0,12.03
2026-10-03T11:57:59,6000.3,49.0,78.0,80.0,238.0,3122.0,1258.0,2215.0,12.03
2026-10-03T11:58:09,6010.3,49.0,78.0,80.0,238.0,3121.0,1258.0,2216.0,12.03
2026-10-03T11:58:19,6020.3,49.0,78.0,79.0,234.0,3131.0,1258.0,2234.0,12.03
2026-10-03T11:58:29,6030.3,49.0,79.0,78.0,234.0,3136.0,1258.0,2260.0,12.03
2026-10-03T11:58:39,6040.3,49.0,78.0,80.0,238.0,3123.0,1258.0,2273.0,12.03
2026-10-03T11:58:49,6050.3,49.0,78.0,80.0,238.0,3122.0,1258.0,2215.0,12.03
2026-10-03T11:58:59,6060.3,49.0,78.0,80.0,238.0,3121.0,1258.0,2212.0,12.03
2026-10-03T11:59:09,6070.3,49.0,78.0,80.0,238.0,3122.0,1258.0,2212.0,12.03
2026-10-03T11:59:19,6080.3,49.0,78.0,80.0,238.0,3121.0,1258.0,2218.0,12.03
2026-10-03T11:59:29,6090.3,49.0,78.0,80.0,238.0,3122.0,1258.0,2215.0,12.03
2026-10-03T11:59:39,6100.3,49.0,78.0,80.0,238.0,3122.0,1258.0,2217.0,12.03
2026-10-03T11:59:49,6110.3,49.0,78.0,80.0,238.0,3123.0,1258.0,2219.0,12.03
2026-10-03T11:59:59,6120.3,49.0,78.0,80.0,238.0,3123.0,1258.0,2218.0,12.03
2026-10-03T12:00:09,6130.3,49.0,78.0,80.0,238.0,3123.0,1258.0,2216.0,12.03
2026-10-03T12:00:19,6140.3,49.0,78.0,80.0,238.0,3122.0,1258.0,2221.0,12.03
2026-10-03T12:00:29,6150.3,49.0,78.0,80.0,238.0,3123.0,1258.0,2217.0,12.03
2026-10-03T12:00:39,6160.3,49.0,78.0,80.0,238.0,3122.0,1258.0,2213.0,12.03
2026-10-03T12:00:49,6170.3,49.0,78.0,80.0,238.0,3122.0,1258.0,2217.0,12.03
2026-10-03T12:00:59,6180.3,49.0,78.0,80.0,238.0,3122.0,1258.0,2220.0,12.03
2026-10-03T12:01:09,6190.3,49.0,78.0,80.0,238.0,3121.0,1258.0,2218.0,12.03
2026-10-03T12:01:19,6200.3,49.0,78.0,80.0,238.0,3122.0,1258.0,2216.0,12.03
2026-10-03T12:01:29,6210.3,49.0,78.0,80.0,238.0,3122.0,1258.0,2216.0,12.03
2026-10-03T12:01:39,6220.3,49.0,78.0,80.0,238.0,3124.0,1258.0,2216.0,12.03
2026-10-03T12:01:49,6230.3,49.0,78.0,80.0,238.0,3122.0,1258.0,2219.0,12.03
2026-10-03T12:01:59,6240.3,49.0,78.0,80.0,238.0,3122.0,1258.0,2219.0,12.03
2026-10-03T12:02:09,6250.3,49.0,78.0,80.0,238.0,3122.0,1258.0,2215.0,12.03
2026-10-03T12:02:19,6260.3,49.0,78.0,80.0,238.0,3123.0,1258.0,2217.0,12.03
2026-10-03T12:02:29,6270.3,49.0,78.0,80.0,238.0,3124.0,1258.0,2214.0,12.03
2026-10-03T12:02:39,6280.3,49.0,78.0,80.0,238.0,3123.0,1258.0,2215.0,12.03
2026-10-03T12:02:49,6290.3,49.0,78.0,80.0,237.0,3125.0,1258.0,2216.0,12.03
2026-10-03T12:02:59,6300.3,49.0,79.0,78.0,231.0,3137.0,1258.0,2255.0,12.03
2026-10-03T12:03:09,6310.3,49.0,78.0,79.0,238.0,3125.0,1258.0,2286.0,12.03
2026-10-03T12:03:19,6320.3,49.0,77.0,80.0,238.0,3124.0,1258.0,2211.0,12.03
2026-10-03T12:03:29,6330.3,49.0,78.0,80.0,238.0,3124.0,1258.0,2196.0,12.03
2026-10-03T12:03:39,6340.3,49.0,78.0,80.0,238.0,3124.0,1258.0,2215.0,12.03
2026-10-03T12:03:49,6350.3,49.0,78.0,80.0,238.0,3123.0,1258.0,2215.0,12.03
2026-10-03T12:03:59,6360.3,49.0,78.0,80.0,238.0,3122.0,1258.0,2213.0,12.03
2026-10-03T12:04:09,6370.4,49.0,78.0,80.0,238.0,3122.0,1258.0,2217.0,12.03
2026-10-03T12:04:19,6380.4,49.0,78.0,80.0,238.0,3122.0,1258.0,2216.0,12.03
2026-10-03T12:04:29,6390.4,49.0,78.0,80.0,238.0,3121.0,1258.0,2215.0,12.03
2026-10-03T12:04:39,6400.4,49.0,78.0,80.0,238.0,3120.0,1258.0,2217.0,12.03
2026-10-03T12:04:49,6410.4,49.0,78.0,80.0,238.0,3121.0,1258.0,2215.0,12.03
2026-10-03T12:04:59,6420.4,49.0,78.0,80.0,238.0,3121.0,1258.0,2219.0,12.03
2026-10-03T12:05:09,6430.4,49.0,78.0,80.0,238.0,3121.0,1258.0,2217.0,12.03
2026-10-03T12:05:19,6440.4,49.0,78.0,80.0,238.0,3121.0,1258.0,2217.0,12.03
2026-10-03T12:05:29,6450.4,49.0,78.0,80.0,238.0,3121.0,1258.0,2216.0,12.03
2026-10-03T12:05:39,6460.4,49.0,78.0,80.0,238.0,3120.0,1258.0,2215.0,12.03
2026-10-03T12:05:49,6470.4,49.0,78.0,80.0,238.0,3120.0,1258.0,2218.0,12.03
2026-10-03T12:05:59,6480.4,49.0,78.0,80.0,238.0,3120.0,1258.0,2218.0,12.03
2026-10-03T12:06:09,6490.4,49.0,78.0,80.0,238.0,3121.0,1258.0,2216.0,12.03
2026-10-03T12:06:19,6500.4,49.0,78.0,80.0,238.0,3122.0,1258.0,2217.0,12.03
2026-10-03T12:06:29,6510.4,49.0,78.0,80.0,238.0,3122.0,1258.0,2219.0,12.03
2026-10-03T12:06:39,6520.4,49.0,78.0,80.0,238.0,3122.0,1258.0,2215.0,12.03
2026-10-03T12:06:49,6530.4,49.0,78.0,80.0,238.0,3122.0,1258.0,2218.0,12.03
2026-10-03T12:06:59,6540.4,49.0,78.0,80.0,238.0,3122.0,1258.0,2218.0,12.03
2026-10-03T12:07:09,6550.4,49.0,78.0,80.0,238.0,3121.0,1258.0,2216.0,12.03
2026-10-03T12:07:19,6560.4,49.0,78.0,80.0,238.0,3122.0,1258.0,2216.0,12.03
2026-10-03T12:07:29,6570.4,49.0,79.0,79.0,233.0,3133.0,1258.0,2246.0,12.03
2026-10-03T12:07:39,6580.4,49.0,79.0,79.0,235.0,3131.0,1258.0,2271.0,12.03
2026-10-03T12:07:49,6590.4,49.0,78.0,80.0,238.0,3120.0,1258.0,2255.0,12.03
2026-10-03T12:07:59,6600.4,49.0,78.0,80.0,238.0,3121.0,1258.0,2214.0,12.03
2026-10-03T12:08:09,6610.4,49.0,78.0,80.0,238.0,3122.0,1258.0,2214.0,12.03
2026-10-03T12:08:19,6620.4,49.0,78.0,80.0,238.0,3121.0,1258.0,2219.0,12.03
2026-10-03T12:08:29,6630.4,49.0,78.0,80.0,238.0,3122.0,1258.0,2224.0,12.03
2026-10-03T12:08:39,6640.4,49.0,78.0,80.0,238.0,3121.0,1258.0,2221.0,12.03
2026-10-03T12:08:49,6650.4,49.0,78.0,80.0,238.0,3122.0,1258.0,2222.0,12.03
2026-10-03T12:08:59,6660.4,49.0,78.0,80.0,238.0,3121.0,1258.0,2216.0,12.03
2026-10-03T12:09:09,6670.4,49.0,78.0,80.0,238.0,3121.0,1258.0,2218.0,12.03
2026-10-03T12:09:19,6680.4,49.0,78.0,80.0,238.0,3122.0,1258.0,2218.0,12.03
2026-10-03T12:09:29,6690.4,49.0,78.0,80.0,238.0,3122.0,1258.0,2222.0,12.03
2026-10-03T12:09:39,6700.4,49.0,78.0,80.0,238.0,3122.0,1258.0,2216.0,12.03
2026-10-03T12:09:49,6710.4,49.0,78.0,80.0,238.0,3122.0,1258.0,2219.0,12.03
2026-10-03T12:09:59,6720.4,49.0,78.0,80.0,238.0,3122.0,1258.0,2221.0,12.03
2026-10-03T12:10:09,6730.4,49.0,78.0,80.0,238.0,3121.0,1258.0,2220.0,12.03
2026-10-03T12:10:19,6740.4,49.0,78.0,80.0,238.0,3121.0,1258.0,2217.0,12.03
2026-10-03T12:10:29,6750.4,49.0,78.0,81.0,238.0,3122.0,1258.0,2217.0,12.03
2026-10-03T12:10:39,6760.4,49.0,78.0,80.0,238.0,3122.0,1258.0,2220.0,12.03
2026-10-03T12:10:49,6770.4,49.0,78.0,80.0,238.0,3121.0,1258.0,2216.0,12.03
2026-10-03T12:10:59,6780.4,49.0,78.0,81.0,238.0,3121.0,1258.0,2218.0,12.03
2026-10-03T12:11:09,6790.4,49.0,78.0,81.0,238.0,3121.0,1258.0,2220.0,12.03
2026-10-03T12:11:19,6800.4,49.0,78.0,81.0,238.0,3121.0,1258.0,2221.0,12.03
2026-10-03T12:11:29,6810.4,49.0,78.0,81.0,238.0,3120.0,1258.0,2221.0,12.03
2026-10-03T12:11:39,6820.4,49.0,78.0,81.0,238.0,3120.0,1258.0,2217.0,12.03
2026-10-03T12:11:49,6830.4,49.0,78.0,81.0,238.0,3122.0,1258.0,2219.0,12.03
2026-10-03T12:11:59,6840.4,49.0,78.0,80.0,236.0,3126.0,1258.0,2223.0,12.03
2026-10-03T12:12:09,6850.4,49.0,79.0,78.0,231.0,3137.0,1258.0,2262.0,12.03
2026-10-03T12:12:19,6860.4,49.0,78.0,80.0,239.0,3120.0,1258.0,2293.0,12.03
2026-10-03T12:12:29,6870.4,49.0,78.0,80.0,238.0,3120.0,1258.0,2219.0,12.03
2026-10-03T12:12:39,6880.4,49.0,78.0,80.0,238.0,3120.0,1258.0,2214.0,12.03
2026-10-03T12:12:49,6890.4,49.0,78.0,80.0,238.0,3122.0,1258.0,2217.0,12.03
2026-10-03T12:12:59,6900.4,49.0,78.0,80.0,238.0,3121.0,1258.0,2216.0,12.03
2026-10-03T12:13:09,6910.4,49.0,78.0,80.0,238.0,3120.0,1258.0,2221.0,12.03
2026-10-03T12:13:19,6920.4,49.0,78.0,80.0,238.0,3122.0,1258.0,2217.0,12.03
2026-10-03T12:13:29,6930.4,49.0,78.0,80.0,238.0,3122.0,1258.0,2222.0,12.03
2026-10-03T12:13:39,6940.4,49.0,78.0,80.0,238.0,3123.0,1258.0,2223.0,12.03
2026-10-03T12:13:49,6950.4,49.0,78.0,81.0,238.0,3122.0,1258.0,2222.0,12.03
2026-10-03T12:13:59,6960.4,49.0,78.0,80.0,238.0,3123.0,1258.0,2218.0,12.03
2026-10-03T12:14:09,6970.4,49.0,78.0,81.0,238.0,3122.0,1258.0,2225.0,12.03
2026-10-03T12:14:19,6980.4,49.0,78.0,81.0,238.0,3123.0,1258.0,2217.0,12.03
2026-10-03T12:14:29,6990.4,49.0,78.0,81.0,238.0,3121.0,1258.0,2220.0,12.03
2026-10-03T12:14:39,7000.4,49.0,78.0,80.0,238.0,3121.0,1258.0,2224.0,12.03
2026-10-03T12:14:49,7010.4,49.0,78.0,80.0,238.0,3121.0,1258.0,2219.0,12.03
2026-10-03T12:14:59,7020.4,49.0,78.0,80.0,238.0,3121.0,1258.0,2219.0,12.03
2026-10-03T12:15:09,7030.4,49.0,78.0,81.0,238.0,3121.0,1258.0,2220.0,12.03
2026-10-03T12:15:19,7040.4,49.0,78.0,81.0,238.0,3121.0,1258.0,2224.0,12.03
2026-10-03T12:15:29,7050.4,49.0,78.0,81.0,238.0,3123.0,1258.0,2224.0,12.03
2026-10-03T12:15:39,7060.4,49.0,78.0,81.0,238.0,3123.0,1258.0,2222.0,12.03
2026-10-03T12:15:49,7070.4,49.0,78.0,81.0,238.0,3123.0,1258.0,2224.0,12.03
2026-10-03T12:15:59,7080.4,49.0,78.0,81.0,238.0,3122.0,1258.0,2217.0,12.03
2026-10-03T12:16:09,7090.4,49.0,78.0,81.0,238.0,3123.0,1258.0,2219.0,12.03
2026-10-03T12:16:19,7100.4,49.0,78.0,81.0,238.0,3122.0,1258.0,2225.0,12.03
2026-10-03T12:16:29,7110.4,49.0,78.0,80.0,238.0,3121.0,1258.0,2219.0,12.03
2026-10-03T12:16:39,7120.4,49.0,79.0,79.0,232.0,3137.0,1258.0,2258.0,12.03
2026-10-03T12:16:49,7130.4,49.0,79.0,79.0,236.0,3129.0,1258.0,2285.0,12.03
2026-10-03T12:16:59,7140.4,49.0,78.0,80.0,238.0,3123.0,1258.0,2245.0,12.03
2026-10-03T12:17:09,7150.4,49.0,78.0,80.0,238.0,3123.0,1258.0,2213.0,12.03
2026-10-03T12:17:19,7160.4,49.0,78.0,80.0,238.0,3123.0,1258.0,2220.0,12.03
2026-10-03T12:17:29,7170.4,49.0,78.0,80.0,238.0,3124.0,1258.0,2221.0,12.03
2026-10-03T12:17:39,7180.4,49.0,78.0,80.0,238.0,3123.0,1258.0,2222.0,12.03
2026-10-03T12:17:49,7190.4,49.0,78.0,80.0,238.0,3122.0,1258.0,2222.0,12.03
2026-10-03T12:17:59,7200.4,49.0,78.0,80.0,238.0,3122.0,1258.0,2221.0,12.03
2026-10-03T12:18:09,7210.4,49.0,78.0,81.0,238.0,3122.0,1258.0,2223.0,12.03
2026-10-03T12:18:19,7220.4,49.0,78.0,81.0,238.0,3123.0,1258.0,2221.0,12.03
2026-10-03T12:18:29,7230.4,49.0,78.0,80.0,238.0,3122.0,1258.0,2222.0,12.03
2026-10-03T12:18:39,7240.4,49.0,78.0,80.0,238.0,3123.0,1258.0,2223.0,12.03
2026-10-03T12:18:49,7250.4,49.0,78.0,81.0,238.0,3122.0,1258.0,2215.0,12.03
2026-10-03T12:18:59,7260.4,49.0,78.0,81.0,238.0,3124.0,1258.0,2224.0,12.03
2026-10-03T12:19:09,7270.4,49.0,78.0,81.0,238.0,3122.0,1258.0,2219.0,12.03
2026-10-03T12:19:19,7280.4,49.0,78.0,81.0,238.0,3123.0,1258.0,2216.0,12.03
2026-10-03T12:19:29,7290.4,49.0,78.0,81.0,238.0,3123.0,1258.0,2217.0,12.03
2026-10-03T12:19:39,7300.4,49.0,78.0,81.0,238.0,3123.0,1258.0,2224.0,12.03
2026-10-03T12:19:49,7310.4,49.0,78.0,81.0,238.0,3123.0,1258.0,2215.0,12.03
2026-10-03T12:19:59,7320.4,49.0,78.0,81.0,238.0,3122.0,1258.0,2218.0,12.03
2026-10-03T12:20:09,7330.4,49.0,78.0,81.0,238.0,3124.0,1258.0,2224.0,12.03
2026-10-03T12:20:19,7340.4,49.0,78.0,81.0,238.0,3124.0,1258.0,2219.0,12.03
2026-10-03T12:20:29,7350.4,49.0,78.0,81.0,238.0,3124.0,1258.0,2220.0,12.03
2026-10-03T12:20:39,7360.4,49.0,78.0,81.0,238.0,3121.0,1258.0,2223.0,12.03
2026-10-03T12:20:49,7370.4,49.0,78.0,81.0,238.0,3121.0,1258.0,2219.0,12.03
2026-10-03T12:20:59,7380.4,49.0,78.0,81.0,238.0,3121.0,1258.0,2225.0,12.03
2026-10-03T12:21:09,7390.4,49.0,79.0,80.0,234.0,3131.0,1258.0,2236.0,12.03
2026-10-03T12:21:19,7400.4,49.0,79.0,78.0,233.0,3138.0,1258.0,2265.0,12.03
2026-10-03T12:21:29,7410.4,49.0,78.0,80.0,238.0,3122.0,1258.0,2287.0,12.03
2026-10-03T12:21:39,7420.4,49.0,78.0,80.0,238.0,3122.0,1258.0,2214.0,12.03
2026-10-03T12:21:49,7430.4,49.0,78.0,80.0,238.0,3123.0,1258.0,2217.0,12.03
2026-10-03T12:21:59,7440.4,49.0,78.0,80.0,238.0,3123.0,1258.0,2223.0,12.03
2026-10-03T12:22:09,7450.4,49.0,78.0,81.0,238.0,3123.0,1258.0,2219.0,12.03
2026-10-03T12:22:19,7460.4,49.0,78.0,81.0,238.0,3123.0,1258.0,2227.0,12.03
2026-10-03T12:22:29,7470.4,49.0,78.0,81.0,238.0,3123.0,1258.0,2227.0,12.03
2026-10-03T12:22:39,7480.4,49.0,78.0,81.0,238.0,3123.0,1258.0,2228.0,12.03
2026-10-03T12:22:49,7490.4,49.0,78.0,81.0,238.0,3123.0,1258.0,2223.0,12.03
2026-10-03T12:22:59,7500.4,49.0,78.0,81.0,238.0,3122.0,1258.0,2226.0,12.03
2026-10-03T12:23:09,7510.4,49.0,78.0,81.0,238.0,3122.0,1258.0,2225.0,12.03
2026-10-03T12:23:19,7520.4,49.0,78.0,81.0,238.0,3122.0,1258.0,2225.0,12.03
2026-10-03T12:23:29,7530.4,49.0,78.0,81.0,238.0,3123.0,1258.0,2223.0,12.03
2026-10-03T12:23:39,7540.4,49.0,78.0,81.0,238.0,3124.0,1258.0,2220.0,12.03
2026-10-03T12:23:49,7550.4,49.0,78.0,81.0,238.0,3123.0,1258.0,2228.0,12.03
2026-10-03T12:23:59,7560.4,49.0,78.0,81.0,238.0,3122.0,1258.0,2228.0,12.03
2026-10-03T12:24:09,7570.4,49.0,78.0,81.0,238.0,3122.0,1258.0,2224.0,12.03
2026-10-03T12:24:19,7580.4,49.0,78.0,81.0,238.0,3123.0,1258.0,2224.0,12.03
2026-10-03T12:24:29,7590.4,49.0,78.0,81.0,238.0,3123.0,1258.0,2227.0,12.03
2026-10-03T12:24:39,7600.4,49.0,78.0,81.0,238.0,3124.0,1258.0,2223.0,12.03
2026-10-03T12:24:49,7610.4,49.0,78.0,81.0,238.0,3124.0,1258.0,2226.0,12.03
2026-10-03T12:24:59,7620.4,49.0,78.0,81.0,238.0,3123.0,1258.0,2225.0,12.03
2026-10-03T12:25:09,7630.4,49.0,78.0,81.0,238.0,3123.0,1258.0,2223.0,12.03
2026-10-03T12:25:19,7640.4,49.0,78.0,81.0,238.0,3122.0,1258.0,2221.0,12.03
2026-10-03T12:25:29,7650.4,49.0,78.0,81.0,238.0,3124.0,1258.0,2228.0,12.03
2026-10-03T12:25:39,7660.4,49.0,78.0,81.0,237.0,3125.0,1258.0,2225.0,12.03
2026-10-03T12:25:49,7670.4,49.0,79.0,79.0,232.0,3139.0,1258.0,2270.0,12.03
2026-10-03T12:25:59,7680.4,49.0,79.0,79.0,238.0,3127.0,1258.0,2297.0,12.03
2026-10-03T12:26:09,7690.4,49.0,78.0,80.0,238.0,3123.0,1258.0,2235.0,12.03
2026-10-03T12:26:19,7700.4,49.0,78.0,81.0,238.0,3122.0,1258.0,2211.0,12.03
2026-10-03T12:26:29,7710.4,49.0,78.0,81.0,238.0,3122.0,1258.0,2227.0,12.03
2026-10-03T12:26:39,7720.4,49.0,78.0,81.0,238.0,3122.0,1258.0,2220.0,12.03
2026-10-03T12:26:49,7730.4,49.0,78.0,81.0,238.0,3121.0,1258.0,2226.0,12.03
2026-10-03T12:26:59,7740.4,49.0,78.0,81.0,238.0,3122.0,1258.0,2219.0,12.03
2026-10-03T12:27:09,7750.4,49.0,78.0,81.0,238.0,3122.0,1258.0,2227.0,12.03
2026-10-03T12:27:19,7760.4,49.0,78.0,81.0,238.0,3121.0,1258.0,2230.0,12.03
2026-10-03T12:27:29,7770.4,49.0,78.0,81.0,238.0,3122.0,1258.0,2223.0,12.03
2026-10-03T12:27:39,7780.4,49.0,78.0,81.0,238.0,3123.0,1258.0,2227.0,12.03
2026-10-03T12:27:49,7790.4,49.0,78.0,81.0,238.0,3123.0,1258.0,2234.0,12.03
2026-10-03T12:27:59,7800.4,49.0,78.0,81.0,238.0,3122.0,1258.0,2225.0,12.03
2026-10-03T12:28:09,7810.4,49.0,78.0,81.0,238.0,3121.0,1258.0,2231.0,12.03
2026-10-03T12:28:19,7820.4,49.0,78.0,81.0,238.0,3121.0,1258.0,2228.0,12.03
2026-10-03T12:28:29,7830.4,49.0,78.0,81.0,238.0,3122.0,1258.0,2229.0,12.03
2026-10-03T12:28:39,7840.4,49.0,78.0,82.0,238.0,3122.0,1258.0,2230.0,12.03
2026-10-03T12:28:49,7850.4,49.0,78.0,82.0,238.0,3123.0,1258.0,2232.0,12.03
2026-10-03T12:28:59,7860.4,49.0,78.0,81.0,238.0,3123.0,1258.0,2237.0,12.03
2026-10-03T12:29:09,7870.4,49.0,78.0,82.0,238.0,3123.0,1258.0,2225.0,12.03
2026-10-03T12:29:19,7880.4,49.0,78.0,82.0,238.0,3122.0,1258.0,2235.0,12.03
2026-10-03T12:29:29,7890.4,49.0,78.0,81.0,238.0,3123.0,1258.0,2220.0,12.03
2026-10-03T12:29:39,7900.4,49.0,78.0,81.0,238.0,3122.0,1258.0,2229.0,12.03
2026-10-03T12:29:49,7910.4,49.0,78.0,81.0,238.0,3122.0,1258.0,2233.0,12.03
2026-10-03T12:29:59,7920.4,49.0,78.0,81.0,238.0,3122.0,1258.0,2227.0,12.03
2026-10-03T12:30:09,7930.4,49.0,78.0,81.0,238.0,3122.0,1258.0,2233.0,12.03
2026-10-03T12:30:19,7940.4,49.0,79.0,80.0,233.0,3135.0,1258.0,2249.0,12.03
2026-10-03T12:30:29,7950.4,49.0,80.0,79.0,235.0,3134.0,1258.0,2287.0,12.03
2026-10-03T12:30:39,7960.4,49.0,78.0,80.0,238.0,3123.0,1258.0,2281.0,12.03
2026-10-03T12:30:49,7970.4,49.0,78.0,81.0,238.0,3123.0,1258.0,2214.0,12.03
2026-10-03T12:30:59,7980.4,49.0,78.0,81.0,238.0,3122.0,1258.0,2232.0,12.03
2026-10-03T12:31:09,7990.4,49.0,78.0,81.0,238.0,3122.0,1258.0,2226.0,12.03
2026-10-03T12:31:19,8000.4,49.0,78.0,81.0,238.0,3122.0,1258.0,2230.0,12.03
2026-10-03T12:31:29,8010.4,49.0,78.0,81.0,238.0,3122.0,1258.0,2229.0,12.03
2026-10-03T12:31:39,8020.4,49.0,78.0,81.0,238.0,3123.0,1258.0,2232.0,12.03
2026-10-03T12:31:49,8030.4,49.0,78.0,81.0,238.0,3124.0,1258.0,2234.0,12.03
2026-10-03T12:31:59,8040.4,49.0,78.0,81.0,238.0,3124.0,1258.0,2222.0,12.03
2026-10-03T12:32:09,8050.4,49.0,78.0,81.0,238.0,3122.0,1258.0,2235.0,12.03
2026-10-03T12:32:19,8060.4,49.0,78.0,81.0,238.0,3122.0,1258.0,2229.0,12.03
2026-10-03T12:32:29,8070.4,49.0,78.0,81.0,238.0,3122.0,1258.0,2222.0,12.03
2026-10-03T12:32:39,8080.4,49.0,78.0,81.0,238.0,3122.0,1258.0,2234.0,12.03
2026-10-03T12:32:49,8090.4,49.0,78.0,81.0,238.0,3123.0,1258.0,2224.0,12.03
2026-10-03T12:32:59,8100.4,49.0,78.0,82.0,238.0,3121.0,1258.0,2228.0,12.03
2026-10-03T12:33:09,8110.4,49.0,78.0,81.0,238.0,3121.0,1258.0,2228.0,12.03
2026-10-03T12:33:19,8120.4,49.0,78.0,82.0,238.0,3122.0,1258.0,2227.0,12.03
2026-10-03T12:33:29,8130.4,49.0,78.0,81.0,238.0,3122.0,1258.0,2228.0,12.03
2026-10-03T12:33:39,8140.4,49.0,78.0,82.0,238.0,3121.0,1258.0,2227.0,12.03
2026-10-03T12:33:49,8150.4,49.0,78.0,82.0,238.0,3122.0,1258.0,2232.0,12.03
2026-10-03T12:33:59,8160.4,49.0,78.0,82.0,238.0,3122.0,1258.0,2235.0,12.03
2026-10-03T12:34:09,8170.4,49.0,78.0,81.0,238.0,3122.0,1258.0,2234.0,12.03
2026-10-03T12:34:19,8180.4,49.0,78.0,82.0,238.0,3122.0,1258.0,2227.0,12.03
2026-10-03T12:34:29,8190.4,49.0,78.0,82.0,238.0,3122.0,1258.0,2228.0,12.03
2026-10-03T12:34:39,8200.4,49.0,78.0,82.0,238.0,3123.0,1258.0,2223.0,12.03
2026-10-03T12:34:49,8210.4,49.0,79.0,81.0,236.0,3128.0,1258.0,2227.0,12.03
2026-10-03T12:34:59,8220.4,49.0,79.0,79.0,231.0,3140.0,1258.0,2277.0,12.03
2026-10-03T12:35:09,8230.5,49.0,79.0,80.0,239.0,3126.0,1258.0,2297.0,12.03
2026-10-03T12:35:19,8240.5,49.0,78.0,81.0,238.0,3122.0,1258.0,2223.0,12.03
2026-10-03T12:35:29,8250.5,49.0,78.0,81.0,238.0,3123.0,1258.0,2224.0,12.03
2026-10-03T12:35:39,8260.5,49.0,78.0,81.0,238.0,3122.0,1258.0,2234.0,12.03
2026-10-03T12:35:49,8270.5,49.0,78.0,81.0,238.0,3124.0,1258.0,2229.0,12.03
2026-10-03T12:35:59,8280.5,49.0,78.0,81.0,238.0,3123.0,1258.0,2227.0,12.03
2026-10-03T12:36:09,8290.5,49.0,78.0,81.0,238.0,3123.0,1258.0,2229.0,12.03
2026-10-03T12:36:19,8300.5,49.0,78.0,82.0,238.0,3123.0,1258.0,2223.0,12.03
2026-10-03T12:36:29,8310.5,49.0,78.0,81.0,238.0,3123.0,1258.0,2232.0,12.03
2026-10-03T12:36:39,8320.5,49.0,78.0,81.0,238.0,3123.0,1258.0,2232.0,12.03
2026-10-03T12:36:49,8330.5,49.0,78.0,82.0,239.0,3123.0,1258.0,2224.0,12.03
2026-10-03T12:36:59,8340.5,49.0,78.0,81.0,238.0,3123.0,1258.0,2234.0,12.03
2026-10-03T12:37:09,8350.5,49.0,78.0,82.0,238.0,3123.0,1258.0,2229.0,12.03
2026-10-03T12:37:19,8360.5,49.0,78.0,82.0,238.0,3124.0,1258.0,2231.0,12.03
2026-10-03T12:37:29,8370.5,49.0,78.0,81.0,238.0,3123.0,1258.0,2228.0,12.03
2026-10-03T12:37:39,8380.5,49.0,78.0,81.0,238.0,3123.0,1258.0,2221.0,12.03
2026-10-03T12:37:49,8390.5,49.0,78.0,81.0,238.0,3123.0,1258.0,2224.0,12.03
2026-10-03T12:37:59,8400.5,49.0,78.0,82.0,238.0,3123.0,1258.0,2228.0,12.03
2026-10-03T12:38:09,8410.5,49.0,78.0,82.0,238.0,3122.0,1258.0,2224.0,12.03
2026-10-03T12:38:19,8420.5,49.0,78.0,82.0,238.0,3122.0,1258.0,2236.0,12.03
2026-10-03T12:38:29,8430.5,49.0,78.0,82.0,238.0,3125.0,1258.0,2225.0,12.03
2026-10-03T12:38:39,8440.5,49.0,78.0,82.0,238.0,3125.0,1258.0,2231.0,12.03
2026-10-03T12:38:49,8450.5,49.0,78.0,82.0,238.0,3125.0,1258.0,2227.0,12.03
2026-10-03T12:38:59,8460.5,49.0,78.0,82.0,238.0,3125.0,1258.0,2231.0,12.03
2026-10-03T12:39:09,8470.5,49.0,78.0,82.0,238.0,3125.0,1258.0,2240.0,12.03
2026-10-03T12:39:19,8480.5,49.0,78.0,82.0,238.0,3125.0,1258.0,2233.0,12.03
2026-10-03T12:39:29,8490.5,49.0,79.0,80.0,232.0,3139.0,1258.0,2264.0,12.03
2026-10-03T12:39:39,8500.5,49.0,79.0,79.0,236.0,3133.0,1258.0,2292.0,12.03
2026-10-03T12:39:49,8510.5,49.0,78.0,80.0,238.0,3124.0,1258.0,2262.0,12.03
2026-10-03T12:39:59,8520.5,49.0,78.0,81.0,238.0,3124.0,1258.0,2213.0,12.03
2026-10-03T12:40:09,8530.5,49.0,78.0,81.0,238.0,3124.0,1258.0,2235.0,12.03
2026-10-03T12:40:19,8540.5,49.0,78.0,81.0,238.0,3122.0,1258.0,2232.0,12.03
2026-10-03T12:40:29,8550.5,49.0,78.0,81.0,238.0,3122.0,1258.0,2234.0,12.03
2026-10-03T12:40:39,8560.5,49.0,78.0,81.0,238.0,3124.0,1258.0,2241.0,12.03
2026-10-03T12:40:49,8570.5,49.0,78.0,82.0,238.0,3122.0,1258.0,2231.0,12.03
2026-10-03T12:40:59,8580.5,49.0,78.0,82.0,238.0,3122.0,1258.0,2235.0,12.03
2026-10-03T12:41:09,8590.5,49.0,78.0,82.0,238.0,3124.0,1258.0,2230.0,12.03
2026-10-03T12:41:19,8600.5,49.0,78.0,82.0,238.0,3123.0,1258.0,2228.0,12.03
2026-10-03T12:41:29,8610.5,49.0,78.0,82.0,238.0,3123.0,1258.0,2236.0,12.03
2026-10-03T12:41:39,8620.5,49.0,78.0,82.0,238.0,3124.0,1258.0,2227.0,12.03
2026-10-03T12:41:49,8630.5,49.0,78.0,82.0,238.0,3125.0,1258.0,2234.0,12.03
2026-10-03T12:41:59,8640.5,49.0,78.0,82.0,238.0,3124.0,1258.0,2228.0,12.03
2026-10-03T12:42:09,8650.5,49.0,78.0,82.0,238.0,3125.0,1258.0,2233.0,12.03
2026-10-03T12:42:19,8660.5,49.0,78.0,82.0,238.0,3124.0,1258.0,2238.0,12.03
2026-10-03T12:42:29,8670.5,49.0,78.0,82.0,238.0,3124.0,1258.0,2230.0,12.03
2026-10-03T12:42:39,8680.5,49.0,78.0,82.0,238.0,3123.0,1258.0,2234.0,12.03
2026-10-03T12:42:49,8690.5,49.0,78.0,82.0,238.0,3122.0,1258.0,2227.0,12.03
2026-10-03T12:42:59,8700.5,49.0,78.0,82.0,238.0,3123.0,1258.0,2230.0,12.03
2026-10-03T12:43:09,8710.5,49.0,78.0,82.0,238.0,3122.0,1258.0,2234.0,12.03
2026-10-03T12:43:19,8720.5,49.0,78.0,81.0,238.0,3121.0,1258.0,2241.0,12.03
2026-10-03T12:43:29,8730.5,49.0,78.0,82.0,239.0,3121.0,1258.0,2243.0,12.03
2026-10-03T12:43:39,8740.5,49.0,78.0,82.0,238.0,3122.0,1258.0,2240.0,12.03
2026-10-03T12:43:49,8750.5,49.0,78.0,82.0,238.0,3122.0,1258.0,2241.0,12.03
2026-10-03T12:43:59,8760.5,49.0,79.0,81.0,235.0,3129.0,1258.0,2251.0,12.03
2026-10-03T12:44:09,8770.5,49.0,80.0,79.0,233.0,3139.0,1258.0,2277.0,12.03
2026-10-03T12:44:19,8780.5,49.0,79.0,80.0,239.0,3122.0,1258.0,2302.0,12.03
2026-10-03T12:44:29,8790.5,49.0,78.0,81.0,238.0,3122.0,1258.0,2217.0,12.03
2026-10-03T12:44:39,8800.5,49.0,78.0,81.0,238.0,3122.0,1258.0,2228.0,12.03
2026-10-03T12:44:49,8810.5,49.0,78.0,81.0,238.0,3122.0,1258.0,2236.0,12.03
2026-10-03T12:44:59,8820.5,49.0,78.0,82.0,238.0,3122.0,1258.0,2228.0,12.03
2026-10-03T12:45:09,8830.5,49.0,78.0,82.0,239.0,3123.0,1258.0,2241.0,12.03
2026-10-03T12:45:19,8840.5,49.0,78.0,82.0,238.0,3123.0,1258.0,2243.0,12.03
2026-10-03T12:45:29,8850.5,49.0,78.0,82.0,238.0,3122.0,1258.0,2239.0,12.03
2026-10-03T12:45:39,8860.5,49.0,78.0,82.0,238.0,3122.0,1258.0,2242.0,12.03
2026-10-03T12:45:49,8870.5,49.0,78.0,82.0,239.0,3121.0,1258.0,2242.0,12.03
2026-10-03T12:45:59,8880.5,49.0,78.0,82.0,238.0,3122.0,1258.0,2236.0,12.03
2026-10-03T12:46:09,8890.5,49.0,78.0,82.0,238.0,3123.0,1258.0,2236.0,12.03
2026-10-03T12:46:19,8900.5,49.0,78.0,82.0,238.0,3124.0,1258.0,2236.0,12.03
2026-10-03T12:46:29,8910.5,49.0,78.0,82.0,238.0,3123.0,1258.0,2241.0,12.03
2026-10-03T12:46:39,8920.5,49.0,78.0,82.0,238.0,3123.0,1258.0,2242.0,12.03
2026-10-03T12:46:49,8930.5,49.0,78.0,82.0,238.0,3122.0,1258.0,2237.0,12.03
2026-10-03T12:46:59,8940.5,49.0,78.0,82.0,238.0,3122.0,1258.0,2238.0,12.03
2026-10-03T12:47:09,8950.5,49.0,78.0,82.0,238.0,3121.0,1258.0,2236.0,12.03
2026-10-03T12:47:19,8960.5,50.0,78.0,82.0,238.0,3123.0,1258.0,2243.0,12.03
2026-10-03T12:47:29,8970.5,49.0,78.0,82.0,238.0,3122.0,1258.0,2240.0,12.03
2026-10-03T12:47:39,8980.5,49.0,78.0,82.0,238.0,3122.0,1258.0,2235.0,12.03
2026-10-03T12:47:49,8990.5,49.0,78.0,82.0,238.0,3122.0,1258.0,2243.0,12.03
2026-10-03T12:47:59,9000.5,49.0,78.0,82.0,239.0,3122.0,1258.0,2242.0,12.03
2026-10-03T12:48:09,9010.5,49.0,78.0,82.0,238.0,3122.0,1258.0,2243.0,12.03
2026-10-03T12:48:19,9020.5,49.0,78.0,82.0,238.0,3123.0,1258.0,2243.0,12.03
2026-10-03T12:48:29,9030.5,49.0,78.0,82.0,238.0,3123.0,1258.0,2243.0,12.03
2026-10-03T12:48:39,9040.5,49.0,80.0,80.0,231.0,3138.0,1258.0,2274.0,12.03
2026-10-03T12:48:49,9050.5,49.0,79.0,79.0,237.0,3129.0,1258.0,2305.0,12.03
2026-10-03T12:48:59,9060.5,49.0,78.0,81.0,238.0,3123.0,1258.0,2245.0,12.03
2026-10-03T12:49:09,9070.5,49.0,78.0,81.0,238.0,3122.0,1258.0,2234.0,12.03
2026-10-03T12:49:19,9080.5,49.0,78.0,82.0,238.0,3122.0,1258.0,2243.0,12.03
2026-10-03T12:49:29,9090.5,49.0,78.0,82.0,238.0,3122.0,1258.0,2243.0,12.03
2026-10-03T12:49:39,9100.5,49.0,78.0,82.0,239.0,3123.0,1258.0,2244.0,12.03
2026-10-03T12:49:49,9110.5,49.0,78.0,82.0,238.0,3124.0,1258.0,2243.0,12.03
2026-10-03T12:49:59,9120.5,50.0,78.0,82.0,238.0,3124.0,1258.0,2243.0,12.03
2026-10-03T12:50:09,9130.5,49.0,78.0,82.0,238.0,3124.0,1258.0,2243.0,12.03
2026-10-03T12:50:19,9140.5,49.0,79.0,82.0,238.0,3123.0,1258.0,2244.0,12.03
2026-10-03T12:50:29,9150.5,49.0,78.0,82.0,238.0,3122.0,1258.0,2243.0,12.03
2026-10-03T12:50:39,9160.5,49.0,78.0,82.0,238.0,3122.0,1258.0,2244.0,12.03
2026-10-03T12:50:49,9170.5,49.0,78.0,82.0,238.0,3122.0,1258.0,2244.0,12.03
2026-10-03T12:50:59,9180.5,49.0,78.0,82.0,239.0,3121.0,1258.0,2242.0,12.03
2026-10-03T12:51:09,9190.5,49.0,78.0,82.0,238.0,3122.0,1258.0,2243.0,12.03
2026-10-03T12:51:19,9200.5,49.0,78.0,82.0,238.0,3122.0,1258.0,2242.0,12.03
2026-10-03T12:51:29,9210.5,49.0,78.0,82.0,238.0,3122.0,1258.0,2243.0,12.03
2026-10-03T12:51:39,9220.5,49.0,78.0,82.0,238.0,3123.0,1258.0,2242.0,12.03
2026-10-03T12:51:49,9230.5,49.0,78.0,82.0,238.0,3123.0,1258.0,2242.0,12.03
2026-10-03T12:51:59,9240.5,49.0,78.0,82.0,238.0,3122.0,1258.0,2239.0,12.03
2026-10-03T12:52:09,9250.5,49.0,78.0,82.0,238.0,3121.0,1258.0,2236.0,12.03
2026-10-03T12:52:19,9260.5,49.0,78.0,82.0,238.0,3122.0,1258.0,2232.0,12.03
2026-10-03T12:52:29,9270.5,49.0,78.0,82.0,238.0,3123.0,1258.0,2242.0,12.03
2026-10-03T12:52:39,9280.5,49.0,78.0,82.0,238.0,3124.0,1258.0,2242.0,12.03
2026-10-03T12:52:49,9290.5,49.0,78.0,82.0,238.0,3123.0,1258.0,2244.0,12.03
2026-10-03T12:52:59,9300.5,49.0,78.0,82.0,238.0,3123.0,1258.0,2244.0,12.03
2026-10-03T12:53:09,9310.5,49.0,79.0,81.0,234.0,3132.0,1258.0,2261.0,12.03
2026-10-03T12:53:19,9320.5,49.0,80.0,79.0,234.0,3136.0,1258.0,2290.0,12.03
2026-10-03T12:53:29,9330.5,49.0,78.0,80.0,238.0,3122.0,1258.0,2296.0,12.03
2026-10-03T12:53:39,9340.5,49.0,78.0,81.0,238.0,3123.0,1258.0,2214.0,12.03
2026-10-03T12:53:49,9350.5,49.0,78.0,81.0,238.0,3123.0,1258.0,2229.0,12.03
2026-10-03T12:53:59,9360.5,49.0,78.0,81.0,238.0,3123.0,1258.0,2242.0,12.03
2026-10-03T12:54:09,9370.5,49.0,78.0,82.0,239.0,3122.0,1258.0,2243.0,12.03
2026-10-03T12:54:19,9380.5,49.0,78.0,82.0,238.0,3124.0,1258.0,2244.0,12.03
2026-10-03T12:54:29,9390.5,49.0,78.0,82.0,238.0,3124.0,1258.0,2244.0,12.03
2026-10-03T12:54:39,9400.5,49.0,78.0,82.0,238.0,3124.0,1258.0,2243.0,12.03
2026-10-03T12:54:49,9410.5,49.0,78.0,82.0,239.0,3123.0,1258.0,2244.0,12.03
2026-10-03T12:54:59,9420.5,49.0,78.0,82.0,238.0,3124.0,1258.0,2243.0,12.03
2026-10-03T12:55:09,9430.5,49.0,78.0,82.0,238.0,3122.0,1258.0,2242.0,12.03
2026-10-03T12:55:19,9440.5,49.0,78.0,82.0,238.0,3121.0,1258.0,2243.0,12.03
2026-10-03T12:55:29,9450.5,49.0,78.0,82.0,238.0,3122.0,1258.0,2243.0,12.03
2026-10-03T12:55:39,9460.5,49.0,78.0,82.0,239.0,3122.0,1258.0,2240.0,12.03
2026-10-03T12:55:49,9470.5,49.0,78.0,82.0,238.0,3122.0,1258.0,2230.0,12.03
2026-10-03T12:55:59,9480.5,49.0,78.0,82.0,238.0,3122.0,1258.0,2239.0,12.03
2026-10-03T12:56:09,9490.5,49.0,78.0,82.0,238.0,3123.0,1258.0,2242.0,12.03
2026-10-03T12:56:19,9500.5,49.0,78.0,82.0,239.0,3123.0,1258.0,2242.0,12.03
2026-10-03T12:56:29,9510.5,49.0,78.0,82.0,238.0,3124.0,1258.0,2244.0,12.03
2026-10-03T12:56:40,9520.5,49.0,78.0,82.0,238.0,3125.0,1258.0,2243.0,12.03
2026-10-03T12:56:50,9530.5,49.0,78.0,82.0,238.0,3125.0,1258.0,2244.0,12.03
2026-10-03T12:57:00,9540.5,49.0,78.0,82.0,239.0,3123.0,1258.0,2244.0,12.03
2026-10-03T12:57:10,9550.5,49.0,78.0,82.0,238.0,3124.0,1258.0,2244.0,12.03
2026-10-03T12:57:20,9560.5,49.0,78.0,82.0,238.0,3124.0,1258.0,2243.0,12.03
2026-10-03T12:57:30,9570.5,50.0,78.0,82.0,238.0,3122.0,1258.0,2244.0,12.03
2026-10-03T12:57:40,9580.5,50.0,79.0,82.0,237.0,3126.0,1258.0,2248.0,12.03
2026-10-03T12:57:50,9590.5,49.0,80.0,80.0,231.0,3138.0,1258.0,2286.0,12.03
2026-10-03T12:58:00,9600.5,49.0,79.0,80.0,238.0,3126.0,1258.0,2317.0,12.03
2026-10-03T12:58:10,9610.5,49.0,78.0,81.0,238.0,3122.0,1258.0,2256.0,12.03
2026-10-03T12:58:20,9620.5,49.0,79.0,82.0,238.0,3121.0,1258.0,2242.0,12.03
2026-10-03T12:58:30,9630.5,49.0,78.0,82.0,238.0,3123.0,1258.0,2242.0,12.03
2026-10-03T12:58:40,9640.5,50.0,79.0,82.0,239.0,3122.0,1258.0,2242.0,12.03
2026-10-03T12:58:50,9650.5,50.0,79.0,82.0,238.0,3122.0,1258.0,2247.0,12.03
2026-10-03T12:59:00,9660.5,50.0,79.0,82.0,238.0,3122.0,1258.0,2249.0,12.03
2026-10-03T12:59:10,9670.5,50.0,79.0,82.0,238.0,3122.0,1258.0,2245.0,12.03
2026-10-03T12:59:20,9680.5,50.0,79.0,82.0,239.0,3123.0,1258.0,2246.0,12.03
2026-10-03T12:59:30,9690.5,50.0,79.0,82.0,238.0,3124.0,1258.0,2250.0,12.03
2026-10-03T12:59:40,9700.5,50.0,79.0,82.0,238.0,3124.0,1258.0,2247.0,12.03
2026-10-03T12:59:50,9710.5,50.0,79.0,82.0,238.0,3124.0,1258.0,2249.0,12.03
2026-10-03T13:00:00,9720.5,50.0,79.0,82.0,238.0,3123.0,1258.0,2250.0,12.03
2026-10-03T13:00:10,9730.5,50.0,79.0,82.0,239.0,3122.0,1258.0,2247.0,12.03
2026-10-03T13:00:20,9740.5,50.0,79.0,82.0,238.0,3124.0,1258.0,2246.0,12.03
2026-10-03T13:00:30,9750.5,50.0,79.0,82.0,238.0,3123.0,1258.0,2245.0,12.03
2026-10-03T13:00:40,9760.5,50.0,79.0,82.0,238.0,3123.0,1258.0,2248.0,12.03
2026-10-03T13:00:50,9770.5,50.0,79.0,82.0,239.0,3123.0,1258.0,2246.0,12.03
2026-10-03T13:01:00,9780.5,50.0,79.0,82.0,238.0,3124.0,1258.0,2248.0,12.03
2026-10-03T13:01:10,9790.5,50.0,79.0,82.0,238.0,3123.0,1258.0,2246.0,12.03
2026-10-03T13:01:20,9800.5,50.0,79.0,82.0,238.0,3124.0,1258.0,2245.0,12.03
2026-10-03T13:01:30,9810.5,50.0,79.0,82.0,239.0,3122.0,1258.0,2249.0,12.03
2026-10-03T13:01:40,9820.5,50.0,79.0,82.0,239.0,3122.0,1258.0,2245.0,12.03
2026-10-03T13:01:50,9830.5,50.0,79.0,82.0,238.0,3123.0,1258.0,2243.0,12.03
2026-10-03T13:02:00,9840.5,50.0,79.0,82.0,238.0,3123.0,1258.0,2246.0,12.03
2026-10-03T13:02:10,9850.5,50.0,79.0,82.0,238.0,3123.0,1258.0,2246.0,12.03
2026-10-03T13:02:20,9860.5,50.0,79.0,81.0,233.0,3134.0,1258.0,2269.0,12.03
2026-10-03T13:02:30,9870.5,50.0,80.0,80.0,235.0,3131.0,1258.0,2299.0,12.03
2026-10-03T13:02:40,9880.5,49.0,78.0,82.0,238.0,3122.0,1258.0,2285.0,12.03
2026-10-03T13:02:50,9890.5,49.0,78.0,82.0,238.0,3123.0,1258.0,2242.0,12.03
2026-10-03T13:03:00,9900.5,49.0,78.0,82.0,238.0,3122.0,1258.0,2242.0,12.03
2026-10-03T13:03:10,9910.5,50.0,79.0,82.0,239.0,3121.0,1258.0,2246.0,12.03
2026-10-03T13:03:20,9920.5,50.0,79.0,82.0,238.0,3123.0,1258.0,2247.0,12.03
2026-10-03T13:03:30,9930.5,50.0,79.0,82.0,239.0,3121.0,1258.0,2246.0,12.03
2026-10-03T13:03:40,9940.5,50.0,79.0,82.0,239.0,3120.0,1258.0,2249.0,12.03
2026-10-03T13:03:50,9950.5,50.0,79.0,82.0,239.0,3119.0,1258.0,2253.0,12.03
2026-10-03T13:04:00,9960.5,50.0,79.0,82.0,238.0,3123.0,1258.0,2245.0,12.03
2026-10-03T13:04:10,9970.5,50.0,79.0,82.0,238.0,3122.0,1258.0,2247.0,12.03
2026-10-03T13:04:20,9980.5,50.0,79.0,82.0,239.0,3123.0,1258.0,2243.0,12.03
2026-10-03T13:04:30,9990.5,50.0,79.0,82.0,239.0,3122.0,1258.0,2249.0,12.03
2026-10-03T13:04:40,10000.5,50.0,79.0,82.0,239.0,3121.0,1258.0,2252.0,12.03
2026-10-03T13:04:50,10010.5,50.0,79.0,82.0,238.0,3121.0,1258.0,2247.0,12.03
2026-10-03T13:05:00,10020.5,50.0,79.0,82.0,238.0,3121.0,1258.0,2247.0,12.03
2026-10-03T13:05:10,10030.5,50.0,79.0,82.0,238.0,3121.0,1258.0,2247.0,12.03
2026-10-03T13:05:20,10040.5,50.0,79.0,82.0,239.0,3120.0,1258.0,2247.0,12.03
2026-10-03T13:05:30,10050.5,50.0,79.0,82.0,238.0,3121.0,1258.0,2243.0,12.03
2026-10-03T13:05:40,10060.5,50.0,79.0,82.0,238.0,3121.0,1258.0,2249.0,12.03
2026-10-03T13:05:50,10070.5,50.0,79.0,82.0,239.0,3121.0,1258.0,2252.0,12.03
2026-10-03T13:06:00,10080.6,50.0,79.0,82.0,239.0,3120.0,1258.0,2250.0,12.03
2026-10-03T13:06:10,10090.6,50.0,79.0,82.0,239.0,3120.0,1258.0,2247.0,12.03
2026-10-03T13:06:20,10100.6,50.0,79.0,82.0,239.0,3120.0,1258.0,2247.0,12.03
2026-10-03T13:06:30,10110.6,50.0,79.0,82.0,239.0,3120.0,1258.0,2250.0,12.03
2026-10-03T13:06:40,10120.6,50.0,79.0,82.0,239.0,3119.0,1258.0,2249.0,12.03
2026-10-03T13:06:50,10130.6,50.0,79.0,81.0,237.0,3125.0,1258.0,2257.0,12.03
2026-10-03T13:07:00,10140.6,50.0,80.0,80.0,232.0,3136.0,1258.0,2294.0,12.03
2026-10-03T13:07:10,10150.6,50.0,79.0,81.0,240.0,3122.0,1258.0,2325.0,12.03
2026-10-03T13:07:20,10160.6,50.0,79.0,82.0,238.0,3121.0,1258.0,2251.0,12.03
2026-10-03T13:07:30,10170.6,50.0,79.0,82.0,239.0,3120.0,1258.0,2243.0,12.03
2026-10-03T13:07:40,10180.6,50.0,79.0,82.0,239.0,3120.0,1258.0,2249.0,12.03
2026-10-03T13:07:50,10190.6,50.0,79.0,82.0,239.0,3120.0,1258.0,2252.0,12.03
2026-10-03T13:08:00,10200.6,50.0,79.0,82.0,239.0,3120.0,1258.0,2253.0,12.03
2026-10-03T13:08:10,10210.6,50.0,79.0,82.0,239.0,3120.0,1258.0,2250.0,12.03
2026-10-03T13:08:20,10220.6,50.0,79.0,82.0,239.0,3121.0,1258.0,2248.0,12.03
2026-10-03T13:08:30,10230.6,50.0,79.0,82.0,239.0,3121.0,1258.0,2250.0,12.03
2026-10-03T13:08:40,10240.6,50.0,79.0,82.0,239.0,3121.0,1258.0,2256.0,12.03
2026-10-03T13:08:50,10250.6,50.0,79.0,82.0,239.0,3120.0,1258.0,2250.0,12.03
2026-10-03T13:09:00,10260.6,50.0,79.0,82.0,239.0,3120.0,1258.0,2250.0,12.03
2026-10-03T13:09:10,10270.6,50.0,79.0,82.0,239.0,3120.0,1258.0,2254.0,12.03
2026-10-03T13:09:20,10280.6,50.0,79.0,82.0,239.0,3120.0,1258.0,2254.0,12.03
2026-10-03T13:09:30,10290.6,50.0,79.0,82.0,239.0,3120.0,1258.0,2258.0,12.03
2026-10-03T13:09:40,10300.6,50.0,79.0,82.0,239.0,3120.0,1258.0,2254.0,12.03
2026-10-03T13:09:50,10310.6,50.0,79.0,82.0,239.0,3120.0,1258.0,2251.0,12.03
2026-10-03T13:10:00,10320.6,50.0,79.0,82.0,239.0,3120.0,1258.0,2255.0,12.03
2026-10-03T13:10:10,10330.6,50.0,79.0,82.0,239.0,3122.0,1258.0,2254.0,12.03
2026-10-03T13:10:20,10340.6,50.0,79.0,82.0,239.0,3121.0,1258.0,2248.0,12.03
2026-10-03T13:10:30,10350.6,50.0,79.0,82.0,239.0,3120.0,1258.0,2251.0,12.03
2026-10-03T13:10:40,10360.6,50.0,79.0,82.0,239.0,3121.0,1258.0,2246.0,12.03
2026-10-03T13:10:50,10370.6,50.0,79.0,82.0,239.0,3121.0,1258.0,2247.0,12.03
2026-10-03T13:11:00,10380.6,50.0,79.0,82.0,239.0,3121.0,1258.0,2252.0,12.03
2026-10-03T13:11:10,10390.6,50.0,79.0,82.0,239.0,3121.0,1258.0,2245.0,12.03
2026-10-03T13:11:20,10400.6,50.0,79.0,82.0,239.0,3120.0,1258.0,2246.0,12.03
2026-10-03T13:11:30,10410.6,50.0,80.0,80.0,233.0,3135.0,1258.0,2284.0,12.03
2026-10-03T13:11:40,10420.6,50.0,80.0,80.0,236.0,3131.0,1258.0,2305.0,12.03
2026-10-03T13:11:50,10430.6,50.0,79.0,82.0,238.0,3123.0,1258.0,2277.0,12.03
2026-10-03T13:12:00,10440.6,50.0,79.0,82.0,239.0,3121.0,1258.0,2239.0,12.03
2026-10-03T13:12:10,10450.6,50.0,79.0,82.0,238.0,3122.0,1258.0,2245.0,12.03
2026-10-03T13:12:20,10460.6,50.0,79.0,82.0,239.0,3120.0,1258.0,2250.0,12.03
2026-10-03T13:12:30,10470.6,50.0,79.0,82.0,239.0,3122.0,1258.0,2253.0,12.03
2026-10-03T13:12:40,10480.6,50.0,79.0,82.0,239.0,3121.0,1258.0,2251.0,12.03
2026-10-03T13:12:50,10490.6,50.0,79.0,82.0,239.0,3122.0,1258.0,2254.0,12.03
2026-10-03T13:13:00,10500.6,50.0,79.0,82.0,239.0,3122.0,1258.0,2254.0,12.03
2026-10-03T13:13:10,10510.6,50.0,79.0,82.0,239.0,3122.0,1258.0,2250.0,12.03
2026-10-03T13:13:20,10520.6,50.0,79.0,82.0,239.0,3122.0,1258.0,2249.0,12.03
2026-10-03T13:13:30,10530.6,50.0,79.0,82.0,239.0,3121.0,1258.0,2249.0,12.03
2026-10-03T13:13:40,10540.6,50.0,79.0,82.0,239.0,3121.0,1258.0,2254.0,12.03
2026-10-03T13:13:50,10550.6,50.0,79.0,82.0,239.0,3122.0,1258.0,2251.0,12.03
2026-10-03T13:14:00,10560.6,50.0,79.0,82.0,239.0,3122.0,1258.0,2251.0,12.03
2026-10-03T13:14:10,10570.6,50.0,79.0,82.0,239.0,3122.0,1258.0,2252.0,12.03
2026-10-03T13:14:20,10580.6,50.0,79.0,82.0,239.0,3122.0,1258.0,2253.0,12.03
2026-10-03T13:14:30,10590.6,50.0,79.0,82.0,239.0,3122.0,1258.0,2251.0,12.03
2026-10-03T13:14:40,10600.6,50.0,79.0,82.0,239.0,3121.0,1258.0,2253.0,12.03
2026-10-03T13:14:50,10610.6,50.0,79.0,82.0,239.0,3122.0,1258.0,2253.0,12.03
2026-10-03T13:15:00,10620.6,50.0,79.0,82.0,239.0,3123.0,1258.0,2249.0,12.03
2026-10-03T13:15:10,10630.6,50.0,79.0,82.0,239.0,3122.0,1258.0,2245.0,12.03
2026-10-03T13:15:20,10640.6,50.0,79.0,82.0,239.0,3123.0,1258.0,2254.0,12.03
2026-10-03T13:15:30,10650.6,50.0,79.0,82.0,239.0,3123.0,1258.0,2258.0,12.03
2026-10-03T13:15:40,10660.6,50.0,79.0,82.0,239.0,3124.0,1258.0,2247.0,12.03
2026-10-03T13:15:50,10670.6,50.0,79.0,82.0,239.0,3124.0,1258.0,2252.0,12.03
2026-10-03T13:16:00,10680.6,50.0,79.0,81.0,236.0,3131.0,1258.0,2265.0,12.03
2026-10-03T13:16:10,10690.6,50.0,80.0,80.0,233.0,3138.0,1258.0,2293.0,12.03
2026-10-03T13:16:20,10700.6,50.0,79.0,81.0,239.0,3123.0,1258.0,2325.0,12.03
2026-10-03T13:16:30,10710.6,50.0,79.0,82.0,239.0,3122.0,1258.0,2245.0,12.03
2026-10-03T13:16:40,10720.6,50.0,79.0,82.0,239.0,3122.0,1258.0,2241.0,12.03
2026-10-03T13:16:50,10730.6,50.0,79.0,82.0,239.0,3122.0,1258.0,2256.0,12.03
2026-10-03T13:17:00,10740.6,50.0,79.0,82.0,239.0,3121.0,1258.0,2256.0,12.03
2026-10-03T13:17:10,10750.6,50.0,79.0,82.0,239.0,3119.0,1258.0,2250.0,12.03
2026-10-03T13:17:20,10760.6,50.0,79.0,82.0,239.0,3120.0,1258.0,2258.0,12.03
2026-10-03T13:17:30,10770.6,50.0,79.0,82.0,239.0,3119.0,1258.0,2262.0,12.03
2026-10-03T13:17:40,10780.6,50.0,79.0,82.0,239.0,3118.0,1258.0,2258.0,12.03
2026-10-03T13:17:50,10790.6,50.0,79.0,82.0,239.0,3119.0,1258.0,2253.0,12.03
2026-10-03T13:18:00,10800.6,50.0,79.0,82.0,239.0,3120.0,1258.0,2256.0,12.03
2026-10-03T13:18:10,10810.6,50.0,79.0,82.0,239.0,3119.0,1258.0,2249.0,12.03
2026-10-03T13:18:20,10820.6,50.0,79.0,82.0,239.0,3118.0,1258.0,2254.0,12.03
2026-10-03T13:18:30,10830.6,50.0,79.0,82.0,239.0,3119.0,1258.0,2255.0,12.03
2026-10-03T13:18:40,10840.6,50.0,79.0,82.0,239.0,3119.0,1258.0,2254.0,12.03
2026-10-03T13:18:50,10850.6,50.0,79.0,82.0,239.0,3121.0,1258.0,2250.0,12.03
2026-10-03T13:19:00,10860.6,50.0,79.0,82.0,239.0,3120.0,1258.0,2247.0,12.03
2026-10-03T13:19:10,10870.6,50.0,79.0,82.0,239.0,3120.0,1258.0,2257.0,12.03
2026-10-03T13:19:20,10880.6,50.0,79.0,82.0,239.0,3120.0,1258.0,2252.0,12.03
2026-10-03T13:19:30,10890.6,50.0,79.0,82.0,239.0,3120.0,1258.0,2253.0,12.03
2026-10-03T13:19:40,10900.6,50.0,79.0,82.0,239.0,3121.0,1258.0,2251.0,12.03
2026-10-03T13:19:50,10910.6,50.0,79.0,82.0,239.0,3121.0,1258.0,2254.0,12.03
2026-10-03T13:20:00,10920.6,50.0,79.0,82.0,239.0,3119.0,1258.0,2258.0,12.03
2026-10-03T13:20:10,10930.6,50.0,79.0,82.0,239.0,3120.0,1258.0,2254.0,12.03
2026-10-03T13:20:20,10940.6,50.0,79.0,82.0,239.0,3120.0,1258.0,2247.0,12.03
2026-10-03T13:20:30,10950.6,50.0,79.0,82.0,239.0,3120.0,1258.0,2255.0,12.03
2026-10-03T13:20:40,10960.6,50.0,80.0,80.0,232.0,3136.0,1258.0,2296.0,12.03
2026-10-03T13:20:50,10970.6,50.0,80.0,81.0,237.0,3128.0,1258.0,2324.0,12.03
2026-10-03T13:21:00,10980.6,50.0,79.0,82.0,239.0,3121.0,1258.0,2279.0,12.03
2026-10-03T13:21:10,10990.6,50.0,79.0,82.0,239.0,3119.0,1258.0,2242.0,12.03
2026-10-03T13:21:20,11000.6,50.0,79.0,82.0,239.0,3121.0,1258.0,2255.0,12.03
2026-10-03T13:21:30,11010.6,50.0,79.0,82.0,239.0,3119.0,1258.0,2256.0,12.03
2026-10-03T13:21:40,11020.6,50.0,79.0,82.0,239.0,3120.0,1258.0,2254.0,12.03
2026-10-03T13:21:50,11030.6,50.0,79.0,82.0,239.0,3120.0,1258.0,2255.0,12.03
2026-10-03T13:22:00,11040.6,50.0,79.0,82.0,239.0,3121.0,1258.0,2258.0,12.03
2026-10-03T13:22:10,11050.6,50.0,79.0,82.0,239.0,3121.0,1258.0,2251.0,12.03
2026-10-03T13:22:20,11060.6,50.0,79.0,82.0,239.0,3120.0,1258.0,2248.0,12.03
2026-10-03T13:22:30,11070.6,50.0,79.0,82.0,239.0,3121.0,1258.0,2254.0,12.03
2026-10-03T13:22:40,11080.6,50.0,79.0,82.0,239.0,3121.0,1258.0,2255.0,12.03
2026-10-03T13:22:50,11090.6,50.0,79.0,82.0,239.0,3121.0,1258.0,2256.0,12.03
2026-10-03T13:23:00,11100.6,50.0,79.0,82.0,239.0,3121.0,1258.0,2255.0,12.03
2026-10-03T13:23:10,11110.6,50.0,79.0,82.0,239.0,3122.0,1258.0,2252.0,12.03
2026-10-03T13:23:20,11120.6,50.0,79.0,82.0,239.0,3119.0,1258.0,2250.0,12.03
2026-10-03T13:23:30,11130.6,50.0,79.0,82.0,239.0,3121.0,1258.0,2252.0,12.03
2026-10-03T13:23:40,11140.6,50.0,79.0,82.0,239.0,3121.0,1258.0,2254.0,12.03
2026-10-03T13:23:50,11150.6,50.0,79.0,82.0,239.0,3121.0,1258.0,2260.0,12.03
2026-10-03T13:24:00,11160.6,50.0,79.0,82.0,239.0,3120.0,1258.0,2254.0,12.03
2026-10-03T13:24:10,11170.6,50.0,79.0,82.0,239.0,3121.0,1258.0,2251.0,12.03
2026-10-03T13:24:20,11180.6,50.0,79.0,82.0,239.0,3120.0,1258.0,2261.0,12.03
2026-10-03T13:24:30,11190.6,50.0,79.0,82.0,239.0,3120.0,1258.0,2258.0,12.03
2026-10-03T13:24:40,11200.6,50.0,79.0,82.0,239.0,3121.0,1258.0,2262.0,12.03
2026-10-03T13:24:50,11210.6,50.0,79.0,82.0,239.0,3121.0,1258.0,2259.0,12.03
2026-10-03T13:25:00,11220.6,50.0,79.0,82.0,239.0,3121.0,1258.0,2251.0,12.03
2026-10-03T13:25:10,11230.6,50.0,80.0,81.0,235.0,3130.0,1258.0,2278.0,12.03
2026-10-03T13:25:20,11240.6,50.0,81.0,80.0,235.0,3133.0,1258.0,2309.0,12.03
2026-10-03T13:25:30,11250.6,50.0,79.0,82.0,239.0,3119.0,1258.0,2322.0,12.03
2026-10-03T13:25:40,11260.6,50.0,79.0,82.0,239.0,3120.0,1258.0,2242.0,12.03
2026-10-03T13:25:50,11270.6,50.0,79.0,82.0,239.0,3121.0,1258.0,2251.0,12.03
2026-10-03T13:26:00,11280.6,50.0,79.0,82.0,239.0,3120.0,1258.0,2260.0,12.03
2026-10-03T13:26:10,11290.6,50.0,79.0,82.0,239.0,3120.0,1258.0,2257.0,12.03
2026-10-03T13:26:20,11300.6,50.0,79.0,82.0,239.0,3119.0,1258.0,2260.0,12.03
2026-10-03T13:26:30,11310.6,50.0,79.0,82.0,239.0,3120.0,1258.0,2258.0,12.03
2026-10-03T13:26:40,11320.6,50.0,79.0,82.0,239.0,3120.0,1258.0,2253.0,12.03
2026-10-03T13:26:50,11330.6,50.0,79.0,82.0,239.0,3122.0,1258.0,2259.0,12.03
2026-10-03T13:27:00,11340.6,50.0,79.0,82.0,239.0,3122.0,1258.0,2245.0,12.03
2026-10-03T13:27:10,11350.6,50.0,79.0,82.0,239.0,3121.0,1258.0,2252.0,12.03
2026-10-03T13:27:20,11360.6,50.0,79.0,82.0,239.0,3121.0,1258.0,2258.0,12.03
2026-10-03T13:27:30,11370.6,50.0,79.0,82.0,239.0,3120.0,1258.0,2242.0,12.03
2026-10-03T13:27:40,11380.6,50.0,79.0,82.0,239.0,3121.0,1258.0,2253.0,12.03
2026-10-03T13:27:50,11390.6,50.0,79.0,82.0,239.0,3121.0,1258.0,2254.0,12.03
2026-10-03T13:28:00,11400.6,50.0,79.0,82.0,239.0,3121.0,1258.0,2258.0,12.03
2026-10-03T13:28:10,11410.6,50.0,79.0,82.0,239.0,3121.0,1258.0,2254.0,12.03
2026-10-03T13:28:20,11420.6,50.0,79.0,82.0,239.0,3121.0,1258.0,2258.0,12.03
2026-10-03T13:28:30,11430.6,50.0,79.0,82.0,239.0,3121.0,1258.0,2260.0,12.03
2026-10-03T13:28:40,11440.6,50.0,79.0,82.0,239.0,3122.0,1258.0,2257.0,12.03
2026-10-03T13:28:50,11450.6,50.0,79.0,82.0,239.0,3120.0,1258.0,2259.0,12.03
2026-10-03T13:29:00,11460.6,50.0,79.0,82.0,239.0,3120.0,1258.0,2257.0,12.03
2026-10-03T13:29:10,11470.6,50.0,79.0,82.0,239.0,3119.0,1258.0,2253.0,12.03
2026-10-03T13:29:20,11480.6,50.0,79.0,82.0,239.0,3120.0,1258.0,2257.0,12.03
2026-10-03T13:29:30,11490.6,50.0,79.0,82.0,239.0,3120.0,1258.0,2251.0,12.03
2026-10-03T13:29:40,11500.6,50.0,79.0,82.0,238.0,3123.0,1258.0,2257.0,12.03
2026-10-03T13:29:50,11510.6,50.0,80.0,80.0,232.0,3137.0,1258.0,2301.0,12.03
2026-10-03T13:30:00,11520.6,50.0,80.0,81.0,238.0,3124.0,1258.0,2325.0,12.03
2026-10-03T13:30:10,11530.6,50.0,79.0,82.0,239.0,3120.0,1258.0,2262.0,12.03
2026-10-03T13:30:20,11540.6,50.0,79.0,82.0,239.0,3120.0,1258.0,2242.0,12.03
2026-10-03T13:30:30,11550.6,50.0,79.0,82.0,239.0,3120.0,1258.0,2260.0,12.03
2026-10-03T13:30:40,11560.6,50.0,79.0,82.0,239.0,3121.0,1258.0,2249.0,12.03
2026-10-03T13:30:50,11570.6,50.0,79.0,82.0,239.0,3120.0,1258.0,2261.0,12.03
2026-10-03T13:31:00,11580.6,50.0,79.0,82.0,239.0,3121.0,1258.0,2260.0,12.03
2026-10-03T13:31:10,11590.6,50.0,79.0,82.0,239.0,3120.0,1258.0,2253.0,12.03
2026-10-03T13:31:20,11600.6,50.0,79.0,82.0,239.0,3121.0,1258.0,2256.0,12.03
2026-10-03T13:31:30,11610.6,50.0,79.0,82.0,239.0,3121.0,1258.0,2252.0,12.03
2026-10-03T13:31:40,11620.6,50.0,79.0,82.0,239.0,3122.0,1258.0,2248.0,12.03
2026-10-03T13:31:50,11630.6,50.0,79.0,82.0,239.0,3122.0,1258.0,2259.0,12.03
2026-10-03T13:32:00,11640.6,50.0,79.0,82.0,239.0,3122.0,1258.0,2258.0,12.03
2026-10-03T13:32:10,11650.6,50.0,79.0,82.0,239.0,3121.0,1258.0,2258.0,12.03
2026-10-03T13:32:20,11660.6,50.0,79.0,82.0,239.0,3120.0,1258.0,2255.0,12.03
2026-10-03T13:32:30,11670.6,50.0,79.0,82.0,239.0,3121.0,1258.0,2252.0,12.03
2026-10-03T13:32:40,11680.6,50.0,79.0,82.0,239.0,3122.0,1258.0,2250.0,12.03
2026-10-03T13:32:50,11690.6,50.0,79.0,82.0,239.0,3121.0,1258.0,2262.0,12.03
2026-10-03T13:33:00,11700.6,50.0,79.0,82.0,239.0,3120.0,1258.0,2249.0,12.03
2026-10-03T13:33:10,11710.6,50.0,79.0,82.0,239.0,3119.0,1258.0,2257.0,12.03
2026-10-03T13:33:20,11720.6,50.0,79.0,82.0,239.0,3119.0,1258.0,2257.0,12.03
2026-10-03T13:33:30,11730.6,50.0,79.0,82.0,239.0,3121.0,1258.0,2257.0,12.03
2026-10-03T13:33:40,11740.6,50.0,79.0,82.0,239.0,3121.0,1258.0,2250.0,12.03
2026-10-03T13:33:50,11750.6,50.0,79.0,82.0,239.0,3122.0,1258.0,2248.0,12.03
2026-10-03T13:34:00,11760.6,50.0,79.0,82.0,239.0,3123.0,1258.0,2246.0,12.03
2026-10-03T13:34:10,11770.6,50.0,79.0,82.0,239.0,3122.0,1258.0,2254.0,12.03
2026-10-03T13:34:20,11780.6,50.0,80.0,81.0,234.0,3134.0,1258.0,2279.0,12.03
2026-10-03T13:34:30,11790.6,50.0,80.0,80.0,235.0,3133.0,1258.0,2307.0,12.03
2026-10-03T13:34:40,11800.6,50.0,79.0,82.0,239.0,3122.0,1258.0,2311.0,12.03
2026-10-03T13:34:50,11810.6,50.0,79.0,82.0,239.0,3121.0,1258.0,2242.0,12.03
2026-10-03T13:35:00,11820.6,50.0,79.0,82.0,239.0,3121.0,1258.0,2252.0,12.03
2026-10-03T13:35:10,11830.6,50.0,79.0,82.0,239.0,3121.0,1258.0,2253.0,12.03
2026-10-03T13:35:20,11840.6,50.0,79.0,82.0,239.0,3122.0,1258.0,2260.0,12.03
2026-10-03T13:35:30,11850.6,50.0,79.0,82.0,239.0,3122.0,1258.0,2258.0,12.03
2026-10-03T13:35:40,11860.6,50.0,79.0,82.0,239.0,3121.0,1258.0,2250.0,12.03
2026-10-03T13:35:50,11870.6,50.0,79.0,82.0,239.0,3123.0,1258.0,2260.0,12.03
2026-10-03T13:36:00,11880.6,50.0,79.0,82.0,239.0,3122.0,1258.0,2260.0,12.03
2026-10-03T13:36:10,11890.6,50.0,79.0,82.0,239.0,3121.0,1258.0,2259.0,12.03
2026-10-03T13:36:20,11900.6,50.0,79.0,82.0,239.0,3120.0,1258.0,2263.0,12.03
2026-10-03T13:36:30,11910.6,50.0,79.0,82.0,239.0,3119.0,1258.0,2256.0,12.03
2026-10-03T13:36:40,11920.6,50.0,79.0,82.0,239.0,3120.0,1258.0,2260.0,12.03
2026-10-03T13:36:50,11930.7,50.0,79.0,82.0,239.0,3121.0,1258.0,2260.0,12.03
2026-10-03T13:37:00,11940.7,50.0,79.0,82.0,239.0,3121.0,1258.0,2261.0,12.03
2026-10-03T13:37:10,11950.7,50.0,79.0,82.0,239.0,3120.0,1258.0,2262.0,12.03
2026-10-03T13:37:20,11960.7,50.0,79.0,82.0,239.0,3120.0,1258.0,2265.0,12.03
2026-10-03T13:37:30,11970.7,50.0,79.0,82.0,239.0,3120.0,1258.0,2258.0,12.03
2026-10-03T13:37:40,11980.7,50.0,79.0,82.0,239.0,3121.0,1258.0,2258.0,12.03
2026-10-03T13:37:50,11990.7,50.0,79.0,82.0,239.0,3120.0,1258.0,2254.0,12.03
2026-10-03T13:38:00,12000.7,50.0,79.0,82.0,239.0,3119.0,1258.0,2264.0,12.03
2026-10-03T13:38:10,12010.7,50.0,79.0,82.0,239.0,3119.0,1258.0,2251.0,12.03
2026-10-03T13:38:20,12020.7,50.0,79.0,82.0,239.0,3119.0,1258.0,2258.0,12.03
2026-10-03T13:38:30,12030.7,50.0,79.0,82.0,239.0,3121.0,1258.0,2264.0,12.03
2026-10-03T13:38:40,12040.7,50.0,79.0,82.0,239.0,3122.0,1258.0,2254.0,12.03
2026-10-03T13:38:50,12050.7,50.0,80.0,82.0,237.0,3124.0,1258.0,2263.0,12.03
2026-10-03T13:39:00,12060.7,50.0,80.0,80.0,232.0,3135.0,1258.0,2311.0,12.03
2026-10-03T13:39:10,12070.7,50.0,80.0,81.0,239.0,3121.0,1258.0,2340.0,12.03
2026-10-03T13:39:20,12080.7,50.0,79.0,82.0,239.0,3118.0,1258.0,2257.0,12.03
2026-10-03T13:39:30,12090.7,50.0,79.0,82.0,239.0,3119.0,1258.0,2246.0,12.03
2026-10-03T13:39:40,12100.7,50.0,79.0,82.0,239.0,3120.0,1258.0,2264.0,12.03
2026-10-03T13:39:50,12110.7,50.0,79.0,82.0,239.0,3118.0,1258.0,2265.0,12.03
2026-10-03T13:40:00,12120.7,50.0,79.0,82.0,239.0,3120.0,1258.0,2268.0,12.03
2026-10-03T13:40:10,12130.7,50.0,79.0,82.0,239.0,3120.0,1258.0,2259.0,12.03
2026-10-03T13:40:20,12140.7,50.0,79.0,82.0,239.0,3120.0,1258.0,2267.0,12.03
2026-10-03T13:40:30,12150.7,50.0,79.0,82.0,239.0,3119.0,1258.0,2258.0,12.03
2026-10-03T13:40:40,12160.7,50.0,79.0,82.0,239.0,3119.0,1258.0,2274.0,12.03
2026-10-03T13:40:50,12170.7,50.0,79.0,82.0,239.0,3118.0,1258.0,2247.0,12.03
2026-10-03T13:41:00,12180.7,50.0,79.0,82.0,239.0,3119.0,1258.0,2267.0,12.03
2026-10-03T13:41:10,12190.7,50.0,79.0,82.0,239.0,3117.0,1258.0,2265.0,12.03
2026-10-03T13:41:20,12200.7,50.0,79.0,82.0,239.0,3118.0,1258.0,2255.0,12.03
2026-10-03T13:41:30,12210.7,50.0,79.0,82.0,239.0,3118.0,1258.0,2260.0,12.03
2026-10-03T13:41:40,12220.7,50.0,79.0,82.0,239.0,3119.0,1258.0,2249.0,12.03
2026-10-03T13:41:50,12230.7,50.0,79.0,82.0,239.0,3119.0,1258.0,2258.0,12.03
2026-10-03T13:42:00,12240.7,50.0,79.0,82.0,239.0,3117.0,1258.0,2265.0,12.03
2026-10-03T13:42:10,12250.7,50.0,79.0,82.0,239.0,3118.0,1258.0,2259.0,12.03
2026-10-03T13:42:20,12260.7,50.0,79.0,82.0,239.0,3120.0,1258.0,2254.0,12.03
2026-10-03T13:42:30,12270.7,50.0,79.0,82.0,239.0,3119.0,1258.0,2264.0,12.03
2026-10-03T13:42:40,12280.7,50.0,79.0,82.0,239.0,3119.0,1258.0,2262.0,12.03
2026-10-03T13:42:50,12290.7,50.0,79.0,82.0,239.0,3119.0,1258.0,2264.0,12.03
2026-10-03T13:43:00,12300.7,50.0,79.0,82.0,239.0,3122.0,1258.0,2260.0,12.03
2026-10-03T13:43:10,12310.7,50.0,79.0,82.0,239.0,3120.0,1258.0,2255.0,12.03
2026-10-03T13:43:20,12320.7,50.0,79.0,82.0,239.0,3120.0,1258.0,2258.0,12.03
2026-10-03T13:43:30,12330.7,50.0,80.0,80.0,233.0,3133.0,1258.0,2293.0,12.03
2026-10-03T13:43:40,12340.7,50.0,80.0,80.0,236.0,3129.0,1258.0,2324.0,12.03
2026-10-03T13:43:50,12350.7,50.0,79.0,82.0,239.0,3119.0,1258.0,2299.0,12.03
2026-10-03T13:44:00,12360.7,50.0,79.0,82.0,239.0,3119.0,1258.0,2243.0,12.03
2026-10-03T13:44:10,12370.7,50.0,79.0,82.0,239.0,3119.0,1258.0,2265.0,12.03
2026-10-03T13:44:20,12380.7,50.0,79.0,82.0,239.0,3119.0,1258.0,2258.0,12.03
2026-10-03T13:44:30,12390.7,50.0,79.0,82.0,239.0,3120.0,1258.0,2256.0,12.03
2026-10-03T13:44:40,12400.7,50.0,79.0,82.0,239.0,3118.0,1258.0,2267.0,12.03
2026-10-03T13:44:50,12410.7,50.0,79.0,82.0,239.0,3120.0,1258.0,2262.0,12.03
2026-10-03T13:45:00,12420.7,50.0,79.0,82.0,239.0,3119.0,1258.0,2253.0,12.03
2026-10-03T13:45:10,12430.7,50.0,79.0,82.0,239.0,3120.0,1258.0,2267.0,12.03
2026-10-03T13:45:20,12440.7,50.0,79.0,82.0,239.0,3119.0,1258.0,2256.0,12.03
2026-10-03T13:45:30,12450.7,50.0,79.0,82.0,239.0,3118.0,1258.0,2270.0,12.03
2026-10-03T13:45:40,12460.7,50.0,79.0,82.0,239.0,3118.0,1258.0,2267.0,12.03
2026-10-03T13:45:50,12470.7,50.0,79.0,82.0,239.0,3118.0,1258.0,2269.0,12.03
2026-10-03T13:46:00,12480.7,50.0,79.0,82.0,239.0,3119.0,1258.0,2261.0,12.03
2026-10-03T13:46:10,12490.7,50.0,79.0,82.0,239.0,3119.0,1258.0,2263.0,12.03
2026-10-03T13:46:20,12500.7,50.0,79.0,82.0,239.0,3119.0,1258.0,2263.0,12.03
2026-10-03T13:46:30,12510.7,50.0,79.0,82.0,239.0,3120.0,1258.0,2269.0,12.03
2026-10-03T13:46:40,12520.7,50.0,79.0,82.0,239.0,3120.0,1258.0,2271.0,12.03
2026-10-03T13:46:50,12530.7,50.0,79.0,82.0,239.0,3119.0,1258.0,2268.0,12.03
2026-10-03T13:47:00,12540.7,50.0,79.0,82.0,239.0,3120.0,1258.0,2266.0,12.03
2026-10-03T13:47:10,12550.7,50.0,79.0,82.0,239.0,3121.0,1258.0,2267.0,12.03
2026-10-03T13:47:20,12560.7,50.0,79.0,82.0,239.0,3119.0,1258.0,2275.0,12.03
2026-10-03T13:47:30,12570.7,50.0,79.0,82.0,239.0,3120.0,1258.0,2262.0,12.03
2026-10-03T13:47:40,12580.7,50.0,79.0,82.0,239.0,3121.0,1258.0,2275.0,12.03
2026-10-03T13:47:50,12590.7,50.0,79.0,82.0,239.0,3121.0,1258.0,2269.0,12.03
2026-10-03T13:48:00,12600.7,50.0,80.0,81.0,236.0,3127.0,1258.0,2271.0,12.03
2026-10-03T13:48:10,12610.7,50.0,80.0,80.0,233.0,3137.0,1258.0,2313.0,12.03
2026-10-03T13:48:20,12620.7,50.0,80.0,82.0,240.0,3122.0,1258.0,2344.0,12.03
2026-10-03T13:48:30,12630.7,50.0,79.0,82.0,239.0,3121.0,1258.0,2255.0,12.03
2026-10-03T13:48:40,12640.7,50.0,79.0,82.0,239.0,3121.0,1258.0,2246.0,12.03
2026-10-03T13:48:50,12650.7,50.0,79.0,82.0,239.0,3121.0,1258.0,2273.0,12.03
2026-10-03T13:49:00,12660.7,50.0,79.0,82.0,239.0,3123.0,1258.0,2259.0,12.03
2026-10-03T13:49:10,12670.7,50.0,79.0,82.0,239.0,3124.0,1258.0,2260.0,12.03
2026-10-03T13:49:20,12680.7,50.0,79.0,82.0,239.0,3123.0,1258.0,2266.0,12.03
2026-10-03T13:49:30,12690.7,50.0,79.0,82.0,239.0,3122.0,1258.0,2275.0,12.03
2026-10-03T13:49:40,12700.7,50.0,79.0,82.0,239.0,3122.0,1258.0,2263.0,12.03
2026-10-03T13:49:50,12710.7,50.0,79.0,82.0,239.0,3122.0,1258.0,2274.0,12.03
2026-10-03T13:50:00,12720.7,50.0,79.0,82.0,239.0,3122.0,1258.0,2275.0,12.03
2026-10-03T13:50:10,12730.7,50.0,79.0,82.0,239.0,3123.0,1258.0,2275.0,12.03
2026-10-03T13:50:20,12740.7,50.0,79.0,82.0,239.0,3121.0,1258.0,2273.0,12.03
2026-10-03T13:50:30,12750.7,50.0,79.0,82.0,239.0,3122.0,1258.0,2253.0,12.03
2026-10-03T13:50:40,12760.7,50.0,79.0,82.0,239.0,3123.0,1258.0,2272.0,12.03
2026-10-03T13:50:50,12770.7,50.0,79.0,82.0,239.0,3123.0,1258.0,2256.0,12.03
2026-10-03T13:51:00,12780.7,50.0,79.0,82.0,239.0,3123.0,1258.0,2270.0,12.03
2026-10-03T13:51:10,12790.7,50.0,79.0,82.0,239.0,3122.0,1258.0,2267.0,12.03
2026-10-03T13:51:20,12800.7,50.0,79.0,82.0,239.0,3122.0,1258.0,2270.0,12.03
2026-10-03T13:51:30,12810.7,50.0,79.0,82.0,239.0,3121.0,1258.0,2257.0,12.03
2026-10-03T13:51:40,12820.7,50.0,79.0,82.0,239.0,3122.0,1258.0,2272.0,12.03
2026-10-03T13:51:50,12830.7,50.0,79.0,82.0,239.0,3122.0,1258.0,2264.0,12.03
2026-10-03T13:52:00,12840.7,50.0,79.0,82.0,239.0,3124.0,1258.0,2265.0,12.03
2026-10-03T13:52:10,12850.7,50.0,79.0,82.0,239.0,3122.0,1258.0,2271.0,12.03
2026-10-03T13:52:20,12860.7,50.0,79.0,82.0,239.0,3121.0,1258.0,2267.0,12.03
2026-10-03T13:52:30,12870.7,50.0,79.0,82.0,239.0,3122.0,1258.0,2275.0,12.03
2026-10-03T13:52:40,12880.7,50.0,80.0,80.0,232.0,3136.0,1258.0,2306.0,12.03
2026-10-03T13:52:50,12890.7,50.0,80.0,81.0,237.0,3129.0,1258.0,2332.0,12.03
2026-10-03T13:53:00,12900.7,50.0,79.0,82.0,239.0,3120.0,1258.0,2285.0,12.03
2026-10-03T13:53:10,12910.7,50.0,79.0,82.0,239.0,3120.0,1258.0,2246.0,12.03
2026-10-03T13:53:20,12920.7,50.0,79.0,82.0,239.0,3119.0,1258.0,2274.0,12.03
2026-10-03T13:53:30,12930.7,50.0,79.0,82.0,239.0,3119.0,1258.0,2275.0,12.03
2026-10-03T13:53:40,12940.7,50.0,79.0,82.0,239.0,3120.0,1258.0,2274.0,12.03
2026-10-03T13:53:50,12950.7,50.0,79.0,82.0,239.0,3120.0,1258.0,2259.0,12.03
2026-10-03T13:54:00,12960.7,50.0,79.0,82.0,239.0,3120.0,1258.0,2274.0,12.03
2026-10-03T13:54:10,12970.7,50.0,79.0,82.0,239.0,3120.0,1258.0,2274.0,12.03
2026-10-03T13:54:20,12980.7,50.0,79.0,82.0,239.0,3120.0,1258.0,2273.0,12.03
2026-10-03T13:54:30,12990.7,50.0,79.0,82.0,239.0,3120.0,1258.0,2273.0,12.03
2026-10-03T13:54:40,13000.7,50.0,79.0,82.0,239.0,3120.0,1258.0,2263.0,12.03
2026-10-03T13:54:50,13010.7,50.0,79.0,82.0,239.0,3120.0,1258.0,2259.0,12.03
2026-10-03T13:55:00,13020.7,50.0,79.0,82.0,239.0,3119.0,1258.0,2268.0,12.03
2026-10-03T13:55:10,13030.7,50.0,79.0,82.0,239.0,3119.0,1258.0,2274.0,12.03
2026-10-03T13:55:20,13040.7,50.0,79.0,82.0,239.0,3120.0,1258.0,2271.0,12.03
2026-10-03T13:55:30,13050.7,50.0,79.0,82.0,239.0,3120.0,1258.0,2264.0,12.03
2026-10-03T13:55:40,13060.7,50.0,79.0,82.0,239.0,3120.0,1258.0,2269.0,12.03
2026-10-03T13:55:50,13070.7,50.0,79.0,82.0,239.0,3120.0,1258.0,2263.0,12.03
2026-10-03T13:56:00,13080.7,50.0,79.0,82.0,239.0,3122.0,1258.0,2268.0,12.03
2026-10-03T13:56:10,13090.7,50.0,79.0,82.0,239.0,3122.0,1258.0,2265.0,12.03
2026-10-03T13:56:20,13100.7,50.0,79.0,82.0,239.0,3122.0,1258.0,2268.0,12.03
2026-10-03T13:56:30,13110.7,50.0,79.0,82.0,239.0,3120.0,1258.0,2268.0,12.03
2026-10-03T13:56:40,13120.7,50.0,79.0,82.0,239.0,3121.0,1258.0,2263.0,12.03
2026-10-03T13:56:50,13130.7,50.0,79.0,82.0,239.0,3121.0,1258.0,2263.0,12.03
2026-10-03T13:57:00,13140.7,50.0,79.0,82.0,239.0,3121.0,1258.0,2260.0,12.03
2026-10-03T13:57:10,13150.7,50.0,80.0,81.0,235.0,3131.0,1258.0,2281.0,12.03
2026-10-03T13:57:20,13160.7,50.0,81.0,80.0,234.0,3138.0,1258.0,2313.0,12.03
2026-10-03T13:57:30,13170.7,50.0,79.0,82.0,239.0,3121.0,1258.0,2339.0,12.03
2026-10-03T13:57:40,13180.7,50.0,79.0,82.0,239.0,3121.0,1258.0,2249.0,12.03
2026-10-03T13:57:50,13190.7,50.0,79.0,82.0,239.0,3120.0,1258.0,2267.0,12.03
2026-10-03T13:58:00,13200.7,50.0,79.0,82.0,239.0,3120.0,1258.0,2275.0,12.03
2026-10-03T13:58:10,13210.7,50.0,79.0,82.0,239.0,3120.0,1258.0,2264.0,12.03
2026-10-03T13:58:20,13220.7,50.0,79.0,82.0,239.0,3120.0,1258.0,2274.0,12.03
2026-10-03T13:58:30,13230.7,50.0,79.0,82.0,239.0,3120.0,1258.0,2271.0,12.03
2026-10-03T13:58:40,13240.7,50.0,79.0,82.0,239.0,3119.0,1258.0,2272.0,12.03
2026-10-03T13:58:50,13250.7,50.0,79.0,82.0,239.0,3120.0,1258.0,2274.0,12.03
2026-10-03T13:59:00,13260.7,50.0,79.0,82.0,239.0,3119.0,1258.0,2274.0,12.03
2026-10-03T13:59:10,13270.7,50.0,79.0,82.0,239.0,3120.0,1258.0,2273.0,12.03
2026-10-03T13:59:20,13280.7,50.0,79.0,82.0,239.0,3120.0,1258.0,2270.0,12.03
2026-10-03T13:59:30,13290.7,50.0,79.0,82.0,239.0,3120.0,1258.0,2267.0,12.03
2026-10-03T13:59:40,13300.7,50.0,79.0,82.0,239.0,3119.0,1258.0,2273.0,12.03
2026-10-03T13:59:50,13310.7,50.0,79.0,82.0,239.0,3121.0,1258.0,2256.0,12.03
2026-10-03T14:00:00,13320.7,50.0,79.0,82.0,239.0,3120.0,1258.0,2263.0,12.03
2026-10-03T14:00:10,13330.7,50.0,79.0,82.0,239.0,3120.0,1258.0,2274.0,12.03
2026-10-03T14:00:20,13340.7,50.0,79.0,82.0,239.0,3120.0,1258.0,2274.0,12.03
2026-10-03T14:00:30,13350.7,50.0,79.0,82.0,239.0,3119.0,1258.0,2273.0,12.03
2026-10-03T14:00:40,13360.7,50.0,79.0,82.0,239.0,3118.0,1258.0,2261.0,12.03
2026-10-03T14:00:50,13370.7,50.0,79.0,82.0,239.0,3119.0,1258.0,2271.0,12.03
2026-10-03T14:01:00,13380.7,50.0,79.0,82.0,239.0,3120.0,1258.0,2275.0,12.03
2026-10-03T14:01:10,13390.7,50.0,79.0,82.0,239.0,3120.0,1258.0,2271.0,12.03
2026-10-03T14:01:20,13400.7,50.0,79.0,82.0,239.0,3119.0,1258.0,2268.0,12.03
2026-10-03T14:01:30,13410.7,50.0,79.0,82.0,239.0,3119.0,1258.0,2274.0,12.03
2026-10-03T14:01:40,13420.7,50.0,79.0,82.0,238.0,3121.0,1258.0,2259.0,12.03
2026-10-03T14:01:50,13430.7,50.0,81.0,80.0,232.0,3135.0,1258.0,2309.0,12.03
2026-10-03T14:02:00,13440.7,50.0,80.0,81.0,238.0,3125.0,1258.0,2343.0,12.03
2026-10-03T14:02:10,13450.7,50.0,79.0,82.0,239.0,3119.0,1258.0,2282.0,12.03
2026-10-03T14:02:20,13460.7,50.0,79.0,82.0,239.0,3120.0,1258.0,2256.0,12.03
2026-10-03T14:02:30,13470.7,50.0,79.0,82.0,239.0,3121.0,1258.0,2275.0,12.03
2026-10-03T14:02:40,13480.7,50.0,79.0,82.0,239.0,3121.0,1258.0,2273.0,12.03
2026-10-03T14:02:50,13490.7,50.0,79.0,82.0,239.0,3121.0,1258.0,2272.0,12.03
2026-10-03T14:03:00,13500.7,50.0,79.0,82.0,239.0,3119.0,1258.0,2274.0,12.03
2026-10-03T14:03:10,13510.7,50.0,79.0,82.0,239.0,3119.0,1258.0,2276.0,12.03
2026-10-03T14:03:20,13520.7,50.0,79.0,82.0,239.0,3119.0,1258.0,2271.0,12.03
2026-10-03T14:03:30,13530.7,50.0,79.0,82.0,239.0,3119.0,1258.0,2253.0,12.03
2026-10-03T14:03:40,13540.7,50.0,79.0,82.0,239.0,3119.0,1258.0,2272.0,12.03
2026-10-03T14:03:50,13550.7,50.0,79.0,82.0,239.0,3119.0,1258.0,2258.0,12.03
2026-10-03T14:04:00,13560.7,50.0,79.0,82.0,239.0,3118.0,1258.0,2265.0,12.03
2026-10-03T14:04:10,13570.7,50.0,79.0,82.0,239.0,3119.0,1258.0,2269.0,12.03
2026-10-03T14:04:20,13580.7,50.0,79.0,82.0,239.0,3117.0,1258.0,2273.0,12.03
2026-10-03T14:04:30,13590.7,50.0,79.0,82.0,239.0,3116.0,1258.0,2268.0,12.03
2026-10-03T14:04:40,13600.7,50.0,79.0,82.0,239.0,3118.0,1258.0,2273.0,12.03
2026-10-03T14:04:50,13610.7,50.0,79.0,82.0,239.0,3118.0,1258.0,2262.0,12.03
2026-10-03T14:05:00,13620.7,51.0,79.0,82.0,239.0,3119.0,1258.0,2269.0,12.03
2026-10-03T14:05:10,13630.7,51.0,79.0,82.0,239.0,3120.0,1258.0,2259.0,12.03
2026-10-03T14:05:20,13640.7,50.0,79.0,82.0,239.0,3120.0,1258.0,2269.0,12.03
2026-10-03T14:05:30,13650.7,50.0,79.0,82.0,239.0,3121.0,1258.0,2272.0,12.03
2026-10-03T14:05:40,13660.7,50.0,79.0,82.0,239.0,3119.0,1258.0,2273.0,12.03
2026-10-03T14:05:50,13670.7,50.0,79.0,82.0,239.0,3119.0,1258.0,2266.0,12.03
2026-10-03T14:06:00,13680.7,50.0,79.0,82.0,239.0,3119.0,1258.0,2275.0,12.03
2026-10-03T14:06:10,13690.7,50.0,79.0,82.0,239.0,3120.0,1258.0,2273.0,12.03
2026-10-03T14:06:20,13700.7,50.0,80.0,81.0,235.0,3130.0,1258.0,2289.0,12.03
2026-10-03T14:06:30,13710.7,50.0,81.0,80.0,235.0,3134.0,1258.0,2318.0,12.03
2026-10-03T14:06:40,13720.7,50.0,80.0,81.0,236.0,3127.0,1258.0,2324.0,12.03
2026-10-03T14:06:50,13730.7,50.0,81.0,80.0,233.0,3136.0,1258.0,2312.0,12.03
2026-10-03T14:07:00,13740.7,50.0,81.0,80.0,232.0,3137.0,1258.0,2343.0,12.03
2026-10-03T14:07:10,13750.7,49.0,69.0,77.0,148.0,2246.0,1258.0,2288.0,12.04
