step,tokens,lr_mult,loss,grad_norm,value_grad_norm,tok_s
10,327680,0.01310615989515072,10.77852783203125,8.375075531005859,0.02407381683588028,37671
20,655360,0.02621231979030144,10.382383728027344,4.619093322753907,0.01290886253118515,39148
30,983040,0.039318479685452164,10.116610717773437,2.2067424774169924,0.007387829571962356,38889
40,1310720,0.05242463958060288,9.992162322998047,1.9257827758789063,0.006811957061290741,38866
50,1638400,0.0655307994757536,9.796965789794921,1.9793323516845702,0.007308594137430191,39009
60,1966080,0.07863695937090433,9.584914398193359,2.7149749755859376,0.009352436661720276,39010
70,2293760,0.09174311926605505,9.386235809326172,1.8655387878417968,0.008591799437999726,39126
80,2621440,0.10484927916120576,9.168582153320312,1.948692512512207,0.008405520021915436,39272
90,2949120,0.11795543905635648,8.941133117675781,1.7171491622924804,0.008790028095245362,39372
100,3276800,0.1310615989515072,8.676300048828125,1.7443283081054688,0.011647941172122955,39351
110,3604480,0.14416775884665792,8.461387634277344,2.079141044616699,0.012341304123401642,39375
120,3932160,0.15727391874180865,8.229558563232422,1.7785306930541993,0.011921127140522004,39332
130,4259840,0.17038007863695936,7.98150405883789,1.5434635162353516,0.012316638231277465,39353
140,4587520,0.1834862385321101,7.786302185058593,1.2856633186340332,0.013593842089176179,39424
150,4915200,0.1965923984272608,7.594964599609375,1.366796112060547,0.014837694168090821,39437
160,5242880,0.20969855832241152,7.43521728515625,1.0592430114746094,0.014584413170814515,39519
170,5570560,0.22280471821756226,7.282979583740234,0.9837069511413574,0.015489386022090912,39539
180,5898240,0.23591087811271297,7.159680938720703,1.2229083061218262,0.02077641189098358,39499
190,6225920,0.2490170380078637,7.0776420593261715,0.946170711517334,0.018869861960411072,39491
200,6553600,0.2621231979030144,6.968986511230469,1.1489076614379883,0.023296180367469787,39483
210,6881280,0.27522935779816515,6.8683631896972654,0.9723568916320801,0.022611671686172487,39517
220,7208960,0.28833551769331583,6.800362396240234,0.9723217010498046,0.022181062400341033,39467
230,7536640,0.30144167758846657,6.67939453125,0.8867791175842286,0.023312024772167206,39463
240,7864320,0.3145478374836173,6.664129638671875,0.9225687026977539,0.024641431868076324,39485
250,8192000,0.32765399737876805,6.544029235839844,0.8765413284301757,0.023547634482383728,39513
260,8519680,0.34076015727391873,6.531293487548828,1.0751119613647462,0.028199261426925658,39483
270,8847360,0.35386631716906947,6.417568206787109,0.9448936462402344,0.027138566970825194,39477
280,9175040,0.3669724770642202,6.383700942993164,0.8764103889465332,0.026409974694252013,39446
290,9502720,0.3800786369593709,6.325093841552734,0.9176430702209473,0.025629466772079466,39419
300,9830400,0.3931847968545216,6.298160552978516,0.9449518203735352,0.026728543639183044,39411
310,10158080,0.40629095674967236,6.212066650390625,0.7846391677856446,0.024056968092918397,39362
320,10485760,0.41939711664482304,6.192976760864258,0.8690920829772949,0.026334232091903685,39340
330,10813440,0.4325032765399738,6.1975250244140625,0.9846343994140625,0.027761295437812805,39386
340,11141120,0.4456094364351245,6.107997131347656,0.8835466384887696,0.02624545097351074,39394
350,11468800,0.45871559633027525,6.054317855834961,0.8805693626403809,0.026306289434432983,39383
360,11796480,0.47182175622542594,6.018656539916992,0.7802417755126954,0.02458670735359192,39357
370,12124160,0.4849279161205767,5.966305923461914,0.8021331787109375,0.025599440932273863,39332
380,12451840,0.4980340760157274,5.937477874755859,0.805201530456543,0.02520759105682373,39321
390,12779520,0.5111402359108781,5.925586318969726,1.1015739440917969,0.028333029150962828,39330
400,13107200,0.5242463958060288,5.900213623046875,0.830939769744873,0.024354225397109984,39330
410,13434880,0.5373525557011796,5.8429615020751955,0.7854259490966797,0.02507993280887604,39335
420,13762560,0.5504587155963303,5.814415740966797,0.7600589275360108,0.024424357712268828,39319
430,14090240,0.563564875491481,5.745172500610352,0.7821993827819824,0.025587442517280578,39303
440,14417920,0.5766710353866317,5.790495681762695,0.8587170600891113,0.02701307237148285,39285
450,14745600,0.5897771952817824,5.684786987304688,0.8107502937316895,0.025235632061958314,39277
460,15073280,0.6028833551769331,5.590116500854492,0.7692918300628662,0.025092515349388122,39290
470,15400960,0.6159895150720839,5.634817123413086,0.7278963088989258,0.025216495990753172,39285
480,15728640,0.6290956749672346,5.5609172821044925,0.8439220428466797,0.024799901247024535,39324
490,16056320,0.6422018348623854,5.638045883178711,0.8237109184265137,0.0242917537689209,39254
500,16384000,0.6553079947575361,5.58358154296875,0.6918251037597656,0.02280568927526474,39250
510,16711680,0.6684141546526867,5.527519226074219,0.6730409145355225,0.022529146075248717,39221
520,17039360,0.6815203145478375,5.530995559692383,0.7907570838928223,0.02480802983045578,39240
530,17367040,0.6946264744429882,5.497440338134766,0.7905031204223633,0.023822595179080964,39264
540,17694720,0.7077326343381389,5.480248260498047,0.7124497413635253,0.02299209386110306,39196
550,18022400,0.7208387942332897,5.3818817138671875,0.7262520790100098,0.023041072487831115,39216
560,18350080,0.7339449541284404,5.430879211425781,0.7404685974121094,0.023361875116825102,39237
570,18677760,0.747051114023591,5.340498352050782,0.7347440719604492,0.023873406648635864,39254
580,19005440,0.7601572739187418,5.364535903930664,0.7138441562652588,0.022612236440181732,39191
590,19333120,0.7732634338138925,5.370872116088867,0.7479994297027588,0.022529229521751404,39197
600,19660800,0.7863695937090432,5.293857192993164,0.7398859024047851,0.023172801733016966,39197
610,19988480,0.799475753604194,5.317665863037109,0.6663253784179688,0.021480925381183624,39231
620,20316160,0.8125819134993447,5.2460063934326175,0.6604390621185303,0.021099305152893065,39158
630,20643840,0.8256880733944955,5.215121078491211,0.6939559936523437,0.021987639367580414,39175
640,20971520,0.8387942332896461,5.249062728881836,0.6816304683685303,0.021150608360767365,39140
650,21299200,0.8519003931847968,5.241965103149414,0.6999862194061279,0.021587909758090974,39175
660,21626880,0.8650065530799476,5.2710929870605465,0.6633223533630371,0.02006544917821884,39150
670,21954560,0.8781127129750983,5.218312072753906,0.6586209774017334,0.019921454787254333,39158
680,22282240,0.891218872870249,5.183901596069336,0.6440799713134766,0.02005542367696762,39162
690,22609920,0.9043250327653998,5.134999847412109,0.6276432991027832,0.01942635178565979,39152
700,22937600,0.9174311926605505,5.122959899902344,0.7715089321136475,0.022099171578884125,39179
710,23265280,0.9305373525557011,5.101941680908203,0.6895219802856445,0.020158307254314424,39168
720,23592960,0.9436435124508519,5.064167404174805,0.6155810356140137,0.019408178329467774,39118
730,23920640,0.9567496723460026,5.081245040893554,0.6304014682769775,0.01975746750831604,39145
740,24248320,0.9698558322411533,5.140503692626953,0.712197208404541,0.019972650706768035,39136
750,24576000,0.9829619921363041,5.072235107421875,0.6846288681030274,0.01919512450695038,39151
760,24903680,0.9960681520314548,5.038835144042968,0.6453369617462158,0.01932486742734909,39139
770,25231360,0.999999619505605,4.972515869140625,0.6524803161621093,0.018404097855091096,39058
780,25559040,0.9999972942644099,5.01612548828125,0.6504530429840087,0.017976567149162292,39102
790,25886720,0.9999928551787042,4.920748519897461,0.6250611305236816,0.01940419226884842,39095
800,26214400,0.9999863022693405,4.943900680541992,0.6538224220275879,0.018478329479694366,39141
810,26542080,0.9999776355671006,4.947405624389648,0.6630404472351075,0.01841965764760971,39067
820,26869760,0.999966855112696,4.861907196044922,0.6578246116638183,0.01851494759321213,39091
830,27197440,0.9999539609567677,4.9165702819824215,0.6076148509979248,0.017325146496295928,39104
840,27525120,0.9999389531598855,4.897294616699218,0.625668716430664,0.01706331819295883,39068
850,27852800,0.9999218317925475,4.790283966064453,0.6883491516113281,0.01814129948616028,39065
860,28180480,0.9999025969351808,4.808428192138672,0.7017828941345214,0.017900438606739046,39074
870,28508160,0.9998812486781407,4.792802810668945,0.6326160430908203,0.017951980233192444,39064
880,28835840,0.9998577871217097,4.785926055908203,0.6146104335784912,0.016500511765480043,39032
890,29163520,0.9998322123760972,4.7306060791015625,0.5997397422790527,0.01675638109445572,39011
900,29491200,0.9998045245614399,4.776628112792968,0.5696674823760987,0.015919461846351624,38999
910,29818880,0.9997747238078001,4.713315963745117,0.5736480236053467,0.01593916118144989,38992
920,30146560,0.9997428102551656,4.685018920898438,0.5654354095458984,0.01582075357437134,38974
930,30474240,0.9997087840534492,4.631871032714844,0.6054074764251709,0.016851553320884706,38994
940,30801920,0.9996726453624875,4.713137435913086,0.5737001419067382,0.015560579299926759,38984
950,31129600,0.9996343943520406,4.726184844970703,0.5642552375793457,0.015263484418392181,38958
960,31457280,0.9995940312017911,4.6412818908691404,0.5451660633087159,0.015101577341556548,38977
970,31784960,0.9995515561013435,4.599434280395508,0.5881808280944825,0.015953321754932404,39010
980,32112640,0.9995069692502226,4.636344146728516,0.5536664009094239,0.015226848423480988,39006
990,32440320,0.9994602708578736,4.55863037109375,0.5321958541870118,0.014858320355415344,38966
1000,32768000,0.9994114611436603,4.519177627563477,0.5443649291992188,0.014892476797103881,38955
1010,33095680,0.9993605403368643,4.51551628112793,0.537441349029541,0.014908604323863983,38966
1020,33423360,0.9993075086766843,4.4624183654785154,0.5330053329467773,0.015044787526130676,38964
1030,33751040,0.999252366412234,4.439690780639649,0.5474941253662109,0.014766538143157959,38981
1040,34078720,0.9991951138025426,4.481356048583985,0.6205243587493896,0.0155009925365448,38977
1050,34406400,0.9991357511165514,4.4638935089111325,0.5743956089019775,0.01491355150938034,38953
1060,34734080,0.9990742786331146,4.471776962280273,0.5382036209106446,0.014650402963161469,38924
1070,35061760,0.9990106966409968,4.4896385192871096,0.5195621967315673,0.014353324472904206,38933
1080,35389440,0.9989450054388717,4.391756820678711,0.5436217784881592,0.014390531182289123,38940
1090,35717120,0.9988772053353212,4.420195388793945,0.516879653930664,0.01438378244638443,38904
1100,36044800,0.9988072966488337,4.432315826416016,0.530878734588623,0.014130719006061554,38895
1110,36372480,0.9987352797078023,4.4069679260253904,0.5406017780303956,0.01452108919620514,38886
1120,36700160,0.998661154850524,4.413673782348633,0.54133620262146,0.014047187566757203,38903
1130,37027840,0.9985849224251971,4.412644577026367,0.5328835487365723,0.014050604403018951,38907
1140,37355520,0.9985065827899208,4.383307647705078,0.5334437370300293,0.013922971487045289,38891
1150,37683200,0.998426136312692,4.348075866699219,0.5311632633209229,0.014032606780529023,38902
1160,38010880,0.9983435833714049,4.307260131835937,0.49800548553466795,0.013722933828830719,38899
1170,38338560,0.998258924353849,4.312293624877929,0.5519402980804443,0.013892820477485657,38891
1180,38666240,0.9981721596577064,4.366180801391602,0.5887425422668457,0.013974571228027343,38890
1190,38993920,0.9980832896905512,4.235197448730469,0.5292798519134522,0.014105869829654694,38864
1200,39321600,0.9979923148698461,4.22503662109375,0.5086546897888183,0.013844364881515503,38843
1210,39649280,0.9978992356229419,4.286200332641601,0.5170385837554932,0.013789276778697967,38859
1220,39976960,0.9978040523870747,4.260428619384766,0.5165678024291992,0.013706409931182861,38863
1230,40304640,0.9977067656093641,4.234391784667968,0.5118871688842773,0.013550099730491639,38820
1240,40632320,0.9976073757468108,4.226389694213867,0.5293655395507812,0.013715402781963348,38842
1250,40960000,0.9975058832662946,4.253973770141601,0.504723072052002,0.013433480262756347,38819
1260,41287680,0.9974022886445727,4.2711021423339846,0.5661346435546875,0.014310745894908905,38843
1270,41615360,0.9972965923682765,4.247246170043946,0.5269763469696045,0.01371723711490631,38851
1280,41943040,0.9971887949339102,4.2207794189453125,0.4993946075439453,0.013465131819248199,38850
1290,42270720,0.9970788968478482,4.229772567749023,0.5062316417694092,0.013412898778915406,38824
1300,42598400,0.996966898626332,4.2268108367919925,0.5121553897857666,0.01331450641155243,38853
1310,42926080,0.9968528007954691,4.198464965820312,0.5253478050231933,0.013552641868591309,38819
1320,43253760,0.9967366038912294,4.129472732543945,0.5032664775848389,0.013485978543758392,38831
1330,43581440,0.9966183084594433,4.255536651611328,0.5762267112731934,0.013302615284919739,38792
1340,43909120,0.996497915055799,4.1987449645996096,0.49851503372192385,0.013348850607872009,38819
1350,44236800,0.9963754242458397,4.153321838378906,0.5043106555938721,0.01335459053516388,38776
1360,44564480,0.9962508366049612,4.174875640869141,0.48232016563415525,0.013011153042316436,38794
1370,44892160,0.9961241527184089,4.11076774597168,0.4841043949127197,0.01305873692035675,38787
1380,45219840,0.9959953731812754,4.168812561035156,0.5114579200744629,0.013760048151016235,38809
1390,45547520,0.9958644985984976,4.147088623046875,0.4992084503173828,0.013569983839988708,38781
1400,45875200,0.9957315295848536,4.152722930908203,0.5179985523223877,0.013098886609077454,38806
1410,46202880,0.99559646676496,4.109154129028321,0.47578206062316897,0.012995007634162902,38807
1420,46530560,0.9954593107732691,4.098966217041015,0.48816571235656736,0.013160298764705657,38808
1430,46858240,0.9953200622540659,4.088464736938477,0.48128557205200195,0.013023793697357178,38787
1440,47185920,0.9951787218614647,4.103731918334961,0.4994802474975586,0.012999974191188812,38806
1450,47513600,0.9950352902594064,4.087940979003906,0.4990378856658936,0.012981094419956207,38762
1460,47841280,0.9948897681216552,4.100624084472656,0.5080804824829102,0.01331263929605484,38783
1470,48168960,0.9947421561317958,4.064341354370117,0.4898081302642822,0.012896932661533356,38781
1480,48496640,0.9945924549832297,4.106074523925781,0.502012300491333,0.012872934341430664,38757
1490,48824320,0.9944406653791718,4.175535202026367,0.5171578407287598,0.012897558510303497,38760
1500,49152000,0.994286788032648,4.04859504699707,0.48086724281311033,0.01294635832309723,38766
1510,49479680,0.9941308236664911,4.056135559082032,0.4731458187103271,0.012795992195606232,38773
1520,49807360,0.9939727730133375,4.034883880615235,0.5067891120910645,0.013441626727581025,38752
1530,50135040,0.9938126368156238,3.975145721435547,0.4783910274505615,0.012880268692970275,38746
1540,50462720,0.9936504158255838,4.080667877197266,0.48652334213256837,0.012761805951595307,38747
1550,50790400,0.9934861108052436,3.952717590332031,0.5064253330230712,0.012883946299552917,38767
1560,51118080,0.9933197225264201,4.01953353881836,0.4717104911804199,0.012776392698287963,38735
1570,51445760,0.9931512517707154,4.075293350219726,0.48244757652282716,0.012675294280052185,38766
1580,51773440,0.9929806993295143,3.9942893981933594,0.48121213912963867,0.01264842301607132,38744
1590,52101120,0.99280806600398,4.003523635864258,0.5002635955810547,0.012713281810283661,38749
1600,52428800,0.9926333526050509,4.04754524230957,0.48347272872924807,0.01264815330505371,38762
1610,52756480,0.9924565599534364,3.9862998962402343,0.4836400032043457,0.012730874121189117,38763
1620,53084160,0.9922776888796125,4.0361072540283205,0.48904919624328613,0.012690649926662445,38721
1630,53411840,0.9920967402238197,4.046050262451172,0.5006518363952637,0.012901847064495087,38718
1640,53739520,0.9919137148360565,3.995199966430664,0.4962495803833008,0.012804949283599853,38737
1650,54067200,0.9917286135760778,3.9765350341796877,0.5007222175598145,0.012859028577804566,38737
1660,54394880,0.9915414373133894,3.9274036407470705,0.49213695526123047,0.012938080728054047,38739
1670,54722560,0.9913521869272444,3.956875228881836,0.48490381240844727,0.012666179239749909,38740
1680,55050240,0.991160863306639,3.9600803375244142,0.46203932762145994,0.012460868060588836,38740
1690,55377920,0.9909674673503083,3.9409343719482424,0.4714467525482178,0.01259486973285675,38727
1700,55705600,0.9907719999667222,4.040086364746093,0.491373872756958,0.01255943775177002,38696
1710,56033280,0.990574462074081,3.979770278930664,0.46204347610473634,0.012488572299480439,38727
1720,56360960,0.9903748546003112,3.993543243408203,0.46975159645080566,0.012379029393196106,38695
1730,56688640,0.9901731784830609,3.965584564208984,0.495300817489624,0.012476671487092972,38703
1740,57016320,0.9899694346696959,3.9345027923583986,0.4640827655792236,0.012357031553983688,38716
1750,57344000,0.9897636241172943,3.9729251861572266,0.4837770938873291,0.012424638867378235,38716
1760,57671680,0.9895557477926437,3.982782745361328,0.493425178527832,0.012572050094604492,38716
1770,57999360,0.9893458066722344,3.9435806274414062,0.4843599796295166,0.012447495013475418,38694
1780,58327040,0.9891338017422565,3.934505844116211,0.4693448543548584,0.012368492037057876,38716
1790,58654720,0.988919733998595,3.9319652557373046,0.4643221855163574,0.01245618537068367,38718
1800,58982400,0.9887036044468247,3.9684314727783203,0.476227855682373,0.012445253878831863,38744
1810,59310080,0.9884854141022056,3.901251220703125,0.46727309226989744,0.012836149334907532,38711
1820,59637760,0.9882651639896781,3.9176990509033205,0.5005091667175293,0.012350699305534363,38775
1830,59965440,0.9880428551438585,3.953015899658203,0.4781336784362793,0.01261376291513443,38752
1840,60293120,0.9878184886090338,3.877531814575195,0.47170319557189944,0.012505502998828888,38742
1850,60620800,0.9875920654391568,3.8783069610595704,0.47274484634399416,0.012318679690361023,38721
1860,60948480,0.9873635866978416,3.9318065643310547,0.48807854652404786,0.012297480553388595,38700
1870,61276160,0.987133053458358,3.995623779296875,0.4648409366607666,0.012274906039237976,38693
1880,61603840,0.9869004668036266,3.916167449951172,0.4789111614227295,0.012314289063215255,38710
1890,61931520,0.9866658278262145,3.8791778564453123,0.48699283599853516,0.012392839789390564,38728
1900,62259200,0.9864291376283284,3.8672637939453125,0.46456475257873536,0.012288512289524078,38697
1910,62586880,0.9861903973218116,3.905675506591797,0.45841383934020996,0.012269903719425202,38675
1920,62914560,0.9859496080281371,3.8771903991699217,0.4849246978759766,0.012259972840547561,38679
1930,63242240,0.9857067708784032,3.8171085357666015,0.4612551689147949,0.012176844477653503,38700
1940,63569920,0.9854618870133276,3.859281539916992,0.4629629611968994,0.012305866926908493,38680
1950,63897600,0.9852149575832427,3.8247455596923827,0.4794147968292236,0.012319211661815644,38709
1960,64225280,0.9849659837480899,3.837565231323242,0.47654118537902834,0.012151442468166351,38713
1970,64552960,0.9847149666774135,3.8728263854980467,0.4595674991607666,0.012226922065019607,38706
1980,64880640,0.9844619075503569,3.855691909790039,0.48685336112976074,0.012419994920492172,38710
1990,65208320,0.9842068075556548,3.835245132446289,0.4682669162750244,0.012290499359369277,38690
2000,65536000,0.9839496678916297,3.8198387145996096,0.47559523582458496,0.012334644049406051,38709
2010,65863680,0.9836904897661849,3.8086479187011717,0.4615565299987793,0.012095688283443451,38704
2020,66191360,0.9834292743967993,3.8256336212158204,0.4533700942993164,0.012156721949577332,38690
2030,66519040,0.9831660230105219,3.8382911682128906,0.48178849220275877,0.01225566640496254,38676
2040,66846720,0.9829007368439657,3.858774948120117,0.47130889892578126,0.012235484272241592,38675
2050,67174400,0.9826334171433019,3.8356559753417967,0.4954111576080322,0.012324219942092896,38684
2060,67502080,0.9823640651642543,3.850414276123047,0.4923425197601318,0.01218104287981987,38698
2070,67829760,0.9820926821720932,3.7822174072265624,0.48294544219970703,0.012334878742694854,38707
2080,68157440,0.9818192694416293,3.826007843017578,0.46556925773620605,0.01211496740579605,38678
2090,68485120,0.9815438282572083,3.8479610443115235,0.4650881290435791,0.0121579609811306,38701
2100,68812800,0.9812663599127042,3.781830978393555,0.4746053218841553,0.012159812450408935,38726
2110,69140480,0.9809868657115136,3.768520736694336,0.4633063793182373,0.012196015566587448,38692
2120,69468160,0.9807053469665494,3.838875961303711,0.46907610893249513,0.012250159680843354,38699
2130,69795840,0.980421805000235,3.7695842742919923,0.46648154258728025,0.012161161750555038,38698
2140,70123520,0.9801362411444974,3.8141189575195313,0.4655890941619873,0.01212994009256363,38667
2150,70451200,0.9798486567407615,3.786680221557617,0.47918038368225097,0.012309464812278747,38678
2160,70778880,0.9795590531399438,3.7738155364990233,0.4746335506439209,0.012144363671541213,38675
2170,71106560,0.9792674317024457,3.7719783782958984,0.45364809036254883,0.01220751479268074,38666
2180,71434240,0.9789737937981473,3.8198169708251952,0.4728041172027588,0.0122781902551651,38644
2190,71761920,0.9786781408064011,3.8032760620117188,0.4637706756591797,0.012105224281549453,38661
2200,72089600,0.9783804741160256,3.779049301147461,0.5106512069702148,0.012945421040058136,38684
2210,72417280,0.978080795125298,3.759754943847656,0.47547192573547364,0.01212564781308174,38668
2220,72744960,0.9777791052419487,3.7714908599853514,0.45577249526977537,0.012059888988733291,38669
2230,73072640,0.9774754058831538,3.7689178466796873,0.4590080738067627,0.012022121250629425,38668
2240,73400320,0.9771696984755293,3.780447769165039,0.5186797142028808,0.01237889900803566,38680
2250,73728000,0.9768619844551234,3.7527690887451173,0.4975899696350098,0.01239820122718811,38721
2260,74055680,0.9765522652674108,3.732484817504883,0.47876777648925783,0.012314188480377197,38694
2270,74383360,0.976240542367285,3.815297317504883,0.4971784591674805,0.012001128494739532,38684
2280,74711040,0.9759268172190521,3.828887939453125,0.4746079444885254,0.012114499509334565,38684
2290,75038720,0.9756110912964235,3.7687145233154298,0.458164119720459,0.011928913742303848,38712
2300,75366400,0.9752933660825093,3.741075134277344,0.44367165565490724,0.01202792227268219,38682
2310,75694080,0.9749736430698112,3.717703628540039,0.4632819652557373,0.011917159706354142,38678
2320,76021760,0.9746519237602153,3.751729965209961,0.4681369781494141,0.012057381868362426,38669
2330,76349440,0.9743282096649852,3.7498638153076174,0.47317934036254883,0.012151738256216049,38703
2340,76677120,0.9740025023047555,3.6760589599609377,0.4479089260101318,0.012026625871658325,38708
2350,77004800,0.9736748032095234,3.729575347900391,0.47652082443237304,0.01201641708612442,38702
2360,77332480,0.9733451139186423,3.821173095703125,0.49088177680969236,0.011952781677246093,38699
2370,77660160,0.973013435980815,3.7225620269775392,0.45402350425720217,0.011998198181390762,38705
2380,77987840,0.9726797709540852,3.7766674041748045,0.46117873191833497,0.01202070787549019,38668
2390,78315520,0.9723441204058314,3.7555431365966796,0.46880350112915037,0.011851373314857482,38691
2400,78643200,0.9720064859127585,3.732375717163086,0.4627772331237793,0.01202903762459755,38681
2410,78970880,0.9716668690608914,3.7347965240478516,0.47698493003845216,0.012019968032836914,38667
2420,79298560,0.9713252714455668,3.727247619628906,0.4593365669250488,0.011852601170539856,38671
2430,79626240,0.9709816946714261,3.7703926086425783,0.5800601482391358,0.011965534090995789,38641
2440,79953920,0.9706361403524074,3.7973552703857423,0.474337100982666,0.011970406770706177,38612
2450,80281600,0.9702886101117387,3.7473983764648438,0.468037748336792,0.0118091382086277,38635
2460,80609280,0.9699391055819293,3.7379440307617187,0.4729489326477051,0.012030561268329621,38615
2470,80936960,0.9695876284047632,3.79210205078125,0.46542630195617674,0.011910466849803925,38612
2480,81264640,0.9692341802312905,3.7104759216308594,0.46399569511413574,0.011972921341657639,38655
2490,81592320,0.9688787627218198,3.7842433929443358,0.46428771018981935,0.012118159234523774,38631
2500,81920000,0.9685213775459112,3.7325511932373048,0.47703089714050295,0.012054260075092315,38663
2510,82247680,0.968162026382367,3.6331275939941405,0.44594631195068357,0.01192481890320778,38633
2520,82575360,0.9678007109192254,3.674251174926758,0.47174558639526365,0.011734714359045028,38658
2530,82903040,0.9674374328537514,3.6119663238525392,0.44586896896362305,0.011813639849424361,38667
2540,83230720,0.9670721938924294,3.685453414916992,0.46444058418273926,0.01183454692363739,38652
2550,83558400,0.966704995750955,3.762531280517578,0.47658939361572267,0.011844867467880249,38672
2560,83886080,0.9663358401542269,3.676782989501953,0.45965042114257815,0.011715973913669585,38669
2570,84213760,0.965964728836339,3.713276672363281,0.5291520118713379,0.011787297576665879,38652
2580,84541440,0.9655916635405721,3.770623779296875,0.47684459686279296,0.011971511691808701,38664
2590,84869120,0.9652166460193854,3.737944412231445,0.4740025520324707,0.011817464232444763,38685
2600,85196800,0.9648396780344092,3.655813217163086,0.44951982498168946,0.01174015924334526,38662
2610,85524480,0.9644607613564357,3.6388397216796875,0.46038227081298827,0.011865316331386567,38670
2620,85852160,0.9640798977654107,3.699129104614258,0.45288839340209963,0.011788496375083923,38674
2630,86179840,0.9636970890504263,3.641718292236328,0.45487289428710936,0.011769993603229523,38673
2640,86507520,0.963312337009711,3.7121105194091797,0.45964922904968264,0.011790072917938233,38668
2650,86835200,0.9629256434506225,3.695352554321289,0.4494495391845703,0.011761309951543808,38673
2660,87162880,0.9625370101896386,3.6082130432128907,0.4521498203277588,0.01181805580854416,38708
2670,87490560,0.9621464390523483,3.693944549560547,0.45114984512329104,0.011854315549135208,38667
2680,87818240,0.9617539318734444,3.7052387237548827,0.49094305038452146,0.012032127380371094,38652
2690,88145920,0.9613594904967137,3.6581687927246094,0.45351743698120117,0.011719065904617309,38657
2700,88473600,0.9609631167750291,3.6748851776123046,0.47993130683898927,0.011714628338813782,38684
2710,88801280,0.9605648125703407,3.674016571044922,0.4833674430847168,0.011896651238203049,38688
2720,89128960,0.9601645797536662,3.7340660095214844,0.4621321678161621,0.011720876395702361,38685
2730,89456640,0.959762420205084,3.696978759765625,0.4565887928009033,0.011790195852518082,38698
2740,89784320,0.9593583358137223,3.684690475463867,0.4502092838287354,0.01179431527853012,38663
2750,90112000,0.9589523284777519,3.680390167236328,0.4869790554046631,0.011907633394002914,38651
2760,90439680,0.9585444001043758,3.668813705444336,0.46031866073608396,0.011713836342096329,38640
2770,90767360,0.9581345526098218,3.599395751953125,0.4371823310852051,0.011619468033313752,38629
2780,91095040,0.9577227879193322,3.5905609130859375,0.4507549285888672,0.01170250102877617,38664
2790,91422720,0.9573091079671553,3.656106185913086,0.45801143646240233,0.011736369132995606,38656
2800,91750400,0.9568935146965365,3.6413917541503906,0.45521860122680663,0.011696751415729522,38657
2810,92078080,0.9564760100597085,3.679465103149414,0.4638981342315674,0.011667078733444214,38651
2820,92405760,0.956056596017883,3.591939926147461,0.46113953590393064,0.011681772768497467,38654
2830,92733440,0.9556352745412409,3.6645122528076173,0.4603644847869873,0.01169954314827919,38668
2840,93061120,0.9552120476089232,3.610280990600586,0.46344637870788574,0.011903947591781617,38669
2850,93388800,0.9547869172090215,3.676531219482422,0.453295373916626,0.011631626635789871,38662
2860,93716480,0.9543598853385692,3.641767120361328,0.43955745697021487,0.01166253760457039,38633
2870,94044160,0.9539309540035318,3.6721134185791016,0.4584170341491699,0.011616236716508865,38690
2880,94371840,0.953500125218797,3.6348426818847654,0.4575817108154297,0.01181071698665619,38652
2890,94699520,0.9530674010081663,3.6056941986083983,0.47062273025512696,0.011680729687213898,38705
2900,95027200,0.9526327834043443,3.576994705200195,0.46609792709350584,0.011773374676704407,38692
2910,95354880,0.9521962744489302,3.684789276123047,0.4605111598968506,0.01159985288977623,38657
2920,95682560,0.9517578761924075,3.6299564361572267,0.4444859504699707,0.011624599248170853,38666
2930,96010240,0.9513175906941347,3.6178752899169924,0.45030908584594725,0.011727252602577209,38656
2940,96337920,0.9508754200223356,3.607553482055664,0.4543923854827881,0.011683925986289978,38676
2950,96665600,0.9504313662540893,3.6058631896972657,0.4747334003448486,0.01181410700082779,38696
2960,96993280,0.949985431475321,3.5579574584960936,0.4291801452636719,0.011640383303165436,38658
2970,97320960,0.9495376177807917,3.641679382324219,0.46007347106933594,0.011597178131341934,38651
2980,97648640,0.9490879272740883,3.6170730590820312,0.4688887119293213,0.011763865500688553,38671
2990,97976320,0.9486363620676144,3.595445251464844,0.46073274612426757,0.011578777432441711,38698
3000,98304000,0.9481829242825798,3.620329666137695,0.45180315971374513,0.011696185916662216,38653
3010,98631680,0.9477276160489903,3.640514373779297,0.4612150192260742,0.0117468923330307,38649
3020,98959360,0.9472704395056386,3.582431411743164,0.46614866256713866,0.011500100791454314,38709
3030,99287040,0.9468113968000933,3.5758945465087892,0.46341328620910643,0.011706993728876115,38678
3040,99614720,0.9463504900886894,3.652556610107422,0.4620077133178711,0.011514702439308166,38653
3050,99942400,0.9458877215365181,3.6137760162353514,0.467336368560791,0.011484718322753907,38659
3060,100270080,0.9454230933174161,3.6234935760498046,0.4710113048553467,0.011567866057157516,38639
3070,100597760,0.9449566076139565,3.6348922729492186,0.4623230457305908,0.011593353003263474,38585
3080,100925440,0.944488266617437,3.630603790283203,0.48766002655029295,0.011591487377882004,38603
3090,101253120,0.9440180725278713,3.672859954833984,0.49520306587219237,0.011829109489917755,38565
3100,101580800,0.9435460275539773,3.5863105773925783,0.47542128562927244,0.01158786341547966,38616
3110,101908480,0.9430721339131679,3.619093322753906,0.45991530418396,0.011752494424581528,38588
3120,102236160,0.9425963938315396,3.5724723815917967,0.4560802459716797,0.011550000309944153,38626
3130,102563840,0.9421188095438624,3.5883457183837892,0.4583154201507568,0.011522660404443741,38607
3140,102891520,0.94163938329357,3.6512920379638674,0.47042646408081057,0.011663919687271119,38617
3150,103219200,0.9411581173327482,3.6064067840576173,0.4607720375061035,0.011591435223817826,38602
3160,103546880,0.9406750139221247,3.622863006591797,0.459850549697876,0.011596061289310455,38590
3170,103874560,0.9401900753310587,3.575644302368164,0.4509890079498291,0.011586163938045502,38582
3180,104202240,0.9397033038375302,3.536295700073242,0.4569565773010254,0.011435754597187042,38627
3190,104529920,0.9392147017281288,3.6266998291015624,0.4740964412689209,0.011454557627439499,38624
3200,104857600,0.9387242712980439,3.603341293334961,0.4744842052459717,0.01158289760351181,38613
3210,105185280,0.9382320148510529,3.601206588745117,0.4646478176116943,0.011563414335250854,38647
3220,105512960,0.937737934699511,3.581385040283203,0.46658906936645506,0.011596093326807022,38658
3230,105840640,0.9372420331643404,3.593984603881836,0.46033539772033694,0.011615751683712006,38649
3240,106168320,0.9367443125750188,3.5590744018554688,0.4684466361999512,0.011559967696666718,38638
3250,106496000,0.936244775269569,3.5889217376708986,0.4577589511871338,0.011644580960273742,38631
3260,106823680,0.9357434235945475,3.5321475982666017,0.44673938751220704,0.011905120313167572,38650
3270,107151360,0.9352402599050346,3.514422607421875,0.47387094497680665,0.011595160514116288,38657
3280,107479040,0.9347352865646213,3.5940170288085938,0.47256221771240237,0.011530115455389022,38650
3290,107806720,0.9342285059454002,3.5177146911621096,0.450285816192627,0.011597727239131928,38623
3300,108134400,0.9337199204279533,3.531661605834961,0.44832849502563477,0.01150694563984871,38658
3310,108462080,0.9332095324013407,3.603467559814453,0.4488971710205078,0.011457566171884537,38663
3320,108789760,0.93269734426309,3.6211498260498045,0.47278437614440916,0.011617285013198853,38675
3330,109117440,0.9321833584191851,3.644601821899414,0.4779829502105713,0.01151718497276306,38655
3340,109445120,0.9316675772840538,3.5396461486816406,0.4691495418548584,0.011509878188371658,38677
3350,109772800,0.9311500032805579,3.5885856628417967,0.4708516597747803,0.011648458242416383,38669
3360,110100480,0.9306306388399807,3.5738094329833983,0.4590880870819092,0.011581167578697205,38605
3370,110428160,0.9301094864020161,3.569921112060547,0.46106514930725095,0.011511576920747757,38629
3380,110755840,0.929586548414757,3.594745635986328,0.465547513961792,0.011344955116510392,38595
3390,111083520,0.929061827334684,3.4903949737548827,0.451214075088501,0.011553885787725449,38630
3400,111411200,0.928535325626654,3.578220748901367,0.4552130699157715,0.011393511295318603,38646
3410,111738880,0.9280070457638875,3.6222076416015625,0.4773958683013916,0.011420006304979325,38645
3420,112066560,0.9274769902279585,3.554492950439453,0.46439733505249026,0.011637303233146667,38625
3430,112394240,0.9269451615087818,3.5507835388183593,0.47559242248535155,0.011636699736118316,38647
3440,112721920,0.926411562104602,3.5563785552978517,0.465891695022583,0.011549534648656845,38603
3450,113049600,0.9258761945219811,3.5078350067138673,0.4584352016448975,0.011431194841861725,38650
3460,113377280,0.9253390612757871,3.5226600646972654,0.4685530185699463,0.011488699913024902,38641
3470,113704960,0.9248001648891824,3.59637451171875,0.46927032470703123,0.011552582681179046,38632
3480,114032640,0.9242595078936112,3.58792724609375,0.46266837120056153,0.011470580101013183,38635
3490,114360320,0.9237170928287887,3.536455535888672,0.4746431827545166,0.0114307701587677,38657
3500,114688000,0.923172922242688,3.609426498413086,0.4536522388458252,0.011328884959220886,38627
3510,115015680,0.922626998691529,3.536151885986328,0.48383150100708006,0.011376190185546874,38663
3520,115343360,0.922079324739766,3.511514663696289,0.4562875270843506,0.011213124543428422,38671
3530,115671040,0.9215299029600759,3.5455013275146485,0.4479662895202637,0.011504791676998138,38655
3540,115998720,0.9209787359333456,3.5608776092529295,0.4647380828857422,0.011355727165937423,38622
3550,116326400,0.9204258262486603,3.5520862579345702,0.4633357048034668,0.011554132401943206,38616
3560,116654080,0.9198711765032919,3.5097511291503904,0.45144338607788087,0.011273211240768433,38678
3570,116981760,0.9193147893026851,3.484160614013672,0.45538034439086916,0.011561182141304017,38643
3580,117309440,0.9187566672604472,3.5290733337402345,0.46317119598388673,0.01151607483625412,38663
3590,117637120,0.9181968129983342,3.5328659057617187,0.4612692356109619,0.011402687430381775,38659
3600,117964800,0.9176352291462395,3.5424640655517576,0.45539302825927735,0.011310427635908126,38658
3610,118292480,0.9170719183421812,3.573456954956055,0.47859506607055663,0.011477157473564148,38656
3620,118620160,0.9165068832322891,3.53332405090332,0.4613337993621826,0.011470449715852737,38675
3630,118947840,0.9159401264707938,3.5012802124023437,0.43999857902526857,0.011423797905445099,38685
3640,119275520,0.9153716507200125,3.5320003509521483,0.4474334239959717,0.011408050358295441,38677
3650,119603200,0.9148014586503377,3.6046493530273436,0.4510805130004883,0.011393184959888458,38629
3660,119930880,0.9142295529402239,3.5396186828613283,0.4691646099090576,0.011421537399291993,38654
3670,120258560,0.9136559362761759,3.518061065673828,0.44092392921447754,0.011472827196121216,38571
3680,120586240,0.9130806113527351,3.5162139892578126,0.4553235054016113,0.011434607207775116,38599
3690,120913920,0.9125035808724679,3.5522491455078127,0.4580547332763672,0.011412976682186127,38588
3700,121241600,0.9119248475459516,3.4813472747802736,0.4542070388793945,0.011280866712331772,38602
3710,121569280,0.9113444140917637,3.5415420532226562,0.4542395114898682,0.011413457989692687,38581
3720,121896960,0.9107622832364672,3.477373504638672,0.4483610153198242,0.011338578164577484,38629
3730,122224640,0.9101784577145987,3.502886199951172,0.4436002254486084,0.011385832726955415,38639
3740,122552320,0.9095929402686556,3.491120529174805,0.4520290374755859,0.011548426002264023,38631
3750,122880000,0.9090057336490831,3.5649608612060546,0.46347813606262206,0.011378730833530425,38649
3760,123207680,0.908416840614261,3.527694320678711,0.4987204551696777,0.011690093576908112,38630
3770,123535360,0.9078262639304908,3.5925277709960937,0.4885756015777588,0.011542847007513046,38621
3780,123863040,0.9072340063719835,3.4990608215332033,0.49312477111816405,0.011459771543741226,38648
3790,124190720,0.9066400707208456,3.461175537109375,0.4631940841674805,0.011432694643735886,38656
3800,124518400,0.906044459767066,3.5506641387939455,0.4622380256652832,0.011447663605213165,38631
3810,124846080,0.905447176308504,3.5366710662841796,0.4579605579376221,0.011386488378047944,38599
3820,125173760,0.9048482231508749,3.467793655395508,0.455750036239624,0.011351574212312698,38665
3830,125501440,0.9042476031077374,3.5155616760253907,0.45628948211669923,0.011319518089294434,38641
3840,125829120,0.9036453190004807,3.5053569793701174,0.481292200088501,0.01153503879904747,38673
3850,126156800,0.9030413736583102,3.54969482421875,0.4593571662902832,0.011388039588928223,38645
3860,126484480,0.9024357699182355,3.5138824462890623,0.4564636707305908,0.011301939189434052,38684
3870,126812160,0.9018285106250563,3.5074836730957033,0.47483577728271487,0.0114550843834877,38662
3880,127139840,0.901219598631349,3.4961402893066404,0.46800990104675294,0.01127215549349785,38652
3890,127467520,0.9006090367974537,3.5095325469970704,0.4581697940826416,0.011251668632030486,38647
3900,127795200,0.8999968279914605,3.489033508300781,0.47742929458618166,0.011438085883855819,38649
3910,128122880,0.8993829750891961,3.560612106323242,0.4853409767150879,0.01139257699251175,38631
3920,128450560,0.8987674809742102,3.499989318847656,0.44679741859436034,0.011343460530042648,38642
3930,128778240,0.8981503485377622,3.534702682495117,0.4686495304107666,0.011400003731250764,38634
3940,129105920,0.8975315806788072,3.480656051635742,0.46234521865844724,0.011414061486721038,38644
3950,129433600,0.8969111803039826,3.5224349975585936,0.4550600528717041,0.011295007914304734,38661
3960,129761280,0.8962891503275952,3.467926788330078,0.44823513031005857,0.011439261585474014,38643
3970,130088960,0.8956654936716058,3.512198638916016,0.4629965782165527,0.01136224865913391,38588
3980,130416640,0.8950402132656169,3.5391963958740233,0.4621288776397705,0.011201486736536027,38595
3990,130744320,0.8944133120468587,3.484170913696289,0.46507821083068845,0.011504610627889633,38583
4000,131072000,0.8937847929601748,3.495909881591797,0.46355209350585935,0.011380543559789657,38588
4010,131399680,0.8931546589580086,3.521503448486328,0.47904281616210936,0.011411672830581665,38580
4020,131727360,0.8925229130003902,3.5525787353515623,0.4550002574920654,0.011222118884325028,38569
4030,132055040,0.8918895580549208,3.4806690216064453,0.47802343368530276,0.01134505271911621,38596
4040,132382720,0.8912545970967604,3.5123016357421877,0.45837931632995604,0.011353548616170883,38583
4050,132710400,0.8906180331086129,3.495564270019531,0.46619701385498047,0.011389008164405823,38589
4060,133038080,0.8899798690807127,3.4727554321289062,0.46430263519287107,0.011127084493637085,38590
4070,133365760,0.8893401080108099,3.5560623168945313,0.4707914352416992,0.011260325461626053,38620
4080,133693440,0.8886987529041569,3.481772613525391,0.44483294486999514,0.011190156638622283,38601
4090,134021120,0.888055806773494,3.5145606994628906,0.4757884979248047,0.01148492842912674,38632
4100,134348800,0.8874112726390354,3.468622589111328,0.4624955177307129,0.01141367182135582,38630
4110,134676480,0.8867651535284545,3.5187854766845703,0.464033317565918,0.011268474161624908,38585
4120,135004160,0.8861174524768703,3.4819351196289063,0.4472681999206543,0.011295939981937408,38597
4130,135331840,0.8854681725268331,3.501604461669922,0.4597050666809082,0.01127561628818512,38599
4140,135659520,0.8848173167283098,3.527689743041992,0.4707045555114746,0.0112810418009758,38610
4150,135987200,0.8841648881386694,3.49736328125,0.4451869487762451,0.01138252168893814,38595
4160,136314880,0.88351088982267,3.51104736328125,0.4596382141113281,0.011339382827281952,38629
4170,136642560,0.8828553248524423,3.4673023223876953,0.46666107177734373,0.011198106408119201,38671
4180,136970240,0.8821981963074773,3.5122737884521484,0.47615857124328614,0.011242324858903885,38626
4190,137297920,0.8815395072746101,3.502676773071289,0.4596538066864014,0.011270911246538163,38632
4200,137625600,0.8808792608480065,3.4383121490478517,0.4661810874938965,0.01120929941534996,38653
4210,137953280,0.8802174601291479,3.5034446716308594,0.4582396984100342,0.011287616193294525,38629
4220,138280960,0.8795541082268172,3.4789749145507813,0.4700261116027832,0.011305379122495652,38614
4230,138608640,0.8788892082570837,3.5227191925048826,0.4538120746612549,0.011217933893203736,38630
4240,138936320,0.8782227633432887,3.487539291381836,0.4459592342376709,0.011248835176229478,38618
4250,139264000,0.877554776616031,3.4681640625,0.4658158779144287,0.011368124186992646,38617
4260,139591680,0.8768852512131515,3.471108245849609,0.4556751728057861,0.011437267065048218,38602
4270,139919360,0.8762141902797198,3.478893280029297,0.47016119956970215,0.011277829110622407,38627
4280,140247040,0.8755415969680176,3.470131683349609,0.469727897644043,0.011223410815000534,38566
4290,140574720,0.8748674744375259,3.5202728271484376,0.48042888641357423,0.011136647313833237,38555
4300,140902400,0.8741918258549084,3.4479217529296875,0.47374606132507324,0.011361048370599747,38548
4310,141230080,0.8735146543939974,3.5076122283935547,0.4815845012664795,0.011218266934156418,38539
4320,141557760,0.8728359632357797,3.444524383544922,0.4702125072479248,0.011296424269676208,38606
4330,141885440,0.8721557555683797,3.480853271484375,0.46665034294128416,0.011239434778690337,38599
4340,142213120,0.8714740345870462,3.4215408325195313,0.4634969234466553,0.011294424533843994,38616
4350,142540800,0.8707908034941365,3.482522201538086,0.4697169303894043,0.0112066388130188,38603
4360,142868480,0.8701060654991017,3.481056976318359,0.4707783699035645,0.011332923918962479,38609
4370,143196160,0.8694198238184716,3.469351577758789,0.45334687232971194,0.011203879117965698,38599
4380,143523840,0.8687320816758393,3.4414188385009767,0.47220568656921386,0.011292257905006408,38615
4390,143851520,0.8680428423018461,3.4576255798339846,0.4503645896911621,0.011102956533432008,38595
4400,144179200,0.8673521089341671,3.436278533935547,0.4668670654296875,0.011146961152553559,38633
4410,144506880,0.866659884817495,3.462105941772461,0.48661513328552247,0.011379271000623702,38614
4420,144834560,0.865966173203525,3.4222660064697266,0.4731483459472656,0.011199606209993362,38644
4430,145162240,0.86527097735094,3.4886795043945313,0.48316178321838377,0.011404521763324738,38607
4440,145489920,0.8645743005253953,3.500320053100586,0.4652864933013916,0.011253061145544052,38621
4450,145817600,0.8638761459995025,3.445034408569336,0.472443151473999,0.011221348494291305,38638
4460,146145280,0.8631765170528151,3.43871955871582,0.463836669921875,0.011160430312156678,38628
4470,146472960,0.8624754169718122,3.3980129241943358,0.4734868049621582,0.011332956701517105,38649
4480,146800640,0.8617728490498839,3.452581024169922,0.4715794563293457,0.011350341886281968,38618
4490,147128320,0.8610688165873153,3.304820251464844,0.4563413619995117,0.011198925971984863,38652
4500,147456000,0.860363322891271,3.408885955810547,0.48866925239562986,0.011441048979759217,38602
4510,147783680,0.8596563712757798,3.4174522399902343,0.46125283241271975,0.011171068251132964,38618
4520,148111360,0.8589479650617188,3.4088062286376952,0.4508462429046631,0.011227737367153167,38612
4530,148439040,0.8582381075767984,3.418659210205078,0.4546748161315918,0.011206981539726258,38609
4540,148766720,0.8575268021555462,3.4563621520996093,0.47177600860595703,0.011295615136623383,38633
4550,149094400,0.8568140521392911,3.4477062225341797,0.4572611808776855,0.011080418527126313,38612
4560,149422080,0.8560998608761481,3.446057891845703,0.4604161262512207,0.011146079748868942,38642
4570,149749760,0.8553842317210026,3.4788585662841798,0.4575324535369873,0.01110357865691185,38612
4580,150077440,0.8546671680354943,3.4199291229248048,0.4513124942779541,0.011222777515649795,38574
4590,150405120,0.8539486731880013,3.451450729370117,0.4545255661010742,0.011215926706790924,38577
4600,150732800,0.8532287505536249,3.4090343475341798,0.4463977336883545,0.011194616556167603,38558
4610,151060480,0.8525074035141732,3.460416793823242,0.46271162033081054,0.011168885231018066,38566
4620,151388160,0.8517846354581458,3.4535057067871096,0.46885385513305666,0.011182527989149094,38577
4630,151715840,0.8510604497807165,3.4472061157226563,0.4861283779144287,0.01135031133890152,38588
4640,152043520,0.8503348498837191,3.397843933105469,0.47180862426757814,0.01125807985663414,38605
4650,152371200,0.8496078391756305,3.448865509033203,0.4792806625366211,0.011163541674613952,38606
4660,152698880,0.8488794210715549,3.401223373413086,0.45978822708129885,0.011203019320964814,38630
4670,153026560,0.8481495989932074,3.407449722290039,0.45482425689697265,0.011200392246246338,38594
4680,153354240,0.8474183763688985,3.4692928314208986,0.46198763847351076,0.011142739653587341,38589
4690,153681920,0.8466857566335172,3.4269710540771485,0.455380916595459,0.011032349616289138,38627
4700,154009600,0.8459517432285163,3.4722923278808593,0.4722196102142334,0.01133676990866661,38606
4710,154337280,0.8452163396018946,3.4162216186523438,0.47178215980529786,0.011162250488996505,38602
4720,154664960,0.8444795492081815,3.4341556549072267,0.4705559730529785,0.01130838543176651,38617
4730,154992640,0.8437413755084207,3.4646846771240236,0.49410209655761717,0.011059445887804031,38622
4740,155320320,0.8430018219701542,3.4601959228515624,0.461398983001709,0.011249669641256333,38594
4750,155648000,0.8422608920674052,3.4274364471435548,0.48625693321228025,0.01114417314529419,38592
4760,155975680,0.841518589280663,3.468707275390625,0.46945724487304685,0.011163215339183807,38588
4770,156303360,0.8407749170968652,3.4378421783447264,0.4640380859375,0.011157406121492386,38587
4780,156631040,0.8400298790093831,3.393937683105469,0.4635289192199707,0.01129847690463066,38617
4790,156958720,0.8392834785180031,3.3982940673828126,0.451507043838501,0.011188972741365433,38623
4800,157286400,0.8385357191289123,3.429067611694336,0.4604743003845215,0.011146624386310578,38609
4810,157614080,0.837786604354681,3.4196781158447265,0.45282716751098634,0.011290931701660156,38607
4820,157941760,0.8370361377142459,3.456329345703125,0.4658190727233887,0.011151333153247834,38596
4830,158269440,0.8362843227328948,3.35626106262207,0.4590956687927246,0.011031567305326461,38619
4840,158597120,0.8355311629422486,3.3779933929443358,0.4639315128326416,0.011145160347223283,38616
4850,158924800,0.8347766618802456,3.392820358276367,0.4643988609313965,0.011184832453727723,38599
4860,159252480,0.8340208230911248,3.402124786376953,0.46800980567932127,0.011158749461174011,38613
4870,159580160,0.8332636501254091,3.3983432769775392,0.46475634574890134,0.011267081648111344,38599
4880,159907840,0.8325051465398888,3.4347572326660156,0.47759552001953126,0.010996861755847931,38611
4890,160235520,0.8317453158976044,3.4469120025634767,0.46791806221008303,0.011130549013614655,38552
4900,160563200,0.8309841617678299,3.3488574981689454,0.4456308364868164,0.01116815283894539,38570
4910,160890880,0.8302216877260572,3.4015708923339845,0.45964822769165037,0.011136343330144882,38578
4920,161218560,0.829457897353978,3.402566909790039,0.46610031127929685,0.011231325566768646,38594
4930,161546240,0.8286927942394671,3.379155731201172,0.4756965637207031,0.011390100419521331,38625
4940,161873920,0.8279263819765664,3.434264373779297,0.47554030418396,0.011116939038038254,38593
4950,162201600,0.827158664165467,3.3891910552978515,0.46458992958068845,0.011206500232219696,38620
4960,162529280,0.8263896444124933,3.3911136627197265,0.4620884895324707,0.011001480370759964,38653
4970,162856960,0.825619326330085,3.3561920166015624,0.4754152297973633,0.0112046480178833,38631
4980,163184640,0.8248477135367809,3.3946178436279295,0.4663100242614746,0.011311547458171844,38613
4990,163512320,0.8240748096572016,3.359297180175781,0.48449292182922366,0.011252771317958831,38628
5000,163840000,0.8233006183220325,3.355101776123047,0.4747315406799316,0.011168470978736878,38605
5010,164167680,0.8225251431680068,3.412392807006836,0.4552910804748535,0.011031503975391387,38601
5020,164495360,0.8217483878378885,3.331710433959961,0.460222864151001,0.011142285913228989,38641
5030,164823040,0.8209703559804551,3.3951587677001953,0.45995655059814455,0.011143819242715836,38631
5040,165150720,0.8201910512504803,3.4326335906982424,0.47199034690856934,0.011207614094018936,38623
5050,165478400,0.8194104773087175,3.4406402587890623,0.4685323715209961,0.011115919798612595,38608
5060,165806080,0.8186286378218818,3.376587677001953,0.4702322006225586,0.011124755442142486,38629
5070,166133760,0.8178455364626335,3.3674503326416017,0.45685110092163084,0.0110554501414299,38613
5080,166461440,0.8170611769095599,3.303577423095703,0.47355046272277834,0.011212653666734695,38653
5090,166789120,0.8162755628471595,3.2941059112548827,0.4628725051879883,0.011182932555675507,38662
5100,167116800,0.815488697965823,3.374002456665039,0.47204174995422366,0.011162574589252471,38604
5110,167444480,0.8147005859618172,3.4378646850585937,0.47690811157226565,0.011094044148921966,38601
5120,167772160,0.813911230537267,3.3421310424804687,0.4586931705474854,0.011089290678501128,38605
5130,168099840,0.8131206354001385,3.4248790740966797,0.46990213394165037,0.011073142290115356,38613
5140,168427520,0.8123288042642208,3.3232807159423827,0.46024279594421386,0.011036175489425658,38609
5150,168755200,0.8115357408491098,3.3759510040283205,0.4798555850982666,0.011112267524003983,38603
5160,169082880,0.8107414488801894,3.4035072326660156,0.48786120414733886,0.011092653870582581,38583
5170,169410560,0.8099459320886147,3.4127735137939452,0.47888913154602053,0.011050212383270263,38582
5180,169738240,0.8091491942112942,3.416486358642578,0.4725006103515625,0.01124737188220024,38606
5190,170065920,0.8083512389908728,3.3623992919921877,0.46786346435546877,0.011144139617681504,38566
5200,170393600,0.8075520701757136,3.433367156982422,0.45787720680236815,0.01116662323474884,38543
5210,170721280,0.8067516915198807,3.4082611083984373,0.46158947944641116,0.011039388179779053,38579
5220,171048960,0.8059501067831211,3.3986690521240233,0.4781886100769043,0.011118479073047638,38599
5230,171376640,0.8051473197308472,3.3581623077392577,0.4738009452819824,0.011221139878034591,38576
5240,171704320,0.8043433341341197,3.3659061431884765,0.47121009826660154,0.011094547063112258,38574
5250,172032000,0.8035381537696291,3.4246280670166014,0.47388644218444825,0.011015787720680237,38615
5260,172359680,0.8027317824196785,3.4267036437988283,0.47790064811706545,0.011131463944911957,38594
5270,172687360,0.8019242238721653,3.3834266662597656,0.46402459144592284,0.01129472628235817,38581
5280,173015040,0.8011154819205639,3.3543846130371096,0.4673760414123535,0.011100132763385773,38591
5290,173342720,0.8003055603639075,3.383138656616211,0.4653806686401367,0.011127713322639465,38601
5300,173670400,0.799494463006771,3.383158874511719,0.4594604969024658,0.011020326614379882,38601
5310,173998080,0.7986821936592519,3.4189212799072264,0.4669762134552002,0.010977046191692352,38577
5320,174325760,0.7978687561369534,3.407863998413086,0.4727222442626953,0.011109709739685059,38611
5330,174653440,0.7970541542609662,3.374971389770508,0.46181349754333495,0.010984628647565841,38607
5340,174981120,0.7962383918578503,3.3581211090087892,0.46719183921813967,0.011201979964971543,38620
5350,175308800,0.7954214727596175,3.453201675415039,0.5021683692932128,0.011081257462501526,38586
5360,175636480,0.794603400803713,3.357704925537109,0.47070159912109377,0.011020627617836,38641
5370,175964160,0.7937841798329972,3.329415512084961,0.47556428909301757,0.011225217580795288,38594
5380,176291840,0.7929638136957288,3.3259605407714843,0.4739670276641846,0.011030630767345428,38639
5390,176619520,0.7921423062455447,3.4042232513427733,0.4781193256378174,0.011167048662900924,38585
5400,176947200,0.791319661341444,3.3459308624267576,0.46956491470336914,0.011115602403879165,38602
5410,177274880,0.7904958828477688,3.421844482421875,0.48473405838012695,0.011099790036678315,38612
5420,177602560,0.7896709746341858,3.346403121948242,0.45761690139770506,0.011116143316030502,38608
5430,177930240,0.7888449405756687,3.345981216430664,0.47068772315979,0.011157263815402985,38623
5440,178257920,0.78801778455248,3.3671546936035157,0.4725496768951416,0.011105674505233764,38610
5450,178585600,0.7871895104501523,3.328961944580078,0.4817357540130615,0.011177460849285125,38604
5460,178913280,0.7863601221594704,3.3448421478271486,0.4655337333679199,0.011125010251998902,38595
5470,179240960,0.7855296235764533,3.355599594116211,0.4743669509887695,0.011157750338315963,38627
5480,179568640,0.7846980186023351,3.399668502807617,0.4674354553222656,0.010978803038597107,38601
5490,179896320,0.7838653111435474,3.3262859344482423,0.49452881813049315,0.011082363873720169,38673
5500,180224000,0.7830315051117006,3.3298568725585938,0.46505036354064944,0.01100674569606781,38595
5510,180551680,0.7821966044235655,3.3528121948242187,0.4730032444000244,0.011128034442663193,38583
5520,180879360,0.7813606130010551,3.413742446899414,0.4763473987579346,0.010989712178707122,38580
5530,181207040,0.7805235347712062,3.423308181762695,0.48777318000793457,0.01110047623515129,38601
5540,181534720,0.7796853736661605,3.3950599670410155,0.4817556858062744,0.011133243143558503,38603
5550,181862400,0.7788461336231468,3.340474319458008,0.46579875946044924,0.011012893915176392,38584
5560,182190080,0.7780058185844622,3.343312072753906,0.4749456405639648,0.0111228846013546,38629
5570,182517760,0.777164432497453,3.3042366027832033,0.4766244411468506,0.011032439768314362,38618
5580,182845440,0.7763219793144973,3.4184188842773438,0.4712465763092041,0.011166344583034515,38576
5590,183173120,0.7754784629929858,3.3095939636230467,0.4608034610748291,0.011086495220661163,38620
5600,183500800,0.7746338874953032,3.3247352600097657,0.47554893493652345,0.011140382289886475,38598
5610,183828480,0.773788256788809,3.3599098205566404,0.4903463840484619,0.011076025664806366,38602
5620,184156160,0.7729415748458205,3.3497852325439452,0.4687136173248291,0.01108497679233551,38605
5630,184483840,0.7720938456435924,3.3785099029541015,0.4742756366729736,0.011082027852535248,38598
5640,184811520,0.7712450731642992,3.2822227478027344,0.4755673408508301,0.01097181737422943,38629
5650,185139200,0.7703952613950162,3.3905635833740235,0.48418269157409666,0.011056795716285706,38586
5660,185466880,0.7695444143277006,3.3244285583496094,0.5062138080596924,0.011517856270074844,38595
5670,185794560,0.7686925359591726,3.3392356872558593,0.4908002853393555,0.01105925515294075,38602
5680,186122240,0.7678396302910978,3.3917400360107424,0.48898773193359374,0.011143894493579864,38594
5690,186449920,0.7669857013299661,3.395884323120117,0.4828836441040039,0.011048707365989684,38605
5700,186777600,0.7661307530870757,3.417990875244141,0.46742830276489256,0.011010654270648956,38580
5710,187105280,0.7652747895785117,3.3034027099609373,0.461350679397583,0.011045803874731063,38622
5720,187432960,0.7644178148251293,3.241885757446289,0.4652536869049072,0.011168686300516128,38623
5730,187760640,0.7635598328525331,3.3740463256835938,0.49065985679626467,0.011148692667484283,38620
5740,188088320,0.76270084769106,3.335466003417969,0.46048941612243655,0.011126673966646194,38583
5750,188416000,0.7618408633757584,3.3639057159423826,0.46666202545166013,0.011095140874385834,38582
5760,188743680,0.760979883946371,3.3918357849121095,0.4953929424285889,0.011087258160114289,38612
5770,189071360,0.7601179134473144,3.3616348266601563,0.48299226760864256,0.011019253730773925,38602
5780,189399040,0.7592549559276612,3.360581970214844,0.4769627094268799,0.011054614186286926,38593
5790,189726720,0.7583910154411201,3.419302749633789,0.4736286163330078,0.011159105598926545,38556
5800,190054400,0.7575260960460173,3.388968658447266,0.46475467681884763,0.011064684391021729,38532
5810,190382080,0.7566602018052777,3.389379119873047,0.48388943672180174,0.011052989959716797,38580
5820,190709760,0.7557933367864051,3.400720977783203,0.4958809375762939,0.010933897644281387,38578
5830,191037440,0.7549255050614639,3.3401123046875,0.4726424694061279,0.011075370758771897,38566
5840,191365120,0.7540567107070592,3.3445621490478517,0.4719816207885742,0.011059430986642837,38565
5850,191692800,0.753186957804318,3.33094482421875,0.484315299987793,0.011035002022981643,38602
5860,192020480,0.7523162504388706,3.363096237182617,0.486165189743042,0.011031251400709152,38599
5870,192348160,0.7514445927008302,3.397088623046875,0.4881470203399658,0.011085283011198044,38611
5880,192675840,0.7505719886847744,3.2538909912109375,0.49373183250427244,0.011129020899534225,38663
5890,193003520,0.7496984424897264,3.3567996978759767,0.4758425712585449,0.011108442395925521,38601
5900,193331200,0.7488239582191348,3.320761489868164,0.4826346397399902,0.011105415225028992,38651
5910,193658880,0.7479485399808549,3.3454071044921876,0.4747115135192871,0.011224157363176345,38624
5920,193986560,0.7470721918871295,3.294843292236328,0.4675761222839355,0.010950208455324174,38639
5930,194314240,0.7461949180545687,3.313772201538086,0.4804843425750732,0.011003692448139191,38622
5940,194641920,0.745316722604132,3.341874694824219,0.47796263694763186,0.010943646728992461,38599
5950,194969600,0.744437609661108,3.381275939941406,0.48457989692687986,0.010945189744234085,38570
5960,195297280,0.7435575833550946,3.288051223754883,0.48049516677856446,0.011050865054130554,38628
5970,195624960,0.7426766478199808,3.4387916564941405,0.488892650604248,0.011027156561613082,38586
5980,195952640,0.7417948071939264,3.334101104736328,0.4991733551025391,0.011317948251962662,38601
5990,196280320,0.7409120656193431,3.2717533111572266,0.48603029251098634,0.011088842153549194,38631
6000,196608000,0.7400284272428742,3.288629150390625,0.4747488975524902,0.011195499449968338,38619
6010,196935680,0.7391438962153765,3.3291797637939453,0.46136107444763186,0.011030727624893188,38600
6020,197263360,0.7382584766918991,3.3368053436279297,0.4843599796295166,0.010969284921884537,38647
6030,197591040,0.7373721728316657,3.3262359619140627,0.47466373443603516,0.011047185212373734,38589
6040,197918720,0.7364849887980534,3.382980728149414,0.49399642944335936,0.010983268916606902,38605
6050,198246400,0.7355969287585742,3.370815658569336,0.4840683460235596,0.011081494390964508,38577
6060,198574080,0.7347079968848549,3.3657199859619142,0.489045524597168,0.011140073835849761,38571
6070,198901760,0.733818197352618,3.2884536743164063,0.47272748947143556,0.010981006920337677,38620
6080,199229440,0.7329275343416618,3.2369754791259764,0.4602848529815674,0.011056870222091675,38606
6090,199557120,0.7320360120358402,3.3291065216064455,0.4776435852050781,0.011124590039253235,38616
6100,199884800,0.7311436346230444,3.297429656982422,0.46987004280090333,0.011125805228948593,38596
6110,200212480,0.7302504062951819,3.382177734375,0.4833800792694092,0.01111365482211113,38574
6120,200540160,0.7293563312481574,3.2940547943115233,0.4745689868927002,0.011047108471393586,38610
6130,200867840,0.7284614136818531,3.314801788330078,0.47231221199035645,0.011107146739959717,38566
6140,201195520,0.7275656578001092,3.246371841430664,0.4759572982788086,0.011001379042863847,38594
6150,201523200,0.7266690678107032,3.3152080535888673,0.47571601867675783,0.011103526502847672,38583
6160,201850880,0.7257716479253312,3.3064170837402345,0.47149052619934084,0.011136806011199952,38589
6170,202178560,0.7248734023595879,3.2705196380615233,0.4753087520599365,0.01116655245423317,38602
6180,202506240,0.7239743353329462,3.310658645629883,0.48429298400878906,0.011117167025804519,38604
6190,202833920,0.7230744510687378,3.3692760467529297,0.46755199432373046,0.010994210839271545,38608
6200,203161600,0.7221737537941337,3.324949264526367,0.47387027740478516,0.011038112640380859,38610
6210,203489280,0.7212722477401238,3.3408157348632814,0.47046713829040526,0.010998645424842834,38587
6220,203816960,0.7203699371414969,3.3775203704833983,0.47676820755004884,0.011086346954107285,38568
6230,204144640,0.7194668262368217,3.305675506591797,0.46210422515869143,0.010999320447444916,38604
6240,204472320,0.7185629192684256,3.3210784912109377,0.472582483291626,0.011033954471349717,38595
6250,204800000,0.7176582204823762,3.2814823150634767,0.47160911560058594,0.011108259111642838,38603
6260,205127680,0.7167527341284602,3.277535247802734,0.4778893947601318,0.011080385744571685,38567
6270,205455360,0.715846464460164,3.3229610443115236,0.4733802318572998,0.010926827043294906,38581
6280,205783040,0.7149394157346535,3.2981910705566406,0.4823328495025635,0.01105215698480606,38603
6290,206110720,0.7140315922127544,3.321561813354492,0.49633450508117677,0.011057786643505096,38588
6300,206438400,0.7131229981589317,3.3229331970214844,0.4975125312805176,0.01104450672864914,38602
6310,206766080,0.7122136378412699,3.274629592895508,0.4831719398498535,0.011268214881420135,38628
6320,207093760,0.7113035155314535,3.3204875946044923,0.48617119789123536,0.011098002642393112,38580
6330,207421440,0.710392635504746,3.3494091033935547,0.4778774261474609,0.010960896313190461,38590
6340,207749120,0.70948100203997,3.3308475494384764,0.47705554962158203,0.011052069067955018,38576
6350,208076800,0.7085686194194882,3.360581970214844,0.4813485622406006,0.011029315739870071,38586
6360,208404480,0.7076554919291816,3.3078662872314455,0.48139476776123047,0.011057288199663163,38605
6370,208732160,0.7067416238584305,3.3010719299316404,0.48057756423950193,0.011020632088184356,38583
6380,209059840,0.7058270195000943,3.362383270263672,0.4758633613586426,0.011014498025178909,38552
6390,209387520,0.7049116831504906,3.3409133911132813,0.471802806854248,0.011105043441057205,38580
6400,209715200,0.7039956191093758,3.3746978759765627,0.488205099105835,0.01104542389512062,38558
6410,210042880,0.7030788316799246,3.3647315979003904,0.4892417430877686,0.011085056513547898,38518
6420,210370560,0.7021613251687095,3.332912063598633,0.4878273010253906,0.011117583513259888,38566
6430,210698240,0.7012431038856815,3.390416717529297,0.48019938468933104,0.011119705438613892,38562
6440,211025920,0.7003241721441484,3.2999324798583984,0.47342848777770996,0.0109805628657341,38581
6450,211353600,0.699404534260756,3.3292461395263673,0.47687296867370604,0.01100543960928917,38577
6460,211681280,0.6984841945554667,3.284419631958008,0.5049995899200439,0.011511735618114471,38564
6470,212008960,0.6975631573515402,3.245279312133789,0.4658320426940918,0.011003176867961883,38609
6480,212336640,0.6966414269755121,3.3087928771972654,0.4725785255432129,0.011088590323925018,38564
6490,212664320,0.6957190077571747,3.3189456939697264,0.48410801887512206,0.0110240638256073,38597
6500,212992000,0.6947959040295556,3.22943229675293,0.48645954132080077,0.011114082485437392,38606
6510,213319680,0.693872120128898,3.3340850830078126,0.48549857139587405,0.011052923649549485,38561
6520,213647360,0.6929476603946405,3.3244686126708984,0.5006555080413818,0.01096447855234146,38600
6530,213975040,0.6920225291693962,3.2992015838623048,0.488598108291626,0.011094087362289428,38603
6540,214302720,0.6910967307989323,3.2359100341796876,0.4892308235168457,0.011087967455387116,38593
6550,214630400,0.6901702696321502,3.2716995239257813,0.47752699851989744,0.011024603247642517,38603
6560,214958080,0.6892431500210646,3.3050025939941405,0.4838078498840332,0.01095464825630188,38592
6570,215285760,0.6883153763207832,3.399991989135742,0.49812092781066897,0.011099787056446075,38534
6580,215613440,0.6873869528894864,3.2821605682373045,0.48392481803894044,0.011059194803237915,38594
6590,215941120,0.6864578840884065,3.3378101348876954,0.48050079345703123,0.011070363223552704,38543
6600,216268800,0.6855281742818073,3.2904125213623048,0.4848048210144043,0.01117858812212944,38572
6610,216596480,0.6845978278369642,3.2992713928222654,0.4850649833679199,0.011267583072185516,38552
6620,216924160,0.683666849124143,3.3688663482666015,0.47749624252319334,0.010991016030311584,38562
6630,217251840,0.6827352425165789,3.29992561340332,0.4926884174346924,0.011119993031024933,38599
6640,217579520,0.6818030123904574,3.335062789916992,0.48368058204650877,0.011184930801391602,38571
6650,217907200,0.6808701631248927,3.294757080078125,0.4709615707397461,0.011002465337514877,38600
6660,218234880,0.6799366991019075,3.3088237762451174,0.4866597652435303,0.01106646955013275,38581
6670,218562560,0.6790026247064119,3.335287857055664,0.5145694732666015,0.011220449954271317,38583
6680,218890240,0.6780679443261837,3.283371353149414,0.49804229736328126,0.011205346882343292,38589
6690,219217920,0.6771326623518468,3.3121707916259764,0.5147158622741699,0.011146363615989686,38587
6700,219545600,0.6761967831768516,3.291504669189453,0.47832460403442384,0.011108104884624482,38578
6710,219873280,0.6752603111974533,3.287528228759766,0.48277783393859863,0.0110373392701149,38550
6720,220200960,0.6743232508126922,3.339529800415039,0.4839336395263672,0.01107487678527832,38603
6730,220528640,0.6733856064243724,3.332168960571289,0.5001402854919433,0.011024086177349091,38612
6740,220856320,0.6724473824370414,3.212610626220703,0.47619214057922366,0.011171609163284302,38570
6750,221184000,0.6715085832579691,3.269318771362305,0.47693486213684083,0.011126423627138138,38595
6760,221511680,0.6705692132971278,3.2821868896484374,0.4797047138214111,0.011171737313270569,38598
6770,221839360,0.6696292769671708,3.212314987182617,0.4786527156829834,0.011012378334999084,38588
6780,222167040,0.6686887786834115,3.3002155303955076,0.49919958114624025,0.011195638030767441,38553
6790,222494720,0.6677477228638038,3.307949447631836,0.4911738395690918,0.011124181747436523,38583
6800,222822400,0.6668061139289202,3.265091323852539,0.47262163162231446,0.0111288920044899,38577
6810,223150080,0.6658639563019313,3.3013187408447267,0.4820831775665283,0.011114859580993652,38561
6820,223477760,0.6649212544085855,3.316640090942383,0.4787733554840088,0.011031083762645721,38587
6830,223805440,0.6639780126771876,3.1847812652587892,0.5019891738891602,0.011338653415441513,38623
6840,224133120,0.6630342355385784,3.2789794921875,0.490289306640625,0.011021992564201355,38595
6850,224460800,0.6620899274261136,3.2694843292236326,0.47516117095947263,0.011063770949840545,38606
6860,224788480,0.6611450927756435,3.293485641479492,0.4738447666168213,0.011051347851753235,38577
6870,225116160,0.6601997360254913,3.2930198669433595,0.4953918933868408,0.011288980394601822,38598
6880,225443840,0.659253861616433,3.233555221557617,0.4790975570678711,0.010989058762788773,38611
6890,225771520,0.6583074739916764,3.2527915954589846,0.4789877414703369,0.011028096079826355,38575
6900,226099200,0.65736057759684,3.2901870727539064,0.4843705177307129,0.011098077893257141,38584
6910,226426880,0.656413176879932,3.343458557128906,0.5018817901611328,0.011106961220502854,38576
6920,226754560,0.65546527629133,3.349264144897461,0.49348912239074705,0.011087915301322937,38576
6930,227082240,0.6545168802837597,3.296974945068359,0.5006207942962646,0.011198330670595169,38584
6940,227409920,0.6535679933122733,3.3043087005615233,0.4983652114868164,0.01119118109345436,38596
6950,227737600,0.6526186198342305,3.263274383544922,0.4824513912200928,0.011023078858852387,38577
6960,228065280,0.6516687643092755,3.326506423950195,0.48131422996520995,0.010965625941753387,38578
6970,228392960,0.6507184311993169,3.3088047027587892,0.489351749420166,0.011086887121200562,38566
6980,228720640,0.6497676249685073,3.2573268890380858,0.49905929565429685,0.011264751851558685,38612
6990,229048320,0.648816350083221,3.2661548614501954,0.4837507247924805,0.010923159122467042,38588
7000,229376000,0.6478646110120344,3.2540542602539064,0.487824821472168,0.01111581176519394,38554
7010,229703680,0.6469124122257043,3.251090240478516,0.4766992568969727,0.011078253388404846,38566
7020,230031360,0.6459597581971467,3.2675334930419924,0.48914170265197754,0.011073612421751023,38540
7030,230359040,0.6450066534014163,3.1860870361328124,0.46700248718261717,0.011159059405326844,38580
7040,230686720,0.6440531023156852,3.27879638671875,0.4921596527099609,0.01106220781803131,38565
7050,231014400,0.643099109419222,3.2659980773925783,0.49331088066101075,0.011080656200647354,38616
7060,231342080,0.6421446791933706,3.2453784942626953,0.4880223274230957,0.011033006012439728,38577
7070,231669760,0.6411898161215294,3.259306716918945,0.4742835521697998,0.010947956144809723,38575
7080,231997440,0.6402345246891296,3.2461578369140627,0.6612366676330567,0.01418263465166092,38574
7090,232325120,0.6392788093836153,3.2333099365234377,0.5348898887634277,0.011523561179637909,38588
7100,232652800,0.6383226746944214,3.200283432006836,0.5089364528656006,0.011192278563976287,38600
7110,232980480,0.6373661251129528,3.198313903808594,0.49340643882751467,0.011063103377819062,38593
7120,233308160,0.6364091651325631,3.196405220031738,0.4825411796569824,0.011132409423589706,38555
7130,233635840,0.6354517992485343,3.3153812408447267,0.5130236625671387,0.011023515462875366,38574
7140,233963520,0.6344940319580545,3.2670352935791014,0.49439096450805664,0.01098436713218689,38571
7150,234291200,0.6335358677601981,3.2785438537597655,0.4906977653503418,0.01101720854640007,38561
7160,234618880,0.6325773111559034,3.2677135467529297,0.48288302421569823,0.01118575856089592,38551
7170,234946560,0.631618366647952,3.2541728973388673,0.4768091678619385,0.011019255220890044,38562
7180,235274240,0.6306590387409481,3.24847297668457,0.48762192726135256,0.010999034345149993,38591
7190,235601920,0.6296993319412965,3.2640758514404298,0.48342599868774416,0.011142262816429138,38569
7200,235929600,0.6287392507571821,3.294343948364258,0.4886168003082275,0.011082439869642257,38549
7210,236257280,0.627778799698548,3.234416198730469,0.49947633743286135,0.011086370795965195,38595
7220,236584960,0.6268179832770756,3.2567829132080077,0.48340115547180174,0.0110799141228199,38574
7230,236912640,0.6258568060061616,3.2275112152099608,0.4896858215332031,0.011080841720104217,38584
7240,237240320,0.6248952724008985,3.2598663330078126,0.49199724197387695,0.011186959594488144,38592
7250,237568000,0.6239333869780525,3.262466812133789,0.5023738384246826,0.011046603322029114,38591
7260,237895680,0.6229711542560421,3.2323928833007813,0.4882514953613281,0.011111224442720414,38573
7270,238223360,0.6220085787549176,3.236786651611328,0.4902320861816406,0.01099323183298111,38580
7280,238551040,0.6210456649963396,3.1801078796386717,0.4825437068939209,0.011080820858478547,38611
7290,238878720,0.6200824175035572,3.234235382080078,0.4775516510009766,0.01103220358490944,38583
7300,239206400,0.6191188408013876,3.276782989501953,0.4908751010894775,0.01118994951248169,38568
7310,239534080,0.618154939416194,3.206781005859375,0.48981504440307616,0.011119048297405242,38636
7320,239861760,0.6171907178758654,3.220133972167969,0.47879633903503416,0.011033721268177032,38581
7330,240189440,0.6162261807097943,3.2725311279296876,0.4974072456359863,0.011107327789068222,38581
7340,240517120,0.615261332448856,3.270562744140625,0.49225740432739257,0.0110773004591465,38553
7350,240844800,0.6142961776253867,3.2365928649902345,0.4890869140625,0.011058622598648071,38573
7360,241172480,0.6133307207731634,3.238724136352539,0.4846494674682617,0.011046677827835083,38573
7370,241500160,0.6123649664273816,3.2308998107910156,0.4871854305267334,0.0111941859126091,38571
7380,241827840,0.6113989191246338,3.230731964111328,0.4905403137207031,0.011086559295654297,38591
7390,242155520,0.6104325834028894,3.230322265625,0.48436684608459474,0.01103476732969284,38586
7400,242483200,0.6094659638014722,3.272267532348633,0.4944588661193848,0.011028867214918137,38565
7410,242810880,0.6084990648610393,3.2301780700683596,0.486470890045166,0.011089808493852615,38576
7420,243138560,0.6075318911235607,3.3203853607177733,0.49834613800048827,0.011083695292472839,38585
7430,243466240,0.6065644471322965,3.2887958526611327,0.5094560623168946,0.01091528907418251,38586
7440,243793920,0.6055967374317768,3.323206329345703,0.4969428062438965,0.011153367161750794,38554
7450,244121600,0.6046287665677795,3.2633262634277345,0.4930116176605225,0.011067941784858704,38604
7460,244449280,0.6036605390873098,3.245697021484375,0.49841914176940916,0.01116921305656433,38554
7470,244776960,0.6026920595385779,3.2448070526123045,0.5025246620178223,0.011074084043502807,38594
7480,245104640,0.6017233324709779,3.2461879730224608,0.49243435859680174,0.011156433820724487,38589
7490,245432320,0.6007543624350674,3.1756864547729493,0.4901601314544678,0.010992885380983353,38603
7500,245760000,0.5997851539825445,3.168757438659668,0.492116117477417,0.01105332002043724,38615
7510,246087680,0.5988157116662278,3.1922231674194337,0.48933067321777346,0.011042570322751999,38556
7520,246415360,0.5978460400400343,3.1958782196044924,0.49205427169799804,0.011024075001478196,38596
7530,246743040,0.5968761436589581,3.2210689544677735,0.5004868507385254,0.011059112846851349,38580
7540,247070720,0.595906027079049,3.279269790649414,0.4946789264678955,0.011020505428314209,38564
7550,247398400,0.5949356948573915,3.20727424621582,0.4981257438659668,0.011035461723804475,38588
7560,247726080,0.593965151552083,3.234084701538086,0.4849690914154053,0.011075098067522049,38561
7570,248053760,0.5929944017222119,3.1761255264282227,0.4732649803161621,0.01104390099644661,38550
7580,248381440,0.5920234499278374,3.2698570251464845,0.4909067153930664,0.011051396280527115,38553
7590,248709120,0.5910523007299672,3.225107192993164,0.4844428539276123,0.011103666573762893,38550
7600,249036800,0.5900809586905363,3.271007537841797,0.48407678604125975,0.011026142537593842,38563
7610,249364480,0.5891094283723856,3.249430847167969,0.48093609809875487,0.011087922006845474,38566
7620,249692160,0.5881377143392402,3.28370361328125,0.4999059200286865,0.011201165616512299,38557
7630,250019840,0.5871658211556886,3.3190322875976563,0.5069149494171142,0.01103932186961174,38551
7640,250347520,0.5861937533871606,3.1986236572265625,0.4923898220062256,0.01100916564464569,38585
7650,250675200,0.585221515599906,3.2492671966552735,0.521269702911377,0.011040957272052765,38618
7660,251002880,0.5842491123609734,3.1792314529418944,0.4988297939300537,0.011002844572067261,38593
7670,251330560,0.5832765482381888,3.2743743896484374,0.5003708839416504,0.011110922694206238,38571
7680,251658240,0.5823038278001335,3.2405548095703125,0.5172252655029297,0.011433053016662597,38579
7690,251985920,0.5813309556161232,3.2095478057861326,0.4826962471008301,0.011007874459028243,38584
7700,252313600,0.5803579362561871,3.2377628326416015,0.4891942024230957,0.011074218153953552,38558
7710,252641280,0.5793847742910447,3.2714462280273438,0.4994351387023926,0.011073293536901474,38555
7720,252968960,0.5784114742920861,3.2402347564697265,0.500568437576294,0.011081589758396149,38568
7730,253296640,0.5774380408313496,3.155651664733887,0.5025721073150635,0.011113540083169938,38598
7740,253624320,0.5764644784815004,3.2114540100097657,0.5145117759704589,0.011227809637784959,38592
7750,253952000,0.575490791815809,3.279306411743164,0.49990296363830566,0.011097294837236404,38553
7760,254279680,0.5745169854081302,3.251264953613281,0.4972389698028564,0.011086743324995041,38578
7770,254607360,0.5735430638328811,3.1794498443603514,0.49433317184448244,0.011249901354312896,38589
7780,254935040,0.5725690316650198,3.207504653930664,0.4954533100128174,0.011046728491783142,38585
7790,255262720,0.571594893480024,3.2246120452880858,0.48965911865234374,0.01120888739824295,38577
7800,255590400,0.5706206538538694,3.246736526489258,0.49882006645202637,0.011127018183469773,38566
7810,255918080,0.5696463173630077,3.2623062133789062,0.500037431716919,0.011026053875684737,38568
7820,256245760,0.5686718885843468,3.2473064422607423,0.49609694480895994,0.011132408678531647,38570
7830,256573440,0.5676973720952269,3.225109100341797,0.4984269142150879,0.011195430904626847,38573
7840,256901120,0.5667227724734006,3.229467010498047,0.5052030563354493,0.011111831665039063,38562
7850,257228800,0.5657480942970116,3.261058807373047,0.5046840667724609,0.01113869994878769,38589
7860,257556480,0.5647733421445715,3.2364437103271486,0.4932072639465332,0.011062191426753997,38601
7870,257884160,0.5637985205949405,3.2542648315429688,0.5006446838378906,0.011162499338388443,38563
7880,258211840,0.5628236342273044,3.2485496520996096,0.49613199234008787,0.01103576347231865,38616
7890,258539520,0.5618486876211529,3.2417789459228517,0.4842698574066162,0.011063160747289658,38554
7900,258867200,0.5608736853562596,3.2415817260742186,0.49037928581237794,0.01113458052277565,38592
7910,259194880,0.5598986320126588,3.2264034271240236,0.4836735725402832,0.011109121888875962,38594
7920,259522560,0.5589235321706254,3.1281143188476563,0.49204244613647463,0.01106184720993042,38639
7930,259850240,0.557948390410652,3.2366546630859374,0.5047142028808593,0.011119147390127182,38584
7940,260177920,0.5569732113134289,3.2249984741210938,0.5004304409027099,0.011077462881803512,38600
7950,260505600,0.5559979994598211,3.2019886016845702,0.5012919425964355,0.011159560084342957,38591
7960,260833280,0.5550227594308477,3.287415313720703,0.49145936965942383,0.011008428037166595,38580
7970,261160960,0.5540474958076603,3.1639896392822267,0.48462448120117185,0.011052875220775605,38616
7980,261488640,0.5530722131715214,3.2180179595947265,0.4987194061279297,0.011137571930885316,38584
7990,261816320,0.5520969161037825,3.2173202514648436,0.5040388107299805,0.011093980818986892,38581
8000,262144000,0.551121609185863,3.2554039001464843,0.49807157516479494,0.011160966008901596,38541
8010,262471680,0.5501462969992287,3.1588884353637696,0.4988841533660889,0.011187481135129929,38604
8020,262799360,0.5491709841253699,3.16805477142334,0.49320011138916015,0.01116110235452652,38574
8030,263127040,0.5481956751457805,3.209764862060547,0.49819397926330566,0.011154934018850326,38555
8040,263454720,0.5472203746419358,3.2146434783935547,0.49196763038635255,0.011163803935050964,38596
8050,263782400,0.5462450871952715,3.1592384338378907,0.48974170684814455,0.01106727346777916,38589
8060,264110080,0.5452698173871616,3.166104316711426,0.5104101181030274,0.011208682507276534,38575
8070,264437760,0.5442945697988978,3.2255428314208983,0.488460636138916,0.011090491712093354,38572
8080,264765440,0.5433193490116667,3.2303009033203125,0.49520397186279297,0.011123906821012497,38583
8090,265093120,0.5423441596065299,3.2040645599365236,0.5094120025634765,0.01116846576333046,38577
8100,265420800,0.5413690061644008,3.2122428894042967,0.5057855606079101,0.01117211878299713,38570
8110,265748480,0.5403938932660243,3.204180908203125,0.5029021263122558,0.011117425560951234,38608
8120,266076160,0.5394188254919544,3.24078369140625,0.4892918109893799,0.01103116199374199,38556
8130,266403840,0.538443807422534,3.190800666809082,0.4924337863922119,0.011089136451482772,38585
8140,266731520,0.5374688436378715,3.1980945587158205,0.49600801467895506,0.011168930679559708,38610
8150,267059200,0.5364939387178209,3.237822341918945,0.497798490524292,0.011126885563135147,38572
8160,267386880,0.5355190972419597,3.1290855407714844,0.48438591957092286,0.011084140092134476,38608
8170,267714560,0.5345443237895667,3.24945068359375,0.49664130210876467,0.011079461872577667,38566
8180,268042240,0.5335696229396024,3.215732955932617,0.5061276912689209,0.011200520396232604,38587
8190,268369920,0.532594999270685,3.22640380859375,0.49955339431762696,0.011108267307281493,38542
8200,268697600,0.5316204573610711,3.273103713989258,0.5083282947540283,0.0111521914601326,38560
8210,269025280,0.5306460017886323,3.2154876708984377,0.4996963024139404,0.01106506809592247,38551
8220,269352960,0.5296716371308356,3.2338001251220705,0.4957291603088379,0.011073511093854904,38573
8230,269680640,0.5286973679647203,3.1837884902954103,0.4962522029876709,0.011230908334255219,38575
8240,270008320,0.5277231988668772,3.2033714294433593,0.500990343093872,0.011082346737384795,38567
8250,270336000,0.5267491344134275,3.1844383239746095,0.5001452445983887,0.011231540888547897,38585
8260,270663680,0.5257751791799999,3.241305923461914,0.5001519680023193,0.01114952638745308,38583
8270,270991360,0.5248013377417113,3.196394920349121,0.49699902534484863,0.011194150149822234,38567
8280,271319040,0.523827614673143,3.141173553466797,0.491237735748291,0.011080807447433472,38595
8290,271646720,0.5228540145483207,3.16827507019043,0.4968308448791504,0.011059625446796418,38561
8300,271974400,0.5218805419406926,3.2496360778808593,0.5084116458892822,0.011136465519666672,38568
8310,272302080,0.5209072014231075,3.162084197998047,0.4937955379486084,0.011111224442720414,38605
8320,272629760,0.5199339975677946,3.2364643096923826,0.496995735168457,0.0110563725233078,38568
8330,272957440,0.51896093494634,3.236722946166992,0.5080636978149414,0.011088351160287857,38580
8340,273285120,0.5179880181296672,3.260554885864258,0.5036327838897705,0.011256179213523865,38540
8350,273612800,0.5170152516880143,3.1200963973999025,0.5013046741485596,0.011133161932229995,38599
8360,273940480,0.5160426401909136,3.200881576538086,0.49670138359069826,0.011119406670331955,38550
8370,274268160,0.5150701882071689,3.229826736450195,0.49898762702941896,0.01113550439476967,38550
8380,274595840,0.514097900304835,3.2186119079589846,0.5088550090789795,0.011093608289957046,38564
8390,274923520,0.5131257810511961,3.2403186798095702,0.5327977180480957,0.011120539158582687,38588
8400,275251200,0.5121538350127436,3.197438049316406,0.501880693435669,0.011196567863225936,38572
8410,275578880,0.511182066755156,3.1189523696899415,0.49991521835327146,0.01123109832406044,38573
8420,275906560,0.510210480843276,3.2044803619384767,0.487957763671875,0.011045868694782256,38555
8430,276234240,0.5092390818410902,3.1798368453979493,0.5008530616760254,0.011155957728624344,38562
8440,276561920,0.508267874311707,3.175434875488281,0.5038041591644287,0.01113811433315277,38596
8450,276889600,0.5072968628173354,3.2420303344726564,0.5066855430603028,0.011197698116302491,38564
8460,277217280,0.5063260519192636,3.1907184600830076,0.5074706554412842,0.011151865124702454,38574
8470,277544960,0.5053554461778373,3.209003448486328,0.49602603912353516,0.011154771596193314,38544
8480,277872640,0.5043850501524388,3.1577510833740234,0.49171109199523927,0.01115095317363739,38569
8490,278200320,0.5034148684014648,3.220051956176758,0.5473342418670655,0.011282650381326675,38574
8500,278528000,0.502444905482306,3.1907890319824217,0.5088133811950684,0.011283493787050246,38593
8510,278855680,0.5014751659513248,3.174373817443848,0.5106225490570069,0.011192969232797622,38556
8520,279183360,0.5005056543638344,3.1635015487670897,0.5011880397796631,0.011149391531944275,38574
8530,279511040,0.499536375274077,3.19899845123291,0.5036513805389404,0.011197475343942642,38579
8540,279838720,0.4985673332352031,3.151527214050293,0.5042945384979248,0.011380109935998917,38569
8550,280166400,0.49759853279924915,3.184479904174805,0.5016204357147217,0.011029544472694396,38593
8560,280494080,0.4966299785171171,3.188085746765137,0.5124293804168701,0.011130742728710175,38589
8570,280821760,0.4956616749385523,3.1595006942749024,0.5116636753082275,0.011185012757778168,38584
8580,281149440,0.49469362661212246,3.239305877685547,0.5040927410125733,0.01097409352660179,38569
8590,281477120,0.49372583808519666,3.245169830322266,0.4914205074310303,0.011122190207242966,38552
8600,281804800,0.4927583139039229,3.195430946350098,0.499068546295166,0.011135049164295197,38554
8610,282132480,0.49179105861320815,3.1614049911499023,0.5048213481903077,0.011123263090848923,38564
8620,282460160,0.4908240767566955,3.2149120330810548,0.5159435272216797,0.011164285987615586,38552
8630,282787840,0.48985737287674447,3.183490753173828,0.50694899559021,0.011283791065216065,38551
8640,283115520,0.4888909515144081,3.2072628021240233,0.5163734912872314,0.011133614182472228,38570
8650,283443200,0.4879248172094126,3.1694847106933595,0.5120043754577637,0.011075440794229507,38570
8660,283770880,0.4869589745001358,3.2258323669433593,0.5153268814086914,0.011062417924404145,38565
8670,284098560,0.48599342792358535,3.189705467224121,0.5003612995147705,0.011212477087974548,38589
8680,284426240,0.48502818201537845,3.178931999206543,0.506015682220459,0.011206199228763581,38577
8690,284753920,0.48406324130971956,3.1763822555541994,0.5039208889007568,0.011153689026832581,38572
8700,285081600,0.4830986103393794,3.1737133026123048,0.5128973007202149,0.011156964302062988,38566
8710,285409280,0.4821342936356737,3.227311706542969,0.496307897567749,0.011137548089027404,38553
8720,285736960,0.4811702957284427,3.2243206024169924,0.5067264556884765,0.01118263229727745,38553
8730,286064640,0.48020662114602786,3.1679521560668946,0.509282398223877,0.011277978122234345,38565
8740,286392320,0.4792432744152527,3.2095596313476564,0.5057807445526123,0.011165843904018402,38569
8750,286720000,0.47828026006140056,3.2078277587890627,0.5009251117706299,0.011268016695976258,38571
8760,287047680,0.477317582608193,3.1152166366577148,0.4902226448059082,0.011154410988092422,38602
8770,287375360,0.4763552465777695,3.1948524475097657,0.4961398124694824,0.011097866296768188,38572
8780,287703040,0.47539325649066544,3.136990547180176,0.5063660144805908,0.011144774407148362,38617
8790,288030720,0.4744316168657915,3.1796756744384767,0.5133330345153808,0.011261755228042602,38570
8800,288358400,0.47347033222041146,3.1702932357788085,0.5131235122680664,0.011165225505828857,38574
8810,288686080,0.47250940707012234,3.1632179260253905,0.5033130168914794,0.011316540837287902,38568
8820,289013760,0.47154884592883173,3.137095642089844,0.508198356628418,0.011237782239913941,38581
8830,289341440,0.4705886533087379,3.209279251098633,0.5110268592834473,0.011244820058345794,38553
8840,289669120,0.4696288337203076,3.146221160888672,0.502766227722168,0.011155173182487488,38593
8850,289996800,0.4686693916722554,3.1586545944213866,0.5065393924713135,0.011170957237482071,38545
8860,290324480,0.46771033167152265,3.1503549575805665,0.5213560104370117,0.01128177046775818,38575
8870,290652160,0.4667516582232554,3.2159557342529297,0.5020442485809327,0.01118895635008812,38532
8880,290979840,0.46579337583078473,3.1618099212646484,0.4931217670440674,0.011195166409015656,38558
8890,291307520,0.4648354889956039,3.19541072845459,0.5033359527587891,0.011164380609989167,38554
8900,291635200,0.4638780022173489,3.146220397949219,0.506053876876831,0.011084233969449997,38546
8910,291962880,0.4629209199937757,3.168798828125,0.5049533367156982,0.01120057851076126,38574
8920,292290560,0.46196424682074044,3.1691825866699217,0.5028203964233399,0.011301840841770171,38563
8930,292618240,0.4610079871921775,3.114949035644531,0.5141746044158936,0.011288893222808839,38568
8940,292945920,0.4600521456000787,3.1709951400756835,0.5216657638549804,0.01120627298951149,38573
8950,293273600,0.4590967265344721,3.1904359817504884,0.5185874462127685,0.011221911013126373,38561
8960,293601280,0.4581417344834009,3.1255304336547853,0.5159999847412109,0.011309777945280075,38562
8970,293928960,0.45718717393290287,3.154109573364258,0.5115579128265381,0.011298979073762894,38564
8980,294256640,0.45623304936698816,3.1555448532104493,0.5108511447906494,0.011081308871507645,38558
8990,294584320,0.4552793652676195,3.155338478088379,0.5189587116241455,0.011215068399906158,38552
9000,294912000,0.4543261261146899,3.163425636291504,0.49823741912841796,0.011110638082027436,38555
9010,295239680,0.45337333638600297,3.2309322357177734,0.5139233589172363,0.011210719496011734,38586
9020,295567360,0.45242100055725065,3.215127944946289,0.5150328636169433,0.011243036389350891,38549
9030,295895040,0.45146912310199294,3.207979202270508,0.52182035446167,0.011157582700252532,38572
9040,296222720,0.4505177084916365,3.181833839416504,0.5101512908935547,0.011262843012809753,38545
9050,296550400,0.44956676119541383,3.2412494659423827,0.5144312381744385,0.01121404767036438,38557
9060,296878080,0.4486162856803626,3.1919599533081056,0.506403923034668,0.011162909865379333,38556
9070,297205760,0.44766628641130346,3.1443824768066406,0.505396842956543,0.011201943457126617,38592
9080,297533440,0.4467167678508208,3.1156192779541017,0.5095243453979492,0.011352761089801789,38567
9090,297861120,0.44576773445924056,3.162037467956543,0.5017655849456787,0.011299869418144226,38552
9100,298188800,0.4448191906946096,3.221006393432617,0.5208963394165039,0.011246299743652344,38557
9110,298516480,0.44387114101267466,3.1434185028076174,0.49794893264770507,0.0110809326171875,38577
9120,298844160,0.44292358986686153,3.1301502227783202,0.500585412979126,0.011078959703445435,38572
9130,299171840,0.4419765417082546,3.1364383697509766,0.5030265331268311,0.011249846965074538,38581
9140,299499520,0.4410300009855749,3.1354673385620115,0.490261173248291,0.011140140891075134,38560
9150,299827200,0.4400839721451604,3.132608985900879,0.5065230846405029,0.011266106367111206,38555
9160,300154880,0.43913845963094367,3.182957649230957,0.5146493911743164,0.011225029081106185,38564
9170,300482560,0.4381934678844329,3.154563331604004,0.5149523735046386,0.011230375617742538,38567
9180,300810240,0.43724900134468936,3.175743293762207,0.5223739624023438,0.011224225163459778,38564
9190,301137920,0.4363050644483073,3.1627504348754885,0.5086806297302247,0.011250012367963792,38535
9200,301465600,0.4353616616293928,3.238082504272461,0.5183634757995605,0.011275945603847504,38542
9210,301793280,0.4344187973195436,3.2234004974365233,0.5239197254180908,0.01121765300631523,38526
9220,302120960,0.43347647594782734,3.1246240615844725,0.49611845016479494,0.011296374350786209,38570
9230,302448640,0.4325347019407614,3.2156822204589846,0.500020694732666,0.01127486750483513,38559
9240,302776320,0.43159347972229234,3.168075180053711,0.5013532161712646,0.011144224554300308,38550
9250,303104000,0.43065281371377384,3.1779747009277344,0.49920358657836916,0.011167217046022415,38563
9260,303431680,0.4297127083339477,3.1557498931884767,0.5224730968475342,0.011429405212402344,38574
9270,303759360,0.4287731679989216,3.180803108215332,0.5077204704284668,0.011185173690319062,38572
9280,304087040,0.4278341971221492,3.126813507080078,0.5036855220794678,0.01129734069108963,38570
9290,304414720,0.4268958001144092,3.1861562728881836,0.5056592941284179,0.011244314908981323,38582
9300,304742400,0.42595798138378416,3.18060188293457,0.501813554763794,0.011286687850952149,38576
9310,305070080,0.4250207453356408,3.1886066436767577,0.5090445041656494,0.011273673921823501,38566
9320,305397760,0.42408409637260824,3.208731460571289,0.5130107402801514,0.01119723990559578,38564
9330,305725440,0.4231480388945583,3.1769010543823244,0.5074936866760253,0.011230523884296417,38573
9340,306053120,0.4222125772985835,3.187515640258789,0.510809850692749,0.011206208914518356,38580
9350,306380800,0.42127771597897823,3.118749237060547,0.5053004741668701,0.011146699637174606,38570
9360,306708480,0.4203434593272163,3.1973598480224608,0.5085482120513916,0.011173918098211288,38573
9370,307036160,0.4194098117319315,3.1584941864013674,0.5080203533172607,0.011313382536172867,38563
9380,307363840,0.41847677757889645,3.165052604675293,0.5107316493988037,0.011152631789445876,38573
9390,307691520,0.41754436125100236,3.2007431030273437,0.5123198986053467,0.01121838167309761,38565
9400,308019200,0.416612567128238,3.1453670501708983,0.5106893062591553,0.011225661635398865,38587
9410,308346880,0.41568139958766936,3.0934558868408204,0.5105327606201172,0.011286156624555588,38612
9420,308674560,0.41475086300341946,3.1374370574951174,0.5017800807952881,0.011285994201898575,38585
9430,309002240,0.41382096174664673,3.1232481002807617,0.5034594535827637,0.011231593787670135,38552
9440,309329920,0.412891700185526,3.2034011840820313,0.5172533988952637,0.011330407857894898,38561
9450,309657600,0.4119630826852264,3.1257051467895507,0.5089985847473144,0.011180014908313751,38586
9460,309985280,0.41103511360789224,3.1766401290893556,0.5133861541748047,0.01122550517320633,38571
9470,310312960,0.4101077973126215,3.1751628875732423,0.5091342926025391,0.011211875081062316,38552
9480,310640640,0.40918113815544555,3.0912221908569335,0.5098507881164551,0.01132619082927704,38578
9490,310968320,0.40825514048930955,3.1251991271972654,0.5010777473449707,0.011304346472024917,38554
9500,311296000,0.4073298086640508,3.1569631576538084,0.5069766044616699,0.01116718426346779,38557
9510,311623680,0.4064051470263791,3.130320930480957,0.5092455863952636,0.011275900155305862,38543
9520,311951360,0.40548115991985556,3.2209823608398436,0.5203619956970215,0.01123623102903366,38559
9530,312279040,0.4045578516848737,3.1136028289794924,0.5100484371185303,0.011229409277439118,38579
9540,312606720,0.40363522665863694,3.161917304992676,0.5163652420043945,0.01138133704662323,38556
9550,312934400,0.4027132891751404,3.1786746978759766,0.5223711490631103,0.011229301989078521,38570
9560,313262080,0.40179204356514864,3.1402454376220703,0.5147233486175538,0.011183373630046844,38559
9570,313589760,0.4008714941561764,3.105058288574219,0.5122645854949951,0.01126028671860695,38551
9580,313917440,0.3999516452724685,3.1153738021850588,0.503460693359375,0.011279590427875519,38552
9590,314245120,0.39903250123497847,3.112051582336426,0.5017673015594483,0.011222712695598602,38557
9600,314572800,0.3981140663613494,3.1747032165527345,0.5259744644165039,0.011181807518005371,38564
9610,314900480,0.3971963449658923,3.191475677490234,0.5114346027374268,0.011196232587099075,38550
9620,315228160,0.39627934135956777,3.124868965148926,0.49587211608886717,0.011017658561468125,38560
9630,315555840,0.3953630598499638,3.178997611999512,0.5083181858062744,0.011317025125026702,38543
9640,315883520,0.3944475047412763,3.180878257751465,0.5077474117279053,0.01128806471824646,38540
9650,316211200,0.3935326803342897,3.192918395996094,0.5221796035766602,0.011257128417491912,38560
9660,316538880,0.3926185909263551,3.2255889892578127,0.5164101123809814,0.01126546859741211,38509
9670,316866560,0.3917052408113716,3.157939910888672,0.5195600986480713,0.011377216130495072,38553
9680,317194240,0.39079263427976507,3.1494903564453125,0.5233958721160888,0.011303067952394486,38533
9690,317521920,0.389880775618469,3.159795951843262,0.5265140533447266,0.011160381883382798,38582
9700,317849600,0.388969669110903,3.156504249572754,0.51412935256958,0.01120070368051529,38555
9710,318177280,0.38805931903695423,3.1686002731323244,0.5194304466247559,0.011353494971990586,38579
9720,318504960,0.38714972967295613,3.1144786834716798,0.5053706169128418,0.01115725040435791,38529
9730,318832640,0.38624090529166855,3.1075578689575196,0.5018976211547852,0.011262734234333039,38574
9740,319160320,0.3853328501622585,3.1190914154052733,0.516627025604248,0.011331280320882797,38560
9750,319488000,0.38442556855027865,3.199116325378418,0.5219564437866211,0.011330270022153855,38563
9760,319815680,0.38351906471764896,3.151115608215332,0.5292260646820068,0.011344140768051148,38555
9770,320143360,0.3826133429226348,3.1702747344970703,0.5241347789764405,0.011269703507423401,38538
9780,320471040,0.38170840741982925,3.1665130615234376,0.5203542709350586,0.011245099455118179,38548
9790,320798720,0.38080426246013044,3.1299327850341796,0.5315385818481445,0.011329654604196548,38547
9800,321126400,0.379900912290724,3.0761985778808594,0.5066185474395752,0.011356449127197266,38538
9810,321454080,0.3789983611550616,3.1580459594726564,0.5124879837036133,0.01117146909236908,38539
9820,321781760,0.3780966132928413,3.164175605773926,0.5117297649383545,0.01114083081483841,38548
9830,322109440,0.37719567293998824,3.1610469818115234,0.516772985458374,0.011336472630500794,38551
9840,322437120,0.3762955443286341,3.123948860168457,0.5140696048736573,0.011266399174928665,38578
9850,322764800,0.37539623168709757,3.2172725677490233,0.5220909595489502,0.01133301928639412,38516
9860,323092480,0.37449773923986396,3.0895126342773436,0.5177476882934571,0.011342602223157883,38584
9870,323420160,0.37360007120756655,3.172506904602051,0.5169198989868165,0.011245493590831757,38519
9880,323747840,0.37270323180696474,3.1430028915405273,0.5141025066375733,0.011216488480567933,38526
9890,324075520,0.3718072252509268,3.1008989334106447,0.5029809951782227,0.011392870545387268,38564
9900,324403200,0.370912055748408,3.158767890930176,0.5137484550476075,0.011263732612133027,38562
9910,324730880,0.3700177275044315,3.155635643005371,0.5180356502532959,0.011274629831314087,38567
9920,325058560,0.369124244720069,3.105360412597656,0.507781982421875,0.011371099203824998,38546
9930,325386240,0.36823161159242057,3.1193252563476563,0.506406307220459,0.01130196824669838,38561
9940,325713920,0.3673398323145951,3.1438474655151367,0.5144203186035157,0.01125473901629448,38571
9950,326041600,0.36644891107569044,3.167336654663086,0.5111668109893799,0.011330722272396088,38570
9960,326369280,0.3655588520607741,3.148895835876465,0.5135437488555908,0.011460032314062119,38545
9970,326696960,0.3646696594508628,3.1930353164672853,0.5155113697052002,0.01119188815355301,38550
9980,327024640,0.3637813374229041,3.1372703552246093,0.5112875461578369,0.011336051672697068,38549
9990,327352320,0.36289389014975526,3.0963401794433594,0.5216603755950928,0.011337119340896606,38552
10000,327680000,0.3620073218001649,3.133909225463867,0.5175396919250488,0.011098954081535339,38553
10010,328007680,0.3611216365387533,3.1859989166259766,0.5329490184783936,0.011259698122739793,38547
10020,328335360,0.360236838525991,3.1394649505615235,0.5347036361694336,0.01132616326212883,38574
10030,328663040,0.3593529319181825,3.1744884490966796,0.5167137145996094,0.0113325834274292,38548
10040,328990720,0.35846992086744367,3.123472213745117,0.5036755561828613,0.011215241253376007,38548
10050,329318400,0.35758780952168456,3.157242012023926,0.540564775466919,0.011362801492214202,38566
10060,329646080,0.3567066020245879,3.1010208129882812,0.5137848854064941,0.011326920241117477,38563
10070,329973760,0.35582630251559155,3.1290105819702148,0.5084841251373291,0.011356870085000992,38562
10080,330301440,0.3549469151298672,3.0704778671264648,0.5016234397888184,0.011259924620389938,38567
10090,330629120,0.3540684439983024,3.1161766052246094,0.5215093612670898,0.011483942717313766,38572
10100,330956800,0.3531908932474809,3.1549854278564453,0.5184192657470703,0.011261773109436036,38568
10110,331284480,0.3523142669996624,3.1562572479248048,0.5134738922119141,0.011407188326120376,38535
10120,331612160,0.3514385693727643,3.151457977294922,0.5153100490570068,0.011207077652215958,38561
10130,331939840,0.3505638044803414,3.134363555908203,0.5155054569244385,0.011286582052707671,38577
10140,332267520,0.3496899764315674,3.172931671142578,0.526378870010376,0.011351614445447921,38563
10150,332595200,0.3488170893312148,3.0897710800170897,0.514225435256958,0.011454268544912338,38560
10160,332922880,0.34794514727963644,3.0729705810546877,0.5123698711395264,0.011280345171689988,38581
10170,333250560,0.3470741543727457,3.1202072143554687,0.5222832679748535,0.011318180710077286,38577
10180,333578240,0.346204114701997,3.078116798400879,0.5149718761444092,0.011361683905124664,38588
10190,333905920,0.345335032354368,3.1595941543579102,0.5237539291381836,0.011361560225486756,38530
10200,334233600,0.34446691141233793,3.1008529663085938,0.517850685119629,0.01146901324391365,38562
10210,334561280,0.34359975595387116,3.050933837890625,0.5153953075408936,0.011326352506875992,38572
10220,334888960,0.3427335700523958,3.156002998352051,0.511812686920166,0.011251364648342133,38534
10230,335216640,0.3418683577767862,3.1795316696166993,0.5205080509185791,0.011334458738565445,38538
10240,335544320,0.34100412319134277,3.140157699584961,0.525638484954834,0.011179360002279282,38575
10250,335872000,0.34014087035577323,3.1615686416625977,0.5223564624786377,0.01140255481004715,38534
10260,336199680,0.33927860332517384,3.186376190185547,0.5273243427276612,0.011288810521364212,38555
10270,336527360,0.3384173261500096,3.064866638183594,0.5211507320404053,0.011239460110664368,38594
10280,336855040,0.33755704287609634,3.12973690032959,0.5290836334228516,0.01122303083539009,38577
10290,337182720,0.3366977575445804,3.124980354309082,0.5218985080718994,0.011321613192558288,38556
10300,337510400,0.3358394741919212,3.107413673400879,0.5128334045410157,0.011245225369930268,38554
10310,337838080,0.33498219684987046,3.2078704833984375,0.5213507175445556,0.011356256902217865,38540
10320,338165760,0.3341259295454547,3.178665542602539,0.5153181076049804,0.011257185786962508,38530
10330,338493440,0.33327067630095575,3.187190055847168,0.5268014430999756,0.01144554391503334,38547
10340,338821120,0.3324164411338921,3.122500991821289,0.5159915447235107,0.01115943342447281,38595
10350,339148800,0.33156322805699956,3.1084442138671875,0.5054408550262451,0.011316021531820297,38585
10360,339476480,0.3307110410782127,3.1136940002441404,0.5106713771820068,0.01133095771074295,38549
10370,339804160,0.32985988420064666,3.1659172058105467,0.5170821666717529,0.011270914971828461,38552
10380,340131840,0.3290097614225766,3.087826728820801,0.5049230575561523,0.01142602264881134,38552
10390,340459520,0.3281606767374211,3.132388114929199,0.5158633232116699,0.011438266187906266,38558
10400,340787200,0.3273126341337218,3.1585264205932617,0.5161552429199219,0.011216504871845246,38571
10410,341114880,0.3264656375951254,3.0681005477905274,0.5148790359497071,0.011402929574251175,38567
10420,341442560,0.3256196911003647,3.0698719024658203,0.517138671875,0.011378330737352371,38577
10430,341770240,0.3247747986232399,3.108523941040039,0.5125643730163574,0.011275939643383026,38590
10440,342097920,0.3239309641325999,3.1516637802124023,0.5413083076477051,0.011587947607040405,38565
10450,342425600,0.3230881915923239,3.1296403884887694,0.5260494232177735,0.011365198343992234,38564
10460,342753280,0.32224648496130276,3.1677762985229494,0.5318893432617188,0.011467824131250382,38579
10470,343080960,0.32140584819341994,3.1315359115600585,0.5356127738952636,0.011471838504076005,38568
10480,343408640,0.3205662852375337,3.1218637466430663,0.5196529865264893,0.011368539184331894,38567
10490,343736320,0.3197278000374577,3.09097900390625,0.5237200736999512,0.011393283307552338,38567
10500,344064000,0.31889039653194307,3.0744266510009766,0.5298637866973877,0.011386529356241227,38584
10510,344391680,0.31805407865465946,3.0842185974121095,0.5210919857025147,0.01129721775650978,38590
10520,344719360,0.31721885033417746,3.1094099044799806,0.5168173789978028,0.011374849826097488,38567
10530,345047040,0.3163847154939489,3.1138803482055666,0.5234958171844483,0.011386684328317642,38586
10540,345374720,0.3155516780522891,3.1552907943725588,0.5198521614074707,0.011318694055080413,38581
10550,345702400,0.31471974192235896,3.0702930450439454,0.511801815032959,0.011254797875881194,38599
10560,346030080,0.313888911012145,3.175961494445801,0.5165969848632812,0.011306891590356827,38535
10570,346357760,0.3130591892244431,3.1242210388183596,0.5175018787384034,0.011358273029327393,38546
10580,346685440,0.31223058045683816,3.140102577209473,0.5226694107055664,0.011266175657510757,38559
10590,347013120,0.3114030886016875,3.120613670349121,0.5166950702667237,0.011437845975160598,38541
10600,347340800,0.31057671754610106,3.0975152969360353,0.5163413047790527,0.01134127527475357,38574
10610,347668480,0.30975147117192475,3.0410945892333983,0.5094622611999512,0.01139589324593544,38580
10620,347996160,0.3089273533557203,3.1822668075561524,0.5227807521820068,0.011406160145998,38550
10630,348323840,0.3081043679687486,3.1252696990966795,0.5224756240844727,0.011323594301939011,38567
10640,348651520,0.30728251887695135,3.157440757751465,0.5313978672027588,0.011347399652004242,38588
10650,348979200,0.30646180994093186,3.09802188873291,0.5216745376586914,0.011362193524837494,38560
10660,349306880,0.3056422450159381,3.079034614562988,0.5048168182373047,0.011252944171428681,38553
10670,349634560,0.30482382795184393,3.063954544067383,0.5034693241119385,0.01135660782456398,38559
10680,349962240,0.3040065625931312,3.1466720581054686,0.5277387619018554,0.011394594609737397,38547
10690,350289920,0.30319045277887136,3.077747344970703,0.5404700756072998,0.011724258959293365,38570
10700,350617600,0.3023755023427084,3.0908786773681642,0.513329267501831,0.011338073760271072,38573
10710,350945280,0.3015617151128396,3.154445266723633,0.5278818130493164,0.011484932154417038,38540
10720,351272960,0.3007490949119982,3.1116401672363283,0.5244144916534423,0.011317769438028336,38564
10730,351600640,0.2999376455574358,3.152963638305664,0.518267011642456,0.01128343641757965,38540
10740,351928320,0.29912737086090346,3.1726951599121094,0.5165430068969726,0.01136811524629593,38542
10750,352256000,0.2983182746286347,3.1229555130004885,0.5222216129302979,0.01140151098370552,38525
10760,352583680,0.29751036066132674,3.102708625793457,0.5349043369293213,0.011480258405208587,38551
10770,352911360,0.29670363275412404,3.1402891159057615,0.5281993865966796,0.011264923959970474,38558
10780,353239040,0.2958980946965986,3.0695302963256834,0.5154890060424805,0.011295618116855621,38573
10790,353566720,0.2950937502727342,3.065982437133789,0.5042624950408936,0.011370713263750077,38539
10800,353894400,0.2942906032609065,3.133382797241211,0.5212774753570557,0.011437033116817475,38549
10810,354222080,0.29348865743386676,3.0806652069091798,0.5201193332672119,0.011378718912601471,38538
10820,354549760,0.2926879165587243,3.061476135253906,0.5077136039733887,0.011423654109239578,38569
10830,354877440,0.2918883843969272,3.0924129486083984,0.5165006160736084,0.011380311846733094,38575
10840,355205120,0.2910900647042468,3.121913719177246,0.5281489849090576,0.011453788727521896,38558
10850,355532800,0.29029296123075793,3.1421594619750977,0.5276857376098633,0.011484580487012864,38547
10860,355860480,0.2894970777208227,3.0845008850097657,0.5221331119537354,0.011287499219179153,38563
10870,356188160,0.2887024179130724,3.088511276245117,0.5275918960571289,0.011538782715797424,38576
10880,356515840,0.28790898554039035,3.147599983215332,0.5189689636230469,0.011311659216880798,38538
10890,356843520,0.2871167843298935,3.114503860473633,0.5239728450775146,0.011467575281858444,38537
10900,357171200,0.28632581800291573,3.138440704345703,0.5383081436157227,0.01142989918589592,38572
10910,357498880,0.2855360902749904,3.0920528411865233,0.5233839988708496,0.011510617285966872,38548
10920,357826560,0.2847476048558321,3.0943456649780274,0.5207783699035644,0.011484237015247345,38553
10930,358154240,0.2839603654493199,3.0979902267456056,0.5326839447021484,0.011408520489931106,38555
10940,358481920,0.2831743757534798,3.137827682495117,0.5188705444335937,0.011379405111074447,38541
10950,358809600,0.2823896394604675,3.0759033203125,0.5273470401763916,0.011293264478445053,38578
10960,359137280,0.2816061602565507,3.145460510253906,0.5257183074951172,0.011484169960021972,38557
10970,359464960,0.2808239418220919,3.129123878479004,0.5255834579467773,0.011426756531000138,38577
10980,359792640,0.2800429878315313,3.1319271087646485,0.5296397686004639,0.011421506106853486,38551
10990,360120320,0.27926330195336935,3.1411481857299806,0.5341926574707031,0.011402235180139542,38565
11000,360448000,0.2784848878501499,3.127692985534668,0.5291268825531006,0.011433662474155426,38547
11010,360775680,0.2777077491784421,3.1426103591918944,0.52137451171875,0.011362247169017792,38558
11020,361103360,0.27693188958882464,3.097337532043457,0.5253386497497559,0.01133059784770012,38587
11030,361431040,0.27615731272586685,3.060418128967285,0.5082013607025146,0.01137235462665558,38549
11040,361758720,0.2753840222281132,3.1142601013183593,0.5184208393096924,0.011363157629966735,38544
11050,362086400,0.27461202172806515,3.141946029663086,0.5328734397888184,0.011493290960788726,38543
11060,362414080,0.27384131485216434,3.0364753723144533,0.5121871948242187,0.011503511667251587,38551
11070,362741760,0.27307190522077623,3.1009851455688477,0.5198085308074951,0.011463138461112975,38543
11080,363069440,0.2723037964481719,3.0852455139160155,0.5159557819366455,0.011394363641738892,38563
11090,363397120,0.27153699214251215,3.144119071960449,0.5254779815673828,0.01144941821694374,38538
11100,363724800,0.27077149590582994,3.0959280014038084,0.5210132598876953,0.011436478793621063,38542
11110,364052480,0.27000731133401334,3.1104074478149415,0.5152650356292725,0.011485745012760163,38525
11120,364380160,0.2692444420167893,3.1405786514282226,0.5279224872589111,0.011366098374128341,38572
11130,364707840,0.26848289153770644,3.121145248413086,0.5251063346862793,0.011424686014652252,38533
11140,365035520,0.267722663474118,3.1021223068237305,0.5319461345672607,0.011433186382055283,38554
11150,365363200,0.2669637613971651,3.111590766906738,0.517768144607544,0.011386461555957794,38526
11160,365690880,0.2662061888717604,3.118310546875,0.5222193241119385,0.011488451063632965,38552
11170,366018560,0.26544994945657074,3.149558258056641,0.5312874794006348,0.011372269690036773,38544
11180,366346240,0.2646950467040012,3.126534080505371,0.5199995994567871,0.011441618204116821,38533
11190,366673920,0.26394148416017726,3.0833911895751953,0.5188650131225586,0.011517241597175598,38524
11200,367001600,0.2631892653649296,3.113104820251465,0.525554609298706,0.01147204264998436,38541
11210,367329280,0.26243839385177614,3.1006095886230467,0.5182222366333008,0.01144142672419548,38515
11220,367656960,0.261688873147906,3.0576875686645506,0.538287353515625,0.011421675980091094,38585
11230,367984640,0.2609407067741632,3.0806272506713865,0.5367342948913574,0.011523555964231491,38561
11240,368312320,0.2601938982450296,3.0717369079589845,0.535649585723877,0.011493825912475586,38556
11250,368640000,0.2594484510686089,3.078621673583984,0.5246426582336425,0.011465228348970413,38541
11260,368967680,0.2587043687466096,3.0804105758666993,0.5178928852081299,0.011389727145433426,38535
11270,369295360,0.2579616547743293,3.119190979003906,0.5180998802185058,0.011397568881511689,38510
11280,369623040,0.2572203126406374,3.0760595321655275,0.5235982418060303,0.011409438401460647,38529
11290,369950720,0.25648034582795914,3.1133550643920898,0.526509428024292,0.011455495655536652,38502
11300,370278400,0.2557417578122594,3.084140396118164,0.5138186931610107,0.011341139674186707,38541
11310,370606080,0.2550045520630264,3.1074695587158203,0.5154309749603272,0.011416855454444885,38528
11320,370933760,0.25426873204325495,3.048870849609375,0.5172117710113525,0.011486177891492843,38561
11330,371261440,0.2535343012094305,3.0480560302734374,0.5261218070983886,0.011356200277805328,38557
11340,371589120,0.25280126301151284,3.108613967895508,0.5262054920196533,0.011457221210002899,38537
11350,371916800,0.25206962089291973,3.120306396484375,0.5323956489562989,0.011464826017618179,38549
11360,372244480,0.2513393782905116,3.0697736740112305,0.5338362693786621,0.011426234990358353,38531
11370,372572160,0.25061053863457383,3.103742790222168,0.5344119071960449,0.011424471437931061,38549
11380,372899840,0.24988310534880215,3.1160551071166993,0.5221189022064209,0.011382349580526353,38548
11390,373227520,0.24915708185028554,3.0733556747436523,0.5205780982971191,0.01143125519156456,38532
11400,373555200,0.2484324715494908,3.0794607162475587,0.5235028266906738,0.01138947308063507,38545
11410,373882880,0.24770927785024613,3.0215206146240234,0.5134434700012207,0.011388152837753296,38561
11420,374210560,0.24698750414972515,3.031006622314453,0.5201528072357178,0.011340264976024628,38543
11430,374538240,0.2462671538384317,3.104878807067871,0.535017728805542,0.011462535709142685,38519
11440,374865920,0.24554823030018252,3.0626033782958983,0.5247275829315186,0.011636093258857727,38535
11450,375193600,0.24483073691209287,3.0841054916381836,0.5354663848876953,0.011640045791864395,38529
11460,375521280,0.24411467704455944,3.095727729797363,0.5232571601867676,0.011484771966934204,38521
11470,375848960,0.24340005406124518,3.0657739639282227,0.5197417259216308,0.011538542807102203,38543
11480,376176640,0.24268687131906316,3.1052225112915037,0.5230382442474365,0.011477258056402206,38526
11490,376504320,0.24197513216816144,3.1357778549194335,0.5372114181518555,0.011484268307685851,38547
11500,376832000,0.24126483995190637,3.06583194732666,0.5300858497619629,0.011581840366125107,38536
11510,377159680,0.24055599800686764,3.1133729934692385,0.5235960960388184,0.011493860185146332,38513
11520,377487360,0.23984860966280222,3.0369585037231444,0.5256834983825683,0.01153290569782257,38573
11530,377815040,0.2391426782426388,3.0466587066650392,0.5360302925109863,0.011441832780838013,38546
11540,378142720,0.2384382070624626,3.115424919128418,0.5296228885650635,0.011498966813087463,38544
11550,378470400,0.23773519943149887,3.1102256774902344,0.5277628898620605,0.011521129310131073,38549
11560,378798080,0.23703365865209847,3.0942529678344726,0.523942518234253,0.011436895281076432,38538
11570,379125760,0.23633358801972137,3.0568443298339845,0.5273776531219483,0.011529836058616637,38569
11580,379453440,0.2356349908229217,3.0507911682128905,0.5258556365966797,0.011402854323387146,38561
11590,379781120,0.23493787034333216,3.1595895767211912,0.542133092880249,0.011491525173187255,38513
11600,380108800,0.23424222985564858,3.0495685577392577,0.519685173034668,0.011405716836452483,38558
11610,380436480,0.23354807262761487,3.0980186462402344,0.5204403877258301,0.011452396214008332,38534
11620,380764160,0.232855401920007,3.057642936706543,0.515383243560791,0.0114875927567482,38537
11630,381091840,0.2321642209866184,3.0900392532348633,0.5237020969390869,0.01148028001189232,38554
11640,381419520,0.23147453307424415,3.07488956451416,0.5263939380645752,0.011411246657371522,38558
11650,381747200,0.230786341422666,3.0805105209350585,0.5323934555053711,0.011533612012863159,38577
11660,382074880,0.2300996492646368,3.076858139038086,0.5313833713531494,0.011546610295772553,38539
11670,382402560,0.2294144598258662,3.1098049163818358,0.5328145027160645,0.011391401290893555,38561
11680,382730240,0.2287307763250043,3.1544187545776365,0.5363700866699219,0.011646703630685807,38531
11690,383057920,0.2280486019736274,3.092800521850586,0.5155805587768555,0.011480530351400375,38547
11700,383385600,0.22736793997622248,3.088607597351074,0.5255137920379639,0.011507131159305573,38567
11710,383713280,0.2266887935301724,3.0155380249023436,0.517473554611206,0.011601179838180542,38563
11720,384040960,0.22601116582574088,3.0702943801879883,0.519813060760498,0.011431308090686798,38532
11730,384368640,0.22533506004605705,3.011161994934082,0.5279719829559326,0.01145251840353012,38605
11740,384696320,0.2246604793671014,3.082081985473633,0.5284034729003906,0.011481265723705291,38563
11750,385024000,0.22398742695768986,3.052956771850586,0.5250665664672851,0.011489801853895188,38589
11760,385351680,0.22331590597945955,3.0686309814453123,0.5234894752502441,0.011522071808576584,38572
11770,385679360,0.22264591958685376,3.154605674743652,0.5455574035644531,0.011529340595006942,38520
11780,386007040,0.22197747092710685,3.0397659301757813,0.5183718204498291,0.011556511372327804,38549
11790,386334720,0.22131056314023037,3.0819143295288085,0.5287264347076416,0.01158454492688179,38533
11800,386662400,0.22064519935899696,3.094312858581543,0.5282307624816894,0.011548940837383271,38543
11810,386990080,0.21998138270892706,3.079637336730957,0.5231739044189453,0.011477716267108917,38547
11820,387317760,0.21931911630827294,3.0907529830932616,0.5254314422607422,0.011540533602237701,38550
11830,387645440,0.21865840326800487,3.0501405715942385,0.5220718383789062,0.01133791208267212,38569
11840,387973120,0.2179992466917961,3.071120834350586,0.5308741092681885,0.011586613953113556,38524
11850,388300800,0.21734164967600889,3.067804527282715,0.5169684886932373,0.011397191137075425,38539
11860,388628480,0.2166856153096791,3.101009559631348,0.5368760108947754,0.011677968502044677,38537
11870,388956160,0.21603114667450216,3.0859745025634764,0.5279877662658692,0.011465488374233246,38528
11880,389283840,0.21537824684481896,3.1030651092529298,0.5412949562072754,0.011440452188253403,38554
11890,389611520,0.21472691888760015,3.1105630874633787,0.5426854133605957,0.011540180444717408,38563
11900,389939200,0.21407716586243347,3.0302289962768554,0.5293614387512207,0.011579576879739761,38554
11910,390266880,0.21342899082150785,3.0827865600585938,0.5239471435546875,0.011504105478525161,38543
11920,390594560,0.2127823968096001,3.0492740631103517,0.520365571975708,0.01151820421218872,38554
11930,390922240,0.21213738686406003,3.052067756652832,0.5259175300598145,0.011437071114778518,38557
11940,391249920,0.2114939640147963,3.0786764144897463,0.5177580356597901,0.011432628333568572,38548
11950,391577600,0.21085213128426236,3.083397102355957,0.5309801578521729,0.011449692398309707,38541
11960,391905280,0.21021189168744198,3.0217315673828127,0.5244279384613038,0.011636675149202347,38519
11970,392232960,0.2095732482318356,3.053511619567871,0.5337660789489747,0.011610376089811325,38543
11980,392560640,0.20893620391744544,3.0338821411132812,0.5205333232879639,0.011507240682840347,38556
11990,392888320,0.2083007617367621,3.105220413208008,0.5399123668670655,0.011517295241355896,38548
12000,393216000,0.20766692467475006,3.1321277618408203,0.5463533401489258,0.011509094387292862,38511
12010,393543680,0.207034695708834,3.0307548522949217,0.5226424694061279,0.011454065889120102,38556
12020,393871360,0.20640407780888423,3.0945764541625977,0.5282035350799561,0.011575295776128768,38537
12030,394199040,0.20577507393720368,3.0763738632202147,0.5247038841247559,0.011542907357215882,38536
12040,394526720,0.20514768704851313,3.07265567779541,0.5169318199157715,0.01146305724978447,38537
12050,394854400,0.20452192008993753,3.063430595397949,0.5304659366607666,0.011503222584724426,38538
12060,395182080,0.20389777600099285,3.092170524597168,0.5321571350097656,0.011389429867267608,38537
12070,395509760,0.2032752577135708,3.0731563568115234,0.5216014862060547,0.011606575548648834,38538
12080,395837440,0.20265436815192675,3.1094884872436523,0.5351369380950928,0.011580274254083634,38523
12090,396165120,0.20203511023266468,3.0186750411987306,0.5277768611907959,0.011487472057342529,38542
12100,396492800,0.20141748686472444,3.0603750228881834,0.5307753562927247,0.011541707813739777,38528
12110,396820480,0.20080150094936725,3.045552635192871,0.5222463607788086,0.01153489351272583,38536
12120,397148160,0.20018715538016268,3.0137266159057616,0.5279130458831787,0.01146838441491127,38562
12130,397475840,0.1995744530429747,3.0905838012695312,0.5318471908569335,0.011720098555088043,38540
12140,397803520,0.1989633968159482,3.0185266494750977,0.5078038215637207,0.011574126034975051,38508
12150,398131200,0.19835398956949601,3.0519939422607423,0.5253136634826661,0.011557061225175858,38558
12160,398458880,0.19774623416628423,3.0399219512939455,0.5306540966033936,0.01169372946023941,38551
12170,398786560,0.1971401334612201,3.0614093780517577,0.5314682483673095,0.011572214215993882,38543
12180,399114240,0.19653569030143775,3.0519208908081055,0.5368177890777588,0.011664500832557679,38547
12190,399441920,0.19593290752628495,3.0912443161010743,0.5416330337524414,0.011461510509252548,38532
12200,399769600,0.1953317879673098,3.104534149169922,0.5356412410736084,0.011478935182094575,38526
12210,400097280,0.194732334448248,3.0660839080810547,0.5232367515563965,0.011552764475345612,38534
12220,400424960,0.1941345497850086,3.0945228576660155,0.5325250625610352,0.011520806699991226,38535
12230,400752640,0.19353843678566138,3.097340393066406,0.541297721862793,0.011495574563741683,38533
12240,401080320,0.1929439982504239,3.1349864959716798,0.5397804260253907,0.0115041583776474,38540
12250,401408000,0.1923512369716472,3.041218948364258,0.5239943981170654,0.011696436256170274,38536
12260,401735680,0.19176015573380445,3.106174659729004,0.5273374557495117,0.011547108739614486,38543
12270,402063360,0.191170757313476,3.024953269958496,0.5329283714294434,0.011543523520231247,38559
12280,402391040,0.19058304447933802,3.085525321960449,0.5314180850982666,0.011557717621326447,38534
12290,402718720,0.1899970199921481,3.0814592361450197,0.5295731067657471,0.01162310391664505,38541
12300,403046400,0.1894126866047332,3.015377235412598,0.5293672561645508,0.011522394418716431,38565
12310,403374080,0.1888300470619763,3.0930723190307616,0.5430618762969971,0.011504364758729934,38556
12320,403701760,0.18824910410080348,3.0610021591186523,0.5346506595611572,0.011658135056495666,38520
12330,404029440,0.18766986045017167,3.013567352294922,0.5269567489624023,0.01160532832145691,38535
12340,404357120,0.18709231883105468,3.155915641784668,0.5499716758728027,0.011463518440723418,38554
12350,404684800,0.18651648195643172,3.1179332733154297,0.5385138988494873,0.011519621312618255,38523
12360,405012480,0.18594235253127372,3.0716836929321287,0.5297223567962647,0.011562017351388931,38528
12370,405340160,0.18536993325253082,3.1145597457885743,0.5418077945709229,0.01157318577170372,38546
12380,405667840,0.18479922680912014,3.076317024230957,0.5346317768096924,0.011608662456274033,38539
12390,405995520,0.1842302358819124,3.0270490646362305,0.5403906345367432,0.011511343717575073,38563
12400,406323200,0.18366296314372033,3.0031076431274415,0.5162781715393067,0.011428765952587128,38554
12410,406650880,0.18309741125928486,3.1187154769897463,0.5476215839385986,0.011590816825628281,38557
12420,406978560,0.18253358288526406,3.0996515274047853,0.5407105445861816,0.011540404707193374,38527
12430,407306240,0.18197148067021893,3.0513071060180663,0.5403365612030029,0.011603395640850066,38551
12440,407633920,0.18141110725460283,2.9961454391479494,0.5261165618896484,0.011692787706851959,38519
12450,407961600,0.1808524652707474,3.0563011169433594,0.5301244258880615,0.011634062975645065,38562
12460,408289280,0.18029555734285163,3.0635021209716795,0.5265569686889648,0.0115704245865345,38567
12470,408616960,0.1797403860869683,3.082889175415039,0.5385780811309815,0.011616232991218566,38538
12480,408944640,0.17918695411099256,3.081382179260254,0.5369049072265625,0.011535534262657165,38558
12490,409272320,0.17863526401464913,3.0559457778930663,0.5284304141998291,0.011544044315814971,38551
12500,409600000,0.17808531838948038,3.0736358642578123,0.5431575298309326,0.011690352857112885,38551
12510,409927680,0.17753711981883438,3.052646827697754,0.5312714576721191,0.011485349386930466,38500
12520,410255360,0.17699067087785206,3.0995849609375,0.5287849426269531,0.01162368431687355,38542
12530,410583040,0.17644597413345592,3.077067565917969,0.5228559970855713,0.011542849242687225,38530
12540,410910720,0.1759030321443373,3.057772636413574,0.5258441925048828,0.011641927808523179,38530
12550,411238400,0.17536184746094474,3.035987663269043,0.5345048904418945,0.011677343398332596,38549
12560,411566080,0.17482242262547187,3.047930145263672,0.5335667610168457,0.011669281870126724,38556
12570,411893760,0.17428476017184552,3.1518672943115233,0.5331383228302002,0.011562380194664,38508
12580,412221440,0.17374886262571393,3.064302444458008,0.5291778564453125,0.011615467071533204,38514
12590,412549120,0.17321473250443453,3.0673667907714846,0.5423263072967529,0.01163288727402687,38542
12600,412876800,0.1726823723170628,3.025770378112793,0.5321130752563477,0.01143626868724823,38544
12610,413204480,0.1721517845643391,3.0848466873168947,0.5425806045532227,0.011571719497442245,38570
12620,413532160,0.1716229717386789,3.060892868041992,0.527593469619751,0.011663660407066345,38518
12630,413859840,0.17109593632415931,3.0575321197509764,0.5334076404571533,0.011516761779785157,38530
12640,414187520,0.17057068079650856,3.0589168548583983,0.5469983100891114,0.011629706621170044,38567
12650,414515200,0.17004720762309364,3.063235855102539,0.5255980968475342,0.011526394635438919,38549
12660,414842880,0.1695255192629091,3.042207145690918,0.5230272293090821,0.011529103666543961,38532
12670,415170560,0.16900561816656542,3.0995723724365236,0.5412488460540772,0.01158570870757103,38530
12680,415498240,0.16848750677627727,3.014779472351074,0.5337839126586914,0.011534539610147476,38577
12690,415825920,0.1679711875258528,3.0475744247436523,0.5252001285552979,0.011572163552045822,38536
12700,416153600,0.16745666284068098,3.0159622192382813,0.5252845764160157,0.011736930161714555,38575
12710,416481280,0.16694393513772138,3.0291412353515623,0.542232084274292,0.01166713535785675,38562
12720,416808960,0.16643300682549206,3.041037178039551,0.5277606964111328,0.011606727540493012,38535
12730,417136640,0.16592388030405858,3.030746841430664,0.5321764945983887,0.011493898928165436,38571
12740,417464320,0.16541655796502264,3.090255355834961,0.5338910102844239,0.011546877771615982,38528
12750,417792000,0.16491104219151081,3.0578800201416017,0.5342298030853272,0.01161826029419899,38538
12760,418119680,0.16440733535816363,3.052433395385742,0.5326197624206543,0.011593446880578995,38568
12770,418447360,0.16390543983112393,2.995806884765625,0.5350027084350586,0.011585214734077453,38555
12780,418775040,0.1634053579680263,3.045948600769043,0.5295806884765625,0.0114111989736557,38539
12790,419102720,0.1629070921179852,3.0410314559936524,0.527241325378418,0.011498929560184478,38554
12800,419430400,0.16241064462158505,3.026544380187988,0.5179895401000977,0.01154661551117897,38553
12810,419758080,0.16191601781086817,2.9819524765014647,0.5180823802947998,0.011594007164239884,38544
12820,420085760,0.1614232140093247,3.031768035888672,0.5339702129364013,0.011548979580402375,38554
12830,420413440,0.1609322355318808,3.0833694458007814,0.5390588760375976,0.011641786247491837,38517
12840,420741120,0.1604430846848886,3.0395994186401367,0.531603479385376,0.011720190197229386,38512
12850,421068800,0.15995576376611487,3.065872001647949,0.5310544013977051,0.011571268737316131,38530
12860,421396480,0.15947027506473016,3.0844148635864257,0.537102222442627,0.011522844433784485,38540
12870,421724160,0.15898662086129878,3.003861427307129,0.5365216255187988,0.01160183772444725,38556
12880,422051840,0.15850480342776696,3.1159587860107423,0.5334035873413085,0.011607610434293748,38548
12890,422379520,0.1580248250274533,3.103622245788574,0.5371363639831543,0.01153462827205658,38538
12900,422707200,0.1575466879150373,3.0427602767944335,0.5362532138824463,0.011686250567436218,38567
12910,423034880,0.1570703943365491,3.0780540466308595,0.5351860046386718,0.01157844513654709,38534
12920,423362560,0.15659594652935896,3.066612434387207,0.5504700660705566,0.01179644614458084,38526
12930,423690240,0.15612334672216666,3.1441898345947266,0.5446706295013428,0.011599808931350708,38528
12940,424017920,0.1556525971349913,3.038211631774902,0.5349420547485352,0.011753767728805542,38555
12950,424345600,0.15518369997916026,2.9983894348144533,0.5372794151306153,0.01169729307293892,38579
12960,424673280,0.1547166574572997,3.0511112213134766,0.5425018787384033,0.011668208986520767,38576
12970,425000960,0.15425147176332304,3.0302556991577148,0.5338394165039062,0.011649800837039948,38537
12980,425328640,0.153788145082422,3.033953094482422,0.5231567859649658,0.011614274233579636,38517
12990,425656320,0.15332667959105506,3.0980047225952148,0.5355149269104004,0.011517917364835739,38566
13000,425984000,0.1528670774569385,2.9493581771850588,0.5267848491668701,0.011610939353704452,38594
13010,426311680,0.15240934083903493,3.0129215240478517,0.5313624382019043,0.011597652733325959,38567
13020,426639360,0.15195347188754413,2.9939369201660155,0.5330745697021484,0.011687599122524261,38557
13030,426967040,0.15149947274389244,3.031901550292969,0.53114914894104,0.011567553877830506,38523
13040,427294720,0.15104734554072283,3.108114814758301,0.5301933765411377,0.011638273298740388,38516
13050,427622400,0.15059709240188512,3.0902244567871096,0.5342371463775635,0.011680923402309418,38521
13060,427950080,0.1501487154424255,3.0674293518066404,0.5358466625213623,0.011778327822685241,38528
13070,428277760,0.1497022167685772,3.0668642044067385,0.5318336486816406,0.01165478453040123,38527
13080,428605440,0.14925759847775003,3.0667192459106447,0.5403911590576171,0.011621477454900742,38563
13090,428933120,0.14881486265852079,3.0160274505615234,0.5281865119934082,0.011648255586624145,38549
13100,429260800,0.14837401139062345,3.1059160232543945,0.5319688320159912,0.011554931104183198,38537
13110,429588480,0.14793504674493946,3.0377685546875,0.5308069229125977,0.011640571057796478,38541
13120,429916160,0.14749797078348806,2.9634958267211915,0.5324118614196778,0.01175926998257637,38556
13130,430243840,0.14706278555941604,3.06768798828125,0.5295711994171143,0.011768823117017746,38536
13140,430571520,0.14662949311698908,3.065919303894043,0.5419654369354248,0.011609555780887603,38556
13150,430899200,0.14619809549158108,3.093591499328613,0.5440705299377442,0.01157616227865219,38556
13160,431226880,0.1457685947096655,3.0803596496582033,0.538125467300415,0.011711419373750687,38512
13170,431554560,0.14534099278880513,2.991343688964844,0.5359737873077393,0.011681818962097168,38563
13180,431882240,0.14491529173764328,3.0918182373046874,0.5403133392333984,0.011739090830087662,38535
13190,432209920,0.14449149355589372,3.0979276657104493,0.5442469596862793,0.011553337424993515,38538
13200,432537600,0.14406960023433169,3.068867301940918,0.5299184799194336,0.011552093178033828,38513
13210,432865280,0.14364961375478438,2.9778697967529295,0.5280275344848633,0.011735548824071884,38581
13220,433192960,0.1432315360901216,3.0326974868774412,0.5353494644165039,0.011721562594175339,38527
13230,433520640,0.14281536920424684,3.070278358459473,0.5321004867553711,0.01159076690673828,38524
13240,433848320,0.1424011150520874,3.043789863586426,0.5317830085754395,0.011608339846134186,38542
13250,434176000,0.141988775579586,2.9816537857055665,0.530760383605957,0.01170661747455597,38563
13260,434503680,0.14157835272369096,3.0138259887695313,0.5366567611694336,0.01162193864583969,38555
13270,434831360,0.14116984841234742,3.0634498596191406,0.5254647254943847,0.0116512693464756,38537
13280,435159040,0.14076326456448812,3.0577945709228516,0.5292351245880127,0.011583951860666275,38546
13290,435486720,0.14035860309002474,3.0494106292724608,0.5343349933624267,0.011541919410228729,38540
13300,435814400,0.1399558658898386,3.0207307815551756,0.5273621082305908,0.011634620279073716,38538
13310,436142080,0.13955505485577163,3.0124515533447265,0.5311116695404052,0.011542122066020965,38550
13320,436469760,0.13915617187061802,2.9929636001586912,0.5334386348724365,0.011730774492025375,38565
13330,436797440,0.13875921880811476,3.1060516357421877,0.5449953556060791,0.011604129523038863,38541
13340,437125120,0.13836419753293316,3.086642837524414,0.5483429908752442,0.011584043502807617,38528
13350,437452800,0.13797110990066996,3.032587242126465,0.5334228515625,0.011647077649831772,38534
13360,437780480,0.137579957757839,3.0363332748413088,0.5417302131652832,0.0117184117436409,38572
13370,438108160,0.13719074294186187,3.050689125061035,0.5365092277526855,0.011526431143283843,38556
13380,438435840,0.1368034672810598,3.124391555786133,0.5379217147827149,0.011712668836116791,38511
13390,438763520,0.13641813259464494,3.0295541763305662,0.5306577682495117,0.011683233082294464,38507
13400,439091200,0.13603474069271163,2.9996244430541994,0.5320379257202148,0.011675561219453812,38539
13410,439418880,0.1356532933762284,3.0290189743041993,0.5398463726043701,0.011744194477796555,38556
13420,439746560,0.13527379243702872,3.013184356689453,0.5371023178100586,0.0117841437458992,38552
13430,440074240,0.1348962396578035,3.067285346984863,0.5472387313842774,0.011633089929819106,38526
13440,440401920,0.13452063681209184,2.992730712890625,0.5278730392456055,0.011610083281993866,38546
13450,440729600,0.13414698566427333,3.0838775634765625,0.5368615627288819,0.011622780561447143,38517
13460,441057280,0.1337752879695594,3.046254539489746,0.5427402496337891,0.01162986308336258,38553
13470,441384960,0.1334055454739853,3.0790283203125,0.5429623603820801,0.011623717844486237,38527
13480,441712640,0.13303775991440192,3.0821083068847654,0.5388669013977051,0.011687634140253067,38518
13490,442040320,0.1326719330184672,2.9892982482910155,0.528898048400879,0.011660104990005494,38538
13500,442368000,0.13230806650463867,3.044495964050293,0.5338303089141846,0.011596220731735229,38554
13510,442695680,0.13194616208216495,3.080206871032715,0.5384836196899414,0.011703425645828247,38519
13520,443023360,0.13158622145107762,3.0811758041381836,0.5386460304260254,0.011634151637554168,38538
13530,443351040,0.1312282463021836,3.0023920059204103,0.5268135070800781,0.011680147051811219,38525
13540,443678720,0.13087223831705705,3.0183233261108398,0.5305905342102051,0.011637170612812043,38533
13550,444006400,0.13051819916803145,2.955190658569336,0.5205010414123535,0.011580903828144074,38546
13560,444334080,0.1301661305181917,3.055202102661133,0.5423482418060303,0.011782848089933396,38543
13570,444661760,0.12981603402136632,3.037541961669922,0.5308701038360596,0.01171589493751526,38508
13580,444989440,0.1294679113221197,3.0151329040527344,0.5379237174987793,0.011639390140771866,38541
13590,445317120,0.12912176405574471,3.0988582611083983,0.5444856643676758,0.01161409094929695,38522
13600,445644800,0.12877759384825416,3.044045066833496,0.5400492191314697,0.011672814935445785,38531
13610,445972480,0.12843540231637426,2.9760833740234376,0.5298572540283203,0.011591963469982147,38538
13620,446300160,0.1280951910675361,3.0019432067871095,0.5432426452636718,0.01167151853442192,38568
13630,446627840,0.12775696169986858,3.0044151306152345,0.5326053619384765,0.011696080863475799,38533
13640,446955520,0.12742071580219075,3.034988784790039,0.5489111423492432,0.011778554320335389,38531
13650,447283200,0.12708645495400447,3.0317514419555662,0.5233624458312989,0.011530288308858872,38549
13660,447610880,0.1267541807254869,3.0479259490966797,0.5302426815032959,0.011633330583572387,38518
13670,447938560,0.12642389467748305,3.0049938201904296,0.5385316371917724,0.011735208332538605,38543
13680,448266240,0.12609559836149858,3.0360950469970702,0.5315662860870362,0.011710530519485474,38520
13690,448593920,0.12576929331969258,2.9833703994750977,0.5227529525756835,0.011646444350481034,38523
13700,448921600,0.12544498108486998,2.9611753463745116,0.5372967720031738,0.011711889505386352,38565
13710,449249280,0.12512266318047466,3.0579196929931642,0.5328908920288086,0.011660271137952805,38524
13720,449576960,0.12480234112058225,2.9949104309082033,0.5296776771545411,0.01165752038359642,38508
13730,449904640,0.12448401640989308,3.0232643127441405,0.5338224411010742,0.011673580110073089,38519
13740,450232320,0.12416769054372481,3.0275701522827148,0.5399232387542725,0.011723168939352036,38526
13750,450560000,0.12385336500800571,3.0972467422485352,0.5376109123229981,0.011725793033838272,38491
13760,450887680,0.12354104127926756,2.98779296875,0.5493135929107666,0.011956204473972321,38544
13770,451215360,0.12323072082463879,3.0310943603515623,0.5315257549285889,0.011743433028459548,38554
13780,451543040,0.12292240510183737,3.069850730895996,0.5390005111694336,0.011699207127094269,38528
13790,451870720,0.12261609555916432,3.069314956665039,0.5305030822753907,0.011644204705953598,38491
13800,452198400,0.1223117936354966,2.9654279708862306,0.5293925285339356,0.01164061352610588,38553
13810,452526080,0.1220095007602805,3.043958282470703,0.5400747299194336,0.011749898642301559,38545
13820,452853760,0.1217092183535248,3.079922676086426,0.538114070892334,0.011703411489725113,38494
13830,453181440,0.12141094782579417,3.0935762405395506,0.5402003288269043,0.011742809414863586,38492
13840,453509120,0.12111469057820282,3.0999483108520507,0.5375203609466552,0.011635420471429824,38517
13850,453836800,0.12082044800240728,3.0158613204956053,0.5395892143249512,0.011768423020839691,38494
13860,454164480,0.12052822148060055,3.04327335357666,0.5343519687652588,0.01180509626865387,38499
13870,454492160,0.12023801238550516,2.9951587677001954,0.5405763149261474,0.011606181412935257,38540
13880,454819840,0.11994982208036684,3.060125541687012,0.5465463161468506,0.011797140538692474,38524
13890,455147520,0.1196636519189481,3.1022640228271485,0.54171724319458,0.011648906022310257,38496
13900,455475200,0.11937950324552202,3.006452178955078,0.5346055507659913,0.011644970625638962,38537
13910,455802880,0.11909737739486582,3.0091835021972657,0.534136962890625,0.011780887842178345,38505
13920,456130560,0.1188172756922545,3.0332454681396483,0.5421921730041503,0.01167219802737236,38528
13930,456458240,0.1185391994534547,3.0141000747680664,0.5438742160797119,0.011615072190761567,38574
13940,456785920,0.1182631499847186,3.095779228210449,0.5400435447692871,0.011675001680850982,38530
13950,457113600,0.11798912858277767,3.05606689453125,0.5446882724761963,0.0118392214179039,38513
13960,457441280,0.11771713653483655,3.0326929092407227,0.5434827327728271,0.011728212982416154,38533
13970,457768960,0.1174471751185673,2.98341064453125,0.5422645568847656,0.01176922544836998,38539
13980,458096640,0.1171792456021029,3.050189971923828,0.5522755146026611,0.01176983192563057,38538
13990,458424320,0.11691334924403168,3.0615859985351563,0.5442678928375244,0.011693798005580902,38547
14000,458752000,0.11664948729339125,2.988729476928711,0.5261950492858887,0.011708268523216247,38514
14010,459079680,0.1163876609896627,3.08068733215332,0.5430208683013916,0.011655713617801666,38539
14020,459407360,0.11612787156276486,3.04262638092041,0.5290960788726806,0.011809102445840835,38528
14030,459735040,0.11587012023304813,3.0617816925048826,0.5379468917846679,0.011637909710407257,38511
14040,460062720,0.1156144082112893,3.0168178558349608,0.5467412948608399,0.011782199144363403,38536
14050,460390400,0.11536073669868546,3.0591121673583985,0.5369709014892579,0.011578387022018433,38533
14060,460718080,0.11510910688684858,2.993907165527344,0.528618335723877,0.011808633804321289,38523
14070,461045760,0.1148595199577997,2.9575538635253906,0.5293807983398438,0.011868315190076828,38547
14080,461373440,0.11461197708396349,3.0080421447753904,0.5452423095703125,0.011789175868034362,38523
14090,461701120,0.11436647942816297,3.0366302490234376,0.5415952682495118,0.011630184948444366,38541
14100,462028800,0.11412302814361354,3.037634086608887,0.5504024028778076,0.011682258546352386,38532
14110,462356480,0.11388162437391813,2.996756362915039,0.5328930377960205,0.011814436316490174,38569
14120,462684160,0.11364226925306124,3.0413305282592775,0.5452855587005615,0.011743199825286866,38534
14130,463011840,0.11340496390540424,3.0569746017456056,0.5334896087646485,0.011667552590370178,38511
14140,463339520,0.1131697094456795,3.0623458862304687,0.539055585861206,0.011789589375257491,38518
14150,463667200,0.11293650697898572,3.047389793395996,0.5383381366729736,0.01174483448266983,38530
14160,463994880,0.11270535760078214,3.0441112518310547,0.5395272254943848,0.011726211011409759,38551
14170,464322560,0.11247626239688388,3.050197410583496,0.530014181137085,0.01159486621618271,38514
14180,464650240,0.11224922244345657,3.0053482055664062,0.5317664623260498,0.011698146909475326,38518
14190,464977920,0.1120242388070114,3.0303466796875,0.5415170192718506,0.011851851642131806,38521
14200,465305600,0.11180131254440019,3.080949401855469,0.5509251117706299,0.011852896213531494,38548
14210,465633280,0.1115804447028102,3.0209716796875,0.5315228939056397,0.01171083003282547,38532
14220,465960960,0.11136163631975948,3.064562225341797,0.5450861930847168,0.011723998188972472,38548
14230,466288640,0.11114488842309167,3.083465576171875,0.5479423522949218,0.011796737462282181,38543
14240,466616320,0.11093020203097147,3.09566593170166,0.5530988693237304,0.011751876026391984,38528
14250,466944000,0.11071757815187974,2.9470651626586912,0.5298036575317383,0.011741415411233903,38554
14260,467271680,0.11050701778460868,2.9796146392822265,0.5324706077575684,0.011766407638788223,38547
14270,467599360,0.11029852191825738,2.999548149108887,0.5380877017974853,0.011773066222667694,38578
14280,467927040,0.11009209153222692,2.9791339874267577,0.5346804141998291,0.011719386279582977,38542
14290,468254720,0.1098877275962159,3.027796745300293,0.5368036746978759,0.011696667969226837,38552
14300,468582400,0.10968543107021578,3.03336181640625,0.5279197216033935,0.011698204278945922,38550
14310,468910080,0.10948520290450654,3.0885910034179687,0.5424560546875,0.011715252697467805,38539
14320,469237760,0.10928704403965202,3.038255500793457,0.5408710956573486,0.011694046854972839,38552
14330,469565440,0.10909095540649572,3.022528648376465,0.5362691402435302,0.011714600026607513,38520
14340,469893120,0.10889693792615628,3.008340263366699,0.5373972415924072,0.011732436716556549,38539
14350,470220800,0.10870499251002304,3.034469795227051,0.5439834117889404,0.011867663264274598,38509
14360,470548480,0.10851512005975213,3.066324806213379,0.5462257862091064,0.011701326072216033,38528
14370,470876160,0.10832732146726176,3.038191032409668,0.5431344509124756,0.011796163767576218,38542
14380,471203840,0.10814159761472848,3.039360237121582,0.5425090789794922,0.01162322610616684,38562
14390,471531520,0.10795794937458267,3.033985900878906,0.5398159980773926,0.011732561886310578,38485
14400,471859200,0.1077763776095048,3.027079963684082,0.5382895469665527,0.011756642907857894,38523
14410,472186880,0.107596883172421,3.058315467834473,0.5477932453155517,0.011655236035585404,38539
14420,472514560,0.10741946690649931,3.0378450393676757,0.5395784378051758,0.011833707243204117,38521
14430,472842240,0.10724412964514562,3.060567283630371,0.5494400501251221,0.011754871904850006,38522
14440,473169920,0.10707087221199973,3.000956916809082,0.5381426334381103,0.011701058596372604,38530
14450,473497600,0.10689969542093168,3.009122848510742,0.5335746765136719,0.011723151057958603,38535
14460,473825280,0.10673060007603764,3.1055217742919923,0.5432403564453125,0.01183301955461502,38501
14470,474152960,0.10656358697163638,3.0122808456420898,0.5442139625549316,0.01182541698217392,38532
14480,474480640,0.10639865689226519,3.019357681274414,0.5370546340942383,0.011751195788383484,38526
14490,474808320,0.10623581061267677,3.024874687194824,0.5410105228424072,0.011767669022083283,38513
14500,475136000,0.10607504889783496,3.0179405212402344,0.5510779857635498,0.011800717562437057,38533
14510,475463680,0.10591637250291171,3.007328414916992,0.5385720252990722,0.01164591833949089,38531
14520,475791360,0.10575978217328301,3.043267250061035,0.5397127151489258,0.011747580766677857,38507
14530,476119040,0.10560527864452576,3.0707962036132814,0.5412895202636718,0.011627835780382156,38515
14540,476446720,0.10545286264241416,3.0034170150756836,0.5359199523925782,0.011699456721544266,38535
14550,476774400,0.10530253488291638,2.9781335830688476,0.544415807723999,0.011912095546722411,38568
14560,477102080,0.1051542960721912,3.044144058227539,0.5448660373687744,0.011820849031209946,38544
14570,477429760,0.10500814690658448,3.002053451538086,0.5383487701416015,0.011872754991054535,38549
14580,477757440,0.10486408807262619,3.0683357238769533,0.5475902557373047,0.011836198717355728,38521
14590,478085120,0.104722120247027,2.992168426513672,0.5365078449249268,0.011806662380695342,38552
14600,478412800,0.10458224409667521,3.023599624633789,0.5420916080474854,0.01183280125260353,38512
14610,478740480,0.10444446027863345,3.059104156494141,0.538032054901123,0.011859928071498872,38514
14620,479068160,0.10430876944013576,3.0161333084106445,0.5541508197784424,0.011758460104465485,38557
14630,479395840,0.10417517221858452,3.0347803115844725,0.5451418399810791,0.011836385726928711,38541
14640,479723520,0.1040436692415474,3.0159502029418945,0.537744140625,0.011807547509670257,38542
14650,480051200,0.10391426112675443,3.0348758697509766,0.5467334270477295,0.011727901548147202,38546
14660,480378880,0.10378694848209509,3.07005615234375,0.548194169998169,0.011896030604839325,38530
14670,480706560,0.10366173190561558,3.0407430648803713,0.5432087898254394,0.011747092008590698,38531
14680,481034240,0.10353861198551571,2.991473579406738,0.5587963104248047,0.011804646253585816,38558
14690,481361920,0.10341758930014654,3.0043193817138674,0.5351721286773682,0.011726269870996476,38537
14700,481689600,0.10329866441800734,3.0946651458740235,0.5577534675598145,0.01165074110031128,38526
14710,482017280,0.10318183789774295,3.1081979751586912,0.5590224742889405,0.01189453899860382,38533
14720,482344960,0.10306711028814143,3.019290733337402,0.5435080051422119,0.011638450622558593,38519
14730,482672640,0.10295448212813114,3.04598445892334,0.5410009860992432,0.011830253899097443,38522
14740,483000320,0.10284395394677846,2.9962913513183596,0.5395532131195069,0.011644288152456283,38521
14750,483328000,0.10273552626328514,3.0163818359375,0.5451976776123046,0.01175784394145012,38543
14760,483655680,0.10262919958698588,2.9882057189941404,0.5407848834991456,0.011593900620937347,38540
14770,483983360,0.10252497441734616,2.9634735107421877,0.5460512638092041,0.011880037188529969,38546
14780,484311040,0.10242285124395946,3.0279722213745117,0.5366028785705567,0.011756879836320877,38531
14790,484638720,0.10232283054654547,3.0655996322631838,0.5468686103820801,0.011855269968509673,38495
14800,484966400,0.10222491279494736,3.0500022888183596,0.5435684204101563,0.01175352931022644,38519
14810,485294080,0.10212909844913001,3.051761245727539,0.5583274364471436,0.011829652637243272,38535
14820,485621760,0.10203538795917738,3.016309928894043,0.5347458839416503,0.011788284778594971,38540
14830,485949440,0.101943781765291,2.9880468368530275,0.5422895431518555,0.01167302206158638,38525
14840,486277120,0.10185428029778715,2.9279865264892577,0.5418414115905762,0.011854083836078643,38563
14850,486604800,0.1017668839770955,3.0216037750244142,0.5401385307312012,0.01178477481007576,38520
14860,486932480,0.10168159321375685,3.038814353942871,0.5504374027252197,0.0118483304977417,38548
14870,487260160,0.10159840840842116,2.9932672500610353,0.5371968269348144,0.011809681355953217,38504
14880,487587840,0.1015173299518458,2.9676210403442385,0.5386549472808838,0.011851486563682557,38522
14890,487915520,0.10143835822489358,3.0513877868652344,0.5582921981811524,0.011901116371154786,38512
14900,488243200,0.10136149359853108,3.0129568099975588,0.5424364089965821,0.011715296655893326,38522
14910,488570880,0.10128673643382681,2.9284551620483397,0.5395035743713379,0.011772212386131287,38549
14920,488898560,0.10121408708194966,3.0297412872314453,0.5393239498138428,0.011789633333683014,38519
14930,489226240,0.10114354588416707,3.017465591430664,0.5418351650238037,0.01180635392665863,38513
14940,489553920,0.1010751131718435,2.96856689453125,0.5451785087585449,0.011669154465198516,38551
14950,489881600,0.10100878926643891,3.014163780212402,0.5396394252777099,0.011803793907165527,38501
14960,490209280,0.1009445744795073,2.9440967559814455,0.5414273738861084,0.011669393628835678,38524
14970,490536960,0.10088246911269502,3.007440948486328,0.5544040203094482,0.011782614886760712,38507
14980,490864640,0.1008224734577396,3.0546361923217775,0.5468180179595947,0.011915340274572372,38496
14990,491192320,0.10076458779646827,3.0652114868164064,0.5527864933013916,0.011853905767202378,38537
15000,491520000,0.10070881240079659,3.020022964477539,0.5543862819671631,0.011814502626657486,38551
15010,491847680,0.10065514753272739,3.0124019622802733,0.5510586261749267,0.011953699588775634,38527
15020,492175360,0.10060359344434912,3.023326873779297,0.6571313858032226,0.013121511042118072,38503
15030,492503040,0.10055415037783517,3.039246368408203,0.551606559753418,0.011863803863525391,38524
15040,492830720,0.10050681856544236,3.0420654296875,0.552127742767334,0.011789481341838836,38527
15050,493158400,0.10046159822951001,3.0161510467529298,0.5509433269500732,0.011988623440265656,38531
15060,493486080,0.10041848958245882,2.951537322998047,0.5344353675842285,0.011753083765506744,38530
15070,493813760,0.10037749282679005,3.0509767532348633,0.5505040168762207,0.012001170963048934,38516
15080,494141440,0.10033860815508432,3.0695573806762697,0.551163625717163,0.011630091816186905,38532
15090,494469120,0.10030183575000079,3.0358469009399416,0.5460791110992431,0.011824043095111847,38505
15100,494796800,0.10026717578427634,3.0296228408813475,0.5459173202514649,0.011731386184692383,38513
15110,495124480,0.10023462842072489,3.0126190185546875,0.5511459350585938,0.011935847997665405,38523
15120,495452160,0.1002041938122364,3.1234949111938475,0.5583414554595947,0.011819136142730714,38486
15130,495779840,0.10017587210177614,3.0178524017333985,0.549637746810913,0.0119148850440979,38519
15140,496107520,0.10014966342238431,3.0431875228881835,0.5509572505950928,0.011888936907052994,38496
15150,496435200,0.10012556789717511,3.0644887924194335,0.5528359889984131,0.0118707075715065,38511
15160,496762880,0.1001035856393363,3.001422309875488,0.5521425724029541,0.01181979849934578,38521
15170,497090560,0.1000837167521287,3.0362575531005858,0.5411971569061279,0.011978544294834137,38515
15180,497418240,0.10006596132888562,2.99802188873291,0.5396592617034912,0.011747558414936066,38502
15190,497745920,0.10005031945301247,2.9916534423828125,0.5394798755645752,0.01195143461227417,38535
15200,498073600,0.10003679119798632,3.0461971282958986,0.548906946182251,0.01163569837808609,38526
15210,498401280,0.10002537662735562,3.001283645629883,0.5452115058898925,0.011806677281856536,38521
15220,498728960,0.1000160757947399,2.995310592651367,0.5487905025482178,0.012020795792341232,38516
15230,499056640,0.10000888874382939,3.0262378692626952,0.5496853828430176,0.011809583753347397,38532
15240,499384320,0.100003815508385,3.0438093185424804,0.5474472522735596,0.011733757704496384,38539
15250,499712000,0.10000085611223805,3.0126316070556642,0.5427813529968262,0.011821135133504867,38501
15258,499974144,0.1000000105692902,3.00551438331604,0.5415153503417969,0.01191163994371891,38506
