step,tokens,lr_mult,loss,grad_norm,value_grad_norm,tok_s
10,327680,0.01310615989515072,10.796998596191406,6.955099487304688,,70261
20,655360,0.02621231979030144,10.426839447021484,4.410495758056641,,79295
30,983040,0.039318479685452164,10.167200469970703,2.2190784454345702,,79193
40,1310720,0.05242463958060288,10.024948883056641,1.9653205871582031,,79156
50,1638400,0.0655307994757536,9.820455169677734,2.3585790634155273,,79274
60,1966080,0.07863695937090433,9.618480682373047,2.3624216079711915,,79305
70,2293760,0.09174311926605505,9.4201416015625,1.798029327392578,,79260
80,2621440,0.10484927916120576,9.202194213867188,1.9944377899169923,,79210
90,2949120,0.11795543905635648,8.977487945556641,1.7598836898803711,,79198
100,3276800,0.1310615989515072,8.718450927734375,1.8130971908569335,,79135
110,3604480,0.14416775884665792,8.507639312744141,1.9054414749145507,,79127
120,3932160,0.15727391874180865,8.26824493408203,1.6513668060302735,,79135
130,4259840,0.17038007863695936,8.01800765991211,1.7143442153930664,,79091
140,4587520,0.1834862385321101,7.825930786132813,1.5370561599731445,,79112
150,4915200,0.1965923984272608,7.624650573730468,1.2757594108581543,,79059
160,5242880,0.20969855832241152,7.457501983642578,1.2221267700195313,,79030
170,5570560,0.22280471821756226,7.302279663085938,1.0086990356445313,,79015
180,5898240,0.23591087811271297,7.166162109375,0.9546236991882324,,78979
190,6225920,0.2490170380078637,7.087337493896484,0.9367647171020508,,78996
200,6553600,0.2621231979030144,6.981540679931641,1.1280517578125,,78959
210,6881280,0.27522935779816515,6.885704040527344,1.0872209548950196,,78926
220,7208960,0.28833551769331583,6.81954345703125,1.0207080841064453,,78920
230,7536640,0.30144167758846657,6.7044425964355465,0.9943753242492676,,78899
240,7864320,0.3145478374836173,6.689573669433594,1.0259761810302734,,78901
250,8192000,0.32765399737876805,6.568783569335937,0.9925312042236328,,78884
260,8519680,0.34076015727391873,6.546482086181641,0.971546745300293,,78868
270,8847360,0.35386631716906947,6.435147857666015,1.017903995513916,,78852
280,9175040,0.3669724770642202,6.401790618896484,0.9372075080871582,,78864
290,9502720,0.3800786369593709,6.338660049438476,0.9674695014953614,,78846
300,9830400,0.3931847968545216,6.313912963867187,0.99693603515625,,78891
310,10158080,0.40629095674967236,6.227383041381836,0.842190170288086,,78973
320,10485760,0.41939711664482304,6.2146343231201175,1.152907943725586,,79131
330,10813440,0.4325032765399738,6.217328643798828,0.9997659683227539,,79127
340,11141120,0.4456094364351245,6.12874755859375,0.9227167129516601,,79148
350,11468800,0.45871559633027525,6.069870376586914,0.9348471641540528,,79114
360,11796480,0.47182175622542594,6.0420185089111325,0.8734233856201172,,79086
370,12124160,0.4849279161205767,5.98547134399414,0.9228827476501464,,79131
380,12451840,0.4980340760157274,5.954998016357422,0.8570487976074219,,79140
390,12779520,0.5111402359108781,5.923180389404297,0.9470438003540039,,79146
400,13107200,0.5242463958060288,5.911749649047851,0.8381248474121094,,79097
410,13434880,0.5373525557011796,5.858173370361328,0.8589258193969727,,79079
420,13762560,0.5504587155963303,5.831278991699219,0.82235689163208,,79098
430,14090240,0.563564875491481,5.760994720458984,0.8421653747558594,,79088
440,14417920,0.5766710353866317,5.796444702148437,0.8778505325317383,,79108
450,14745600,0.5897771952817824,5.688210678100586,0.8259674072265625,,79079
460,15073280,0.6028833551769331,5.594768142700195,0.8076446533203125,,79106
470,15400960,0.6159895150720839,5.644889068603516,0.8343174934387207,,79084
480,15728640,0.6290956749672346,5.566099166870117,0.9552465438842773,,79097
490,16056320,0.6422018348623854,5.658100509643555,0.880799674987793,,79066
500,16384000,0.6553079947575361,5.6012218475341795,0.7803578853607178,,79083
510,16711680,0.6684141546526867,5.542666625976563,0.7328578472137451,,79112
520,17039360,0.6815203145478375,5.543922424316406,0.8682281494140625,,79107
530,17367040,0.6946264744429882,5.512781143188477,0.823723030090332,,79103
540,17694720,0.7077326343381389,5.490650939941406,0.7581412315368652,,79091
550,18022400,0.7208387942332897,5.388269424438477,0.7150321006774902,,78997
560,18350080,0.7339449541284404,5.430269241333008,0.76297607421875,,79081
570,18677760,0.747051114023591,5.345068740844726,0.8279658317565918,,79066
580,19005440,0.7601572739187418,5.377492904663086,0.7702465057373047,,78920
590,19333120,0.7732634338138925,5.376223373413086,0.7643031120300293,,79069
600,19660800,0.7863695937090432,5.302455139160156,0.7444183349609375,,78977
610,19988480,0.799475753604194,5.329842758178711,0.7601653575897217,,79036
620,20316160,0.8125819134993447,5.259774398803711,0.7215795516967773,,79070
630,20643840,0.8256880733944955,5.224020385742188,0.7442173004150391,,79059
640,20971520,0.8387942332896461,5.256611633300781,0.7227268218994141,,79035
650,21299200,0.8519003931847968,5.244880294799804,0.7080539226531982,,79043
660,21626880,0.8650065530799476,5.27501335144043,0.717481279373169,,79033
670,21954560,0.8781127129750983,5.226290512084961,0.724140739440918,,79006
680,22282240,0.891218872870249,5.186865997314453,0.6686351776123047,,79002
690,22609920,0.9043250327653998,5.139368057250977,0.6823728561401368,,78995
700,22937600,0.9174311926605505,5.134290313720703,0.8632646560668945,,78984
710,23265280,0.9305373525557011,5.111958694458008,0.7459344387054443,,79022
720,23592960,0.9436435124508519,5.073456954956055,0.6733983516693115,,79001
730,23920640,0.9567496723460026,5.09069709777832,0.6659139633178711,,79007
740,24248320,0.9698558322411533,5.1480365753173825,0.7512659072875977,,78990
750,24576000,0.9829619921363041,5.083096694946289,0.7124408721923828,,79019
760,24903680,0.9960681520314548,5.050508880615235,0.6779943466186523,,78980
770,25231360,0.999999619505605,4.98149528503418,0.642795181274414,,78962
780,25559040,0.9999972942644099,5.0312950134277346,0.6144778728485107,,78996
790,25886720,0.9999928551787042,4.929864883422852,0.6563221931457519,,78990
800,26214400,0.9999863022693405,4.956472396850586,0.6957383155822754,,78975
810,26542080,0.9999776355671006,4.9612983703613285,0.6651616573333741,,78971
820,26869760,0.999966855112696,4.8710693359375,0.6534440994262696,,79021
830,27197440,0.9999539609567677,4.942211532592774,0.647681474685669,,78923
840,27525120,0.9999389531598855,4.919938278198242,0.5973561763763428,,78998
850,27852800,0.9999218317925475,4.818856048583984,0.6422255039215088,,78989
860,28180480,0.9999025969351808,4.847163391113281,0.992403793334961,,78996
870,28508160,0.9998812486781407,4.840472793579101,0.7478225231170654,,78972
880,28835840,0.9998577871217097,4.84448013305664,0.643201494216919,,78985
890,29163520,0.9998322123760972,4.777321624755859,0.6078672409057617,,78964
900,29491200,0.9998045245614399,4.828298187255859,0.5998572826385498,,78985
910,29818880,0.9997747238078001,4.774558258056641,0.6058437347412109,,78945
920,30146560,0.9997428102551656,4.741308212280273,0.5947085380554199,,78975
930,30474240,0.9997087840534492,4.695407485961914,0.6507959365844727,,79007
940,30801920,0.9996726453624875,4.7701469421386715,0.5783900737762451,,78957
950,31129600,0.9996343943520406,4.7879688262939455,0.5782875061035156,,78944
960,31457280,0.9995940312017911,4.701218795776367,0.5775267601013183,,78956
970,31784960,0.9995515561013435,4.651743316650391,0.5863764762878418,,78981
980,32112640,0.9995069692502226,4.7008209228515625,0.5926587104797363,,78983
990,32440320,0.9994602708578736,4.617623901367187,0.5559602737426758,,78965
1000,32768000,0.9994114611436603,4.5731353759765625,0.5708653450012207,,78955
1010,33095680,0.9993605403368643,4.5725055694580075,0.5743062019348144,,78974
1020,33423360,0.9993075086766843,4.514754104614258,0.5696338653564453,,78954
1030,33751040,0.999252366412234,4.508734130859375,0.6067570209503174,,78973
1040,34078720,0.9991951138025426,4.536279678344727,0.5979592323303222,,78946
1050,34406400,0.9991357511165514,4.516569137573242,0.5932274341583252,,78948
1060,34734080,0.9990742786331146,4.527616119384765,0.5827775955200195,,78905
1070,35061760,0.9990106966409968,4.542703247070312,0.5572563648223877,,78938
1080,35389440,0.9989450054388717,4.439024353027344,0.5452991962432862,,78974
1090,35717120,0.9988772053353212,4.46705207824707,0.5523546218872071,,78980
1100,36044800,0.9988072966488337,4.486066818237305,0.5750731468200684,,78954
1110,36372480,0.9987352797078023,4.466331100463867,0.7801982402801514,,78957
1120,36700160,0.998661154850524,4.46375617980957,0.5649197578430176,,78951
1130,37027840,0.9985849224251971,4.455213928222657,0.5509884834289551,,78984
1140,37355520,0.9985065827899208,4.419577026367188,0.7388835906982422,,78948
1150,37683200,0.998426136312692,4.400022506713867,0.600640058517456,,78974
1160,38010880,0.9983435833714049,4.355677795410156,0.8459797859191894,,78965
1170,38338560,0.998258924353849,4.349998092651367,0.7142786979675293,,78963
1180,38666240,0.9981721596577064,4.40234489440918,0.5884256362915039,,78962
1190,38993920,0.9980832896905512,4.266957855224609,0.5469626426696778,,78965
1200,39321600,0.9979923148698461,4.259426116943359,0.5290320873260498,,78954
1210,39649280,0.9978992356229419,4.327174377441406,0.5267560482025146,,78948
1220,39976960,0.9978040523870747,4.299831771850586,0.6276225566864013,,78936
1230,40304640,0.9977067656093641,4.269948196411133,0.5436454772949219,,78966
1240,40632320,0.9976073757468108,4.263604736328125,0.566351318359375,,78961
1250,40960000,0.9975058832662946,4.2888740539550785,0.5762840270996094,,78956
1260,41287680,0.9974022886445727,4.317634963989258,1.1227960586547852,,78925
1270,41615360,0.9972965923682765,4.282022857666016,0.5769930839538574,,78923
1280,41943040,0.9971887949339102,4.260660171508789,0.5664888381958008,,78925
1290,42270720,0.9970788968478482,4.263777542114258,0.5385030746459961,,78860
1300,42598400,0.996966898626332,4.2615196228027346,0.5475438117980957,,78918
1310,42926080,0.9968528007954691,4.2285301208496096,0.5339593410491943,,78931
1320,43253760,0.9967366038912294,4.165203857421875,0.5386526107788085,,78928
1330,43581440,0.9966183084594433,4.2874595642089846,0.5315009593963623,,78940
1340,43909120,0.996497915055799,4.234418869018555,0.5415543556213379,,78910
1350,44236800,0.9963754242458397,4.184787750244141,0.5374016284942627,,78932
1360,44564480,0.9962508366049612,4.207196807861328,0.5263467311859131,,78897
1370,44892160,0.9961241527184089,4.138259506225586,0.5066979408264161,,78906
1380,45219840,0.9959953731812754,4.197058868408203,0.5226518630981445,,78895
1390,45547520,0.9958644985984976,4.174473571777344,0.5499664306640625,,78907
1400,45875200,0.9957315295848536,4.181683731079102,0.5299662590026856,,78934
1410,46202880,0.99559646676496,4.134353256225586,0.5237099647521972,,78920
1420,46530560,0.9954593107732691,4.130069351196289,0.533129072189331,,78931
1430,46858240,0.9953200622540659,4.117065811157227,0.5248586177825928,,78918
1440,47185920,0.9951787218614647,4.130926895141601,0.5226682186126709,,78902
1450,47513600,0.9950352902594064,4.1179649353027346,0.5087075710296631,,78885
1460,47841280,0.9948897681216552,4.1230113983154295,0.5142162322998047,,78916
1470,48168960,0.9947421561317958,4.085992431640625,0.5096865177154541,,78911
1480,48496640,0.9945924549832297,4.129677581787109,0.5219578742980957,,78941
1490,48824320,0.9944406653791718,4.200702285766601,0.5231040000915528,,78932
1500,49152000,0.994286788032648,4.070808410644531,0.5245812416076661,,78941
1510,49479680,0.9941308236664911,4.086478424072266,0.5239622116088867,,78928
1520,49807360,0.9939727730133375,4.061913681030274,0.5203775882720947,,78961
1530,50135040,0.9938126368156238,3.9953155517578125,0.5135651588439941,,78929
1540,50462720,0.9936504158255838,4.107026672363281,0.5190169811248779,,78935
1550,50790400,0.9934861108052436,3.9776180267333983,0.525958251953125,,78934
1560,51118080,0.9933197225264201,4.044731140136719,0.5067049503326416,,78938
1570,51445760,0.9931512517707154,4.104372787475586,0.5336973190307617,,78913
1580,51773440,0.9929806993295143,4.017065048217773,0.5051928043365479,,78926
1590,52101120,0.99280806600398,4.030040740966797,0.5111889839172363,,78925
1600,52428800,0.9926333526050509,4.075315475463867,0.5202883720397949,,78915
1610,52756480,0.9924565599534364,4.008625793457031,0.5175717830657959,,78931
1620,53084160,0.9922776888796125,4.059608078002929,0.5160900115966797,,78949
1630,53411840,0.9920967402238197,4.068186187744141,0.4996950626373291,,78902
1640,53739520,0.9919137148360565,4.01811637878418,0.5063008785247802,,78936
1650,54067200,0.9917286135760778,3.997572326660156,0.494661283493042,,78912
1660,54394880,0.9915414373133894,3.946833038330078,0.49741425514221194,,78924
1670,54722560,0.9913521869272444,3.9755435943603517,0.5122310638427734,,78926
1680,55050240,0.991160863306639,3.9765274047851564,0.4989894390106201,,78925
1690,55377920,0.9909674673503083,3.9626277923583983,0.5033313274383545,,78912
1700,55705600,0.9907719999667222,4.05426254272461,0.49277610778808595,,78891
1710,56033280,0.990574462074081,3.999552917480469,0.48862571716308595,,78894
1720,56360960,0.9903748546003112,4.009952545166016,0.49261813163757323,,78912
1730,56688640,0.9901731784830609,3.981728744506836,0.5065803527832031,,78899
1740,57016320,0.9899694346696959,3.9539749145507814,0.49171905517578124,,78910
1750,57344000,0.9897636241172943,3.9924041748046877,0.49925546646118163,,78907
1760,57671680,0.9895557477926437,4.001998519897461,0.5079003810882569,,78854
1770,57999360,0.9893458066722344,3.9618350982666017,0.5000255584716797,,78914
1780,58327040,0.9891338017422565,3.9539581298828126,0.48622927665710447,,78901
1790,58654720,0.988919733998595,3.950287628173828,0.4955598831176758,,78888
1800,58982400,0.9887036044468247,3.9870254516601564,0.5802148818969727,,78927
1810,59310080,0.9884854141022056,3.9204380035400392,0.49527645111083984,,78880
1820,59637760,0.9882651639896781,3.935332107543945,0.5140851020812989,,78907
1830,59965440,0.9880428551438585,3.9690471649169923,0.4965301513671875,,78813
1840,60293120,0.9878184886090338,3.8936397552490236,0.5040641307830811,,78931
1850,60620800,0.9875920654391568,3.8975048065185547,0.50678391456604,,78926
1860,60948480,0.9873635866978416,3.95167236328125,0.49634637832641604,,78912
1870,61276160,0.987133053458358,4.014543151855468,0.4934403896331787,,78909
1880,61603840,0.9869004668036266,3.9392635345458986,0.4894733905792236,,78905
1890,61931520,0.9866658278262145,3.891857147216797,0.4860801696777344,,78924
1900,62259200,0.9864291376283284,3.8810314178466796,0.48732719421386717,,78899
1910,62586880,0.9861903973218116,3.9222484588623048,0.4843050479888916,,78931
1920,62914560,0.9859496080281371,3.892321014404297,0.4872125148773193,,78907
1930,63242240,0.9857067708784032,3.8325347900390625,0.48629026412963866,,78911
1940,63569920,0.9854618870133276,3.873729705810547,0.5059623718261719,,78903
1950,63897600,0.9852149575832427,3.838323211669922,0.490158748626709,,78923
1960,64225280,0.9849659837480899,3.8558280944824217,0.5062282085418701,,78887
1970,64552960,0.9847149666774135,3.891072463989258,0.5031948566436768,,78890
1980,64880640,0.9844619075503569,3.8682037353515626,0.5008593559265136,,78898
1990,65208320,0.9842068075556548,3.8528568267822267,0.5081847667694092,,78840
2000,65536000,0.9839496678916297,3.8396915435791015,0.5086031913757324,,78862
2010,65863680,0.9836904897661849,3.8237430572509767,0.47895135879516604,,78898
2020,66191360,0.9834292743967993,3.8458782196044923,0.4761970043182373,,78863
2030,66519040,0.9831660230105219,3.8519977569580077,0.47981672286987304,,78888
2040,66846720,0.9829007368439657,3.8750381469726562,0.4966569423675537,,78890
2050,67174400,0.9826334171433019,3.850708770751953,0.5011104106903076,,78871
2060,67502080,0.9823640651642543,3.863848876953125,0.49413290023803713,,78851
2070,67829760,0.9820926821720932,3.7936931610107423,0.4947820663452148,,78875
2080,68157440,0.9818192694416293,3.841851806640625,0.4929438591003418,,78882
2090,68485120,0.9815438282572083,3.8663303375244142,0.48843984603881835,,78898
2100,68812800,0.9812663599127042,3.7993579864501954,0.48940110206604004,,78877
2110,69140480,0.9809868657115136,3.7895092010498046,0.4978689193725586,,78887
2120,69468160,0.9807053469665494,3.854308319091797,0.4810917377471924,,78868
2130,69795840,0.980421805000235,3.786294937133789,0.4713443756103516,,78916
2140,70123520,0.9801362411444974,3.8282760620117187,0.48519177436828614,,78922
2150,70451200,0.9798486567407615,3.8029388427734374,0.49851279258728026,,78893
2160,70778880,0.9795590531399438,3.790934371948242,0.5019412994384765,,78876
2170,71106560,0.9792674317024457,3.790148162841797,0.48789167404174805,,78885
2180,71434240,0.9789737937981473,3.8427154541015627,0.5223501682281494,,78834
2190,71761920,0.9786781408064011,3.8219146728515625,0.4852313995361328,,78877
2200,72089600,0.9783804741160256,3.7988433837890625,0.5149404048919678,,78889
2210,72417280,0.978080795125298,3.772389602661133,0.48667116165161134,,78903
2220,72744960,0.9777791052419487,3.7877391815185546,0.48035640716552735,,78832
2230,73072640,0.9774754058831538,3.7858566284179687,0.47896552085876465,,78866
2240,73400320,0.9771696984755293,3.7948265075683594,0.5120514392852783,,78882
2250,73728000,0.9768619844551234,3.770629119873047,0.5019659996032715,,78884
2260,74055680,0.9765522652674108,3.745815658569336,0.48659582138061525,,78879
2270,74383360,0.976240542367285,3.8282535552978514,0.4869863986968994,,78872
2280,74711040,0.9759268172190521,3.845260238647461,0.48653364181518555,,78854
2290,75038720,0.9756110912964235,3.7816547393798827,0.4847591400146484,,78899
2300,75366400,0.9752933660825093,3.7526599884033205,0.4537635326385498,,78885
2310,75694080,0.9749736430698112,3.730784225463867,0.47662715911865233,,78886
2320,76021760,0.9746519237602153,3.7700294494628905,0.49498615264892576,,78870
2330,76349440,0.9743282096649852,3.767930603027344,0.49777636528015134,,78878
2340,76677120,0.9740025023047555,3.6882095336914062,0.475388765335083,,78816
2350,77004800,0.9736748032095234,3.7500225067138673,0.48636693954467775,,78908
2360,77332480,0.9733451139186423,3.8366024017333986,0.49498448371887205,,78888
2370,77660160,0.973013435980815,3.736843490600586,0.4940688133239746,,78898
2380,77987840,0.9726797709540852,3.791359710693359,0.47847933769226075,,78899
2390,78315520,0.9723441204058314,3.7692794799804688,0.497162389755249,,78881
2400,78643200,0.9720064859127585,3.744289016723633,0.47774248123168944,,78901
2410,78970880,0.9716668690608914,3.755173110961914,0.4876395702362061,,78872
2420,79298560,0.9713252714455668,3.746286392211914,0.4761765956878662,,78886
2430,79626240,0.9709816946714261,3.7811580657958985,0.47365727424621584,,78866
2440,79953920,0.9706361403524074,3.8112144470214844,0.4839159965515137,,78881
2450,80281600,0.9702886101117387,3.7660400390625,0.4874068260192871,,78898
2460,80609280,0.9699391055819293,3.755663299560547,0.5095600605010986,,78880
2470,80936960,0.9695876284047632,3.807360076904297,0.4800069808959961,,78865
2480,81264640,0.9692341802312905,3.721255874633789,0.48549666404724123,,78894
2490,81592320,0.9688787627218198,3.8018077850341796,0.48875741958618163,,78901
2500,81920000,0.9685213775459112,3.7487178802490235,0.5024672508239746,,78918
2510,82247680,0.968162026382367,3.6493156433105467,0.47559380531311035,,78884
2520,82575360,0.9678007109192254,3.6921695709228515,0.4918834209442139,,78894
2530,82903040,0.9674374328537514,3.626820755004883,0.4830328941345215,,78891
2540,83230720,0.9670721938924294,3.700593948364258,0.47048320770263674,,78896
2550,83558400,0.966704995750955,3.7800403594970704,0.4895106315612793,,78882
2560,83886080,0.9663358401542269,3.695647048950195,0.476971960067749,,78879
2570,84213760,0.965964728836339,3.7297977447509765,0.4676642894744873,,78811
2580,84541440,0.9655916635405721,3.7888839721679686,0.4965976238250732,,78891
2590,84869120,0.9652166460193854,3.7547630310058593,0.5000862598419189,,78861
2600,85196800,0.9648396780344092,3.6739810943603515,0.4710606575012207,,78880
2610,85524480,0.9644607613564357,3.657655715942383,0.4828226566314697,,78881
2620,85852160,0.9640798977654107,3.718218231201172,0.4713160514831543,,78903
2630,86179840,0.9636970890504263,3.6567115783691406,0.48152666091918944,,78888
2640,86507520,0.963312337009711,3.7313255310058593,0.4850586414337158,,78888
2650,86835200,0.9629256434506225,3.7126438140869142,0.47537956237792967,,78906
2660,87162880,0.9625370101896386,3.625869369506836,0.48624553680419924,,78896
2670,87490560,0.9621464390523483,3.7110565185546873,0.4863497257232666,,78900
2680,87818240,0.9617539318734444,3.718764877319336,0.538371467590332,,78870
2690,88145920,0.9613594904967137,3.6725040435791017,0.4731931686401367,,78859
2700,88473600,0.9609631167750291,3.6919002532958984,0.5017317771911621,,78879
2710,88801280,0.9605648125703407,3.6895965576171874,0.49619784355163576,,78882
2720,89128960,0.9601645797536662,3.749490737915039,0.5016687870025635,,78855
2730,89456640,0.959762420205084,3.7145359039306642,0.48591008186340334,,78897
2740,89784320,0.9593583358137223,3.6999114990234374,0.47718472480773927,,78861
2750,90112000,0.9589523284777519,3.6945755004882814,0.4908158302307129,,78883
2760,90439680,0.9585444001043758,3.6872718811035154,0.481402587890625,,78882
2770,90767360,0.9581345526098218,3.6151866912841797,0.45902490615844727,,78881
2780,91095040,0.9577227879193322,3.6061027526855467,0.47788205146789553,,78887
2790,91422720,0.9573091079671553,3.674763488769531,0.4772968292236328,,78886
2800,91750400,0.9568935146965365,3.6541416168212892,0.47464561462402344,,78889
2810,92078080,0.9564760100597085,3.6947246551513673,0.48329830169677734,,78881
2820,92405760,0.956056596017883,3.6093914031982424,0.4898479461669922,,78902
2830,92733440,0.9556352745412409,3.679350662231445,0.4812648296356201,,78889
2840,93061120,0.9552120476089232,3.6232372283935548,0.48349747657775877,,78896
2850,93388800,0.9547869172090215,3.690761947631836,0.4800917148590088,,78856
2860,93716480,0.9543598853385692,3.658434295654297,0.47043671607971194,,78886
2870,94044160,0.9539309540035318,3.688428497314453,0.4780242919921875,,78866
2880,94371840,0.953500125218797,3.6545448303222656,0.47162714004516604,,78891
2890,94699520,0.9530674010081663,3.6219276428222655,0.5011894226074218,,78883
2900,95027200,0.9526327834043443,3.5965953826904298,0.4946720123291016,,78899
2910,95354880,0.9521962744489302,3.7019920349121094,0.481810998916626,,78911
2920,95682560,0.9517578761924075,3.6466373443603515,0.4822052478790283,,78887
2930,96010240,0.9513175906941347,3.6371456146240235,0.477784538269043,,78907
2940,96337920,0.9508754200223356,3.6288173675537108,0.4843617916107178,,78888
2950,96665600,0.9504313662540893,3.6230388641357423,0.49010958671569826,,78911
2960,96993280,0.949985431475321,3.5764537811279298,0.46550374031066893,,78890
2970,97320960,0.9495376177807917,3.660968017578125,0.4754031658172607,,78887
2980,97648640,0.9490879272740883,3.6358501434326174,0.4861945152282715,,78851
2990,97976320,0.9486363620676144,3.610406494140625,0.470014762878418,,78878
3000,98304000,0.9481829242825798,3.6356536865234377,0.4696389675140381,,78857
3010,98631680,0.9477276160489903,3.6586578369140623,0.486846923828125,,78855
3020,98959360,0.9472704395056386,3.602052688598633,0.494669771194458,,78851
3030,99287040,0.9468113968000933,3.5934417724609373,0.488588285446167,,78862
3040,99614720,0.9463504900886894,3.668636703491211,0.4745699405670166,,78851
3050,99942400,0.9458877215365181,3.6302860260009764,0.47623386383056643,,78882
3060,100270080,0.9454230933174161,3.6385765075683594,0.4925073146820068,,78885
3070,100597760,0.9449566076139565,3.650717926025391,0.4798722743988037,,78867
3080,100925440,0.944488266617437,3.643235778808594,0.48708157539367675,,78859
3090,101253120,0.9440180725278713,3.6863521575927733,0.49681973457336426,,78854
3100,101580800,0.9435460275539773,3.6036624908447266,0.4797223091125488,,78883
3110,101908480,0.9430721339131679,3.6329425811767577,0.46930789947509766,,78837
3120,102236160,0.9425963938315396,3.586897277832031,0.47624497413635253,,78862
3130,102563840,0.9421188095438624,3.6079025268554688,0.4706870555877686,,78858
3140,102891520,0.94163938329357,3.674887466430664,0.4928142070770264,,78859
3150,103219200,0.9411581173327482,3.6221343994140627,0.47198848724365233,,78858
3160,103546880,0.9406750139221247,3.643209457397461,0.4783594608306885,,78838
3170,103874560,0.9401900753310587,3.5919349670410154,0.47486491203308107,,78850
3180,104202240,0.9397033038375302,3.5537891387939453,0.47033915519714353,,78852
3190,104529920,0.9392147017281288,3.6465667724609374,0.5000767230987548,,78855
3200,104857600,0.9387242712980439,3.6219013214111326,0.48426408767700196,,78844
3210,105185280,0.9382320148510529,3.613104248046875,0.47753496170043946,,78871
3220,105512960,0.937737934699511,3.6007801055908204,0.4741653919219971,,78854
3230,105840640,0.9372420331643404,3.6095348358154298,0.496277379989624,,78875
3240,106168320,0.9367443125750188,3.575082015991211,0.48557701110839846,,78870
3250,106496000,0.936244775269569,3.6066059112548827,0.47797565460205077,,78876
3260,106823680,0.9357434235945475,3.548348236083984,0.4699423789978027,,78842
3270,107151360,0.9352402599050346,3.530027389526367,0.5023976325988769,,78861
3280,107479040,0.9347352865646213,3.611317825317383,0.48073253631591795,,78873
3290,107806720,0.9342285059454002,3.5321788787841797,0.4636713981628418,,78846
3300,108134400,0.9337199204279533,3.5507617950439454,0.4668835163116455,,78852
3310,108462080,0.9332095324013407,3.6209785461425783,0.47109551429748536,,78865
3320,108789760,0.93269734426309,3.638611602783203,0.4988295078277588,,78853
3330,109117440,0.9321833584191851,3.665593719482422,0.4912876605987549,,78868
3340,109445120,0.9316675772840538,3.555287170410156,0.489772891998291,,78858
3350,109772800,0.9311500032805579,3.6099899291992186,0.5326552391052246,,78845
3360,110100480,0.9306306388399807,3.5892414093017577,0.4876885414123535,,78878
3370,110428160,0.9301094864020161,3.586626434326172,0.4902795314788818,,78893
3380,110755840,0.929586548414757,3.6094188690185547,0.47554745674133303,,78858
3390,111083520,0.929061827334684,3.507794189453125,0.47765841484069826,,78852
3400,111411200,0.928535325626654,3.594805908203125,0.47583670616149903,,78835
3410,111738880,0.9280070457638875,3.637438201904297,0.4906702995300293,,78865
3420,112066560,0.9274769902279585,3.571603775024414,0.4877443790435791,,78826
3430,112394240,0.9269451615087818,3.5651554107666015,0.49551591873168943,,78875
3440,112721920,0.926411562104602,3.5758434295654298,0.49067487716674807,,78873
3450,113049600,0.9258761945219811,3.5279735565185546,0.4727351188659668,,78870
3460,113377280,0.9253390612757871,3.5472038269042967,0.48242697715759275,,78890
3470,113704960,0.9248001648891824,3.616331100463867,0.48757147789001465,,78891
3480,114032640,0.9242595078936112,3.604941558837891,0.47585339546203614,,78881
3490,114360320,0.9237170928287887,3.5532108306884767,0.4856696605682373,,78878
3500,114688000,0.923172922242688,3.625569534301758,0.4705670356750488,,78863
3510,115015680,0.922626998691529,3.5596954345703127,0.4908303737640381,,78862
3520,115343360,0.922079324739766,3.526951217651367,0.49102106094360354,,78869
3530,115671040,0.9215299029600759,3.5635799407958983,0.47800936698913576,,78878
3540,115998720,0.9209787359333456,3.578052520751953,0.4778608798980713,,78846
3550,116326400,0.9204258262486603,3.570904541015625,0.4794550895690918,,78857
3560,116654080,0.9198711765032919,3.5309844970703126,0.4835066795349121,,78844
3570,116981760,0.9193147893026851,3.499930572509766,0.47972283363342283,,78859
3580,117309440,0.9187566672604472,3.546232223510742,0.48211960792541503,,78845
3590,117637120,0.9181968129983342,3.5506122589111326,0.48300890922546386,,78846
3600,117964800,0.9176352291462395,3.5559432983398436,0.4770046710968018,,78823
3610,118292480,0.9170719183421812,3.5905620574951174,0.48659238815307615,,78859
3620,118620160,0.9165068832322891,3.5496883392333984,0.47177624702453613,,78839
3630,118947840,0.9159401264707938,3.522945022583008,0.48119349479675294,,78865
3640,119275520,0.9153716507200125,3.549643707275391,0.474501895904541,,78851
3650,119603200,0.9148014586503377,3.6230213165283205,0.4693326950073242,,78876
3660,119930880,0.9142295529402239,3.557891082763672,0.483341121673584,,78854
3670,120258560,0.9136559362761759,3.5403324127197267,0.4660933971405029,,78869
3680,120586240,0.9130806113527351,3.5373050689697267,0.4766223430633545,,78882
3690,120913920,0.9125035808724679,3.5727848052978515,0.48923425674438475,,78863
3700,121241600,0.9119248475459516,3.5001499176025392,0.4770256519317627,,78911
3710,121569280,0.9113444140917637,3.562854766845703,0.4770486354827881,,78862
3720,121896960,0.9107622832364672,3.496852493286133,0.4754777431488037,,78878
3730,122224640,0.9101784577145987,3.520816421508789,0.48291473388671874,,78860
3740,122552320,0.9095929402686556,3.505906677246094,0.47849020957946775,,78881
3750,122880000,0.9090057336490831,3.5809417724609376,0.4781534671783447,,78851
3760,123207680,0.908416840614261,3.542951202392578,0.5025579929351807,,78877
3770,123535360,0.9078262639304908,3.614187240600586,0.5017505645751953,,78878
3780,123863040,0.9072340063719835,3.515212631225586,0.5089915275573731,,78869
3790,124190720,0.9066400707208456,3.4865245819091797,0.49939742088317873,,78852
3800,124518400,0.906044459767066,3.5712211608886717,0.4791700839996338,,78871
3810,124846080,0.905447176308504,3.5540451049804687,0.47686042785644533,,78851
3820,125173760,0.9048482231508749,3.486301040649414,0.47028217315673826,,78879
3830,125501440,0.9042476031077374,3.5390094757080077,0.47559342384338377,,78850
3840,125829120,0.9036453190004807,3.522374725341797,0.4934837341308594,,78875
3850,126156800,0.9030413736583102,3.5695526123046877,0.4840414047241211,,78845
3860,126484480,0.9024357699182355,3.5318859100341795,0.4972653388977051,,78881
3870,126812160,0.9018285106250563,3.5312126159667967,0.5145680904388428,,78856
3880,127139840,0.901219598631349,3.5121612548828125,0.47934908866882325,,78852
3890,127467520,0.9006090367974537,3.5285808563232424,0.4743041038513184,,78858
3900,127795200,0.8999968279914605,3.5060245513916017,0.49997568130493164,,78870
3910,128122880,0.8993829750891961,3.5805992126464843,0.49968409538269043,,78806
3920,128450560,0.8987674809742102,3.5165084838867187,0.4806826591491699,,78855
3930,128778240,0.8981503485377622,3.5523517608642576,0.47914600372314453,,78838
3940,129105920,0.8975315806788072,3.5006763458251955,0.47044148445129397,,78835
3950,129433600,0.8969111803039826,3.5415855407714845,0.4759681224822998,,78854
3960,129761280,0.8962891503275952,3.488393020629883,0.47705602645874023,,78875
3970,130088960,0.8956654936716058,3.530229187011719,0.48335909843444824,,78832
3980,130416640,0.8950402132656169,3.5558242797851562,0.4852126121520996,,78867
3990,130744320,0.8944133120468587,3.5010303497314452,0.490005350112915,,78856
4000,131072000,0.8937847929601748,3.5161361694335938,0.49120512008666994,,78859
4010,131399680,0.8931546589580086,3.5372955322265627,0.48933820724487304,,78869
4020,131727360,0.8925229130003902,3.574929428100586,0.4744607448577881,,78881
4030,132055040,0.8918895580549208,3.4998653411865233,0.5058547019958496,,78872
4040,132382720,0.8912545970967604,3.5338268280029297,0.47443485260009766,,78883
4050,132710400,0.8906180331086129,3.5155254364013673,0.4866096019744873,,78859
4060,133038080,0.8899798690807127,3.4961383819580076,0.4816798210144043,,78866
4070,133365760,0.8893401080108099,3.5802776336669924,0.49551639556884763,,78880
4080,133693440,0.8886987529041569,3.502811813354492,0.47223596572875975,,78842
4090,134021120,0.888055806773494,3.5318767547607424,0.4938638687133789,,78859
4100,134348800,0.8874112726390354,3.4872787475585936,0.4970359802246094,,78873
4110,134676480,0.8867651535284545,3.5416133880615233,0.48549928665161135,,78875
4120,135004160,0.8861174524768703,3.5006824493408204,0.47209882736206055,,78851
4130,135331840,0.8854681725268331,3.525277328491211,0.47989425659179685,,78859
4140,135659520,0.8848173167283098,3.5483676910400392,0.48403587341308596,,78870
4150,135987200,0.8841648881386694,3.5134090423583983,0.4747403621673584,,78853
4160,136314880,0.88351088982267,3.5309917449951174,0.4849232196807861,,78874
4170,136642560,0.8828553248524423,3.4871959686279297,0.47538142204284667,,78859
4180,136970240,0.8821981963074773,3.5271106719970704,0.4902189254760742,,78879
4190,137297920,0.8815395072746101,3.523199462890625,0.49220976829528806,,78853
4200,137625600,0.8808792608480065,3.4542327880859376,0.4808926582336426,,78880
4210,137953280,0.8802174601291479,3.527739715576172,0.48238368034362794,,78873
4220,138280960,0.8795541082268172,3.498442840576172,0.4777854919433594,,78898
4230,138608640,0.8788892082570837,3.5427799224853516,0.47311954498291015,,78871
4240,138936320,0.8782227633432887,3.5052719116210938,0.46810321807861327,,78896
4250,139264000,0.877554776616031,3.4844303131103516,0.4821816921234131,,78886
4260,139591680,0.8768852512131515,3.4929244995117186,0.4872093677520752,,78883
4270,139919360,0.8762141902797198,3.5010215759277346,0.4800571918487549,,78915
4280,140247040,0.8755415969680176,3.4905990600585937,0.4853994369506836,,78886
4290,140574720,0.8748674744375259,3.541751480102539,0.49388418197631834,,78865
4300,140902400,0.8741918258549084,3.4686199188232423,0.4914484977722168,,78898
4310,141230080,0.8735146543939974,3.5271949768066406,0.49005537033081054,,78881
4320,141557760,0.8728359632357797,3.468349838256836,0.4844860553741455,,78886
4330,141885440,0.8721557555683797,3.4970623016357423,0.4871219158172607,,78882
4340,142213120,0.8714740345870462,3.4471061706542967,0.4921091556549072,,78887
4350,142540800,0.8707908034941365,3.5045169830322265,0.4910759925842285,,78854
4360,142868480,0.8701060654991017,3.4996665954589843,0.48568220138549806,,78871
4370,143196160,0.8694198238184716,3.4902137756347655,0.4711324691772461,,78875
4380,143523840,0.8687320816758393,3.465500259399414,0.5009974479675293,,78879
4390,143851520,0.8680428423018461,3.4815227508544924,0.48146591186523435,,78882
4400,144179200,0.8673521089341671,3.458527755737305,0.487741756439209,,78881
4410,144506880,0.866659884817495,3.482568359375,0.5039235115051269,,78897
4420,144834560,0.865966173203525,3.4446533203125,0.48398542404174805,,78914
4430,145162240,0.86527097735094,3.507243347167969,0.5000743389129638,,78853
4440,145489920,0.8645743005253953,3.5200851440429686,0.4878342628479004,,78887
4450,145817600,0.8638761459995025,3.4664249420166016,0.5009912490844727,,78870
4460,146145280,0.8631765170528151,3.4582778930664064,0.486527681350708,,78878
4470,146472960,0.8624754169718122,3.420327377319336,0.49767208099365234,,78846
4480,146800640,0.8617728490498839,3.4730472564697266,0.489225959777832,,78865
4490,147128320,0.8610688165873153,3.322759246826172,0.4727960109710693,,78881
4500,147456000,0.860363322891271,3.429534149169922,0.49043865203857423,,78866
4510,147783680,0.8596563712757798,3.441299057006836,0.49436469078063966,,78870
4520,148111360,0.8589479650617188,3.4267993927001954,0.48147783279418943,,78885
4530,148439040,0.8582381075767984,3.4389575958251952,0.47944178581237795,,78867
4540,148766720,0.8575268021555462,3.474009704589844,0.48037242889404297,,78895
4550,149094400,0.8568140521392911,3.4705047607421875,0.48195395469665525,,78883
4560,149422080,0.8560998608761481,3.468965530395508,0.4870260238647461,,78899
4570,149749760,0.8553842317210026,3.501435470581055,0.4699109554290771,,78894
4580,150077440,0.8546671680354943,3.441088104248047,0.47179546356201174,,78855
4590,150405120,0.8539486731880013,3.4726314544677734,0.4819658279418945,,78870
4600,150732800,0.8532287505536249,3.425368881225586,0.46633434295654297,,78841
4610,151060480,0.8525074035141732,3.480572509765625,0.4781327247619629,,78873
4620,151388160,0.8517846354581458,3.4750247955322267,0.4759735107421875,,78869
4630,151715840,0.8510604497807165,3.4714282989501952,0.5083942413330078,,78881
4640,152043520,0.8503348498837191,3.4216747283935547,0.4869990348815918,,78860
4650,152371200,0.8496078391756305,3.4706340789794923,0.48404803276062014,,78870
4660,152698880,0.8488794210715549,3.423583984375,0.4809628963470459,,78868
4670,153026560,0.8481495989932074,3.4324058532714843,0.47281608581542967,,78875
4680,153354240,0.8474183763688985,3.4947948455810547,0.4835227966308594,,78855
4690,153681920,0.8466857566335172,3.452048492431641,0.4693294525146484,,78882
4700,154009600,0.8459517432285163,3.4990047454833983,0.4985822200775146,,78871
4710,154337280,0.8452163396018946,3.4354625701904298,0.49286136627197263,,78875
4720,154664960,0.8444795492081815,3.454798126220703,0.48856172561645506,,78850
4730,154992640,0.8437413755084207,3.4841243743896486,0.4880842208862305,,78833
4740,155320320,0.8430018219701542,3.4838523864746094,0.48857593536376953,,78864
4750,155648000,0.8422608920674052,3.4482261657714846,0.4970109462738037,,78868
4760,155975680,0.841518589280663,3.488181304931641,0.47646079063415525,,78869
4770,156303360,0.8407749170968652,3.4599788665771483,0.4823812484741211,,78856
4780,156631040,0.8400298790093831,3.4132144927978514,0.48297438621520994,,78858
4790,156958720,0.8392834785180031,3.4204368591308594,0.4790769577026367,,78821
4800,157286400,0.8385357191289123,3.4458778381347654,0.4819164276123047,,78849
4810,157614080,0.837786604354681,3.44439697265625,0.484637975692749,,78840
4820,157941760,0.8370361377142459,3.4795970916748047,0.4971834659576416,,78859
4830,158269440,0.8362843227328948,3.3844871520996094,0.485228157043457,,78847
4840,158597120,0.8355311629422486,3.3994293212890625,0.4838648796081543,,78866
4850,158924800,0.8347766618802456,3.4196590423583983,0.48741698265075684,,78833
4860,159252480,0.8340208230911248,3.4252803802490233,0.48246173858642577,,78848
4870,159580160,0.8332636501254091,3.420889663696289,0.4784542560577393,,78851
4880,159907840,0.8325051465398888,3.4572017669677733,0.4976929187774658,,78830
4890,160235520,0.8317453158976044,3.46929931640625,0.48847389221191406,,78858
4900,160563200,0.8309841617678299,3.370458984375,0.47720017433166506,,78896
4910,160890880,0.8302216877260572,3.4247409820556642,0.4836477756500244,,78852
4920,161218560,0.829457897353978,3.431162643432617,0.4948232173919678,,78871
4930,161546240,0.8286927942394671,3.4009864807128904,0.49898490905761717,,78861
4940,161873920,0.8279263819765664,3.457122802734375,0.49580841064453124,,78864
4950,162201600,0.827158664165467,3.410797882080078,0.4827944278717041,,78859
4960,162529280,0.8263896444124933,3.4152801513671873,0.4837047100067139,,78874
4970,162856960,0.825619326330085,3.379434585571289,0.4993623733520508,,78855
4980,163184640,0.8248477135367809,3.417523956298828,0.4917661190032959,,78856
4990,163512320,0.8240748096572016,3.380402374267578,0.493853235244751,,78852
5000,163840000,0.8233006183220325,3.3766147613525392,0.4881871223449707,,78855
5010,164167680,0.8225251431680068,3.436581039428711,0.4809471607208252,,78871
5020,164495360,0.8217483878378885,3.3557483673095705,0.4820305347442627,,78867
5030,164823040,0.8209703559804551,3.4205463409423826,0.4881465435028076,,78884
5040,165150720,0.8201910512504803,3.458704376220703,0.49462289810180665,,78872
5050,165478400,0.8194104773087175,3.4679630279541014,0.4956053256988525,,78862
5060,165806080,0.8186286378218818,3.402560806274414,0.4972671985626221,,78846
5070,166133760,0.8178455364626335,3.3870498657226564,0.48978867530822756,,78874
5080,166461440,0.8170611769095599,3.335574722290039,0.5079591274261475,,78849
5090,166789120,0.8162755628471595,3.321717071533203,0.4968911647796631,,78860
5100,167116800,0.815488697965823,3.392788314819336,0.4897007942199707,,78855
5110,167444480,0.8147005859618172,3.4638423919677734,0.5037205219268799,,78852
5120,167772160,0.813911230537267,3.3646446228027345,0.47792625427246094,,78834
5130,168099840,0.8131206354001385,3.4517635345458983,0.5018088340759277,,78865
5140,168427520,0.8123288042642208,3.346933364868164,0.4890388011932373,,78861
5150,168755200,0.8115357408491098,3.3988521575927733,0.4935299873352051,,78883
5160,169082880,0.8107414488801894,3.4272834777832033,0.4959869384765625,,78848
5170,169410560,0.8099459320886147,3.438742446899414,0.4871790409088135,,78853
5180,169738240,0.8091491942112942,3.4370143890380858,0.49345550537109373,,78842
5190,170065920,0.8083512389908728,3.3899131774902345,0.5000189304351806,,78827
5200,170393600,0.8075520701757136,3.454666519165039,0.48433380126953124,,78849
5210,170721280,0.8067516915198807,3.437871551513672,0.487229061126709,,78835
5220,171048960,0.8059501067831211,3.423797607421875,0.49204483032226565,,78884
5230,171376640,0.8051473197308472,3.3827739715576173,0.49512438774108886,,78833
5240,171704320,0.8043433341341197,3.3887863159179688,0.49117469787597656,,78855
5250,172032000,0.8035381537696291,3.4516387939453126,0.4930356502532959,,78867
5260,172359680,0.8027317824196785,3.449534225463867,0.48887009620666505,,78859
5270,172687360,0.8019242238721653,3.405191421508789,0.4935737609863281,,78844
5280,173015040,0.8011154819205639,3.3745548248291017,0.4770303726196289,,78849
5290,173342720,0.8003055603639075,3.408308410644531,0.4934272289276123,,78860
5300,173670400,0.799494463006771,3.411559295654297,0.48830928802490237,,78863
5310,173998080,0.7986821936592519,3.443320465087891,0.48942999839782714,,78762
5320,174325760,0.7978687561369534,3.4291431427001955,0.4956820964813232,,78880
5330,174653440,0.7970541542609662,3.4012245178222655,0.4805607795715332,,78838
5340,174981120,0.7962383918578503,3.379308319091797,0.4790318012237549,,78855
5350,175308800,0.7954214727596175,3.474948501586914,0.5134176254272461,,78846
5360,175636480,0.794603400803713,3.3779083251953126,0.4915717601776123,,78849
5370,175964160,0.7937841798329972,3.3514652252197266,0.48503403663635253,,78843
5380,176291840,0.7929638136957288,3.353099822998047,0.4962031364440918,,78865
5390,176619520,0.7921423062455447,3.4288402557373048,0.4988382816314697,,78839
5400,176947200,0.791319661341444,3.3724693298339843,0.49398603439331057,,78858
5410,177274880,0.7904958828477688,3.4445568084716798,0.507502269744873,,78838
5420,177602560,0.7896709746341858,3.3740890502929686,0.480902099609375,,78870
5430,177930240,0.7888449405756687,3.3705169677734377,0.49416289329528806,,78863
5440,178257920,0.78801778455248,3.394971466064453,0.49968876838684084,,78884
5450,178585600,0.7871895104501523,3.3601753234863283,0.49552550315856936,,78851
5460,178913280,0.7863601221594704,3.3677696228027343,0.48254971504211425,,78865
5470,179240960,0.7855296235764533,3.382720184326172,0.4960029602050781,,78857
5480,179568640,0.7846980186023351,3.426931381225586,0.4826347827911377,,78864
5490,179896320,0.7838653111435474,3.3484237670898436,0.5075554370880127,,78869
5500,180224000,0.7830315051117006,3.3543628692626952,0.494980001449585,,78847
5510,180551680,0.7821966044235655,3.3795181274414063,0.4932734966278076,,78848
5520,180879360,0.7813606130010551,3.4365333557128905,0.49330792427062986,,78840
5530,181207040,0.7805235347712062,3.4477203369140623,0.49166312217712405,,78856
5540,181534720,0.7796853736661605,3.4182071685791016,0.504046630859375,,78840
5550,181862400,0.7788461336231468,3.365312194824219,0.4927541255950928,,78848
5560,182190080,0.7780058185844622,3.3694923400878904,0.5021002769470215,,78868
5570,182517760,0.777164432497453,3.3299640655517577,0.5005582809448242,,78878
5580,182845440,0.7763219793144973,3.44720573425293,0.50454683303833,,78851
5590,183173120,0.7754784629929858,3.337480163574219,0.48969831466674807,,78875
5600,183500800,0.7746338874953032,3.3508201599121095,0.48502960205078127,,78861
5610,183828480,0.773788256788809,3.3843109130859377,0.491514778137207,,78865
5620,184156160,0.7729415748458205,3.3773231506347656,0.4856619358062744,,78850
5630,184483840,0.7720938456435924,3.399237060546875,0.49429874420166015,,78869
5640,184811520,0.7712450731642992,3.305295944213867,0.49032139778137207,,78847
5650,185139200,0.7703952613950162,3.4168769836425783,0.5078004837036133,,78874
5660,185466880,0.7695444143277006,3.350363922119141,0.5284953594207764,,78850
5670,185794560,0.7686925359591726,3.363115692138672,0.5094916343688964,,78856
5680,186122240,0.7678396302910978,3.419179916381836,0.5093702793121337,,78850
5690,186449920,0.7669857013299661,3.420363998413086,0.5076432228088379,,78857
5700,186777600,0.7661307530870757,3.4454959869384765,0.4966563701629639,,78841
5710,187105280,0.7652747895785117,3.3289043426513674,0.4862664222717285,,78853
5720,187432960,0.7644178148251293,3.2705657958984373,0.4831676006317139,,78836
5730,187760640,0.7635598328525331,3.4001808166503906,0.49515438079833984,,78849
5740,188088320,0.76270084769106,3.3661800384521485,0.48890061378479005,,78854
5750,188416000,0.7618408633757584,3.393519973754883,0.48872671127319334,,78827
5760,188743680,0.760979883946371,3.415424346923828,0.5114108562469483,,78881
5770,189071360,0.7601179134473144,3.390833282470703,0.5236650466918945,,78861
5780,189399040,0.7592549559276612,3.389787292480469,0.4929957389831543,,78871
5790,189726720,0.7583910154411201,3.448811721801758,0.4996787071228027,,78846
5800,190054400,0.7575260960460173,3.4184734344482424,0.4923556804656982,,78859
5810,190382080,0.7566602018052777,3.4128047943115236,0.5030989646911621,,78897
5820,190709760,0.7557933367864051,3.4240695953369142,0.4955132961273193,,78879
5830,191037440,0.7549255050614639,3.3668743133544923,0.49741015434265134,,78885
5840,191365120,0.7540567107070592,3.37023811340332,0.49262347221374514,,78855
5850,191692800,0.753186957804318,3.3641204833984375,0.4981838226318359,,78885
5860,192020480,0.7523162504388706,3.3917747497558595,0.5013269424438477,,78875
5870,192348160,0.7514445927008302,3.4241024017333985,0.4973773002624512,,78874
5880,192675840,0.7505719886847744,3.278491973876953,0.5123547077178955,,78872
5890,193003520,0.7496984424897264,3.3845943450927733,0.4995398044586182,,78879
5900,193331200,0.7488239582191348,3.3465808868408202,0.5003873825073242,,78869
5910,193658880,0.7479485399808549,3.374420166015625,0.49744234085083006,,78859
5920,193986560,0.7470721918871295,3.3217391967773438,0.4883768558502197,,78881
5930,194314240,0.7461949180545687,3.3394390106201173,0.4887197971343994,,78875
5940,194641920,0.745316722604132,3.367165756225586,0.48783130645751954,,78871
5950,194969600,0.744437609661108,3.4057373046875,0.508528757095337,,78828
5960,195297280,0.7435575833550946,3.319424057006836,0.5044631004333496,,78892
5970,195624960,0.7426766478199808,3.466405487060547,0.5041762828826905,,78854
5980,195952640,0.7417948071939264,3.3613162994384767,0.5051897048950196,,78859
5990,196280320,0.7409120656193431,3.3012195587158204,0.4960902214050293,,78849
6000,196608000,0.7400284272428742,3.3175212860107424,0.5000378608703613,,78847
6010,196935680,0.7391438962153765,3.3581588745117186,0.4877292633056641,,78837
6020,197263360,0.7382584766918991,3.3642013549804686,0.49841017723083497,,78844
6030,197591040,0.7373721728316657,3.354595184326172,0.4921265602111816,,78826
6040,197918720,0.7364849887980534,3.407991409301758,0.5094026565551758,,78840
6050,198246400,0.7355969287585742,3.396269989013672,0.5018853187561035,,78844
6060,198574080,0.7347079968848549,3.3952831268310546,0.5059900283813477,,78851
6070,198901760,0.733818197352618,3.316990280151367,0.49028873443603516,,78843
6080,199229440,0.7329275343416618,3.2652233123779295,0.4879796504974365,,78856
6090,199557120,0.7320360120358402,3.3570465087890624,0.5010259628295899,,78861
6100,199884800,0.7311436346230444,3.329160690307617,0.4897935390472412,,78865
6110,200212480,0.7302504062951819,3.409127044677734,0.5016461372375488,,78851
6120,200540160,0.7293563312481574,3.321077346801758,0.49885334968566897,,78855
6130,200867840,0.7284614136818531,3.3414703369140626,0.4996290683746338,,78854
6140,201195520,0.7275656578001092,3.271997833251953,0.49390406608581544,,78849
6150,201523200,0.7266690678107032,3.3459617614746096,0.5052883625030518,,78879
6160,201850880,0.7257716479253312,3.334142303466797,0.49282083511352537,,78862
6170,202178560,0.7248734023595879,3.299385833740234,0.49332623481750487,,78890
6180,202506240,0.7239743353329462,3.338009262084961,0.5008347511291504,,78851
6190,202833920,0.7230744510687378,3.3962547302246096,0.4958487510681152,,78860
6200,203161600,0.7221737537941337,3.3503528594970704,0.5008131504058838,,78858
6210,203489280,0.7212722477401238,3.364507293701172,0.4883098602294922,,78851
6220,203816960,0.7203699371414969,3.4065219879150392,0.4966150760650635,,78852
6230,204144640,0.7194668262368217,3.335929107666016,0.48862667083740235,,78852
6240,204472320,0.7185629192684256,3.3516925811767577,0.4967809677124023,,78853
6250,204800000,0.7176582204823762,3.308388519287109,0.4830353260040283,,78857
6260,205127680,0.7167527341284602,3.306686782836914,0.49465336799621584,,78856
6270,205455360,0.715846464460164,3.3543136596679686,0.4972032070159912,,78848
6280,205783040,0.7149394157346535,3.330617141723633,0.4968268871307373,,78863
6290,206110720,0.7140315922127544,3.345382308959961,0.5069642543792725,,78877
6300,206438400,0.7131229981589317,3.3537220001220702,0.5013554096221924,,78845
6310,206766080,0.7122136378412699,3.30285530090332,0.5059744358062744,,78855
6320,207093760,0.7113035155314535,3.3466720581054688,0.5027359962463379,,78854
6330,207421440,0.710392635504746,3.3793872833251952,0.5043123245239258,,78882
6340,207749120,0.70948100203997,3.362997055053711,0.5024309635162354,,78870
6350,208076800,0.7085686194194882,3.3892837524414063,0.5006304264068604,,78883
6360,208404480,0.7076554919291816,3.336142730712891,0.5036205291748047,,78883
6370,208732160,0.7067416238584305,3.32995719909668,0.499810791015625,,78867
6380,209059840,0.7058270195000943,3.3904678344726564,0.48995375633239746,,78888
6390,209387520,0.7049116831504906,3.3712337493896483,0.5117893695831299,,78856
6400,209715200,0.7039956191093758,3.404688262939453,0.5073496341705322,,78856
6410,210042880,0.7030788316799246,3.393994140625,0.5061508178710937,,78865
6420,210370560,0.7021613251687095,3.364361572265625,0.5188482761383056,,78873
6430,210698240,0.7012431038856815,3.4230270385742188,0.5064702033996582,,78860
6440,211025920,0.7003241721441484,3.3279937744140624,0.5040324687957763,,78864
6450,211353600,0.699404534260756,3.3590980529785157,0.5019782066345215,,78830
6460,211681280,0.6984841945554667,3.316935729980469,0.5341939926147461,,78860
6470,212008960,0.6975631573515402,3.2760677337646484,0.4862332344055176,,78865
6480,212336640,0.6966414269755121,3.342882537841797,0.49204535484313966,,78883
6490,212664320,0.6957190077571747,3.3486560821533202,0.5010335445404053,,78856
6500,212992000,0.6947959040295556,3.25699462890625,0.503838062286377,,78864
6510,213319680,0.693872120128898,3.3639686584472654,0.4987655162811279,,78848
6520,213647360,0.6929476603946405,3.3569835662841796,0.521739149093628,,78842
6530,213975040,0.6920225291693962,3.3308395385742187,0.5027578830718994,,78831
6540,214302720,0.6910967307989323,3.267372894287109,0.4975584506988525,,78885
6550,214630400,0.6901702696321502,3.3002094268798827,0.5122633457183838,,78865
6560,214958080,0.6892431500210646,3.3408229827880858,0.5078656196594238,,78895
6570,215285760,0.6883153763207832,3.4311119079589845,0.5166145324707031,,78841
6580,215613440,0.6873869528894864,3.315062713623047,0.5067312240600585,,78836
6590,215941120,0.6864578840884065,3.366654968261719,0.507532787322998,,78844
6600,216268800,0.6855281742818073,3.318783187866211,0.5032748222351074,,78864
6610,216596480,0.6845978278369642,3.328574371337891,0.5008374691009522,,78862
6620,216924160,0.683666849124143,3.3998626708984374,0.4972833633422852,,78874
6630,217251840,0.6827352425165789,3.331424331665039,0.5085786819458008,,78854
6640,217579520,0.6818030123904574,3.367300033569336,0.5144514560699462,,78879
6650,217907200,0.6808701631248927,3.328817367553711,0.507723331451416,,78883
6660,218234880,0.6799366991019075,3.3435390472412108,0.5444232940673828,,78878
6670,218562560,0.6790026247064119,3.36942138671875,0.5363487720489502,,78878
6680,218890240,0.6780679443261837,3.3120262145996096,0.5072467803955079,,78883
6690,219217920,0.6771326623518468,3.340740966796875,0.5338613986968994,,78861
6700,219545600,0.6761967831768516,3.321060562133789,0.5005769729614258,,78854
6710,219873280,0.6752603111974533,3.3185081481933594,0.5072392463684082,,78855
6720,220200960,0.6743232508126922,3.370107650756836,0.5101486682891846,,78897
6730,220528640,0.6733856064243724,3.3625251770019533,0.5228350639343262,,78896
6740,220856320,0.6724473824370414,3.2412109375,0.49172134399414064,,78865
6750,221184000,0.6715085832579691,3.303213119506836,0.5004124641418457,,78881
6760,221511680,0.6705692132971278,3.3135616302490236,0.5047242164611816,,78871
6770,221839360,0.6696292769671708,3.2437416076660157,0.5099099636077881,,78888
6780,222167040,0.6686887786834115,3.3336048126220703,0.5119248390197754,,78870
6790,222494720,0.6677477228638038,3.33740119934082,0.513551902770996,,78857
6800,222822400,0.6668061139289202,3.298427963256836,0.50138258934021,,78864
6810,223150080,0.6658639563019313,3.3335227966308594,0.5112447261810302,,78853
6820,223477760,0.6649212544085855,3.3473041534423826,0.5091246128082275,,78830
6830,223805440,0.6639780126771876,3.2129047393798826,0.5175296783447265,,78802
6840,224133120,0.6630342355385784,3.3109153747558593,0.4991477012634277,,78833
6850,224460800,0.6620899274261136,3.2982666015625,0.5050819396972657,,78833
6860,224788480,0.6611450927756435,3.3288360595703126,0.5057006359100342,,78805
6870,225116160,0.6601997360254913,3.3243064880371094,0.517780351638794,,78867
6880,225443840,0.659253861616433,3.266819381713867,0.49945616722106934,,78838
6890,225771520,0.6583074739916764,3.285612106323242,0.5102132797241211,,78805
6900,226099200,0.65736057759684,3.3198753356933595,0.5066824436187745,,78902
6910,226426880,0.656413176879932,3.3722747802734374,0.5062841892242431,,78859
6920,226754560,0.65546527629133,3.381083679199219,0.5065219402313232,,78860
6930,227082240,0.6545168802837597,3.3290889739990233,0.5297625541687012,,78837
6940,227409920,0.6535679933122733,3.335675048828125,0.5168631553649903,,78843
6950,227737600,0.6526186198342305,3.2943859100341797,0.5042842864990235,,78859
6960,228065280,0.6516687643092755,3.3619213104248047,0.5091794013977051,,78839
6970,228392960,0.6507184311993169,3.338460922241211,0.5086831092834473,,78846
6980,228720640,0.6497676249685073,3.288814926147461,0.5158536911010743,,78848
6990,229048320,0.648816350083221,3.3024246215820314,0.5095784664154053,,78854
7000,229376000,0.6478646110120344,3.2865627288818358,0.5106370449066162,,78827
7010,229703680,0.6469124122257043,3.285073471069336,0.5031944274902344,,78825
7020,230031360,0.6459597581971467,3.298574447631836,0.503933334350586,,78866
7030,230359040,0.6450066534014163,3.2152198791503905,0.4940341949462891,,78876
7040,230686720,0.6440531023156852,3.310483932495117,0.5171029090881347,,78852
7050,231014400,0.643099109419222,3.297291564941406,0.5181244373321533,,78849
7060,231342080,0.6421446791933706,3.2758304595947267,0.5130081653594971,,78833
7070,231669760,0.6411898161215294,3.2911548614501953,0.4931610107421875,,78872
7080,231997440,0.6402345246891296,3.275798797607422,0.567534351348877,,78842
7090,232325120,0.6392788093836153,3.269815444946289,0.5408744812011719,,78856
7100,232652800,0.6383226746944214,3.2442115783691405,0.7245222091674804,,78873
7110,232980480,0.6373661251129528,3.232075881958008,0.5368804454803466,,78867
7120,233308160,0.6364091651325631,3.232387161254883,0.5193491458892823,,78853
7130,233635840,0.6354517992485343,3.3464256286621095,0.5381361484527588,,78860
7140,233963520,0.6344940319580545,3.2996192932128907,0.5112366676330566,,78865
7150,234291200,0.6335358677601981,3.3102062225341795,0.518793249130249,,78849
7160,234618880,0.6325773111559034,3.3031158447265625,0.5214977264404297,,78869
7170,234946560,0.631618366647952,3.2899826049804686,0.5116383552551269,,78843
7180,235274240,0.6306590387409481,3.2816848754882812,0.5136889934539794,,78857
7190,235601920,0.6296993319412965,3.2964935302734375,0.5072611331939697,,78852
7200,235929600,0.6287392507571821,3.328479766845703,0.4991706371307373,,78853
7210,236257280,0.627778799698548,3.2648223876953124,0.513223123550415,,78845
7220,236584960,0.6268179832770756,3.288808822631836,0.5076576709747315,,78843
7230,236912640,0.6258568060061616,3.2599124908447266,0.5114505767822266,,78835
7240,237240320,0.6248952724008985,3.2933597564697266,0.5023068904876709,,78854
7250,237568000,0.6239333869780525,3.299456024169922,0.5175343036651612,,78865
7260,237895680,0.6229711542560421,3.264682388305664,0.5090171813964843,,78867
7270,238223360,0.6220085787549176,3.272255706787109,0.5085375308990479,,78866
7280,238551040,0.6210456649963396,3.2152069091796873,0.5035689830780029,,78848
7290,238878720,0.6200824175035572,3.2709617614746094,0.5045509815216065,,78853
7300,239206400,0.6191188408013876,3.312705230712891,0.5107138633728028,,78836
7310,239534080,0.618154939416194,3.2419418334960937,0.5100713729858398,,78867
7320,239861760,0.6171907178758654,3.256376266479492,0.5044384956359863,,78832
7330,240189440,0.6162261807097943,3.3074134826660155,0.5169326782226562,,78883
7340,240517120,0.615261332448856,3.303857421875,0.5080356121063232,,78903
7350,240844800,0.6142961776253867,3.2705493927001954,0.5119486808776855,,78845
7360,241172480,0.6133307207731634,3.276180648803711,0.5221198081970215,,78860
7370,241500160,0.6123649664273816,3.2680416107177734,0.5109896183013916,,78848
7380,241827840,0.6113989191246338,3.2671482086181642,0.5175687313079834,,78864
7390,242155520,0.6104325834028894,3.2676334381103516,0.5041901111602783,,78845
7400,242483200,0.6094659638014722,3.305867385864258,0.5076933383941651,,78862
7410,242810880,0.6084990648610393,3.266534423828125,0.5061806201934814,,78828
7420,243138560,0.6075318911235607,3.3569129943847655,0.5259806632995605,,78852
7430,243466240,0.6065644471322965,3.327525329589844,0.5313106536865234,,78845
7440,243793920,0.6055967374317768,3.3533393859863283,0.5128066539764404,,78854
7450,244121600,0.6046287665677795,3.299118423461914,0.5223366260528565,,78864
7460,244449280,0.6036605390873098,3.2772396087646483,0.5115237712860108,,78846
7470,244776960,0.6026920595385779,3.2781387329101563,0.5253798961639404,,78847
7480,245104640,0.6017233324709779,3.2784751892089843,0.508449935913086,,78876
7490,245432320,0.6007543624350674,3.2118255615234377,0.5141257762908935,,78824
7500,245760000,0.5997851539825445,3.2012203216552733,0.5128747940063476,,78847
7510,246087680,0.5988157116662278,3.228407287597656,0.5173200607299805,,78839
7520,246415360,0.5978460400400343,3.2306449890136717,0.5203213691711426,,78876
7530,246743040,0.5968761436589581,3.2553924560546874,0.5267899513244629,,78862
7540,247070720,0.595906027079049,3.312081146240234,0.528471040725708,,78857
7550,247398400,0.5949356948573915,3.2463333129882814,0.5250862121582032,,78856
7560,247726080,0.593965151552083,3.271458053588867,0.5161044120788574,,78861
7570,248053760,0.5929944017222119,3.208596420288086,0.500606632232666,,78857
7580,248381440,0.5920234499278374,3.305289077758789,0.5122978687286377,,78837
7590,248709120,0.5910523007299672,3.2634254455566407,0.5135580062866211,,78824
7600,249036800,0.5900809586905363,3.3069591522216797,0.5117523670196533,,78835
7610,249364480,0.5891094283723856,3.2850147247314454,0.5044262886047364,,78774
7620,249692160,0.5881377143392402,3.318665313720703,0.5200167655944824,,78855
7630,250019840,0.5871658211556886,3.352069091796875,0.5212790012359619,,78845
7640,250347520,0.5861937533871606,3.2336219787597655,0.5097433090209961,,78857
7650,250675200,0.585221515599906,3.284354019165039,0.521798038482666,,78845
7660,251002880,0.5842491123609734,3.2131580352783202,0.5100418567657471,,78863
7670,251330560,0.5832765482381888,3.3087486267089843,0.5160934925079346,,78871
7680,251658240,0.5823038278001335,3.275290298461914,0.5246558666229248,,78852
7690,251985920,0.5813309556161232,3.2433006286621096,0.5052996635437011,,78860
7700,252313600,0.5803579362561871,3.2731746673583983,0.5086842536926269,,78897
7710,252641280,0.5793847742910447,3.3107715606689454,0.5190664291381836,,78848
7720,252968960,0.5784114742920861,3.275770568847656,0.5212662220001221,,78856
7730,253296640,0.5774380408313496,3.1907848358154296,0.5155863761901855,,78846
7740,253624320,0.5764644784815004,3.2412376403808594,0.5169342041015625,,78871
7750,253952000,0.575490791815809,3.3099132537841798,0.5130352973937988,,78832
7760,254279680,0.5745169854081302,3.2846401214599608,0.5070464134216308,,78840
7770,254607360,0.5735430638328811,3.2143550872802735,0.5165438175201416,,78843
7780,254935040,0.5725690316650198,3.240900421142578,0.5149461269378662,,78840
7790,255262720,0.571594893480024,3.2629295349121095,0.5174911022186279,,78831
7800,255590400,0.5706206538538694,3.2853294372558595,0.524524450302124,,78827
7810,255918080,0.5696463173630077,3.3009971618652343,0.527467918395996,,78813
7820,256245760,0.5686718885843468,3.285091018676758,0.5128617286682129,,78852
7830,256573440,0.5676973720952269,3.2629695892333985,0.5452613353729248,,78838
7840,256901120,0.5667227724734006,3.2675941467285154,0.5267504692077637,,78852
7850,257228800,0.5657480942970116,3.300202560424805,0.5254505634307861,,78829
7860,257556480,0.5647733421445715,3.274755859375,0.5107009887695313,,78826
7870,257884160,0.5637985205949405,3.28851203918457,0.5110827445983886,,78820
7880,258211840,0.5628236342273044,3.2855091094970703,0.5131936073303223,,78833
7890,258539520,0.5618486876211529,3.2800216674804688,0.510627031326294,,78840
7900,258867200,0.5608736853562596,3.2773792266845705,0.5135795116424561,,78820
7910,259194880,0.5598986320126588,3.2623779296875,0.508327865600586,,78841
7920,259522560,0.5589235321706254,3.160512924194336,0.5096581935882568,,78856
7930,259850240,0.557948390410652,3.2716373443603515,0.5291902542114257,,78865
7940,260177920,0.5569732113134289,3.2586318969726564,0.5229396820068359,,78862
7950,260505600,0.5559979994598211,3.240261459350586,0.5201397895812988,,78854
7960,260833280,0.5550227594308477,3.3258934020996094,0.5211414813995361,,78838
7970,261160960,0.5540474958076603,3.198430633544922,0.5049245834350586,,78860
7980,261488640,0.5530722131715214,3.252634811401367,0.5125412940979004,,78850
7990,261816320,0.5520969161037825,3.248992156982422,0.5143527984619141,,78869
8000,262144000,0.551121609185863,3.292181396484375,0.5153395175933838,,78850
8010,262471680,0.5501462969992287,3.1939603805541994,0.5082754135131836,,78874
8020,262799360,0.5491709841253699,3.205337142944336,0.5124096870422363,,78856
8030,263127040,0.5481956751457805,3.246163558959961,0.5207692623138428,,78870
8040,263454720,0.5472203746419358,3.2543254852294923,0.5184092998504639,,78865
8050,263782400,0.5462450871952715,3.1981796264648437,0.516523027420044,,78855
8060,264110080,0.5452698173871616,3.2005680084228514,0.5236096382141113,,78896
8070,264437760,0.5442945697988978,3.264495849609375,0.5164087295532227,,78879
8080,264765440,0.5433193490116667,3.266359329223633,0.5117902278900146,,78891
8090,265093120,0.5423441596065299,3.242482376098633,0.532590389251709,,78876
8100,265420800,0.5413690061644008,3.247228240966797,0.530783224105835,,78875
8110,265748480,0.5403938932660243,3.237275314331055,0.5297770500183105,,78857
8120,266076160,0.5394188254919544,3.2761940002441405,0.5122056007385254,,78884
8130,266403840,0.538443807422534,3.229340362548828,0.5181380271911621,,78876
8140,266731520,0.5374688436378715,3.234615707397461,0.5173881530761719,,78868
8150,267059200,0.5364939387178209,3.277517318725586,0.5117687702178955,,78847
8160,267386880,0.5355190972419597,3.163558769226074,0.5194461822509766,,78882
8170,267714560,0.5345443237895667,3.285232925415039,0.5166491508483887,,78831
8180,268042240,0.5335696229396024,3.2501293182373048,0.5251621723175048,,78865
8190,268369920,0.532594999270685,3.2628822326660156,0.5254769325256348,,78860
8200,268697600,0.5316204573610711,3.3104248046875,0.5300112247467041,,78882
8210,269025280,0.5306460017886323,3.2492584228515624,0.5142537117004394,,78878
8220,269352960,0.5296716371308356,3.270543670654297,0.5135100364685059,,78851
8230,269680640,0.5286973679647203,3.2225040435791015,0.5293148994445801,,78868
8240,270008320,0.5277231988668772,3.241653060913086,0.5266214370727539,,78843
8250,270336000,0.5267491344134275,3.2213516235351562,0.5252746105194092,,78867
8260,270663680,0.5257751791799999,3.278759765625,0.5322500228881836,,78837
8270,270991360,0.5248013377417113,3.23580322265625,0.5225847244262696,,78847
8280,271319040,0.523827614673143,3.181832695007324,0.5224099159240723,,78833
8290,271646720,0.5228540145483207,3.208123779296875,0.5298056602478027,,78873
8300,271974400,0.5218805419406926,3.283991241455078,0.5196749210357666,,78832
8310,272302080,0.5209072014231075,3.1996301651000976,0.5187986373901368,,78865
8320,272629760,0.5199339975677946,3.2745639801025392,0.5227904796600342,,78836
8330,272957440,0.51896093494634,3.274530029296875,0.5341888904571533,,78851
8340,273285120,0.5179880181296672,3.2952190399169923,0.5345350742340088,,78844
8350,273612800,0.5170152516880143,3.156437301635742,0.5195125579833985,,78872
8360,273940480,0.5160426401909136,3.236724853515625,0.5180920124053955,,78831
8370,274268160,0.5150701882071689,3.2688114166259767,0.5196220397949218,,78859
8380,274595840,0.514097900304835,3.2546340942382814,0.528938102722168,,78851
8390,274923520,0.5131257810511961,3.2821426391601562,0.5568560123443603,,78853
8400,275251200,0.5121538350127436,3.2358543395996096,0.5191507339477539,,78827
8410,275578880,0.511182066755156,3.154305648803711,0.5105913639068603,,78848
8420,275906560,0.510210480843276,3.242448425292969,0.5115758419036865,,78830
8430,276234240,0.5092390818410902,3.222464752197266,0.5269123077392578,,78871
8440,276561920,0.508267874311707,3.2139530181884766,0.5332586288452148,,78847
8450,276889600,0.5072968628173354,3.2826255798339843,0.5280386924743652,,78842
8460,277217280,0.5063260519192636,3.2325321197509767,0.5331238746643067,,78829
8470,277544960,0.5053554461778373,3.251203918457031,0.5266237735748291,,78845
8480,277872640,0.5043850501524388,3.195721244812012,0.5138638019561768,,78812
8490,278200320,0.5034148684014648,3.2562915802001955,0.5450828075408936,,78826
8500,278528000,0.502444905482306,3.2291488647460938,0.5368997573852539,,78849
8510,278855680,0.5014751659513248,3.215285873413086,0.532576608657837,,78846
8520,279183360,0.5005056543638344,3.204004669189453,0.5298469543457032,,78848
8530,279511040,0.499536375274077,3.240970993041992,0.5324091911315918,,78866
8540,279838720,0.4985673332352031,3.1872676849365233,0.5291888236999511,,78858
8550,280166400,0.49759853279924915,3.2220623016357424,0.5286972999572754,,78896
8560,280494080,0.4966299785171171,3.2269313812255858,0.5314063549041748,,78883
8570,280821760,0.4956616749385523,3.1992589950561525,0.5335568904876709,,78841
8580,281149440,0.49469362661212246,3.2793846130371094,0.5273296356201171,,78839
8590,281477120,0.49372583808519666,3.2842906951904296,0.5165466785430908,,78844
8600,281804800,0.4927583139039229,3.2343334197998046,0.5251527309417725,,78856
8610,282132480,0.49179105861320815,3.201584243774414,0.5257157802581787,,78849
8620,282460160,0.4908240767566955,3.252020263671875,0.5381064891815186,,78875
8630,282787840,0.48985737287674447,3.223025894165039,0.5311583042144775,,78856
8640,283115520,0.4888909515144081,3.2449207305908203,0.5341609954833985,,78864
8650,283443200,0.4879248172094126,3.208706283569336,0.5412190914154053,,78872
8660,283770880,0.4869589745001358,3.265790557861328,0.5496789455413819,,78868
8670,284098560,0.48599342792358535,3.2346271514892577,0.5390005111694336,,78854
8680,284426240,0.48502818201537845,3.2152462005615234,0.5218443870544434,,78869
8690,284753920,0.48406324130971956,3.213471221923828,0.5296449184417724,,78859
8700,285081600,0.4830986103393794,3.211751937866211,0.5192123413085937,,78875
8710,285409280,0.4821342936356737,3.26812858581543,0.5319123268127441,,78853
8720,285736960,0.4811702957284427,3.2628387451171874,0.5345378398895264,,78870
8730,286064640,0.48020662114602786,3.2069488525390626,0.5302660942077637,,78848
8740,286392320,0.4792432744152527,3.247709274291992,0.5436880588531494,,78871
8750,286720000,0.47828026006140056,3.2489959716796877,0.5297853469848632,,78843
8760,287047680,0.477317582608193,3.159914016723633,0.5179474353790283,,78894
8770,287375360,0.4763552465777695,3.230735015869141,0.5241781234741211,,78847
8780,287703040,0.47539325649066544,3.1711626052856445,0.5330956459045411,,78871
8790,288030720,0.4744316168657915,3.217549133300781,0.5433477878570556,,78848
8800,288358400,0.47347033222041146,3.2061920166015625,0.5459715843200683,,78852
8810,288686080,0.47250940707012234,3.2031391143798826,0.5311366081237793,,78855
8820,289013760,0.47154884592883173,3.175130081176758,0.5310785293579101,,78871
8830,289341440,0.4705886533087379,3.2502986907958986,0.5356480598449707,,78866
8840,289669120,0.4696288337203076,3.1836891174316406,0.5280586242675781,,78876
8850,289996800,0.4686693916722554,3.1956058502197267,0.5258373260498047,,78882
8860,290324480,0.46771033167152265,3.1888036727905273,0.5293025016784668,,78890
8870,290652160,0.4667516582232554,3.258036804199219,0.5242272853851319,,78856
8880,290979840,0.46579337583078473,3.2022777557373048,0.5171881675720215,,78881
8890,291307520,0.4648354889956039,3.238308334350586,0.5401393890380859,,78848
8900,291635200,0.4638780022173489,3.1855663299560546,0.5220348834991455,,78873
8910,291962880,0.4629209199937757,3.2099464416503904,0.5354808807373047,,78853
8920,292290560,0.46196424682074044,3.2086719512939452,0.5330025672912597,,78856
8930,292618240,0.4610079871921775,3.153564453125,0.53018159866333,,78865
8940,292945920,0.4600521456000787,3.206493377685547,0.5476186752319336,,78873
8950,293273600,0.4590967265344721,3.233232116699219,0.5269381046295166,,78873
8960,293601280,0.4581417344834009,3.1610530853271483,0.5302830696105957,,78900
8970,293928960,0.45718717393290287,3.1969173431396483,0.5371601104736328,,78859
8980,294256640,0.45623304936698816,3.196019744873047,0.530260419845581,,78869
8990,294584320,0.4552793652676195,3.195827865600586,0.5358053207397461,,78885
9000,294912000,0.4543261261146899,3.2028202056884765,0.5215059757232666,,78884
9010,295239680,0.45337333638600297,3.2675701141357423,0.5392757415771484,,78770
9020,295567360,0.45242100055725065,3.2570690155029296,0.5429716110229492,,78854
9030,295895040,0.45146912310199294,3.251827621459961,0.5391288757324219,,78856
9040,296222720,0.4505177084916365,3.2232189178466797,0.5434152603149414,,78837
9050,296550400,0.44956676119541383,3.2825290679931642,0.545543909072876,,78896
9060,296878080,0.4486162856803626,3.2338397979736326,0.5395055770874023,,78866
9070,297205760,0.44766628641130346,3.1827518463134767,0.5395515441894532,,78883
9080,297533440,0.4467167678508208,3.1576618194580077,0.5280241012573242,,78875
9090,297861120,0.44576773445924056,3.2036266326904297,0.5282548427581787,,78885
9100,298188800,0.4448191906946096,3.2610260009765626,0.5337560176849365,,78866
9110,298516480,0.44387114101267466,3.181584930419922,0.5213500022888183,,78897
9120,298844160,0.44292358986686153,3.169697570800781,0.528400468826294,,78863
9130,299171840,0.4419765417082546,3.1760513305664064,0.5354297637939454,,78889
9140,299499520,0.4410300009855749,3.18002872467041,0.5255514144897461,,78858
9150,299827200,0.4400839721451604,3.1718608856201174,0.5375072956085205,,78869
9160,300154880,0.43913845963094367,3.2219158172607423,0.5291562557220459,,78892
9170,300482560,0.4381934678844329,3.197004508972168,0.5360252380371093,,78903
9180,300810240,0.43724900134468936,3.2139846801757814,0.5398602962493897,,78889
9190,301137920,0.4363050644483073,3.2044979095458985,0.5336349964141845,,78910
9200,301465600,0.4353616616293928,3.2800365447998048,0.5357905387878418,,78879
9210,301793280,0.4344187973195436,3.2666316986083985,0.5421516418457031,,78852
9220,302120960,0.43347647594782734,3.167796516418457,0.5281764507293701,,78838
9230,302448640,0.4325347019407614,3.2589736938476563,0.5223937034606934,,78853
9240,302776320,0.43159347972229234,3.209201431274414,0.5255435466766357,,78863
9250,303104000,0.43065281371377384,3.217173767089844,0.5316298961639404,,78858
9260,303431680,0.4297127083339477,3.199151802062988,0.559986925125122,,78868
9270,303759360,0.4287731679989216,3.2248912811279298,0.5376740455627441,,78874
9280,304087040,0.4278341971221492,3.168868637084961,0.5372726917266846,,78876
9290,304414720,0.4268958001144092,3.225477600097656,0.5314411163330078,,78891
9300,304742400,0.42595798138378416,3.224049377441406,0.5353377342224122,,78849
9310,305070080,0.4250207453356408,3.235225296020508,0.5432363510131836,,78896
9320,305397760,0.42408409637260824,3.2505783081054687,0.5339103221893311,,78876
9330,305725440,0.4231480388945583,3.2121353149414062,0.5302767276763916,,78850
9340,306053120,0.4222125772985835,3.229325866699219,0.537619686126709,,78849
9350,306380800,0.42127771597897823,3.1590932846069335,0.531196117401123,,78846
9360,306708480,0.4203434593272163,3.2393142700195314,0.5367709636688233,,78850
9370,307036160,0.4194098117319315,3.2033851623535154,0.5331611633300781,,78841
9380,307363840,0.41847677757889645,3.2082279205322264,0.5367518901824951,,78856
9390,307691520,0.41754436125100236,3.241979217529297,0.538967514038086,,78848
9400,308019200,0.416612567128238,3.1851474761962892,0.5329269409179688,,78863
9410,308346880,0.41568139958766936,3.1351741790771483,0.5374168395996094,,78883
9420,308674560,0.41475086300341946,3.1757366180419924,0.5335433006286621,,78880
9430,309002240,0.41382096174664673,3.167498779296875,0.5369741439819335,,78883
9440,309329920,0.412891700185526,3.246429443359375,0.536965274810791,,78887
9450,309657600,0.4119630826852264,3.1705116271972655,0.526117467880249,,78862
9460,309985280,0.41103511360789224,3.2171348571777343,0.5344218730926513,,78864
9470,310312960,0.4101077973126215,3.2180130004882814,0.5359580993652344,,78886
9480,310640640,0.40918113815544555,3.1306344985961916,0.5276638984680175,,78851
9490,310968320,0.40825514048930955,3.1651323318481444,0.5264514923095703,,78884
9500,311296000,0.4073298086640508,3.1974651336669924,0.5438133239746094,,78849
9510,311623680,0.4064051470263791,3.1749067306518555,0.5328904151916504,,78846
9520,311951360,0.40548115991985556,3.2644805908203125,0.5449541091918946,,78848
9530,312279040,0.4045578516848737,3.157444953918457,0.5474555969238282,,78873
9540,312606720,0.40363522665863694,3.206295394897461,0.5443637847900391,,78862
9550,312934400,0.4027132891751404,3.2217781066894533,0.5415555953979492,,78868
9560,313262080,0.40179204356514864,3.1840703964233397,0.537018871307373,,78867
9570,313589760,0.4008714941561764,3.1490278244018555,0.5387052059173584,,78854
9580,313917440,0.3999516452724685,3.1612775802612303,0.5297480583190918,,78852
9590,314245120,0.39903250123497847,3.153812026977539,0.5251883506774903,,78856
9600,314572800,0.3981140663613494,3.220576858520508,0.560065746307373,,78862
9610,314900480,0.3971963449658923,3.241053009033203,0.5520729541778564,,78863
9620,315228160,0.39627934135956777,3.168663215637207,0.5357865333557129,,78858
9630,315555840,0.3953630598499638,3.220464324951172,0.536393690109253,,78910
9640,315883520,0.3944475047412763,3.2252613067626954,0.5413217067718505,,78890
9650,316211200,0.3935326803342897,3.2339935302734375,0.543703269958496,,78880
9660,316538880,0.3926185909263551,3.2700550079345705,0.5416937828063965,,78865
9670,316866560,0.3917052408113716,3.201763153076172,0.5557624340057373,,78875
9680,317194240,0.39079263427976507,3.194195365905762,0.5695883750915527,,78904
9690,317521920,0.389880775618469,3.2045211791992188,0.560914421081543,,78883
9700,317849600,0.388969669110903,3.1975059509277344,0.5392048835754395,,78891
9710,318177280,0.38805931903695423,3.211767578125,0.559863805770874,,78873
9720,318504960,0.38714972967295613,3.1623966217041017,0.5311021327972412,,78897
9730,318832640,0.38624090529166855,3.150893783569336,0.5284021377563477,,78876
9740,319160320,0.3853328501622585,3.1630670547485353,0.5453277587890625,,78886
9750,319488000,0.38442556855027865,3.244938278198242,0.5553817272186279,,78836
9760,319815680,0.38351906471764896,3.1954362869262694,0.5564012050628662,,78880
9770,320143360,0.3826133429226348,3.215100860595703,0.5509809017181396,,78862
9780,320471040,0.38170840741982925,3.2097740173339844,0.5361629962921143,,78897
9790,320798720,0.38080426246013044,3.1709428787231446,0.5417696952819824,,78848
9800,321126400,0.379900912290724,3.1177133560180663,0.5327098369598389,,78856
9810,321454080,0.3789983611550616,3.2005821228027345,0.5420451164245605,,78883
9820,321781760,0.3780966132928413,3.211772155761719,0.5461166858673095,,78886
9830,322109440,0.37719567293998824,3.2046852111816406,0.5460997581481933,,78853
9840,322437120,0.3762955443286341,3.1685487747192385,0.5436270713806153,,78887
9850,322764800,0.37539623168709757,3.263013458251953,0.5479199886322021,,78846
9860,323092480,0.37449773923986396,3.1299970626831053,0.5414543151855469,,78880
9870,323420160,0.37360007120756655,3.2178348541259765,0.5406205177307128,,78861
9880,323747840,0.37270323180696474,3.1829418182373046,0.5358019351959229,,78871
9890,324075520,0.3718072252509268,3.1463804244995117,0.5434752464294433,,78882
9900,324403200,0.370912055748408,3.206870269775391,0.544959831237793,,78875
9910,324730880,0.3700177275044315,3.1998031616210936,0.5469144821166992,,78852
9920,325058560,0.369124244720069,3.1489727020263674,0.5385376453399658,,78871
9930,325386240,0.36823161159242057,3.161104202270508,0.5333019733428955,,78823
9940,325713920,0.3673398323145951,3.1849287033081053,0.5378376483917237,,78875
9950,326041600,0.36644891107569044,3.2109275817871095,0.5436220169067383,,78845
9960,326369280,0.3655588520607741,3.1927112579345702,0.5426223278045654,,78851
9970,326696960,0.3646696594508628,3.2407623291015626,0.5504014015197753,,78846
9980,327024640,0.3637813374229041,3.1777196884155274,0.5395566940307617,,78842
9990,327352320,0.36289389014975526,3.138875389099121,0.5359034538269043,,78861
10000,327680000,0.3620073218001649,3.1773609161376952,0.5347023010253906,,78861
10010,328007680,0.3611216365387533,3.229570770263672,0.5420590877532959,,78846
10020,328335360,0.360236838525991,3.1858524322509765,0.5518707752227783,,78861
10030,328663040,0.3593529319181825,3.2172256469726563,0.5386061668395996,,78846
10040,328990720,0.35846992086744367,3.164019012451172,0.5309858798980713,,78861
10050,329318400,0.35758780952168456,3.20092887878418,0.5534741401672363,,78870
10060,329646080,0.3567066020245879,3.1461341857910154,0.5350967407226562,,78830
10070,329973760,0.35582630251559155,3.1755285263061523,0.5404403686523438,,78844
10080,330301440,0.3549469151298672,3.1147994995117188,0.5276935577392579,,78851
10090,330629120,0.3540684439983024,3.161424255371094,0.5470189571380615,,78847
10100,330956800,0.3531908932474809,3.1994829177856445,0.5490268707275391,,78829
10110,331284480,0.3523142669996624,3.204143524169922,0.5532409191131592,,78857
10120,331612160,0.3514385693727643,3.195193862915039,0.5501791477203369,,78866
10130,331939840,0.3505638044803414,3.1793754577636717,0.5429471969604492,,78877
10140,332267520,0.3496899764315674,3.217167282104492,0.544963264465332,,78831
10150,332595200,0.3488170893312148,3.135970878601074,0.5391107082366944,,78874
10160,332922880,0.34794514727963644,3.115622329711914,0.5370331287384034,,78859
10170,333250560,0.3470741543727457,3.1684579849243164,0.5553575038909913,,78874
10180,333578240,0.346204114701997,3.124859619140625,0.5369603633880615,,78845
10190,333905920,0.345335032354368,3.2057563781738283,0.5426602363586426,,78861
10200,334233600,0.34446691141233793,3.1442495346069337,0.5441154479980469,,78858
10210,334561280,0.34359975595387116,3.094803047180176,0.5442416191101074,,78880
10220,334888960,0.3427335700523958,3.196689414978027,0.5432353019714355,,78863
10230,335216640,0.3418683577767862,3.225943374633789,0.5507583141326904,,78886
10240,335544320,0.34100412319134277,3.188731384277344,0.5455384254455566,,78868
10250,335872000,0.34014087035577323,3.2068107604980467,0.5418544292449952,,78859
10260,336199680,0.33927860332517384,3.232088088989258,0.5505499839782715,,78848
10270,336527360,0.3384173261500096,3.110622215270996,0.5549774169921875,,78889
10280,336855040,0.33755704287609634,3.180118942260742,0.5470258712768554,,78875
10290,337182720,0.3366977575445804,3.171097755432129,0.5407795906066895,,78890
10300,337510400,0.3358394741919212,3.152535247802734,0.5347029209136963,,78888
10310,337838080,0.33498219684987046,3.2572067260742186,0.5438158988952637,,78886
10320,338165760,0.3341259295454547,3.2236560821533202,0.5456274509429931,,78876
10330,338493440,0.33327067630095575,3.233387756347656,0.5594071865081787,,78905
10340,338821120,0.3324164411338921,3.1662534713745116,0.553382682800293,,78875
10350,339148800,0.33156322805699956,3.1546178817749024,0.5434446811676026,,78873
10360,339476480,0.3307110410782127,3.161810874938965,0.5475130558013916,,78902
10370,339804160,0.32985988420064666,3.211272430419922,0.5457806587219238,,78869
10380,340131840,0.3290097614225766,3.1329545974731445,0.5379314422607422,,78877
10390,340459520,0.3281606767374211,3.1748456954956055,0.5493264675140381,,78861
10400,340787200,0.3273126341337218,3.204433059692383,0.547153091430664,,78872
10410,341114880,0.3264656375951254,3.111524772644043,0.5444915771484375,,78890
10420,341442560,0.3256196911003647,3.115786552429199,0.5530753135681152,,78842
10430,341770240,0.3247747986232399,3.157176399230957,0.5524094104766846,,78865
10440,342097920,0.3239309641325999,3.200983428955078,0.5626244068145752,,78854
10450,342425600,0.3230881915923239,3.172794723510742,0.5523890018463135,,78824
10460,342753280,0.32224648496130276,3.213577651977539,0.5636562824249267,,78832
10470,343080960,0.32140584819341994,3.1739498138427735,0.5599295139312744,,78868
10480,343408640,0.3205662852375337,3.168959045410156,0.5406457901000976,,78913
10490,343736320,0.3197278000374577,3.1382125854492187,0.5449055194854736,,78897
10500,344064000,0.31889039653194307,3.122233009338379,0.5520758628845215,,78902
10510,344391680,0.31805407865465946,3.1294443130493166,0.5452813625335693,,78890
10520,344719360,0.31721885033417746,3.1544078826904296,0.5411563873291015,,78872
10530,345047040,0.3163847154939489,3.1590639114379884,0.5503849029541016,,78852
10540,345374720,0.3155516780522891,3.201019287109375,0.5476393222808837,,78874
10550,345702400,0.31471974192235896,3.118277359008789,0.5401927471160889,,78865
10560,346030080,0.313888911012145,3.2248363494873047,0.5497051239013672,,78878
10570,346357760,0.3130591892244431,3.171664237976074,0.5444331169128418,,78887
10580,346685440,0.31223058045683816,3.184621238708496,0.5592065334320069,,78884
10590,347013120,0.3114030886016875,3.168560600280762,0.5466607093811036,,78876
10600,347340800,0.31057671754610106,3.1411569595336912,0.5499581336975098,,78897
10610,347668480,0.30975147117192475,3.0887887954711912,0.552427864074707,,78873
10620,347996160,0.3089273533557203,3.231159973144531,0.5556954860687255,,78875
10630,348323840,0.3081043679687486,3.1728891372680663,0.5470820426940918,,78868
10640,348651520,0.30728251887695135,3.201156997680664,0.5577784538269043,,78904
10650,348979200,0.30646180994093186,3.1444116592407227,0.5415843009948731,,78899
10660,349306880,0.3056422450159381,3.1248851776123048,0.5391697883605957,,78898
10670,349634560,0.30482382795184393,3.110878753662109,0.5422102928161621,,78895
10680,349962240,0.3040065625931312,3.196431541442871,0.5510525703430176,,78879
10690,350289920,0.30319045277887136,3.122587776184082,0.5472400665283204,,78915
10700,350617600,0.3023755023427084,3.136666107177734,0.5449803352355957,,78924
10710,350945280,0.3015617151128396,3.203337860107422,0.5610106945037842,,78902
10720,351272960,0.3007490949119982,3.1598031997680662,0.5508871078491211,,78873
10730,351600640,0.2999376455574358,3.196976089477539,0.544884204864502,,78910
10740,351928320,0.29912737086090346,3.2242008209228517,0.5462833404541015,,78886
10750,352256000,0.2983182746286347,3.1727060317993163,0.5488768100738526,,78895
10760,352583680,0.29751036066132674,3.1477376937866213,0.559631061553955,,78918
10770,352911360,0.29670363275412404,3.186993217468262,0.5580589294433593,,78917
10780,353239040,0.2958980946965986,3.114479827880859,0.5484097957611084,,78938
10790,353566720,0.2950937502727342,3.1118850708007812,0.5383474349975585,,78898
10800,353894400,0.2942906032609065,3.179656219482422,0.5479686737060547,,78889
10810,354222080,0.29348865743386676,3.1271047592163086,0.5447674751281738,,78881
10820,354549760,0.2926879165587243,3.1103038787841797,0.5452392578125,,78869
10830,354877440,0.2918883843969272,3.139808464050293,0.5494472026824951,,78848
10840,355205120,0.2910900647042468,3.1703907012939454,0.5615822792053222,,78898
10850,355532800,0.29029296123075793,3.191179656982422,0.5650583267211914,,78869
10860,355860480,0.2894970777208227,3.1292428970336914,0.551746940612793,,78918
10870,356188160,0.2887024179130724,3.1361209869384767,0.555391263961792,,78873
10880,356515840,0.28790898554039035,3.198120880126953,0.5545143604278564,,78895
10890,356843520,0.2871167843298935,3.163493347167969,0.5528393268585206,,78893
10900,357171200,0.28632581800291573,3.1859996795654295,0.556155014038086,,78902
10910,357498880,0.2855360902749904,3.139558219909668,0.5543115615844727,,78855
10920,357826560,0.2847476048558321,3.1399362564086912,0.5453379154205322,,78887
10930,358154240,0.2839603654493199,3.147084617614746,0.5481019496917725,,78880
10940,358481920,0.2831743757534798,3.185616111755371,0.5467615127563477,,78906
10950,358809600,0.2823896394604675,3.1192647933959963,0.5501343250274658,,78891
10960,359137280,0.2816061602565507,3.194320297241211,0.5614636898040771,,78887
10970,359464960,0.2808239418220919,3.178769111633301,0.5591912269592285,,78863
10980,359792640,0.2800429878315313,3.1784412384033205,0.5494880199432373,,78879
10990,360120320,0.27926330195336935,3.1901548385620115,0.5697734355926514,,78897
11000,360448000,0.2784848878501499,3.175859069824219,0.5499954700469971,,78900
11010,360775680,0.2777077491784421,3.191202735900879,0.5527493476867675,,78895
11020,361103360,0.27693188958882464,3.1440460205078127,0.5525701999664306,,78913
11030,361431040,0.27615731272586685,3.1121213912963865,0.5455132961273194,,78892
11040,361758720,0.2753840222281132,3.1670438766479494,0.5562016010284424,,78900
11050,362086400,0.27461202172806515,3.189525032043457,0.5625706195831299,,78892
11060,362414080,0.27384131485216434,3.0850353240966797,0.5473007678985595,,78907
11070,362741760,0.27307190522077623,3.1493696212768554,0.5571240425109864,,78872
11080,363069440,0.2723037964481719,3.1325428009033205,0.5416844367980957,,78865
11090,363397120,0.27153699214251215,3.19040470123291,0.5534167289733887,,78885
11100,363724800,0.27077149590582994,3.1426300048828124,0.5477980613708496,,78904
11110,364052480,0.27000731133401334,3.1551836013793944,0.5444737434387207,,78887
11120,364380160,0.2692444420167893,3.1902183532714843,0.5597461223602295,,78843
11130,364707840,0.26848289153770644,3.171204948425293,0.5641998291015625,,78882
11140,365035520,0.267722663474118,3.1532752990722654,0.5651154518127441,,78855
11150,365363200,0.2669637613971651,3.1563453674316406,0.5533415794372558,,78897
11160,365690880,0.2662061888717604,3.1659868240356444,0.5489626884460449,,78881
11170,366018560,0.26544994945657074,3.198918342590332,0.5532783031463623,,78878
11180,366346240,0.2646950467040012,3.173834037780762,0.5533101558685303,,78882
11190,366673920,0.26394148416017726,3.1327049255371096,0.5523109436035156,,78894
11200,367001600,0.2631892653649296,3.1638107299804688,0.5529487609863282,,78887
11210,367329280,0.26243839385177614,3.146043586730957,0.5431029319763183,,78886
11220,367656960,0.261688873147906,3.106591796875,0.5654891967773438,,78883
11230,367984640,0.2609407067741632,3.1260379791259765,0.5592494964599609,,78890
11240,368312320,0.2601938982450296,3.1178159713745117,0.5597822189331054,,78897
11250,368640000,0.2594484510686089,3.1215002059936525,0.5587053775787354,,78890
11260,368967680,0.2587043687466096,3.1286151885986326,0.5523886680603027,,78889
11270,369295360,0.2579616547743293,3.1657249450683596,0.5473351001739502,,78876
11280,369623040,0.2572203126406374,3.1237796783447265,0.5579789638519287,,78836
11290,369950720,0.25648034582795914,3.164388656616211,0.5527908325195312,,78881
11300,370278400,0.2557417578122594,3.1320947647094726,0.5446404457092285,,78878
11310,370606080,0.2550045520630264,3.1567493438720704,0.5421085357666016,,78869
11320,370933760,0.25426873204325495,3.0984683990478517,0.5547396183013916,,78885
11330,371261440,0.2535343012094305,3.0950756072998047,0.5530594825744629,,78875
11340,371589120,0.25280126301151284,3.1549272537231445,0.557520580291748,,78882
11350,371916800,0.25206962089291973,3.166068458557129,0.5666762351989746,,78884
11360,372244480,0.2513393782905116,3.116855812072754,0.553166675567627,,78894
11370,372572160,0.25061053863457383,3.15301456451416,0.5593677520751953,,78883
11380,372899840,0.24988310534880215,3.161627197265625,0.553554916381836,,78843
11390,373227520,0.24915708185028554,3.1229902267456056,0.5568109035491944,,78856
11400,373555200,0.2484324715494908,3.129081916809082,0.5535478115081787,,78881
11410,373882880,0.24770927785024613,3.0676847457885743,0.5420691490173339,,78872
11420,374210560,0.24698750414972515,3.075192451477051,0.5548264503479003,,78885
11430,374538240,0.2462671538384317,3.1548139572143556,0.5564985275268555,,78879
11440,374865920,0.24554823030018252,3.1108415603637694,0.5574015140533447,,78919
11450,375193600,0.24483073691209287,3.1330150604248046,0.5608779907226562,,78879
11460,375521280,0.24411467704455944,3.1455362319946287,0.5597579956054688,,78895
11470,375848960,0.24340005406124518,3.1142593383789063,0.5564692497253418,,78887
11480,376176640,0.24268687131906316,3.151999282836914,0.5524940013885498,,78912
11490,376504320,0.24197513216816144,3.187420654296875,0.5600415706634522,,78879
11500,376832000,0.24126483995190637,3.1143424987792967,0.54696044921875,,78910
11510,377159680,0.24055599800686764,3.1612701416015625,0.5496835231781005,,78878
11520,377487360,0.23984860966280222,3.0865015029907226,0.5579780101776123,,78900
11530,377815040,0.2391426782426388,3.0929849624633787,0.5633477210998535,,78853
11540,378142720,0.2384382070624626,3.1637784957885744,0.5700697422027587,,78895
11550,378470400,0.23773519943149887,3.1608760833740233,0.5584309577941895,,78907
11560,378798080,0.23703365865209847,3.1459634780883787,0.5548573493957519,,78903
11570,379125760,0.23633358801972137,3.106704902648926,0.5581948280334472,,78891
11580,379453440,0.2356349908229217,3.1008560180664064,0.5453952789306641,,78900
11590,379781120,0.23493787034333216,3.2097236633300783,0.5665366172790527,,78894
11600,380108800,0.23424222985564858,3.097935676574707,0.5470246315002442,,78896
11610,380436480,0.23354807262761487,3.151114845275879,0.5484085083007812,,78878
11620,380764160,0.232855401920007,3.1056995391845703,0.5459710121154785,,78879
11630,381091840,0.2321642209866184,3.1376976013183593,0.5535205364227295,,78881
11640,381419520,0.23147453307424415,3.1209127426147463,0.5589663982391357,,78885
11650,381747200,0.230786341422666,3.129097557067871,0.5608194828033447,,78894
11660,382074880,0.2300996492646368,3.124771308898926,0.578801441192627,,78897
11670,382402560,0.2294144598258662,3.1597503662109374,0.560601806640625,,78896
11680,382730240,0.2287307763250043,3.206827163696289,0.5704776763916015,,78883
11690,383057920,0.2280486019736274,3.1460052490234376,0.5550825595855713,,78883
11700,383385600,0.22736793997622248,3.135606575012207,0.5563294410705566,,78880
11710,383713280,0.2266887935301724,3.069361114501953,0.5484778881072998,,78901
11720,384040960,0.22601116582574088,3.1232229232788087,0.5501702308654786,,78862
11730,384368640,0.22533506004605705,3.059493064880371,0.5590009689331055,,78920
11740,384696320,0.2246604793671014,3.132997512817383,0.5562207698822021,,78901
11750,385024000,0.22398742695768986,3.100514030456543,0.5616060256958008,,78924
11760,385351680,0.22331590597945955,3.118865394592285,0.5594494342803955,,78867
11770,385679360,0.22264591958685376,3.2047103881835937,0.5732177734375,,78913
11780,386007040,0.22197747092710685,3.0889663696289062,0.548849630355835,,78903
11790,386334720,0.22131056314023037,3.1311214447021483,0.5604768753051758,,78894
11800,386662400,0.22064519935899696,3.1432676315307617,0.5583778858184815,,78866
11810,386990080,0.21998138270892706,3.1285919189453124,0.5642181396484375,,78916
11820,387317760,0.21931911630827294,3.141865348815918,0.5643368721008301,,78889
11830,387645440,0.21865840326800487,3.099151039123535,0.5468450069427491,,78915
11840,387973120,0.2179992466917961,3.1227497100830077,0.5629744052886962,,78861
11850,388300800,0.21734164967600889,3.1168474197387694,0.5481025695800781,,78914
11860,388628480,0.2166856153096791,3.154598045349121,0.5718131065368652,,78890
11870,388956160,0.21603114667450216,3.1345151901245116,0.5625472068786621,,78908
11880,389283840,0.21537824684481896,3.152614974975586,0.5679102897644043,,78920
11890,389611520,0.21472691888760015,3.1589160919189454,0.5618150711059571,,78918
11900,389939200,0.21407716586243347,3.0786643981933595,0.5575016975402832,,78888
11910,390266880,0.21342899082150785,3.135354423522949,0.5587669849395752,,78924
11920,390594560,0.2127823968096001,3.099345397949219,0.5483564853668212,,78904
11930,390922240,0.21213738686406003,3.1038082122802733,0.5564100265502929,,78911
11940,391249920,0.2114939640147963,3.127645492553711,0.5456132888793945,,78921
11950,391577600,0.21085213128426236,3.133619689941406,0.5572229862213135,,78920
11960,391905280,0.21021189168744198,3.0742712020874023,0.5506505012512207,,78911
11970,392232960,0.2095732482318356,3.103224182128906,0.5567625999450684,,78921
11980,392560640,0.20893620391744544,3.084230422973633,0.5513232231140137,,78912
11990,392888320,0.2083007617367621,3.1550458908081054,0.5682045459747315,,78905
12000,393216000,0.20766692467475006,3.1821897506713865,0.5732043266296387,,78880
12010,393543680,0.207034695708834,3.0797403335571287,0.5570251941680908,,78922
12020,393871360,0.20640407780888423,3.1455862045288088,0.5685207366943359,,78882
12030,394199040,0.20577507393720368,3.1289737701416014,0.5578362464904785,,78894
12040,394526720,0.20514768704851313,3.1242792129516603,0.5577305793762207,,78889
12050,394854400,0.20452192008993753,3.115330696105957,0.5624705791473389,,78892
12060,395182080,0.20389777600099285,3.142390251159668,0.5661941528320312,,78894
12070,395509760,0.2032752577135708,3.123033142089844,0.5533185482025147,,78903
12080,395837440,0.20265436815192675,3.1559642791748046,0.5677900314331055,,78893
12090,396165120,0.20203511023266468,3.0668636322021485,0.5507144451141357,,78900
12100,396492800,0.20141748686472444,3.111256408691406,0.5618092536926269,,78902
12110,396820480,0.20080150094936725,3.0963712692260743,0.5504204750061035,,78886
12120,397148160,0.20018715538016268,3.0639251708984374,0.5544053554534912,,78873
12130,397475840,0.1995744530429747,3.139843559265137,0.5669023990631104,,78866
12140,397803520,0.1989633968159482,3.0704423904418947,0.5484439849853515,,78894
12150,398131200,0.19835398956949601,3.1028589248657226,0.5620234489440918,,78891
12160,398458880,0.19774623416628423,3.089654731750488,0.5645030498504638,,78890
12170,398786560,0.1971401334612201,3.1121320724487305,0.5561963081359863,,78887
12180,399114240,0.19653569030143775,3.104507827758789,0.5716298580169678,,78860
12190,399441920,0.19593290752628495,3.14580078125,0.5736351013183594,,78866
12200,399769600,0.1953317879673098,3.157099723815918,0.5664901256561279,,78852
12210,400097280,0.194732334448248,3.1188003540039064,0.5590114593505859,,78891
12220,400424960,0.1941345497850086,3.14648323059082,0.5669488906860352,,78877
12230,400752640,0.19353843678566138,3.149090385437012,0.5700560092926026,,78864
12240,401080320,0.1929439982504239,3.188127899169922,0.5631620407104492,,78862
12250,401408000,0.1923512369716472,3.0886730194091796,0.5531309127807618,,78859
12260,401735680,0.19176015573380445,3.1565160751342773,0.5585173606872559,,78874
12270,402063360,0.191170757313476,3.0739965438842773,0.5676421642303466,,78855
12280,402391040,0.19058304447933802,3.138628387451172,0.5656981468200684,,78856
12290,402718720,0.1899970199921481,3.131486701965332,0.5670012950897216,,78859
12300,403046400,0.1894126866047332,3.0644115447998046,0.560267972946167,,78892
12310,403374080,0.1888300470619763,3.142756462097168,0.5717614173889161,,78875
12320,403701760,0.18824910410080348,3.11691951751709,0.5743124485015869,,78861
12330,404029440,0.18766986045017167,3.061348533630371,0.55589599609375,,78891
12340,404357120,0.18709231883105468,3.2066623687744142,0.5772724151611328,,78871
12350,404684800,0.18651648195643172,3.171868896484375,0.5663583755493165,,78870
12360,405012480,0.18594235253127372,3.1235912322998045,0.5615661144256592,,78892
12370,405340160,0.18536993325253082,3.1662313461303713,0.5686231136322022,,78893
12380,405667840,0.18479922680912014,3.1269535064697265,0.5614729404449463,,78880
12390,405995520,0.1842302358819124,3.0783275604248046,0.5659934520721436,,78872
12400,406323200,0.18366296314372033,3.059169578552246,0.5527032375335693,,78877
12410,406650880,0.18309741125928486,3.1677494049072266,0.5785841941833496,,78870
12420,406978560,0.18253358288526406,3.1510080337524413,0.560416316986084,,78859
12430,407306240,0.18197148067021893,3.10421085357666,0.5810274124145508,,78842
12440,407633920,0.18141110725460283,3.0507030487060547,0.5631881713867187,,78855
12450,407961600,0.1808524652707474,3.109878730773926,0.5634422302246094,,78846
12460,408289280,0.18029555734285163,3.115418815612793,0.5594529151916504,,78892
12470,408616960,0.1797403860869683,3.1345632553100584,0.5704520225524903,,78855
12480,408944640,0.17918695411099256,3.134944534301758,0.5657042026519775,,78880
12490,409272320,0.17863526401464913,3.1059926986694335,0.571036434173584,,78883
12500,409600000,0.17808531838948038,3.1274703979492187,0.5725767612457275,,78868
12510,409927680,0.17753711981883438,3.1043567657470703,0.5623976230621338,,78884
12520,410255360,0.17699067087785206,3.1500722885131838,0.564301586151123,,78877
12530,410583040,0.17644597413345592,3.130461502075195,0.5589768409729003,,78856
12540,410910720,0.1759030321443373,3.1083648681640623,0.5563703536987304,,78889
12550,411238400,0.17536184746094474,3.0915231704711914,0.5776525497436523,,78882
12560,411566080,0.17482242262547187,3.0980819702148437,0.5740700244903565,,78906
12570,411893760,0.17428476017184552,3.2044136047363283,0.5647270202636718,,78877
12580,412221440,0.17374886262571393,3.1157098770141602,0.5620837688446045,,78888
12590,412549120,0.17321473250443453,3.12210750579834,0.572697925567627,,78914
12600,412876800,0.1726823723170628,3.077798843383789,0.5649961948394775,,78908
12610,413204480,0.1721517845643391,3.1378911972045898,0.5679344177246094,,78900
12620,413532160,0.1716229717386789,3.1131982803344727,0.5650136947631836,,78904
12630,413859840,0.17109593632415931,3.108508491516113,0.568994140625,,78899
12640,414187520,0.17057068079650856,3.1130495071411133,0.5732570648193359,,78905
12650,414515200,0.17004720762309364,3.1141450881958006,0.5568430423736572,,78867
12660,414842880,0.1695255192629091,3.095403289794922,0.5504321098327637,,78862
12670,415170560,0.16900561816656542,3.15185604095459,0.5755366802215576,,78896
12680,415498240,0.16848750677627727,3.0680932998657227,0.5615190505981446,,78876
12690,415825920,0.1679711875258528,3.098821449279785,0.5575742244720459,,78899
12700,416153600,0.16745666284068098,3.0674102783203123,0.5626366138458252,,78910
12710,416481280,0.16694393513772138,3.0820858001708986,0.5618595123291016,,78864
12720,416808960,0.16643300682549206,3.092423439025879,0.5703639984130859,,78913
12730,417136640,0.16592388030405858,3.079591751098633,0.5667946815490723,,78919
12740,417464320,0.16541655796502264,3.145503044128418,0.5633256435394287,,78903
12750,417792000,0.16491104219151081,3.1125276565551756,0.5618890762329102,,78926
12760,418119680,0.16440733535816363,3.1023481369018553,0.5631339073181152,,78894
12770,418447360,0.16390543983112393,3.0473665237426757,0.5716955184936523,,78905
12780,418775040,0.1634053579680263,3.0994144439697267,0.5613844394683838,,78862
12790,419102720,0.1629070921179852,3.093105125427246,0.5653264045715332,,78878
12800,419430400,0.16241064462158505,3.0771949768066404,0.5571153640747071,,78892
12810,419758080,0.16191601781086817,3.0366981506347654,0.5540641784667969,,78900
12820,420085760,0.1614232140093247,3.081983757019043,0.5658634662628174,,78938
12830,420413440,0.1609322355318808,3.1305959701538084,0.5673645496368408,,78898
12840,420741120,0.1604430846848886,3.0936233520507814,0.5629168510437011,,78910
12850,421068800,0.15995576376611487,3.1183380126953124,0.5602524757385254,,78916
12860,421396480,0.15947027506473016,3.1348352432250977,0.5687739849090576,,78909
12870,421724160,0.15898662086129878,3.056234931945801,0.5675609588623047,,78940
12880,422051840,0.15850480342776696,3.1697826385498047,0.5749189853668213,,78911
12890,422379520,0.1580248250274533,3.1581867218017576,0.5687440872192383,,78887
12900,422707200,0.1575466879150373,3.0992710113525392,0.5658704757690429,,78890
12910,423034880,0.1570703943365491,3.129586410522461,0.5749376296997071,,78889
12920,423362560,0.15659594652935896,3.1195356369018556,0.5796747207641602,,78879
12930,423690240,0.15612334672216666,3.198499870300293,0.5812453269958496,,78904
12940,424017920,0.1556525971349913,3.0912670135498046,0.5732778072357178,,78947
12950,424345600,0.15518369997916026,3.0516992568969727,0.5711451530456543,,78887
12960,424673280,0.1547166574572997,3.104052734375,0.5781736373901367,,78916
12970,425000960,0.15425147176332304,3.084906005859375,0.566811466217041,,78922
12980,425328640,0.153788145082422,3.0866870880126953,0.5593025207519531,,78884
12990,425656320,0.15332667959105506,3.1516487121582033,0.5684908866882324,,78880
13000,425984000,0.1528670774569385,3.0015752792358397,0.5602323055267334,,78875
13010,426311680,0.15240934083903493,3.0665376663208006,0.5683026313781738,,78911
13020,426639360,0.15195347188754413,3.052517890930176,0.5729045391082763,,78876
13030,426967040,0.15149947274389244,3.08288688659668,0.5691350936889649,,78897
13040,427294720,0.15104734554072283,3.1626068115234376,0.5722792148590088,,78883
13050,427622400,0.15059709240188512,3.1456974029541014,0.5730183601379395,,78921
13060,427950080,0.1501487154424255,3.1229251861572265,0.5671042442321778,,78899
13070,428277760,0.1497022167685772,3.122128486633301,0.5665998458862305,,78894
13080,428605440,0.14925759847775003,3.1206995010375977,0.5659712314605713,,78913
13090,428933120,0.14881486265852079,3.070916938781738,0.5695688724517822,,78919
13100,429260800,0.14837401139062345,3.1612483978271486,0.5693560123443604,,78903
13110,429588480,0.14793504674493946,3.0903318405151365,0.566698694229126,,78888
13120,429916160,0.14749797078348806,3.0153575897216798,0.5645720481872558,,78925
13130,430243840,0.14706278555941604,3.1202211380004883,0.5682622909545898,,78926
13140,430571520,0.14662949311698908,3.1161727905273438,0.5694099426269531,,78924
13150,430899200,0.14619809549158108,3.145343208312988,0.5728435516357422,,78915
13160,431226880,0.1457685947096655,3.1332370758056642,0.5703428268432618,,78886
13170,431554560,0.14534099278880513,3.0454338073730467,0.5601559638977051,,78931
13180,431882240,0.14491529173764328,3.1487958908081053,0.5650065898895263,,78884
13190,432209920,0.14449149355589372,3.151136016845703,0.5735383987426758,,78902
13200,432537600,0.14406960023433169,3.122035026550293,0.5667879581451416,,78907
13210,432865280,0.14364961375478438,3.0309720993041993,0.5631903171539306,,78888
13220,433192960,0.1432315360901216,3.0847265243530275,0.5635541915893555,,78873
13230,433520640,0.14281536920424684,3.1243947982788085,0.5668805599212646,,78912
13240,433848320,0.1424011150520874,3.0966915130615233,0.569569444656372,,78927
13250,434176000,0.141988775579586,3.034539985656738,0.5656493186950684,,78933
13260,434503680,0.14157835272369096,3.0671154022216798,0.5737907409667968,,78908
13270,434831360,0.14116984841234742,3.1162601470947267,0.5577855110168457,,78926
13280,435159040,0.14076326456448812,3.1118242263793947,0.5607777595520019,,78890
13290,435486720,0.14035860309002474,3.103055953979492,0.5718170166015625,,78937
13300,435814400,0.1399558658898386,3.0778810501098635,0.5605205059051513,,78907
13310,436142080,0.13955505485577163,3.065867805480957,0.5689379215240479,,78932
13320,436469760,0.13915617187061802,3.045979881286621,0.5705323696136475,,78907
13330,436797440,0.13875921880811476,3.1564208984375,0.5762972831726074,,78919
13340,437125120,0.13836419753293316,3.138829231262207,0.5712740421295166,,78870
13350,437452800,0.13797110990066996,3.084550666809082,0.5708609104156495,,78887
13360,437780480,0.137579957757839,3.09035587310791,0.5724253177642822,,78890
13370,438108160,0.13719074294186187,3.1026113510131834,0.5718493461608887,,78885
13380,438435840,0.1368034672810598,3.1777212142944338,0.5770422935485839,,78878
13390,438763520,0.13641813259464494,3.0834102630615234,0.5666217803955078,,78879
13400,439091200,0.13603474069271163,3.053597068786621,0.5698091983795166,,78878
13410,439418880,0.1356532933762284,3.080601119995117,0.5847881317138672,,78872
13420,439746560,0.13527379243702872,3.0669153213500975,0.5702956199645997,,78870
13430,440074240,0.1348962396578035,3.121120262145996,0.573029899597168,,78913
13440,440401920,0.13452063681209184,3.0471649169921875,0.5640609264373779,,78900
13450,440729600,0.13414698566427333,3.137300491333008,0.5690242290496826,,78904
13460,441057280,0.1337752879695594,3.099292755126953,0.5766023159027099,,78900
13470,441384960,0.1334055454739853,3.131501388549805,0.5785855770111084,,78900
13480,441712640,0.13303775991440192,3.1373504638671874,0.5749185085296631,,78894
13490,442040320,0.1326719330184672,3.0417722702026366,0.5604038715362549,,78883
13500,442368000,0.13230806650463867,3.097791862487793,0.5740087985992431,,78866
13510,442695680,0.13194616208216495,3.138410949707031,0.5720168590545655,,78902
13520,443023360,0.13158622145107762,3.1396406173706053,0.5774320602416992,,78893
13530,443351040,0.1312282463021836,3.059058952331543,0.5694406986236572,,78912
13540,443678720,0.13087223831705705,3.071261978149414,0.5628144264221191,,78884
13550,444006400,0.13051819916803145,3.0063331604003904,0.5558367252349854,,78902
13560,444334080,0.1301661305181917,3.109857749938965,0.5775217056274414,,78853
13570,444661760,0.12981603402136632,3.0922937393188477,0.5660279750823974,,78870
13580,444989440,0.1294679113221197,3.070871925354004,0.5667469024658203,,78870
13590,445317120,0.12912176405574471,3.1521793365478517,0.5798703670501709,,78880
13600,445644800,0.12877759384825416,3.097975730895996,0.5781011581420898,,78858
13610,445972480,0.12843540231637426,3.031500816345215,0.5640950202941895,,78874
13620,446300160,0.1280951910675361,3.0563848495483397,0.5799398422241211,,78888
13630,446627840,0.12775696169986858,3.059010696411133,0.5690593242645263,,78863
13640,446955520,0.12742071580219075,3.0878047943115234,0.5865831851959229,,78863
13650,447283200,0.12708645495400447,3.088932991027832,0.5646803379058838,,78881
13660,447610880,0.1267541807254869,3.1023847579956056,0.5667616367340088,,78894
13670,447938560,0.12642389467748305,3.060209274291992,0.5823619842529297,,78898
13680,448266240,0.12609559836149858,3.0871042251586913,0.568964147567749,,78883
13690,448593920,0.12576929331969258,3.036968231201172,0.5625907897949218,,78884
13700,448921600,0.12544498108486998,3.014975738525391,0.5739238739013672,,78871
13710,449249280,0.12512266318047466,3.108673095703125,0.5715631008148193,,78883
13720,449576960,0.12480234112058225,3.0478471755981444,0.5627043724060059,,78894
13730,449904640,0.12448401640989308,3.0776472091674805,0.573931360244751,,78856
13740,450232320,0.12416769054372481,3.0814998626708983,0.5738578319549561,,78900
13750,450560000,0.12385336500800571,3.152933120727539,0.5781854629516602,,78881
13760,450887680,0.12354104127926756,3.0451166152954103,0.5779119491577148,,78880
13770,451215360,0.12323072082463879,3.086461067199707,0.5668020725250245,,78908
13780,451543040,0.12292240510183737,3.120859909057617,0.5729689121246337,,78898
13790,451870720,0.12261609555916432,3.1243446350097654,0.5663156032562255,,78907
13800,452198400,0.1223117936354966,3.020756149291992,0.5689198493957519,,78905
13810,452526080,0.1220095007602805,3.0958578109741213,0.5768699169158935,,78913
13820,452853760,0.1217092183535248,3.1336475372314454,0.576331377029419,,78882
13830,453181440,0.12141094782579417,3.145903396606445,0.5782279968261719,,78875
13840,453509120,0.12111469057820282,3.1552982330322266,0.5704909801483155,,78884
13850,453836800,0.12082044800240728,3.071640205383301,0.5708693027496338,,78902
13860,454164480,0.12052822148060055,3.0943756103515625,0.5648690223693847,,78893
13870,454492160,0.12023801238550516,3.049090766906738,0.568881607055664,,78910
13880,454819840,0.11994982208036684,3.117260551452637,0.5786257266998291,,78879
13890,455147520,0.1196636519189481,3.15930061340332,0.5735373020172119,,78887
13900,455475200,0.11937950324552202,3.060338592529297,0.5768407821655274,,78906
13910,455802880,0.11909737739486582,3.066532325744629,0.5727356433868408,,78891
13920,456130560,0.1188172756922545,3.0896425247192383,0.5787369728088378,,78908
13930,456458240,0.1185391994534547,3.0646982192993164,0.5794255256652832,,78916
13940,456785920,0.1182631499847186,3.148676300048828,0.5753849506378174,,78930
13950,457113600,0.11798912858277767,3.1112554550170897,0.5776498794555665,,78909
13960,457441280,0.11771713653483655,3.087647819519043,0.5734772682189941,,78914
13970,457768960,0.1174471751185673,3.0383670806884764,0.5774384498596191,,78917
13980,458096640,0.1171792456021029,3.1070138931274416,0.5975157260894776,,78929
13990,458424320,0.11691334924403168,3.118461799621582,0.5785826206207275,,78914
14000,458752000,0.11664948729339125,3.043492317199707,0.5663622379302978,,78890
14010,459079680,0.1163876609896627,3.1365612030029295,0.5745624542236328,,78913
14020,459407360,0.11612787156276486,3.0939435958862305,0.5656764507293701,,78887
14030,459735040,0.11587012023304813,3.122263526916504,0.573438310623169,,78915
14040,460062720,0.1156144082112893,3.073038101196289,0.5779337406158447,,78910
14050,460390400,0.11536073669868546,3.1147926330566404,0.5814628601074219,,78906
14060,460718080,0.11510910688684858,3.0482011795043946,0.5729708671569824,,78917
14070,461045760,0.1148595199577997,3.0131202697753907,0.5704944133758545,,78931
14080,461373440,0.11461197708396349,3.059453773498535,0.5780438899993896,,78914
14090,461701120,0.11436647942816297,3.0916051864624023,0.5743185997009277,,78924
14100,462028800,0.11412302814361354,3.0942543029785154,0.5791465282440186,,78904
14110,462356480,0.11388162437391813,3.053166961669922,0.5717859268188477,,78873
14120,462684160,0.11364226925306124,3.0978715896606444,0.5773184776306153,,78892
14130,463011840,0.11340496390540424,3.107434844970703,0.5757653713226318,,78918
14140,463339520,0.1131697094456795,3.1187917709350588,0.5785799503326416,,78892
14150,463667200,0.11293650697898572,3.1059383392333983,0.5759802341461182,,78907
14160,463994880,0.11270535760078214,3.099152755737305,0.5729758262634277,,78914
14170,464322560,0.11247626239688388,3.104997253417969,0.5667803764343262,,78921
14180,464650240,0.11224922244345657,3.06203670501709,0.5783014297485352,,78903
14190,464977920,0.1120242388070114,3.0866165161132812,0.580882453918457,,78910
14200,465305600,0.11180131254440019,3.1377010345458984,0.5827081203460693,,78893
14210,465633280,0.1115804447028102,3.0769548416137695,0.5775301933288575,,78917
14220,465960960,0.11136163631975948,3.1198808670043947,0.5815236568450928,,78898
14230,466288640,0.11114488842309167,3.1394277572631837,0.5823976039886475,,78913
14240,466616320,0.11093020203097147,3.149976348876953,0.5816670894622803,,78892
14250,466944000,0.11071757815187974,3.0022674560546876,0.5731643199920654,,78905
14260,467271680,0.11050701778460868,3.0335617065429688,0.568011999130249,,78902
14270,467599360,0.11029852191825738,3.0590177536010743,0.5791707515716553,,78925
14280,467927040,0.11009209153222692,3.0321121215820312,0.5717728137969971,,78907
14290,468254720,0.1098877275962159,3.0859121322631835,0.5737377166748047,,78932
14300,468582400,0.10968543107021578,3.088919258117676,0.5638836860656739,,78890
14310,468910080,0.10948520290450654,3.144927406311035,0.5772355556488037,,78897
14320,469237760,0.10928704403965202,3.090216064453125,0.5727790832519531,,78872
14330,469565440,0.10909095540649572,3.078529930114746,0.5686367988586426,,78903
14340,469893120,0.10889693792615628,3.064418601989746,0.5761589527130127,,78914
14350,470220800,0.10870499251002304,3.0873958587646486,0.5818405628204346,,78874
14360,470548480,0.10851512005975213,3.121980667114258,0.5827975749969483,,78884
14370,470876160,0.10832732146726176,3.0911609649658205,0.571065616607666,,78930
14380,471203840,0.10814159761472848,3.0932344436645507,0.578862190246582,,78910
14390,471531520,0.10795794937458267,3.0904991149902346,0.570757246017456,,78896
14400,471859200,0.1077763776095048,3.0828880310058593,0.5706230640411377,,78901
14410,472186880,0.107596883172421,3.1129833221435548,0.5822636604309082,,78885
14420,472514560,0.10741946690649931,3.0931623458862303,0.5777859687805176,,78881
14430,472842240,0.10724412964514562,3.1148445129394533,0.5795377731323242,,78911
14440,473169920,0.10707087221199973,3.0555116653442385,0.5704228401184082,,78906
14450,473497600,0.10689969542093168,3.062455177307129,0.5727826118469238,,78929
14460,473825280,0.10673060007603764,3.1624423980712892,0.5766149044036866,,78882
14470,474152960,0.10656358697163638,3.064926528930664,0.5796613216400146,,78895
14480,474480640,0.10639865689226519,3.0767908096313477,0.5721906661987305,,78889
14490,474808320,0.10623581061267677,3.0828853607177735,0.5751184940338134,,78895
14500,475136000,0.10607504889783496,3.074898529052734,0.5844494819641113,,78884
14510,475463680,0.10591637250291171,3.063412666320801,0.5722429752349854,,78901
14520,475791360,0.10575978217328301,3.095018196105957,0.5780239105224609,,78885
14530,476119040,0.10560527864452576,3.123743438720703,0.5757403373718262,,78909
14540,476446720,0.10545286264241416,3.057453155517578,0.5781201362609864,,78886
14550,476774400,0.10530253488291638,3.031342887878418,0.5782561779022217,,78887
14560,477102080,0.1051542960721912,3.104542541503906,0.5760991096496582,,78907
14570,477429760,0.10500814690658448,3.054935646057129,0.575288963317871,,78905
14580,477757440,0.10486408807262619,3.1223613739013674,0.5761718273162841,,78878
14590,478085120,0.104722120247027,3.046536445617676,0.574763011932373,,78904
14600,478412800,0.10458224409667521,3.080295753479004,0.576322364807129,,78881
14610,478740480,0.10444446027863345,3.116506576538086,0.6042355537414551,,78881
14620,479068160,0.10430876944013576,3.070568656921387,0.589720630645752,,78863
14630,479395840,0.10417517221858452,3.0910013198852537,0.5842707633972168,,78884
14640,479723520,0.1040436692415474,3.0704559326171874,0.5757127285003663,,78878
14650,480051200,0.10391426112675443,3.090240478515625,0.5824026584625244,,78918
14660,480378880,0.10378694848209509,3.1262079238891602,0.5860561847686767,,78912
14670,480706560,0.10366173190561558,3.0964298248291016,0.5796897888183594,,78916
14680,481034240,0.10353861198551571,3.0465553283691404,0.5862465381622315,,78911
14690,481361920,0.10341758930014654,3.061863899230957,0.5696055889129639,,78903
14700,481689600,0.10329866441800734,3.1472482681274414,0.587025260925293,,78900
14710,482017280,0.10318183789774295,3.1649009704589846,0.5957114219665527,,78854
14720,482344960,0.10306711028814143,3.074286460876465,0.5735954284667969,,78905
14730,482672640,0.10295448212813114,3.100794792175293,0.5778616905212403,,78885
14740,483000320,0.10284395394677846,3.054212951660156,0.5796023368835449,,78914
14750,483328000,0.10273552626328514,3.0704378128051757,0.5804562091827392,,78906
14760,483655680,0.10262919958698588,3.044138717651367,0.5807244777679443,,78912
14770,483983360,0.10252497441734616,3.0146759033203123,0.5814119815826416,,78902
14780,484311040,0.10242285124395946,3.087067794799805,0.5744181632995605,,78902
14790,484638720,0.10232283054654547,3.1227460861206056,0.5785065650939941,,78913
14800,484966400,0.10222491279494736,3.1063106536865233,0.5761557579040527,,78909
14810,485294080,0.10212909844913001,3.1104753494262694,0.6006927490234375,,78924
14820,485621760,0.10203538795917738,3.072694778442383,0.570909833908081,,78914
14830,485949440,0.101943781765291,3.043102836608887,0.5724792003631591,,78914
14840,486277120,0.10185428029778715,2.9846546173095705,0.5761417865753173,,78923
14850,486604800,0.1017668839770955,3.0785043716430662,0.5759324073791504,,78902
14860,486932480,0.10168159321375685,3.0985973358154295,0.5908858299255371,,78907
14870,487260160,0.10159840840842116,3.0486820220947264,0.5771467685699463,,78909
14880,487587840,0.1015173299518458,3.0251468658447265,0.5739196300506592,,78924
14890,487915520,0.10143835822489358,3.105514907836914,0.5904212474822998,,78899
14900,488243200,0.10136149359853108,3.0689748764038085,0.5791202068328858,,78904
14910,488570880,0.10128673643382681,2.9856800079345702,0.57481689453125,,78900
14920,488898560,0.10121408708194966,3.0845058441162108,0.5755284786224365,,78899
14930,489226240,0.10114354588416707,3.0763828277587892,0.5762946605682373,,78881
14940,489553920,0.1010751131718435,3.022557258605957,0.5846805572509766,,78911
14950,489881600,0.10100878926643891,3.0706180572509765,0.5746706008911133,,78897
14960,490209280,0.1009445744795073,3.0015602111816406,0.5739895820617675,,78949
14970,490536960,0.10088246911269502,3.064769744873047,0.5823551654815674,,78923
14980,490864640,0.1008224734577396,3.1120698928833006,0.5852872848510742,,78944
14990,491192320,0.10076458779646827,3.1218564987182615,0.5923699855804443,,78942
15000,491520000,0.10070881240079659,3.074703407287598,0.5821170330047607,,78919
15010,491847680,0.10065514753272739,3.0697563171386717,0.5825035095214843,,78919
15020,492175360,0.10060359344434912,3.0775388717651366,0.5789738655090332,,78932
15030,492503040,0.10055415037783517,3.0936378479003905,0.577498483657837,,78922
15040,492830720,0.10050681856544236,3.0981142044067385,0.5896273136138916,,78934
15050,493158400,0.10046159822951001,3.0733266830444337,0.5850411891937256,,78902
15060,493486080,0.10041848958245882,3.0072391510009764,0.5747995376586914,,78925
15070,493813760,0.10037749282679005,3.1063043594360353,0.5903871059417725,,78937
15080,494141440,0.10033860815508432,3.1256383895874023,0.5949583053588867,,78947
15090,494469120,0.10030183575000079,3.0919305801391603,0.5833662509918213,,78916
15100,494796800,0.10026717578427634,3.089023780822754,0.5780379295349121,,78923
15110,495124480,0.10023462842072489,3.07077693939209,0.5875331401824951,,78902
15120,495452160,0.1002041938122364,3.1828887939453123,0.5900264739990234,,78914
15130,495779840,0.10017587210177614,3.075903129577637,0.5804677486419678,,78917
15140,496107520,0.10014966342238431,3.0973060607910154,0.576148509979248,,78943
15150,496435200,0.10012556789717511,3.1221992492675783,0.5887301921844482,,78941
15160,496762880,0.1001035856393363,3.0571226119995116,0.5797784328460693,,78944
15170,497090560,0.1000837167521287,3.0916318893432617,0.5776532649993896,,78934
15180,497418240,0.10006596132888562,3.0538206100463867,0.5722206115722657,,78948
15190,497745920,0.10005031945301247,3.0454654693603516,0.5759414672851563,,78937
15200,498073600,0.10003679119798632,3.10327091217041,0.5779964447021484,,78950
15210,498401280,0.10002537662735562,3.0592090606689455,0.5784584999084472,,78876
15220,498728960,0.1000160757947399,3.0492074966430662,0.5847533226013184,,78901
15230,499056640,0.10000888874382939,3.0837175369262697,0.5830461502075195,,78922
15240,499384320,0.100003815508385,3.100010871887207,0.5865155696868897,,78938
15250,499712000,0.10000085611223805,3.069018745422363,0.5782835483551025,,78927
15258,499974144,0.1000000105692902,3.0619311332702637,0.5826561450958252,,78931
