step,tokens,lr_mult,loss,grad_norm,value_grad_norm,tok_s
10,327680,0.01310615989515072,10.813986206054688,7.364384460449219,0.023625802993774415,43007
20,655360,0.02621231979030144,10.454957580566406,4.668409729003907,0.013795113563537598,51016
30,983040,0.039318479685452164,10.180590057373047,2.266130256652832,0.007435851544141769,53775
40,1310720,0.05242463958060288,10.050640106201172,1.9268753051757812,0.006407831609249115,54734
50,1638400,0.0655307994757536,9.852980041503907,1.9583032608032227,0.006914649903774261,54714
60,1966080,0.07863695937090433,9.634162902832031,2.6404403686523437,0.009034455567598344,51950
70,2293760,0.09174311926605505,9.427310943603516,1.9411184310913085,0.008860256522893906,54563
80,2621440,0.10484927916120576,9.208364105224609,1.8917474746704102,0.009217818826436996,53809
90,2949120,0.11795543905635648,8.97811279296875,1.7002540588378907,0.010595569014549255,55057
100,3276800,0.1310615989515072,8.714845275878906,2.038410949707031,0.012891708314418793,53824
110,3604480,0.14416775884665792,8.509683990478516,2.158009719848633,0.014364036917686462,54692
120,3932160,0.15727391874180865,8.267732238769531,1.6693588256835938,0.013533909618854523,56884
130,4259840,0.17038007863695936,8.011289978027344,1.5582173347473145,0.014568087458610535,54935
140,4587520,0.1834862385321101,7.810648345947266,1.369743537902832,0.015103039145469666,54257
150,4915200,0.1965923984272608,7.6122291564941404,1.3227923393249512,0.015650083124637604,54680
160,5242880,0.20969855832241152,7.449411773681641,1.2183695793151856,0.01766613721847534,53539
170,5570560,0.22280471821756226,7.294176483154297,1.072550106048584,0.016841742396354675,53082
180,5898240,0.23591087811271297,7.1554817199707035,0.914876651763916,0.018103407323360445,52193
190,6225920,0.2490170380078637,7.073619079589844,1.1673808097839355,0.02288055270910263,49808
200,6553600,0.2621231979030144,6.962847900390625,1.0702892303466798,0.024098101258277892,53040
210,6881280,0.27522935779816515,6.864205932617187,1.0964300155639648,0.02400621622800827,54444
220,7208960,0.28833551769331583,6.791590881347656,0.9595554351806641,0.023418422043323516,54012
230,7536640,0.30144167758846657,6.671659088134765,0.8946335792541504,0.024355591833591463,53285
240,7864320,0.3145478374836173,6.656365966796875,0.972965145111084,0.026350384950637816,53714
250,8192000,0.32765399737876805,6.53856201171875,0.8882379531860352,0.025574693083763124,54524
260,8519680,0.34076015727391873,6.521893310546875,1.0848147392272949,0.02851559519767761,54245
270,8847360,0.35386631716906947,6.409098815917969,0.9432456016540527,0.02892034947872162,53145
280,9175040,0.3669724770642202,6.374003982543945,0.8876177787780761,0.02666599452495575,55412
290,9502720,0.3800786369593709,6.312464904785156,0.8057691574096679,0.026603972911834715,49600
300,9830400,0.3931847968545216,6.286699676513672,0.8563130378723145,0.027176660299301148,52775
310,10158080,0.40629095674967236,6.198818588256836,0.7309299945831299,0.025238236784934996,54822
320,10485760,0.41939711664482304,6.178674697875977,0.8822530746459961,0.027535998821258546,53040
330,10813440,0.4325032765399738,6.183874893188476,0.870974063873291,0.029152286052703858,53285
340,11141120,0.4456094364351245,6.095911026000977,0.8306835174560547,0.027829208970069887,50761
350,11468800,0.45871559633027525,6.0365745544433596,0.7912444591522216,0.026685106754302978,51401
360,11796480,0.47182175622542594,6.00863037109375,0.768981647491455,0.026063603162765504,53309
370,12124160,0.4849279161205767,5.954120254516601,0.8195905685424805,0.026830458641052247,54393
380,12451840,0.4980340760157274,5.927751541137695,0.7791282653808593,0.026898676156997682,52332
390,12779520,0.5111402359108781,5.8980060577392575,0.8116251945495605,0.027250611782073976,50511
400,13107200,0.5242463958060288,5.8822509765625,0.6981385707855224,0.024839261174201967,51654
410,13434880,0.5373525557011796,5.824920272827148,0.8182597160339355,0.02643943130970001,53732
420,13762560,0.5504587155963303,5.795061492919922,0.6991849899291992,0.02497599720954895,53959
430,14090240,0.563564875491481,5.7288330078125,0.7783096313476563,0.02668737471103668,52035
440,14417920,0.5766710353866317,5.7648059844970705,0.720853042602539,0.026225358247756958,51722
450,14745600,0.5897771952817824,5.659223937988282,0.7797591209411621,0.025479984283447266,51320
460,15073280,0.6028833551769331,5.5710407257080075,0.7426252841949463,0.025458216667175293,54590
470,15400960,0.6159895150720839,5.617910003662109,0.7258242607116699,0.02617485821247101,51828
480,15728640,0.6290956749672346,5.542218017578125,0.8221681594848633,0.026062488555908203,53838
490,16056320,0.6422018348623854,5.615841674804687,0.7019052982330323,0.02501034140586853,53000
500,16384000,0.6553079947575361,5.5673377990722654,0.6811126232147217,0.024178320169448854,53410
510,16711680,0.6684141546526867,5.509992218017578,0.6748647689819336,0.023732753098011018,51391
520,17039360,0.6815203145478375,5.5082958221435545,0.7561791896820068,0.026004144549369813,53529
530,17367040,0.6946264744429882,5.481898498535156,0.7632485389709472,0.02561991810798645,50516
540,17694720,0.7077326343381389,5.456734466552734,0.6741415023803711,0.023762816190719606,52973
550,18022400,0.7208387942332897,5.357911682128906,0.6302913188934326,0.023793508112430573,53648
560,18350080,0.7339449541284404,5.4062049865722654,0.696533489227295,0.02445063889026642,50591
570,18677760,0.747051114023591,5.319003677368164,0.6892365455627442,0.024775142967700958,49902
580,19005440,0.7601572739187418,5.3483020782470705,0.712775468826294,0.02453581988811493,53976
590,19333120,0.7732634338138925,5.350911712646484,0.6391922950744628,0.023545944690704347,52984
600,19660800,0.7863695937090432,5.2813873291015625,0.7299961566925048,0.024507783353328705,53244
610,19988480,0.799475753604194,5.3110595703125,0.7078274726867676,0.02299641668796539,66916
620,20316160,0.8125819134993447,5.2341255187988285,0.6475037574768067,0.022220328450202942,49727
630,20643840,0.8256880733944955,5.195635986328125,0.6160406589508056,0.022928711771965028,50012
640,20971520,0.8387942332896461,5.22888298034668,0.6061317443847656,0.02221476286649704,52483
650,21299200,0.8519003931847968,5.219226837158203,0.6325301647186279,0.0226169154047966,54636
660,21626880,0.8650065530799476,5.247477722167969,0.6518250465393066,0.021838685870170592,52973
670,21954560,0.8781127129750983,5.196027374267578,0.6141339302062988,0.02189056873321533,51034
680,22282240,0.891218872870249,5.163100814819336,0.63687162399292,0.02176327258348465,50981
690,22609920,0.9043250327653998,5.120103073120117,0.6427144050598145,0.02134106457233429,53133
700,22937600,0.9174311926605505,5.111970138549805,0.7231379508972168,0.023100990056991576,50507
710,23265280,0.9305373525557011,5.088715362548828,0.6712003707885742,0.022550199925899506,50766
720,23592960,0.9436435124508519,5.047981262207031,0.5865056991577149,0.020441529154777528,51651
730,23920640,0.9567496723460026,5.063973999023437,0.602689266204834,0.021143588423728942,52733
740,24248320,0.9698558322411533,5.127784729003906,0.704956340789795,0.02195902168750763,53714
750,24576000,0.9829619921363041,5.050392532348633,0.6052390098571777,0.020750325918197633,54455
760,24903680,0.9960681520314548,5.020761108398437,0.6231359958648681,0.02100851684808731,50906
770,25231360,0.999999619505605,4.952748107910156,0.5629062652587891,0.020090451836585997,51605
780,25559040,0.9999972942644099,4.997891998291015,0.552923059463501,0.019978636503219606,54841
790,25886720,0.9999928551787042,4.896465301513672,0.5855771064758301,0.021467462182044983,56029
800,26214400,0.9999863022693405,4.9249519348144535,0.6485319137573242,0.020618836581707,51386
810,26542080,0.9999776355671006,4.928229522705078,0.6212209701538086,0.01953326314687729,53258
820,26869760,0.999966855112696,4.833284759521485,0.567634391784668,0.019232569634914397,54467
830,27197440,0.9999539609567677,4.894626617431641,0.5528649806976318,0.019124877452850342,54333
840,27525120,0.9999389531598855,4.8761436462402346,0.5311347961425781,0.018583472073078155,51637
850,27852800,0.9999218317925475,4.755394744873047,0.5400427341461181,0.018514288961887358,53348
860,28180480,0.9999025969351808,4.782844924926758,0.605238389968872,0.019350872933864595,56643
870,28508160,0.9998812486781407,4.768012237548828,0.5585088729858398,0.018970322608947755,54604
880,28835840,0.9998577871217097,4.765818405151367,0.5824692249298096,0.018329580128192902,54802
890,29163520,0.9998322123760972,4.70557746887207,0.5407679557800293,0.018331293761730195,50498
900,29491200,0.9998045245614399,4.754552841186523,0.5345384120941162,0.017592741549015044,60405
910,29818880,0.9997747238078001,4.694263458251953,0.5431690692901612,0.017479413747787477,65634
920,30146560,0.9997428102551656,4.661950302124024,0.5272616386413574,0.017509527504444122,55594
930,30474240,0.9997087840534492,4.608478927612305,0.5812553405761719,0.01877024918794632,51044
940,30801920,0.9996726453624875,4.690407943725586,0.5367566108703613,0.017197272181510924,49848
950,31129600,0.9996343943520406,4.705444717407227,0.5458127021789551,0.01673792749643326,54480
960,31457280,0.9995940312017911,4.619255065917969,0.5195168495178223,0.01663452237844467,54822
970,31784960,0.9995515561013435,4.569190597534179,0.5218184471130372,0.017113257944583894,53336
980,32112640,0.9995069692502226,4.614945983886718,0.5321747303009033,0.01702398806810379,53829
990,32440320,0.9994602708578736,4.533090591430664,0.504171895980835,0.016377460956573487,50608
1000,32768000,0.9994114611436603,4.488792419433594,0.5114819049835205,0.016201959550380708,54137
1010,33095680,0.9993605403368643,4.486657333374024,0.5639019012451172,0.016608959436416625,53617
1020,33423360,0.9993075086766843,4.435808563232422,0.5298699855804443,0.016479554772377013,53428
1030,33751040,0.999252366412234,4.415330505371093,0.5502355575561524,0.016504450142383574,51473
1040,34078720,0.9991951138025426,4.4512275695800785,0.5439798831939697,0.016717329621315002,53016
1050,34406400,0.9991357511165514,4.432904434204102,0.5589395523071289,0.017216102778911592,52490
1060,34734080,0.9990742786331146,4.446289825439453,0.4953115940093994,0.016133825480937957,51414
1070,35061760,0.9990106966409968,4.4595996856689455,0.5195389270782471,0.016074566543102263,53537
1080,35389440,0.9989450054388717,4.361713409423828,0.5021815299987793,0.01593385487794876,52339
1090,35717120,0.9988772053353212,4.389019012451172,0.4939826011657715,0.016050902009010316,50606
1100,36044800,0.9988072966488337,4.404288101196289,0.5097867488861084,0.016086024045944215,53792
1110,36372480,0.9987352797078023,4.37142333984375,0.484529972076416,0.015677350759506225,57200
1120,36700160,0.998661154850524,4.382832336425781,0.48636784553527834,0.01558031588792801,55278
1130,37027840,0.9985849224251971,4.37806282043457,0.49126033782958983,0.015400637686252595,51446
1140,37355520,0.9985065827899208,4.347818756103516,0.491637659072876,0.015389062464237213,51804
1150,37683200,0.998426136312692,4.314268112182617,0.5336540222167969,0.015514060854911804,49662
1160,38010880,0.9983435833714049,4.281279373168945,1.1210649490356446,0.015877649188041687,53045
1170,38338560,0.998258924353849,4.283323287963867,0.511102294921875,0.015565094351768494,53529
1180,38666240,0.9981721596577064,4.332588577270508,0.5706874370574951,0.015490004420280456,53443
1190,38993920,0.9980832896905512,4.200039672851562,0.48447589874267577,0.015800724923610687,53533
1200,39321600,0.9979923148698461,4.1896415710449215,0.45874876976013185,0.015230906009674073,68479
1210,39649280,0.9978992356229419,4.253879165649414,0.4903102874755859,0.015199437737464905,66510
1220,39976960,0.9978040523870747,4.226144790649414,0.49515953063964846,0.01565755009651184,66976
1230,40304640,0.9977067656093641,4.203736114501953,0.48741955757141114,0.015294405817985534,52958
1240,40632320,0.9976073757468108,4.191067504882812,0.5046592235565186,0.015324243903160095,49470
1250,40960000,0.9975058832662946,4.224691009521484,0.5338526725769043,0.01536162793636322,52538
1260,41287680,0.9974022886445727,4.240129089355468,0.5494179248809814,0.016193220019340517,52431
1270,41615360,0.9972965923682765,4.21441764831543,0.5442917823791504,0.0159094974398613,54433
1280,41943040,0.9971887949339102,4.191677474975586,0.5043215274810791,0.015191209316253663,54103
1290,42270720,0.9970788968478482,4.1976875305175785,0.47887983322143557,0.014894504845142365,52676
1300,42598400,0.996966898626332,4.192782211303711,0.4799391746520996,0.014958567917346954,54012
1310,42926080,0.9968528007954691,4.162153244018555,0.46669731140136717,0.014899758994579316,52312
1320,43253760,0.9967366038912294,4.095757675170899,0.47490572929382324,0.015017902851104737,51880
1330,43581440,0.9966183084594433,4.220195388793945,0.4764974594116211,0.014696674048900604,52252
1340,43909120,0.996497915055799,4.166299819946289,0.5886157989501953,0.015203535556793213,54191
1350,44236800,0.9963754242458397,4.1161033630371096,0.4721488952636719,0.014853350818157196,52580
1360,44564480,0.9962508366049612,4.1411376953125,0.4646745204925537,0.014634843170642852,51296
1370,44892160,0.9961241527184089,4.075481033325195,0.5144768238067627,0.014631320536136628,51904
1380,45219840,0.9959953731812754,4.134206771850586,0.4896826267242432,0.01681927442550659,52501
1390,45547520,0.9958644985984976,4.112461090087891,0.4855048179626465,0.014931237697601319,54128
1400,45875200,0.9957315295848536,4.117033004760742,0.4795363903045654,0.014528663456439972,54208
1410,46202880,0.99559646676496,4.072550582885742,0.4611050128936768,0.014504225552082061,50111
1420,46530560,0.9954593107732691,4.064374923706055,0.4574653148651123,0.014751440286636353,51048
1430,46858240,0.9953200622540659,4.051115417480469,0.4684640884399414,0.014682845771312713,53767
1440,47185920,0.9951787218614647,4.064756774902344,0.47712221145629885,0.014797341823577882,53193
1450,47513600,0.9950352902594064,4.0514881134033205,0.457792854309082,0.014458538591861725,48938
1460,47841280,0.9948897681216552,4.057679748535156,0.4549128532409668,0.014705158770084381,54915
1470,48168960,0.9947421561317958,4.020135879516602,0.4551406383514404,0.014452709257602692,54577
1480,48496640,0.9945924549832297,4.063909912109375,0.4533660411834717,0.0143141970038414,51199
1490,48824320,0.9944406653791718,4.133004379272461,0.4597800254821777,0.01451684981584549,53988
1500,49152000,0.994286788032648,4.007761764526367,0.4543409824371338,0.014507170021533965,68905
1510,49479680,0.9941308236664911,4.021502685546875,0.4572778224945068,0.01444927603006363,66496
1520,49807360,0.9939727730133375,3.9946834564208986,0.44695677757263186,0.014482878148555756,66630
1530,50135040,0.9938126368156238,3.9335067749023436,0.44817585945129396,0.014483924210071563,52845
1540,50462720,0.9936504158255838,4.041067123413086,0.459749698638916,0.014306601881980897,54129
1550,50790400,0.9934861108052436,3.9110530853271483,0.48482499122619627,0.014728863537311555,52663
1560,51118080,0.9933197225264201,3.9803184509277343,0.44436120986938477,0.014357659220695495,52556
1570,51445760,0.9931512517707154,4.037392044067383,0.46092591285705564,0.014294968545436859,54253
1580,51773440,0.9929806993295143,3.95321044921875,0.4517073631286621,0.014124639332294464,54019
1590,52101120,0.99280806600398,3.9626502990722656,0.46325006484985354,0.014324615895748138,53825
1600,52428800,0.9926333526050509,4.008269882202148,0.46848630905151367,0.014278355240821838,50262
1610,52756480,0.9924565599534364,3.9460529327392577,0.47662715911865233,0.014190971851348877,54014
1620,53084160,0.9922776888796125,3.995954895019531,0.4605739593505859,0.014198601245880127,54393
1630,53411840,0.9920967402238197,4.004459381103516,0.4427743911743164,0.014393357932567597,53752
1640,53739520,0.9919137148360565,3.9539356231689453,0.46229305267333987,0.014294399321079254,50992
1650,54067200,0.9917286135760778,3.936925506591797,0.4486807346343994,0.014117459952831268,51727
1660,54394880,0.9915414373133894,3.884049987792969,0.4611816883087158,0.01434372216463089,50180
1670,54722560,0.9913521869272444,3.9143028259277344,0.4562619686126709,0.014209786057472229,49663
1680,55050240,0.991160863306639,3.9174808502197265,0.44016151428222655,0.01424161195755005,48657
1690,55377920,0.9909674673503083,3.8990768432617187,0.44881424903869627,0.01428854763507843,51336
1700,55705600,0.9907719999667222,3.9963447570800783,0.42735753059387205,0.01395653784275055,47972
1710,56033280,0.990574462074081,3.9395065307617188,0.44109606742858887,0.014247334003448487,52358
1720,56360960,0.9903748546003112,3.9530719757080077,0.4327362060546875,0.013895474374294281,51991
1730,56688640,0.9901731784830609,3.9217716217041017,0.44988255500793456,0.014143764972686768,50092
1740,57016320,0.9899694346696959,3.8931804656982423,0.4429126739501953,0.014117206633090972,53631
1750,57344000,0.9897636241172943,3.929315948486328,0.45585832595825193,0.014073552191257476,55136
1760,57671680,0.9895557477926437,3.9406288146972654,0.4562539577484131,0.014104294776916503,53667
1770,57999360,0.9893458066722344,3.900553512573242,0.4288443088531494,0.01388770341873169,54209
1780,58327040,0.9891338017422565,3.8923480987548826,0.4453911781311035,0.014024822413921357,54156
1790,58654720,0.988919733998595,3.894746017456055,0.4766508102416992,0.014719125628471375,60055
1800,58982400,0.9887036044468247,3.929902267456055,0.45145363807678224,0.014135308563709259,65506
1810,59310080,0.9884854141022056,3.8622695922851564,0.4422621250152588,0.014186954498291016,67603
1820,59637760,0.9882651639896781,3.8737979888916017,0.4418179512023926,0.014033836126327515,66806
1830,59965440,0.9880428551438585,3.9131587982177733,0.45392141342163084,0.01439501941204071,58679
1840,60293120,0.9878184886090338,3.838334655761719,0.4779378890991211,0.01461627185344696,54941
1850,60620800,0.9875920654391568,3.8451744079589845,0.4961265563964844,0.014112868905067444,50886
1860,60948480,0.9873635866978416,3.8943931579589846,0.44887580871582033,0.013894763588905335,49217
1870,61276160,0.987133053458358,3.9543376922607423,0.4431044578552246,0.013941124081611633,51995
1880,61603840,0.9869004668036266,3.8777389526367188,0.45378909111022947,0.014022134244441986,53744
1890,61931520,0.9866658278262145,3.8368885040283205,0.457749605178833,0.014026546478271484,54261
1900,62259200,0.9864291376283284,3.8206546783447264,0.4341247081756592,0.013898037374019623,52150
1910,62586880,0.9861903973218116,3.864095687866211,0.43271188735961913,0.013776050508022308,51510
1920,62914560,0.9859496080281371,3.829801559448242,0.4336509704589844,0.013881155848503112,54065
1930,63242240,0.9857067708784032,3.77587890625,0.4235707759857178,0.013918866217136384,50590
1940,63569920,0.9854618870133276,3.8178684234619142,0.459146785736084,0.014570395648479461,51799
1950,63897600,0.9852149575832427,3.787347412109375,0.43873987197875974,0.014129900932312011,51330
1960,64225280,0.9849659837480899,3.797871398925781,0.45253949165344237,0.013984616100788116,53076
1970,64552960,0.9847149666774135,3.8375728607177733,0.45874485969543455,0.013960534334182739,50932
1980,64880640,0.9844619075503569,3.815876770019531,0.4560098648071289,0.014047013223171234,52482
1990,65208320,0.9842068075556548,3.7949268341064455,0.44435920715332033,0.014061647653579711,53349
2000,65536000,0.9839496678916297,3.7798439025878907,0.4392873764038086,0.01400085985660553,52321
2010,65863680,0.9836904897661849,3.7687923431396486,0.43936820030212403,0.013767281174659729,53146
2020,66191360,0.9834292743967993,3.783298110961914,0.4223788261413574,0.013898198306560517,52518
2030,66519040,0.9831660230105219,3.795842742919922,0.4458332061767578,0.013945025205612183,54156
2040,66846720,0.9829007368439657,3.817696762084961,0.45166645050048826,0.013861070573329925,52831
2050,67174400,0.9826334171433019,3.795669174194336,0.4704714298248291,0.01437111347913742,52462
2060,67502080,0.9823640651642543,3.8046459197998046,0.43513031005859376,0.013859188556671143,53693
2070,67829760,0.9820926821720932,3.7345870971679687,0.4443173408508301,0.01396290361881256,55798
2080,68157440,0.9818192694416293,3.7825504302978517,0.4285038948059082,0.013923864066600799,50825
2090,68485120,0.9815438282572083,3.8058231353759764,0.4339586734771729,0.013739529252052306,55083
2100,68812800,0.9812663599127042,3.7379165649414063,0.42386350631713865,0.013801723718643188,68392
2110,69140480,0.9809868657115136,3.7273929595947264,0.4351479530334473,0.013745900988578797,68834
2120,69468160,0.9807053469665494,3.794133758544922,0.4235065937042236,0.013894896209239959,68482
2130,69795840,0.980421805000235,3.7280941009521484,0.4247257232666016,0.013765151798725127,64024
2140,70123520,0.9801362411444974,3.772064208984375,0.4500372886657715,0.014015559852123261,54298
2150,70451200,0.9798486567407615,3.746027374267578,0.4548828601837158,0.014129190146923066,53702
2160,70778880,0.9795590531399438,3.731846237182617,0.4354447364807129,0.013950446248054504,53047
2170,71106560,0.9792674317024457,3.7315837860107424,0.4443164825439453,0.013664250075817109,51567
2180,71434240,0.9789737937981473,3.7835128784179686,0.46538491249084474,0.014202190935611725,52360
2190,71761920,0.9786781408064011,3.7612384796142577,0.4368776321411133,0.013907712697982789,51377
2200,72089600,0.9783804741160256,3.734782409667969,0.4470201969146729,0.013922660052776337,53276
2210,72417280,0.978080795125298,3.711186981201172,0.42830352783203124,0.013739752769470214,53062
2220,72744960,0.9777791052419487,3.728348159790039,0.4296712875366211,0.01360141932964325,52420
2230,73072640,0.9774754058831538,3.72735595703125,0.42168264389038085,0.013701894879341125,51819
2240,73400320,0.9771696984755293,3.7359699249267577,0.44536051750183103,0.013851664960384369,52671
2250,73728000,0.9768619844551234,3.707437515258789,0.4481974124908447,0.01374996155500412,52848
2260,74055680,0.9765522652674108,3.686243438720703,0.4188732147216797,0.013836956024169922,51100
2270,74383360,0.976240542367285,3.771713638305664,0.44330849647521975,0.01368531733751297,53380
2280,74711040,0.9759268172190521,3.784335708618164,0.4283436298370361,0.013694655895233155,53531
2290,75038720,0.9756110912964235,3.721480941772461,0.4289101123809814,0.013665029406547546,54279
2300,75366400,0.9752933660825093,3.6960494995117186,0.41014842987060546,0.0136247918009758,51722
2310,75694080,0.9749736430698112,3.673929977416992,0.43371996879577634,0.01361997276544571,54665
2320,76021760,0.9746519237602153,3.7089405059814453,0.43976540565490724,0.013755446672439576,55759
2330,76349440,0.9743282096649852,3.7063350677490234,0.4379576683044434,0.013788987696170808,52688
2340,76677120,0.9740025023047555,3.6302024841308596,0.41797261238098143,0.013724836707115173,49916
2350,77004800,0.9736748032095234,3.6881004333496095,0.4438636302947998,0.013676522672176361,52811
2360,77332480,0.9733451139186423,3.775279998779297,0.43492832183837893,0.013574166595935822,52855
2370,77660160,0.973013435980815,3.675794982910156,0.413031005859375,0.01380288451910019,52883
2380,77987840,0.9726797709540852,3.7327720642089846,0.4157200813293457,0.013598433136940003,52160
2390,78315520,0.9723441204058314,3.7106937408447265,0.42706828117370604,0.013580599427223205,58836
2400,78643200,0.9720064859127585,3.6877426147460937,0.42171545028686525,0.013643014430999755,68047
2410,78970880,0.9716668690608914,3.6892410278320313,0.4242228984832764,0.013438640534877777,68562
2420,79298560,0.9713252714455668,3.6850013732910156,0.42467827796936036,0.013707110285758972,68039
2430,79626240,0.9709816946714261,3.7219165802001952,0.42506980895996094,0.013536016643047332,64820
2440,79953920,0.9706361403524074,3.7527530670166014,0.4296392917633057,0.013527755439281464,49942
2450,80281600,0.9702886101117387,3.7041290283203123,0.4297612190246582,0.013545788824558258,54152
2460,80609280,0.9699391055819293,3.6981815338134765,0.44286789894104006,0.013951344788074494,51972
2470,80936960,0.9695876284047632,3.7503177642822267,0.44081759452819824,0.013959848880767822,50436
2480,81264640,0.9692341802312905,3.662753677368164,0.41845316886901857,0.013642118871212005,53198
2490,81592320,0.9688787627218198,3.738495635986328,0.41817512512207033,0.013687430322170258,50971
2500,81920000,0.9685213775459112,3.6897537231445314,0.44697999954223633,0.013807666301727296,53750
2510,82247680,0.968162026382367,3.5913822174072267,0.4223428249359131,0.01363896280527115,51219
2520,82575360,0.9678007109192254,3.6373367309570312,0.442033576965332,0.013611999154090882,49238
2530,82903040,0.9674374328537514,3.5708789825439453,0.42020187377929685,0.01365756094455719,52600
2540,83230720,0.9670721938924294,3.640919876098633,0.4195352554321289,0.01356617659330368,52875
2550,83558400,0.966704995750955,3.721784973144531,0.4391645431518555,0.013536763191223145,53503
2560,83886080,0.9663358401542269,3.6351375579833984,0.4084932804107666,0.013376185297966003,49012
2570,84213760,0.965964728836339,3.6690860748291017,0.4132422924041748,0.013471832871437073,51299
2580,84541440,0.9655916635405721,3.7238189697265627,0.43584609031677246,0.013716022670269012,54138
2590,84869120,0.9652166460193854,3.697711944580078,0.45319557189941406,0.013684359192848206,48439
2600,85196800,0.9648396780344092,3.611967086791992,0.42424650192260743,0.013555510342121125,50836
2610,85524480,0.9644607613564357,3.597059631347656,0.42301106452941895,0.013538068532943726,51708
2620,85852160,0.9640798977654107,3.654854965209961,0.4226511001586914,0.01349518597126007,54709
2630,86179840,0.9636970890504263,3.5991573333740234,0.4212596893310547,0.013583561778068543,55022
2640,86507520,0.963312337009711,3.670560836791992,0.4256711006164551,0.013454897701740265,52401
2650,86835200,0.9629256434506225,3.645315933227539,0.4216249942779541,0.013446246087551118,51803
2660,87162880,0.9625370101896386,3.5644306182861327,0.427092170715332,0.01352718472480774,50455
2670,87490560,0.9621464390523483,3.648220443725586,0.4236767768859863,0.013656464219093323,52516
2680,87818240,0.9617539318734444,3.661195755004883,0.46340227127075195,0.014179205894470215,53687
2690,88145920,0.9613594904967137,3.6157596588134764,0.41929116249084475,0.013421754539012908,59347
2700,88473600,0.9609631167750291,3.6287845611572265,0.4325345516204834,0.013274571299552918,68042
2710,88801280,0.9605648125703407,3.626211166381836,0.43894176483154296,0.01359565556049347,68843
2720,89128960,0.9601645797536662,3.684223175048828,0.43583130836486816,0.013347168266773225,68084
2730,89456640,0.959762420205084,3.651798629760742,0.4248570442199707,0.013544853031635284,63066
2740,89784320,0.9593583358137223,3.6403411865234374,0.4079917907714844,0.01347142606973648,54492
2750,90112000,0.9589523284777519,3.63140754699707,0.4329368591308594,0.01345638781785965,54490
2760,90439680,0.9585444001043758,3.626835250854492,0.426021671295166,0.013424600660800933,49237
2770,90767360,0.9581345526098218,3.555510330200195,0.4149806499481201,0.013381972908973694,50764
2780,91095040,0.9577227879193322,3.545697021484375,0.43109769821166993,0.013449490070343018,53909
2790,91422720,0.9573091079671553,3.615073394775391,0.4201655864715576,0.013449609279632568,53238
2800,91750400,0.9568935146965365,3.594225311279297,0.4205602169036865,0.013389228284358979,52256
2810,92078080,0.9564760100597085,3.6332759857177734,0.42880539894104003,0.013402481377124787,52117
2820,92405760,0.956056596017883,3.545317459106445,0.40892558097839354,0.01347123682498932,50500
2830,92733440,0.9556352745412409,3.616810607910156,0.4193551063537598,0.013393926620483398,51898
2840,93061120,0.9552120476089232,3.5668487548828125,0.4257537364959717,0.013564926385879517,53497
2850,93388800,0.9547869172090215,3.6310516357421876,0.42088770866394043,0.013283397257328033,51382
2860,93716480,0.9543598853385692,3.5999679565429688,0.42081918716430666,0.01331356167793274,49639
2870,94044160,0.9539309540035318,3.6297733306884767,0.43550820350646974,0.013393262028694152,51064
2880,94371840,0.953500125218797,3.5890567779541014,0.41214418411254883,0.013565178215503692,51349
2890,94699520,0.9530674010081663,3.560118865966797,0.4241780757904053,0.013304294645786285,51763
2900,95027200,0.9526327834043443,3.529174041748047,0.42820353507995607,0.013460008800029755,48740
2910,95354880,0.9521962744489302,3.641143798828125,0.42753944396972654,0.013337419927120208,50527
2920,95682560,0.9517578761924075,3.5803207397460937,0.41199679374694825,0.013344486057758332,49659
2930,96010240,0.9513175906941347,3.573201370239258,0.413541316986084,0.013429656624794006,52372
2940,96337920,0.9508754200223356,3.5622386932373047,0.42452292442321776,0.013254347443580627,49393
2950,96665600,0.9504313662540893,3.560222625732422,0.42139530181884766,0.0134087473154068,52707
2960,96993280,0.949985431475321,3.5122528076171875,0.4085529327392578,0.013233129680156708,51806
2970,97320960,0.9495376177807917,3.597584533691406,0.41901183128356934,0.013269375264644622,48892
2980,97648640,0.9490879272740883,3.572403335571289,0.4265650749206543,0.013396455347537995,49531
2990,97976320,0.9486363620676144,3.548623275756836,0.41707525253295896,0.01322842836380005,59889
3000,98304000,0.9481829242825798,3.5780319213867187,0.418499231338501,0.013421373069286346,65721
3010,98631680,0.9477276160489903,3.589893341064453,0.42592406272888184,0.013300946354866028,65457
3020,98959360,0.9472704395056386,3.5396804809570312,0.4320702075958252,0.013243763148784638,65381
3030,99287040,0.9468113968000933,3.5276023864746096,0.42159481048583985,0.013360174000263214,54348
3040,99614720,0.9463504900886894,3.605073928833008,0.4176190853118896,0.01315770149230957,51135
3050,99942400,0.9458877215365181,3.564712142944336,0.41780476570129393,0.013183033466339112,49272
3060,100270080,0.9454230933174161,3.572963333129883,0.42157254219055174,0.013358670473098754,53418
3070,100597760,0.9449566076139565,3.5853740692138674,0.41928677558898925,0.013299064338207245,56461
3080,100925440,0.944488266617437,3.583256149291992,0.4422462463378906,0.013283656537532806,54333
3090,101253120,0.9440180725278713,3.6265369415283204,0.468841028213501,0.01360701322555542,54127
3100,101580800,0.9435460275539773,3.542737579345703,0.448915433883667,0.013521438837051392,51193
3110,101908480,0.9430721339131679,3.5711524963378904,0.4116158962249756,0.013384245336055756,54402
3120,102236160,0.9425963938315396,3.5222129821777344,0.40436549186706544,0.01321779638528824,53696
3130,102563840,0.9421188095438624,3.5433921813964844,0.4205524444580078,0.013193382322788239,54062
3140,102891520,0.94163938329357,3.610235595703125,0.44871816635131834,0.013407622277736665,54697
3150,103219200,0.9411581173327482,3.558329772949219,0.4288536548614502,0.013350416719913483,51940
3160,103546880,0.9406750139221247,3.5764514923095705,0.41657357215881347,0.013173477351665496,54866
3170,103874560,0.9401900753310587,3.5275230407714844,0.42159719467163087,0.013314962387084961,52345
3180,104202240,0.9397033038375302,3.4887157440185548,0.4171102046966553,0.013194955885410309,51417
3190,104529920,0.9392147017281288,3.58182373046875,0.43617401123046873,0.013100631535053253,51262
3200,104857600,0.9387242712980439,3.553624725341797,0.424143648147583,0.013221286237239838,50706
3210,105185280,0.9382320148510529,3.552357482910156,0.41663365364074706,0.013180990517139436,50496
3220,105512960,0.937737934699511,3.5326751708984374,0.41588454246520995,0.013257189095020295,53987
3230,105840640,0.9372420331643404,3.5448741912841797,0.42261447906494143,0.013352885842323303,55474
3240,106168320,0.9367443125750188,3.5157634735107424,0.4584654331207275,0.013279320299625396,54424
3250,106496000,0.936244775269569,3.546361541748047,0.4332982063293457,0.013468129932880402,53124
3260,106823680,0.9357434235945475,3.4885833740234373,0.4200889110565186,0.014002443850040435,51823
3270,107151360,0.9352402599050346,3.467976379394531,0.4403182029724121,0.013330969214439391,53058
3280,107479040,0.9347352865646213,3.553904724121094,0.4373453617095947,0.013336497545242309,55497
3290,107806720,0.9342285059454002,3.4711254119873045,0.40694727897644045,0.013300067186355591,61094
3300,108134400,0.9337199204279533,3.487197494506836,0.40808672904968263,0.01307811141014099,66207
3310,108462080,0.9332095324013407,3.5604076385498047,0.4133805751800537,0.01316097378730774,67901
3320,108789760,0.93269734426309,3.574172592163086,0.4257720947265625,0.013335490226745605,67206
3330,109117440,0.9321833584191851,3.598955535888672,0.4377859592437744,0.013317210972309113,62349
3340,109445120,0.9316675772840538,3.490435028076172,0.42401909828186035,0.013266456127166749,48281
3350,109772800,0.9311500032805579,3.549470901489258,0.4346283435821533,0.013308292627334595,52058
3360,110100480,0.9306306388399807,3.527548980712891,0.4298408508300781,0.013211706280708313,54939
3370,110428160,0.9301094864020161,3.520677947998047,0.4283172607421875,0.013136614859104157,52157
3380,110755840,0.929586548414757,3.5464019775390625,0.4160129547119141,0.013012228906154633,50987
3390,111083520,0.929061827334684,3.4426643371582033,0.4162813663482666,0.01319684088230133,51079
3400,111411200,0.928535325626654,3.5312801361083985,0.41109304428100585,0.01304885745048523,51490
3410,111738880,0.9280070457638875,3.5730464935302733,0.4373293399810791,0.013279138505458832,52463
3420,112066560,0.9274769902279585,3.5059368133544924,0.4200303077697754,0.013138934969902039,52773
3430,112394240,0.9269451615087818,3.4982086181640626,0.4330388069152832,0.013269741833209992,52367
3440,112721920,0.926411562104602,3.5114112854003907,0.4290964603424072,0.013292768597602844,51459
3450,113049600,0.9258761945219811,3.460459518432617,0.4195758819580078,0.013230997323989867,51481
3460,113377280,0.9253390612757871,3.477042388916016,0.4144113540649414,0.013145944476127625,54465
3470,113704960,0.9248001648891824,3.5550228118896485,0.43840794563293456,0.013347485661506652,52214
3480,114032640,0.9242595078936112,3.541603851318359,0.42548346519470215,0.013153988122940063,53014
3490,114360320,0.9237170928287887,3.4862632751464844,0.4316087245941162,0.013194704055786132,53445
3500,114688000,0.923172922242688,3.562364959716797,0.42348179817199705,0.012987172603607178,54346
3510,115015680,0.922626998691529,3.4923015594482423,0.42981929779052735,0.012976843118667602,53824
3520,115343360,0.922079324739766,3.46043701171875,0.42613825798034666,0.012920257449150086,51048
3530,115671040,0.9215299029600759,3.498627853393555,0.4116353511810303,0.013184948265552521,54947
3540,115998720,0.9209787359333456,3.515593338012695,0.4260237216949463,0.013148117065429687,48911
3550,116326400,0.9204258262486603,3.504954147338867,0.4230362415313721,0.01310771107673645,53103
3560,116654080,0.9198711765032919,3.4665142059326173,0.42356390953063966,0.012934061884880065,51820
3570,116981760,0.9193147893026851,3.4338584899902345,0.41281719207763673,0.013189013302326202,51612
3580,117309440,0.9187566672604472,3.4805946350097656,0.43009676933288576,0.01321822702884674,56418
3590,117637120,0.9181968129983342,3.48882942199707,0.4264199256896973,0.013063696026802064,66757
3600,117964800,0.9176352291462395,3.495156478881836,0.41782212257385254,0.013093402981758118,67467
3610,118292480,0.9170719183421812,3.525927734375,0.4237393856048584,0.013179627060890198,69651
3620,118620160,0.9165068832322891,3.4820159912109374,0.41388659477233886,0.013090422749519348,69219
3630,118947840,0.9159401264707938,3.4541378021240234,0.4118832588195801,0.013013947010040283,52961
3640,119275520,0.9153716507200125,3.482028579711914,0.4216316699981689,0.013117986917495727,54953
3650,119603200,0.9148014586503377,3.5602210998535155,0.4230326175689697,0.01310783177614212,54371
3660,119930880,0.9142295529402239,3.4901168823242186,0.4309234619140625,0.01315605193376541,57076
3670,120258560,0.9136559362761759,3.471906280517578,0.40761704444885255,0.013078473508358002,57928
3680,120586240,0.9130806113527351,3.4695220947265626,0.42882571220397947,0.013234947621822358,54343
3690,120913920,0.9125035808724679,3.5064273834228517,0.42395849227905275,0.013149842619895935,54474
3700,121241600,0.9119248475459516,3.4344444274902344,0.41582365036010743,0.012907259166240692,54143
3710,121569280,0.9113444140917637,3.493143844604492,0.4126879215240479,0.013131922483444214,53507
3720,121896960,0.9107622832364672,3.42725830078125,0.4149420738220215,0.012946987152099609,50813
3730,122224640,0.9101784577145987,3.4542613983154298,0.4228204250335693,0.013100384175777436,53238
3740,122552320,0.9095929402686556,3.4389675140380858,0.40906624794006347,0.013128307461738587,51122
3750,122880000,0.9090057336490831,3.5147647857666016,0.43231873512268065,0.013142667710781097,54439
3760,123207680,0.908416840614261,3.477507781982422,0.45614066123962405,0.01325564980506897,53954
3770,123535360,0.9078262639304908,3.5451656341552735,0.43512253761291503,0.013160699605941772,51223
3780,123863040,0.9072340063719835,3.450307846069336,0.45361886024475095,0.013582077622413636,51007
3790,124190720,0.9066400707208456,3.4176074981689455,0.43217620849609373,0.013011282682418824,54573
3800,124518400,0.906044459767066,3.5058872222900392,0.4280403614044189,0.01307932734489441,53298
3810,124846080,0.905447176308504,3.4867977142333983,0.42502613067626954,0.013081611692905426,51170
3820,125173760,0.9048482231508749,3.417230224609375,0.41317005157470704,0.013081537187099456,54714
3830,125501440,0.9042476031077374,3.4654590606689455,0.4135566234588623,0.012981228530406952,54024
3840,125829120,0.9036453190004807,3.4545665740966798,0.4373274326324463,0.013329516351222991,54341
3850,126156800,0.9030413736583102,3.499128723144531,0.414915943145752,0.013000234961509705,50968
3860,126484480,0.9024357699182355,3.465005111694336,0.4178506374359131,0.012972514331340789,50603
3870,126812160,0.9018285106250563,3.458767318725586,0.4269441604614258,0.013166426122188568,56778
3880,127139840,0.901219598631349,3.4474533081054686,0.42772274017333983,0.012916566431522369,60021
3890,127467520,0.9006090367974537,3.461986541748047,0.41985597610473635,0.012968313694000245,67139
3900,127795200,0.8999968279914605,3.439632034301758,0.43492751121520995,0.013216181099414826,68514
3910,128122880,0.8993829750891961,3.50926513671875,0.44352993965148924,0.01317112147808075,68544
3920,128450560,0.8987674809742102,3.450145721435547,0.41823840141296387,0.012988021969795227,60080
3930,128778240,0.8981503485377622,3.484353256225586,0.4211357593536377,0.013153335452079773,53505
3940,129105920,0.8975315806788072,3.430028533935547,0.42415313720703124,0.013010098040103913,55387
3950,129433600,0.8969111803039826,3.471030044555664,0.4225594520568848,0.013042241334915161,51574
3960,129761280,0.8962891503275952,3.4214630126953125,0.4205941200256348,0.013079619407653809,52410
3970,130088960,0.8956654936716058,3.462894821166992,0.42813911437988283,0.013100206851959229,52187
3980,130416640,0.8950402132656169,3.487379455566406,0.4207322120666504,0.012850141525268555,56197
3990,130744320,0.8944133120468587,3.4367816925048826,0.4341149806976318,0.01313101053237915,53885
4000,131072000,0.8937847929601748,3.444349670410156,0.4302692890167236,0.013120031356811524,55426
4010,131399680,0.8931546589580086,3.469229888916016,0.4330650806427002,0.013081759214401245,52133
4020,131727360,0.8925229130003902,3.5052906036376954,0.420275354385376,0.012947876751422883,54115
4030,132055040,0.8918895580549208,3.428171920776367,0.4340540409088135,0.013027724623680115,52991
4040,132382720,0.8912545970967604,3.461214065551758,0.4157727718353271,0.012999628484249116,51338
4050,132710400,0.8906180331086129,3.445668411254883,0.4264986038208008,0.013104674220085145,55877
4060,133038080,0.8899798690807127,3.4251529693603517,0.41882123947143557,0.01274189054965973,51898
4070,133365760,0.8893401080108099,3.513417053222656,0.42834882736206054,0.012862759828567504,55053
4080,133693440,0.8886987529041569,3.4308120727539064,0.4105555534362793,0.012901711463928222,53664
4090,134021120,0.888055806773494,3.463893508911133,0.44251599311828616,0.01322195827960968,55369
4100,134348800,0.8874112726390354,3.415160369873047,0.4298830032348633,0.013157251477241515,54796
4110,134676480,0.8867651535284545,3.470905303955078,0.42470784187316896,0.012943795323371888,53970
4120,135004160,0.8861174524768703,3.43040771484375,0.41635422706604003,0.013058909773826599,51333
4130,135331840,0.8854681725268331,3.4546463012695314,0.42618212699890134,0.01285902112722397,49236
4140,135659520,0.8848173167283098,3.475972366333008,0.4340826034545898,0.012942418456077576,49709
4150,135987200,0.8841648881386694,3.443416976928711,0.41425261497497556,0.013030745089054108,50872
4160,136314880,0.88351088982267,3.455776596069336,0.41620755195617676,0.013008266687393188,52857
4170,136642560,0.8828553248524423,3.416444778442383,0.4250915050506592,0.012916380167007446,54541
4180,136970240,0.8821981963074773,3.461771774291992,0.4385704040527344,0.01293545514345169,62946
4190,137297920,0.8815395072746101,3.4534969329833984,0.4230687141418457,0.012908419966697693,67626
4200,137625600,0.8808792608480065,3.3866111755371096,0.4227872371673584,0.012926153838634491,65494
4210,137953280,0.8802174601291479,3.45330810546875,0.42362475395202637,0.013049045205116272,68153
4220,138280960,0.8795541082268172,3.4269405364990235,0.41622447967529297,0.012983012199401855,53830
4230,138608640,0.8788892082570837,3.4704353332519533,0.42331514358520506,0.012949095666408538,54849
4240,138936320,0.8782227633432887,3.433232879638672,0.4086179256439209,0.012968508899211884,51152
4250,139264000,0.877554776616031,3.4180828094482423,0.42953715324401853,0.013083525002002716,51299
4260,139591680,0.8768852512131515,3.4154552459716796,0.415083646774292,0.013149435818195342,54422
4270,139919360,0.8762141902797198,3.4285037994384764,0.4208695888519287,0.012977047264575959,47580
4280,140247040,0.8755415969680176,3.4225090026855467,0.43711700439453127,0.013000188767910004,50058
4290,140574720,0.8748674744375259,3.4705322265625,0.43431754112243653,0.012908960878849029,52949
4300,140902400,0.8741918258549084,3.4002220153808596,0.4367982387542725,0.013098251819610596,54026
4310,141230080,0.8735146543939974,3.4576019287109374,0.42801823616027834,0.012906186282634735,51870
4320,141557760,0.8728359632357797,3.3971580505371093,0.432800817489624,0.013017469644546508,58184
4330,141885440,0.8721557555683797,3.426888275146484,0.4250007152557373,0.012852804362773895,53072
4340,142213120,0.8714740345870462,3.373150634765625,0.42580318450927734,0.012942790985107422,58257
4350,142540800,0.8707908034941365,3.4356056213378907,0.43930974006652834,0.012872406840324402,51002
4360,142868480,0.8701060654991017,3.42833251953125,0.4322649478912354,0.013076259195804596,53242
4370,143196160,0.8694198238184716,3.4191078186035155,0.4204592704772949,0.012907929718494415,53900
4380,143523840,0.8687320816758393,3.3867565155029298,0.4300276756286621,0.013022887706756591,53473
4390,143851520,0.8680428423018461,3.4073463439941407,0.4197420120239258,0.012830157577991486,53250
4400,144179200,0.8673521089341671,3.3861629486083986,0.42116589546203614,0.012774835526943206,52580
4410,144506880,0.866659884817495,3.408992385864258,0.43707728385925293,0.013121560215950012,54261
4420,144834560,0.865966173203525,3.3747276306152343,0.42382030487060546,0.012733927369117737,52188
4430,145162240,0.86527097735094,3.437482452392578,0.44670419692993163,0.013154800236225127,54513
4440,145489920,0.8645743005253953,3.4482913970947267,0.4221630096435547,0.013005363941192626,55165
4450,145817600,0.8638761459995025,3.3948020935058594,0.42783780097961427,0.012894919514656067,53320
4460,146145280,0.8631765170528151,3.3871994018554688,0.42873282432556153,0.012882217764854431,53490
4470,146472960,0.8624754169718122,3.3480628967285155,0.4334420204162598,0.012931965291500092,70785
4480,146800640,0.8617728490498839,3.3991371154785157,0.4277356147766113,0.012954621016979218,72240
4490,147128320,0.8610688165873153,3.2500984191894533,0.41548657417297363,0.01276768296957016,71160
4500,147456000,0.860363322891271,3.3568649291992188,0.42064552307128905,0.012829671800136565,71352
4510,147783680,0.8596563712757798,3.363999938964844,0.4319918632507324,0.012821748852729797,55173
4520,148111360,0.8589479650617188,3.359144592285156,0.4244642734527588,0.012822422385215759,57395
4530,148439040,0.8582381075767984,3.3632686614990233,0.4236308574676514,0.012876088917255401,51152
4540,148766720,0.8575268021555462,3.404236602783203,0.4302972793579102,0.013039638102054597,56767
4550,149094400,0.8568140521392911,3.3965057373046874,0.42199063301086426,0.01265830397605896,53021
4560,149422080,0.8560998608761481,3.39654655456543,0.42474141120910647,0.012762230634689332,59496
4570,149749760,0.8553842317210026,3.427191162109375,0.4253669738769531,0.01291089653968811,52148
4580,150077440,0.8546671680354943,3.36731071472168,0.41834845542907717,0.012859910726547241,57608
4590,150405120,0.8539486731880013,3.3987686157226564,0.41583995819091796,0.012917082011699676,56366
4600,150732800,0.8532287505536249,3.3524703979492188,0.40988788604736326,0.01285560429096222,53574
4610,151060480,0.8525074035141732,3.4093994140625,0.42682223320007323,0.01280490905046463,56832
4620,151388160,0.8517846354581458,3.4013381958007813,0.41868133544921876,0.012849408388137817,52288
4630,151715840,0.8510604497807165,3.393834686279297,0.44446091651916503,0.013091172277927398,52103
4640,152043520,0.8503348498837191,3.344253158569336,0.42002067565917967,0.013005906343460083,55296
4650,152371200,0.8496078391756305,3.3982215881347657,0.42232232093811034,0.012732559442520141,57504
4660,152698880,0.8488794210715549,3.347821807861328,0.4173731803894043,0.012873481214046478,52154
4670,153026560,0.8481495989932074,3.354714202880859,0.40828256607055663,0.012872757017612457,58317
4680,153354240,0.8474183763688985,3.415721130371094,0.41757678985595703,0.0127672478556633,51635
4690,153681920,0.8466857566335172,3.378963851928711,0.4241035461425781,0.01281871199607849,51246
4700,154009600,0.8459517432285163,3.4241294860839844,0.43517746925354006,0.012975728511810303,53600
4710,154337280,0.8452163396018946,3.362399673461914,0.4289024829864502,0.012760896980762482,54641
4720,154664960,0.8444795492081815,3.382864761352539,0.4294651985168457,0.013013294339179993,54065
4730,154992640,0.8437413755084207,3.413095474243164,0.4471568584442139,0.012653547525405883,52145
4740,155320320,0.8430018219701542,3.4060054779052735,0.4289034366607666,0.012838783860206603,53161
4750,155648000,0.8422608920674052,3.376388931274414,0.4312485694885254,0.012793132662773132,52692
4760,155975680,0.841518589280663,3.415556716918945,0.4228970527648926,0.012811698019504547,64426
4770,156303360,0.8407749170968652,3.385470962524414,0.4231758117675781,0.012796789407730103,67180
4780,156631040,0.8400298790093831,3.341347503662109,0.42234244346618655,0.012934610247612,65297
4790,156958720,0.8392834785180031,3.345046615600586,0.425260066986084,0.01297372430562973,66945
4800,157286400,0.8385357191289123,3.3752391815185545,0.42937521934509276,0.012896306812763214,57235
4810,157614080,0.837786604354681,3.3673038482666016,0.4210926055908203,0.012951460480690003,49553
4820,157941760,0.8370361377142459,3.4043434143066404,0.42799086570739747,0.012796708941459655,54714
4830,158269440,0.8362843227328948,3.3075904846191406,0.41957988739013674,0.012763836979866027,50616
4840,158597120,0.8355311629422486,3.3222808837890625,0.41827569007873533,0.012824949622154237,50195
4850,158924800,0.8347766618802456,3.3404563903808593,0.42342491149902345,0.01289394348859787,50464
4860,159252480,0.8340208230911248,3.3493152618408204,0.4249733448028564,0.012797056138515473,53999
4870,159580160,0.8332636501254091,3.3441936492919924,0.4216302394866943,0.01292327493429184,54651
4880,159907840,0.8325051465398888,3.383467102050781,0.42517504692077634,0.01260540783405304,51264
4890,160235520,0.8317453158976044,3.3943077087402345,0.4287135601043701,0.01278698444366455,51698
4900,160563200,0.8309841617678299,3.296030807495117,0.42477855682373045,0.012862136960029602,62731
4910,160890880,0.8302216877260572,3.3512104034423826,0.42226881980895997,0.012745201587677002,53804
4920,161218560,0.829457897353978,3.3548946380615234,0.43147706985473633,0.01299773007631302,50223
4930,161546240,0.8286927942394671,3.325146484375,0.4387207984924316,0.013044892251491547,54072
4940,161873920,0.8279263819765664,3.381861114501953,0.4355455875396729,0.012843054533004761,53533
4950,162201600,0.827158664165467,3.336091232299805,0.42621517181396484,0.012837894260883331,51730
4960,162529280,0.8263896444124933,3.3346824645996094,0.4193638801574707,0.012724533677101135,54591
4970,162856960,0.825619326330085,3.300693893432617,0.43047175407409666,0.012876906991004944,53083
4980,163184640,0.8248477135367809,3.3430004119873047,0.43875875473022463,0.013123977184295654,50495
4990,163512320,0.8240748096572016,3.3051078796386717,0.4403532981872559,0.013084962964057922,53902
5000,163840000,0.8233006183220325,3.302414321899414,0.4337946891784668,0.012839554250240326,55568
5010,164167680,0.8225251431680068,3.358573150634766,0.4216897964477539,0.012643253803253174,54939
5020,164495360,0.8217483878378885,3.280731201171875,0.42277798652648924,0.012856417894363403,51430
5030,164823040,0.8209703559804551,3.341778564453125,0.4184589862823486,0.01282440423965454,49660
5040,165150720,0.8201910512504803,3.380656051635742,0.42800726890563967,0.01287105530500412,52041
5050,165478400,0.8194104773087175,3.3890850067138674,0.42513470649719237,0.012825459241867065,54431
5060,165806080,0.8186286378218818,3.323485565185547,0.42845916748046875,0.012773312628269196,70269
5070,166133760,0.8178455364626335,3.314670181274414,0.4205434322357178,0.012676692008972168,66710
5080,166461440,0.8170611769095599,3.2531494140625,0.43619403839111326,0.012805485725402832,69874
5090,166789120,0.8162755628471595,3.240020751953125,0.43023319244384767,0.012836910784244537,68136
5100,167116800,0.815488697965823,3.3210212707519533,0.4373916149139404,0.01280933916568756,54292
5110,167444480,0.8147005859618172,3.3871368408203124,0.4365992069244385,0.012749359011650085,52650
5120,167772160,0.813911230537267,3.2874034881591796,0.4196275234222412,0.0127584308385849,54957
5130,168099840,0.8131206354001385,3.373892593383789,0.43291645050048827,0.012659868597984314,53294
5140,168427520,0.8123288042642208,3.2681983947753905,0.41838550567626953,0.012723964452743531,50940
5150,168755200,0.8115357408491098,3.319048309326172,0.4361556529998779,0.012829373776912689,50281
5160,169082880,0.8107414488801894,3.348873519897461,0.4338091850280762,0.012675614655017852,50779
5170,169410560,0.8099459320886147,3.3575931549072267,0.4288661479949951,0.012754197418689727,49093
5180,169738240,0.8091491942112942,3.361083221435547,0.43152284622192383,0.01298452466726303,51337
5190,170065920,0.8083512389908728,3.3084842681884767,0.42548518180847167,0.012859921157360076,49080
5200,170393600,0.8075520701757136,3.377473831176758,0.42349772453308104,0.012817555665969848,51398
5210,170721280,0.8067516915198807,3.3539554595947267,0.4305562973022461,0.012678246200084686,50414
5220,171048960,0.8059501067831211,3.3475341796875,0.4502457618713379,0.012781493365764618,51993
5230,171376640,0.8051473197308472,3.301373291015625,0.4268605709075928,0.012962730228900909,51819
5240,171704320,0.8043433341341197,3.310491943359375,0.4232800960540771,0.012757433950901032,54240
5250,172032000,0.8035381537696291,3.3692691802978514,0.4366591453552246,0.01272820234298706,54529
5260,172359680,0.8027317824196785,3.3717864990234374,0.43025941848754884,0.012881249189376831,52693
5270,172687360,0.8019242238721653,3.3236656188964844,0.42792725563049316,0.013064578175544739,52890
5280,173015040,0.8011154819205639,3.298117446899414,0.41785273551940916,0.012814749777317048,54200
5290,173342720,0.8003055603639075,3.33136100769043,0.423793888092041,0.012823902070522308,52772
5300,173670400,0.799494463006771,3.329522705078125,0.4270643711090088,0.012729883193969727,58545
5310,173998080,0.7986821936592519,3.363519287109375,0.42979955673217773,0.012671038508415222,54211
5320,174325760,0.7978687561369534,3.3541439056396483,0.43623790740966795,0.012741191685199738,57683
5330,174653440,0.7970541542609662,3.3245895385742186,0.4246696949005127,0.012645919620990754,55134
5340,174981120,0.7962383918578503,3.302532196044922,0.4282663822174072,0.01292862594127655,53699
5350,175308800,0.7954214727596175,3.397846984863281,0.46168808937072753,0.012824337184429168,54067
5360,175636480,0.794603400803713,3.299924850463867,0.4269082546234131,0.01273174285888672,66037
5370,175964160,0.7937841798329972,3.269845199584961,0.4239946365356445,0.01282399445772171,69227
5380,176291840,0.7929638136957288,3.2710289001464843,0.4262580871582031,0.012765792012214661,72189
5390,176619520,0.7921423062455447,3.3488086700439452,0.43336172103881837,0.012848889827728272,67227
5400,176947200,0.791319661341444,3.288385772705078,0.4273999691009521,0.012766920030117035,59274
5410,177274880,0.7904958828477688,3.364986038208008,0.44446496963500975,0.012800738215446472,54298
5420,177602560,0.7896709746341858,3.294887924194336,0.426194429397583,0.012828777730464935,53229
5430,177930240,0.7888449405756687,3.2894256591796873,0.4308491230010986,0.012819118797779083,52569
5440,178257920,0.78801778455248,3.3095474243164062,0.43239850997924806,0.012824437022209168,54321
5450,178585600,0.7871895104501523,3.2706844329833986,0.4329817295074463,0.012933799624443054,53520
5460,178913280,0.7863601221594704,3.2891986846923826,0.4282240390777588,0.012736955285072326,54193
5470,179240960,0.7855296235764533,3.3051342010498046,0.43920083045959474,0.012823507189750671,51201
5480,179568640,0.7846980186023351,3.347406005859375,0.42044939994812014,0.012725497782230377,51848
5490,179896320,0.7838653111435474,3.272098922729492,0.44391937255859376,0.012843766808509826,50001
5500,180224000,0.7830315051117006,3.2755836486816405,0.4360452175140381,0.012771114706993103,53388
5510,180551680,0.7821966044235655,3.2979690551757814,0.45088973045349123,0.012838275730609893,55244
5520,180879360,0.7813606130010551,3.358991241455078,0.43058161735534667,0.012705352902412415,54136
5530,181207040,0.7805235347712062,3.3701236724853514,0.4386285305023193,0.012756142020225524,53108
5540,181534720,0.7796853736661605,3.3393898010253906,0.4345726013183594,0.012879231572151184,51270
5550,181862400,0.7788461336231468,3.2829238891601564,0.42521119117736816,0.012676015496253967,51103
5560,182190080,0.7780058185844622,3.289760208129883,0.43530807495117185,0.012833818793296814,53416
5570,182517760,0.777164432497453,3.2452014923095702,0.42460222244262696,0.012699241936206817,53172
5580,182845440,0.7763219793144973,3.3630435943603514,0.4266172409057617,0.012806238234043121,52372
5590,183173120,0.7754784629929858,3.2544933319091798,0.4206097602844238,0.012726837396621704,51735
5600,183500800,0.7746338874953032,3.2706714630126954,0.4280813694000244,0.012802328169345855,50615
5610,183828480,0.773788256788809,3.3029811859130858,0.42711305618286133,0.012752106785774231,52566
5620,184156160,0.7729415748458205,3.2948055267333984,0.425294017791748,0.012712875008583069,53723
5630,184483840,0.7720938456435924,3.3193740844726562,0.43613309860229493,0.012735894322395325,50842
5640,184811520,0.7712450731642992,3.226557159423828,0.4331525802612305,0.01281312108039856,54079
5650,185139200,0.7703952613950162,3.3332965850830076,0.44014744758605956,0.01277095228433609,52483
5660,185466880,0.7695444143277006,3.2682163238525392,0.48856868743896487,0.013535760343074799,55496
5670,185794560,0.7686925359591726,3.283375549316406,0.4394075393676758,0.01269071251153946,66806
5680,186122240,0.7678396302910978,3.336612319946289,0.43698577880859374,0.012729780375957489,65411
5690,186449920,0.7669857013299661,3.3371917724609377,0.43394775390625,0.012772132456302644,67024
5700,186777600,0.7661307530870757,3.360652542114258,0.43585829734802245,0.01263333559036255,64828
5710,187105280,0.7652747895785117,3.2473876953125,0.43479266166687014,0.012843327224254608,50409
5720,187432960,0.7644178148251293,3.1848983764648438,0.4239666938781738,0.01282128095626831,53151
5730,187760640,0.7635598328525331,3.318166732788086,0.4481985092163086,0.012785103917121888,53517
5740,188088320,0.76270084769106,3.283687973022461,0.43425698280334474,0.012807062268257141,52340
5750,188416000,0.7618408633757584,3.308980941772461,0.43019914627075195,0.012754043936729431,54106
5760,188743680,0.760979883946371,3.3377716064453127,0.4568807125091553,0.012798473238945007,52034
5770,189071360,0.7601179134473144,3.3082183837890624,0.4408111095428467,0.012657377123832702,50040
5780,189399040,0.7592549559276612,3.304426574707031,0.42521395683288576,0.012607498466968537,48792
5790,189726720,0.7583910154411201,3.36658935546875,0.4383252143859863,0.012770894169807433,53114
5800,190054400,0.7575260960460173,3.330270767211914,0.42352471351623533,0.012655489146709442,49879
5810,190382080,0.7566602018052777,3.333273696899414,0.4408137798309326,0.01276356726884842,51837
5820,190709760,0.7557933367864051,3.343288040161133,0.44193358421325685,0.01267593502998352,52830
5830,191037440,0.7549255050614639,3.283865737915039,0.43129806518554686,0.012725476920604707,52989
5840,191365120,0.7540567107070592,3.2855979919433596,0.42960152626037595,0.012744149565696717,52742
5850,191692800,0.753186957804318,3.2814662933349608,0.4355195999145508,0.012626782059669495,51468
5860,192020480,0.7523162504388706,3.306479263305664,0.4356204986572266,0.012619656324386597,54035
5870,192348160,0.7514445927008302,3.34022216796875,0.44672222137451173,0.012740853428840637,50342
5880,192675840,0.7505719886847744,3.1933746337890625,0.43933758735656736,0.012761469185352325,51138
5890,193003520,0.7496984424897264,3.29827880859375,0.4343906879425049,0.012906631827354431,48254
5900,193331200,0.7488239582191348,3.260468292236328,0.43212032318115234,0.012769585847854615,54408
5910,193658880,0.7479485399808549,3.285462188720703,0.430645227432251,0.012942473590373992,51761
5920,193986560,0.7470721918871295,3.2394535064697267,0.43102078437805175,0.012659227848052979,52590
5930,194314240,0.7461949180545687,3.2572391510009764,0.4382633209228516,0.012669257819652557,55614
5940,194641920,0.745316722604132,3.2848587036132812,0.43205084800720217,0.012618920207023621,50534
5950,194969600,0.744437609661108,3.3239360809326173,0.4398524761199951,0.01259441077709198,48286
5960,195297280,0.7435575833550946,3.2326202392578125,0.43358917236328126,0.012717097997665405,51112
5970,195624960,0.7426766478199808,3.3831932067871096,0.4473396301269531,0.012670770287513733,65920
5980,195952640,0.7417948071939264,3.2774330139160157,0.4564108371734619,0.012936937808990478,66992
5990,196280320,0.7409120656193431,3.2166751861572265,0.4372104167938232,0.012812894582748414,68920
6000,196608000,0.7400284272428742,3.2273895263671877,0.4352250099182129,0.012879705429077149,66454
6010,196935680,0.7391438962153765,3.2710407257080076,0.42810912132263185,0.01269899755716324,54241
6020,197263360,0.7382584766918991,3.2778392791748048,0.43642449378967285,0.012623274326324463,49298
6030,197591040,0.7373721728316657,3.2675525665283205,0.4412069797515869,0.012799809873104095,50107
6040,197918720,0.7364849887980534,3.3258731842041014,0.4451130390167236,0.012665733695030212,51772
6050,198246400,0.7355969287585742,3.3144248962402343,0.44901628494262696,0.01283164918422699,54716
6060,198574080,0.7347079968848549,3.306253433227539,0.4319124698638916,0.012759131193161011,54026
6070,198901760,0.733818197352618,3.236639404296875,0.4332755088806152,0.012561678886413574,54327
6080,199229440,0.7329275343416618,3.1768489837646485,0.4261157989501953,0.012819305062294006,49983
6090,199557120,0.7320360120358402,3.2685340881347655,0.44332637786865237,0.012771469354629517,50397
6100,199884800,0.7311436346230444,3.244680404663086,0.4372854709625244,0.012853817641735077,53433
6110,200212480,0.7302504062951819,3.322102355957031,0.4292894840240479,0.012728331983089447,50747
6120,200540160,0.7293563312481574,3.2351558685302733,0.4364638805389404,0.01271120309829712,48907
6130,200867840,0.7284614136818531,3.2551475524902345,0.43735971450805666,0.012691770493984223,52118
6140,201195520,0.7275656578001092,3.1895753860473635,0.4359382152557373,0.012589859962463378,54513
6150,201523200,0.7266690678107032,3.257640075683594,0.42954607009887696,0.012719056010246277,52384
6160,201850880,0.7257716479253312,3.246488571166992,0.427063512802124,0.012893159687519074,52476
6170,202178560,0.7248734023595879,3.2131771087646483,0.4366673469543457,0.012918737530708314,52569
6180,202506240,0.7239743353329462,3.253580093383789,0.43656120300292967,0.012748870253562927,53136
6190,202833920,0.7230744510687378,3.309407043457031,0.43066797256469724,0.01261124610900879,55778
6200,203161600,0.7221737537941337,3.2641017913818358,0.43927898406982424,0.012782302498817445,53420
6210,203489280,0.7212722477401238,3.279695510864258,0.42693333625793456,0.012685298919677734,52501
6220,203816960,0.7203699371414969,3.3195972442626953,0.43099822998046877,0.0127826988697052,50003
6230,204144640,0.7194668262368217,3.246128463745117,0.4281292915344238,0.012661059200763703,50979
6240,204472320,0.7185629192684256,3.2613529205322265,0.4309872627258301,0.012743839621543884,53758
6250,204800000,0.7176582204823762,3.2208816528320314,0.4326228141784668,0.012791097164154053,55729
6260,205127680,0.7167527341284602,3.217295837402344,0.43274927139282227,0.012788127362728118,52046
6270,205455360,0.715846464460164,3.2630775451660154,0.4282273769378662,0.012580817937850952,64656
6280,205783040,0.7149394157346535,3.240738296508789,0.4353188037872314,0.0126858189702034,68518
6290,206110720,0.7140315922127544,3.2593914031982423,0.44498276710510254,0.012777936458587647,66696
6300,206438400,0.7131229981589317,3.2673564910888673,0.45022130012512207,0.012689444422721862,66954
6310,206766080,0.7122136378412699,3.209124755859375,0.43907580375671384,0.013012821972370147,55097
6320,207093760,0.7113035155314535,3.2602184295654295,0.44451084136962893,0.012804895639419556,51646
6330,207421440,0.710392635504746,3.291424560546875,0.44140939712524413,0.012645183503627777,51914
6340,207749120,0.70948100203997,3.2739688873291017,0.4341930389404297,0.01280795931816101,55181
6350,208076800,0.7085686194194882,3.30096435546875,0.438309907913208,0.012645962834358215,52680
6360,208404480,0.7076554919291816,3.248580551147461,0.4361119270324707,0.012791946530342102,53485
6370,208732160,0.7067416238584305,3.2455135345458985,0.43459763526916506,0.012628966569900512,51303
6380,209059840,0.7058270195000943,3.299679183959961,0.4294276237487793,0.012639151513576507,52078
6390,209387520,0.7049116831504906,3.283150863647461,0.43519277572631837,0.012714883685112,50674
6400,209715200,0.7039956191093758,3.316614532470703,0.4379092216491699,0.012773886322975159,51169
6410,210042880,0.7030788316799246,3.305073928833008,0.439564847946167,0.012736596167087555,51032
6420,210370560,0.7021613251687095,3.2737804412841798,0.4364346504211426,0.012733593583106995,50842
6430,210698240,0.7012431038856815,3.329097366333008,0.4353893280029297,0.012824064493179322,49238
6440,211025920,0.7003241721441484,3.2407066345214846,0.4395761013031006,0.01270703375339508,52342
6450,211353600,0.699404534260756,3.2731510162353517,0.4465744972229004,0.012547825276851655,55083
6460,211681280,0.6984841945554667,3.224679946899414,0.4564168453216553,0.013053327798843384,51734
6470,212008960,0.6975631573515402,3.182607078552246,0.4260012149810791,0.012560123205184936,53141
6480,212336640,0.6966414269755121,3.249226379394531,0.42951250076293945,0.012750038504600525,53037
6490,212664320,0.6957190077571747,3.2606575012207033,0.4448249340057373,0.012723867595195771,52852
6500,212992000,0.6947959040295556,3.1678287506103517,0.4344929218292236,0.012776167690753936,50044
6510,213319680,0.693872120128898,3.269124984741211,0.43589534759521487,0.012692710757255555,52794
6520,213647360,0.6929476603946405,3.2696956634521483,0.45951619148254397,0.012619540095329285,54434
6530,213975040,0.6920225291693962,3.241901397705078,0.4372319221496582,0.012861429154872895,52460
6540,214302720,0.6910967307989323,3.174304389953613,0.43257942199707033,0.012721607089042663,52015
6550,214630400,0.6901702696321502,3.212451171875,0.4553865909576416,0.012952463328838348,52653
6560,214958080,0.6892431500210646,3.2508384704589846,0.444854211807251,0.012642696499824524,52581
6570,215285760,0.6883153763207832,3.341611862182617,0.44345855712890625,0.012716510891914367,58724
6580,215613440,0.6873869528894864,3.2257034301757814,0.4424539089202881,0.012842021882534027,68117
6590,215941120,0.6864578840884065,3.2767402648925783,0.4413768291473389,0.012687595188617706,66719
6600,216268800,0.6855281742818073,3.2274402618408202,0.4367837429046631,0.012893475592136383,67018
6610,216596480,0.6845978278369642,3.238861083984375,0.4420668125152588,0.012892459332942963,66852
6620,216924160,0.683666849124143,3.3059486389160155,0.4369694709777832,0.01275162398815155,53341
6630,217251840,0.6827352425165789,3.2396541595458985,0.44364161491394044,0.01283160001039505,52912
6640,217579520,0.6818030123904574,3.2743831634521485,0.44706134796142577,0.012781867384910583,52625
6650,217907200,0.6808701631248927,3.2325706481933594,0.4336819648742676,0.012780299782752991,52797
6660,218234880,0.6799366991019075,3.250347900390625,0.43854527473449706,0.012839019298553467,53070
6670,218562560,0.6790026247064119,3.277223587036133,0.4689758777618408,0.012894149124622344,51448
6680,218890240,0.6780679443261837,3.2218959808349608,0.45488405227661133,0.012794081866741181,53954
6690,219217920,0.6771326623518468,3.250640869140625,0.4617189884185791,0.012844392657279968,53440
6700,219545600,0.6761967831768516,3.2275405883789063,0.43877625465393066,0.01286722868680954,53374
6710,219873280,0.6752603111974533,3.2237785339355467,0.4378632068634033,0.012644869089126588,53763
6720,220200960,0.6743232508126922,3.2804603576660156,0.4487734317779541,0.012813739478588104,53807
6730,220528640,0.6733856064243724,3.274365997314453,0.46045804023742676,0.012734486162662506,53783
6740,220856320,0.6724473824370414,3.1483737945556642,0.43004541397094725,0.01284666508436203,50654
6750,221184000,0.6715085832579691,3.2100364685058596,0.4395611763000488,0.012842527031898499,53442
6760,221511680,0.6705692132971278,3.221179962158203,0.4326637744903564,0.012859000265598297,56399
6770,221839360,0.6696292769671708,3.151849937438965,0.4357582092285156,0.012649719417095185,63395
6780,222167040,0.6686887786834115,3.240364837646484,0.4556830406188965,0.012883639335632325,58210
6790,222494720,0.6677477228638038,3.2426525115966798,0.45694284439086913,0.012915754318237304,52325
6800,222822400,0.6668061139289202,3.2053298950195312,0.43756818771362305,0.012838782370090484,52119
6810,223150080,0.6658639563019313,3.2404232025146484,0.4560389995574951,0.01279221773147583,51174
6820,223477760,0.6649212544085855,3.256748580932617,0.44396367073059084,0.012669253349304199,54267
6830,223805440,0.6639780126771876,3.1202632904052736,0.4627068519592285,0.013001528382301331,53849
6840,224133120,0.6630342355385784,3.2215126037597654,0.44193472862243655,0.01267962008714676,56336
6850,224460800,0.6620899274261136,3.20709114074707,0.4392569065093994,0.012740875780582427,65084
6860,224788480,0.6611450927756435,3.2291961669921876,0.427744722366333,0.01265476644039154,64475
6870,225116160,0.6601997360254913,3.227871322631836,0.4528008460998535,0.013131071627140046,70080
6880,225443840,0.659253861616433,3.1721879959106447,0.4378678798675537,0.012665405869483948,82782
6890,225771520,0.6583074739916764,3.1919851303100586,0.44322795867919923,0.012632878124713897,87922
6900,226099200,0.65736057759684,3.226335144042969,0.43480396270751953,0.012797147035598755,86738
6910,226426880,0.656413176879932,3.2794258117675783,0.4467650890350342,0.012754015624523163,87286
6920,226754560,0.65546527629133,3.28721923828125,0.44758334159851076,0.0127390056848526,85202
6930,227082240,0.6545168802837597,3.2363117218017576,0.4645881175994873,0.012908419966697693,58689
6940,227409920,0.6535679933122733,3.2426246643066405,0.45156207084655764,0.012878744304180146,54033
6950,227737600,0.6526186198342305,3.2019542694091796,0.4323745250701904,0.012615182995796203,53735
6960,228065280,0.6516687643092755,3.2683807373046876,0.442134952545166,0.012576472759246827,53922
6970,228392960,0.6507184311993169,3.248822784423828,0.4433553695678711,0.012662251293659211,54059
6980,228720640,0.6497676249685073,3.195268440246582,0.44562835693359376,0.012804354727268218,52765
6990,229048320,0.648816350083221,3.207699203491211,0.4409606456756592,0.012520979344844817,50994
7000,229376000,0.6478646110120344,3.189472198486328,0.4429715633392334,0.01273002177476883,52943
7010,229703680,0.6469124122257043,3.1903810501098633,0.43340158462524414,0.012745842337608337,51384
7020,230031360,0.6459597581971467,3.209625244140625,0.44285154342651367,0.012756845355033875,54289
7030,230359040,0.6450066534014163,3.121354103088379,0.4300368309020996,0.012825305759906768,52845
7040,230686720,0.6440531023156852,3.217115783691406,0.44577908515930176,0.012738819420337676,53811
7050,231014400,0.643099109419222,3.1999692916870117,0.4508486747741699,0.012819565832614899,54748
7060,231342080,0.6421446791933706,3.180590057373047,0.44905500411987304,0.012781180441379547,53354
7070,231669760,0.6411898161215294,3.196695899963379,0.4388267040252686,0.012697145342826843,53611
7080,231997440,0.6402345246891296,3.1775814056396485,0.5729156017303467,0.015283948183059693,54191
7090,232325120,0.6392788093836153,3.1703813552856444,0.46269750595092773,0.012944693863391876,54339
7100,232652800,0.6383226746944214,3.149201774597168,0.6143976211547851,0.014748296141624451,53881
7110,232980480,0.6373661251129528,3.14217586517334,0.4952862739562988,0.0129307821393013,50275
7120,233308160,0.6364091651325631,3.1356983184814453,0.4492178440093994,0.012923268973827362,51210
7130,233635840,0.6354517992485343,3.2533802032470702,0.4588179111480713,0.01267475038766861,51568
7140,233963520,0.6344940319580545,3.2071868896484377,0.4481557846069336,0.012603478133678436,54199
7150,234291200,0.6335358677601981,3.2152999877929687,0.44812679290771484,0.01274852454662323,50037
7160,234618880,0.6325773111559034,3.205322265625,0.4485949993133545,0.012905116379261016,53610
7170,234946560,0.631618366647952,3.194071960449219,0.43704948425292967,0.012724441289901734,52143
7180,235274240,0.6306590387409481,3.182219314575195,0.4448992729187012,0.012695513665676117,55610
7190,235601920,0.6296993319412965,3.1986433029174806,0.45057086944580077,0.012892192602157593,60532
7200,235929600,0.6287392507571821,3.2316047668457033,0.44161524772644045,0.012673680484294892,73183
7210,236257280,0.627778799698548,3.1707889556884767,0.45101494789123536,0.01281726360321045,69542
7220,236584960,0.6268179832770756,3.1944759368896483,0.4423271656036377,0.01284840703010559,67020
7230,236912640,0.6258568060061616,3.165683937072754,0.46350827217102053,0.013044726848602296,59899
7240,237240320,0.6248952724008985,3.1955951690673827,0.4402745723724365,0.012914171814918518,51703
7250,237568000,0.6239333869780525,3.202739715576172,0.45349769592285155,0.01286291629076004,50472
7260,237895680,0.6229711542560421,3.1670547485351563,0.4415349006652832,0.012705059349536895,50958
7270,238223360,0.6220085787549176,3.1778919219970705,0.4410682201385498,0.012726789712905884,52940
7280,238551040,0.6210456649963396,3.1201156616210937,0.436191987991333,0.012709817290306092,53628
7290,238878720,0.6200824175035572,3.174746513366699,0.44745912551879885,0.012625497579574586,53419
7300,239206400,0.6191188408013876,3.2160804748535154,0.4450847148895264,0.012876644730567932,51298
7310,239534080,0.618154939416194,3.1465682983398438,0.4515100002288818,0.012908202409744263,51546
7320,239861760,0.6171907178758654,3.159037208557129,0.43664121627807617,0.012716183066368103,51404
7330,240189440,0.6162261807097943,3.208638000488281,0.4514932632446289,0.012761090695858002,55989
7340,240517120,0.615261332448856,3.206391143798828,0.44882802963256835,0.012832973897457123,52446
7350,240844800,0.6142961776253867,3.17639274597168,0.44425110816955565,0.012619292736053467,49032
7360,241172480,0.6133307207731634,3.176681137084961,0.44524259567260743,0.012771554291248322,54068
7370,241500160,0.6123649664273816,3.1685068130493166,0.44411373138427734,0.012848158180713654,55395
7380,241827840,0.6113989191246338,3.1700464248657227,0.45921955108642576,0.012824231386184692,52468
7390,242155520,0.6104325834028894,3.167476463317871,0.4428248405456543,0.012807512283325195,54049
7400,242483200,0.6094659638014722,3.2116527557373047,0.44760379791259763,0.012739335000514985,58083
7410,242810880,0.6084990648610393,3.1661508560180662,0.4388003349304199,0.012739068269729615,54418
7420,243138560,0.6075318911235607,3.2575538635253904,0.45462450981140134,0.01284608691930771,51427
7430,243466240,0.6065644471322965,3.2312957763671877,0.45990452766418455,0.012548752129077911,52641
7440,243793920,0.6055967374317768,3.2573467254638673,0.4564460277557373,0.012861020863056183,53162
7450,244121600,0.6046287665677795,3.2010753631591795,0.44975857734680175,0.012712319195270539,54215
7460,244449280,0.6036605390873098,3.1822996139526367,0.44969806671142576,0.01283436268568039,53780
7470,244776960,0.6026920595385779,3.183693504333496,0.4551121711730957,0.012644407153129578,52787
7480,245104640,0.6017233324709779,3.181217002868652,0.44510812759399415,0.012851116061210633,52460
7490,245432320,0.6007543624350674,3.1100719451904295,0.448609733581543,0.012689629197120666,63072
7500,245760000,0.5997851539825445,3.1036203384399412,0.4410907745361328,0.012757694721221924,66664
7510,246087680,0.5988157116662278,3.13207950592041,0.4426999092102051,0.012655331194400788,67330
7520,246415360,0.5978460400400343,3.1262657165527346,0.44262237548828126,0.012594817578792572,67991
7530,246743040,0.5968761436589581,3.158192253112793,0.4552088737487793,0.012864306569099426,58991
7540,247070720,0.595906027079049,3.2143001556396484,0.4542999267578125,0.01264587938785553,50650
7550,247398400,0.5949356948573915,3.1426532745361326,0.45585808753967283,0.01267135739326477,52341
7560,247726080,0.593965151552083,3.1718910217285154,0.4445332527160645,0.012761983275413512,51455
7570,248053760,0.5929944017222119,3.1105205535888674,0.43268117904663084,0.012774385511875153,55076
7580,248381440,0.5920234499278374,3.2067378997802733,0.44787259101867677,0.012718516588211059,53291
7590,248709120,0.5910523007299672,3.1599809646606447,0.44615774154663085,0.012765558063983917,52146
7600,249036800,0.5900809586905363,3.210560607910156,0.44528865814208984,0.01270107477903366,54467
7610,249364480,0.5891094283723856,3.184212303161621,0.4426705360412598,0.012746191024780274,54491
7620,249692160,0.5881377143392402,3.214905548095703,0.4530656337738037,0.012896457314491272,53684
7630,250019840,0.5871658211556886,3.250049591064453,0.4594303607940674,0.012764912843704224,48429
7640,250347520,0.5861937533871606,3.133754348754883,0.44729013442993165,0.012667730450630188,51870
7650,250675200,0.585221515599906,3.185860824584961,0.4613625526428223,0.012663204967975617,51761
7660,251002880,0.5842491123609734,3.116790008544922,0.4583900928497314,0.012657973170280456,50053
7670,251330560,0.5832765482381888,3.2131153106689454,0.46181979179382326,0.012825679779052735,52411
7680,251658240,0.5823038278001335,3.1761472702026365,0.4519169807434082,0.012854397296905518,56078
7690,251985920,0.5813309556161232,3.1478239059448243,0.44141101837158203,0.012712237238883973,55759
7700,252313600,0.5803579362561871,3.171596717834473,0.45040068626403806,0.01279742568731308,55598
7710,252641280,0.5793847742910447,3.206958770751953,0.4517797946929932,0.012737111747264862,54378
7720,252968960,0.5784114742920861,3.176113319396973,0.45627694129943847,0.012748511135578155,57189
7730,253296640,0.5774380408313496,3.0907476425170897,0.451308012008667,0.01278826892375946,52799
7740,253624320,0.5764644784815004,3.1416515350341796,0.45593771934509275,0.0128907710313797,51997
7750,253952000,0.575490791815809,3.2099609375,0.4557021141052246,0.012823300063610077,53494
7760,254279680,0.5745169854081302,3.1837310791015625,0.4476557731628418,0.012700408697128296,52280
7770,254607360,0.5735430638328811,3.1112977981567385,0.44589433670043943,0.012910225987434387,51542
7780,254935040,0.5725690316650198,3.1415761947631835,0.4552215576171875,0.012793700397014617,51532
7790,255262720,0.571594893480024,3.1597719192504883,0.45046272277832033,0.012950272858142852,61953
7800,255590400,0.5706206538538694,3.1832660675048827,0.45548272132873535,0.012776866555213928,70078
7810,255918080,0.5696463173630077,3.1979900360107423,0.45935988426208496,0.012736307084560394,66972
7820,256245760,0.5686718885843468,3.182648468017578,0.45325560569763185,0.012775073945522308,65922
7830,256573440,0.5676973720952269,3.160298156738281,0.470735502243042,0.013047915697097779,57706
7840,256901120,0.5667227724734006,3.1678585052490233,0.46719913482666015,0.012795665860176086,52229
7850,257228800,0.5657480942970116,3.2018489837646484,0.4534290313720703,0.012772640585899353,51087
7860,257556480,0.5647733421445715,3.170322799682617,0.4491738319396973,0.012667670845985413,51285
7870,257884160,0.5637985205949405,3.1933364868164062,0.4576744556427002,0.012858861684799194,59072
7880,258211840,0.5628236342273044,3.1862497329711914,0.45336308479309084,0.012723395228385925,51097
7890,258539520,0.5618486876211529,3.1760889053344727,0.4501081943511963,0.012738534808158874,51450
7900,258867200,0.5608736853562596,3.1735668182373047,0.451846981048584,0.012836715579032898,53980
7910,259194880,0.5598986320126588,3.1629140853881834,0.44609756469726564,0.012917830049991608,55721
7920,259522560,0.5589235321706254,3.0669788360595702,0.4625356197357178,0.012836205959320068,56294
7930,259850240,0.557948390410652,3.172209548950195,0.46950373649597166,0.012870033085346223,55648
7940,260177920,0.5569732113134289,3.156930160522461,0.45289125442504885,0.012797236442565918,50706
7950,260505600,0.5559979994598211,3.136135292053223,0.4574385643005371,0.012896646559238435,53556
7960,260833280,0.5550227594308477,3.22228889465332,0.45219993591308594,0.012813316285610199,52254
7970,261160960,0.5540474958076603,3.099448585510254,0.44566617012023924,0.012642775475978852,54485
7980,261488640,0.5530722131715214,3.151203727722168,0.4563748836517334,0.012958855926990509,51479
7990,261816320,0.5520969161037825,3.1478368759155275,0.4596202850341797,0.012866270542144776,51763
8000,262144000,0.551121609185863,3.1913904190063476,0.4604464530944824,0.012837255001068115,49014
8010,262471680,0.5501462969992287,3.091165542602539,0.4463818550109863,0.012909333407878875,49034
8020,262799360,0.5491709841253699,3.1010019302368166,0.4464114189147949,0.012938472628593444,51186
8030,263127040,0.5481956751457805,3.144054412841797,0.44963507652282714,0.01288425624370575,49874
8040,263454720,0.5472203746419358,3.153659439086914,0.4496129035949707,0.012846650183200836,53388
8050,263782400,0.5462450871952715,3.093652534484863,0.4545877933502197,0.012694144248962402,55005
8060,264110080,0.5452698173871616,3.1010324478149416,0.46056952476501467,0.012954151630401612,52129
8070,264437760,0.5442945697988978,3.1618534088134767,0.4595314979553223,0.012908665835857392,54401
8080,264765440,0.5433193490116667,3.16473331451416,0.456727123260498,0.012831357121467591,51062
8090,265093120,0.5423441596065299,3.1378049850463867,0.46148529052734377,0.012895581126213074,66730
8100,265420800,0.5413690061644008,3.1478315353393556,0.4595938682556152,0.01284887045621872,65593
8110,265748480,0.5403938932660243,3.1318290710449217,0.45334858894348146,0.012848743796348571,67143
8120,266076160,0.5394188254919544,3.1751813888549805,0.45029535293579104,0.012753048539161682,66364
8130,266403840,0.538443807422534,3.1240411758422852,0.4496644973754883,0.012798739969730378,54347
8140,266731520,0.5374688436378715,3.129435920715332,0.4485307216644287,0.012848363816738128,50231
8150,267059200,0.5364939387178209,3.171552848815918,0.4513117790222168,0.012818127870559692,48618
8160,267386880,0.5355190972419597,3.0618213653564452,0.4508210182189941,0.01284225583076477,51652
8170,267714560,0.5345443237895667,3.1846548080444337,0.4587067127227783,0.012735211849212646,50472
8180,268042240,0.5335696229396024,3.1468551635742186,0.46552677154541017,0.012870123982429505,48396
8190,268369920,0.532594999270685,3.1600685119628906,0.4556384563446045,0.012787406146526337,51862
8200,268697600,0.5316204573610711,3.2112190246582033,0.46202807426452636,0.01283031553030014,53885
8210,269025280,0.5306460017886323,3.147481918334961,0.45647258758544923,0.012877292931079865,52582
8220,269352960,0.5296716371308356,3.1717451095581053,0.4498997688293457,0.012694299221038818,51503
8230,269680640,0.5286973679647203,3.113431930541992,0.4576568603515625,0.012886883318424225,57824
8240,270008320,0.5277231988668772,3.138306427001953,0.44772768020629883,0.012728118896484375,52975
8250,270336000,0.5267491344134275,3.1191566467285154,0.4568474292755127,0.012950976192951203,53734
8260,270663680,0.5257751791799999,3.171866607666016,0.4582118034362793,0.012951216101646424,51223
8270,270991360,0.5248013377417113,3.1311834335327147,0.4505427360534668,0.012906768918037414,52168
8280,271319040,0.523827614673143,3.0737560272216795,0.45051140785217286,0.012804649770259857,54232
8290,271646720,0.5228540145483207,3.1037559509277344,0.4493986129760742,0.012676571309566498,53876
8300,271974400,0.5218805419406926,3.1811532974243164,0.45807814598083496,0.012886118888854981,53617
8310,272302080,0.5209072014231075,3.0935331344604493,0.44564223289489746,0.012733179330825805,52693
8320,272629760,0.5199339975677946,3.1721115112304688,0.44858589172363283,0.012748296558856963,53498
8330,272957440,0.51896093494634,3.169908332824707,0.45877609252929685,0.012760312855243683,52634
8340,273285120,0.5179880181296672,3.1898262023925783,0.46387276649475095,0.012939141690731048,51464
8350,273612800,0.5170152516880143,3.0505373001098635,0.4504966735839844,0.012937347590923309,53160
8360,273940480,0.5160426401909136,3.1348976135253905,0.46031904220581055,0.012842780351638794,53364
8370,274268160,0.5150701882071689,3.1608591079711914,0.4585352897644043,0.01282619833946228,52496
8380,274595840,0.514097900304835,3.1528766632080076,0.4560917854309082,0.012753503024578094,49830
8390,274923520,0.5131257810511961,3.1740549087524412,0.4759829521179199,0.012807793915271759,65846
8400,275251200,0.5121538350127436,3.1309635162353517,0.45740389823913574,0.012898454070091247,68114
8410,275578880,0.511182066755156,3.0493207931518556,0.44767136573791505,0.012816646695137024,66857
8420,275906560,0.510210480843276,3.137274169921875,0.4526049137115479,0.01275092363357544,66729
8430,276234240,0.5092390818410902,3.112470245361328,0.4555972099304199,0.01291060894727707,57480
8440,276561920,0.508267874311707,3.105439567565918,0.456178092956543,0.012800557911396027,53272
8450,276889600,0.5072968628173354,3.172845458984375,0.46697378158569336,0.013013273477554321,52617
8460,277217280,0.5063260519192636,3.126752471923828,0.4665518760681152,0.012847828865051269,51562
8470,277544960,0.5053554461778373,3.1414722442626952,0.46547937393188477,0.012962226569652558,52439
8480,277872640,0.5043850501524388,3.088776397705078,0.4549670696258545,0.01288503110408783,51077
8490,278200320,0.5034148684014648,3.1549798965454103,0.5012935161590576,0.013130275905132294,54333
8500,278528000,0.502444905482306,3.121227836608887,0.46694107055664064,0.013106620311737061,53759
8510,278855680,0.5014751659513248,3.107539939880371,0.4577746868133545,0.012899614870548248,53633
8520,279183360,0.5005056543638344,3.096454620361328,0.4583876132965088,0.012859651446342468,51701
8530,279511040,0.499536375274077,3.1305830001831056,0.4603419303894043,0.012866587936878204,52308
8540,279838720,0.4985673332352031,3.0782196044921877,0.4609088897705078,0.013117663562297821,51721
8550,280166400,0.49759853279924915,3.120309066772461,0.4575175762176514,0.012747621536254883,52354
8560,280494080,0.4966299785171171,3.1187395095825194,0.46407437324523926,0.012828128039836883,54267
8570,280821760,0.4956616749385523,3.0895755767822264,0.45877580642700194,0.01285887211561203,53318
8580,281149440,0.49469362661212246,3.1747026443481445,0.4553820610046387,0.012647236883640289,54373
8590,281477120,0.49372583808519666,3.1790138244628907,0.45271124839782717,0.012736538052558899,54041
8600,281804800,0.4927583139039229,3.1247026443481447,0.4541715145111084,0.01287643015384674,52067
8610,282132480,0.49179105861320815,3.0930761337280273,0.45581941604614257,0.01284153014421463,51558
8620,282460160,0.4908240767566955,3.1438777923583983,0.4744007110595703,0.01285882294178009,53669
8630,282787840,0.48985737287674447,3.114428901672363,0.46517324447631836,0.013079272210597992,52469
8640,283115520,0.4888909515144081,3.1368980407714844,0.4649661540985107,0.012925125658512115,52243
8650,283443200,0.4879248172094126,3.10218505859375,0.4675892353057861,0.012804916501045227,52586
8660,283770880,0.4869589745001358,3.160567855834961,0.48347997665405273,0.012776178121566773,54615
8670,284098560,0.48599342792358535,3.1265533447265623,0.47208595275878906,0.013014858961105347,51371
8680,284426240,0.48502818201537845,3.1086755752563477,0.4603878021240234,0.012956704199314117,52961
8690,284753920,0.48406324130971956,3.109699249267578,0.46117115020751953,0.012840279936790466,59535
8700,285081600,0.4830986103393794,3.103386878967285,0.4589505195617676,0.012836635112762451,68397
8710,285409280,0.4821342936356737,3.1567516326904297,0.46106815338134766,0.012869523465633392,66066
8720,285736960,0.4811702957284427,3.1548648834228517,0.4603285312652588,0.012951657176017761,65700
8730,286064640,0.48020662114602786,3.094779396057129,0.4634995460510254,0.013004465401172638,64558
8740,286392320,0.4792432744152527,3.1392541885375977,0.4654557228088379,0.012859341502189637,54499
8750,286720000,0.47828026006140056,3.1389564514160155,0.45729818344116213,0.012987284362316132,55919
8760,287047680,0.477317582608193,3.049636459350586,0.45479640960693357,0.012908868491649628,54524
8770,287375360,0.4763552465777695,3.127177619934082,0.46271562576293945,0.01278981864452362,53175
8780,287703040,0.47539325649066544,3.0656864166259767,0.4604292869567871,0.012911805510520935,54360
8790,288030720,0.4744316168657915,3.110387992858887,0.470951509475708,0.0130267396569252,54613
8800,288358400,0.47347033222041146,3.1010602951049804,0.46843700408935546,0.012938372790813446,50459
8810,288686080,0.47250940707012234,3.0916370391845702,0.45784649848937986,0.01307833194732666,52498
8820,289013760,0.47154884592883173,3.068187713623047,0.4605874061584473,0.012967441976070405,53250
8830,289341440,0.4705886533087379,3.143120002746582,0.4678064823150635,0.012898369133472443,54484
8840,289669120,0.4696288337203076,3.07700252532959,0.4574413299560547,0.012900717556476593,53341
8850,289996800,0.4686693916722554,3.0862810134887697,0.45854573249816893,0.012842340767383576,52194
8860,290324480,0.46771033167152265,3.085083770751953,0.4679987907409668,0.013053134083747864,53769
8870,290652160,0.4667516582232554,3.146851348876953,0.4570768356323242,0.012819944322109223,54728
8880,290979840,0.46579337583078473,3.0895788192749025,0.4486645221710205,0.012910154461860657,53138
8890,291307520,0.4648354889956039,3.1299720764160157,0.46826395988464353,0.012934848666191101,54407
8900,291635200,0.4638780022173489,3.0772069931030273,0.46008644104003904,0.012763069570064544,55108
8910,291962880,0.4629209199937757,3.099458694458008,0.46735119819641113,0.012956227362155914,52860
8920,292290560,0.46196424682074044,3.097377967834473,0.4610344886779785,0.013053302466869355,54117
8930,292618240,0.4610079871921775,3.0413625717163084,0.46557979583740233,0.01300717294216156,53361
8940,292945920,0.4600521456000787,3.100667190551758,0.4771743297576904,0.012966310977935791,54992
8950,293273600,0.4590967265344721,3.1235246658325195,0.46711063385009766,0.01288163959980011,52592
8960,293601280,0.4581417344834009,3.052272987365723,0.4572035312652588,0.013033452630043029,51522
8970,293928960,0.45718717393290287,3.0880775451660156,0.46293888092041013,0.013139426708221436,52013
8980,294256640,0.45623304936698816,3.085724449157715,0.46045513153076173,0.012840189039707184,52449
8990,294584320,0.4552793652676195,3.085644340515137,0.46697421073913575,0.013001605868339539,51102
9000,294912000,0.4543261261146899,3.0940004348754884,0.4540421485900879,0.012856011092662812,66951
9010,295239680,0.45337333638600297,3.1598691940307617,0.4691786289215088,0.01304471492767334,67837
9020,295567360,0.45242100055725065,3.1428003311157227,0.4714242458343506,0.013003309071063996,69998
9030,295895040,0.45146912310199294,3.144061470031738,0.4806873321533203,0.01295253485441208,70885
9040,296222720,0.4505177084916365,3.109281539916992,0.4667304039001465,0.012978872656822205,63913
9050,296550400,0.44956676119541383,3.1718379974365236,0.4678664684295654,0.013084451854228973,52881
9060,296878080,0.4486162856803626,3.12510986328125,0.4647786617279053,0.012822523713111877,55118
9070,297205760,0.44766628641130346,3.0689210891723633,0.45891151428222654,0.013034707307815552,53615
9080,297533440,0.4467167678508208,3.046061706542969,0.46071901321411135,0.013130152225494384,54217
9090,297861120,0.44576773445924056,3.0902584075927733,0.45551347732543945,0.013041052222251891,53552
9100,298188800,0.4448191906946096,3.1506793975830076,0.475783634185791,0.013086731731891631,52745
9110,298516480,0.44387114101267466,3.0725894927978517,0.4560141086578369,0.012794725596904755,53882
9120,298844160,0.44292358986686153,3.059153747558594,0.4612539768218994,0.012828585505485535,50713
9130,299171840,0.4419765417082546,3.0659481048583985,0.4639387607574463,0.013000841438770293,50312
9140,299499520,0.4410300009855749,3.0672481536865233,0.45508852005004885,0.01286351978778839,53790
9150,299827200,0.4400839721451604,3.0624364852905273,0.46350574493408203,0.013008280098438263,53278
9160,300154880,0.43913845963094367,3.106602096557617,0.4606112003326416,0.013001133501529694,54881
9170,300482560,0.4381934678844329,3.083449935913086,0.47193026542663574,0.01309787929058075,51401
9180,300810240,0.43724900134468936,3.108183670043945,0.4699643611907959,0.012859079241752624,53990
9190,301137920,0.4363050644483073,3.090003776550293,0.46222710609436035,0.013023066520690917,52380
9200,301465600,0.4353616616293928,3.16817684173584,0.4705070495605469,0.013023485243320466,48810
9210,301793280,0.4344187973195436,3.153289794921875,0.47164201736450195,0.012914243340492248,54093
9220,302120960,0.43347647594782734,3.0491737365722655,0.46233396530151366,0.013081103563308716,53543
9230,302448640,0.4325347019407614,3.143534278869629,0.46322026252746584,0.01310746967792511,52012
9240,302776320,0.43159347972229234,3.10058708190918,0.45782017707824707,0.012900270521640778,52415
9250,303104000,0.43065281371377384,3.1070428848266602,0.4620633125305176,0.012935952842235565,54513
9260,303431680,0.4297127083339477,3.0839630126953126,0.4793376922607422,0.0131077840924263,54480
9270,303759360,0.4287731679989216,3.1134435653686525,0.47544355392456056,0.013002774119377137,54779
9280,304087040,0.4278341971221492,3.0561017990112305,0.4661723136901855,0.013026982545852661,54363
9290,304414720,0.4268958001144092,3.1118408203125,0.46117029190063474,0.013041952252388,53398
9300,304742400,0.42595798138378416,3.1110357284545898,0.4569289207458496,0.013079196214675903,59409
9310,305070080,0.4250207453356408,3.1185022354125977,0.46876158714294436,0.012937751412391663,68478
9320,305397760,0.42408409637260824,3.1406429290771483,0.4806331157684326,0.01302439123392105,68100
9330,305725440,0.4231480388945583,3.1041696548461912,0.4694422721862793,0.012916719913482666,66890
9340,306053120,0.4222125772985835,3.1168920516967775,0.468629264831543,0.01303405910730362,63839
9350,306380800,0.42127771597897823,3.047136116027832,0.45890297889709475,0.01281513124704361,52901
9360,306708480,0.4203434593272163,3.1241846084594727,0.4673617839813232,0.012930014729499817,51154
9370,307036160,0.4194098117319315,3.0855632781982423,0.46210126876831054,0.013010050356388091,51199
9380,307363840,0.41847677757889645,3.0940927505493163,0.46332364082336425,0.012943777441978454,52133
9390,307691520,0.41754436125100236,3.1252275466918946,0.46660399436950684,0.012957657873630523,48517
9400,308019200,0.416612567128238,3.0734722137451174,0.4647230625152588,0.013000106811523438,51871
9410,308346880,0.41568139958766936,3.021526336669922,0.46744980812072756,0.01312572807073593,50855
9420,308674560,0.41475086300341946,3.064001274108887,0.459844970703125,0.013062481582164765,53802
9430,309002240,0.41382096174664673,3.0495849609375,0.4595333099365234,0.013020527362823487,52832
9440,309329920,0.412891700185526,3.130833053588867,0.4657536506652832,0.01309613287448883,50714
9450,309657600,0.4119630826852264,3.0546491622924803,0.46432127952575686,0.01299070119857788,52938
9460,309985280,0.41103511360789224,3.107289123535156,0.4676650047302246,0.013007906079292298,49161
9470,310312960,0.4101077973126215,3.1037540435791016,0.46509695053100586,0.012993833422660828,50789
9480,310640640,0.40918113815544555,3.0208587646484375,0.46358537673950195,0.01301051676273346,49185
9490,310968320,0.40825514048930955,3.0516935348510743,0.45685763359069825,0.013038617372512818,50976
9500,311296000,0.4073298086640508,3.0856739044189454,0.46712570190429686,0.012983964383602142,53755
9510,311623680,0.4064051470263791,3.0597501754760743,0.46771087646484377,0.013065913319587707,55441
9520,311951360,0.40548115991985556,3.1521276473999023,0.4786204814910889,0.013032941520214081,53878
9530,312279040,0.4045578516848737,3.0436635971069337,0.4736629009246826,0.013065430521965026,51764
9540,312606720,0.40363522665863694,3.0889076232910155,0.4645700931549072,0.013114760816097259,53745
9550,312934400,0.4027132891751404,3.1093090057373045,0.4724120140075684,0.013009823858737946,54615
9560,313262080,0.40179204356514864,3.0711313247680665,0.46793627738952637,0.012879666686058045,53389
9570,313589760,0.4008714941561764,3.0364782333374025,0.4608243465423584,0.012951040267944336,47606
9580,313917440,0.3999516452724685,3.0454809188842775,0.4560556888580322,0.012979251146316529,53625
9590,314245120,0.39903250123497847,3.040188217163086,0.45385174751281737,0.012908264994621277,50957
9600,314572800,0.3981140663613494,3.108990478515625,0.480608606338501,0.012917575240135194,53135
9610,314900480,0.3971963449658923,3.1248292922973633,0.47141571044921876,0.01296861320734024,65426
9620,315228160,0.39627934135956777,3.0557178497314452,0.45961880683898926,0.01279505342245102,68099
9630,315555840,0.3953630598499638,3.104202079772949,0.4718409538269043,0.013142792880535126,66655
9640,315883520,0.3944475047412763,3.1100387573242188,0.47022371292114257,0.012979480624198913,64003
9650,316211200,0.3935326803342897,3.1183563232421876,0.4716148376464844,0.013113915920257568,52852
9660,316538880,0.3926185909263551,3.1536785125732423,0.4673164844512939,0.012996242940425872,52817
9670,316866560,0.3917052408113716,3.086116600036621,0.47412800788879395,0.013187657296657562,52819
9680,317194240,0.39079263427976507,3.075639343261719,0.47096662521362304,0.012975992262363433,48965
9690,317521920,0.389880775618469,3.0920637130737303,0.48481435775756837,0.012835018336772919,52836
9700,317849600,0.388969669110903,3.083170700073242,0.47460412979125977,0.013072223961353302,53615
9710,318177280,0.38805931903695423,3.092753601074219,0.4776197910308838,0.01317950040102005,50329
9720,318504960,0.38714972967295613,3.0458036422729493,0.47106246948242186,0.012923491001129151,52898
9730,318832640,0.38624090529166855,3.038343811035156,0.46445522308349607,0.012960682809352874,53667
9740,319160320,0.3853328501622585,3.0477788925170897,0.47034945487976076,0.013123802840709686,50320
9750,319488000,0.38442556855027865,3.1277271270751954,0.4831977367401123,0.012982702255249024,50698
9760,319815680,0.38351906471764896,3.076933479309082,0.4790810108184814,0.013236883282661437,50303
9770,320143360,0.3826133429226348,3.1005319595336913,0.4847886085510254,0.012972155213356018,51007
9780,320471040,0.38170840741982925,3.094497871398926,0.47205443382263185,0.012899716198444367,50855
9790,320798720,0.38080426246013044,3.0576108932495116,0.4768674850463867,0.013006062805652618,51519
9800,321126400,0.379900912290724,3.0005992889404296,0.4626723289489746,0.013153992593288422,51867
9810,321454080,0.3789983611550616,3.0858625411987304,0.47482900619506835,0.012906330823898315,48791
9820,321781760,0.3780966132928413,3.096950721740723,0.4705477237701416,0.012854798138141632,55784
9830,322109440,0.37719567293998824,3.0863651275634765,0.4661403656005859,0.01313321590423584,54564
9840,322437120,0.3762955443286341,3.0522972106933595,0.4667232036590576,0.012897349894046783,51429
9850,322764800,0.37539623168709757,3.140879249572754,0.47306079864501954,0.013197357952594756,51701
9860,323092480,0.37449773923986396,3.0139989852905273,0.4710368633270264,0.013076239824295044,52327
9870,323420160,0.37360007120756655,3.0997030258178713,0.4699869155883789,0.013007533550262452,51350
9880,323747840,0.37270323180696474,3.0699716567993165,0.4637467861175537,0.012869073450565338,52274
9890,324075520,0.3718072252509268,3.027271842956543,0.46587162017822265,0.013155993819236756,50994
9900,324403200,0.370912055748408,3.090720367431641,0.47246499061584474,0.013002043962478638,59602
9910,324730880,0.3700177275044315,3.085836410522461,0.46982569694519044,0.013097611069679261,68257
9920,325058560,0.369124244720069,3.031098556518555,0.4581496238708496,0.01311093121767044,66713
9930,325386240,0.36823161159242057,3.0424217224121093,0.4638089179992676,0.013115549087524414,66880
9940,325713920,0.3673398323145951,3.0708232879638673,0.46139230728149416,0.012949244678020477,65313
9950,326041600,0.36644891107569044,3.0937156677246094,0.47308835983276365,0.013100574910640716,51802
9960,326369280,0.3655588520607741,3.0728487014770507,0.47428436279296876,0.013237403333187103,53654
9970,326696960,0.3646696594508628,3.1220603942871095,0.4769914627075195,0.013019810616970062,51305
9980,327024640,0.3637813374229041,3.063726615905762,0.467623233795166,0.01303512454032898,49937
9990,327352320,0.36289389014975526,3.0221015930175783,0.4697679042816162,0.01312006264925003,53990
10000,327680000,0.3620073218001649,3.0638717651367187,0.47727465629577637,0.012804126739501953,51508
10010,328007680,0.3611216365387533,3.1112998962402343,0.4785492420196533,0.013032516837120056,51579
10020,328335360,0.360236838525991,3.065232276916504,0.48640952110290525,0.01303539127111435,53204
10030,328663040,0.3593529319181825,3.096791648864746,0.4744834899902344,0.013085898756980897,51586
10040,328990720,0.35846992086744367,3.0520957946777343,0.4662618637084961,0.012909631431102752,50062
10050,329318400,0.35758780952168456,3.0858436584472657,0.487260627746582,0.013215196132659913,53254
10060,329646080,0.3567066020245879,3.0268102645874024,0.46541991233825686,0.013064113259315491,52951
10070,329973760,0.35582630251559155,3.0556922912597657,0.4684854507446289,0.013050459325313568,52478
10080,330301440,0.3549469151298672,2.9975406646728517,0.4579750061035156,0.013105739653110505,53863
10090,330629120,0.3540684439983024,3.0419200897216796,0.47369918823242185,0.013326667249202728,52571
10100,330956800,0.3531908932474809,3.0835697174072267,0.47693910598754885,0.013009658455848694,55425
10110,331284480,0.3523142669996624,3.0793506622314455,0.47812352180480955,0.013193731009960175,52436
10120,331612160,0.3514385693727643,3.0804925918579102,0.47914538383483884,0.012900803983211518,50746
10130,331939840,0.3505638044803414,3.0643075942993163,0.47489075660705565,0.013018237054347992,50809
10140,332267520,0.3496899764315674,3.097706985473633,0.4856522560119629,0.013149213790893555,48686
10150,332595200,0.3488170893312148,3.013585090637207,0.4730518341064453,0.013222450017929077,52832
10160,332922880,0.34794514727963644,2.9988990783691407,0.4686304569244385,0.01299879252910614,54768
10170,333250560,0.3470741543727457,3.0484704971313477,0.47910280227661134,0.013076516985893249,60937
10180,333578240,0.346204114701997,3.005613899230957,0.4704174518585205,0.01312856376171112,52855
10190,333905920,0.345335032354368,3.086378479003906,0.4738459587097168,0.013161975145339965,50329
10200,334233600,0.34446691141233793,3.022760009765625,0.4728089332580566,0.013287174701690673,57681
10210,334561280,0.34359975595387116,2.9770790100097657,0.46965847015380857,0.012977291643619538,66920
10220,334888960,0.3427335700523958,3.081280517578125,0.4759416103363037,0.013090819120407104,66131
10230,335216640,0.3418683577767862,3.1102243423461915,0.47144274711608886,0.013073696196079254,68983
10240,335544320,0.34100412319134277,3.0726125717163084,0.4774178504943848,0.012954626977443696,62601
10250,335872000,0.34014087035577323,3.0897342681884767,0.48570809364318845,0.01315363496541977,52768
10260,336199680,0.33927860332517384,3.1158168792724608,0.4821963310241699,0.013067856431007385,55495
10270,336527360,0.3384173261500096,2.9939552307128907,0.47573604583740237,0.01296153962612152,53871
10280,336855040,0.33755704287609634,3.059197425842285,0.4775211334228516,0.013024157285690308,54292
10290,337182720,0.3366977575445804,3.051580047607422,0.47627687454223633,0.013099266588687897,52520
10300,337510400,0.3358394741919212,3.033422660827637,0.4686100482940674,0.013024866580963135,55880
10310,337838080,0.33498219684987046,3.1370058059692383,0.47643394470214845,0.013174694776535035,48493
10320,338165760,0.3341259295454547,3.1071205139160156,0.46924028396606443,0.01303098201751709,49150
10330,338493440,0.33327067630095575,3.1145429611206055,0.4838707447052002,0.013225144147872925,52166
10340,338821120,0.3324164411338921,3.0520910263061523,0.4800386905670166,0.012947554886341094,51853
10350,339148800,0.33156322805699956,3.037948417663574,0.4713767051696777,0.013099826872348785,54990
10360,339476480,0.3307110410782127,3.0417106628417967,0.4716968536376953,0.013031700253486633,54670
10370,339804160,0.32985988420064666,3.0929025650024413,0.4723662853240967,0.012988871335983277,56487
10380,340131840,0.3290097614225766,3.013065528869629,0.4679897308349609,0.013236646354198457,52751
10390,340459520,0.3281606767374211,3.0547916412353517,0.4734944820404053,0.013218872249126434,53831
10400,340787200,0.3273126341337218,3.0854236602783205,0.47412824630737305,0.013084757328033447,55512
10410,341114880,0.3264656375951254,2.9958553314208984,0.47294278144836427,0.01317351907491684,49996
10420,341442560,0.3256196911003647,2.9934659957885743,0.4724832534790039,0.013146761059761047,53335
10430,341770240,0.3247747986232399,3.035788726806641,0.4787609100341797,0.013011547923088073,51653
10440,342097920,0.3239309641325999,3.0771387100219725,0.48293581008911135,0.013198767602443696,50177
10450,342425600,0.3230881915923239,3.0554729461669923,0.4774137496948242,0.013171927630901336,52277
10460,342753280,0.32224648496130276,3.0858699798583986,0.48188042640686035,0.013317437469959259,53269
10470,343080960,0.32140584819341994,3.0548254013061524,0.48407936096191406,0.013189934194087982,54731
10480,343408640,0.3205662852375337,3.0483072280883787,0.47426743507385255,0.01317763477563858,48326
10490,343736320,0.3197278000374577,3.018025588989258,0.4786976337432861,0.013134327530860902,51522
10500,344064000,0.31889039653194307,3.000628662109375,0.48700451850891113,0.01328708827495575,57263
10510,344391680,0.31805407865465946,3.012893295288086,0.4756892204284668,0.013076899945735932,70240
10520,344719360,0.31721885033417746,3.0351390838623047,0.4720454216003418,0.01310623437166214,67427
10530,345047040,0.3163847154939489,3.036616897583008,0.48174099922180175,0.013287410140037537,66461
10540,345374720,0.3155516780522891,3.081364631652832,0.4771463871002197,0.013072751462459564,66054
10550,345702400,0.31471974192235896,2.998636245727539,0.47429895401000977,0.013115282356739043,52713
10560,346030080,0.313888911012145,3.1012413024902346,0.4750653266906738,0.013120505213737487,51781
10570,346357760,0.3130591892244431,3.0482975006103517,0.4683822154998779,0.013112318515777589,55197
10580,346685440,0.31223058045683816,3.06405029296875,0.48090133666992185,0.013009786605834961,53184
10590,347013120,0.3114030886016875,3.047076416015625,0.4782413005828857,0.013176549971103669,55405
10600,347340800,0.31057671754610106,3.022609329223633,0.47334675788879393,0.0131421759724617,54779
10610,347668480,0.30975147117192475,2.9677509307861327,0.4694117546081543,0.01317814439535141,55577
10620,347996160,0.3089273533557203,3.1070281982421877,0.4765434741973877,0.013271962106227875,52258
10630,348323840,0.3081043679687486,3.0514869689941406,0.47539777755737306,0.013096685707569122,50006
10640,348651520,0.30728251887695135,3.086090660095215,0.4873610496520996,0.013150984048843383,50126
10650,348979200,0.30646180994093186,3.0263668060302735,0.47256011962890626,0.01313677877187729,54265
10660,349306880,0.3056422450159381,3.003182029724121,0.4650447845458984,0.013039328157901764,53403
10670,349634560,0.30482382795184393,2.9893016815185547,0.46442155838012694,0.013102407753467559,53636
10680,349962240,0.3040065625931312,3.070689010620117,0.47473912239074706,0.013211117684841156,47894
10690,350289920,0.30319045277887136,2.9999380111694336,0.49431896209716797,0.013508579134941101,49079
10700,350617600,0.3023755023427084,3.0146600723266603,0.47805218696594237,0.01314227432012558,55195
10710,350945280,0.3015617151128396,3.0810394287109375,0.48306903839111326,0.013312746584415436,53627
10720,351272960,0.3007490949119982,3.0373071670532226,0.4825562000274658,0.013194949924945831,56509
10730,351600640,0.2999376455574358,3.075014114379883,0.46804041862487794,0.013019071519374847,56433
10740,351928320,0.29912737086090346,3.10186882019043,0.4764692306518555,0.01314789205789566,53349
10750,352256000,0.2983182746286347,3.0496044158935547,0.47338309288024905,0.013155201077461242,54600
10760,352583680,0.29751036066132674,3.0243749618530273,0.4848484992980957,0.013397711515426635,52011
10770,352911360,0.29670363275412404,3.065841484069824,0.4859797954559326,0.012937086820602416,51849
10780,353239040,0.2958980946965986,2.9956666946411135,0.47293577194213865,0.01305692046880722,52742
10790,353566720,0.2950937502727342,2.991937828063965,0.4673656940460205,0.01302122175693512,51642
10800,353894400,0.2942906032609065,3.056498146057129,0.47440357208251954,0.013308985531330109,52939
10810,354222080,0.29348865743386676,3.0033231735229493,0.4680783271789551,0.013115961849689484,65060
10820,354549760,0.2926879165587243,2.983160209655762,0.4641507625579834,0.013190898299217223,65544
10830,354877440,0.2918883843969272,3.018792152404785,0.4772661209106445,0.013205556571483612,65398
10840,355205120,0.2910900647042468,3.0454713821411135,0.47760539054870604,0.013260489702224732,68501
10850,355532800,0.29029296123075793,3.0644033432006834,0.4816251277923584,0.013307225704193116,56856
10860,355860480,0.2894970777208227,3.00936279296875,0.476209831237793,0.013160394132137298,63636
10870,356188160,0.2887024179130724,3.0117214202880858,0.47742037773132323,0.013440744578838348,69411
10880,356515840,0.28790898554039035,3.077289581298828,0.482163143157959,0.013150416314601898,68561
10890,356843520,0.2871167843298935,3.0373933792114256,0.47508993148803713,0.013266915082931518,66990
10900,357171200,0.28632581800291573,3.062686538696289,0.4862251281738281,0.013277190923690795,66810
10910,357498880,0.2855360902749904,3.0132360458374023,0.4706421852111816,0.01337028294801712,66896
10920,357826560,0.2847476048558321,3.0145572662353515,0.47667360305786133,0.013385391235351563,66926
10930,358154240,0.2839603654493199,3.019694137573242,0.47991418838500977,0.013194738328456879,66782
10940,358481920,0.2831743757534798,3.0605545043945312,0.47661638259887695,0.013120654225349426,46615
10950,358809600,0.2823896394604675,3.0001277923583984,0.48247151374816893,0.01306939572095871,77219
10960,359137280,0.2816061602565507,3.0685129165649414,0.4863102912902832,0.013381545245647431,73165
10970,359464960,0.2808239418220919,3.0514122009277345,0.4825277805328369,0.013254041969776153,71982
10980,359792640,0.2800429878315313,3.056884765625,0.482830286026001,0.013210168480873108,70808
10990,360120320,0.27926330195336935,3.0674890518188476,0.4998142242431641,0.013224746286869048,76565
11000,360448000,0.2784848878501499,3.0494741439819335,0.47623090744018554,0.01324443519115448,77716
11010,360775680,0.2777077491784421,3.068067741394043,0.482305908203125,0.013194511830806731,73463
11020,361103360,0.27693188958882464,3.023185157775879,0.4777163028717041,0.013099946081638336,84232
11030,361431040,0.27615731272586685,2.986255645751953,0.46997580528259275,0.013223361968994141,73805
11040,361758720,0.2753840222281132,3.0399967193603517,0.47732019424438477,0.01308744102716446,75890
11050,362086400,0.27461202172806515,3.0649852752685547,0.48256964683532716,0.0132746160030365,69626
11060,362414080,0.27384131485216434,2.960268974304199,0.47117066383361816,0.01322665810585022,72428
11070,362741760,0.27307190522077623,3.0214847564697265,0.47931632995605467,0.013303574919700623,74967
11080,363069440,0.2723037964481719,3.009851264953613,0.4759686946868896,0.013275106251239777,73903
11090,363397120,0.27153699214251215,3.0681131362915037,0.47924060821533204,0.01326930671930313,75917
11100,363724800,0.27077149590582994,3.018397903442383,0.47512068748474123,0.013235192000865936,72206
11110,364052480,0.27000731133401334,3.029292106628418,0.4725935459136963,0.013448834419250488,72827
11120,364380160,0.2692444420167893,3.0665206909179688,0.4777017116546631,0.013170680403709412,78002
11130,364707840,0.26848289153770644,3.044072723388672,0.4812919139862061,0.013262031972408295,71637
11140,365035520,0.267722663474118,3.027108001708984,0.4828296661376953,0.013259240984916687,71412
11150,365363200,0.2669637613971651,3.0310068130493164,0.47594847679138186,0.013226963579654694,81177
11160,365690880,0.2662061888717604,3.0409236907958985,0.4805746078491211,0.013318197429180145,74753
11170,366018560,0.26544994945657074,3.0700237274169924,0.48266286849975587,0.01318017989397049,83982
11180,366346240,0.2646950467040012,3.049407196044922,0.48129725456237793,0.01328660398721695,81514
11190,366673920,0.26394148416017726,3.0067873001098633,0.4729913711547852,0.013350661098957061,78841
11200,367001600,0.2631892653649296,3.0385259628295898,0.4733635902404785,0.013253521919250489,67648
11210,367329280,0.26243839385177614,3.0217613220214843,0.47276883125305175,0.013296459615230561,72918
11220,367656960,0.261688873147906,2.981052207946777,0.48737330436706544,0.013189810514450073,65365
11230,367984640,0.2609407067741632,2.9990922927856447,0.495405387878418,0.013543684780597687,62181
11240,368312320,0.2601938982450296,2.996026611328125,0.48856291770935056,0.013290303945541381,72818
11250,368640000,0.2594484510686089,2.9941410064697265,0.4860096454620361,0.01336822509765625,65514
11260,368967680,0.2587043687466096,3.0027786254882813,0.4769750118255615,0.013222092390060424,63171
11270,369295360,0.2579616547743293,3.0392375946044923,0.47656569480895994,0.013233648240566253,71022
11280,369623040,0.2572203126406374,2.9986629486083984,0.47509326934814455,0.013294070959091187,73565
11290,369950720,0.25648034582795914,3.03708553314209,0.4758299827575684,0.013223497569561005,63630
11300,370278400,0.2557417578122594,3.0093284606933595,0.47633976936340333,0.013212619721889496,65305
11310,370606080,0.2550045520630264,3.0330316543579103,0.4728107929229736,0.01325567215681076,67448
11320,370933760,0.25426873204325495,2.9723854064941406,0.4837959766387939,0.013295494019985199,63011
11330,371261440,0.2535343012094305,2.9745975494384767,0.47694740295410154,0.013219444453716278,49829
11340,371589120,0.25280126301151284,3.032454490661621,0.48271980285644533,0.013324618339538574,47955
11350,371916800,0.25206962089291973,3.0398723602294924,0.5044122219085694,0.013590852916240691,50725
11360,372244480,0.2513393782905116,2.991754150390625,0.4883695602416992,0.013155411183834075,48046
11370,372572160,0.25061053863457383,3.025899124145508,0.48578271865844724,0.013307850062847137,48228
11380,372899840,0.24988310534880215,3.0382455825805663,0.4817150592803955,0.013254086673259734,49933
11390,373227520,0.24915708185028554,2.9983686447143554,0.4835676670074463,0.013288360834121705,52886
11400,373555200,0.2484324715494908,3.002097320556641,0.4837932586669922,0.013279621303081513,52607
11410,373882880,0.24770927785024613,2.9455699920654297,0.47658886909484866,0.013184082508087159,52935
11420,374210560,0.24698750414972515,2.953363227844238,0.4741666793823242,0.013241684436798096,53308
11430,374538240,0.2462671538384317,3.028202247619629,0.47765541076660156,0.013233789801597595,52320
11440,374865920,0.24554823030018252,2.9795236587524414,0.48340845108032227,0.013529583811759949,52615
11450,375193600,0.24483073691209287,3.0078197479248048,0.4796553611755371,0.01335216462612152,54068
11460,375521280,0.24411467704455944,3.0173120498657227,0.48201818466186525,0.013305874168872833,53050
11470,375848960,0.24340005406124518,2.985970687866211,0.47744526863098147,0.013514944911003112,52258
11480,376176640,0.24268687131906316,3.027837944030762,0.4772134304046631,0.01340445876121521,51921
11490,376504320,0.24197513216816144,3.059297561645508,0.48777179718017577,0.013404476642608642,53816
11500,376832000,0.24126483995190637,2.9847097396850586,0.4797626495361328,0.013564370572566986,52940
11510,377159680,0.24055599800686764,3.034107208251953,0.47888498306274413,0.013318400084972381,52277
11520,377487360,0.23984860966280222,2.9604345321655274,0.48916096687316896,0.013472606241703034,53430
11530,377815040,0.2391426782426388,2.9693828582763673,0.48713078498840334,0.013239093124866486,52656
11540,378142720,0.2384382070624626,3.038213920593262,0.4928006649017334,0.01349509060382843,50463
11550,378470400,0.23773519943149887,3.0329166412353517,0.48464579582214357,0.01332947462797165,52118
11560,378798080,0.23703365865209847,3.01690731048584,0.479887580871582,0.01330350935459137,51524
11570,379125760,0.23633358801972137,2.978451728820801,0.4789432525634766,0.013359436392784118,54256
11580,379453440,0.2356349908229217,2.973114585876465,0.47991032600402833,0.013218370079994202,53300
11590,379781120,0.23493787034333216,3.082513999938965,0.4916061878204346,0.013406278192996978,50642
11600,380108800,0.23424222985564858,2.969830131530762,0.47748985290527346,0.013243791460990906,65793
11610,380436480,0.23354807262761487,3.0185783386230467,0.4738680362701416,0.013260373473167419,64723
11620,380764160,0.232855401920007,2.978042411804199,0.4694667339324951,0.013288396596908569,62091
11630,381091840,0.2321642209866184,3.0116601943969727,0.4825109958648682,0.013420768082141876,51026
11640,381419520,0.23147453307424415,2.9948118209838865,0.4760645866394043,0.013340045511722565,49719
11650,381747200,0.230786341422666,3.001263236999512,0.48312811851501464,0.013434079289436341,50236
11660,382074880,0.2300996492646368,2.9985191345214846,0.4948277950286865,0.01342092901468277,52934
11670,382402560,0.2294144598258662,3.031961441040039,0.4933919906616211,0.01332423985004425,51989
11680,382730240,0.2287307763250043,3.0775203704833984,0.49799046516418455,0.013641391694545747,49583
11690,383057920,0.2280486019736274,3.015879821777344,0.4781961917877197,0.013384974002838135,48543
11700,383385600,0.22736793997622248,3.0058467864990233,0.47860169410705566,0.01333785206079483,50256
11710,383713280,0.2266887935301724,2.9382795333862304,0.4770803451538086,0.013448549807071686,47884
11720,384040960,0.22601116582574088,2.994173049926758,0.47971248626708984,0.013256165385246276,48113
11730,384368640,0.22533506004605705,2.932210159301758,0.4866091251373291,0.013407666981220246,48284
11740,384696320,0.2246604793671014,3.0027198791503906,0.4812595367431641,0.01329876333475113,49827
11750,385024000,0.22398742695768986,2.9713632583618166,0.4793406963348389,0.013342058658599854,49042
11760,385351680,0.22331590597945955,2.989300346374512,0.48283886909484863,0.013461627066135406,51430
11770,385679360,0.22264591958685376,3.080361175537109,0.4973772048950195,0.013415509462356567,51127
11780,386007040,0.22197747092710685,2.960647392272949,0.5035873413085937,0.013797186315059662,51267
11790,386334720,0.22131056314023037,3.002958297729492,0.48445444107055663,0.013522820174694061,50684
11800,386662400,0.22064519935899696,3.0153553009033205,0.4828314781188965,0.013439984619617462,50587
11810,386990080,0.21998138270892706,2.999502754211426,0.4856232166290283,0.013443930447101593,50707
11820,387317760,0.21931911630827294,3.010125732421875,0.4793203830718994,0.013494466245174409,52008
11830,387645440,0.21865840326800487,2.975147247314453,0.4784399509429932,0.013288259506225586,53637
11840,387973120,0.2179992466917961,2.992097282409668,0.4844047069549561,0.01335216611623764,51272
11850,388300800,0.21734164967600889,2.9904624938964846,0.4741090774536133,0.013225650787353516,49989
11860,388628480,0.2166856153096791,3.0209827423095703,0.4918034076690674,0.013564662635326385,47143
11870,388956160,0.21603114667450216,3.0034236907958984,0.4817351341247559,0.013386961817741395,49634
11880,389283840,0.21537824684481896,3.0239824295043944,0.48954386711120607,0.013436731696128846,49399
11890,389611520,0.21472691888760015,3.029600715637207,0.48843607902526853,0.013522237539291382,49509
11900,389939200,0.21407716586243347,2.94867000579834,0.4848745346069336,0.013494887948036194,69316
11910,390266880,0.21342899082150785,3.0068965911865235,0.489569091796875,0.013399824500083923,65329
11920,390594560,0.2127823968096001,2.972504806518555,0.48192267417907714,0.013356645405292512,65862
11930,390922240,0.21213738686406003,2.972026824951172,0.48264732360839846,0.013440197706222535,52256
11940,391249920,0.2114939640147963,2.9980030059814453,0.47777719497680665,0.013292337954044341,51213
11950,391577600,0.21085213128426236,3.004094886779785,0.4844813823699951,0.013328643143177032,49104
11960,391905280,0.21021189168744198,2.938528823852539,0.47667880058288575,0.013524454832077027,48479
11970,392232960,0.2095732482318356,2.973723602294922,0.4829104900360107,0.013488471508026123,49009
11980,392560640,0.20893620391744544,2.9555343627929687,0.4888882637023926,0.01351010650396347,52083
11990,392888320,0.2083007617367621,3.0272741317749023,0.4918829917907715,0.013422560691833497,49860
12000,393216000,0.20766692467475006,3.052371025085449,0.496733283996582,0.013467228412628174,49949
12010,393543680,0.207034695708834,2.9555452346801756,0.4809075355529785,0.013395796716213226,52203
12020,393871360,0.20640407780888423,3.0126819610595703,0.4883729934692383,0.013514694571495057,50714
12030,394199040,0.20577507393720368,3.0006248474121096,0.48583784103393557,0.01342758983373642,49528
12040,394526720,0.20514768704851313,2.996660614013672,0.47915215492248536,0.0133660688996315,49411
12050,394854400,0.20452192008993753,2.986709403991699,0.48457045555114747,0.013431544601917266,49613
12060,395182080,0.20389777600099285,3.0164634704589846,0.4893620491027832,0.013228864967823028,48455
12070,395509760,0.2032752577135708,2.9928304672241213,0.4822705745697021,0.013480748236179351,51052
12080,395837440,0.20265436815192675,3.0254854202270507,0.4912611484527588,0.013435068726539611,49173
12090,396165120,0.20203511023266468,2.936625862121582,0.48473920822143557,0.013415862619876862,49537
12100,396492800,0.20141748686472444,2.981427001953125,0.4860691547393799,0.013447055220603943,49682
12110,396820480,0.20080150094936725,2.9639184951782225,0.4805322170257568,0.013428819179534913,52006
12120,397148160,0.20018715538016268,2.9346303939819336,0.48415513038635255,0.013376285135746003,50427
12130,397475840,0.1995744530429747,3.007953643798828,0.488847017288208,0.013762879371643066,50326
12140,397803520,0.1989633968159482,2.9394474029541016,0.47547249794006347,0.013452817499637604,52875
12150,398131200,0.19835398956949601,2.9703529357910154,0.4875322818756104,0.013527043163776398,51278
12160,398458880,0.19774623416628423,2.958919715881348,0.49007277488708495,0.01371404081583023,52277
12170,398786560,0.1971401334612201,2.9786487579345704,0.4849410533905029,0.013450515270233155,50945
12180,399114240,0.19653569030143775,2.9695491790771484,0.4931304931640625,0.013599471747875213,50318
12190,399441920,0.19593290752628495,3.0146923065185547,0.4928445339202881,0.013322630524635315,50489
12200,399769600,0.1953317879673098,3.026021385192871,0.4926729202270508,0.013385272026062012,48651
12210,400097280,0.194732334448248,2.9858720779418944,0.478757905960083,0.013388247787952423,68652
12220,400424960,0.1941345497850086,3.0151849746704102,0.48855414390563967,0.013533791899681092,65458
12230,400752640,0.19353843678566138,3.018189811706543,0.49153642654418944,0.013306130468845368,56253
12240,401080320,0.1929439982504239,3.0559621810913087,0.4931081771850586,0.013449619710445403,49051
12250,401408000,0.1923512369716472,2.9530338287353515,0.47449707984924316,0.013592633605003356,50497
12260,401735680,0.19176015573380445,3.024769592285156,0.48322100639343263,0.013484059274196625,51703
12270,402063360,0.191170757313476,2.943585968017578,0.482204008102417,0.013487455248832703,52750
12280,402391040,0.19058304447933802,3.003640556335449,0.48714094161987304,0.013501818478107452,50664
12290,402718720,0.1899970199921481,3.0016271591186525,0.4888432502746582,0.01350965052843094,52474
12300,403046400,0.1894126866047332,2.934905242919922,0.4871655464172363,0.013433383405208587,50434
12310,403374080,0.1888300470619763,3.011264419555664,0.49912095069885254,0.013481949269771577,49343
12320,403701760,0.18824910410080348,2.983469772338867,0.48905267715454104,0.013622859120368957,52360
12330,404029440,0.18766986045017167,2.9330997467041016,0.483081579208374,0.013496778905391693,51189
12340,404357120,0.18709231883105468,3.0810693740844726,0.504491138458252,0.013384580612182617,52043
12350,404684800,0.18651648195643172,3.0382501602172853,0.490389347076416,0.013446694612503052,48633
12360,405012480,0.18594235253127372,2.996176910400391,0.4865566730499268,0.01342669129371643,50467
12370,405340160,0.18536993325253082,3.0337121963500975,0.4954005241394043,0.013596238195896148,51305
12380,405667840,0.18479922680912014,2.9950403213500976,0.4871076107025146,0.013486666977405548,51089
12390,405995520,0.1842302358819124,2.9471511840820312,0.4890746593475342,0.013416434824466705,51725
12400,406323200,0.18366296314372033,2.9243764877319336,0.47331857681274414,0.01330481469631195,47752
12410,406650880,0.18309741125928486,3.039206695556641,0.5013001441955567,0.013550566136837005,49587
12420,406978560,0.18253358288526406,3.01505069732666,0.496289587020874,0.013497911393642426,50404
12430,407306240,0.18197148067021893,2.9737871170043944,0.4942958831787109,0.013518121838569642,48965
12440,407633920,0.18141110725460283,2.9125751495361327,0.48146872520446776,0.01363079696893692,48420
12450,407961600,0.1808524652707474,2.9748783111572266,0.48828582763671874,0.013626694679260254,49963
12460,408289280,0.18029555734285163,2.981674575805664,0.48286094665527346,0.013541075587272643,53544
12470,408616960,0.1797403860869683,3.0002614974975588,0.49251866340637207,0.013607479631900787,50139
12480,408944640,0.17918695411099256,3.0046466827392577,0.4883754730224609,0.013355608284473418,50748
12490,409272320,0.17863526401464913,2.9728776931762697,0.4890423774719238,0.013511943817138671,47351
12500,409600000,0.17808531838948038,2.9926731109619142,0.49836039543151855,0.013617926836013794,48888
12510,409927680,0.17753711981883438,2.9718618392944336,0.49176483154296874,0.013377556204795837,70430
12520,410255360,0.17699067087785206,3.0200271606445312,0.4881723403930664,0.01355493813753128,68138
12530,410583040,0.17644597413345592,2.9959320068359374,0.48340778350830077,0.013425928354263306,60300
12540,410910720,0.1759030321443373,2.9754364013671877,0.4813121795654297,0.01351984143257141,52313
12550,411238400,0.17536184746094474,2.9543737411499023,0.49451022148132323,0.013729816675186158,53100
12560,411566080,0.17482242262547187,2.9671598434448243,0.48508825302124026,0.013633248209953309,48040
12570,411893760,0.17428476017184552,3.0727920532226562,0.4876979351043701,0.01344466358423233,47661
12580,412221440,0.17374886262571393,2.9843423843383787,0.4863687515258789,0.013490712642669678,50696
12590,412549120,0.17321473250443453,2.9837276458740236,0.4988517761230469,0.013591670989990234,52011
12600,412876800,0.1726823723170628,2.9481988906860352,0.48379178047180177,0.013301143050193786,50640
12610,413204480,0.1721517845643391,3.0033075332641603,0.4942461967468262,0.013439460098743439,51831
12620,413532160,0.1716229717386789,2.9798299789428713,0.4907668590545654,0.013640165328979492,48857
12630,413859840,0.17109593632415931,2.976455307006836,0.48948054313659667,0.013350127637386322,47593
12640,414187520,0.17057068079650856,2.9778844833374025,0.4951024532318115,0.013650581240653992,49775
12650,414515200,0.17004720762309364,2.9813940048217775,0.4884356498718262,0.013428030908107758,51801
12660,414842880,0.1695255192629091,2.963723564147949,0.4850913524627686,0.013477009534835816,50250
12670,415170560,0.16900561816656542,3.01893310546875,0.4957096099853516,0.013516773283481599,51949
12680,415498240,0.16848750677627727,2.9354772567749023,0.48900227546691893,0.013560137152671814,48902
12690,415825920,0.1679711875258528,2.966983604431152,0.47681217193603515,0.013566511869430541,48249
12700,416153600,0.16745666284068098,2.933015060424805,0.48110437393188477,0.013695460557937623,47873
12710,416481280,0.16694393513772138,2.9453283309936524,0.4892119407653809,0.013658031821250916,48450
12720,416808960,0.16643300682549206,2.9612028121948244,0.4839280605316162,0.013517583906650543,50990
12730,417136640,0.16592388030405858,2.951852226257324,0.48921999931335447,0.013329464197158813,50061
12740,417464320,0.16541655796502264,3.014873504638672,0.49033393859863283,0.01351323127746582,49237
12750,417792000,0.16491104219151081,2.9779232025146483,0.4888665199279785,0.013486748933792115,48714
12760,418119680,0.16440733535816363,2.968464469909668,0.48862318992614745,0.013557419180870056,48353
12770,418447360,0.16390543983112393,2.9173479080200195,0.4885453701019287,0.013507069647312164,49463
12780,418775040,0.1634053579680263,2.9691164016723635,0.48612170219421386,0.013234521448612212,46702
12790,419102720,0.1629070921179852,2.963308906555176,0.48793611526489256,0.013391563296318054,50308
12800,419430400,0.16241064462158505,2.944810485839844,0.4843300342559814,0.013476432859897613,51264
12810,419758080,0.16191601781086817,2.900343322753906,0.4778903484344482,0.013531918823719024,47593
12820,420085760,0.1614232140093247,2.9498348236083984,0.48754072189331055,0.013507971167564392,65154
12830,420413440,0.1609322355318808,2.9984554290771483,0.4886988639831543,0.013652423024177551,61019
12840,420741120,0.1604430846848886,2.9593881607055663,0.486378812789917,0.013583017885684967,49581
12850,421068800,0.15995576376611487,2.989289665222168,0.4866283416748047,0.013553522527217865,52280
12860,421396480,0.15947027506473016,3.000554847717285,0.4926870346069336,0.013427041471004486,50650
12870,421724160,0.15898662086129878,2.9218189239501955,0.4933903217315674,0.013543660938739776,50118
12880,422051840,0.15850480342776696,3.036256790161133,0.49464874267578124,0.013573768734931945,48558
12890,422379520,0.1580248250274533,3.0258708953857423,0.4903868198394775,0.013452784717082977,49559
12900,422707200,0.1575466879150373,2.962410545349121,0.48295278549194337,0.013667047023773193,48751
12910,423034880,0.1570703943365491,2.997386360168457,0.48630309104919434,0.013467499613761902,50386
12920,423362560,0.15659594652935896,2.986179542541504,0.5188603401184082,0.013931772112846375,47416
12930,423690240,0.15612334672216666,3.0631168365478514,0.4981163501739502,0.013515502214431763,49751
12940,424017920,0.1556525971349913,2.9536008834838867,0.48722410202026367,0.013762964308261872,50381
12950,424345600,0.15518369997916026,2.917083168029785,0.49137463569641116,0.01362098753452301,52310
12960,424673280,0.1547166574572997,2.966771697998047,0.49064412117004397,0.013572822511196136,50171
12970,425000960,0.15425147176332304,2.948220634460449,0.48470354080200195,0.01354788988828659,49045
12980,425328640,0.153788145082422,2.9530351638793944,0.48196797370910643,0.013482214510440826,48364
12990,425656320,0.15332667959105506,3.0162994384765627,0.49176778793334963,0.013576096296310425,54111
13000,425984000,0.1528670774569385,2.868650436401367,0.48716912269592283,0.013516578078269958,51297
13010,426311680,0.15240934083903493,2.9352300643920897,0.49004135131835935,0.013575892150402068,50896
13020,426639360,0.15195347188754413,2.9146102905273437,0.49122958183288573,0.01358606517314911,51610
13030,426967040,0.15149947274389244,2.9479103088378906,0.4856558322906494,0.013478153944015503,49546
13040,427294720,0.15104734554072283,3.024393844604492,0.48658056259155275,0.013657610118389129,52014
13050,427622400,0.15059709240188512,3.0100982666015623,0.4908008575439453,0.01367691159248352,51180
13060,427950080,0.1501487154424255,2.9822772979736327,0.492321252822876,0.013763245940208436,51075
13070,428277760,0.1497022167685772,2.985603904724121,0.48997802734375,0.01362631469964981,49131
13080,428605440,0.14925759847775003,2.9846302032470704,0.4996054172515869,0.0137113556265831,48184
13090,428933120,0.14881486265852079,2.939857292175293,0.4950526714324951,0.013593003153800964,48619
13100,429260800,0.14837401139062345,3.0257871627807615,0.49389991760253904,0.013538523018360138,51116
13110,429588480,0.14793504674493946,2.954532432556152,0.4874405860900879,0.013513082265853881,55538
13120,429916160,0.14749797078348806,2.8779617309570313,0.4833685874938965,0.013824635744094848,70684
13130,430243840,0.14706278555941604,2.986085891723633,0.48928422927856446,0.013712720572948455,61692
13140,430571520,0.14662949311698908,2.984221839904785,0.4990842819213867,0.013603489100933074,49881
13150,430899200,0.14619809549158108,3.0126405715942384,0.4966607570648193,0.013583169877529144,50141
13160,431226880,0.1457685947096655,2.996184539794922,0.49147462844848633,0.013595347106456757,51857
13170,431554560,0.14534099278880513,2.910483741760254,0.4883123397827148,0.013660721480846405,52549
13180,431882240,0.14491529173764328,3.010747528076172,0.4899261951446533,0.013714370131492615,53368
13190,432209920,0.14449149355589372,3.0181949615478514,0.49604206085205077,0.013513103127479553,51409
13200,432537600,0.14406960023433169,2.986586570739746,0.487471866607666,0.013451814651489258,49150
13210,432865280,0.14364961375478438,2.892928695678711,0.476759672164917,0.013736249506473541,49585
13220,433192960,0.1432315360901216,2.9481971740722654,0.4885666847229004,0.013687728345394135,49611
13230,433520640,0.14281536920424684,2.9862491607666017,0.4884660243988037,0.013569808006286621,50686
13240,433848320,0.1424011150520874,2.956212615966797,0.4865381717681885,0.013636232912540435,51858
13250,434176000,0.141988775579586,2.902915382385254,0.48714919090270997,0.013636881113052368,52671
13260,434503680,0.14157835272369096,2.9335468292236326,0.4913355827331543,0.013494500517845153,51734
13270,434831360,0.14116984841234742,2.981669235229492,0.4835658073425293,0.013658230006694794,52181
13280,435159040,0.14076326456448812,2.978580093383789,0.4882168769836426,0.013587865233421325,53455
13290,435486720,0.14035860309002474,2.969363212585449,0.4897568702697754,0.013440954685211181,50655
13300,435814400,0.1399558658898386,2.9392526626586912,0.4836686611175537,0.013566021621227265,52291
13310,436142080,0.13955505485577163,2.931547927856445,0.48937287330627444,0.013485507667064666,51796
13320,436469760,0.13915617187061802,2.9104192733764647,0.48750152587890627,0.013837821781635284,52226
13330,436797440,0.13875921880811476,3.0239892959594727,0.5017265796661377,0.013524015247821809,47804
13340,437125120,0.13836419753293316,3.0066459655761717,0.4987985134124756,0.013543917238712311,50477
13350,437452800,0.13797110990066996,2.9502161026000975,0.48912811279296875,0.013591709733009338,52396
13360,437780480,0.137579957757839,2.952311706542969,0.49579057693481443,0.013762912154197693,51659
13370,438108160,0.13719074294186187,2.9681076049804687,0.4916862964630127,0.013559608161449433,50620
13380,438435840,0.1368034672810598,3.043110466003418,0.4936676502227783,0.013649709522724152,49674
13390,438763520,0.13641813259464494,2.946309471130371,0.4906270503997803,0.013619935512542725,51422
13400,439091200,0.13603474069271163,2.9124372482299803,0.4893978118896484,0.013658703863620758,50892
13410,439418880,0.1356532933762284,2.94504451751709,0.4948070526123047,0.013750296831130982,53126
13420,439746560,0.13527379243702872,2.9295223236083983,0.4904182910919189,0.013771954178810119,50988
13430,440074240,0.1348962396578035,2.981967735290527,0.5003588676452637,0.013650447130203247,67475
13440,440401920,0.13452063681209184,2.910684585571289,0.4874727249145508,0.013596870005130768,50179
13450,440729600,0.13414698566427333,3.00034236907959,0.4924018859863281,0.013581818342208863,49195
13460,441057280,0.1337752879695594,2.9643474578857423,0.49649825096130373,0.013614757359027863,51793
13470,441384960,0.1334055454739853,3.0006649017333986,0.49959745407104494,0.013587798178195953,50741
13480,441712640,0.13303775991440192,3.000649261474609,0.49739961624145507,0.013628141582012176,49366
13490,442040320,0.1326719330184672,2.9067602157592773,0.4878853321075439,0.013639435172080994,52393
13500,442368000,0.13230806650463867,2.9644964218139647,0.4925100803375244,0.01354248821735382,49318
13510,442695680,0.13194616208216495,2.9969200134277343,0.4952662467956543,0.013727912306785583,48653
13520,443023360,0.13158622145107762,3.0017621994018553,0.49907770156860354,0.013749468326568603,52006
13530,443351040,0.1312282463021836,2.917650604248047,0.48871455192565916,0.013708449900150299,46940
13540,443678720,0.13087223831705705,2.935844612121582,0.48865513801574706,0.01357080489397049,49160
13550,444006400,0.13051819916803145,2.8687305450439453,0.4838597297668457,0.013585571944713593,50916
13560,444334080,0.1301661305181917,2.9703487396240233,0.5003416061401367,0.013906702399253845,50821
13570,444661760,0.12981603402136632,2.9533760070800783,0.48604235649108884,0.013635683059692382,50435
13580,444989440,0.1294679113221197,2.9325592041015627,0.4889810085296631,0.013614842295646667,48527
13590,445317120,0.12912176405574471,3.017680549621582,0.5000014781951905,0.013617801666259765,49853
13600,445644800,0.12877759384825416,2.958694648742676,0.49168920516967773,0.013692602515220642,52091
13610,445972480,0.12843540231637426,2.8940319061279296,0.48778715133666994,0.013540947437286377,46830
13620,446300160,0.1280951910675361,2.9213563919067385,0.5037562370300293,0.013753281533718109,48601
13630,446627840,0.12775696169986858,2.920208549499512,0.4946413993835449,0.01359836310148239,49735
13640,446955520,0.12742071580219075,2.95065860748291,0.5017001628875732,0.013830950856208802,51358
13650,447283200,0.12708645495400447,2.9537109375,0.48262715339660645,0.013451066613197327,51480
13660,447610880,0.1267541807254869,2.963776397705078,0.48866844177246094,0.013658055663108825,48950
13670,447938560,0.12642389467748305,2.922503852844238,0.4934545516967773,0.01376914232969284,50807
13680,448266240,0.12609559836149858,2.9514928817749024,0.4878369331359863,0.013732224702835083,51815
13690,448593920,0.12576929331969258,2.8989498138427736,0.48030714988708495,0.013680465519428253,53232
13700,448921600,0.12544498108486998,2.876107025146484,0.49666385650634765,0.013710710406303405,50024
13710,449249280,0.12512266318047466,2.975085639953613,0.49357943534851073,0.013628408312797546,48823
13720,449576960,0.12480234112058225,2.916315460205078,0.4874441146850586,0.01354057490825653,50311
13730,449904640,0.12448401640989308,2.939530944824219,0.4909953594207764,0.01362163871526718,51117
13740,450232320,0.12416769054372481,2.946665573120117,0.49190316200256345,0.013659684360027314,48767
13750,450560000,0.12385336500800571,3.0142194747924806,0.4982893943786621,0.013763360679149628,51938
13760,450887680,0.12354104127926756,2.9011114120483397,0.4908601760864258,0.01392672210931778,51747
13770,451215360,0.12323072082463879,2.944569778442383,0.4877324104309082,0.013699524104595184,49363
13780,451543040,0.12292240510183737,2.9856443405151367,0.4968258380889893,0.013788968324661255,51264
13790,451870720,0.12261609555916432,2.986383628845215,0.4863077163696289,0.013615618646144866,48457
13800,452198400,0.1223117936354966,2.8838611602783204,0.4887566566467285,0.013645239174365997,48979
13810,452526080,0.1220095007602805,2.9564888000488283,0.496197509765625,0.013793332874774933,52497
13820,452853760,0.1217092183535248,2.996860122680664,0.49369263648986816,0.01367812156677246,49525
13830,453181440,0.12141094782579417,3.0082197189331055,0.49834551811218264,0.013808333873748779,50352
13840,453509120,0.12111469057820282,3.0214298248291014,0.49491195678710936,0.01358010470867157,48224
13850,453836800,0.12082044800240728,2.928885650634766,0.48724589347839353,0.013777437806129455,49140
13860,454164480,0.12052822148060055,2.9574684143066405,0.48923430442810056,0.013787968456745148,50841
13870,454492160,0.12023801238550516,2.9129981994628906,0.4950852394104004,0.013661108911037445,50498
13880,454819840,0.11994982208036684,2.9748424530029296,0.49958105087280275,0.013866300880908965,50605
13890,455147520,0.1196636519189481,3.0211088180541994,0.49605398178100585,0.013703890144824982,49597
13900,455475200,0.11937950324552202,2.923752021789551,0.49716758728027344,0.013676212728023529,51474
13910,455802880,0.11909737739486582,2.9245567321777344,0.49382772445678713,0.013900084793567658,48404
13920,456130560,0.1188172756922545,2.9526222229003904,0.49786853790283203,0.01366158276796341,48463
13930,456458240,0.1185391994534547,2.9283939361572267,0.4979552268981934,0.013695357739925385,49965
13940,456785920,0.1182631499847186,3.008142852783203,0.4926766395568848,0.013771162927150726,52348
13950,457113600,0.11798912858277767,2.9728342056274415,0.4944319725036621,0.013872000575065612,51360
13960,457441280,0.11771713653483655,2.9481271743774413,0.4955447196960449,0.013796348869800568,47800
13970,457768960,0.1174471751185673,2.902097702026367,0.49405741691589355,0.013728143274784088,49374
13980,458096640,0.1171792456021029,2.9678838729858397,0.5086865901947022,0.013921360671520232,50309
13990,458424320,0.11691334924403168,2.980242919921875,0.4985799312591553,0.013693249225616455,49567
14000,458752000,0.11664948729339125,2.90563907623291,0.48643808364868163,0.013658237457275391,53775
14010,459079680,0.1163876609896627,2.999645805358887,0.4986583232879639,0.013751088082790375,51230
14020,459407360,0.11612787156276486,2.9565589904785154,0.49043803215026854,0.013789486885070801,47964
14030,459735040,0.11587012023304813,2.9829708099365235,0.4905665874481201,0.013625967502593993,56222
14040,460062720,0.1156144082112893,2.928202819824219,0.49150876998901366,0.013806793093681335,51238
14050,460390400,0.11536073669868546,2.9780147552490233,0.49486513137817384,0.013519598543643952,52214
14060,460718080,0.11510910688684858,2.910085678100586,0.487732458114624,0.01383347511291504,50313
14070,461045760,0.1148595199577997,2.8651054382324217,0.48310651779174807,0.013834197819232941,48492
14080,461373440,0.11461197708396349,2.924222946166992,0.49504818916320803,0.013827528059482574,48548
14090,461701120,0.11436647942816297,2.9535037994384767,0.4971611976623535,0.013683517277240754,49189
14100,462028800,0.11412302814361354,2.9553293228149413,0.5055346012115478,0.013688221573829651,52220
14110,462356480,0.11388162437391813,2.911744499206543,0.4910732269287109,0.01388370543718338,48238
14120,462684160,0.11364226925306124,2.9571619033813477,0.4994339942932129,0.013771128654479981,49305
14130,463011840,0.11340496390540424,2.9692304611206053,0.4909982204437256,0.013719621300697326,50164
14140,463339520,0.1131697094456795,2.9805551528930665,0.5009794235229492,0.013839252293109894,50119
14150,463667200,0.11293650697898572,2.962668228149414,0.4919224739074707,0.013776950538158417,53023
14160,463994880,0.11270535760078214,2.9631679534912108,0.49040942192077636,0.013746404647827148,53066
14170,464322560,0.11247626239688388,2.969772148132324,0.49024715423583987,0.01354188472032547,52424
14180,464650240,0.11224922244345657,2.9211196899414062,0.48790454864501953,0.01371176689863205,50328
14190,464977920,0.1120242388070114,2.945208930969238,0.4977977752685547,0.013978366553783417,51818
14200,465305600,0.11180131254440019,2.9929229736328127,0.5007677555084229,0.013918541371822357,49126
14210,465633280,0.1115804447028102,2.9393199920654296,0.4899789810180664,0.013796791434288025,52130
14220,465960960,0.11136163631975948,2.9817100524902345,0.5010568618774414,0.013845090568065644,49921
14230,466288640,0.11114488842309167,2.998952865600586,0.520091962814331,0.014011366665363312,49706
14240,466616320,0.11093020203097147,3.0096773147583007,0.50497465133667,0.013856740295886993,50250
14250,466944000,0.11071757815187974,2.8621986389160154,0.48846940994262694,0.01375328004360199,50412
14260,467271680,0.11050701778460868,2.8961488723754885,0.48764214515686033,0.013741153478622436,51521
14270,467599360,0.11029852191825738,2.9135919570922852,0.49761786460876467,0.013880430161952973,49758
14280,467927040,0.11009209153222692,2.8951568603515625,0.49506435394287107,0.013765901327133179,48391
14290,468254720,0.1098877275962159,2.9465551376342773,0.49481987953186035,0.013764999806880951,48509
14300,468582400,0.10968543107021578,2.9491687774658204,0.48545494079589846,0.013682471215724945,51180
14310,468910080,0.10948520290450654,3.0094320297241213,0.49625520706176757,0.013764986395835876,51694
14320,469237760,0.10928704403965202,2.9534988403320312,0.4979379177093506,0.013704639673233033,47457
14330,469565440,0.10909095540649572,2.9405345916748047,0.49460391998291015,0.013734257221221924,64658
14340,469893120,0.10889693792615628,2.9255096435546877,0.4918397903442383,0.013722680509090424,46942
14350,470220800,0.10870499251002304,2.946420097351074,0.4953291893005371,0.013930992782115936,49483
14360,470548480,0.10851512005975213,2.9809356689453126,0.49796419143676757,0.013751976191997528,48090
14370,470876160,0.10832732146726176,2.9489673614501952,0.49508056640625,0.013873724639415741,52753
14380,471203840,0.10814159761472848,2.9558435440063477,0.49776668548583985,0.013741034269332885,49540
14390,471531520,0.10795794937458267,2.952991485595703,0.49298572540283203,0.013765862584114075,48785
14400,471859200,0.1077763776095048,2.939009666442871,0.49516754150390624,0.013822484016418456,49605
14410,472186880,0.107596883172421,2.973943519592285,0.5074539661407471,0.013734817504882812,51356
14420,472514560,0.10741946690649931,2.955360221862793,0.4937098503112793,0.013867215812206268,50881
14430,472842240,0.10724412964514562,2.9744535446166993,0.5006126880645752,0.013764777779579162,47673
14440,473169920,0.10707087221199973,2.9194366455078127,0.492258358001709,0.013708476722240449,49898
14450,473497600,0.10689969542093168,2.9253625869750977,0.49117221832275393,0.013708297908306123,51003
14460,473825280,0.10673060007603764,3.016718292236328,0.4987796306610107,0.013968066871166229,48625
14470,474152960,0.10656358697163638,2.925558853149414,0.49659218788146975,0.013920404016971588,49386
14480,474480640,0.10639865689226519,2.931237983703613,0.49286627769470215,0.013851737976074219,53040
14490,474808320,0.10623581061267677,2.9405773162841795,0.49310078620910647,0.013845787942409515,48780
14500,475136000,0.10607504889783496,2.93298454284668,0.5005529403686524,0.013887099921703339,53064
14510,475463680,0.10591637250291171,2.9227691650390626,0.49190258979797363,0.013674382865428925,51651
14520,475791360,0.10575978217328301,2.961637496948242,0.49999089241027833,0.013796918094158173,53299
14530,476119040,0.10560527864452576,2.988531303405762,0.49794349670410154,0.013601301610469818,50941
14540,476446720,0.10545286264241416,2.9173824310302736,0.49551191329956057,0.013701233267784118,50824
14550,476774400,0.10530253488291638,2.8902265548706056,0.49515671730041505,0.014010348916053772,49534
14560,477102080,0.1051542960721912,2.96014289855957,0.49837841987609866,0.013876314461231231,51970
14570,477429760,0.10500814690658448,2.9133058547973634,0.49706058502197265,0.01394597440958023,46801
14580,477757440,0.10486408807262619,2.9843366622924803,0.5004003524780274,0.013922770321369172,48867
14590,478085120,0.104722120247027,2.903900146484375,0.4957334041595459,0.013842561841011047,48623
14600,478412800,0.10458224409667521,2.9376314163208006,0.49356679916381835,0.013878281414508819,51146
14610,478740480,0.10444446027863345,2.9739633560180665,0.4985027313232422,0.013941106200218201,52513
14620,479068160,0.10430876944013576,2.9302196502685547,0.5012072086334228,0.01384802907705307,55180
14630,479395840,0.10417517221858452,2.9477972030639648,0.4953831672668457,0.013958464562892913,65255
14640,479723520,0.1040436692415474,2.9313308715820314,0.49233498573303225,0.013901498913764954,65553
14650,480051200,0.10391426112675443,2.9477565765380858,0.5030758857727051,0.013853372633457183,50811
14660,480378880,0.10378694848209509,2.9822246551513674,0.5012621402740478,0.0140486940741539,48476
14670,480706560,0.10366173190561558,2.958933448791504,0.5064085483551025,0.013819429278373718,47257
14680,481034240,0.10353861198551571,2.909221649169922,0.5115978717803955,0.013855385780334472,47425
14690,481361920,0.10341758930014654,2.922943115234375,0.4952220916748047,0.013717247545719147,49531
14700,481689600,0.10329866441800734,3.010476303100586,0.5091248512268066,0.01377088576555252,48000
14710,482017280,0.10318183789774295,3.02414493560791,0.5090352535247803,0.01402745246887207,48934
14720,482344960,0.10306711028814143,2.9335811614990233,0.49878439903259275,0.013645298779010773,51711
14730,482672640,0.10295448212813114,2.9610342025756835,0.49925570487976073,0.01399167776107788,46651
14740,483000320,0.10284395394677846,2.916311264038086,0.49858899116516114,0.01375679075717926,48621
14750,483328000,0.10273552626328514,2.931906318664551,0.5009154319763184,0.013805195689201355,49780
14760,483655680,0.10262919958698588,2.90587158203125,0.4971214771270752,0.013624085485935212,51492
14770,483983360,0.10252497441734616,2.874498176574707,0.4997250080108643,0.013980817794799805,50448
14780,484311040,0.10242285124395946,2.9438461303710937,0.49812870025634765,0.013848720490932465,51081
14790,484638720,0.10232283054654547,2.9820817947387694,0.5126705646514893,0.013935768604278564,48116
14800,484966400,0.10222491279494736,2.9664865493774415,0.502128267288208,0.01371586173772812,48826
14810,485294080,0.10212909844913001,2.9698001861572267,0.5110042095184326,0.013924703001976013,50880
14820,485621760,0.10203538795917738,2.9316938400268553,0.49674310684204104,0.013769720494747163,51483
14830,485949440,0.101943781765291,2.902593421936035,0.4928492546081543,0.013680462539196015,49267
14840,486277120,0.10185428029778715,2.8433128356933595,0.493987512588501,0.013901026546955108,50002
14850,486604800,0.1017668839770955,2.938336944580078,0.490815258026123,0.01384623497724533,52085
14860,486932480,0.10168159321375685,2.9585813522338866,0.5077078819274903,0.014025655388832093,47288
14870,487260160,0.10159840840842116,2.909783363342285,0.49585690498352053,0.01383344829082489,48509
14880,487587840,0.1015173299518458,2.880061912536621,0.49166064262390136,0.013931746780872344,52577
14890,487915520,0.10143835822489358,2.9658037185668946,0.5028499603271485,0.013969931006431579,48365
14900,488243200,0.10136149359853108,2.9273115158081056,0.49820694923400877,0.013815657794475555,51170
14910,488570880,0.10128673643382681,2.8444631576538084,0.49239192008972166,0.013815408945083619,50308
14920,488898560,0.10121408708194966,2.9444019317626955,0.4953166961669922,0.013898199796676636,66550
14930,489226240,0.10114354588416707,2.9306211471557617,0.49800882339477537,0.013867020606994629,69500
14940,489553920,0.1010751131718435,2.88702449798584,0.5034988403320313,0.013749940693378449,66949
14950,489881600,0.10100878926643891,2.9269195556640626,0.4944441795349121,0.01387040615081787,50482
14960,490209280,0.1009445744795073,2.8615976333618165,0.49377875328063964,0.013733409345149994,51143
14970,490536960,0.10088246911269502,2.9222637176513673,0.5036895751953125,0.013807524740695954,49220
14980,490864640,0.1008224734577396,2.9664173126220703,0.5016376495361328,0.013983698189258575,47446
14990,491192320,0.10076458779646827,2.981366729736328,0.509955644607544,0.013999655842781067,47423
15000,491520000,0.10070881240079659,2.934524154663086,0.5049391746520996,0.013812120258808135,51976
15010,491847680,0.10065514753272739,2.926951789855957,0.509428596496582,0.014042207598686218,49053
15020,492175360,0.10060359344434912,2.940764617919922,0.6410757541656494,0.016242648661136627,49534
15030,492503040,0.10055415037783517,2.951974105834961,0.510001277923584,0.013946375250816346,56105
15040,492830720,0.10050681856544236,2.955917167663574,0.5086902141571045,0.013894708454608917,52281
15050,493158400,0.10046159822951001,2.928212356567383,0.5067868709564209,0.014091314375400543,49760
15060,493486080,0.10041848958245882,2.863450050354004,0.4877279281616211,0.01379351019859314,49079
15070,493813760,0.10037749282679005,2.9633205413818358,0.503376579284668,0.014193257689476014,50292
15080,494141440,0.10033860815508432,2.987149238586426,0.5113846778869628,0.013686949014663696,49033
15090,494469120,0.10030183575000079,2.947189712524414,0.502874231338501,0.013931249082088471,52115
15100,494796800,0.10026717578427634,2.948271560668945,0.5018324375152587,0.01383366584777832,52854
15110,495124480,0.10023462842072489,2.9253538131713865,0.5063581943511963,0.014007548987865447,52349
15120,495452160,0.1002041938122364,3.0393959045410157,0.5107138156890869,0.01382286250591278,52280
15130,495779840,0.10017587210177614,2.928334617614746,0.5026337623596191,0.013985627889633178,48436
15140,496107520,0.10014966342238431,2.9547096252441407,0.5091850280761718,0.013980036973953247,51430
15150,496435200,0.10012556789717511,2.9792598724365233,0.5113339424133301,0.01388319581747055,49141
15160,496762880,0.1001035856393363,2.914075469970703,0.49752235412597656,0.013917241990566254,49365
15170,497090560,0.1000837167521287,2.949003219604492,0.49376544952392576,0.014036402106285095,48041
15180,497418240,0.10006596132888562,2.9116439819335938,0.4940153121948242,0.013807782530784607,53197
15190,497745920,0.10005031945301247,2.906329536437988,0.4929558277130127,0.014050741493701936,52409
15200,498073600,0.10003679119798632,2.965365982055664,0.502216911315918,0.013648219406604767,51585
15210,498401280,0.10002537662735562,2.91611328125,0.4971644878387451,0.013891565799713134,54969
15220,498728960,0.1000160757947399,2.907710647583008,0.5015017986297607,0.014123654365539551,65500
15230,499056640,0.10000888874382939,2.9434860229492186,0.5059508323669434,0.01386275738477707,65628
15240,499384320,0.100003815508385,2.957967758178711,0.5067346572875977,0.013886630535125732,69530
15250,499712000,0.10000085611223805,2.925343894958496,0.4974510192871094,0.01391298621892929,62906
15258,499974144,0.1000000105692902,2.915879487991333,0.4952375292778015,0.013962935656309128,51659
