step,tokens,lr_mult,loss,grad_norm,value_grad_norm,tok_s
10,327680,0.01310615989515072,10.762945556640625,9.184574127197266,,57130
20,655360,0.02621231979030144,10.101807403564454,5.066989517211914,,61666
30,983040,0.039318479685452164,9.695206451416016,2.5198163986206055,,61692
40,1310720,0.05242463958060288,9.46578598022461,2.2995021820068358,,61694
50,1638400,0.0655307994757536,9.178366088867188,2.377663421630859,,61677
60,1966080,0.07863695937090433,8.883000946044922,2.0432365417480467,,61686
70,2293760,0.09174311926605505,8.59698028564453,1.8614126205444337,,61689
80,2621440,0.10484927916120576,8.324442291259766,1.7989147186279297,,61718
90,2949120,0.11795543905635648,8.057992553710937,1.5837234497070312,,61715
100,3276800,0.1310615989515072,7.7800453186035154,1.6620365142822267,,61701
110,3604480,0.14416775884665792,7.539076232910157,1.3672926902770997,,61716
120,3932160,0.15727391874180865,7.379920196533203,1.3960877418518067,,61690
130,4259840,0.17038007863695936,7.218939971923828,1.3229537963867188,,61683
140,4587520,0.1834862385321101,7.107640075683594,1.225478172302246,,61660
150,4915200,0.1965923984272608,6.994332122802734,1.98507080078125,,61647
160,5242880,0.20969855832241152,6.874497985839843,1.326036548614502,,61632
170,5570560,0.22280471821756226,6.824916076660156,1.3175198554992675,,61628
180,5898240,0.23591087811271297,6.706206512451172,1.2762588500976562,,61608
190,6225920,0.2490170380078637,6.650440216064453,1.360654067993164,,61627
200,6553600,0.2621231979030144,6.562692260742187,1.159026527404785,,61629
210,6881280,0.27522935779816515,6.469875335693359,1.279486083984375,,61642
220,7208960,0.28833551769331583,6.374889373779297,1.2915470123291015,,61632
230,7536640,0.30144167758846657,6.347700500488282,1.2174470901489258,,61597
240,7864320,0.3145478374836173,6.285865783691406,1.0998053550720215,,61613
250,8192000,0.32765399737876805,6.288240051269531,1.1222194671630858,,61608
260,8519680,0.34076015727391873,6.213528823852539,1.1737278938293456,,61613
270,8847360,0.35386631716906947,6.099402236938476,1.125682544708252,,61617
280,9175040,0.3669724770642202,6.057121276855469,1.348921298980713,,61612
290,9502720,0.3800786369593709,6.083731460571289,1.1824552536010742,,61597
300,9830400,0.3931847968545216,6.008054733276367,1.1484034538269043,,61587
310,10158080,0.40629095674967236,5.977817535400391,1.0974068641662598,,61562
320,10485760,0.41939711664482304,5.89123764038086,1.0322769165039063,,61590
330,10813440,0.4325032765399738,5.807109069824219,1.0287491798400878,,61595
340,11141120,0.4456094364351245,5.831759262084961,1.0125938415527345,,61586
350,11468800,0.45871559633027525,5.782431411743164,1.2208372116088868,,61582
360,11796480,0.47182175622542594,5.819882202148437,1.0198582649230956,,61592
370,12124160,0.4849279161205767,5.782080078125,1.0418508529663086,,61589
380,12451840,0.4980340760157274,5.662454986572266,1.1565629959106445,,61589
390,12779520,0.5111402359108781,5.633779525756836,1.018598747253418,,61594
400,13107200,0.5242463958060288,5.636230087280273,1.1116872787475587,,61583
410,13434880,0.5373525557011796,5.569056701660156,0.992853832244873,,61533
420,13762560,0.5504587155963303,5.543486022949219,1.8799781799316406,,61582
430,14090240,0.563564875491481,5.52949333190918,0.9757680892944336,,61590
440,14417920,0.5766710353866317,5.522000885009765,0.991352653503418,,61593
450,14745600,0.5897771952817824,5.473631286621094,0.9226923942565918,,61568
460,15073280,0.6028833551769331,5.395605850219726,0.9049426078796386,,61575
470,15400960,0.6159895150720839,5.462469482421875,0.8837376594543457,,61565
480,15728640,0.6290956749672346,5.394907760620117,0.8940472602844238,,61561
490,16056320,0.6422018348623854,5.332308197021485,0.878182315826416,,61575
500,16384000,0.6553079947575361,5.316593933105469,1.0047211647033691,,61547
510,16711680,0.6684141546526867,5.253244018554687,0.8165215492248535,,61559
520,17039360,0.6815203145478375,5.268587493896485,0.9076059341430665,,61545
530,17367040,0.6946264744429882,5.337153625488281,0.9649740219116211,,61572
540,17694720,0.7077326343381389,5.202623748779297,0.8408307075500489,,61576
550,18022400,0.7208387942332897,5.194894409179687,0.7831951141357422,,61571
560,18350080,0.7339449541284404,5.254337310791016,0.861389446258545,,61578
570,18677760,0.747051114023591,5.211134338378907,0.8321318626403809,,61573
580,19005440,0.7601572739187418,5.195631408691407,0.8167915344238281,,61563
590,19333120,0.7732634338138925,5.209471893310547,0.929750633239746,,61557
600,19660800,0.7863695937090432,5.10205307006836,0.7784461975097656,,61559
610,19988480,0.799475753604194,5.0711616516113285,0.7911152362823486,,61578
620,20316160,0.8125819134993447,5.082970428466797,0.8387747764587402,,61567
630,20643840,0.8256880733944955,5.100124359130859,0.7873945236206055,,61564
640,20971520,0.8387942332896461,5.059570693969727,0.7850329875946045,,61564
650,21299200,0.8519003931847968,5.061693572998047,1.1836771011352538,,61563
660,21626880,0.8650065530799476,5.033463668823242,1.0344849586486817,,61579
670,21954560,0.8781127129750983,4.984992218017578,1.337890625,,61571
680,22282240,0.891218872870249,4.987113189697266,0.8396666526794434,,61565
690,22609920,0.9043250327653998,4.88504638671875,0.8632576942443848,,61544
700,22937600,0.9174311926605505,4.936148452758789,0.7987886428833008,,61538
710,23265280,0.9305373525557011,4.938233184814453,0.8824458122253418,,61548
720,23592960,0.9436435124508519,4.907751083374023,0.7567660808563232,,61560
730,23920640,0.9567496723460026,4.909107971191406,0.6993874549865723,,61551
740,24248320,0.9698558322411533,4.85565071105957,0.7789565086364746,,61546
750,24576000,0.9829619921363041,4.862000274658203,0.7019259452819824,,61524
760,24903680,0.9960681520314548,4.8372955322265625,0.7083377838134766,,61523
770,25231360,0.999999619505605,4.742222595214844,0.6921426773071289,,61541
780,25559040,0.9999972942644099,4.775357437133789,0.6739423751831055,,61534
790,25886720,0.9999928551787042,4.7560066223144535,0.6883296012878418,,61558
800,26214400,0.9999863022693405,4.704227447509766,0.7241222381591796,,61558
810,26542080,0.9999776355671006,4.733918762207031,0.6912127494812011,,61541
820,26869760,0.999966855112696,4.669136047363281,0.6847414016723633,,61525
830,27197440,0.9999539609567677,4.719811630249024,0.6740106582641602,,61524
840,27525120,0.9999389531598855,4.58703384399414,0.673630952835083,,61522
850,27852800,0.9999218317925475,4.645363235473633,0.6590476989746094,,61530
860,28180480,0.9999025969351808,4.620459747314453,0.6414301872253418,,61546
870,28508160,0.9998812486781407,4.571498870849609,0.9256281852722168,,61519
880,28835840,0.9998577871217097,4.5669597625732425,0.6921803951263428,,61539
890,29163520,0.9998322123760972,4.511466598510742,0.6040647506713868,,61524
900,29491200,0.9998045245614399,4.520978927612305,0.6303174018859863,,61531
910,29818880,0.9997747238078001,4.44322624206543,0.6286473751068116,,61523
920,30146560,0.9997428102551656,4.471280288696289,0.6287503242492676,,61499
930,30474240,0.9997087840534492,4.445556259155273,0.6567404270172119,,61536
940,30801920,0.9996726453624875,4.410499572753906,0.5988599777221679,,61530
950,31129600,0.9996343943520406,4.494060516357422,0.8240533828735351,,61535
960,31457280,0.9995940312017911,4.435861968994141,0.5801906585693359,,61541
970,31784960,0.9995515561013435,4.4452392578125,0.6123303413391114,,61532
980,32112640,0.9995069692502226,4.352992248535156,0.6052676200866699,,61527
990,32440320,0.9994602708578736,4.372193908691406,0.6129028797149658,,61469
1000,32768000,0.9994114611436603,4.440163421630859,0.6955840110778808,,61525
1010,33095680,0.9993605403368643,4.35070915222168,0.5868204593658447,,61399
1020,33423360,0.9993075086766843,4.365270614624023,0.6209681510925293,,61515
1030,33751040,0.999252366412234,4.383034515380859,0.5574313640594483,,61507
1040,34078720,0.9991951138025426,4.316057968139648,0.555909538269043,,61519
1050,34406400,0.9991357511165514,4.376174545288086,0.5749656677246093,,61517
1060,34734080,0.9990742786331146,4.260518646240234,0.5468216419219971,,61507
1070,35061760,0.9990106966409968,4.31970100402832,0.6628227710723877,,61514
1080,35389440,0.9989450054388717,4.264282608032227,0.5669390201568604,,61533
1090,35717120,0.9988772053353212,4.286063385009766,0.7622488021850586,,61541
1100,36044800,0.9988072966488337,4.286268615722657,1.217852783203125,,61526
1110,36372480,0.9987352797078023,4.200805282592773,0.5414559841156006,,61474
1120,36700160,0.998661154850524,4.177902603149414,0.5783919811248779,,61504
1130,37027840,0.9985849224251971,4.213020324707031,0.5416710376739502,,61505
1140,37355520,0.9985065827899208,4.230307388305664,0.5238473415374756,,61535
1150,37683200,0.998426136312692,4.269838333129883,0.5493018627166748,,61539
1160,38010880,0.9983435833714049,4.203118133544922,0.5661339282989502,,61531
1170,38338560,0.998258924353849,4.1971088409423825,0.5320473670959472,,61539
1180,38666240,0.9981721596577064,4.227024078369141,0.5201289176940918,,61529
1190,38993920,0.9980832896905512,4.1842292785644535,0.5359346389770507,,61504
1200,39321600,0.9979923148698461,4.2039131164550785,0.5298530101776123,,61530
1210,39649280,0.9978992356229419,4.196600723266601,0.55561842918396,,61539
1220,39976960,0.9978040523870747,4.179121398925782,0.5279268264770508,,61516
1230,40304640,0.9977067656093641,4.155602264404297,0.5119163513183593,,61522
1240,40632320,0.9976073757468108,4.14044189453125,0.5404866218566895,,61525
1250,40960000,0.9975058832662946,4.110556030273438,0.53425612449646,,61539
1260,41287680,0.9974022886445727,4.127837753295898,0.5034341812133789,,61469
1270,41615360,0.9972965923682765,4.095061492919922,0.5391259670257569,,61532
1280,41943040,0.9971887949339102,4.096437072753906,0.5062914848327636,,61525
1290,42270720,0.9970788968478482,4.190697097778321,0.5174390792846679,,61517
1300,42598400,0.996966898626332,4.156118774414063,0.5002939701080322,,61485
1310,42926080,0.9968528007954691,4.067318344116211,0.5575657844543457,,61521
1320,43253760,0.9967366038912294,4.074949645996094,0.5567426681518555,,61526
1330,43581440,0.9966183084594433,4.115313720703125,0.5133647918701172,,61514
1340,43909120,0.996497915055799,4.028633880615234,0.5248136997222901,,61523
1350,44236800,0.9963754242458397,4.092688751220703,0.5080133438110351,,61536
1360,44564480,0.9962508366049612,4.126207733154297,0.49222393035888673,,61522
1370,44892160,0.9961241527184089,4.062160873413086,0.5010180473327637,,61532
1380,45219840,0.9959953731812754,4.04892578125,0.49095654487609863,,61531
1390,45547520,0.9958644985984976,4.066681671142578,0.522005844116211,,61523
1400,45875200,0.9957315295848536,4.062273025512695,0.5024645328521729,,61510
1410,46202880,0.99559646676496,4.054351043701172,0.487111234664917,,61437
1420,46530560,0.9954593107732691,4.016313552856445,0.48583259582519533,,61510
1430,46858240,0.9953200622540659,4.0612937927246096,0.48461523056030276,,61525
1440,47185920,0.9951787218614647,4.023954391479492,0.4814291954040527,,61533
1450,47513600,0.9950352902594064,4.0454246520996096,0.4807154655456543,,61504
1460,47841280,0.9948897681216552,3.990122985839844,0.47526350021362307,,61516
1470,48168960,0.9947421561317958,3.9511871337890625,0.49810338020324707,,61509
1480,48496640,0.9945924549832297,4.011573791503906,0.4953315734863281,,61512
1490,48824320,0.9944406653791718,3.975172424316406,0.4980621337890625,,61516
1500,49152000,0.994286788032648,4.026232528686523,0.48560214042663574,,61530
1510,49479680,0.9941308236664911,4.005466461181641,0.47291994094848633,,61504
1520,49807360,0.9939727730133375,3.984945297241211,0.5005961894989014,,61528
1530,50135040,0.9938126368156238,3.923645782470703,0.5286055564880371,,61465
1540,50462720,0.9936504158255838,3.968586730957031,0.502640676498413,,61496
1550,50790400,0.9934861108052436,3.9364627838134765,0.568369722366333,,61508
1560,51118080,0.9933197225264201,3.9765956878662108,0.4844553470611572,,61527
1570,51445760,0.9931512517707154,3.9490432739257812,0.6018052577972413,,61509
1580,51773440,0.9929806993295143,3.8978500366210938,0.5016709804534912,,61495
1590,52101120,0.99280806600398,3.915050506591797,0.504362678527832,,61496
1600,52428800,0.9926333526050509,3.9854564666748047,0.4776470184326172,,61484
1610,52756480,0.9924565599534364,3.8744327545166017,0.49210782051086427,,61503
1620,53084160,0.9922776888796125,3.8582683563232423,0.48226180076599123,,61512
1630,53411840,0.9920967402238197,3.895782470703125,0.4925795555114746,,61508
1640,53739520,0.9919137148360565,3.874501419067383,0.47677011489868165,,61495
1650,54067200,0.9917286135760778,3.9301483154296877,0.4753576278686523,,61490
1660,54394880,0.9915414373133894,3.943483352661133,0.48568286895751955,,61503
1670,54722560,0.9913521869272444,3.908987045288086,0.48087310791015625,,61502
1680,55050240,0.991160863306639,3.8929039001464845,0.4805732250213623,,61508
1690,55377920,0.9909674673503083,3.8903526306152343,0.46729698181152346,,61511
1700,55705600,0.9907719999667222,3.8563282012939455,0.48251981735229493,,61498
1710,56033280,0.990574462074081,3.946639633178711,0.48435215950012206,,61468
1720,56360960,0.9903748546003112,3.9144893646240235,0.5443819046020508,,61494
1730,56688640,0.9901731784830609,3.9043296813964843,0.47821459770202634,,61510
1740,57016320,0.9899694346696959,3.880869674682617,0.4824573516845703,,61504
1750,57344000,0.9897636241172943,3.900537872314453,0.4808293342590332,,61505
1760,57671680,0.9895557477926437,3.9214263916015626,0.4723176956176758,,61477
1770,57999360,0.9893458066722344,3.881892776489258,0.4783000946044922,,61492
1780,58327040,0.9891338017422565,3.8677951812744142,0.45894322395324705,,61502
1790,58654720,0.988919733998595,3.8510623931884767,0.4766056060791016,,61486
1800,58982400,0.9887036044468247,3.8227943420410155,0.48057284355163576,,61505
1810,59310080,0.9884854141022056,3.8914588928222655,0.4563911914825439,,61516
1820,59637760,0.9882651639896781,3.8478790283203126,0.4684612274169922,,61485
1830,59965440,0.9880428551438585,3.8437801361083985,0.504956579208374,,61495
1840,60293120,0.9878184886090338,3.892816925048828,0.46545820236206054,,61502
1850,60620800,0.9875920654391568,3.8977481842041017,0.5067899227142334,,61501
1860,60948480,0.9873635866978416,3.8510372161865236,0.48717851638793946,,61513
1870,61276160,0.987133053458358,3.808568572998047,0.4640970706939697,,61484
1880,61603840,0.9869004668036266,3.870055389404297,0.45087804794311526,,61492
1890,61931520,0.9866658278262145,3.8042415618896483,0.46601095199584963,,61491
1900,62259200,0.9864291376283284,3.8480785369873045,0.4942931652069092,,61503
1910,62586880,0.9861903973218116,3.836747741699219,0.47796144485473635,,61507
1920,62914560,0.9859496080281371,3.8612884521484374,0.46430983543396,,61497
1930,63242240,0.9857067708784032,3.836720657348633,0.49393444061279296,,61510
1940,63569920,0.9854618870133276,3.817967987060547,0.46382937431335447,,61490
1950,63897600,0.9852149575832427,3.803605651855469,0.450575590133667,,61501
1960,64225280,0.9849659837480899,3.805491638183594,0.4842275619506836,,61491
1970,64552960,0.9847149666774135,3.786996078491211,0.4645545959472656,,61512
1980,64880640,0.9844619075503569,3.7347690582275392,0.47129087448120116,,61507
1990,65208320,0.9842068075556548,3.80078125,0.45982942581176756,,61502
2000,65536000,0.9839496678916297,3.7812843322753906,0.4531663417816162,,61494
2010,65863680,0.9836904897661849,3.8643184661865235,0.4627697467803955,,61452
2020,66191360,0.9834292743967993,3.8008563995361326,0.4631415843963623,,61484
2030,66519040,0.9831660230105219,3.7700164794921873,0.4554159641265869,,61514
2040,66846720,0.9829007368439657,3.742320251464844,0.461030101776123,,61517
2050,67174400,0.9826334171433019,3.7968727111816407,0.45325121879577634,,61506
2060,67502080,0.9823640651642543,3.844143295288086,0.4560297966003418,,61502
2070,67829760,0.9820926821720932,3.7655384063720705,0.460436487197876,,61503
2080,68157440,0.9818192694416293,3.813140106201172,0.4608160495758057,,61506
2090,68485120,0.9815438282572083,3.722726821899414,0.46865091323852537,,61499
2100,68812800,0.9812663599127042,3.7608165740966797,0.4639306545257568,,61505
2110,69140480,0.9809868657115136,3.802777099609375,0.45169973373413086,,61502
2120,69468160,0.9807053469665494,3.7738727569580077,0.44731755256652833,,61509
2130,69795840,0.980421805000235,3.755595016479492,0.4519758701324463,,61498
2140,70123520,0.9801362411444974,3.8280349731445313,0.46526713371276857,,61486
2150,70451200,0.9798486567407615,3.7878868103027346,0.46049909591674804,,61501
2160,70778880,0.9795590531399438,3.7408679962158202,0.4531296730041504,,61501
2170,71106560,0.9792674317024457,3.7676483154296876,0.45478253364562987,,61502
2180,71434240,0.9789737937981473,3.789337921142578,0.4624297618865967,,61501
2190,71761920,0.9786781408064011,3.782853698730469,0.4528507232666016,,61510
2200,72089600,0.9783804741160256,3.7014110565185545,0.43953814506530764,,61515
2210,72417280,0.978080795125298,3.792498016357422,0.4835416316986084,,61514
2220,72744960,0.9777791052419487,3.7864524841308596,0.45570826530456543,,61503
2230,73072640,0.9774754058831538,3.6551822662353515,0.4599587440490723,,61495
2240,73400320,0.9771696984755293,3.75860710144043,0.455549955368042,,61501
2250,73728000,0.9768619844551234,3.6884510040283205,0.44150485992431643,,61497
2260,74055680,0.9765522652674108,3.752741241455078,0.44329190254211426,,61521
2270,74383360,0.976240542367285,3.741534423828125,0.4630851745605469,,61516
2280,74711040,0.9759268172190521,3.7798091888427736,0.4452673435211182,,61497
2290,75038720,0.9756110912964235,3.8010025024414062,0.45761866569519044,,61511
2300,75366400,0.9752933660825093,3.7330493927001953,0.44831171035766604,,61511
2310,75694080,0.9749736430698112,3.7168983459472655,0.44338526725769045,,61495
2320,76021760,0.9746519237602153,3.8078502655029296,0.45995359420776366,,61520
2330,76349440,0.9743282096649852,3.6977607727050783,0.4373274803161621,,61498
2340,76677120,0.9740025023047555,3.670758819580078,0.4430825710296631,,61511
2350,77004800,0.9736748032095234,3.742473602294922,0.4470191955566406,,61515
2360,77332480,0.9733451139186423,3.6951553344726564,0.4496171951293945,,61513
2370,77660160,0.973013435980815,3.6457683563232424,0.43960986137390134,,61498
2380,77987840,0.9726797709540852,3.7054004669189453,0.4404789924621582,,61490
2390,78315520,0.9723441204058314,3.65618896484375,0.45059986114501954,,61512
2400,78643200,0.9720064859127585,3.6809314727783202,0.446976900100708,,61494
2410,78970880,0.9716668690608914,3.7277763366699217,0.4439570426940918,,61477
2420,79298560,0.9713252714455668,3.7467315673828123,0.45064411163330076,,61483
2430,79626240,0.9709816946714261,3.696226119995117,0.45427613258361815,,61488
2440,79953920,0.9706361403524074,3.655862808227539,0.4533833503723145,,61475
2450,80281600,0.9702886101117387,3.724413299560547,0.4389959335327148,,61505
2460,80609280,0.9699391055819293,3.6042144775390623,0.44106454849243165,,61506
2470,80936960,0.9695876284047632,3.6810298919677735,0.44505724906921384,,61499
2480,81264640,0.9692341802312905,3.727040100097656,0.4510202407836914,,61491
2490,81592320,0.9688787627218198,3.789514923095703,0.4428100109100342,,61496
2500,81920000,0.9685213775459112,3.6672183990478517,0.45153326988220216,,61502
2510,82247680,0.968162026382367,3.726826477050781,0.46567506790161134,,61498
2520,82575360,0.9678007109192254,3.704528045654297,0.4438732147216797,,61508
2530,82903040,0.9674374328537514,3.7139793395996095,0.43625516891479493,,61497
2540,83230720,0.9670721938924294,3.6935092926025392,0.44460330009460447,,61505
2550,83558400,0.966704995750955,3.6895851135253905,0.44736905097961427,,61508
2560,83886080,0.9663358401542269,3.677790069580078,0.44786787033081055,,61517
2570,84213760,0.965964728836339,3.6225727081298826,0.4380815505981445,,61501
2580,84541440,0.9655916635405721,3.6179412841796874,0.45807199478149413,,61491
2590,84869120,0.9652166460193854,3.764205551147461,0.44722838401794435,,61489
2600,85196800,0.9648396780344092,3.6880329132080076,0.4370894432067871,,61491
2610,85524480,0.9644607613564357,3.658198928833008,0.440989351272583,,61483
2620,85852160,0.9640798977654107,3.658253860473633,0.44458684921264646,,61502
2630,86179840,0.9636970890504263,3.6388320922851562,0.4297001838684082,,61505
2640,86507520,0.963312337009711,3.6685409545898438,0.45525107383728025,,61499
2650,86835200,0.9629256434506225,3.6842647552490235,0.45882406234741213,,61501
2660,87162880,0.9625370101896386,3.6753204345703123,0.4599203586578369,,61522
2670,87490560,0.9621464390523483,3.661162567138672,0.4646327972412109,,61490
2680,87818240,0.9617539318734444,3.7263946533203125,0.4563917636871338,,61490
2690,88145920,0.9613594904967137,3.646567153930664,0.6216416358947754,,61497
2700,88473600,0.9609631167750291,3.684467315673828,0.4578094959259033,,61507
2710,88801280,0.9605648125703407,3.6769283294677733,0.44827046394348147,,61447
2720,89128960,0.9601645797536662,3.64287109375,0.44204115867614746,,61500
2730,89456640,0.959762420205084,3.624820327758789,0.45772948265075686,,61507
2740,89784320,0.9593583358137223,3.7086418151855467,0.45198631286621094,,61519
2750,90112000,0.9589523284777519,3.651602554321289,0.4422029495239258,,61502
2760,90439680,0.9585444001043758,3.6732696533203124,0.4354540824890137,,61499
2770,90767360,0.9581345526098218,3.589794158935547,0.45088586807250974,,61505
2780,91095040,0.9577227879193322,3.61505241394043,0.4411160469055176,,61500
2790,91422720,0.9573091079671553,3.6756141662597654,0.4627962112426758,,61516
2800,91750400,0.9568935146965365,3.583535003662109,0.4536550998687744,,61523
2810,92078080,0.9564760100597085,3.69909553527832,0.46258745193481443,,61499
2820,92405760,0.956056596017883,3.6475154876708986,0.4494741439819336,,61522
2830,92733440,0.9556352745412409,3.6196704864501954,0.4483837604522705,,61513
2840,93061120,0.9552120476089232,3.6626373291015626,0.4481980323791504,,61508
2850,93388800,0.9547869172090215,3.6417816162109373,0.4466084003448486,,61523
2860,93716480,0.9543598853385692,3.677865982055664,0.43540301322937014,,61512
2870,94044160,0.9539309540035318,3.6796390533447267,0.44243245124816893,,61500
2880,94371840,0.953500125218797,3.603687286376953,0.4423257350921631,,61506
2890,94699520,0.9530674010081663,3.615301513671875,0.44440641403198244,,61496
2900,95027200,0.9526327834043443,3.564210891723633,0.43634424209594724,,61503
2910,95354880,0.9521962744489302,3.6401439666748048,0.44591541290283204,,61509
2920,95682560,0.9517578761924075,3.577021026611328,0.4357780933380127,,61521
2930,96010240,0.9513175906941347,3.6056026458740233,0.44116835594177245,,61512
2940,96337920,0.9508754200223356,3.5479194641113283,0.4472287654876709,,61511
2950,96665600,0.9504313662540893,3.595419692993164,0.4369630813598633,,61491
2960,96993280,0.949985431475321,3.5820499420166017,0.4334726333618164,,61492
2970,97320960,0.9495376177807917,3.682529830932617,0.4611660957336426,,61505
2980,97648640,0.9490879272740883,3.610430145263672,0.44088335037231446,,61515
2990,97976320,0.9486363620676144,3.5843311309814454,0.4437674045562744,,61508
3000,98304000,0.9481829242825798,3.622782516479492,0.4426844120025635,,61510
3010,98631680,0.9477276160489903,3.566314697265625,0.43393259048461913,,61452
3020,98959360,0.9472704395056386,3.5888751983642577,0.45385026931762695,,61512
3030,99287040,0.9468113968000933,3.654087448120117,0.438382625579834,,61495
3040,99614720,0.9463504900886894,3.6448028564453123,0.4474162578582764,,61510
3050,99942400,0.9458877215365181,3.6061500549316405,0.4478908061981201,,61511
3060,100270080,0.9454230933174161,3.6320468902587892,0.4466522693634033,,61491
3070,100597760,0.9449566076139565,3.563271331787109,0.44216141700744627,,61494
3080,100925440,0.944488266617437,3.483669662475586,0.43671393394470215,,61489
3090,101253120,0.9440180725278713,3.5316131591796873,0.44095215797424314,,61504
3100,101580800,0.9435460275539773,3.5856033325195313,0.4347835063934326,,61501
3110,101908480,0.9430721339131679,3.5998565673828127,0.4404784679412842,,61473
3120,102236160,0.9425963938315396,3.6140926361083983,0.45355448722839353,,61491
3130,102563840,0.9421188095438624,3.609204864501953,0.4412991046905518,,61488
3140,102891520,0.94163938329357,3.6288814544677734,0.45134763717651366,,61478
3150,103219200,0.9411581173327482,3.5767311096191405,0.46722779273986814,,61507
3160,103546880,0.9406750139221247,3.6285247802734375,0.4513294219970703,,61506
3170,103874560,0.9401900753310587,3.576068878173828,0.4422160625457764,,61498
3180,104202240,0.9397033038375302,3.575696563720703,0.447589111328125,,61502
3190,104529920,0.9392147017281288,3.583797073364258,0.43319144248962405,,61489
3200,104857600,0.9387242712980439,3.618534469604492,0.42813878059387206,,61486
3210,105185280,0.9382320148510529,3.560343551635742,0.4302984714508057,,61516
3220,105512960,0.937737934699511,3.6072341918945314,0.45155959129333495,,61491
3230,105840640,0.9372420331643404,3.590237045288086,0.44458742141723634,,61499
3240,106168320,0.9367443125750188,3.5657798767089846,0.43886709213256836,,61492
3250,106496000,0.936244775269569,3.6129081726074217,0.44898171424865724,,61496
3260,106823680,0.9357434235945475,3.5968299865722657,0.4351227283477783,,61487
3270,107151360,0.9352402599050346,3.574871826171875,0.4545527458190918,,61481
3280,107479040,0.9347352865646213,3.6008369445800783,0.43360443115234376,,61508
3290,107806720,0.9342285059454002,3.5964992523193358,0.45342178344726564,,61512
3300,108134400,0.9337199204279533,3.601797866821289,0.44011807441711426,,61486
3310,108462080,0.9332095324013407,3.589649963378906,0.4430846214294434,,61487
3320,108789760,0.93269734426309,3.5615524291992187,0.4339695930480957,,61480
3330,109117440,0.9321833584191851,3.5481899261474608,0.4371013641357422,,61481
3340,109445120,0.9316675772840538,3.5499492645263673,0.44154205322265627,,61516
3350,109772800,0.9311500032805579,3.578738784790039,0.4448111057281494,,61513
3360,110100480,0.9306306388399807,3.594472885131836,0.450626277923584,,61457
3370,110428160,0.9301094864020161,3.4847599029541017,0.43020119667053225,,61466
3380,110755840,0.929586548414757,3.503551483154297,0.4333811283111572,,61477
3390,111083520,0.929061827334684,3.5841697692871093,0.4427234649658203,,61494
3400,111411200,0.928535325626654,3.636050796508789,0.4405675888061523,,61484
3410,111738880,0.9280070457638875,3.5992523193359376,0.4398478984832764,,61473
3420,112066560,0.9274769902279585,3.569954681396484,0.43673930168151853,,61504
3430,112394240,0.9269451615087818,3.5446212768554686,0.4422005653381348,,61487
3440,112721920,0.926411562104602,3.4816238403320314,0.43419480323791504,,61504
3450,113049600,0.9258761945219811,3.5547405242919923,0.4408562183380127,,61516
3460,113377280,0.9253390612757871,3.488181304931641,0.46599903106689455,,61511
3470,113704960,0.9248001648891824,3.5863780975341797,0.44436984062194823,,61510
3480,114032640,0.9242595078936112,3.6029144287109376,0.43933920860290526,,61495
3490,114360320,0.9237170928287887,3.589738464355469,0.44164085388183594,,61497
3500,114688000,0.923172922242688,3.542723846435547,0.4353989601135254,,61496
3510,115015680,0.922626998691529,3.5536930084228517,0.44492287635803224,,61508
3520,115343360,0.922079324739766,3.58759765625,0.45500936508178713,,61505
3530,115671040,0.9215299029600759,3.5169902801513673,0.4371166229248047,,61489
3540,115998720,0.9209787359333456,3.5387725830078125,0.45211968421936033,,61491
3550,116326400,0.9204258262486603,3.56024055480957,0.4411768913269043,,61498
3560,116654080,0.9198711765032919,3.4955867767333983,0.45398998260498047,,61481
3570,116981760,0.9193147893026851,3.500782012939453,0.4424494743347168,,61510
3580,117309440,0.9187566672604472,3.5705875396728515,0.4399253845214844,,61506
3590,117637120,0.9181968129983342,3.554545593261719,0.45040454864501955,,61511
3600,117964800,0.9176352291462395,3.5083759307861326,0.43933606147766113,,61506
3610,118292480,0.9170719183421812,3.5530261993408203,0.44780564308166504,,61495
3620,118620160,0.9165068832322891,3.5249385833740234,0.43968939781188965,,61492
3630,118947840,0.9159401264707938,3.495895004272461,0.4375354766845703,,61494
3640,119275520,0.9153716507200125,3.4931171417236326,0.44736552238464355,,61516
3650,119603200,0.9148014586503377,3.517164611816406,0.4359714984893799,,61518
3660,119930880,0.9142295529402239,3.5898101806640623,0.43579764366149903,,61514
3670,120258560,0.9136559362761759,3.5214046478271483,0.4495697975158691,,61487
3680,120586240,0.9130806113527351,3.53636474609375,0.44297175407409667,,61525
3690,120913920,0.9125035808724679,3.5637622833251954,0.44826421737670896,,61523
3700,121241600,0.9119248475459516,3.5199745178222654,0.4490685939788818,,61516
3710,121569280,0.9113444140917637,3.51818733215332,0.4355405330657959,,61477
3720,121896960,0.9107622832364672,3.547758865356445,0.46659059524536134,,61505
3730,122224640,0.9101784577145987,3.514567565917969,0.43804183006286623,,61499
3740,122552320,0.9095929402686556,3.562169647216797,0.4465920448303223,,61515
3750,122880000,0.9090057336490831,3.5205970764160157,0.435720157623291,,61508
3760,123207680,0.908416840614261,3.571796417236328,0.4448065757751465,,61506
3770,123535360,0.9078262639304908,3.539749526977539,0.4493150234222412,,61495
3780,123863040,0.9072340063719835,3.5201263427734375,0.44457125663757324,,61502
3790,124190720,0.9066400707208456,3.4996944427490235,0.4345249176025391,,61514
3800,124518400,0.906044459767066,3.4884078979492186,0.45301175117492676,,61514
3810,124846080,0.905447176308504,3.5330535888671877,0.44745450019836425,,61475
3820,125173760,0.9048482231508749,3.449924087524414,0.4492506980895996,,61512
3830,125501440,0.9042476031077374,3.516947937011719,0.4451760292053223,,61525
3840,125829120,0.9036453190004807,3.4650096893310547,0.4399875640869141,,61515
3850,126156800,0.9030413736583102,3.559733200073242,0.45131378173828124,,61504
3860,126484480,0.9024357699182355,3.4524707794189453,0.4428055763244629,,61491
3870,126812160,0.9018285106250563,3.4911731719970702,0.4963249683380127,,61514
3880,127139840,0.901219598631349,3.480763626098633,0.4516629695892334,,61515
3890,127467520,0.9006090367974537,3.500222015380859,0.438267183303833,,61518
3900,127795200,0.8999968279914605,3.4937904357910154,0.4334248065948486,,61509
3910,128122880,0.8993829750891961,3.5240219116210936,0.44570250511169435,,61508
3920,128450560,0.8987674809742102,3.4988250732421875,0.44131669998168943,,61502
3930,128778240,0.8981503485377622,3.4736278533935545,0.44004387855529786,,61499
3940,129105920,0.8975315806788072,3.4723789215087892,0.4315539836883545,,61519
3950,129433600,0.8969111803039826,3.441629409790039,0.4334662914276123,,61497
3960,129761280,0.8962891503275952,3.4887111663818358,0.42688913345336915,,61496
3970,130088960,0.8956654936716058,3.492209625244141,0.4381583213806152,,61481
3980,130416640,0.8950402132656169,3.502552032470703,0.4380801200866699,,61506
3990,130744320,0.8944133120468587,3.4782684326171873,0.4327216625213623,,61488
4000,131072000,0.8937847929601748,3.434328079223633,0.4318373203277588,,61486
4010,131399680,0.8931546589580086,3.526506042480469,0.4373588562011719,,61483
4020,131727360,0.8925229130003902,3.4220745086669924,0.43913836479187013,,61479
4030,132055040,0.8918895580549208,3.5208099365234373,0.44381442070007326,,61499
4040,132382720,0.8912545970967604,3.543794631958008,0.4524484634399414,,61507
4050,132710400,0.8906180331086129,3.494846725463867,0.4393704891204834,,61501
4060,133038080,0.8899798690807127,3.4621345520019533,0.448638391494751,,61499
4070,133365760,0.8893401080108099,3.4988277435302733,0.4500019073486328,,61508
4080,133693440,0.8886987529041569,3.4630577087402346,0.4429661750793457,,61477
4090,134021120,0.888055806773494,3.5591804504394533,0.4510538101196289,,61491
4100,134348800,0.8874112726390354,3.5026248931884765,0.4423666477203369,,61506
4110,134676480,0.8867651535284545,3.4827213287353516,0.4466752052307129,,61485
4120,135004160,0.8861174524768703,3.5233211517333984,0.4509860992431641,,61502
4130,135331840,0.8854681725268331,3.545832061767578,0.45875062942504885,,61505
4140,135659520,0.8848173167283098,3.467110824584961,0.44729132652282716,,61482
4150,135987200,0.8841648881386694,3.4182483673095705,0.44731917381286623,,61484
4160,136314880,0.88351088982267,3.5018280029296873,0.4357330799102783,,61520
4170,136642560,0.8828553248524423,3.474821853637695,0.4354106426239014,,61517
4180,136970240,0.8821981963074773,3.419452667236328,0.43665595054626466,,61510
4190,137297920,0.8815395072746101,3.4547279357910154,0.4324751377105713,,61500
4200,137625600,0.8808792608480065,3.4662891387939454,0.4546658039093018,,61503
4210,137953280,0.8802174601291479,3.4060031890869142,0.43484110832214357,,61481
4220,138280960,0.8795541082268172,3.424315643310547,0.4366888999938965,,61500
4230,138608640,0.8788892082570837,3.4689876556396486,0.43668408393859864,,61501
4240,138936320,0.8782227633432887,3.3928028106689454,0.43814706802368164,,61497
4250,139264000,0.877554776616031,3.5517837524414064,0.4475736141204834,,61496
4260,139591680,0.8768852512131515,3.500144195556641,0.447948694229126,,61490
4270,139919360,0.8762141902797198,3.482820510864258,0.437243127822876,,61482
4280,140247040,0.8755415969680176,3.3968128204345702,0.46338253021240233,,61498
4290,140574720,0.8748674744375259,3.4581878662109373,0.4550610065460205,,61489
4300,140902400,0.8741918258549084,3.4842811584472657,0.44172515869140627,,61499
4310,141230080,0.8735146543939974,3.439988708496094,0.444256067276001,,61489
4320,141557760,0.8728359632357797,3.467824935913086,0.43918323516845703,,61493
4330,141885440,0.8721557555683797,3.4907180786132814,0.4463052272796631,,61495
4340,142213120,0.8714740345870462,3.4665802001953123,0.44737586975097654,,61520
4350,142540800,0.8707908034941365,3.5167694091796875,0.4454847812652588,,61510
4360,142868480,0.8701060654991017,3.4214756011962892,0.45382180213928225,,61508
4370,143196160,0.8694198238184716,3.424002456665039,0.44417147636413573,,61512
4380,143523840,0.8687320816758393,3.4311058044433596,0.47263059616088865,,61504
4390,143851520,0.8680428423018461,3.4958415985107423,0.4534355640411377,,61517
4400,144179200,0.8673521089341671,3.458901214599609,0.5223383903503418,,61518
4410,144506880,0.866659884817495,3.513017272949219,0.45499444007873535,,61503
4420,144834560,0.865966173203525,3.4760692596435545,0.5642180919647217,,61517
4430,145162240,0.86527097735094,3.5132766723632813,0.4519009590148926,,61502
4440,145489920,0.8645743005253953,3.4774192810058593,0.4626451015472412,,61493
4450,145817600,0.8638761459995025,3.470112609863281,0.44278430938720703,,61488
4460,146145280,0.8631765170528151,3.4613536834716796,0.44013118743896484,,61519
4470,146472960,0.8624754169718122,3.5018978118896484,0.4517873764038086,,61518
4480,146800640,0.8617728490498839,3.503909683227539,0.45019989013671874,,61505
4490,147128320,0.8610688165873153,3.5003173828125,0.4645258903503418,,61490
4500,147456000,0.860363322891271,3.4728023529052736,0.4529682159423828,,61494
4510,147783680,0.8596563712757798,3.4325485229492188,0.45255355834960936,,61471
4520,148111360,0.8589479650617188,3.4587429046630858,0.4497933864593506,,61501
4530,148439040,0.8582381075767984,3.4196434020996094,0.4495852470397949,,61519
4540,148766720,0.8575268021555462,3.463289260864258,0.4497673034667969,,61511
4550,149094400,0.8568140521392911,3.491607666015625,0.4521517753601074,,61494
4560,149422080,0.8560998608761481,3.4516376495361327,0.44155092239379884,,61503
4570,149749760,0.8553842317210026,3.4155654907226562,0.44740986824035645,,61498
4580,150077440,0.8546671680354943,3.465788650512695,0.4575714111328125,,61470
4590,150405120,0.8539486731880013,3.4077079772949217,0.4537546157836914,,61505
4600,150732800,0.8532287505536249,3.495301055908203,0.449905252456665,,61503
4610,151060480,0.8525074035141732,3.349119186401367,0.4413317680358887,,61474
4620,151388160,0.8517846354581458,3.4313327789306642,0.4550510883331299,,61512
4630,151715840,0.8510604497807165,3.426669692993164,0.44568839073181155,,61512
4640,152043520,0.8503348498837191,3.4374969482421873,0.4492041110992432,,61508
4650,152371200,0.8496078391756305,3.424612045288086,0.4506386280059814,,61510
4660,152698880,0.8488794210715549,3.4233558654785154,0.4502161979675293,,61510
4670,153026560,0.8481495989932074,3.4539180755615235,0.45142450332641604,,61506
4680,153354240,0.8474183763688985,3.428174591064453,0.46713814735412595,,61499
4690,153681920,0.8466857566335172,3.4676441192626952,0.44748477935791015,,61513
4700,154009600,0.8459517432285163,3.4281890869140623,0.45305209159851073,,61514
4710,154337280,0.8452163396018946,3.3994049072265624,0.44273667335510253,,61501
4720,154664960,0.8444795492081815,3.4099857330322267,0.44405903816223147,,61512
4730,154992640,0.8437413755084207,3.3915504455566405,0.451170539855957,,61515
4740,155320320,0.8430018219701542,3.5082672119140623,0.4465185165405273,,61491
4750,155648000,0.8422608920674052,3.4311920166015626,0.4579206943511963,,61511
4760,155975680,0.841518589280663,3.4455928802490234,0.45270638465881347,,61536
4770,156303360,0.8407749170968652,3.4599864959716795,0.45735807418823243,,61521
4780,156631040,0.8400298790093831,3.3965309143066404,0.4502408027648926,,61526
4790,156958720,0.8392834785180031,3.4749996185302736,0.4487415313720703,,61520
4800,157286400,0.8385357191289123,3.4621196746826173,0.43610076904296874,,61512
4810,157614080,0.837786604354681,3.4495521545410157,0.4478173732757568,,61466
4820,157941760,0.8370361377142459,3.448221206665039,0.4436445713043213,,61510
4830,158269440,0.8362843227328948,3.4677814483642577,0.4465841293334961,,61532
4840,158597120,0.8355311629422486,3.473257827758789,0.4479674339294434,,61498
4850,158924800,0.8347766618802456,3.446248245239258,0.44755144119262696,,61483
4860,159252480,0.8340208230911248,3.4012123107910157,0.44309225082397463,,61504
4870,159580160,0.8332636501254091,3.47794189453125,0.45825419425964353,,61507
4880,159907840,0.8325051465398888,3.44897575378418,0.44648990631103513,,61526
4890,160235520,0.8317453158976044,3.417723846435547,0.44632554054260254,,61491
4900,160563200,0.8309841617678299,3.4371921539306642,0.451047420501709,,61500
4910,160890880,0.8302216877260572,3.4395240783691405,0.44971261024475095,,61508
4920,161218560,0.829457897353978,3.4017364501953127,0.5404874324798584,,61500
4930,161546240,0.8286927942394671,3.4146461486816406,0.46715726852416994,,61506
4940,161873920,0.8279263819765664,3.4326709747314452,0.4499810218811035,,61508
4950,162201600,0.827158664165467,3.451633071899414,0.4477397441864014,,61507
4960,162529280,0.8263896444124933,3.4293922424316405,0.44502935409545896,,61497
4970,162856960,0.825619326330085,3.4145732879638673,0.44173102378845214,,61514
4980,163184640,0.8248477135367809,3.3755836486816406,0.4496760845184326,,61505
4990,163512320,0.8240748096572016,3.378546142578125,0.4436771392822266,,61509
5000,163840000,0.8233006183220325,3.429571533203125,0.45809326171875,,61518
5010,164167680,0.8225251431680068,3.37078857421875,0.4466115951538086,,61500
5020,164495360,0.8217483878378885,3.416951370239258,0.44341411590576174,,61513
5030,164823040,0.8209703559804551,3.450755310058594,0.4502891540527344,,61493
5040,165150720,0.8201910512504803,3.4539241790771484,0.4442732810974121,,61499
5050,165478400,0.8194104773087175,3.3877536773681642,0.46047677993774416,,61499
5060,165806080,0.8186286378218818,3.462110900878906,0.4554878234863281,,61540
5070,166133760,0.8178455364626335,3.42346076965332,0.4517222881317139,,61509
5080,166461440,0.8170611769095599,3.414602279663086,0.4643985748291016,,61505
5090,166789120,0.8162755628471595,3.488140869140625,0.4558903694152832,,61495
5100,167116800,0.815488697965823,3.3675510406494142,0.44388422966003416,,61518
5110,167444480,0.8147005859618172,3.447179412841797,0.4483806610107422,,61489
5120,167772160,0.813911230537267,3.381766510009766,0.44809274673461913,,61518
5130,168099840,0.8131206354001385,3.3330249786376953,0.4411313056945801,,61518
5140,168427520,0.8123288042642208,3.4174468994140623,0.45738754272460935,,61491
5150,168755200,0.8115357408491098,3.4263729095458983,0.45167980194091795,,61511
5160,169082880,0.8107414488801894,3.3815208435058595,0.4443398952484131,,61499
5170,169410560,0.8099459320886147,3.414788818359375,0.47847771644592285,,61514
5180,169738240,0.8091491942112942,3.3879150390625,0.4472963333129883,,61508
5190,170065920,0.8083512389908728,3.488982391357422,0.45792136192321775,,61461
5200,170393600,0.8075520701757136,3.410643768310547,0.4508505821228027,,61504
5210,170721280,0.8067516915198807,3.3998241424560547,0.4626338958740234,,61515
5220,171048960,0.8059501067831211,3.4038375854492187,0.45912775993347166,,61498
5230,171376640,0.8051473197308472,3.434901809692383,0.448460054397583,,61498
5240,171704320,0.8043433341341197,3.3976909637451174,0.46718854904174806,,61507
5250,172032000,0.8035381537696291,3.475126266479492,0.45909805297851564,,61499
5260,172359680,0.8027317824196785,3.4243030548095703,0.4488836765289307,,61493
5270,172687360,0.8019242238721653,3.4363327026367188,0.4585076332092285,,61497
5280,173015040,0.8011154819205639,3.3967212677001952,0.4555689811706543,,61512
5290,173342720,0.8003055603639075,3.394186782836914,0.45877647399902344,,61504
5300,173670400,0.799494463006771,3.418570709228516,0.45354366302490234,,61482
5310,173998080,0.7986821936592519,3.3899120330810546,0.45458688735961916,,61497
5320,174325760,0.7978687561369534,3.4046302795410157,0.4558818817138672,,61501
5330,174653440,0.7970541542609662,3.3878204345703127,0.4581593036651611,,61500
5340,174981120,0.7962383918578503,3.4727569580078126,0.45470852851867677,,61503
5350,175308800,0.7954214727596175,3.366726303100586,0.45135865211486814,,61520
5360,175636480,0.794603400803713,3.4191715240478517,0.44992966651916505,,61515
5370,175964160,0.7937841798329972,3.4069751739501952,0.44820547103881836,,61508
5380,176291840,0.7929638136957288,3.374192810058594,0.45233583450317383,,61506
5390,176619520,0.7921423062455447,3.398683547973633,0.4503823757171631,,61492
5400,176947200,0.791319661341444,3.4369571685791014,0.4501020908355713,,61508
5410,177274880,0.7904958828477688,3.3660873413085937,0.4568483829498291,,61488
5420,177602560,0.7896709746341858,3.3706172943115233,0.4528666973114014,,61506
5430,177930240,0.7888449405756687,3.3725799560546874,0.4537972450256348,,61510
5440,178257920,0.78801778455248,3.3933849334716797,0.4531923770904541,,61494
5450,178585600,0.7871895104501523,3.378687286376953,0.4523129940032959,,61486
5460,178913280,0.7863601221594704,3.3511116027832033,0.4599910736083984,,61492
5470,179240960,0.7855296235764533,3.388170623779297,0.4501478672027588,,61496
5480,179568640,0.7846980186023351,3.3232086181640623,0.45943598747253417,,61505
5490,179896320,0.7838653111435474,3.3715343475341797,0.4690115451812744,,61494
5500,180224000,0.7830315051117006,3.3767959594726564,0.4590723514556885,,61475
5510,180551680,0.7821966044235655,3.4105892181396484,0.46256303787231445,,61489
5520,180879360,0.7813606130010551,3.4172306060791016,0.46007862091064455,,61520
5530,181207040,0.7805235347712062,3.4082618713378907,0.45954318046569825,,61503
5540,181534720,0.7796853736661605,3.432956314086914,0.45221700668334963,,61508
5550,181862400,0.7788461336231468,3.378683853149414,0.4578402996063232,,61485
5560,182190080,0.7780058185844622,3.4560626983642577,0.46091136932373045,,61516
5570,182517760,0.777164432497453,3.4389781951904297,0.4573220252990723,,61514
5580,182845440,0.7763219793144973,3.4063350677490236,0.4536405563354492,,61518
5590,183173120,0.7754784629929858,3.386565017700195,0.46219549179077146,,61510
5600,183500800,0.7746338874953032,3.375758743286133,0.45220150947570803,,61492
5610,183828480,0.773788256788809,3.4134262084960936,0.4496023654937744,,61505
5620,184156160,0.7729415748458205,3.341321563720703,0.457241153717041,,61503
5630,184483840,0.7720938456435924,3.4574954986572264,0.45045042037963867,,61506
5640,184811520,0.7712450731642992,3.3396331787109377,0.4525460720062256,,61514
5650,185139200,0.7703952613950162,3.3311794281005858,0.46643767356872556,,61501
5660,185466880,0.7695444143277006,3.3526771545410154,0.4582535266876221,,61499
5670,185794560,0.7686925359591726,3.3479026794433593,0.4606360912322998,,61512
5680,186122240,0.7678396302910978,3.4053298950195314,0.46178574562072755,,61514
5690,186449920,0.7669857013299661,3.361115264892578,0.45171966552734377,,61494
5700,186777600,0.7661307530870757,3.33414306640625,0.4499725341796875,,61510
5710,187105280,0.7652747895785117,3.37086181640625,0.47891888618469236,,61518
5720,187432960,0.7644178148251293,3.3627574920654295,0.4558552265167236,,61508
5730,187760640,0.7635598328525331,3.4639076232910155,0.47334976196289064,,61520
5740,188088320,0.76270084769106,3.397787094116211,0.4646760940551758,,61511
5750,188416000,0.7618408633757584,3.4104148864746096,0.467480993270874,,61506
5760,188743680,0.760979883946371,3.3290531158447267,0.4654487133026123,,61522
5770,189071360,0.7601179134473144,3.350370407104492,0.46422762870788575,,61525
5780,189399040,0.7592549559276612,3.4143104553222656,0.4591974258422852,,61519
5790,189726720,0.7583910154411201,3.396138000488281,0.4623740196228027,,61507
5800,190054400,0.7575260960460173,3.4022518157958985,0.4696988105773926,,61474
5810,190382080,0.7566602018052777,3.413820266723633,0.47544264793395996,,61514
5820,190709760,0.7557933367864051,3.3468399047851562,0.4655005931854248,,61516
5830,191037440,0.7549255050614639,3.3764312744140623,0.4611969470977783,,61521
5840,191365120,0.7540567107070592,3.3521343231201173,0.46077728271484375,,61519
5850,191692800,0.753186957804318,3.3411678314208983,0.45847306251525877,,61516
5860,192020480,0.7523162504388706,3.3068267822265627,0.4519956111907959,,61503
5870,192348160,0.7514445927008302,3.3808082580566405,0.4590629577636719,,61515
5880,192675840,0.7505719886847744,3.373944854736328,0.446550989151001,,61544
5890,193003520,0.7496984424897264,3.3268165588378906,0.44895138740539553,,61529
5900,193331200,0.7488239582191348,3.3429115295410154,0.460101842880249,,61524
5910,193658880,0.7479485399808549,3.361797332763672,0.46538558006286623,,61507
5920,193986560,0.7470721918871295,3.3175685882568358,0.45706758499145506,,61525
5930,194314240,0.7461949180545687,3.3446815490722654,0.45493083000183104,,61519
5940,194641920,0.745316722604132,3.3981170654296875,0.46933684349060056,,61527
5950,194969600,0.744437609661108,3.322397994995117,0.46546134948730467,,61518
5960,195297280,0.7435575833550946,3.327546310424805,0.45084576606750487,,61518
5970,195624960,0.7426766478199808,3.3841304779052734,0.45520219802856443,,61513
5980,195952640,0.7417948071939264,3.3703388214111327,0.4588455677032471,,61497
5990,196280320,0.7409120656193431,3.36248779296875,0.4597002983093262,,61507
6000,196608000,0.7400284272428742,3.345997619628906,0.46481122970581057,,61520
6010,196935680,0.7391438962153765,3.3618843078613283,0.4709761619567871,,61526
6020,197263360,0.7382584766918991,3.3657230377197265,0.4661272048950195,,61521
6030,197591040,0.7373721728316657,3.3880279541015623,0.4698966026306152,,61506
6040,197918720,0.7364849887980534,3.3516819000244142,0.46482067108154296,,61504
6050,198246400,0.7355969287585742,3.3556941986083983,0.46174097061157227,,61503
6060,198574080,0.7347079968848549,3.3432064056396484,0.46830382347106936,,61513
6070,198901760,0.733818197352618,3.347462844848633,0.45953760147094724,,61508
6080,199229440,0.7329275343416618,3.276287078857422,0.45386686325073244,,61499
6090,199557120,0.7320360120358402,3.3439327239990235,0.4678791999816895,,61507
6100,199884800,0.7311436346230444,3.348865509033203,0.4589726448059082,,61503
6110,200212480,0.7302504062951819,3.382412338256836,0.46803908348083495,,61512
6120,200540160,0.7293563312481574,3.3060497283935546,0.4626141548156738,,61520
6130,200867840,0.7284614136818531,3.387023162841797,0.48416900634765625,,61519
6140,201195520,0.7275656578001092,3.351363754272461,0.45757503509521485,,61514
6150,201523200,0.7266690678107032,3.377716827392578,0.4740308284759521,,61498
6160,201850880,0.7257716479253312,3.2893375396728515,0.46870851516723633,,61496
6170,202178560,0.7248734023595879,3.350860595703125,0.4567911148071289,,61495
6180,202506240,0.7239743353329462,3.3668544769287108,0.46657233238220214,,61509
6190,202833920,0.7230744510687378,3.3627059936523436,0.4596522331237793,,61502
6200,203161600,0.7221737537941337,3.3847900390625,0.46869535446166993,,61495
6210,203489280,0.7212722477401238,3.3132556915283202,0.4537034034729004,,61486
6220,203816960,0.7203699371414969,3.3593280792236326,0.47038116455078127,,61491
6230,204144640,0.7194668262368217,3.3429988861083983,0.4533813953399658,,61505
6240,204472320,0.7185629192684256,3.3090141296386717,0.45595502853393555,,61509
6250,204800000,0.7176582204823762,3.3245288848876955,0.46360225677490235,,61486
6260,205127680,0.7167527341284602,3.3192718505859373,0.4660791873931885,,61490
6270,205455360,0.715846464460164,3.3062519073486327,0.47362990379333497,,61492
6280,205783040,0.7149394157346535,3.3757362365722656,0.47174930572509766,,61490
6290,206110720,0.7140315922127544,3.351033401489258,0.4732792854309082,,61492
6300,206438400,0.7131229981589317,3.393451690673828,0.493526554107666,,61512
6310,206766080,0.7122136378412699,3.317342758178711,0.46391892433166504,,61512
6320,207093760,0.7113035155314535,3.3604251861572267,0.46261444091796877,,61496
6330,207421440,0.710392635504746,3.270877456665039,0.4621546745300293,,61492
6340,207749120,0.70948100203997,3.288800048828125,0.467666482925415,,61499
6350,208076800,0.7085686194194882,3.341062545776367,0.4738161087036133,,61486
6360,208404480,0.7076554919291816,3.3150714874267577,0.46129579544067384,,61515
6370,208732160,0.7067416238584305,3.3205646514892577,0.4809916019439697,,61501
6380,209059840,0.7058270195000943,3.386020278930664,0.48470025062561034,,61500
6390,209387520,0.7049116831504906,3.29580078125,0.4691908836364746,,61481
6400,209715200,0.7039956191093758,3.373667907714844,0.468002462387085,,61483
6410,210042880,0.7030788316799246,3.358129119873047,0.4757977485656738,,61486
6420,210370560,0.7021613251687095,3.3477893829345704,0.46451592445373535,,61492
6430,210698240,0.7012431038856815,3.3006027221679686,0.46251401901245115,,61491
6440,211025920,0.7003241721441484,3.3178356170654295,0.46691164970397947,,61489
6450,211353600,0.699404534260756,3.2946949005126953,0.4626565933227539,,61484
6460,211681280,0.6984841945554667,3.3475818634033203,0.47053213119506837,,61503
6470,212008960,0.6975631573515402,3.32952995300293,0.46997771263122556,,61505
6480,212336640,0.6966414269755121,3.345750427246094,0.46619429588317873,,61503
6490,212664320,0.6957190077571747,3.3516639709472655,0.45749239921569823,,61497
6500,212992000,0.6947959040295556,3.2814258575439452,0.4699282646179199,,61485
6510,213319680,0.693872120128898,3.3526817321777345,0.4703493118286133,,61436
6520,213647360,0.6929476603946405,3.271335983276367,0.4625309944152832,,61482
6530,213975040,0.6920225291693962,3.356016159057617,0.4681718826293945,,61512
6540,214302720,0.6910967307989323,3.272359848022461,0.46948862075805664,,61496
6550,214630400,0.6901702696321502,3.3380355834960938,0.46604228019714355,,61486
6560,214958080,0.6892431500210646,3.302834320068359,0.4668598651885986,,61492
6570,215285760,0.6883153763207832,3.3207603454589845,0.4674243927001953,,61494
6580,215613440,0.6873869528894864,3.3078838348388673,0.4648257255554199,,61485
6590,215941120,0.6864578840884065,3.2709293365478516,0.46943087577819825,,61502
6600,216268800,0.6855281742818073,3.297504425048828,0.46505327224731446,,61504
6610,216596480,0.6845978278369642,3.3279582977294924,0.47153167724609374,,61506
6620,216924160,0.683666849124143,3.326613998413086,0.46145176887512207,,61491
6630,217251840,0.6827352425165789,3.3918514251708984,0.4762141227722168,,61497
6640,217579520,0.6818030123904574,3.302181625366211,0.47444977760314944,,61490
6650,217907200,0.6808701631248927,3.2598598480224608,0.47638559341430664,,61506
6660,218234880,0.6799366991019075,3.2748546600341797,0.4630760192871094,,61508
6670,218562560,0.6790026247064119,3.343600845336914,0.4683251857757568,,61496
6680,218890240,0.6780679443261837,3.3427913665771483,0.477407169342041,,61493
6690,219217920,0.6771326623518468,3.3757556915283202,0.4740960121154785,,61498
6700,219545600,0.6761967831768516,3.277072525024414,0.46174211502075196,,61492
6710,219873280,0.6752603111974533,3.264273452758789,0.4622464179992676,,61445
6720,220200960,0.6743232508126922,3.2757259368896485,0.46553964614868165,,61487
6730,220528640,0.6733856064243724,3.3729389190673826,0.47565574645996095,,61486
6740,220856320,0.6724473824370414,3.299589157104492,0.46734066009521485,,61482
6750,221184000,0.6715085832579691,3.3161109924316405,0.4661561965942383,,61493
6760,221511680,0.6705692132971278,3.3789424896240234,0.46529374122619627,,61500
6770,221839360,0.6696292769671708,3.2684700012207033,0.4663086414337158,,61497
6780,222167040,0.6686887786834115,3.3013080596923827,0.47922654151916505,,61500
6790,222494720,0.6677477228638038,3.3517078399658202,0.48450603485107424,,61487
6800,222822400,0.6668061139289202,3.322589874267578,0.47177438735961913,,61490
6810,223150080,0.6658639563019313,3.3416492462158205,0.4778621673583984,,61432
6820,223477760,0.6649212544085855,3.250452423095703,0.4715826988220215,,61485
6830,223805440,0.6639780126771876,3.233396530151367,0.46554861068725584,,61498
6840,224133120,0.6630342355385784,3.3418807983398438,0.46335015296936033,,61500
6850,224460800,0.6620899274261136,3.278487777709961,0.4753666877746582,,61480
6860,224788480,0.6611450927756435,3.2803783416748047,0.476085901260376,,61485
6870,225116160,0.6601997360254913,3.271189880371094,0.4761515140533447,,61484
6880,225443840,0.659253861616433,3.2677165985107424,0.46598014831542967,,61479
6890,225771520,0.6583074739916764,3.3923717498779298,0.48206043243408203,,61494
6900,226099200,0.65736057759684,3.3338085174560548,0.47612833976745605,,61496
6910,226426880,0.656413176879932,3.325774383544922,0.4970536708831787,,61490
6920,226754560,0.65546527629133,3.290228271484375,0.4812180042266846,,61486
6930,227082240,0.6545168802837597,3.3361351013183596,0.47904052734375,,61477
6940,227409920,0.6535679933122733,3.3167488098144533,0.47276673316955564,,61482
6950,227737600,0.6526186198342305,3.2853492736816405,0.47660436630249026,,61502
6960,228065280,0.6516687643092755,3.3625221252441406,0.48409295082092285,,61497
6970,228392960,0.6507184311993169,3.202877426147461,0.47798171043396,,61479
6980,228720640,0.6497676249685073,3.336216354370117,0.4770366191864014,,61504
6990,229048320,0.648816350083221,3.3239723205566407,0.4911778450012207,,61495
7000,229376000,0.6478646110120344,3.2499919891357423,0.47108988761901854,,61468
7010,229703680,0.6469124122257043,3.2786834716796873,0.4770485877990723,,61497
7020,230031360,0.6459597581971467,3.3643951416015625,0.48876500129699707,,61480
7030,230359040,0.6450066534014163,3.2770835876464846,0.4721363544464111,,61487
7040,230686720,0.6440531023156852,3.3095985412597657,0.4669625759124756,,61477
7050,231014400,0.643099109419222,3.3571193695068358,0.4880878448486328,,61472
7060,231342080,0.6421446791933706,3.360765075683594,0.48068790435791015,,61505
7070,231669760,0.6411898161215294,3.2670867919921873,0.483994722366333,,61490
7080,231997440,0.6402345246891296,3.292390060424805,0.47869529724121096,,61493
7090,232325120,0.6392788093836153,3.334772491455078,0.4776304721832275,,61489
7100,232652800,0.6383226746944214,3.2630489349365233,0.47665748596191404,,61479
7110,232980480,0.6373661251129528,3.291024017333984,0.4722498893737793,,61430
7120,233308160,0.6364091651325631,3.3246116638183594,0.48036899566650393,,61503
7130,233635840,0.6354517992485343,3.2879318237304687,0.47049412727355955,,61501
7140,233963520,0.6344940319580545,3.2712642669677736,0.4716054439544678,,61495
7150,234291200,0.6335358677601981,3.296286773681641,0.47285118103027346,,61498
7160,234618880,0.6325773111559034,3.2567596435546875,0.48765010833740235,,61498
7170,234946560,0.631618366647952,3.2499267578125,0.47518115043640136,,61492
7180,235274240,0.6306590387409481,3.2821945190429687,0.49500184059143065,,61497
7190,235601920,0.6296993319412965,3.288732147216797,0.4947360038757324,,61526
7200,235929600,0.6287392507571821,3.30194091796875,0.47214713096618655,,61501
7210,236257280,0.627778799698548,3.288433074951172,0.4728156566619873,,61486
7220,236584960,0.6268179832770756,3.3090141296386717,0.47001352310180666,,61479
7230,236912640,0.6258568060061616,3.2421382904052733,0.46654362678527833,,61496
7240,237240320,0.6248952724008985,3.2931827545166015,0.4763512134552002,,61487
7250,237568000,0.6239333869780525,3.286082077026367,0.47885732650756835,,61507
7260,237895680,0.6229711542560421,3.2756271362304688,0.4754810333251953,,61520
7270,238223360,0.6220085787549176,3.2730873107910154,0.47318291664123535,,61504
7280,238551040,0.6210456649963396,3.2357643127441404,0.47362351417541504,,61502
7290,238878720,0.6200824175035572,3.277583694458008,0.4710951328277588,,61495
7300,239206400,0.6191188408013876,3.304393768310547,0.46942601203918455,,61484
7310,239534080,0.618154939416194,3.2600143432617186,0.47167143821716306,,61503
7320,239861760,0.6171907178758654,3.2398391723632813,0.4666316509246826,,61516
7330,240189440,0.6162261807097943,3.330942916870117,0.4800448417663574,,61492
7340,240517120,0.615261332448856,3.326459503173828,0.4837788581848145,,61494
7350,240844800,0.6142961776253867,3.2422008514404297,0.48263869285583494,,61503
7360,241172480,0.6133307207731634,3.2996536254882813,0.4814278602600098,,61513
7370,241500160,0.6123649664273816,3.284463119506836,0.47275853157043457,,61498
7380,241827840,0.6113989191246338,3.272328186035156,0.4809577941894531,,61497
7390,242155520,0.6104325834028894,3.275532531738281,0.47265281677246096,,61488
7400,242483200,0.6094659638014722,3.312775802612305,0.4782698631286621,,61494
7410,242810880,0.6084990648610393,3.3011260986328126,0.47206435203552244,,61496
7420,243138560,0.6075318911235607,3.2914337158203124,0.47135586738586427,,61506
7430,243466240,0.6065644471322965,3.2888755798339844,0.47414364814758303,,61495
7440,243793920,0.6055967374317768,3.2962764739990233,0.47823610305786135,,61508
7450,244121600,0.6046287665677795,3.2422714233398438,0.4691373348236084,,61501
7460,244449280,0.6036605390873098,3.3112419128417967,0.47862915992736815,,61494
7470,244776960,0.6026920595385779,3.233272171020508,0.470188045501709,,61500
7480,245104640,0.6017233324709779,3.312343978881836,0.4859291076660156,,61524
7490,245432320,0.6007543624350674,3.2800243377685545,0.4839756965637207,,61527
7500,245760000,0.5997851539825445,3.2572235107421874,0.4983823299407959,,61507
7510,246087680,0.5988157116662278,3.282183074951172,0.48881072998046876,,61476
7520,246415360,0.5978460400400343,3.3088356018066407,0.4924842357635498,,61501
7530,246743040,0.5968761436589581,3.2656307220458984,0.4797507762908936,,61515
7540,247070720,0.595906027079049,3.271062469482422,0.4828004837036133,,61517
7550,247398400,0.5949356948573915,3.2817218780517576,0.4772740364074707,,61514
7560,247726080,0.593965151552083,3.2591323852539062,0.47802534103393557,,61509
7570,248053760,0.5929944017222119,3.241568756103516,0.47690548896789553,,61499
7580,248381440,0.5920234499278374,3.2241729736328124,0.4761804103851318,,61486
7590,248709120,0.5910523007299672,3.3210895538330076,0.484628963470459,,61495
7600,249036800,0.5900809586905363,3.3068862915039063,0.48681936264038084,,61508
7610,249364480,0.5891094283723856,3.338916015625,0.4846986770629883,,61512
7620,249692160,0.5881377143392402,3.3027149200439454,0.4853271484375,,61512
7630,250019840,0.5871658211556886,3.1929161071777346,0.4717121601104736,,61474
7640,250347520,0.5861937533871606,3.2726707458496094,0.47173209190368653,,61493
7650,250675200,0.585221515599906,3.301164245605469,0.48292016983032227,,61524
7660,251002880,0.5842491123609734,3.275920867919922,0.4808650970458984,,61521
7670,251330560,0.5832765482381888,3.255380630493164,0.47255401611328124,,61497
7680,251658240,0.5823038278001335,3.2399852752685545,0.4731476306915283,,61509
7690,251985920,0.5813309556161232,3.245980453491211,0.47669782638549807,,61498
7700,252313600,0.5803579362561871,3.249193572998047,0.47259883880615233,,61501
7710,252641280,0.5793847742910447,3.2760574340820314,0.5014846324920654,,61498
7720,252968960,0.5784114742920861,3.257384490966797,0.4809967041015625,,61523
7730,253296640,0.5774380408313496,3.3100212097167967,0.487624454498291,,61502
7740,253624320,0.5764644784815004,3.2359893798828123,0.4792951107025146,,61498
7750,253952000,0.575490791815809,3.244382858276367,0.47672672271728517,,61512
7760,254279680,0.5745169854081302,3.2634197235107423,0.4806795120239258,,61485
7770,254607360,0.5735430638328811,3.280980682373047,0.49186387062072756,,61491
7780,254935040,0.5725690316650198,3.252587890625,0.4841655731201172,,61503
7790,255262720,0.571594893480024,3.2729843139648436,0.4817613124847412,,61499
7800,255590400,0.5706206538538694,3.275909423828125,0.48588714599609373,,61513
7810,255918080,0.5696463173630077,3.22400016784668,0.4842043399810791,,61439
7820,256245760,0.5686718885843468,3.2613876342773436,0.4903259754180908,,61509
7830,256573440,0.5676973720952269,3.248769760131836,0.48039951324462893,,61502
7840,256901120,0.5667227724734006,3.1928966522216795,0.4872154712677002,,61505
7850,257228800,0.5657480942970116,3.215963363647461,0.5360882759094239,,61505
7860,257556480,0.5647733421445715,3.26478271484375,0.4845776081085205,,61276
7870,257884160,0.5637985205949405,3.1820646286010743,0.48024492263793944,,61493
7880,258211840,0.5628236342273044,3.2353744506835938,0.48362140655517577,,61503
7890,258539520,0.5618486876211529,3.2423099517822265,0.4821475505828857,,61507
7900,258867200,0.5608736853562596,3.2610897064208983,0.4836282730102539,,61507
7910,259194880,0.5598986320126588,3.1847625732421876,0.48101420402526857,,61508
7920,259522560,0.5589235321706254,3.2716888427734374,0.48366560935974123,,61502
7930,259850240,0.557948390410652,3.2535259246826174,0.4862633228302002,,61489
7940,260177920,0.5569732113134289,3.2231212615966798,0.4785909175872803,,61488
7950,260505600,0.5559979994598211,3.224155807495117,0.4795562267303467,,61516
7960,260833280,0.5550227594308477,3.2281089782714845,0.4917480945587158,,61502
7970,261160960,0.5540474958076603,3.22894172668457,0.4868453502655029,,61498
7980,261488640,0.5530722131715214,3.2182117462158204,0.48463025093078616,,61494
7990,261816320,0.5520969161037825,3.3276203155517576,0.49999103546142576,,61492
8000,262144000,0.551121609185863,3.192820358276367,0.48396954536437986,,61491
8010,262471680,0.5501462969992287,3.2207298278808594,0.48726844787597656,,61507
8020,262799360,0.5491709841253699,3.263813781738281,0.49020872116088865,,61500
8030,263127040,0.5481956751457805,3.1808414459228516,0.4852344036102295,,61481
8040,263454720,0.5472203746419358,3.2238014221191404,0.49426794052124023,,61477
8050,263782400,0.5462450871952715,3.2745555877685546,0.48498263359069826,,61484
8060,264110080,0.5452698173871616,3.1550228118896486,0.47826251983642576,,61485
8070,264437760,0.5442945697988978,3.2523921966552733,0.49497342109680176,,61501
8080,264765440,0.5433193490116667,3.25115966796875,0.49229230880737307,,61510
8090,265093120,0.5423441596065299,3.2114898681640627,0.48980345726013186,,61494
8100,265420800,0.5413690061644008,3.247383880615234,0.4874128341674805,,61500
8110,265748480,0.5403938932660243,3.2603176116943358,0.49070987701416013,,61474
8120,266076160,0.5394188254919544,3.2179214477539064,0.48059396743774413,,61488
8130,266403840,0.538443807422534,3.2368442535400392,0.48358802795410155,,61499
8140,266731520,0.5374688436378715,3.196222496032715,0.4796719551086426,,61496
8150,267059200,0.5364939387178209,3.2353687286376953,0.4832087516784668,,61499
8160,267386880,0.5355190972419597,3.235491180419922,0.4940472602844238,,61497
8170,267714560,0.5345443237895667,3.182442474365234,0.48439807891845704,,61487
8180,268042240,0.5335696229396024,3.2847671508789062,0.49023008346557617,,61488
8190,268369920,0.532594999270685,3.311984634399414,0.49013943672180177,,61486
8200,268697600,0.5316204573610711,3.3130416870117188,0.4954474925994873,,61504
8210,269025280,0.5306460017886323,3.275961685180664,0.4849604606628418,,61517
8220,269352960,0.5296716371308356,3.2354007720947267,0.4961740493774414,,61495
8230,269680640,0.5286973679647203,3.225997543334961,0.5110998153686523,,61490
8240,270008320,0.5277231988668772,3.227968215942383,0.4898210525512695,,61478
8250,270336000,0.5267491344134275,3.2012451171875,0.4860538482666016,,61505
8260,270663680,0.5257751791799999,3.2714771270751952,0.48927741050720214,,61510
8270,270991360,0.5248013377417113,3.224824905395508,0.4746725559234619,,61514
8280,271319040,0.523827614673143,3.324032211303711,0.503366231918335,,61492
8290,271646720,0.5228540145483207,3.2667514801025392,0.5038598060607911,,61485
8300,271974400,0.5218805419406926,3.261819839477539,0.4893477916717529,,61488
8310,272302080,0.5209072014231075,3.2360538482666015,0.4896636962890625,,61498
8320,272629760,0.5199339975677946,3.2061843872070312,0.48244690895080566,,61507
8330,272957440,0.51896093494634,3.1759851455688475,0.4725786685943604,,61514
8340,273285120,0.5179880181296672,3.2298820495605467,0.5337050437927247,,61497
8350,273612800,0.5170152516880143,3.225290298461914,0.4931912899017334,,61507
8360,273940480,0.5160426401909136,3.2338199615478516,0.4914824962615967,,61501
8370,274268160,0.5150701882071689,3.1780677795410157,0.4795218467712402,,61505
8380,274595840,0.514097900304835,3.2351238250732424,0.49590630531311036,,61512
8390,274923520,0.5131257810511961,3.1795770645141603,0.485660982131958,,61509
8400,275251200,0.5121538350127436,3.1497028350830076,0.4846536159515381,,61498
8410,275578880,0.511182066755156,3.26343994140625,0.4915943622589111,,61449
8420,275906560,0.510210480843276,3.309592437744141,0.5059986114501953,,61515
8430,276234240,0.5092390818410902,3.2379764556884765,0.48540406227111815,,61528
8440,276561920,0.508267874311707,3.211471176147461,0.48613777160644533,,61527
8450,276889600,0.5072968628173354,3.2574741363525392,0.4866002082824707,,61518
8460,277217280,0.5063260519192636,3.2952526092529295,0.481486177444458,,61503
8470,277544960,0.5053554461778373,3.211720275878906,0.48593893051147463,,61501
8480,277872640,0.5043850501524388,3.2015514373779297,0.4844976902008057,,61488
8490,278200320,0.5034148684014648,3.1938993453979494,0.4946462631225586,,61498
8500,278528000,0.502444905482306,3.2380481719970704,0.49197072982788087,,61511
8510,278855680,0.5014751659513248,3.2391803741455076,0.493800687789917,,61460
8520,279183360,0.5005056543638344,3.1837175369262694,0.4906256675720215,,61495
8530,279511040,0.499536375274077,3.243693542480469,0.4958038806915283,,61521
8540,279838720,0.4985673332352031,3.209653854370117,0.4851545810699463,,61491
8550,280166400,0.49759853279924915,3.2235321044921874,0.48787851333618165,,61515
8560,280494080,0.4966299785171171,3.257559967041016,0.4934150218963623,,61524
8570,280821760,0.4956616749385523,3.2639556884765626,0.4962298393249512,,61496
8580,281149440,0.49469362661212246,3.2032371520996095,0.4947453498840332,,61468
8590,281477120,0.49372583808519666,3.2132598876953127,0.4885002613067627,,61483
8600,281804800,0.4927583139039229,3.2134445190429686,0.4915459156036377,,61504
8610,282132480,0.49179105861320815,3.3217193603515627,0.5057262420654297,,61498
8620,282460160,0.4908240767566955,3.1976991653442384,0.48494758605957033,,61492
8630,282787840,0.48985737287674447,3.212706756591797,0.49784836769104,,61484
8640,283115520,0.4888909515144081,3.241965484619141,0.48880181312561033,,61492
8650,283443200,0.4879248172094126,3.2771724700927733,0.5011824607849121,,61498
8660,283770880,0.4869589745001358,3.1819639205932617,0.4926137924194336,,61486
8670,284098560,0.48599342792358535,3.211991882324219,0.49248056411743163,,61494
8680,284426240,0.48502818201537845,3.1582029342651365,0.4815813541412354,,61497
8690,284753920,0.48406324130971956,3.239624786376953,0.4953803539276123,,61472
8700,285081600,0.4830986103393794,3.1821147918701174,0.4897906303405762,,61488
8710,285409280,0.4821342936356737,3.232269287109375,0.49906167984008787,,61467
8720,285736960,0.4811702957284427,3.2296188354492186,0.4931299686431885,,61496
8730,286064640,0.48020662114602786,3.1839595794677735,0.49141769409179686,,61509
8740,286392320,0.4792432744152527,3.2269397735595704,0.4926177501678467,,61499
8750,286720000,0.47828026006140056,3.217198944091797,0.5128351211547851,,61492
8760,287047680,0.477317582608193,3.234497833251953,0.5108269691467285,,61488
8770,287375360,0.4763552465777695,3.237310791015625,0.5017307281494141,,61479
8780,287703040,0.47539325649066544,3.227499771118164,0.49726452827453616,,61486
8790,288030720,0.4744316168657915,3.2086753845214844,0.5099349021911621,,61510
8800,288358400,0.47347033222041146,3.2152530670166017,0.4977588653564453,,61507
8810,288686080,0.47250940707012234,3.1837350845336916,0.49849605560302734,,61476
8820,289013760,0.47154884592883173,3.245111083984375,0.49410085678100585,,61503
8830,289341440,0.4705886533087379,3.2348751068115233,0.5014368057250976,,61491
8840,289669120,0.4696288337203076,3.1812530517578126,0.5031623363494873,,61498
8850,289996800,0.4686693916722554,3.155560111999512,0.49211959838867186,,61460
8860,290324480,0.46771033167152265,3.232073211669922,0.4978503227233887,,61492
8870,290652160,0.4667516582232554,3.2053733825683595,0.5006122589111328,,61491
8880,290979840,0.46579337583078473,3.251996612548828,0.4922516345977783,,61494
8890,291307520,0.4648354889956039,3.2003665924072267,0.488041353225708,,61505
8900,291635200,0.4638780022173489,3.240061569213867,0.4918783187866211,,61509
8910,291962880,0.4629209199937757,3.151378631591797,0.4955010414123535,,61502
8920,292290560,0.46196424682074044,3.196538734436035,0.4937587738037109,,61501
8930,292618240,0.4610079871921775,3.2010124206542967,0.5145215511322021,,61491
8940,292945920,0.4600521456000787,3.2450607299804686,0.4952444553375244,,61478
8950,293273600,0.4590967265344721,3.2576534271240236,0.503412389755249,,61497
8960,293601280,0.4581417344834009,3.1681180953979493,0.49294843673706057,,61511
8970,293928960,0.45718717393290287,3.1738779067993166,0.4916686534881592,,61489
8980,294256640,0.45623304936698816,3.2140594482421876,0.49300241470336914,,61469
8990,294584320,0.4552793652676195,3.147003173828125,0.4887504577636719,,61478
9000,294912000,0.4543261261146899,3.091716194152832,0.490702486038208,,61469
9010,295239680,0.45337333638600297,3.1730457305908204,0.5107526302337646,,61471
9020,295567360,0.45242100055725065,3.212659454345703,0.49756455421447754,,61489
9030,295895040,0.45146912310199294,3.200044631958008,0.49544572830200195,,61469
9040,296222720,0.4505177084916365,3.250987243652344,0.508070993423462,,61477
9050,296550400,0.44956676119541383,3.2516403198242188,0.5007782459259034,,61486
9060,296878080,0.4486162856803626,3.208837890625,0.49303483963012695,,61484
9070,297205760,0.44766628641130346,3.280873107910156,0.503902816772461,,61484
9080,297533440,0.4467167678508208,3.173194694519043,0.4908627510070801,,61497
9090,297861120,0.44576773445924056,3.160578155517578,0.4955434799194336,,61495
9100,298188800,0.4448191906946096,3.2389732360839845,0.49753990173339846,,61487
9110,298516480,0.44387114101267466,3.236247253417969,0.4978759765625,,61455
9120,298844160,0.44292358986686153,3.160404014587402,0.4913000583648682,,61471
9130,299171840,0.4419765417082546,3.185404396057129,0.49642133712768555,,61479
9140,299499520,0.4410300009855749,3.2099720001220704,0.5036092281341553,,61509
9150,299827200,0.4400839721451604,3.2228267669677733,0.500752067565918,,61493
9160,300154880,0.43913845963094367,3.131234359741211,0.4890606880187988,,61476
9170,300482560,0.4381934678844329,3.1747255325317383,0.499237585067749,,61484
9180,300810240,0.43724900134468936,3.211613082885742,0.5067507743835449,,61489
9190,301137920,0.4363050644483073,3.153769874572754,0.504737663269043,,61503
9200,301465600,0.4353616616293928,3.222290802001953,0.50381441116333,,61500
9210,301793280,0.4344187973195436,3.1896335601806642,0.5114527702331543,,61434
9220,302120960,0.43347647594782734,3.2176658630371096,0.5051614761352539,,61489
9230,302448640,0.4325347019407614,3.2311565399169924,0.49825048446655273,,61480
9240,302776320,0.43159347972229234,3.1729558944702148,0.5003787040710449,,61477
9250,303104000,0.43065281371377384,3.159654426574707,0.5039724826812744,,61483
9260,303431680,0.4297127083339477,3.162714195251465,0.5066643238067627,,61490
9270,303759360,0.4287731679989216,3.234356689453125,0.5134297370910644,,61495
9280,304087040,0.4278341971221492,3.160014343261719,0.4963212013244629,,61472
9290,304414720,0.4268958001144092,3.1793401718139647,0.5019222736358643,,61471
9300,304742400,0.42595798138378416,3.1707958221435546,0.5003547191619873,,61471
9310,305070080,0.4250207453356408,3.2139854431152344,0.5076686859130859,,61483
9320,305397760,0.42408409637260824,3.2379966735839845,0.5000538349151611,,61516
9330,305725440,0.4231480388945583,3.198781204223633,0.49971938133239746,,61491
9340,306053120,0.4222125772985835,3.1695526123046873,0.49727845191955566,,61494
9350,306380800,0.42127771597897823,3.189589500427246,0.5032607078552246,,61470
9360,306708480,0.4203434593272163,3.212760162353516,0.504867696762085,,61486
9370,307036160,0.4194098117319315,3.1907495498657226,0.4960383415222168,,61476
9380,307363840,0.41847677757889645,3.2331169128417967,0.5141133308410645,,61508
9390,307691520,0.41754436125100236,3.2162715911865236,0.5061493873596191,,61509
9400,308019200,0.416612567128238,3.2126785278320313,0.5000775814056396,,61484
9410,308346880,0.41568139958766936,3.1912168502807616,0.49803948402404785,,61436
9420,308674560,0.41475086300341946,3.2102951049804687,0.5043261051177979,,61489
9430,309002240,0.41382096174664673,3.202649688720703,0.5171306610107422,,61484
9440,309329920,0.412891700185526,3.196771240234375,0.5037662029266358,,61496
9450,309657600,0.4119630826852264,3.128903388977051,0.49294338226318357,,61504
9460,309985280,0.41103511360789224,3.1230743408203123,0.5060546398162842,,61456
9470,310312960,0.4101077973126215,3.2230979919433596,0.5173215389251709,,61485
9480,310640640,0.40918113815544555,3.203995132446289,0.5060923576354981,,61483
9490,310968320,0.40825514048930955,3.1594066619873047,0.4982909679412842,,61509
9500,311296000,0.4073298086640508,3.20880241394043,0.5045223712921143,,61489
9510,311623680,0.4064051470263791,3.151490020751953,0.5107568264007568,,61467
9520,311951360,0.40548115991985556,3.2036972045898438,0.5071535587310791,,61482
9530,312279040,0.4045578516848737,3.1391477584838867,0.4978858470916748,,61476
9540,312606720,0.40363522665863694,3.2257152557373048,0.5048964500427247,,61481
9550,312934400,0.4027132891751404,3.2097213745117186,0.5151322364807129,,61505
9560,313262080,0.40179204356514864,3.139945220947266,0.4950101375579834,,61515
9570,313589760,0.4008714941561764,3.0874971389770507,0.5109800338745117,,61491
9580,313917440,0.3999516452724685,3.1967355728149416,0.5000600337982177,,61488
9590,314245120,0.39903250123497847,3.0869131088256836,0.49579224586486814,,61485
9600,314572800,0.3981140663613494,3.197880172729492,0.4984137535095215,,61487
9610,314900480,0.3971963449658923,3.271154022216797,0.5122424125671386,,61492
9620,315228160,0.39627934135956777,3.2177433013916015,0.5101199150085449,,61503
9630,315555840,0.3953630598499638,3.1753963470458983,0.5069031715393066,,61494
9640,315883520,0.3944475047412763,3.2266258239746093,0.5046092510223389,,61505
9650,316211200,0.3935326803342897,3.2020172119140624,0.5024240493774415,,61496
9660,316538880,0.3926185909263551,3.127643585205078,0.498048734664917,,61486
9670,316866560,0.3917052408113716,3.110079765319824,0.498095178604126,,61491
9680,317194240,0.39079263427976507,3.179069709777832,0.5044735431671142,,61518
9690,317521920,0.389880775618469,3.1628570556640625,0.5034584522247314,,61495
9700,317849600,0.388969669110903,3.181802749633789,0.497327995300293,,61494
9710,318177280,0.38805931903695423,3.193708610534668,0.5035961627960205,,61494
9720,318504960,0.38714972967295613,3.191007614135742,0.5042635917663574,,61493
9730,318832640,0.38624090529166855,3.1589244842529296,0.5099649429321289,,61495
9740,319160320,0.3853328501622585,3.1640974044799806,0.502979850769043,,61501
9750,319488000,0.38442556855027865,3.1923904418945312,0.5070057868957519,,61512
9760,319815680,0.38351906471764896,3.1723630905151365,0.5028882026672363,,61489
9770,320143360,0.3826133429226348,3.195628356933594,0.5045470714569091,,61462
9780,320471040,0.38170840741982925,3.132823181152344,0.5060967922210693,,61498
9790,320798720,0.38080426246013044,3.151889419555664,0.5060979843139648,,61497
9800,321126400,0.379900912290724,3.182968330383301,0.5087718963623047,,61498
9810,321454080,0.3789983611550616,3.1332136154174806,0.49391727447509765,,61500
9820,321781760,0.3780966132928413,3.1748020172119142,0.5051491260528564,,61497
9830,322109440,0.37719567293998824,3.1351980209350585,0.5064212322235108,,61471
9840,322437120,0.3762955443286341,3.1554819107055665,0.5136639595031738,,61501
9850,322764800,0.37539623168709757,3.2584400177001953,0.5173354625701905,,61483
9860,323092480,0.37449773923986396,3.180804634094238,0.5113411903381347,,61484
9870,323420160,0.37360007120756655,3.14547119140625,0.5013383865356446,,61502
9880,323747840,0.37270323180696474,3.1821056365966798,0.507987117767334,,61490
9890,324075520,0.3718072252509268,3.157664108276367,0.5113875389099121,,61495
9900,324403200,0.370912055748408,3.2190296173095705,0.5115446090698242,,61495
9910,324730880,0.3700177275044315,3.181661605834961,0.5072156429290772,,61511
9920,325058560,0.369124244720069,3.1600507736206054,0.5148342609405517,,61507
9930,325386240,0.36823161159242057,3.1492210388183595,0.5038745880126954,,61500
9940,325713920,0.3673398323145951,3.143467903137207,0.5117766380310058,,61508
9950,326041600,0.36644891107569044,3.1582069396972656,0.5086750030517578,,61496
9960,326369280,0.3655588520607741,3.134869384765625,0.5146008491516113,,61485
9970,326696960,0.3646696594508628,3.2067634582519533,0.5105752944946289,,61525
9980,327024640,0.3637813374229041,3.169589614868164,0.5141140937805175,,61511
9990,327352320,0.36289389014975526,3.1340412139892577,0.5169093608856201,,61490
10000,327680000,0.3620073218001649,3.166858673095703,0.5070958614349366,,61485
10010,328007680,0.3611216365387533,3.1812381744384766,0.5091748237609863,,61486
10020,328335360,0.360236838525991,3.13098201751709,0.5148196220397949,,61494
10030,328663040,0.3593529319181825,3.2049999237060547,0.5156243801116943,,61488
10040,328990720,0.35846992086744367,3.170519256591797,0.5204966545104981,,61512
10050,329318400,0.35758780952168456,3.2057899475097655,0.5178675174713134,,61506
10060,329646080,0.3567066020245879,3.178817367553711,0.5154020309448242,,61499
10070,329973760,0.35582630251559155,3.1209856033325196,0.5099423885345459,,61460
10080,330301440,0.3549469151298672,3.125007438659668,0.5046356678009033,,61489
10090,330629120,0.3540684439983024,3.1950040817260743,0.5146666526794433,,61490
10100,330956800,0.3531908932474809,3.154387664794922,0.5069775581359863,,61483
10110,331284480,0.3523142669996624,3.1099435806274416,0.5100132942199707,,61475
10120,331612160,0.3514385693727643,3.168986511230469,0.5071432590484619,,61477
10130,331939840,0.3505638044803414,3.1129480361938477,0.497747802734375,,61472
10140,332267520,0.3496899764315674,3.166497230529785,0.5028366088867188,,61489
10150,332595200,0.3488170893312148,3.2085491180419923,0.510555648803711,,61491
10160,332922880,0.34794514727963644,3.199180793762207,0.5176499366760254,,61485
10170,333250560,0.3470741543727457,3.150799369812012,0.5184240341186523,,61488
10180,333578240,0.346204114701997,3.1182579040527343,0.5218879699707031,,61466
10190,333905920,0.345335032354368,3.132761001586914,0.5198276519775391,,61467
10200,334233600,0.34446691141233793,3.182591438293457,0.5286052227020264,,61478
10210,334561280,0.34359975595387116,3.1905233383178713,0.5122751235961914,,61496
10220,334888960,0.3427335700523958,3.1122791290283205,0.5060268402099609,,61491
10230,335216640,0.3418683577767862,3.1821670532226562,0.5122006893157959,,61487
10240,335544320,0.34100412319134277,3.1666383743286133,0.5128103256225586,,61486
10250,335872000,0.34014087035577323,3.1651968002319335,0.5223324298858643,,61474
10260,336199680,0.33927860332517384,3.135434150695801,0.5124619007110596,,61488
10270,336527360,0.3384173261500096,3.0699716567993165,0.5121935367584228,,61500
10280,336855040,0.33755704287609634,3.1638668060302733,0.5167366981506347,,61484
10290,337182720,0.3366977575445804,3.174600028991699,0.5131485939025879,,61488
10300,337510400,0.3358394741919212,3.161835479736328,0.5143954277038574,,61487
10310,337838080,0.33498219684987046,3.163948631286621,0.5241306304931641,,61486
10320,338165760,0.3341259295454547,3.1755821228027346,0.5175345420837403,,61487
10330,338493440,0.33327067630095575,3.147425079345703,0.5174356937408447,,61500
10340,338821120,0.3324164411338921,3.150408935546875,0.5154353141784668,,61504
10350,339148800,0.33156322805699956,3.18811149597168,0.5130377292633057,,61491
10360,339476480,0.3307110410782127,3.121900177001953,0.5112596035003663,,61484
10370,339804160,0.32985988420064666,3.160286712646484,0.6341297149658203,,61461
10380,340131840,0.3290097614225766,3.087940216064453,0.5075705528259278,,61485
10390,340459520,0.3281606767374211,3.1685039520263674,0.5121688842773438,,61487
10400,340787200,0.3273126341337218,3.1894161224365236,0.5289819240570068,,61471
10410,341114880,0.3264656375951254,3.139352226257324,0.5120744228363037,,61496
10420,341442560,0.3256196911003647,3.1759857177734374,0.511051082611084,,61476
10430,341770240,0.3247747986232399,3.1304485321044924,0.5148651123046875,,61491
10440,342097920,0.3239309641325999,3.169913482666016,0.511421012878418,,61512
10450,342425600,0.3230881915923239,3.178412437438965,0.5164160251617431,,61502
10460,342753280,0.32224648496130276,3.11139030456543,0.5141735076904297,,61499
10470,343080960,0.32140584819341994,3.121237373352051,0.5064805030822754,,61498
10480,343408640,0.3205662852375337,3.145664024353027,0.5227291584014893,,61500
10490,343736320,0.3197278000374577,3.123867225646973,0.5106502056121827,,61486
10500,344064000,0.31889039653194307,3.1268278121948243,0.5150355339050293,,61503
10510,344391680,0.31805407865465946,3.1560115814208984,0.5146978855133056,,61504
10520,344719360,0.31721885033417746,3.1237186431884765,0.5162389755249024,,61504
10530,345047040,0.3163847154939489,3.1803640365600585,0.5142348289489747,,61481
10540,345374720,0.3155516780522891,3.164491653442383,0.5291065216064453,,61489
10550,345702400,0.31471974192235896,3.0666500091552735,0.5178240299224853,,61505
10560,346030080,0.313888911012145,3.1764076232910154,0.5175052165985108,,61512
10570,346357760,0.3130591892244431,3.1017168045043944,0.5150304317474366,,61500
10580,346685440,0.31223058045683816,3.07596378326416,0.5175919532775879,,61497
10590,347013120,0.3114030886016875,3.1473697662353515,0.5135885715484619,,61489
10600,347340800,0.31057671754610106,3.0803993225097654,0.5149479866027832,,61499
10610,347668480,0.30975147117192475,3.1536808013916016,0.5160924434661865,,61482
10620,347996160,0.3089273533557203,3.1652267456054686,0.5198368549346923,,61487
10630,348323840,0.3081043679687486,3.0977087020874023,0.5154080390930176,,61495
10640,348651520,0.30728251887695135,3.188858413696289,0.5136906623840332,,61503
10650,348979200,0.30646180994093186,3.219384765625,0.5350858688354492,,61500
10660,349306880,0.3056422450159381,3.1320302963256834,0.5262843608856201,,61506
10670,349634560,0.30482382795184393,3.153194046020508,0.5219926357269287,,61487
10680,349962240,0.3040065625931312,3.2007259368896483,0.5386247158050537,,61460
10690,350289920,0.30319045277887136,3.15686092376709,0.5240077018737793,,61479
10700,350617600,0.3023755023427084,3.147152328491211,0.5147063732147217,,61481
10710,350945280,0.3015617151128396,3.1231998443603515,0.5154242515563965,,61485
10720,351272960,0.3007490949119982,3.1587760925292967,0.5175448417663574,,61487
10730,351600640,0.2999376455574358,3.1489208221435545,0.5097964763641357,,61502
10740,351928320,0.29912737086090346,3.159773063659668,0.5251881122589112,,61496
10750,352256000,0.2983182746286347,3.121083068847656,0.5250769138336182,,61507
10760,352583680,0.29751036066132674,3.169563865661621,0.520079517364502,,61487
10770,352911360,0.29670363275412404,3.19366569519043,0.5170934677124024,,61497
10780,353239040,0.2958980946965986,3.1877513885498048,0.5263113021850586,,61487
10790,353566720,0.2950937502727342,3.145156478881836,0.5235929965972901,,61500
10800,353894400,0.2942906032609065,3.103788375854492,0.5152800559997559,,61521
10810,354222080,0.29348865743386676,3.119828796386719,0.5191922187805176,,61498
10820,354549760,0.2926879165587243,3.1240720748901367,0.5199440002441407,,61495
10830,354877440,0.2918883843969272,3.1896282196044923,0.5186264991760254,,61492
10840,355205120,0.2910900647042468,3.063233757019043,0.5111171245574951,,61497
10850,355532800,0.29029296123075793,3.1888423919677735,0.516580057144165,,61498
10860,355860480,0.2894970777208227,3.1806396484375,0.5268424987792969,,61497
10870,356188160,0.2887024179130724,3.113944435119629,0.5181544780731201,,61497
10880,356515840,0.28790898554039035,3.129726791381836,0.5314825057983399,,61500
10890,356843520,0.2871167843298935,3.119245719909668,0.5085045337677002,,61491
10900,357171200,0.28632581800291573,3.1545175552368163,0.5176524639129638,,61501
10910,357498880,0.2855360902749904,3.1315759658813476,0.5159991264343262,,61503
10920,357826560,0.2847476048558321,3.1036706924438477,0.509877872467041,,61520
10930,358154240,0.2839603654493199,3.055991363525391,0.5259719848632812,,61506
10940,358481920,0.2831743757534798,3.0906742095947264,0.5205888271331787,,61505
10950,358809600,0.2823896394604675,3.107790946960449,0.5150952816009522,,61488
10960,359137280,0.2816061602565507,3.1786705017089845,0.534833288192749,,61494
10970,359464960,0.2808239418220919,3.1483240127563477,0.536015510559082,,61487
10980,359792640,0.2800429878315313,3.1471527099609373,0.5381392002105713,,61490
10990,360120320,0.27926330195336935,3.1905887603759764,0.5286734104156494,,61486
11000,360448000,0.2784848878501499,3.1384603500366213,0.5378075122833252,,61476
11010,360775680,0.2777077491784421,3.02761173248291,0.5655036449432373,,61477
11020,361103360,0.27693188958882464,3.1632232666015625,0.5209056377410889,,61493
11030,361431040,0.27615731272586685,3.1080394744873048,0.5293476104736328,,61517
11040,361758720,0.2753840222281132,3.180996894836426,0.5227056026458741,,61503
11050,362086400,0.27461202172806515,3.0491090774536134,0.5073987960815429,,61505
11060,362414080,0.27384131485216434,3.0914613723754885,0.5171029090881347,,61490
11070,362741760,0.27307190522077623,3.1359071731567383,0.5205465316772461,,61499
11080,363069440,0.2723037964481719,3.1150121688842773,0.5195631504058837,,61483
11090,363397120,0.27153699214251215,3.1578144073486327,0.5209226608276367,,61501
11100,363724800,0.27077149590582994,3.1458965301513673,0.5277133464813233,,61492
11110,364052480,0.27000731133401334,3.061416244506836,0.5205413341522217,,61481
11120,364380160,0.2692444420167893,3.1597604751586914,0.5336505889892578,,61476
11130,364707840,0.26848289153770644,3.1265228271484373,0.5289659023284912,,61467
11140,365035520,0.267722663474118,3.1363527297973635,0.5234438896179199,,61488
11150,365363200,0.2669637613971651,3.081615447998047,0.5167182922363281,,61489
11160,365690880,0.2662061888717604,3.1546566009521486,0.519251537322998,,61507
11170,366018560,0.26544994945657074,3.1077644348144533,0.5164239406585693,,61493
11180,366346240,0.2646950467040012,3.1677059173583983,0.5244246006011963,,61483
11190,366673920,0.26394148416017726,3.0888059616088865,0.5259188175201416,,61470
11200,367001600,0.2631892653649296,3.0495494842529296,0.5188255786895752,,61473
11210,367329280,0.26243839385177614,3.112493705749512,0.5243261814117431,,61494
11220,367656960,0.261688873147906,3.109834671020508,0.5230000495910645,,61504
11230,367984640,0.2609407067741632,3.1041982650756834,0.5221610546112061,,61493
11240,368312320,0.2601938982450296,3.1312084197998047,0.5240184783935546,,61489
11250,368640000,0.2594484510686089,3.1737693786621093,0.5360995769500733,,61479
11260,368967680,0.2587043687466096,3.161669158935547,0.5251793384552002,,61493
11270,369295360,0.2579616547743293,3.177096939086914,0.5255197525024414,,61495
11280,369623040,0.2572203126406374,3.188887596130371,0.5334426403045655,,61493
11290,369950720,0.25648034582795914,3.102675437927246,0.5200640201568604,,61434
11300,370278400,0.2557417578122594,3.091131401062012,0.5232189178466797,,61473
11310,370606080,0.2550045520630264,3.1081260681152343,0.5171938419342041,,61475
11320,370933760,0.25426873204325495,3.14093017578125,0.5229454040527344,,61477
11330,371261440,0.2535343012094305,3.0197122573852537,0.5153173446655274,,61484
11340,371589120,0.25280126301151284,3.097965431213379,0.5246174335479736,,61488
11350,371916800,0.25206962089291973,3.0984123229980467,0.5250277042388916,,61481
11360,372244480,0.2513393782905116,3.1419872283935546,0.5286333084106445,,61476
11370,372572160,0.25061053863457383,3.1194999694824217,0.5285096168518066,,61476
11380,372899840,0.24988310534880215,3.1437204360961912,0.5280378818511963,,61485
11390,373227520,0.24915708185028554,3.126186561584473,0.5191449642181396,,61474
11400,373555200,0.2484324715494908,3.0588441848754884,0.5181286811828614,,61487
11410,373882880,0.24770927785024613,3.1055330276489257,0.5195153713226318,,61473
11420,374210560,0.24698750414972515,3.071911430358887,0.5296972274780274,,61464
11430,374538240,0.2462671538384317,3.163827323913574,0.5201541423797608,,61454
11440,374865920,0.24554823030018252,3.140205192565918,0.5307688236236572,,61468
11450,375193600,0.24483073691209287,3.1257326126098635,0.5253082752227783,,61489
11460,375521280,0.24411467704455944,3.114149475097656,0.5396066665649414,,61481
11470,375848960,0.24340005406124518,3.1974597930908204,0.5253349781036377,,61480
11480,376176640,0.24268687131906316,3.0392763137817385,0.5147533893585206,,61465
11490,376504320,0.24197513216816144,3.153606986999512,0.5264037132263184,,61473
11500,376832000,0.24126483995190637,3.0803285598754884,0.5197757720947266,,61469
11510,377159680,0.24055599800686764,3.104353332519531,0.519623851776123,,61433
11520,377487360,0.23984860966280222,3.0466806411743166,0.51927809715271,,61491
11530,377815040,0.2391426782426388,3.0399770736694336,0.5284156322479248,,61473
11540,378142720,0.2384382070624626,3.101099395751953,0.5253436088562011,,61483
11550,378470400,0.23773519943149887,3.119752883911133,0.5282141685485839,,61483
11560,378798080,0.23703365865209847,3.0722036361694336,0.5261521816253663,,61481
11570,379125760,0.23633358801972137,3.134513282775879,0.5258415222167969,,61483
11580,379453440,0.2356349908229217,3.1347164154052733,0.5305553436279297,,61469
11590,379781120,0.23493787034333216,3.1025346755981444,0.5330466270446778,,61484
11600,380108800,0.23424222985564858,3.144412612915039,0.5330815315246582,,61472
11610,380436480,0.23354807262761487,3.192020797729492,0.5342917919158936,,61487
11620,380764160,0.232855401920007,3.1269664764404297,0.527623176574707,,61487
11630,381091840,0.2321642209866184,3.091634750366211,0.5244653224945068,,61502
11640,381419520,0.23147453307424415,3.1081432342529296,0.5250932693481445,,61489
11650,381747200,0.230786341422666,3.031096267700195,0.5193048477172851,,61485
11660,382074880,0.2300996492646368,3.1279123306274412,0.5283074378967285,,61470
11670,382402560,0.2294144598258662,3.0754247665405274,0.5290102481842041,,61473
11680,382730240,0.2287307763250043,3.135489654541016,0.5397763252258301,,61484
11690,383057920,0.2280486019736274,3.0917516708374024,0.5286891460418701,,61499
11700,383385600,0.22736793997622248,3.1238901138305666,0.531216812133789,,61485
11710,383713280,0.2266887935301724,3.0762157440185547,0.5269904613494873,,61486
11720,384040960,0.22601116582574088,3.137911796569824,0.530611515045166,,61482
11730,384368640,0.22533506004605705,3.034857749938965,0.5318977355957031,,61459
11740,384696320,0.2246604793671014,3.051455497741699,0.5259138107299804,,61488
11750,385024000,0.22398742695768986,3.159752082824707,0.5319665431976318,,61489
11760,385351680,0.22331590597945955,3.0665876388549806,0.5219700336456299,,61497
11770,385679360,0.22264591958685376,3.0903602600097657,0.526274299621582,,61490
11780,386007040,0.22197747092710685,3.1299016952514647,0.5308208465576172,,61481
11790,386334720,0.22131056314023037,3.1345048904418946,0.5355896472930908,,61469
11800,386662400,0.22064519935899696,3.0994312286376955,0.5390943050384521,,61479
11810,386990080,0.21998138270892706,3.0915945053100584,0.5309298515319825,,61435
11820,387317760,0.21931911630827294,3.0861173629760743,0.5307592391967774,,61479
11830,387645440,0.21865840326800487,3.1265687942504883,0.5408680438995361,,61484
11840,387973120,0.2179992466917961,3.0979944229125977,0.5329065799713135,,61473
11850,388300800,0.21734164967600889,3.0327642440795897,0.5230616092681885,,61474
11860,388628480,0.2166856153096791,3.1030624389648436,0.5259800434112549,,61461
11870,388956160,0.21603114667450216,3.1097991943359373,0.5345873832702637,,61482
11880,389283840,0.21537824684481896,3.048432540893555,0.5248354911804199,,61483
11890,389611520,0.21472691888760015,3.059952163696289,0.5294716358184814,,61473
11900,389939200,0.21407716586243347,3.057560348510742,0.5303288459777832,,61457
11910,390266880,0.21342899082150785,3.1605609893798827,0.5326972961425781,,61470
11920,390594560,0.2127823968096001,3.1550737380981446,0.5311732292175293,,61472
11930,390922240,0.21213738686406003,3.0859376907348635,0.536905574798584,,61502
11940,391249920,0.2114939640147963,3.064518165588379,0.530174446105957,,61482
11950,391577600,0.21085213128426236,3.0956130981445313,0.5359224796295166,,61471
11960,391905280,0.21021189168744198,3.126653861999512,0.5256834506988526,,61462
11970,392232960,0.2095732482318356,3.053782653808594,0.5239170074462891,,61466
11980,392560640,0.20893620391744544,3.072728157043457,0.5319837093353271,,61489
11990,392888320,0.2083007617367621,3.0965370178222655,0.5341828823089599,,61485
12000,393216000,0.20766692467475006,3.088536262512207,0.5330076217651367,,61486
12010,393543680,0.207034695708834,3.076120376586914,0.5332260608673096,,61483
12020,393871360,0.20640407780888423,3.0671051025390623,0.527288818359375,,61470
12030,394199040,0.20577507393720368,3.1004144668579103,0.5327150821685791,,61493
12040,394526720,0.20514768704851313,3.1155590057373046,0.5312129974365234,,61495
12050,394854400,0.20452192008993753,3.035823440551758,0.5233105659484864,,61505
12060,395182080,0.20389777600099285,3.1209222793579103,0.5321373462677002,,61488
12070,395509760,0.2032752577135708,3.1321317672729494,0.532747459411621,,61494
12080,395837440,0.20265436815192675,3.130506706237793,0.5320537567138672,,61485
12090,396165120,0.20203511023266468,3.0955059051513674,0.5248047351837158,,61487
12100,396492800,0.20141748686472444,3.1566673278808595,0.5344241619110107,,61501
12110,396820480,0.20080150094936725,3.058292770385742,0.5335322856903076,,61456
12120,397148160,0.20018715538016268,3.059615135192871,0.5235372543334961,,61501
12130,397475840,0.1995744530429747,3.040703010559082,0.5332175731658936,,61483
12140,397803520,0.1989633968159482,3.1123477935791017,0.5362967491149903,,61465
12150,398131200,0.19835398956949601,3.1732210159301757,0.541321849822998,,61480
12160,398458880,0.19774623416628423,3.111875534057617,0.5384837627410889,,61491
12170,398786560,0.1971401334612201,3.094741630554199,0.5350985527038574,,61482
12180,399114240,0.19653569030143775,3.034552574157715,0.5328794956207276,,61488
12190,399441920,0.19593290752628495,3.166594696044922,0.5505612850189209,,61477
12200,399769600,0.1953317879673098,3.121839714050293,0.5336512088775635,,61472
12210,400097280,0.194732334448248,3.0764911651611326,0.528148603439331,,61491
12220,400424960,0.1941345497850086,3.0916715621948243,0.5451701164245606,,61497
12230,400752640,0.19353843678566138,3.1454547882080077,0.5389754295349121,,61493
12240,401080320,0.1929439982504239,3.053543281555176,0.5294736385345459,,61474
12250,401408000,0.1923512369716472,3.1353038787841796,0.5348171710968017,,61474
12260,401735680,0.19176015573380445,3.14935188293457,0.5350134372711182,,61479
12270,402063360,0.191170757313476,3.087594413757324,0.534153938293457,,61499
12280,402391040,0.19058304447933802,3.112441825866699,0.5281941890716553,,61507
12290,402718720,0.1899970199921481,3.056379699707031,0.5279826164245606,,61499
12300,403046400,0.1894126866047332,3.064260482788086,0.5441532135009766,,61498
12310,403374080,0.1888300470619763,3.0200904846191405,0.5308969020843506,,61487
12320,403701760,0.18824910410080348,3.1057395935058594,0.5367329120635986,,61481
12330,404029440,0.18766986045017167,3.0518417358398438,0.5334687232971191,,61484
12340,404357120,0.18709231883105468,3.0269006729125976,0.5300716400146485,,61494
12350,404684800,0.18651648195643172,3.1331300735473633,0.5374090671539307,,61489
12360,405012480,0.18594235253127372,3.0742046356201174,0.5302458286285401,,61490
12370,405340160,0.18536993325253082,3.1299819946289062,0.5332649707794189,,61476
12380,405667840,0.18479922680912014,3.1288999557495116,0.5356766223907471,,61467
12390,405995520,0.1842302358819124,3.0396444320678713,0.528254508972168,,61493
12400,406323200,0.18366296314372033,3.054329490661621,0.5242211818695068,,61496
12410,406650880,0.18309741125928486,3.0300268173217773,0.5364605903625488,,61468
12420,406978560,0.18253358288526406,3.0980369567871096,0.534607982635498,,61489
12430,407306240,0.18197148067021893,3.0745973587036133,0.5294283866882324,,61485
12440,407633920,0.18141110725460283,3.142597770690918,0.5364479064941406,,61492
12450,407961600,0.1808524652707474,3.1026321411132813,0.5336677074432373,,61475
12460,408289280,0.18029555734285163,3.086081123352051,0.5315523624420166,,61499
12470,408616960,0.1797403860869683,3.079238700866699,0.5358033180236816,,61483
12480,408944640,0.17918695411099256,3.090353584289551,0.538721752166748,,61482
12490,409272320,0.17863526401464913,3.116313171386719,0.5347187519073486,,61476
12500,409600000,0.17808531838948038,3.066410446166992,0.5380152225494385,,61486
12510,409927680,0.17753711981883438,3.1154453277587892,0.5344780921936035,,61466
12520,410255360,0.17699067087785206,3.115330123901367,0.5299118041992188,,61471
12530,410583040,0.17644597413345592,3.1105720520019533,0.5365055084228516,,61458
12540,410910720,0.1759030321443373,3.1047691345214843,0.5367950916290283,,61469
12550,411238400,0.17536184746094474,3.129696273803711,0.5369697093963623,,61469
12560,411566080,0.17482242262547187,3.077828025817871,0.531093168258667,,61463
12570,411893760,0.17428476017184552,3.040040397644043,0.5338866233825683,,61468
12580,412221440,0.17374886262571393,3.063347816467285,0.5399489879608155,,61477
12590,412549120,0.17321473250443453,3.0717334747314453,0.5322703838348388,,61466
12600,412876800,0.1726823723170628,3.0810226440429687,0.5354233264923096,,61479
12610,413204480,0.1721517845643391,3.0483474731445312,0.5409523010253906,,61472
12620,413532160,0.1716229717386789,3.0594928741455076,0.5357585430145264,,61476
12630,413859840,0.17109593632415931,3.0564651489257812,0.5286277770996094,,61482
12640,414187520,0.17057068079650856,3.0983793258666994,0.5356142044067382,,61495
12650,414515200,0.17004720762309364,3.161417579650879,0.5404748916625977,,61486
12660,414842880,0.1695255192629091,3.0714981079101564,0.5413538455963135,,61480
12670,415170560,0.16900561816656542,3.068437957763672,0.5346190929412842,,61485
12680,415498240,0.16848750677627727,3.0505027770996094,0.5412152290344239,,61474
12690,415825920,0.1679711875258528,3.0629671096801756,0.5391560554504394,,61491
12700,416153600,0.16745666284068098,3.109915542602539,0.5312212944030762,,61506
12710,416481280,0.16694393513772138,3.0911838531494142,0.537092638015747,,61425
12720,416808960,0.16643300682549206,3.0829029083251953,0.5322159767150879,,61465
12730,417136640,0.16592388030405858,3.086758613586426,0.5307510375976563,,61482
12740,417464320,0.16541655796502264,3.107394981384277,0.5432723522186279,,61468
12750,417792000,0.16491104219151081,3.11025333404541,0.5381687641143799,,61473
12760,418119680,0.16440733535816363,3.0356353759765624,0.5341919422149658,,61476
12770,418447360,0.16390543983112393,3.1353424072265623,0.541680908203125,,61478
12780,418775040,0.1634053579680263,3.075886917114258,0.5359853744506836,,61484
12790,419102720,0.1629070921179852,3.0630870819091798,0.536747407913208,,61466
12800,419430400,0.16241064462158505,3.071048545837402,0.5426734924316406,,61463
12810,419758080,0.16191601781086817,3.0651020050048827,0.5373621940612793,,61432
12820,420085760,0.1614232140093247,3.0786518096923827,0.5325647354125976,,61475
12830,420413440,0.1609322355318808,3.0909109115600586,0.5422938823699951,,61473
12840,420741120,0.1604430846848886,3.114379119873047,0.548275089263916,,61464
12850,421068800,0.15995576376611487,3.0664321899414064,0.5376134872436523,,61475
12860,421396480,0.15947027506473016,3.1260297775268553,0.5356205463409424,,61492
12870,421724160,0.15898662086129878,3.022276496887207,0.5377241134643554,,61481
12880,422051840,0.15850480342776696,3.054372024536133,0.5283793449401856,,61488
12890,422379520,0.1580248250274533,3.1197824478149414,0.5464111804962158,,61479
12900,422707200,0.1575466879150373,3.1282270431518553,0.5449140071868896,,61476
12910,423034880,0.1570703943365491,3.0709650039672853,0.5441877841949463,,61462
12920,423362560,0.15659594652935896,3.085283088684082,0.5386576175689697,,61483
12930,423690240,0.15612334672216666,3.089269828796387,0.5421820163726807,,61476
12940,424017920,0.1556525971349913,3.0819950103759766,0.5347435474395752,,61464
12950,424345600,0.15518369997916026,3.0586370468139648,0.5277576923370362,,61472
12960,424673280,0.1547166574572997,3.096709632873535,0.5378202438354492,,61466
12970,425000960,0.15425147176332304,3.0986259460449217,0.5342759132385254,,61460
12980,425328640,0.153788145082422,3.036456489562988,0.5320017814636231,,61464
12990,425656320,0.15332667959105506,3.072679328918457,0.534492301940918,,61479
13000,425984000,0.1528670774569385,3.055780601501465,0.5403425216674804,,61478
13010,426311680,0.15240934083903493,3.00051212310791,0.5289225578308105,,61480
13020,426639360,0.15195347188754413,3.0293750762939453,0.5357033729553222,,61474
13030,426967040,0.15149947274389244,3.1065496444702148,0.5436991214752197,,61466
13040,427294720,0.15104734554072283,3.0805665969848635,0.5335338115692139,,61459
13050,427622400,0.15059709240188512,3.020862007141113,0.5359288692474365,,61480
13060,427950080,0.1501487154424255,3.10275821685791,0.5380270481109619,,61464
13070,428277760,0.1497022167685772,3.1253332138061523,0.5401863098144531,,61478
13080,428605440,0.14925759847775003,3.1137887954711916,0.5397452354431153,,61476
13090,428933120,0.14881486265852079,3.0762086868286134,0.5342257022857666,,61488
13100,429260800,0.14837401139062345,3.0613370895385743,0.5436606407165527,,61463
13110,429588480,0.14793504674493946,3.1113666534423827,0.5426958084106446,,61432
13120,429916160,0.14749797078348806,3.077949333190918,0.5364982604980468,,61431
13130,430243840,0.14706278555941604,3.006308364868164,0.5347076892852783,,61469
13140,430571520,0.14662949311698908,3.07143611907959,0.5451711177825928,,61468
13150,430899200,0.14619809549158108,3.145460510253906,0.5601250171661377,,61473
13160,431226880,0.1457685947096655,3.1313203811645507,0.5461376667022705,,61487
13170,431554560,0.14534099278880513,3.085841178894043,0.5395940780639649,,61473
13180,431882240,0.14491529173764328,3.1042510986328127,0.5441874980926513,,61483
13190,432209920,0.14449149355589372,3.1114341735839846,0.5414591312408448,,61472
13200,432537600,0.14406960023433169,3.081676483154297,0.5354486465454101,,61474
13210,432865280,0.14364961375478438,3.0945268630981446,0.5429451942443848,,61439
13220,433192960,0.1432315360901216,2.9996070861816406,0.5343503952026367,,61485
13230,433520640,0.14281536920424684,2.997102737426758,0.5369895458221435,,61475
13240,433848320,0.1424011150520874,3.10532169342041,0.5590703010559082,,61482
13250,434176000,0.141988775579586,2.9978910446166993,0.5357626914978028,,61459
13260,434503680,0.14157835272369096,3.038260269165039,0.5429431438446045,,61465
13270,434831360,0.14116984841234742,3.1093671798706053,0.5402828693389893,,61462
13280,435159040,0.14076326456448812,3.0234331130981444,0.5401015758514405,,61480
13290,435486720,0.14035860309002474,3.0424455642700194,0.5434631824493408,,61482
13300,435814400,0.1399558658898386,3.0882272720336914,0.5523595809936523,,61476
13310,436142080,0.13955505485577163,3.050847625732422,0.5385461807250976,,61462
13320,436469760,0.13915617187061802,3.0614187240600588,0.5373013973236084,,61457
13330,436797440,0.13875921880811476,3.095649528503418,0.5392193794250488,,61452
13340,437125120,0.13836419753293316,3.109960174560547,0.5438820838928222,,61462
13350,437452800,0.13797110990066996,3.061179351806641,0.537001657485962,,61476
13360,437780480,0.137579957757839,3.131327247619629,0.5425011157989502,,61478
13370,438108160,0.13719074294186187,3.077983093261719,0.533662223815918,,61472
13380,438435840,0.1368034672810598,3.0115077972412108,0.5367411613464356,,61458
13390,438763520,0.13641813259464494,3.0757923126220703,0.5406335830688477,,61449
13400,439091200,0.13603474069271163,3.138529586791992,0.5487461090087891,,61451
13410,439418880,0.1356532933762284,3.099847984313965,0.5489071846008301,,61486
13420,439746560,0.13527379243702872,3.072652053833008,0.5348147392272949,,61464
13430,440074240,0.1348962396578035,3.0394403457641603,0.5423147201538085,,61457
13440,440401920,0.13452063681209184,3.1017663955688475,0.5451362133026123,,61459
13450,440729600,0.13414698566427333,3.0591413497924806,0.5486550807952881,,61463
13460,441057280,0.1337752879695594,3.037129020690918,0.5392005920410157,,61474
13470,441384960,0.1334055454739853,3.0147193908691405,0.5346034049987793,,61464
13480,441712640,0.13303775991440192,3.0520866394042967,0.5594577789306641,,61467
13490,442040320,0.1326719330184672,3.044355583190918,0.5352717876434326,,61474
13500,442368000,0.13230806650463867,3.0885618209838865,0.5452186107635498,,61481
13510,442695680,0.13194616208216495,3.0944238662719727,0.5463372230529785,,61473
13520,443023360,0.13158622145107762,3.0609613418579102,0.5442368030548096,,61492
13530,443351040,0.1312282463021836,3.151694679260254,0.5500301837921142,,61479
13540,443678720,0.13087223831705705,3.0555627822875975,0.5418131351470947,,61469
13550,444006400,0.13051819916803145,3.0045976638793945,0.5378378391265869,,61455
13560,444334080,0.1301661305181917,3.0543838500976563,0.540932559967041,,61453
13570,444661760,0.12981603402136632,3.067581558227539,0.5410884380340576,,61461
13580,444989440,0.1294679113221197,3.079103469848633,0.5367574214935302,,61468
13590,445317120,0.12912176405574471,3.0804731369018556,0.5432123661041259,,61487
13600,445644800,0.12877759384825416,3.0715621948242187,0.5400211334228515,,61469
13610,445972480,0.12843540231637426,3.0756765365600587,0.533218240737915,,61460
13620,446300160,0.1280951910675361,3.071320724487305,0.5411581993103027,,61463
13630,446627840,0.12775696169986858,3.061300277709961,0.5501381874084472,,61477
13640,446955520,0.12742071580219075,3.066100311279297,0.5454560279846191,,61464
13650,447283200,0.12708645495400447,3.086793327331543,0.5382332324981689,,61467
13660,447610880,0.1267541807254869,3.0719261169433594,0.5387275218963623,,61471
13670,447938560,0.12642389467748305,3.0597511291503907,0.5429573059082031,,61472
13680,448266240,0.12609559836149858,3.038228988647461,0.5347182750701904,,61470
13690,448593920,0.12576929331969258,3.0011295318603515,0.5366837978363037,,61455
13700,448921600,0.12544498108486998,3.003083419799805,0.5364152908325195,,61476
13710,449249280,0.12512266318047466,3.1203399658203126,0.5481056213378906,,61434
13720,449576960,0.12480234112058225,3.0438886642456056,0.5427991867065429,,61476
13730,449904640,0.12448401640989308,3.0403472900390627,0.5388359546661377,,61449
13740,450232320,0.12416769054372481,3.084723472595215,0.5473215103149414,,61476
13750,450560000,0.12385336500800571,3.0442148208618165,0.5440000534057617,,61466
13760,450887680,0.12354104127926756,3.043559455871582,0.5515786170959472,,61482
13770,451215360,0.12323072082463879,3.0603200912475588,0.5520098686218262,,61471
13780,451543040,0.12292240510183737,3.0603586196899415,0.5482075214385986,,61465
13790,451870720,0.12261609555916432,3.0806541442871094,0.5512810707092285,,61462
13800,452198400,0.1223117936354966,3.0231706619262697,0.538120698928833,,61474
13810,452526080,0.1220095007602805,3.09011287689209,0.5468565464019776,,61468
13820,452853760,0.1217092183535248,3.097711372375488,0.5473567008972168,,61486
13830,453181440,0.12141094782579417,3.0676528930664064,0.5567832469940186,,61472
13840,453509120,0.12111469057820282,3.0432411193847657,0.545608377456665,,61451
13850,453836800,0.12082044800240728,3.1159706115722656,0.5504427433013916,,61462
13860,454164480,0.12052822148060055,3.0563589096069337,0.5463141441345215,,61467
13870,454492160,0.12023801238550516,3.0346353530883787,0.53917236328125,,61483
13880,454819840,0.11994982208036684,3.0680145263671874,0.5524546146392822,,61475
13890,455147520,0.1196636519189481,3.051247406005859,0.5464351177215576,,61479
13900,455475200,0.11937950324552202,3.12844295501709,0.5550227642059327,,61481
13910,455802880,0.11909737739486582,3.0507104873657225,0.5428935050964355,,61463
13920,456130560,0.1188172756922545,3.024949836730957,0.5512484073638916,,61461
13930,456458240,0.1185391994534547,3.055183982849121,0.5415926456451416,,61461
13940,456785920,0.1182631499847186,3.06896915435791,0.557301139831543,,61488
13950,457113600,0.11798912858277767,3.0853652954101562,0.5473984718322754,,61485
13960,457441280,0.11771713653483655,3.0716787338256837,0.5480345726013184,,61475
13970,457768960,0.1174471751185673,3.090999984741211,0.543673038482666,,61479
13980,458096640,0.1171792456021029,3.029457664489746,0.5519539833068847,,61463
13990,458424320,0.11691334924403168,3.0786380767822266,0.5486661434173584,,61469
14000,458752000,0.11664948729339125,3.0692792892456056,0.5477749347686768,,61489
14010,459079680,0.1163876609896627,3.0176000595092773,0.5475869655609131,,61472
14020,459407360,0.11612787156276486,3.0646305084228516,0.5410072803497314,,61486
14030,459735040,0.11587012023304813,3.0454559326171875,0.5437986373901367,,61476
14040,460062720,0.1156144082112893,3.1251924514770506,0.5520521640777588,,61441
14050,460390400,0.11536073669868546,3.1514589309692385,0.5520200729370117,,61470
14060,460718080,0.11510910688684858,3.053925323486328,0.5468883037567138,,61455
14070,461045760,0.1148595199577997,3.034676170349121,0.5398585319519043,,61458
14080,461373440,0.11461197708396349,3.162014961242676,0.5541263103485108,,61443
14090,461701120,0.11436647942816297,3.0262752532958985,0.5536435127258301,,61454
14100,462028800,0.11412302814361354,3.034159469604492,0.5407558441162109,,61471
14110,462356480,0.11388162437391813,3.0567731857299805,0.5478784084320069,,61457
14120,462684160,0.11364226925306124,3.035049057006836,0.5459987163543701,,61478
14130,463011840,0.11340496390540424,3.019788932800293,0.5665632724761963,,61481
14140,463339520,0.1131697094456795,3.0677616119384767,0.5494685649871827,,61465
14150,463667200,0.11293650697898572,3.052960205078125,0.550555419921875,,61462
14160,463994880,0.11270535760078214,3.1071311950683596,0.5521385192871093,,61469
14170,464322560,0.11247626239688388,3.137306976318359,0.5566380023956299,,61473
14180,464650240,0.11224922244345657,3.0964376449584963,0.5474943161010742,,61464
14190,464977920,0.1120242388070114,3.0158973693847657,0.5381170272827148,,61478
14200,465305600,0.11180131254440019,3.063363456726074,0.5483289241790772,,61456
14210,465633280,0.1115804447028102,3.0269969940185546,0.5469425201416016,,61456
14220,465960960,0.11136163631975948,3.0930301666259767,0.5449579238891602,,61458
14230,466288640,0.11114488842309167,3.041805076599121,0.5432185649871826,,61466
14240,466616320,0.11093020203097147,3.090647315979004,0.5594146728515625,,61469
14250,466944000,0.11071757815187974,3.0566936492919923,0.546360445022583,,61470
14260,467271680,0.11050701778460868,3.086966896057129,0.5490482330322266,,61455
14270,467599360,0.11029852191825738,3.065897560119629,0.5477907180786132,,61468
14280,467927040,0.11009209153222692,3.0252407073974608,0.5451267719268799,,61444
14290,468254720,0.1098877275962159,3.0240591049194334,0.5450401782989502,,61455
14300,468582400,0.10968543107021578,3.0656740188598635,0.5501374244689942,,61465
14310,468910080,0.10948520290450654,3.0265243530273436,0.5557963371276855,,61475
14320,469237760,0.10928704403965202,3.071939468383789,0.5532276153564453,,61468
14330,469565440,0.10909095540649572,3.087042808532715,0.5521126747131347,,61460
14340,469893120,0.10889693792615628,3.021066093444824,0.563712739944458,,61434
14350,470220800,0.10870499251002304,3.0812501907348633,0.5531915187835693,,61459
14360,470548480,0.10851512005975213,3.0683088302612305,0.5526285648345948,,61479
14370,470876160,0.10832732146726176,3.0415971755981444,0.548107099533081,,61471
14380,471203840,0.10814159761472848,3.0768484115600585,0.5500195503234864,,61453
14390,471531520,0.10795794937458267,3.054843521118164,0.5458611965179443,,61447
14400,471859200,0.1077763776095048,3.046120834350586,0.5449255466461181,,61477
14410,472186880,0.107596883172421,3.0855716705322265,0.557804536819458,,61481
14420,472514560,0.10741946690649931,3.0456821441650392,0.5510985374450683,,61474
14430,472842240,0.10724412964514562,3.094484329223633,0.554789686203003,,61466
14440,473169920,0.10707087221199973,3.0247222900390627,0.5530041217803955,,61469
14450,473497600,0.10689969542093168,3.006552505493164,0.5504640102386474,,61457
14460,473825280,0.10673060007603764,3.012771224975586,0.5482901573181153,,61457
14470,474152960,0.10656358697163638,3.082455062866211,0.5528745174407959,,61481
14480,474480640,0.10639865689226519,3.077623748779297,0.5545844078063965,,61474
14490,474808320,0.10623581061267677,3.054974174499512,0.5482583045959473,,61457
14500,475136000,0.10607504889783496,3.0188739776611326,0.5471764087677002,,61468
14510,475463680,0.10591637250291171,3.050694465637207,0.5516156673431396,,61398
14520,475791360,0.10575978217328301,3.073008918762207,0.5562075614929199,,61442
14530,476119040,0.10560527864452576,3.0934469223022463,0.5499682903289795,,61474
14540,476446720,0.10545286264241416,3.0134252548217773,0.5560554981231689,,61452
14550,476774400,0.10530253488291638,3.087432861328125,0.5630184173583984,,61454
14560,477102080,0.1051542960721912,3.0646053314208985,0.5508185863494873,,61465
14570,477429760,0.10500814690658448,3.0449777603149415,0.5642081737518311,,61449
14580,477757440,0.10486408807262619,3.004018211364746,0.5604315757751465,,61448
14590,478085120,0.104722120247027,3.054919624328613,0.5530145645141602,,61459
14600,478412800,0.10458224409667521,3.065233039855957,0.5527445793151855,,61461
14610,478740480,0.10444446027863345,3.002346229553223,0.5494653701782226,,61467
14620,479068160,0.10430876944013576,3.072400665283203,0.5626243591308594,,61473
14630,479395840,0.10417517221858452,3.0847801208496093,0.5536756038665771,,61464
14640,479723520,0.1040436692415474,3.029113006591797,0.5553173542022705,,61475
14650,480051200,0.10391426112675443,3.058599090576172,0.5515636444091797,,61464
14660,480378880,0.10378694848209509,3.035749816894531,0.552831506729126,,61438
14670,480706560,0.10366173190561558,3.0086965560913086,0.5627016544342041,,61467
14680,481034240,0.10353861198551571,3.097874641418457,0.5581190109252929,,61448
14690,481361920,0.10341758930014654,3.0811100006103516,0.5552766799926758,,61463
14700,481689600,0.10329866441800734,3.0699005126953125,0.5515882492065429,,61489
14710,482017280,0.10318183789774295,3.0795961380004884,0.5550368309020997,,61480
14720,482344960,0.10306711028814143,3.020610237121582,0.5428791046142578,,61476
14730,482672640,0.10295448212813114,3.0507850646972656,0.5533915996551514,,61475
14740,483000320,0.10284395394677846,3.076417922973633,0.55770902633667,,61461
14750,483328000,0.10273552626328514,3.1019153594970703,0.5605262756347656,,61459
14760,483655680,0.10262919958698588,3.0378911972045897,0.5479043960571289,,61481
14770,483983360,0.10252497441734616,3.0641206741333007,0.5544472694396972,,61487
14780,484311040,0.10242285124395946,3.106854248046875,0.5613722324371337,,61473
14790,484638720,0.10232283054654547,3.015802192687988,0.5459086894989014,,61468
14800,484966400,0.10222491279494736,3.072915267944336,0.5493078708648682,,61458
14810,485294080,0.10212909844913001,3.0455989837646484,0.5512841224670411,,61400
14820,485621760,0.10203538795917738,3.0658679962158204,0.5503135681152344,,61473
14830,485949440,0.101943781765291,3.0036340713500977,0.5464354515075683,,61465
14840,486277120,0.10185428029778715,3.097026824951172,0.5612592697143555,,61477
14850,486604800,0.1017668839770955,3.096911811828613,0.5576172828674316,,61465
14860,486932480,0.10168159321375685,3.0536693572998046,0.5581514358520507,,61450
14870,487260160,0.10159840840842116,3.0396629333496095,0.5536200046539307,,61458
14880,487587840,0.1015173299518458,3.0476377487182615,0.5522037506103515,,61457
14890,487915520,0.10143835822489358,2.9739803314208983,0.5529832363128662,,61470
14900,488243200,0.10136149359853108,3.0485675811767576,0.5600720882415772,,61470
14910,488570880,0.10128673643382681,3.076912689208984,0.5571266174316406,,61477
14920,488898560,0.10121408708194966,3.0670724868774415,0.559141731262207,,61441
14930,489226240,0.10114354588416707,2.987358283996582,0.5519110679626464,,61447
14940,489553920,0.1010751131718435,3.0550025939941405,0.5513059139251709,,61470
14950,489881600,0.10100878926643891,3.1144435882568358,0.5555521011352539,,61422
14960,490209280,0.1009445744795073,3.045708656311035,0.5499545097351074,,61449
14970,490536960,0.10088246911269502,3.024368667602539,0.6223548412322998,,61451
14980,490864640,0.1008224734577396,3.0216085433959963,0.5541192531585694,,61453
14990,491192320,0.10076458779646827,3.0138940811157227,0.5515433311462402,,61468
15000,491520000,0.10070881240079659,3.0828420639038088,0.5557124137878418,,61490
15010,491847680,0.10065514753272739,3.087009048461914,0.5556248188018799,,61472
15020,492175360,0.10060359344434912,3.085236740112305,0.5571072101593018,,61480
15030,492503040,0.10055415037783517,3.0487136840820312,0.5555682182312012,,61465
15040,492830720,0.10050681856544236,3.0420705795288088,0.5505211353302002,,61462
15050,493158400,0.10046159822951001,3.0806549072265623,0.5535991191864014,,61462
15060,493486080,0.10041848958245882,3.055407905578613,0.5496890544891357,,61469
15070,493813760,0.10037749282679005,3.070870780944824,0.5570101261138916,,61462
15080,494141440,0.10033860815508432,2.9986570358276365,0.5607119560241699,,61463
15090,494469120,0.10030183575000079,3.002592086791992,0.5583272933959961,,61464
15100,494796800,0.10026717578427634,3.055643653869629,0.5539488792419434,,61445
15110,495124480,0.10023462842072489,2.980483818054199,0.5501148223876953,,61421
15120,495452160,0.1002041938122364,3.063874435424805,0.5555546760559082,,61462
15130,495779840,0.10017587210177614,3.0568832397460937,0.5554917335510254,,61460
15140,496107520,0.10014966342238431,3.050571250915527,0.5514179706573487,,61453
15150,496435200,0.10012556789717511,3.057106781005859,0.5610877513885498,,61460
15160,496762880,0.1001035856393363,3.1113990783691405,0.572504186630249,,61447
15170,497090560,0.1000837167521287,3.0275978088378905,0.560402250289917,,61458
15180,497418240,0.10006596132888562,3.0330677032470703,0.5544894218444825,,61463
15190,497745920,0.10005031945301247,3.0219194412231447,0.5562886714935302,,61456
15200,498073600,0.10003679119798632,3.0539566040039063,0.5570959091186524,,61454
15210,498401280,0.10002537662735562,3.0117813110351563,0.5509710788726807,,61443
15220,498728960,0.1000160757947399,3.123459815979004,0.5663550853729248,,61457
15230,499056640,0.10000888874382939,3.009332466125488,0.5501095294952393,,61452
15240,499384320,0.100003815508385,3.058047294616699,0.5536015033721924,,61464
15250,499712000,0.10000085611223805,3.0578964233398436,0.555672025680542,,61470
15258,499974144,0.1000000105692902,3.0603513717651367,0.5595386028289795,,61411
