step,tokens,lr_mult,loss,grad_norm,value_grad_norm,tok_s
10,327680,0.01310615989515072,10.796963500976563,6.954808044433594,,60550
20,655360,0.02621231979030144,10.426705932617187,4.409843063354492,,64479
30,983040,0.039318479685452164,10.167019653320313,2.2190889358520507,,64462
40,1310720,0.05242463958060288,10.024603271484375,1.9661081314086915,,64432
50,1638400,0.0655307994757536,9.819789123535156,2.3681154251098633,,64413
60,1966080,0.07863695937090433,9.617631530761718,2.3653942108154298,,64365
70,2293760,0.09174311926605505,9.419239807128907,1.7993677139282227,,64348
80,2621440,0.10484927916120576,9.20086212158203,2.001578521728516,,64347
90,2949120,0.11795543905635648,8.975876617431641,1.7608650207519532,,64372
100,3276800,0.1310615989515072,8.716336059570313,1.8277778625488281,,64369
110,3604480,0.14416775884665792,8.505673217773438,1.9075857162475587,,64375
120,3932160,0.15727391874180865,8.264356231689453,1.6562835693359375,,64367
130,4259840,0.17038007863695936,8.012197875976563,1.741964340209961,,64362
140,4587520,0.1834862385321101,7.821016693115235,1.64346923828125,,64359
150,4915200,0.1965923984272608,7.617737579345703,1.3030467987060548,,64340
160,5242880,0.20969855832241152,7.448444366455078,1.2409454345703126,,64346
170,5570560,0.22280471821756226,7.291297149658203,1.0311663627624512,,64333
180,5898240,0.23591087811271297,7.1529090881347654,1.0239526748657226,,64324
190,6225920,0.2490170380078637,7.070774841308594,0.9838555335998536,,64306
200,6553600,0.2621231979030144,6.9592140197753904,1.0672479629516602,,64288
210,6881280,0.27522935779816515,6.863920593261719,1.2430933952331542,,64236
220,7208960,0.28833551769331583,6.794475555419922,1.0634251594543458,,64296
230,7536640,0.30144167758846657,6.676067352294922,0.9945053100585938,,64275
240,7864320,0.3145478374836173,6.662250518798828,1.070497703552246,,64267
250,8192000,0.32765399737876805,6.537157440185547,0.9299033164978028,,64275
260,8519680,0.34076015727391873,6.513031005859375,1.0010787010192872,,64258
270,8847360,0.35386631716906947,6.4002532958984375,1.0547508239746093,,64255
280,9175040,0.3669724770642202,6.366010665893555,0.9877559661865234,,64258
290,9502720,0.3800786369593709,6.2959449768066404,0.9079962730407715,,64273
300,9830400,0.3931847968545216,6.267741394042969,0.9763520240783692,,64264
310,10158080,0.40629095674967236,6.1803955078125,0.7937070846557617,,64237
320,10485760,0.41939711664482304,6.162399673461914,1.0791634559631347,,64258
330,10813440,0.4325032765399738,6.1764404296875,1.1933191299438477,,64253
340,11141120,0.4456094364351245,6.078977966308594,0.902490234375,,64250
350,11468800,0.45871559633027525,6.01744270324707,0.8927865982055664,,64230
360,11796480,0.47182175622542594,5.990423202514648,0.9231369018554687,,64248
370,12124160,0.4849279161205767,5.9309242248535154,0.8963472366333007,,64231
380,12451840,0.4980340760157274,5.901292419433593,0.818733024597168,,64221
390,12779520,0.5111402359108781,5.865600967407227,0.9538919448852539,,64235
400,13107200,0.5242463958060288,5.855016708374023,0.815248966217041,,64239
410,13434880,0.5373525557011796,5.798412704467774,0.8289014816284179,,64211
420,13762560,0.5504587155963303,5.773624038696289,0.8060802459716797,,64225
430,14090240,0.563564875491481,5.700476837158203,0.8099802017211915,,64184
440,14417920,0.5766710353866317,5.739017105102539,0.8097685813903809,,64233
450,14745600,0.5897771952817824,5.630562591552734,0.8013099670410156,,64169
460,15073280,0.6028833551769331,5.53299560546875,0.7864009380340576,,64251
470,15400960,0.6159895150720839,5.579389190673828,0.8049633026123046,,64186
480,15728640,0.6290956749672346,5.498371887207031,0.8307707786560059,,64230
490,16056320,0.6422018348623854,5.5844062805175785,0.787814712524414,,64174
500,16384000,0.6553079947575361,5.531113815307617,0.7199213981628418,,64229
510,16711680,0.6684141546526867,5.475538635253907,0.7336746692657471,,64160
520,17039360,0.6815203145478375,5.474249649047851,0.8161959648132324,,64235
530,17367040,0.6946264744429882,5.450325393676758,0.8246188163757324,,64189
540,17694720,0.7077326343381389,5.428248596191406,0.7897733688354492,,64232
550,18022400,0.7208387942332897,5.316671752929688,0.7235230445861817,,64221
560,18350080,0.7339449541284404,5.36181869506836,0.7315500259399415,,64220
570,18677760,0.747051114023591,5.2733715057373045,0.7682376384735108,,64224
580,19005440,0.7601572739187418,5.302944946289062,0.7350517272949219,,64220
590,19333120,0.7732634338138925,5.306571197509766,0.7331212997436524,,64233
600,19660800,0.7863695937090432,5.232998275756836,0.7270886421203613,,64231
610,19988480,0.799475753604194,5.265288925170898,0.727568244934082,,64238
620,20316160,0.8125819134993447,5.186378479003906,0.688564682006836,,64211
630,20643840,0.8256880733944955,5.147817230224609,0.6960666179656982,,64222
640,20971520,0.8387942332896461,5.183030700683593,0.6835767269134522,,64224
650,21299200,0.8519003931847968,5.172151947021485,0.6846764564514161,,64237
660,21626880,0.8650065530799476,5.212505722045899,0.7027110576629638,,64232
670,21954560,0.8781127129750983,5.147189331054688,0.658154821395874,,64222
680,22282240,0.891218872870249,5.111457824707031,0.64021315574646,,64224
690,22609920,0.9043250327653998,5.0630443572998045,0.634683084487915,,64233
700,22937600,0.9174311926605505,5.060103988647461,0.8466486930847168,,64223
710,23265280,0.9305373525557011,5.035910415649414,0.696917724609375,,64169
720,23592960,0.9436435124508519,4.999793624877929,0.6297049522399902,,64220
730,23920640,0.9567496723460026,5.020779800415039,0.6415671348571778,,64225
740,24248320,0.9698558322411533,5.072410964965821,0.6657490253448486,,64223
750,24576000,0.9829619921363041,5.007336807250977,0.6572277545928955,,64226
760,24903680,0.9960681520314548,4.980888748168946,0.7833815097808838,,64230
770,25231360,0.999999619505605,4.908938217163086,0.6381906986236572,,64222
780,25559040,0.9999972942644099,4.971668243408203,0.6894192695617676,,64191
790,25886720,0.9999928551787042,4.861054992675781,0.6239791870117187,,64190
800,26214400,0.9999863022693405,4.890934753417969,0.6383236885070801,,64215
810,26542080,0.9999776355671006,4.895222473144531,0.6396351337432862,,64175
820,26869760,0.999966855112696,4.803602981567383,0.6162707805633545,,64219
830,27197440,0.9999539609567677,4.886182022094727,0.6184775352478027,,64225
840,27525120,0.9999389531598855,4.858592224121094,0.5813955783843994,,64198
850,27852800,0.9999218317925475,4.749746704101563,0.5787628650665283,,64237
860,28180480,0.9999025969351808,4.788871002197266,0.9224774360656738,,64220
870,28508160,0.9998812486781407,4.779196929931641,0.6807147979736328,,64224
880,28835840,0.9998577871217097,4.793924713134766,0.6096158981323242,,64223
890,29163520,0.9998322123760972,4.731365203857422,0.6235760688781739,,64230
900,29491200,0.9998045245614399,4.785394668579102,0.5801025867462158,,64223
910,29818880,0.9997747238078001,4.726520538330078,0.5745907306671143,,64214
920,30146560,0.9997428102551656,4.701287460327149,0.6384395599365235,,64201
930,30474240,0.9997087840534492,4.652295684814453,0.6203120708465576,,64209
940,30801920,0.9996726453624875,4.7307697296142575,0.5563703536987304,,64240
950,31129600,0.9996343943520406,4.760254669189453,0.5544675350189209,,64220
960,31457280,0.9995940312017911,4.670128631591797,0.5468883514404297,,64219
970,31784960,0.9995515561013435,4.618640518188476,0.5790567398071289,,64226
980,32112640,0.9995069692502226,4.674790573120117,0.5806200981140137,,64222
990,32440320,0.9994602708578736,4.590325927734375,0.5289345741271972,,64223
1000,32768000,0.9994114611436603,4.5488441467285154,0.5474240779876709,,64208
1010,33095680,0.9993605403368643,4.547900772094726,0.6301229000091553,,64206
1020,33423360,0.9993075086766843,4.493632125854492,0.5491991519927979,,64213
1030,33751040,0.999252366412234,4.489168548583985,0.573151969909668,,64226
1040,34078720,0.9991951138025426,4.521494674682617,0.5820422172546387,,64205
1050,34406400,0.9991357511165514,4.5012565612792965,0.5870835781097412,,64213
1060,34734080,0.9990742786331146,4.509075927734375,0.6394440174102783,,64206
1070,35061760,0.9990106966409968,4.525576400756836,0.5301184177398681,,64211
1080,35389440,0.9989450054388717,4.4190723419189455,0.5487154960632324,,64218
1090,35717120,0.9988772053353212,4.453392028808594,0.5497517108917236,,64210
1100,36044800,0.9988072966488337,4.4703208923339846,0.5590582847595215,,64210
1110,36372480,0.9987352797078023,4.444050598144531,0.5511334419250489,,64228
1120,36700160,0.998661154850524,4.44055290222168,0.5328055381774902,,64203
1130,37027840,0.9985849224251971,4.432350540161133,0.5341568946838379,,64217
1140,37355520,0.9985065827899208,4.393024444580078,0.5275988578796387,,64228
1150,37683200,0.998426136312692,4.369119644165039,0.5358861923217774,,64225
1160,38010880,0.9983435833714049,4.326318740844727,0.5154062271118164,,64225
1170,38338560,0.998258924353849,4.316774368286133,0.5254934310913086,,64202
1180,38666240,0.9981721596577064,4.375233459472656,0.5473689079284668,,64205
1190,38993920,0.9980832896905512,4.240614700317383,0.5408372402191162,,64212
1200,39321600,0.9979923148698461,4.226411056518555,0.5120733261108399,,64222
1210,39649280,0.9978992356229419,4.301245498657226,0.5189466953277588,,64223
1220,39976960,0.9978040523870747,4.267999649047852,0.540775203704834,,64209
1230,40304640,0.9977067656093641,4.239838790893555,0.5265250205993652,,64192
1240,40632320,0.9976073757468108,4.2303466796875,0.5465423583984375,,64206
1250,40960000,0.9975058832662946,4.255537796020508,0.5369001865386963,,64216
1260,41287680,0.9974022886445727,4.279206848144531,0.602365779876709,,64206
1270,41615360,0.9972965923682765,4.241078567504883,0.514567518234253,,64200
1280,41943040,0.9971887949339102,4.220187377929688,0.518425703048706,,64218
1290,42270720,0.9970788968478482,4.228448867797852,0.518238639831543,,64205
1300,42598400,0.996966898626332,4.227791976928711,0.5291245937347412,,64189
1310,42926080,0.9968528007954691,4.193291854858399,0.5216485500335694,,64206
1320,43253760,0.9967366038912294,4.136590957641602,0.5307916641235352,,64208
1330,43581440,0.9966183084594433,4.2576545715332035,0.5360854148864747,,64208
1340,43909120,0.996497915055799,4.202742385864258,0.5388963699340821,,64208
1350,44236800,0.9963754242458397,4.149641799926758,0.5101134300231933,,64205
1360,44564480,0.9962508366049612,4.169313049316406,0.5089710235595704,,64191
1370,44892160,0.9961241527184089,4.103675460815429,0.48800344467163087,,64193
1380,45219840,0.9959953731812754,4.160149383544922,0.5141701698303223,,64206
1390,45547520,0.9958644985984976,4.137347793579101,0.51788330078125,,64204
1400,45875200,0.9957315295848536,4.145868301391602,0.5145656108856201,,64187
1410,46202880,0.99559646676496,4.097026062011719,0.51173415184021,,64197
1420,46530560,0.9954593107732691,4.093194961547852,0.49939579963684083,,64203
1430,46858240,0.9953200622540659,4.080646514892578,0.49980616569519043,,64183
1440,47185920,0.9951787218614647,4.09990119934082,0.5192545413970947,,64198
1450,47513600,0.9950352902594064,4.082452392578125,0.5047983646392822,,64187
1460,47841280,0.9948897681216552,4.087226486206054,0.5319155216217041,,64182
1470,48168960,0.9947421561317958,4.0494739532470705,0.5031492710113525,,64203
1480,48496640,0.9945924549832297,4.092232513427734,0.5004417896270752,,64194
1490,48824320,0.9944406653791718,4.166607666015625,0.5128997802734375,,64209
1500,49152000,0.994286788032648,4.031476211547852,0.5394548416137696,,64196
1510,49479680,0.9941308236664911,4.055624771118164,0.5188381195068359,,64204
1520,49807360,0.9939727730133375,4.025308990478516,0.504117202758789,,64188
1530,50135040,0.9938126368156238,3.960162353515625,0.488770866394043,,64144
1540,50462720,0.9936504158255838,4.066654205322266,0.5027268409729004,,64177
1550,50790400,0.9934861108052436,3.9399627685546874,0.5188839435577393,,64179
1560,51118080,0.9933197225264201,4.00560417175293,0.49274272918701173,,64215
1570,51445760,0.9931512517707154,4.069237136840821,0.5211594581604004,,64214
1580,51773440,0.9929806993295143,3.978850555419922,0.48812570571899416,,64200
1590,52101120,0.99280806600398,3.993436813354492,0.4968231201171875,,64207
1600,52428800,0.9926333526050509,4.035591506958008,0.5033941745758057,,64203
1610,52756480,0.9924565599534364,3.973405456542969,0.5163866996765136,,64182
1620,53084160,0.9922776888796125,4.023199844360351,0.49865450859069826,,64180
1630,53411840,0.9920967402238197,4.028168106079102,0.4908904075622559,,64190
1640,53739520,0.9919137148360565,3.98303337097168,0.5053616523742676,,64180
1650,54067200,0.9917286135760778,3.961771011352539,0.4887673377990723,,64178
1660,54394880,0.9915414373133894,3.909108352661133,0.49973158836364745,,64184
1670,54722560,0.9913521869272444,3.9389274597167967,0.5597902297973633,,64176
1680,55050240,0.991160863306639,3.9384796142578127,0.4805201530456543,,64181
1690,55377920,0.9909674673503083,3.922160339355469,0.49156532287597654,,64192
1700,55705600,0.9907719999667222,4.015550231933593,0.4826365947723389,,64169
1710,56033280,0.990574462074081,3.9588973999023436,0.47150888442993166,,64202
1720,56360960,0.9903748546003112,3.973952865600586,0.48762664794921873,,64193
1730,56688640,0.9901731784830609,3.9465126037597655,0.496035099029541,,64214
1740,57016320,0.9899694346696959,3.9164196014404298,0.48226399421691896,,64201
1750,57344000,0.9897636241172943,3.9518764495849608,0.49590697288513186,,64196
1760,57671680,0.9895557477926437,3.962709426879883,0.49207253456115724,,64191
1770,57999360,0.9893458066722344,3.9207691192626952,0.4827399730682373,,64193
1780,58327040,0.9891338017422565,3.9170093536376953,0.4836933135986328,,64175
1790,58654720,0.988919733998595,3.9146163940429686,0.49225554466247556,,64173
1800,58982400,0.9887036044468247,3.9458328247070313,0.48268780708312986,,64181
1810,59310080,0.9884854141022056,3.888180160522461,0.48849334716796877,,64185
1820,59637760,0.9882651639896781,3.8942821502685545,0.4967482566833496,,64185
1830,59965440,0.9880428551438585,3.9354293823242186,0.5066782474517822,,64186
1840,60293120,0.9878184886090338,3.861022186279297,0.4971060276031494,,64177
1850,60620800,0.9875920654391568,3.865203857421875,0.5040845394134521,,64153
1860,60948480,0.9873635866978416,3.917227554321289,0.48918862342834474,,64170
1870,61276160,0.987133053458358,3.9748199462890623,0.47517004013061526,,64175
1880,61603840,0.9869004668036266,3.9034252166748047,0.4858410835266113,,64189
1890,61931520,0.9866658278262145,3.8528038024902345,0.486797571182251,,64176
1900,62259200,0.9864291376283284,3.844105529785156,0.48683319091796873,,64167
1910,62586880,0.9861903973218116,3.8850780487060548,0.4708747386932373,,64164
1920,62914560,0.9859496080281371,3.8554901123046874,0.48982925415039064,,64180
1930,63242240,0.9857067708784032,3.7974761962890624,0.4934693813323975,,64184
1940,63569920,0.9854618870133276,3.8351119995117187,0.519923210144043,,64173
1950,63897600,0.9852149575832427,3.8060329437255858,0.4831091403961182,,64164
1960,64225280,0.9849659837480899,3.8197296142578123,0.49050536155700686,,64175
1970,64552960,0.9847149666774135,3.8541698455810547,0.492523193359375,,64182
1980,64880640,0.9844619075503569,3.8294178009033204,0.49602680206298827,,64180
1990,65208320,0.9842068075556548,3.8122482299804688,0.4929166793823242,,64184
2000,65536000,0.9839496678916297,3.8008197784423827,0.4853616237640381,,64178
2010,65863680,0.9836904897661849,3.786439895629883,0.48979687690734863,,64168
2020,66191360,0.9834292743967993,3.807322311401367,0.47278404235839844,,64171
2030,66519040,0.9831660230105219,3.815938186645508,0.47891621589660643,,64177
2040,66846720,0.9829007368439657,3.8353755950927733,0.4778477191925049,,64175
2050,67174400,0.9826334171433019,3.809192657470703,0.5074670791625977,,64177
2060,67502080,0.9823640651642543,3.8274234771728515,0.4795203685760498,,64191
2070,67829760,0.9820926821720932,3.755036163330078,0.4920924186706543,,64188
2080,68157440,0.9818192694416293,3.8043628692626954,0.4820037841796875,,64175
2090,68485120,0.9815438282572083,3.825062561035156,0.47460198402404785,,64175
2100,68812800,0.9812663599127042,3.7610660552978517,0.47985186576843264,,64171
2110,69140480,0.9809868657115136,3.7522029876708984,0.48874869346618655,,64188
2120,69468160,0.9807053469665494,3.8196929931640624,0.4832607746124268,,64179
2130,69795840,0.980421805000235,3.75196533203125,0.48478021621704104,,64193
2140,70123520,0.9801362411444974,3.7910160064697265,0.4817007064819336,,64158
2150,70451200,0.9798486567407615,3.767729568481445,0.49267377853393557,,64173
2160,70778880,0.9795590531399438,3.755355453491211,0.4841470718383789,,64180
2170,71106560,0.9792674317024457,3.7532901763916016,0.4746852397918701,,64187
2180,71434240,0.9789737937981473,3.806201171875,0.5168724536895752,,64208
2190,71761920,0.9786781408064011,3.781787872314453,0.4766868591308594,,64202
2200,72089600,0.9783804741160256,3.759455108642578,0.4972520351409912,,64192
2210,72417280,0.978080795125298,3.7341777801513674,0.4808218955993652,,64181
2220,72744960,0.9777791052419487,3.7493080139160155,0.47297892570495603,,64196
2230,73072640,0.9774754058831538,3.7486621856689455,0.46485190391540526,,64207
2240,73400320,0.9771696984755293,3.755978012084961,0.5101024150848389,,64201
2250,73728000,0.9768619844551234,3.7347740173339843,0.4865294933319092,,64209
2260,74055680,0.9765522652674108,3.7041790008544924,0.4714369297027588,,64183
2270,74383360,0.976240542367285,3.791300582885742,0.47163166999816897,,64189
2280,74711040,0.9759268172190521,3.809223175048828,0.47869148254394533,,64203
2290,75038720,0.9756110912964235,3.7476367950439453,0.48603219985961915,,64188
2300,75366400,0.9752933660825093,3.717641067504883,0.46028757095336914,,64184
2310,75694080,0.9749736430698112,3.695757293701172,0.4692774772644043,,64184
2320,76021760,0.9746519237602153,3.735768127441406,0.4875767707824707,,64172
2330,76349440,0.9743282096649852,3.734882354736328,0.4883268356323242,,64196
2340,76677120,0.9740025023047555,3.6493255615234377,0.4683540344238281,,64188
2350,77004800,0.9736748032095234,3.7127426147460936,0.4756050109863281,,64186
2360,77332480,0.9733451139186423,3.8013736724853517,0.5083625793457032,,64200
2370,77660160,0.973013435980815,3.7017112731933595,0.48189606666564944,,64194
2380,77987840,0.9726797709540852,3.752398681640625,0.4759042263031006,,64194
2390,78315520,0.9723441204058314,3.7319061279296877,0.4838916778564453,,64205
2400,78643200,0.9720064859127585,3.708346939086914,0.466888952255249,,64192
2410,78970880,0.9716668690608914,3.719272994995117,0.46396570205688475,,64111
2420,79298560,0.9713252714455668,3.710535430908203,0.46925721168518064,,64185
2430,79626240,0.9709816946714261,3.74796142578125,0.46416893005371096,,64170
2440,79953920,0.9706361403524074,3.7735218048095702,0.47988247871398926,,64154
2450,80281600,0.9702886101117387,3.731135940551758,0.4777949810028076,,64165
2460,80609280,0.9699391055819293,3.724945831298828,0.5065157890319825,,64155
2470,80936960,0.9695876284047632,3.7704399108886717,0.4770533084869385,,64155
2480,81264640,0.9692341802312905,3.683483123779297,0.49158320426940916,,64166
2490,81592320,0.9688787627218198,3.7656013488769533,0.470102596282959,,64170
2500,81920000,0.9685213775459112,3.713854217529297,0.49964590072631837,,64170
2510,82247680,0.968162026382367,3.6115768432617186,0.4753072261810303,,64162
2520,82575360,0.9678007109192254,3.6589771270751954,0.48337883949279786,,64178
2530,82903040,0.9674374328537514,3.587828826904297,0.46890058517456057,,64166
2540,83230720,0.9670721938924294,3.666709136962891,0.4675278663635254,,64171
2550,83558400,0.966704995750955,3.7457088470458983,0.49716577529907224,,64165
2560,83886080,0.9663358401542269,3.6661720275878906,0.4768206596374512,,64170
2570,84213760,0.965964728836339,3.694595718383789,0.4550760269165039,,64168
2580,84541440,0.9655916635405721,3.763558197021484,0.5611988544464112,,64174
2590,84869120,0.9652166460193854,3.7267932891845703,0.49363908767700193,,64158
2600,85196800,0.9648396780344092,3.6405101776123048,0.4729654788970947,,64153
2610,85524480,0.9644607613564357,3.6247711181640625,0.4750494956970215,,64100
2620,85852160,0.9640798977654107,3.683772659301758,0.4677556037902832,,64155
2630,86179840,0.9636970890504263,3.6256874084472654,0.48271980285644533,,64158
2640,86507520,0.963312337009711,3.7013313293457033,0.48501124382019045,,64156
2650,86835200,0.9629256434506225,3.675634765625,0.4714859962463379,,64153
2660,87162880,0.9625370101896386,3.590948486328125,0.497730016708374,,64166
2670,87490560,0.9621464390523483,3.6760650634765626,0.4766530990600586,,64173
2680,87818240,0.9617539318734444,3.6841487884521484,0.499788236618042,,64164
2690,88145920,0.9613594904967137,3.635818862915039,0.46772122383117676,,64154
2700,88473600,0.9609631167750291,3.6607715606689455,0.4806822299957275,,64161
2710,88801280,0.9605648125703407,3.6569873809814455,0.49295597076416015,,64162
2720,89128960,0.9601645797536662,3.7183391571044924,0.48945016860961915,,64146
2730,89456640,0.959762420205084,3.680286407470703,0.48160247802734374,,64166
2740,89784320,0.9593583358137223,3.6679912567138673,0.47815423011779784,,64171
2750,90112000,0.9589523284777519,3.659450912475586,0.4816643238067627,,64109
2760,90439680,0.9585444001043758,3.654441070556641,0.46648507118225097,,64171
2770,90767360,0.9581345526098218,3.5791873931884766,0.4595051288604736,,64171
2780,91095040,0.9577227879193322,3.569252777099609,0.46944313049316405,,64165
2790,91422720,0.9573091079671553,3.642764663696289,0.4693721294403076,,64171
2800,91750400,0.9568935146965365,3.6207157135009767,0.4765785694122314,,64156
2810,92078080,0.9564760100597085,3.6594810485839844,0.4748413562774658,,64099
2820,92405760,0.956056596017883,3.5743499755859376,0.47417492866516114,,64169
2830,92733440,0.9556352745412409,3.6494373321533202,0.4840405464172363,,64185
2840,93061120,0.9552120476089232,3.5909191131591798,0.48191189765930176,,64173
2850,93388800,0.9547869172090215,3.6632465362548827,0.4776647090911865,,64170
2860,93716480,0.9543598853385692,3.6232166290283203,0.4636362552642822,,64162
2870,94044160,0.9539309540035318,3.6563262939453125,0.47010416984558107,,64162
2880,94371840,0.953500125218797,3.619947052001953,0.4692970275878906,,64134
2890,94699520,0.9530674010081663,3.5860958099365234,0.48440752029418943,,64146
2900,95027200,0.9526327834043443,3.5609004974365233,0.46549167633056643,,64149
2910,95354880,0.9521962744489302,3.6681365966796875,0.4717566967010498,,64114
2920,95682560,0.9517578761924075,3.612898254394531,0.48032150268554685,,64135
2930,96010240,0.9513175906941347,3.606108856201172,0.4657938003540039,,64172
2940,96337920,0.9508754200223356,3.595636749267578,0.4850461006164551,,64161
2950,96665600,0.9504313662540893,3.590937042236328,0.4799056053161621,,64151
2960,96993280,0.949985431475321,3.5412368774414062,0.45174174308776854,,64154
2970,97320960,0.9495376177807917,3.6304187774658203,0.4753879070281982,,64160
2980,97648640,0.9490879272740883,3.6068561553955076,0.4847721576690674,,64168
2990,97976320,0.9486363620676144,3.5843570709228514,0.4726102828979492,,64146
3000,98304000,0.9481829242825798,3.6057407379150392,0.4624788284301758,,64152
3010,98631680,0.9477276160489903,3.622340774536133,0.46793441772460936,,64118
3020,98959360,0.9472704395056386,3.569354248046875,0.484202241897583,,64152
3030,99287040,0.9468113968000933,3.5584007263183595,0.4790107250213623,,64152
3040,99614720,0.9463504900886894,3.6373096466064454,0.46535520553588866,,64165
3050,99942400,0.9458877215365181,3.5990322113037108,0.4794492721557617,,64161
3060,100270080,0.9454230933174161,3.6076080322265627,0.48718109130859377,,64147
3070,100597760,0.9449566076139565,3.615031433105469,0.46728882789611814,,64160
3080,100925440,0.944488266617437,3.6150482177734373,0.48860692977905273,,64163
3090,101253120,0.9440180725278713,3.657163619995117,0.5124001026153564,,64141
3100,101580800,0.9435460275539773,3.575520706176758,0.49013686180114746,,64136
3110,101908480,0.9430721339131679,3.6037384033203126,0.476227855682373,,64121
3120,102236160,0.9425963938315396,3.5581806182861326,0.46637706756591796,,64127
3130,102563840,0.9421188095438624,3.576176071166992,0.466766881942749,,64128
3140,102891520,0.94163938329357,3.645964813232422,0.4862494468688965,,64128
3150,103219200,0.9411581173327482,3.592483901977539,0.46851544380187987,,64128
3160,103546880,0.9406750139221247,3.6123653411865235,0.46701526641845703,,64119
3170,103874560,0.9401900753310587,3.559429168701172,0.4628307342529297,,64124
3180,104202240,0.9397033038375302,3.524995040893555,0.46558537483215334,,64120
3190,104529920,0.9392147017281288,3.6164627075195312,0.48386340141296386,,64129
3200,104857600,0.9387242712980439,3.5924446105957033,0.4948225498199463,,64132
3210,105185280,0.9382320148510529,3.587932586669922,0.4883756160736084,,64082
3220,105512960,0.937737934699511,3.5736881256103517,0.4806698799133301,,64141
3230,105840640,0.9372420331643404,3.580892562866211,0.4791582107543945,,64154
3240,106168320,0.9367443125750188,3.5455657958984377,0.48221240043640134,,64152
3250,106496000,0.936244775269569,3.575168228149414,0.4793036460876465,,64148
3260,106823680,0.9357434235945475,3.519603729248047,0.46140127182006835,,64154
3270,107151360,0.9352402599050346,3.501445007324219,0.4885384559631348,,64160
3280,107479040,0.9347352865646213,3.5848045349121094,0.47653632164001464,,64145
3290,107806720,0.9342285059454002,3.501191329956055,0.4566336154937744,,64133
3300,108134400,0.9337199204279533,3.519429397583008,0.4583735942840576,,64137
3310,108462080,0.9332095324013407,3.5925930023193358,0.4663647174835205,,64128
3320,108789760,0.93269734426309,3.6112625122070314,0.4932685852050781,,64153
3330,109117440,0.9321833584191851,3.636684799194336,0.4968317985534668,,64145
3340,109445120,0.9316675772840538,3.526053237915039,0.48361883163452146,,64124
3350,109772800,0.9311500032805579,3.5808319091796874,0.4936570644378662,,64159
3360,110100480,0.9306306388399807,3.564281463623047,0.49271278381347655,,64139
3370,110428160,0.9301094864020161,3.556489181518555,0.48161954879760743,,64147
3380,110755840,0.929586548414757,3.5780750274658204,0.46266584396362304,,64146
3390,111083520,0.929061827334684,3.4763240814208984,0.4700605392456055,,64145
3400,111411200,0.928535325626654,3.567491149902344,0.47010269165039065,,64134
3410,111738880,0.9280070457638875,3.6099384307861326,0.4981217861175537,,64081
3420,112066560,0.9274769902279585,3.5436351776123045,0.48836145401000974,,64150
3430,112394240,0.9269451615087818,3.531927490234375,0.48947319984436033,,64144
3440,112721920,0.926411562104602,3.547209548950195,0.4728726863861084,,64154
3450,113049600,0.9258761945219811,3.49597053527832,0.46924939155578616,,64140
3460,113377280,0.9253390612757871,3.5162590026855467,0.4672249794006348,,64156
3470,113704960,0.9248001648891824,3.5877449035644533,0.4812617778778076,,64161
3480,114032640,0.9242595078936112,3.5732532501220704,0.4727904796600342,,64164
3490,114360320,0.9237170928287887,3.5223899841308595,0.4743262767791748,,64163
3500,114688000,0.923172922242688,3.5964885711669923,0.4621668815612793,,64165
3510,115015680,0.922626998691529,3.5306350708007814,0.4765420913696289,,64104
3520,115343360,0.922079324739766,3.4975433349609375,0.46915578842163086,,64128
3530,115671040,0.9215299029600759,3.537547302246094,0.47022132873535155,,64155
3540,115998720,0.9209787359333456,3.547524642944336,0.47205386161804197,,64137
3550,116326400,0.9204258262486603,3.5438838958740235,0.47370138168334963,,64153
3560,116654080,0.9198711765032919,3.5028568267822267,0.4775506019592285,,64165
3570,116981760,0.9193147893026851,3.4698806762695313,0.47289266586303713,,64151
3580,117309440,0.9187566672604472,3.5170833587646486,0.47005376815795896,,64143
3590,117637120,0.9181968129983342,3.5221805572509766,0.46303162574768064,,64148
3600,117964800,0.9176352291462395,3.527741622924805,0.462819766998291,,64148
3610,118292480,0.9170719183421812,3.5627552032470704,0.4688703536987305,,64123
3620,118620160,0.9165068832322891,3.5203105926513674,0.47461881637573244,,64147
3630,118947840,0.9159401264707938,3.4954532623291015,0.46127142906188967,,64147
3640,119275520,0.9153716507200125,3.5209915161132814,0.478487491607666,,64157
3650,119603200,0.9148014586503377,3.5994144439697267,0.4772226810455322,,64158
3660,119930880,0.9142295529402239,3.5277851104736326,0.4724541187286377,,64143
3670,120258560,0.9136559362761759,3.5116813659667967,0.4577430248260498,,64122
3680,120586240,0.9130806113527351,3.5124439239501952,0.49947733879089357,,64152
3690,120913920,0.9125035808724679,3.5507839202880858,0.4658970832824707,,64172
3700,121241600,0.9119248475459516,3.471394729614258,0.459926176071167,,64143
3710,121569280,0.9113444140917637,3.531626892089844,0.4616858005523682,,64084
3720,121896960,0.9107622832364672,3.470072937011719,0.46490631103515623,,64154
3730,122224640,0.9101784577145987,3.4925205230712892,0.4668459415435791,,64158
3740,122552320,0.9095929402686556,3.4789867401123047,0.47101469039916993,,64153
3750,122880000,0.9090057336490831,3.5553760528564453,0.4776299476623535,,64140
3760,123207680,0.908416840614261,3.516958236694336,0.49457640647888185,,64149
3770,123535360,0.9078262639304908,3.5829345703125,0.49459500312805177,,64147
3780,123863040,0.9072340063719835,3.4867523193359373,0.4935641288757324,,64158
3790,124190720,0.9066400707208456,3.455974578857422,0.47892050743103026,,64159
3800,124518400,0.906044459767066,3.5450958251953124,0.4779060840606689,,64156
3810,124846080,0.905447176308504,3.5273056030273438,0.4774050712585449,,64096
3820,125173760,0.9048482231508749,3.4571624755859376,0.46857943534851076,,64143
3830,125501440,0.9042476031077374,3.5129421234130858,0.46734108924865725,,64130
3840,125829120,0.9036453190004807,3.4970119476318358,0.4918679237365723,,64148
3850,126156800,0.9030413736583102,3.542047119140625,0.4767219066619873,,64172
3860,126484480,0.9024357699182355,3.503160858154297,0.47521514892578126,,64173
3870,126812160,0.9018285106250563,3.502519226074219,0.4945277214050293,,64170
3880,127139840,0.901219598631349,3.485477066040039,0.4708105564117432,,64170
3890,127467520,0.9006090367974537,3.5025794982910154,0.46898412704467773,,64187
3900,127795200,0.8999968279914605,3.4761798858642576,0.47908568382263184,,64165
3910,128122880,0.8993829750891961,3.5538429260253905,0.5039499282836915,,64169
3920,128450560,0.8987674809742102,3.4916526794433596,0.4774349212646484,,64170
3930,128778240,0.8981503485377622,3.5260738372802733,0.47801008224487307,,64151
3940,129105920,0.8975315806788072,3.4721961975097657,0.465638542175293,,64148
3950,129433600,0.8969111803039826,3.514556884765625,0.46033968925476076,,64174
3960,129761280,0.8962891503275952,3.462302398681641,0.4635371208190918,,64131
3970,130088960,0.8956654936716058,3.503337097167969,0.47934160232543943,,64134
3980,130416640,0.8950402132656169,3.5289512634277345,0.47107887268066406,,64170
3990,130744320,0.8944133120468587,3.4751476287841796,0.48996973037719727,,64165
4000,131072000,0.8937847929601748,3.4878265380859377,0.48273167610168455,,64162
4010,131399680,0.8931546589580086,3.5076225280761717,0.4835679531097412,,64090
4020,131727360,0.8925229130003902,3.5493045806884767,0.47060337066650393,,64122
4030,132055040,0.8918895580549208,3.4729976654052734,0.48776793479919434,,64161
4040,132382720,0.8912545970967604,3.5046756744384764,0.46227073669433594,,64171
4050,132710400,0.8906180331086129,3.490751266479492,0.4723217487335205,,64187
4060,133038080,0.8899798690807127,3.470570755004883,0.47676892280578614,,64167
4070,133365760,0.8893401080108099,3.5577720642089843,0.4842930793762207,,64169
4080,133693440,0.8886987529041569,3.4763465881347657,0.4640040397644043,,64176
4090,134021120,0.888055806773494,3.5088172912597657,0.49824137687683107,,64180
4100,134348800,0.8874112726390354,3.4616809844970704,0.4853338718414307,,64172
4110,134676480,0.8867651535284545,3.5139598846435547,0.4758126258850098,,64170
4120,135004160,0.8861174524768703,3.475874328613281,0.4644613265991211,,64156
4130,135331840,0.8854681725268331,3.4991275787353517,0.47530317306518555,,64181
4140,135659520,0.8848173167283098,3.519511413574219,0.4706588268280029,,64190
4150,135987200,0.8841648881386694,3.48841552734375,0.4666309833526611,,64195
4160,136314880,0.88351088982267,3.5028934478759766,0.4714939594268799,,64166
4170,136642560,0.8828553248524423,3.4601673126220702,0.47075634002685546,,64166
4180,136970240,0.8821981963074773,3.4972747802734374,0.4824540138244629,,64175
4190,137297920,0.8815395072746101,3.4991825103759764,0.4777352333068848,,64165
4200,137625600,0.8808792608480065,3.4299144744873047,0.4709498882293701,,64150
4210,137953280,0.8802174601291479,3.5014034271240235,0.4680375099182129,,64168
4220,138280960,0.8795541082268172,3.4726654052734376,0.4716963768005371,,64173
4230,138608640,0.8788892082570837,3.514166259765625,0.4607100009918213,,64167
4240,138936320,0.8782227633432887,3.481765365600586,0.46297664642333985,,64170
4250,139264000,0.877554776616031,3.4567234039306642,0.4657747745513916,,64154
4260,139591680,0.8768852512131515,3.464711380004883,0.46918587684631347,,64160
4270,139919360,0.8762141902797198,3.4759178161621094,0.4786678314208984,,64166
4280,140247040,0.8755415969680176,3.468639373779297,0.4838475227355957,,64215
4290,140574720,0.8748674744375259,3.515940475463867,0.4803586959838867,,64212
4300,140902400,0.8741918258549084,3.441068649291992,0.46365933418273925,,64225
4310,141230080,0.8735146543939974,3.499233627319336,0.4704555034637451,,64263
4320,141557760,0.8728359632357797,3.4435142517089843,0.4734503269195557,,64300
4330,141885440,0.8721557555683797,3.472493362426758,0.4766680717468262,,64342
4340,142213120,0.8714740345870462,3.4228897094726562,0.489178466796875,,64382
4350,142540800,0.8707908034941365,3.479380798339844,0.48609609603881837,,64379
4360,142868480,0.8701060654991017,3.471956253051758,0.4868021011352539,,64368
4370,143196160,0.8694198238184716,3.4677616119384767,0.47460169792175294,,64380
4380,143523840,0.8687320816758393,3.437069320678711,0.4761230945587158,,64378
4390,143851520,0.8680428423018461,3.455535888671875,0.46705970764160154,,64374
4400,144179200,0.8673521089341671,3.4305309295654296,0.46970014572143554,,64381
4410,144506880,0.866659884817495,3.460051345825195,0.49051079750061033,,64375
4420,144834560,0.865966173203525,3.421660614013672,0.4838980197906494,,64394
4430,145162240,0.86527097735094,3.478422927856445,0.4938221454620361,,64384
4440,145489920,0.8645743005253953,3.494824981689453,0.47452487945556643,,64411
4450,145817600,0.8638761459995025,3.4402862548828126,0.4756490707397461,,64406
4460,146145280,0.8631765170528151,3.4323890686035154,0.47155156135559084,,64402
4470,146472960,0.8624754169718122,3.395478439331055,0.48632006645202636,,64397
4480,146800640,0.8617728490498839,3.4447025299072265,0.4814403533935547,,64407
4490,147128320,0.8610688165873153,3.29894905090332,0.46524910926818847,,64391
4500,147456000,0.860363322891271,3.4026561737060548,0.47467737197875975,,64406
4510,147783680,0.8596563712757798,3.415281295776367,0.48508648872375487,,64416
4520,148111360,0.8589479650617188,3.4051498413085937,0.4727963447570801,,64402
4530,148439040,0.8582381075767984,3.413056182861328,0.4684451580047607,,64383
4540,148766720,0.8575268021555462,3.4505889892578123,0.47156639099121095,,64398
4550,149094400,0.8568140521392911,3.4492034912109375,0.462067985534668,,64398
4560,149422080,0.8560998608761481,3.44371337890625,0.4714838981628418,,64417
4570,149749760,0.8553842317210026,3.473012924194336,0.4624958515167236,,64412
4580,150077440,0.8546671680354943,3.4151554107666016,0.45456757545471194,,64348
4590,150405120,0.8539486731880013,3.446183776855469,0.46230297088623046,,64378
4600,150732800,0.8532287505536249,3.399201202392578,0.45795297622680664,,64382
4610,151060480,0.8525074035141732,3.4578433990478517,0.4741044044494629,,64403
4620,151388160,0.8517846354581458,3.4492855072021484,0.46960105895996096,,64399
4630,151715840,0.8510604497807165,3.4450759887695312,0.49267020225524905,,64390
4640,152043520,0.8503348498837191,3.3938697814941405,0.4910168170928955,,64392
4650,152371200,0.8496078391756305,3.4490013122558594,0.47823348045349123,,64384
4660,152698880,0.8488794210715549,3.3960346221923827,0.47064595222473143,,64404
4670,153026560,0.8481495989932074,3.406706619262695,0.45974178314208985,,64393
4680,153354240,0.8474183763688985,3.466783142089844,0.46868114471435546,,64390
4690,153681920,0.8466857566335172,3.425288772583008,0.4612316131591797,,64383
4700,154009600,0.8459517432285163,3.4729705810546876,0.4852940559387207,,64398
4710,154337280,0.8452163396018946,3.411823272705078,0.4775990962982178,,64366
4720,154664960,0.8444795492081815,3.429144287109375,0.4742729663848877,,64375
4730,154992640,0.8437413755084207,3.4607181549072266,0.49254493713378905,,64382
4740,155320320,0.8430018219701542,3.4596179962158202,0.47941317558288576,,64388
4750,155648000,0.8422608920674052,3.4240253448486326,0.4792480945587158,,64387
4760,155975680,0.841518589280663,3.4648021697998046,0.46749215126037597,,64385
4770,156303360,0.8407749170968652,3.4388858795166017,0.4791404724121094,,64388
4780,156631040,0.8400298790093831,3.3884201049804688,0.46829824447631835,,64390
4790,156958720,0.8392834785180031,3.394002914428711,0.4714524269104004,,64386
4800,157286400,0.8385357191289123,3.419939422607422,0.4752220630645752,,64361
4810,157614080,0.837786604354681,3.4173965454101562,0.4713468074798584,,64388
4820,157941760,0.8370361377142459,3.4522464752197264,0.4774603366851807,,64383
4830,158269440,0.8362843227328948,3.355809783935547,0.47651329040527346,,64395
4840,158597120,0.8355311629422486,3.372584915161133,0.4738090991973877,,64383
4850,158924800,0.8347766618802456,3.3910274505615234,0.47001986503601073,,64387
4860,159252480,0.8340208230911248,3.401983642578125,0.46596059799194334,,64369
4870,159580160,0.8332636501254091,3.394734573364258,0.46806988716125486,,64387
4880,159907840,0.8325051465398888,3.433721160888672,0.4794930458068848,,64374
4890,160235520,0.8317453158976044,3.4432918548583986,0.473020076751709,,64381
4900,160563200,0.8309841617678299,3.3459140777587892,0.4722895622253418,,64389
4910,160890880,0.8302216877260572,3.4007312774658205,0.471516752243042,,64385
4920,161218560,0.829457897353978,3.403957748413086,0.4774790287017822,,64369
4930,161546240,0.8286927942394671,3.373421859741211,0.48688678741455077,,64363
4940,161873920,0.8279263819765664,3.434470367431641,0.4942685604095459,,64362
4950,162201600,0.827158664165467,3.386369323730469,0.4750058174133301,,64399
4960,162529280,0.8263896444124933,3.393111801147461,0.4760103225708008,,64384
4970,162856960,0.825619326330085,3.351421356201172,0.4759092330932617,,64378
4980,163184640,0.8248477135367809,3.390187454223633,0.4769740581512451,,64376
4990,163512320,0.8240748096572016,3.3541255950927735,0.4810323238372803,,64386
5000,163840000,0.8233006183220325,3.3517650604248046,0.4770988464355469,,64393
5010,164167680,0.8225251431680068,3.411152648925781,0.4670427322387695,,64413
5020,164495360,0.8217483878378885,3.3322826385498048,0.46956405639648435,,64391
5030,164823040,0.8209703559804551,3.3979896545410155,0.47603645324707033,,64386
5040,165150720,0.8201910512504803,3.435080718994141,0.4758279323577881,,64383
5050,165478400,0.8194104773087175,3.440928649902344,0.4759251117706299,,64397
5060,165806080,0.8186286378218818,3.3770538330078126,0.4674936294555664,,64401
5070,166133760,0.8178455364626335,3.364247131347656,0.4737880229949951,,64405
5080,166461440,0.8170611769095599,3.3104984283447267,0.4726977825164795,,64408
5090,166789120,0.8162755628471595,3.296798324584961,0.4761970520019531,,64386
5100,167116800,0.815488697965823,3.370425796508789,0.4817185878753662,,64376
5110,167444480,0.8147005859618172,3.4398670196533203,0.4984907627105713,,64374
5120,167772160,0.813911230537267,3.339996337890625,0.4705495834350586,,64373
5130,168099840,0.8131206354001385,3.4235816955566407,0.47986636161804197,,64385
5140,168427520,0.8123288042642208,3.3216018676757812,0.46760334968566897,,64387
5150,168755200,0.8115357408491098,3.3719005584716797,0.4776280879974365,,64379
5160,169082880,0.8107414488801894,3.401780700683594,0.47888407707214353,,64383
5170,169410560,0.8099459320886147,3.41478271484375,0.4790024757385254,,64378
5180,169738240,0.8091491942112942,3.4115955352783205,0.48572735786437987,,64381
5190,170065920,0.8083512389908728,3.3619316101074217,0.48292055130004885,,64350
5200,170393600,0.8075520701757136,3.4307525634765623,0.4663792610168457,,64358
5210,170721280,0.8067516915198807,3.4098274230957033,0.47522683143615724,,64377
5220,171048960,0.8059501067831211,3.4005592346191404,0.4807826042175293,,64376
5230,171376640,0.8051473197308472,3.3573631286621093,0.48369932174682617,,64375
5240,171704320,0.8043433341341197,3.3636959075927733,0.4779301643371582,,64363
5250,172032000,0.8035381537696291,3.428813934326172,0.49366064071655275,,64343
5260,172359680,0.8027317824196785,3.427063751220703,0.4815013885498047,,64374
5270,172687360,0.8019242238721653,3.375914764404297,0.47594027519226073,,64360
5280,173015040,0.8011154819205639,3.3498199462890623,0.47046842575073244,,64354
5290,173342720,0.8003055603639075,3.3835418701171873,0.4731162071228027,,64347
5300,173670400,0.799494463006771,3.3844326019287108,0.47250819206237793,,64383
5310,173998080,0.7986821936592519,3.4202835083007814,0.47886857986450193,,64366
5320,174325760,0.7978687561369534,3.407518768310547,0.49073166847229005,,64379
5330,174653440,0.7970541542609662,3.3803768157958984,0.47186765670776365,,64388
5340,174981120,0.7962383918578503,3.3549358367919924,0.470957088470459,,64378
5350,175308800,0.7954214727596175,3.4513187408447266,0.5020858764648437,,64376
5360,175636480,0.794603400803713,3.3555755615234375,0.47771368026733396,,64383
5370,175964160,0.7937841798329972,3.3275005340576174,0.4720500946044922,,64373
5380,176291840,0.7929638136957288,3.3286666870117188,0.48652167320251466,,64366
5390,176619520,0.7921423062455447,3.4047996520996096,0.49150967597961426,,64368
5400,176947200,0.791319661341444,3.345774841308594,0.4788342475891113,,64371
5410,177274880,0.7904958828477688,3.421817398071289,0.48410911560058595,,64341
5420,177602560,0.7896709746341858,3.3498886108398436,0.46764450073242186,,64334
5430,177930240,0.7888449405756687,3.3469211578369142,0.4777024745941162,,64369
5440,178257920,0.78801778455248,3.369115447998047,0.48002195358276367,,64354
5450,178585600,0.7871895104501523,3.3315204620361327,0.4857183456420898,,64361
5460,178913280,0.7863601221594704,3.3421607971191407,0.4699388027191162,,64367
5470,179240960,0.7855296235764533,3.357674789428711,0.4761021137237549,,64370
5480,179568640,0.7846980186023351,3.4056411743164063,0.47132039070129395,,64365
5490,179896320,0.7838653111435474,3.3250350952148438,0.4923423767089844,,64358
5500,180224000,0.7830315051117006,3.331360626220703,0.4890082836151123,,64350
5510,180551680,0.7821966044235655,3.3561721801757813,0.48002195358276367,,64367
5520,180879360,0.7813606130010551,3.414735794067383,0.4846804141998291,,64371
5530,181207040,0.7805235347712062,3.426046371459961,0.48344836235046384,,64370
5540,181534720,0.7796853736661605,3.3944828033447267,0.492559814453125,,64372
5550,181862400,0.7788461336231468,3.34350471496582,0.47542586326599123,,64375
5560,182190080,0.7780058185844622,3.3480785369873045,0.48636088371276853,,64361
5570,182517760,0.777164432497453,3.3047245025634764,0.49672365188598633,,64373
5580,182845440,0.7763219793144973,3.4207271575927733,0.48470325469970704,,64376
5590,183173120,0.7754784629929858,3.3130722045898438,0.47763886451721194,,64365
5600,183500800,0.7746338874953032,3.328414535522461,0.47968463897705077,,64369
5610,183828480,0.773788256788809,3.360681915283203,0.48467297554016114,,64372
5620,184156160,0.7729415748458205,3.352751541137695,0.4734753131866455,,64369
5630,184483840,0.7720938456435924,3.3759857177734376,0.48023014068603515,,64367
5640,184811520,0.7712450731642992,3.280619430541992,0.47478041648864744,,64372
5650,185139200,0.7703952613950162,3.391098403930664,0.49010744094848635,,64363
5660,185466880,0.7695444143277006,3.3256317138671876,0.5046432971954345,,64361
5670,185794560,0.7686925359591726,3.34017333984375,0.4926267623901367,,64373
5680,186122240,0.7678396302910978,3.395948791503906,0.49227313995361327,,64375
5690,186449920,0.7669857013299661,3.394976043701172,0.4883697509765625,,64373
5700,186777600,0.7661307530870757,3.4219005584716795,0.47676515579223633,,64365
5710,187105280,0.7652747895785117,3.306488800048828,0.481720495223999,,64373
5720,187432960,0.7644178148251293,3.2460098266601562,0.4703329086303711,,64358
5730,187760640,0.7635598328525331,3.3770263671875,0.48681087493896485,,64383
5740,188088320,0.76270084769106,3.343733215332031,0.4808351993560791,,64362
5750,188416000,0.7618408633757584,3.371853256225586,0.48092236518859866,,64379
5760,188743680,0.760979883946371,3.3931953430175783,0.503345251083374,,64367
5770,189071360,0.7601179134473144,3.3669437408447265,0.49872097969055174,,64363
5780,189399040,0.7592549559276612,3.3646709442138674,0.48305425643920896,,64373
5790,189726720,0.7583910154411201,3.425791931152344,0.4945216178894043,,64390
5800,190054400,0.7575260960460173,3.3960494995117188,0.48238959312438967,,64367
5810,190382080,0.7566602018052777,3.3915103912353515,0.48452248573303225,,64390
5820,190709760,0.7557933367864051,3.3988483428955076,0.4858124256134033,,64386
5830,191037440,0.7549255050614639,3.3444240570068358,0.47804675102233884,,64399
5840,191365120,0.7540567107070592,3.3497341156005858,0.48871560096740724,,64385
5850,191692800,0.753186957804318,3.3428417205810548,0.4981832504272461,,64377
5860,192020480,0.7523162504388706,3.3673583984375,0.4956071376800537,,64383
5870,192348160,0.7514445927008302,3.4014446258544924,0.4983057498931885,,64378
5880,192675840,0.7505719886847744,3.2517330169677736,0.49835910797119143,,64383
5890,193003520,0.7496984424897264,3.3599971771240233,0.48733744621276853,,64385
5900,193331200,0.7488239582191348,3.322163772583008,0.49601378440856936,,64381
5910,193658880,0.7479485399808549,3.345351791381836,0.478926420211792,,64367
5920,193986560,0.7470721918871295,3.2983016967773438,0.4787783145904541,,64372
5930,194314240,0.7461949180545687,3.3153804779052733,0.47590079307556155,,64352
5940,194641920,0.745316722604132,3.3435054779052735,0.4822377681732178,,64382
5950,194969600,0.744437609661108,3.383992004394531,0.5008761882781982,,64352
5960,195297280,0.7435575833550946,3.296971893310547,0.4883901596069336,,64358
5970,195624960,0.7426766478199808,3.444971466064453,0.49352374076843264,,64341
5980,195952640,0.7417948071939264,3.337294006347656,0.49491157531738283,,64349
5990,196280320,0.7409120656193431,3.2773345947265624,0.4842395782470703,,64342
6000,196608000,0.7400284272428742,3.292280578613281,0.4799525260925293,,64362
6010,196935680,0.7391438962153765,3.336086654663086,0.4808628559112549,,64357
6020,197263360,0.7382584766918991,3.3411956787109376,0.49559502601623534,,64369
6030,197591040,0.7373721728316657,3.3366329193115236,0.4916947841644287,,64366
6040,197918720,0.7364849887980534,3.388814163208008,0.49237060546875,,64356
6050,198246400,0.7355969287585742,3.3731399536132813,0.4902344226837158,,64338
6060,198574080,0.7347079968848549,3.371181869506836,0.49820942878723146,,64344
6070,198901760,0.733818197352618,3.2964218139648436,0.47525973320007325,,64351
6080,199229440,0.7329275343416618,3.241362380981445,0.4757381439208984,,64356
6090,199557120,0.7320360120358402,3.3339874267578127,0.4880968570709229,,64346
6100,199884800,0.7311436346230444,3.3044239044189454,0.4763308048248291,,64346
6110,200212480,0.7302504062951819,3.3855606079101563,0.4899601459503174,,64341
6120,200540160,0.7293563312481574,3.296965789794922,0.4864961624145508,,64326
6130,200867840,0.7284614136818531,3.3225326538085938,0.4883256435394287,,64324
6140,201195520,0.7275656578001092,3.252702331542969,0.48974313735961916,,64324
6150,201523200,0.7266690678107032,3.322810745239258,0.49648399353027345,,64349
6160,201850880,0.7257716479253312,3.314048004150391,0.47933053970336914,,64364
6170,202178560,0.7248734023595879,3.2767772674560547,0.47605266571044924,,64333
6180,202506240,0.7239743353329462,3.313084030151367,0.4788820266723633,,64350
6190,202833920,0.7230744510687378,3.3723011016845703,0.48151650428771975,,64347
6200,203161600,0.7221737537941337,3.3306354522705077,0.49396524429321287,,64348
6210,203489280,0.7212722477401238,3.344675827026367,0.4808795928955078,,64354
6220,203816960,0.7203699371414969,3.3826148986816404,0.4816112995147705,,64360
6230,204144640,0.7194668262368217,3.3146480560302733,0.47809438705444335,,64360
6240,204472320,0.7185629192684256,3.325867462158203,0.4779385566711426,,64379
6250,204800000,0.7176582204823762,3.285009765625,0.47493553161621094,,64356
6260,205127680,0.7167527341284602,3.279922866821289,0.47803921699523927,,64363
6270,205455360,0.715846464460164,3.3297332763671874,0.48203020095825194,,64377
6280,205783040,0.7149394157346535,3.3070045471191407,0.4859036445617676,,64356
6290,206110720,0.7140315922127544,3.3222537994384767,0.4887866973876953,,64363
6300,206438400,0.7131229981589317,3.3322399139404295,0.4930866241455078,,64349
6310,206766080,0.7122136378412699,3.278529739379883,0.4986382484436035,,64348
6320,207093760,0.7113035155314535,3.3250072479248045,0.48919925689697263,,64354
6330,207421440,0.710392635504746,3.3560848236083984,0.49436130523681643,,64357
6340,207749120,0.70948100203997,3.341184616088867,0.49205708503723145,,64364
6350,208076800,0.7085686194194882,3.3699115753173827,0.49321136474609373,,64380
6360,208404480,0.7076554919291816,3.3130435943603516,0.49043450355529783,,64377
6370,208732160,0.7067416238584305,3.3084766387939455,0.4816903591156006,,64376
6380,209059840,0.7058270195000943,3.3658126831054687,0.4818824291229248,,64377
6390,209387520,0.7049116831504906,3.349378204345703,0.4970108509063721,,64356
6400,209715200,0.7039956191093758,3.3837001800537108,0.49206767082214353,,64368
6410,210042880,0.7030788316799246,3.3731117248535156,0.49082040786743164,,64327
6420,210370560,0.7021613251687095,3.341521072387695,0.4931509494781494,,64353
6430,210698240,0.7012431038856815,3.397673416137695,0.48718786239624023,,64366
6440,211025920,0.7003241721441484,3.303322982788086,0.4848017692565918,,64339
6450,211353600,0.699404534260756,3.337838363647461,0.48638119697570803,,64362
6460,211681280,0.6984841945554667,3.2892425537109373,0.5093609809875488,,64368
6470,212008960,0.6975631573515402,3.2518882751464844,0.47947330474853517,,64369
6480,212336640,0.6966414269755121,3.3211692810058593,0.4806358814239502,,64357
6490,212664320,0.6957190077571747,3.323698806762695,0.4998046875,,64338
6500,212992000,0.6947959040295556,3.236869049072266,0.49257335662841795,,64377
6510,213319680,0.693872120128898,3.3381732940673827,0.487943696975708,,64353
6520,213647360,0.6929476603946405,3.3337261199951174,0.5131345748901367,,64367
6530,213975040,0.6920225291693962,3.3070682525634765,0.49248719215393066,,64386
6540,214302720,0.6910967307989323,3.2420120239257812,0.4900356292724609,,64366
6550,214630400,0.6901702696321502,3.2774494171142576,0.5037387371063232,,64371
6560,214958080,0.6892431500210646,3.3194103240966797,0.5095216751098632,,64373
6570,215285760,0.6883153763207832,3.409312057495117,0.5031763076782226,,64372
6580,215613440,0.6873869528894864,3.2927627563476562,0.49135351181030273,,64394
6590,215941120,0.6864578840884065,3.3433807373046873,0.48732781410217285,,64382
6600,216268800,0.6855281742818073,3.2960025787353517,0.4905599594116211,,64382
6610,216596480,0.6845978278369642,3.3061508178710937,0.48923454284667967,,64326
6620,216924160,0.683666849124143,3.375372314453125,0.49172139167785645,,64377
6630,217251840,0.6827352425165789,3.3086753845214845,0.5003272533416748,,64378
6640,217579520,0.6818030123904574,3.3412872314453126,0.5001698970794678,,64362
6650,217907200,0.6808701631248927,3.3043289184570312,0.4883416652679443,,64380
6660,218234880,0.6799366991019075,3.318926239013672,0.5233760833740234,,64347
6670,218562560,0.6790026247064119,3.343149185180664,0.5129863739013671,,64363
6680,218890240,0.6780679443261837,3.2918106079101563,0.49471330642700195,,64376
6690,219217920,0.6771326623518468,3.3203460693359377,0.5156741142272949,,64373
6700,219545600,0.6761967831768516,3.2981204986572266,0.49373273849487304,,64377
6710,219873280,0.6752603111974533,3.296029281616211,0.49522552490234373,,64365
6720,220200960,0.6743232508126922,3.3491756439208986,0.5057826995849609,,64354
6730,220528640,0.6733856064243724,3.3408458709716795,0.5037033081054687,,64347
6740,220856320,0.6724473824370414,3.2153186798095703,0.4847766876220703,,64360
6750,221184000,0.6715085832579691,3.2810108184814455,0.49094724655151367,,64363
6760,221511680,0.6705692132971278,3.290744400024414,0.4962773323059082,,64364
6770,221839360,0.6696292769671708,3.2195808410644533,0.4956485748291016,,64355
6780,222167040,0.6686887786834115,3.308034896850586,0.49219603538513185,,64353
6790,222494720,0.6677477228638038,3.311956024169922,0.5021340847015381,,64352
6800,222822400,0.6668061139289202,3.2752147674560548,0.4898948669433594,,64349
6810,223150080,0.6658639563019313,3.3100936889648436,0.49814586639404296,,64344
6820,223477760,0.6649212544085855,3.326519012451172,0.4980952262878418,,64322
6830,223805440,0.6639780126771876,3.187086296081543,0.48554072380065916,,64320
6840,224133120,0.6630342355385784,3.290110397338867,0.4855631351470947,,64325
6850,224460800,0.6620899274261136,3.2759025573730467,0.49516496658325193,,64337
6860,224788480,0.6611450927756435,3.3012531280517576,0.48034281730651857,,64354
6870,225116160,0.6601997360254913,3.2985164642333986,0.5037295818328857,,64329
6880,225443840,0.659253861616433,3.2456668853759765,0.48869709968566893,,64350
6890,225771520,0.6583074739916764,3.2630725860595704,0.493925666809082,,64335
6900,226099200,0.65736057759684,3.2979869842529297,0.4956501960754395,,64348
6910,226426880,0.656413176879932,3.3495216369628906,0.5016866683959961,,64319
6920,226754560,0.65546527629133,3.357239532470703,0.4989741325378418,,64351
6930,227082240,0.6545168802837597,3.3066631317138673,0.513616418838501,,64344
6940,227409920,0.6535679933122733,3.3156902313232424,0.50212721824646,,64358
6950,227737600,0.6526186198342305,3.2739307403564455,0.4893028736114502,,64358
6960,228065280,0.6516687643092755,3.3380512237548827,0.49350833892822266,,64349
6970,228392960,0.6507184311993169,3.316263198852539,0.4951647758483887,,64351
6980,228720640,0.6497676249685073,3.2660579681396484,0.5093203544616699,,64356
6990,229048320,0.648816350083221,3.282329559326172,0.5000975131988525,,64338
7000,229376000,0.6478646110120344,3.2641460418701174,0.5093219757080079,,64344
7010,229703680,0.6469124122257043,3.2647983551025392,0.4884975433349609,,64354
7020,230031360,0.6459597581971467,3.279785919189453,0.48996906280517577,,64318
7030,230359040,0.6450066534014163,3.1921409606933593,0.4764678955078125,,64348
7040,230686720,0.6440531023156852,3.2894691467285155,0.5051533222198487,,64336
7050,231014400,0.643099109419222,3.272746276855469,0.5124558448791504,,64324
7060,231342080,0.6421446791933706,3.2537563323974608,0.4964780807495117,,64350
7070,231669760,0.6411898161215294,3.2660701751708983,0.48587889671325685,,64346
7080,231997440,0.6402345246891296,3.246564483642578,0.5105481147766113,,64351
7090,232325120,0.6392788093836153,3.243216705322266,0.5381051063537597,,64361
7100,232652800,0.6383226746944214,3.2053035736083983,0.5065140724182129,,64360
7110,232980480,0.6373661251129528,3.205552673339844,0.49083423614501953,,64299
7120,233308160,0.6364091651325631,3.2060047149658204,0.48838205337524415,,64365
7130,233635840,0.6354517992485343,3.3259933471679686,0.5222241401672363,,64384
7140,233963520,0.6344940319580545,3.2782115936279297,0.49855880737304686,,64359
7150,234291200,0.6335358677601981,3.288613510131836,0.5012368202209473,,64363
7160,234618880,0.6325773111559034,3.2789371490478514,0.5008223533630372,,64362
7170,234946560,0.631618366647952,3.2661666870117188,0.4913607120513916,,64361
7180,235274240,0.6306590387409481,3.2577255249023436,0.49530644416809083,,64357
7190,235601920,0.6296993319412965,3.2740657806396483,0.49926347732543946,,64357
7200,235929600,0.6287392507571821,3.306285095214844,0.49247241020202637,,64356
7210,236257280,0.627778799698548,3.242641067504883,0.5060942649841309,,64288
7220,236584960,0.6268179832770756,3.268546295166016,0.4992227077484131,,64368
7230,236912640,0.6258568060061616,3.238572692871094,0.4947911262512207,,64368
7240,237240320,0.6248952724008985,3.2682025909423826,0.4958846092224121,,64368
7250,237568000,0.6239333869780525,3.2766204833984376,0.509140920639038,,64359
7260,237895680,0.6229711542560421,3.240188980102539,0.49804439544677737,,64362
7270,238223360,0.6220085787549176,3.2508419036865233,0.4914896011352539,,64358
7280,238551040,0.6210456649963396,3.1937366485595704,0.48742098808288575,,64351
7290,238878720,0.6200824175035572,3.2480400085449217,0.49537272453308107,,64352
7300,239206400,0.6191188408013876,3.292051315307617,0.5055694580078125,,64358
7310,239534080,0.618154939416194,3.2202533721923827,0.5033240795135498,,64353
7320,239861760,0.6171907178758654,3.235120391845703,0.49873151779174807,,64352
7330,240189440,0.6162261807097943,3.2812641143798826,0.5033977031707764,,64323
7340,240517120,0.615261332448856,3.2796886444091795,0.4934626579284668,,64339
7350,240844800,0.6142961776253867,3.2471744537353517,0.49613447189331056,,64348
7360,241172480,0.6133307207731634,3.2556331634521483,0.5065213680267334,,64338
7370,241500160,0.6123649664273816,3.2432327270507812,0.5042852878570556,,64345
7380,241827840,0.6113989191246338,3.244658660888672,0.5136810302734375,,64346
7390,242155520,0.6104325834028894,3.243177032470703,0.5038805961608886,,64326
7400,242483200,0.6094659638014722,3.285509490966797,0.49613275527954104,,64361
7410,242810880,0.6084990648610393,3.246297836303711,0.4894571304321289,,64350
7420,243138560,0.6075318911235607,3.333251190185547,0.5058994293212891,,64361
7430,243466240,0.6065644471322965,3.3071937561035156,0.5132722854614258,,64349
7440,243793920,0.6055967374317768,3.331407928466797,0.5041378498077392,,64361
7450,244121600,0.6046287665677795,3.275442123413086,0.5070070266723633,,64367
7460,244449280,0.6036605390873098,3.257527160644531,0.49958052635192873,,64358
7470,244776960,0.6026920595385779,3.2579296112060545,0.5066510200500488,,64356
7480,245104640,0.6017233324709779,3.256121826171875,0.4953333854675293,,64351
7490,245432320,0.6007543624350674,3.188531684875488,0.4950575351715088,,64362
7500,245760000,0.5997851539825445,3.182154083251953,0.5052935600280761,,64357
7510,246087680,0.5988157116662278,3.2071704864501953,0.5023595809936523,,64355
7520,246415360,0.5978460400400343,3.2059257507324217,0.5032926559448242,,64361
7530,246743040,0.5968761436589581,3.233148193359375,0.5074198722839356,,64360
7540,247070720,0.595906027079049,3.2911148071289062,0.5148813247680664,,64358
7550,247398400,0.5949356948573915,3.2225147247314454,0.5082798004150391,,64365
7560,247726080,0.593965151552083,3.2498470306396485,0.4983116626739502,,64344
7570,248053760,0.5929944017222119,3.1868061065673827,0.4871367454528809,,64364
7580,248381440,0.5920234499278374,3.280879592895508,0.4981987953186035,,64369
7590,248709120,0.5910523007299672,3.2389595031738283,0.5013346672058105,,64350
7600,249036800,0.5900809586905363,3.2871376037597657,0.503450584411621,,64352
7610,249364480,0.5891094283723856,3.260515594482422,0.49616155624389646,,64313
7620,249692160,0.5881377143392402,3.2934619903564455,0.5004510879516602,,64332
7630,250019840,0.5871658211556886,3.326608657836914,0.5082236289978027,,64294
7640,250347520,0.5861937533871606,3.2103500366210938,0.4928126335144043,,64349
7650,250675200,0.585221515599906,3.2619583129882814,0.50560302734375,,64362
7660,251002880,0.5842491123609734,3.191135787963867,0.5086970329284668,,64348
7670,251330560,0.5832765482381888,3.290727233886719,0.5074808120727539,,64351
7680,251658240,0.5823038278001335,3.255816650390625,0.5526374816894531,,64337
7690,251985920,0.5813309556161232,3.2228275299072267,0.4986889362335205,,64338
7700,252313600,0.5803579362561871,3.2524482727050783,0.5035167694091797,,64344
7710,252641280,0.5793847742910447,3.2861907958984373,0.5087881088256836,,64299
7720,252968960,0.5784114742920861,3.25345458984375,0.5117496967315673,,64357
7730,253296640,0.5774380408313496,3.169730377197266,0.5062380790710449,,64350
7740,253624320,0.5764644784815004,3.217300796508789,0.5086484432220459,,64344
7750,253952000,0.575490791815809,3.2859878540039062,0.5023222446441651,,64348
7760,254279680,0.5745169854081302,3.262354278564453,0.5042765617370606,,64340
7770,254607360,0.5735430638328811,3.1932958602905273,0.5024732112884521,,64358
7780,254935040,0.5725690316650198,3.2201648712158204,0.5115830421447753,,64365
7790,255262720,0.571594893480024,3.2414215087890623,0.5044302463531494,,64369
7800,255590400,0.5706206538538694,3.264408493041992,0.5181793689727783,,64364
7810,255918080,0.5696463173630077,3.2774738311767577,0.5155043601989746,,64346
7820,256245760,0.5686718885843468,3.2624794006347657,0.5085351467132568,,64366
7830,256573440,0.5676973720952269,3.241230773925781,0.536164665222168,,64354
7840,256901120,0.5667227724734006,3.2452945709228516,0.5271142005920411,,64325
7850,257228800,0.5657480942970116,3.279427719116211,0.5184041023254394,,64340
7860,257556480,0.5647733421445715,3.252910614013672,0.5052918434143067,,64352
7870,257884160,0.5637985205949405,3.2699161529541017,0.5108439922332764,,64360
7880,258211840,0.5628236342273044,3.264985275268555,0.5056120872497558,,64362
7890,258539520,0.5618486876211529,3.2554031372070313,0.500115966796875,,64360
7900,258867200,0.5608736853562596,3.25390625,0.5060872077941895,,64375
7910,259194880,0.5598986320126588,3.2434654235839844,0.5030264854431152,,64340
7920,259522560,0.5589235321706254,3.141927146911621,0.5143989086151123,,64346
7930,259850240,0.557948390410652,3.247377395629883,0.5218498229980468,,64375
7940,260177920,0.5569732113134289,3.236946868896484,0.5100616931915283,,64337
7950,260505600,0.5559979994598211,3.215603256225586,0.5093352794647217,,64337
7960,260833280,0.5550227594308477,3.304911804199219,0.5109659671783447,,64315
7970,261160960,0.5540474958076603,3.1785699844360353,0.502901268005371,,64342
7980,261488640,0.5530722131715214,3.2319400787353514,0.5054834842681885,,64345
7990,261816320,0.5520969161037825,3.225874328613281,0.5110660552978515,,64327
8000,262144000,0.551121609185863,3.271994400024414,0.5092117309570312,,64344
8010,262471680,0.5501462969992287,3.1727426528930662,0.5071865558624268,,64315
8020,262799360,0.5491709841253699,3.183650588989258,0.5073050498962403,,64339
8030,263127040,0.5481956751457805,3.222146224975586,0.5032765388488769,,64341
8040,263454720,0.5472203746419358,3.2331298828125,0.5071218967437744,,64365
8050,263782400,0.5462450871952715,3.174690818786621,0.5096420764923095,,64362
8060,264110080,0.5452698173871616,3.178285598754883,0.5169515609741211,,64358
8070,264437760,0.5442945697988978,3.2416881561279296,0.5074137687683106,,64353
8080,264765440,0.5433193490116667,3.2471237182617188,0.5050713539123535,,64360
8090,265093120,0.5423441596065299,3.222766876220703,0.5101334095001221,,64386
8100,265420800,0.5413690061644008,3.2279438018798827,0.5222531318664551,,64359
8110,265748480,0.5403938932660243,3.2153957366943358,0.5160702705383301,,64296
8120,266076160,0.5394188254919544,3.2578750610351563,0.5069544792175293,,64341
8130,266403840,0.538443807422534,3.205080032348633,0.5021450042724609,,64368
8140,266731520,0.5374688436378715,3.213287353515625,0.5051767826080322,,64381
8150,267059200,0.5364939387178209,3.2563953399658203,0.5064266204833985,,64359
8160,267386880,0.5355190972419597,3.1418998718261717,0.5055246353149414,,64361
8170,267714560,0.5345443237895667,3.2629356384277344,0.5104432582855225,,64363
8180,268042240,0.5335696229396024,3.22772102355957,0.5119664669036865,,64371
8190,268369920,0.532594999270685,3.2417884826660157,0.5117918014526367,,64352
8200,268697600,0.5316204573610711,3.290396881103516,0.5156489372253418,,64368
8210,269025280,0.5306460017886323,3.229458236694336,0.5061184406280518,,64324
8220,269352960,0.5296716371308356,3.249959945678711,0.4987152099609375,,64340
8230,269680640,0.5286973679647203,3.19984130859375,0.5085597038269043,,64359
8240,270008320,0.5277231988668772,3.2211708068847655,0.5076661109924316,,64304
8250,270336000,0.5267491344134275,3.2014278411865233,0.5132424831390381,,64357
8260,270663680,0.5257751791799999,3.2543991088867186,0.5215267181396485,,64355
8270,270991360,0.5248013377417113,3.2144840240478514,0.512127685546875,,64362
8280,271319040,0.523827614673143,3.1602558135986327,0.5110583782196045,,64347
8290,271646720,0.5228540145483207,3.186588668823242,0.507655143737793,,64333
8300,271974400,0.5218805419406926,3.262354278564453,0.5106515884399414,,64337
8310,272302080,0.5209072014231075,3.179899215698242,0.5153055667877198,,64307
8320,272629760,0.5199339975677946,3.255376434326172,0.5163602828979492,,64321
8330,272957440,0.51896093494634,3.254673385620117,0.5192903518676758,,64341
8340,273285120,0.5179880181296672,3.274494171142578,0.519856071472168,,64338
8350,273612800,0.5170152516880143,3.13270263671875,0.5044857025146484,,64334
8360,273940480,0.5160426401909136,3.2170665740966795,0.5119132041931153,,64329
8370,274268160,0.5150701882071689,3.247832107543945,0.5047471523284912,,64363
8380,274595840,0.514097900304835,3.2363140106201174,0.507627296447754,,64358
8390,274923520,0.5131257810511961,3.2587631225585936,0.5589284420013427,,64356
8400,275251200,0.5121538350127436,3.2144439697265623,0.5112879753112793,,64349
8410,275578880,0.511182066755156,3.134589195251465,0.4965308666229248,,64304
8420,275906560,0.510210480843276,3.2220485687255858,0.5090674877166748,,64348
8430,276234240,0.5092390818410902,3.1998260498046873,0.5150645256042481,,64357
8440,276561920,0.508267874311707,3.191341018676758,0.5162166595458985,,64334
8450,276889600,0.5072968628173354,3.258287811279297,0.5199436187744141,,64341
8460,277217280,0.5063260519192636,3.2096023559570312,0.5157612323760986,,64331
8470,277544960,0.5053554461778373,3.2272174835205076,0.5141466140747071,,64310
8480,277872640,0.5043850501524388,3.176097106933594,0.5025337696075439,,64334
8490,278200320,0.5034148684014648,3.2361473083496093,0.540686559677124,,64352
8500,278528000,0.502444905482306,3.204285430908203,0.5178645133972168,,64334
8510,278855680,0.5014751659513248,3.1957015991210938,0.5211999893188477,,64285
8520,279183360,0.5005056543638344,3.180831527709961,0.5194393634796143,,64350
8530,279511040,0.499536375274077,3.217654800415039,0.5208659648895264,,64362
8540,279838720,0.4985673332352031,3.165425109863281,0.515043067932129,,64362
8550,280166400,0.49759853279924915,3.2009208679199217,0.5093855381011962,,64335
8560,280494080,0.4966299785171171,3.205474853515625,0.5151257514953613,,64346
8570,280821760,0.4956616749385523,3.174403762817383,0.5146718502044678,,64349
8580,281149440,0.49469362661212246,3.258160400390625,0.5180674076080323,,64356
8590,281477120,0.49372583808519666,3.2667072296142576,0.509449577331543,,64344
8600,281804800,0.4927583139039229,3.211156463623047,0.5139436244964599,,64348
8610,282132480,0.49179105861320815,3.1769784927368163,0.513438081741333,,64299
8620,282460160,0.4908240767566955,3.231290817260742,0.5296506404876709,,64326
8630,282787840,0.48985737287674447,3.204808807373047,0.5223957061767578,,64358
8640,283115520,0.4888909515144081,3.2237270355224608,0.5192801475524902,,64361
8650,283443200,0.4879248172094126,3.1848657608032225,0.5242722988128662,,64360
8660,283770880,0.4869589745001358,3.2442180633544924,0.5317673206329345,,64350
8670,284098560,0.48599342792358535,3.212738037109375,0.5239195346832275,,64355
8680,284426240,0.48502818201537845,3.1942237854003905,0.5139372825622559,,64370
8690,284753920,0.48406324130971956,3.19468994140625,0.5158439159393311,,64358
8700,285081600,0.4830986103393794,3.1923568725585936,0.5166322231292725,,64359
8710,285409280,0.4821342936356737,3.245279312133789,0.5155457496643067,,64337
8720,285736960,0.4811702957284427,3.2415542602539062,0.5276511669158935,,64366
8730,286064640,0.48020662114602786,3.1860239028930666,0.5198541164398194,,64375
8740,286392320,0.4792432744152527,3.225992965698242,0.5282542705535889,,64330
8750,286720000,0.47828026006140056,3.2281005859375,0.5200509548187255,,64361
8760,287047680,0.477317582608193,3.13748779296875,0.510990571975708,,64352
8770,287375360,0.4763552465777695,3.2118194580078123,0.516633415222168,,64344
8780,287703040,0.47539325649066544,3.1507408142089846,0.5236916542053223,,64354
8790,288030720,0.4744316168657915,3.196397399902344,0.523409080505371,,64358
8800,288358400,0.47347033222041146,3.1876359939575196,0.5254462242126465,,64358
8810,288686080,0.47250940707012234,3.1815727233886717,0.5207880020141602,,64284
8820,289013760,0.47154884592883173,3.153160285949707,0.525343942642212,,64353
8830,289341440,0.4705886533087379,3.2314220428466798,0.520939826965332,,64364
8840,289669120,0.4696288337203076,3.163120079040527,0.5159465789794921,,64378
8850,289996800,0.4686693916722554,3.1771499633789064,0.5174061775207519,,64324
8860,290324480,0.46771033167152265,3.168802833557129,0.520250940322876,,64336
8870,290652160,0.4667516582232554,3.2357425689697266,0.5146997928619385,,64334
8880,290979840,0.46579337583078473,3.1803794860839845,0.5130652904510498,,64344
8890,291307520,0.4648354889956039,3.217887115478516,0.5423097610473633,,64341
8900,291635200,0.4638780022173489,3.1630821228027344,0.5137286186218262,,64328
8910,291962880,0.4629209199937757,3.187846374511719,0.5129200935363769,,64296
8920,292290560,0.46196424682074044,3.1853544235229494,0.5140894889831543,,64338
8930,292618240,0.4610079871921775,3.130947303771973,0.5231213569641113,,64328
8940,292945920,0.4600521456000787,3.1845232009887696,0.5303586959838867,,64328
8950,293273600,0.4590967265344721,3.212453842163086,0.5216081142425537,,64311
8960,293601280,0.4581417344834009,3.140094184875488,0.521796989440918,,64322
8970,293928960,0.45718717393290287,3.1734987258911134,0.5289939403533935,,64335
8980,294256640,0.45623304936698816,3.171591949462891,0.5151273250579834,,64334
8990,294584320,0.4552793652676195,3.1750072479248046,0.5246252059936524,,64328
9000,294912000,0.4543261261146899,3.180631637573242,0.5095903873443604,,64322
9010,295239680,0.45337333638600297,3.2504196166992188,0.5308999061584473,,64292
9020,295567360,0.45242100055725065,3.2361083984375,0.5277108669281005,,64320
9030,295895040,0.45146912310199294,3.231855010986328,0.5290403366088867,,64311
9040,296222720,0.4505177084916365,3.200076675415039,0.5260937213897705,,64319
9050,296550400,0.44956676119541383,3.262472152709961,0.528725528717041,,64325
9060,296878080,0.4486162856803626,3.2131370544433593,0.5270555973052978,,64346
9070,297205760,0.44766628641130346,3.1594438552856445,0.5200055599212646,,64337
9080,297533440,0.4467167678508208,3.1365177154541017,0.5187521934509277,,64337
9090,297861120,0.44576773445924056,3.1807510375976564,0.5287221431732178,,64319
9100,298188800,0.4448191906946096,3.2420986175537108,0.5374975681304932,,64348
9110,298516480,0.44387114101267466,3.162416458129883,0.5144563674926758,,64255
9120,298844160,0.44292358986686153,3.148824119567871,0.514109754562378,,64336
9130,299171840,0.4419765417082546,3.157184600830078,0.5264803409576416,,64348
9140,299499520,0.4410300009855749,3.1589998245239257,0.5093970775604248,,64346
9150,299827200,0.4400839721451604,3.1510705947875977,0.5276649951934814,,64339
9160,300154880,0.43913845963094367,3.2015567779541017,0.5198902606964111,,64339
9170,300482560,0.4381934678844329,3.1778066635131834,0.5299591541290283,,64343
9180,300810240,0.43724900134468936,3.1931724548339844,0.5315238475799561,,64337
9190,301137920,0.4363050644483073,3.182867240905762,0.5269762516021729,,64348
9200,301465600,0.4353616616293928,3.261636734008789,0.5312892436981201,,64323
9210,301793280,0.4344187973195436,3.2472919464111327,0.5293866634368897,,64299
9220,302120960,0.43347647594782734,3.1434701919555663,0.5093003273010254,,64338
9230,302448640,0.4325347019407614,3.2393280029296876,0.5139684200286865,,64375
9240,302776320,0.43159347972229234,3.1905736923217773,0.518512773513794,,64358
9250,303104000,0.43065281371377384,3.196328353881836,0.515202808380127,,64323
9260,303431680,0.4297127083339477,3.1754894256591797,0.535487174987793,,64325
9270,303759360,0.4287731679989216,3.205813980102539,0.5281905651092529,,64332
9280,304087040,0.4278341971221492,3.149026870727539,0.5190429210662841,,64329
9290,304414720,0.4268958001144092,3.2060077667236326,0.5254011631011963,,64344
9300,304742400,0.42595798138378416,3.2044403076171877,0.5236851692199707,,64348
9310,305070080,0.4250207453356408,3.211284637451172,0.5324748992919922,,64351
9320,305397760,0.42408409637260824,3.2332950592041017,0.5273207664489746,,64350
9330,305725440,0.4231480388945583,3.194034194946289,0.5231648921966553,,64354
9340,306053120,0.4222125772985835,3.208180618286133,0.5274003028869629,,64331
9350,306380800,0.42127771597897823,3.1398000717163086,0.5145321846008301,,64323
9360,306708480,0.4203434593272163,3.2168479919433595,0.5267198562622071,,64335
9370,307036160,0.4194098117319315,3.1806156158447267,0.5345285415649415,,64347
9380,307363840,0.41847677757889645,3.1831233978271483,0.530967378616333,,64328
9390,307691520,0.41754436125100236,3.2189022064208985,0.5287636756896973,,64333
9400,308019200,0.416612567128238,3.1646135330200194,0.5253565311431885,,64340
9410,308346880,0.41568139958766936,3.11005859375,0.5218537330627442,,64341
9420,308674560,0.41475086300341946,3.155648422241211,0.5198383808135987,,64329
9430,309002240,0.41382096174664673,3.145473098754883,0.5247797966003418,,64320
9440,309329920,0.412891700185526,3.22413330078125,0.5295550346374511,,64323
9450,309657600,0.4119630826852264,3.1480554580688476,0.5273638725280761,,64342
9460,309985280,0.41103511360789224,3.2005775451660154,0.5330116748809814,,64287
9470,310312960,0.4101077973126215,3.1982854843139648,0.5239319801330566,,64333
9480,310640640,0.40918113815544555,3.1115795135498048,0.5221425056457519,,64360
9490,310968320,0.40825514048930955,3.1451974868774415,0.5162887573242188,,64341
9500,311296000,0.4073298086640508,3.174982452392578,0.5232914924621582,,64344
9510,311623680,0.4064051470263791,3.1535709381103514,0.5243483543395996,,64285
9520,311951360,0.40548115991985556,3.2453147888183596,0.5372642517089844,,64337
9530,312279040,0.4045578516848737,3.136478042602539,0.5330105304718018,,64352
9540,312606720,0.40363522665863694,3.186640739440918,0.5377238750457763,,64348
9550,312934400,0.4027132891751404,3.2023414611816405,0.5355249881744385,,64356
9560,313262080,0.40179204356514864,3.1623918533325197,0.5252103328704834,,64351
9570,313589760,0.4008714941561764,3.1266618728637696,0.5191525459289551,,64348
9580,313917440,0.3999516452724685,3.1398305892944336,0.5134934425354004,,64361
9590,314245120,0.39903250123497847,3.1329408645629884,0.5171657085418702,,64349
9600,314572800,0.3981140663613494,3.2034526824951173,0.5411184310913086,,64345
9610,314900480,0.3971963449658923,3.219329833984375,0.5401080131530762,,64313
9620,315228160,0.39627934135956777,3.1480051040649415,0.5222976207733154,,64332
9630,315555840,0.3953630598499638,3.198276710510254,0.5188378810882568,,64351
9640,315883520,0.3944475047412763,3.202445220947266,0.5243424415588379,,64339
9650,316211200,0.3935326803342897,3.213238525390625,0.5376270771026611,,64346
9660,316538880,0.3926185909263551,3.24842529296875,0.5211639881134034,,64350
9670,316866560,0.3917052408113716,3.1816104888916015,0.5393038749694824,,64349
9680,317194240,0.39079263427976507,3.1708251953125,0.5308193683624267,,64343
9690,317521920,0.389880775618469,3.1887485504150392,0.5476627826690674,,64338
9700,317849600,0.388969669110903,3.1759963989257813,0.528625202178955,,64335
9710,318177280,0.38805931903695423,3.1868057250976562,0.5407604694366455,,64300
9720,318504960,0.38714972967295613,3.140045738220215,0.5294995784759522,,64359
9730,318832640,0.38624090529166855,3.131196212768555,0.5208930969238281,,64362
9740,319160320,0.3853328501622585,3.143951416015625,0.5331314086914063,,64356
9750,319488000,0.38442556855027865,3.22286376953125,0.5454204559326172,,64372
9760,319815680,0.38351906471764896,3.1702392578125,0.5350794792175293,,64368
9770,320143360,0.3826133429226348,3.193659782409668,0.5351738452911377,,64357
9780,320471040,0.38170840741982925,3.190909767150879,0.5268524169921875,,64349
9790,320798720,0.38080426246013044,3.154014015197754,0.5356205463409424,,64343
9800,321126400,0.379900912290724,3.0963119506835937,0.5231572151184082,,64329
9810,321454080,0.3789983611550616,3.1820974349975586,0.5279176235198975,,63400
9820,321781760,0.3780966132928413,3.192668914794922,0.5358298778533935,,64332
9830,322109440,0.37719567293998824,3.184670639038086,0.5296230316162109,,64325
9840,322437120,0.3762955443286341,3.1479429244995116,0.5293535709381103,,64352
9850,322764800,0.37539623168709757,3.2404506683349608,0.5436172962188721,,64351
9860,323092480,0.37449773923986396,3.1072671890258787,0.5307712554931641,,64343
9870,323420160,0.37360007120756655,3.1965545654296874,0.5335800170898437,,64335
9880,323747840,0.37270323180696474,3.1656036376953125,0.5279585361480713,,64351
9890,324075520,0.3718072252509268,3.124416160583496,0.5271054744720459,,64352
9900,324403200,0.370912055748408,3.186432456970215,0.5338962078094482,,64354
9910,324730880,0.3700177275044315,3.180698013305664,0.5387338161468506,,64324
9920,325058560,0.369124244720069,3.128691864013672,0.5298718929290771,,64345
9930,325386240,0.36823161159242057,3.1378686904907225,0.5210816383361816,,64362
9940,325713920,0.3673398323145951,3.1646596908569338,0.5252796649932862,,64351
9950,326041600,0.36644891107569044,3.191336822509766,0.5400268077850342,,64337
9960,326369280,0.3655588520607741,3.1707841873168947,0.5387113094329834,,64338
9970,326696960,0.3646696594508628,3.217621612548828,0.5351915836334229,,64346
9980,327024640,0.3637813374229041,3.160195541381836,0.5308947563171387,,64348
9990,327352320,0.36289389014975526,3.1183887481689454,0.5371385097503663,,64363
10000,327680000,0.3620073218001649,3.1588029861450195,0.5293837547302246,,64373
10010,328007680,0.3611216365387533,3.2083511352539062,0.5332691192626953,,64351
10020,328335360,0.360236838525991,3.1635177612304686,0.5362828731536865,,64363
10030,328663040,0.3593529319181825,3.1958763122558596,0.5295331478118896,,64360
10040,328990720,0.35846992086744367,3.148076629638672,0.5310812950134277,,64358
10050,329318400,0.35758780952168456,3.1830278396606446,0.5401569366455078,,64349
10060,329646080,0.3567066020245879,3.125609016418457,0.524844741821289,,64346
10070,329973760,0.35582630251559155,3.154601287841797,0.523854112625122,,64315
10080,330301440,0.3549469151298672,3.095295524597168,0.5210902214050293,,64352
10090,330629120,0.3540684439983024,3.140930938720703,0.5368929862976074,,64341
10100,330956800,0.3531908932474809,3.1810123443603517,0.5456741333007813,,64323
10110,331284480,0.3523142669996624,3.1836029052734376,0.5429575443267822,,64313
10120,331612160,0.3514385693727643,3.178904151916504,0.5407546997070313,,64340
10130,331939840,0.3505638044803414,3.1610809326171876,0.5371582508087158,,64355
10140,332267520,0.3496899764315674,3.1956581115722655,0.5377972602844239,,64329
10150,332595200,0.3488170893312148,3.112301826477051,0.5310956001281738,,64332
10160,332922880,0.34794514727963644,3.094692039489746,0.5343832015991211,,64335
10170,333250560,0.3470741543727457,3.147561454772949,0.5428144454956054,,64333
10180,333578240,0.346204114701997,3.1040868759155273,0.5321945190429688,,64336
10190,333905920,0.345335032354368,3.185447883605957,0.5408018112182618,,64330
10200,334233600,0.34446691141233793,3.125061798095703,0.5332509994506835,,64332
10210,334561280,0.34359975595387116,3.0767290115356447,0.5361135959625244,,64313
10220,334888960,0.3427335700523958,3.1776323318481445,0.5353782653808594,,64318
10230,335216640,0.3418683577767862,3.2040454864501955,0.5361120223999023,,64327
10240,335544320,0.34100412319134277,3.167751502990723,0.5371598243713379,,64358
10250,335872000,0.34014087035577323,3.185480308532715,0.5387017250061035,,64329
10260,336199680,0.33927860332517384,3.212058258056641,0.5445932865142822,,64348
10270,336527360,0.3384173261500096,3.091841697692871,0.5416415214538575,,64348
10280,336855040,0.33755704287609634,3.160490798950195,0.5421592712402343,,64346
10290,337182720,0.3366977575445804,3.1507205963134766,0.5355449676513672,,64348
10300,337510400,0.3358394741919212,3.1298316955566405,0.5277859210968018,,64355
10310,337838080,0.33498219684987046,3.236288070678711,0.5379568576812744,,64283
10320,338165760,0.3341259295454547,3.2028919219970704,0.5361857414245605,,64338
10330,338493440,0.33327067630095575,3.215636444091797,0.5492440700531006,,64358
10340,338821120,0.3324164411338921,3.1478303909301757,0.5443418502807618,,64330
10350,339148800,0.33156322805699956,3.1356393814086916,0.5374980449676514,,64355
10360,339476480,0.3307110410782127,3.142048454284668,0.5348871231079102,,64344
10370,339804160,0.32985988420064666,3.192254066467285,0.5348120212554932,,64354
10380,340131840,0.3290097614225766,3.113559913635254,0.5289398193359375,,64335
10390,340459520,0.3281606767374211,3.1541786193847656,0.5387394428253174,,64350
10400,340787200,0.3273126341337218,3.1825845718383787,0.5426955223083496,,64350
10410,341114880,0.3264656375951254,3.092314529418945,0.5333463668823242,,64358
10420,341442560,0.3256196911003647,3.0954824447631837,0.5414670467376709,,64365
10430,341770240,0.3247747986232399,3.13626766204834,0.5375779151916504,,64349
10440,342097920,0.3239309641325999,3.179150199890137,0.5476783275604248,,64348
10450,342425600,0.3230881915923239,3.1520915985107423,0.5444219589233399,,64343
10460,342753280,0.32224648496130276,3.190729522705078,0.5492466449737549,,64340
10470,343080960,0.32140584819341994,3.155400276184082,0.5446520805358886,,64360
10480,343408640,0.3205662852375337,3.147720527648926,0.5351081371307373,,64361
10490,343736320,0.3197278000374577,3.1160343170166014,0.544715404510498,,64336
10500,344064000,0.31889039653194307,3.1018951416015623,0.5435896396636963,,64327
10510,344391680,0.31805407865465946,3.110721778869629,0.5396918296813965,,64318
10520,344719360,0.31721885033417746,3.1358461380004883,0.531909990310669,,64341
10530,345047040,0.3163847154939489,3.1405235290527345,0.5396424293518066,,64350
10540,345374720,0.3155516780522891,3.1802560806274416,0.5357147216796875,,64357
10550,345702400,0.31471974192235896,3.1008119583129883,0.5367853164672851,,64364
10560,346030080,0.313888911012145,3.203337860107422,0.5383736610412597,,64363
10570,346357760,0.3130591892244431,3.150673675537109,0.5327517509460449,,64343
10580,346685440,0.31223058045683816,3.163701629638672,0.5445123195648194,,64352
10590,347013120,0.3114030886016875,3.147838592529297,0.5391363143920899,,64344
10600,347340800,0.31057671754610106,3.1189565658569336,0.5372653484344483,,64350
10610,347668480,0.30975147117192475,3.0695636749267576,0.540122127532959,,64349
10620,347996160,0.3089273533557203,3.209583282470703,0.5441882610321045,,64359
10630,348323840,0.3081043679687486,3.1506826400756838,0.5376758575439453,,64350
10640,348651520,0.30728251887695135,3.1857309341430664,0.5542179584503174,,64338
10650,348979200,0.30646180994093186,3.126258659362793,0.5338441848754882,,64351
10660,349306880,0.3056422450159381,3.104958915710449,0.5259902000427246,,64332
10670,349634560,0.30482382795184393,3.0905651092529296,0.5316339492797851,,64363
10680,349962240,0.3040065625931312,3.1753395080566404,0.5415310382843017,,64312
10690,350289920,0.30319045277887136,3.1027687072753904,0.5363210678100586,,64352
10700,350617600,0.3023755023427084,3.115513038635254,0.5360466480255127,,64368
10710,350945280,0.3015617151128396,3.1840343475341797,0.5463418960571289,,64361
10720,351272960,0.3007490949119982,3.1421566009521484,0.5501744747161865,,64348
10730,351600640,0.2999376455574358,3.1769006729125975,0.5318358421325684,,64342
10740,351928320,0.29912737086090346,3.202973175048828,0.5324120998382569,,64348
10750,352256000,0.2983182746286347,3.1549020767211915,0.535736083984375,,64323
10760,352583680,0.29751036066132674,3.1254304885864257,0.5515429496765136,,64321
10770,352911360,0.29670363275412404,3.1687923431396485,0.5457829475402832,,64334
10780,353239040,0.2958980946965986,3.0973072052001953,0.5397039413452148,,64326
10790,353566720,0.2950937502727342,3.092128372192383,0.5265562534332275,,64335
10800,353894400,0.2942906032609065,3.158133316040039,0.5376743316650391,,64337
10810,354222080,0.29348865743386676,3.106614112854004,0.5340460777282715,,64322
10820,354549760,0.2926879165587243,3.0883085250854494,0.5314473628997802,,64325
10830,354877440,0.2918883843969272,3.119512748718262,0.5427913188934326,,64321
10840,355205120,0.2910900647042468,3.152412223815918,0.5559578895568847,,64326
10850,355532800,0.29029296123075793,3.169801139831543,0.5587763309478759,,64323
10860,355860480,0.2894970777208227,3.109201431274414,0.5392275333404541,,64321
10870,356188160,0.2887024179130724,3.118865203857422,0.540077543258667,,64334
10880,356515840,0.28790898554039035,3.1796188354492188,0.5428686141967773,,64322
10890,356843520,0.2871167843298935,3.1437570571899416,0.5490533828735351,,64350
10900,357171200,0.28632581800291573,3.165714073181152,0.5475607872009277,,64337
10910,357498880,0.2855360902749904,3.120468521118164,0.5416028022766113,,64333
10920,357826560,0.2847476048558321,3.1194225311279298,0.5373854160308837,,64310
10930,358154240,0.2839603654493199,3.12534236907959,0.5405391693115235,,64313
10940,358481920,0.2831743757534798,3.165054130554199,0.5397719860076904,,64312
10950,358809600,0.2823896394604675,3.100419807434082,0.5408846378326416,,64335
10960,359137280,0.2816061602565507,3.1741661071777343,0.550342321395874,,64322
10970,359464960,0.2808239418220919,3.1594491958618165,0.5484114170074463,,64332
10980,359792640,0.2800429878315313,3.1568941116333007,0.5443606376647949,,64314
10990,360120320,0.27926330195336935,3.169810485839844,0.5575630187988281,,64304
11000,360448000,0.2784848878501499,3.1571426391601562,0.5457314491271973,,64297
11010,360775680,0.2777077491784421,3.171113204956055,0.5429566860198974,,64315
11020,361103360,0.27693188958882464,3.1263914108276367,0.5407068729400635,,64306
11030,361431040,0.27615731272586685,3.0902788162231447,0.533881139755249,,64304
11040,361758720,0.2753840222281132,3.146952438354492,0.5390978813171386,,64311
11050,362086400,0.27461202172806515,3.169905090332031,0.5556018352508545,,64333
11060,362414080,0.27384131485216434,3.0664525985717774,0.5395983695983887,,64323
11070,362741760,0.27307190522077623,3.1269853591918944,0.5526971817016602,,64330
11080,363069440,0.2723037964481719,3.111453628540039,0.536048412322998,,64329
11090,363397120,0.27153699214251215,3.1715023040771486,0.5407000541687011,,64326
11100,363724800,0.27077149590582994,3.1226551055908205,0.5391663551330567,,64338
11110,364052480,0.27000731133401334,3.1364240646362305,0.5364207267761231,,64343
11120,364380160,0.2692444420167893,3.1702608108520507,0.5439868450164795,,64350
11130,364707840,0.26848289153770644,3.152976226806641,0.5540032386779785,,64336
11140,365035520,0.267722663474118,3.1319982528686525,0.5541050434112549,,64358
11150,365363200,0.2669637613971651,3.1383813858032226,0.5396733283996582,,64349
11160,365690880,0.2662061888717604,3.1471458435058595,0.5424214839935303,,64339
11170,366018560,0.26544994945657074,3.178109550476074,0.5439679145812988,,64363
11180,366346240,0.2646950467040012,3.1525798797607423,0.5509020805358886,,64353
11190,366673920,0.26394148416017726,3.111971855163574,0.5425766944885254,,64367
11200,367001600,0.2631892653649296,3.1412410736083984,0.537873649597168,,64365
11210,367329280,0.26243839385177614,3.1254934310913085,0.5315944194793701,,64356
11220,367656960,0.261688873147906,3.08441162109375,0.5508928775787354,,64348
11230,367984640,0.2609407067741632,3.1051631927490235,0.5513309478759766,,64363
11240,368312320,0.2601938982450296,3.0991777420043944,0.5532981395721436,,64347
11250,368640000,0.2594484510686089,3.1008274078369142,0.5505144119262695,,64348
11260,368967680,0.2587043687466096,3.1068851470947267,0.540616798400879,,64352
11270,369295360,0.2579616547743293,3.145571708679199,0.5341239929199219,,64348
11280,369623040,0.2572203126406374,3.1063764572143553,0.5440041065216065,,64356
11290,369950720,0.25648034582795914,3.1434492111206054,0.547180461883545,,64304
11300,370278400,0.2557417578122594,3.1138891220092773,0.5341867923736572,,64355
11310,370606080,0.2550045520630264,3.1376848220825195,0.5373515605926513,,64352
11320,370933760,0.25426873204325495,3.078949546813965,0.5468173503875733,,64352
11330,371261440,0.2535343012094305,3.0779647827148438,0.544286584854126,,64348
11340,371589120,0.25280126301151284,3.1394643783569336,0.5495812892913818,,64342
11350,371916800,0.25206962089291973,3.143391990661621,0.5660266399383544,,64359
11360,372244480,0.2513393782905116,3.0967079162597657,0.5538355350494385,,64376
11370,372572160,0.25061053863457383,3.1309484481811523,0.551617431640625,,64350
11380,372899840,0.24988310534880215,3.141143035888672,0.5483614921569824,,64347
11390,373227520,0.24915708185028554,3.1050083160400392,0.5527053833007812,,64361
11400,373555200,0.2484324715494908,3.109687614440918,0.5486527442932129,,64357
11410,373882880,0.24770927785024613,3.0518621444702148,0.5421219348907471,,64322
11420,374210560,0.24698750414972515,3.057302474975586,0.5479526519775391,,64326
11430,374538240,0.2462671538384317,3.1358322143554687,0.55166015625,,64340
11440,374865920,0.24554823030018252,3.0882070541381834,0.544955062866211,,64330
11450,375193600,0.24483073691209287,3.113496780395508,0.5529741764068603,,64320
11460,375521280,0.24411467704455944,3.1249631881713866,0.5521107673645019,,64325
11470,375848960,0.24340005406124518,3.094617462158203,0.5440092086791992,,64330
11480,376176640,0.24268687131906316,3.1324161529541015,0.5401095390319824,,64313
11490,376504320,0.24197513216816144,3.1654083251953127,0.5492712974548339,,64325
11500,376832000,0.24126483995190637,3.093593788146973,0.5448501586914063,,64318
11510,377159680,0.24055599800686764,3.142304801940918,0.547097110748291,,64305
11520,377487360,0.23984860966280222,3.068132019042969,0.5514493465423584,,64344
11530,377815040,0.2391426782426388,3.0727474212646486,0.5505301475524902,,64353
11540,378142720,0.2384382070624626,3.1464378356933596,0.5592045783996582,,64348
11550,378470400,0.23773519943149887,3.1416629791259765,0.5434950351715088,,64312
11560,378798080,0.23703365865209847,3.126682090759277,0.5461394309997558,,64336
11570,379125760,0.23633358801972137,3.086673927307129,0.5511269569396973,,64326
11580,379453440,0.2356349908229217,3.0820892333984373,0.5471648216247559,,64347
11590,379781120,0.23493787034333216,3.192107009887695,0.5629773616790772,,64299
11600,380108800,0.23424222985564858,3.076885223388672,0.542570686340332,,64315
11610,380436480,0.23354807262761487,3.131888771057129,0.548154878616333,,64334
11620,380764160,0.232855401920007,3.0856679916381835,0.5381124019622803,,64334
11630,381091840,0.2321642209866184,3.1191940307617188,0.551063346862793,,64322
11640,381419520,0.23147453307424415,3.101614570617676,0.5485889911651611,,64338
11650,381747200,0.230786341422666,3.11122989654541,0.5552645683288574,,64333
11660,382074880,0.2300996492646368,3.1044309616088865,0.5608456611633301,,64328
11670,382402560,0.2294144598258662,3.140860748291016,0.5588882446289063,,64328
11680,382730240,0.2287307763250043,3.1882917404174806,0.5719126224517822,,64307
11690,383057920,0.2280486019736274,3.1265853881835937,0.5469829082489014,,64314
11700,383385600,0.22736793997622248,3.113943862915039,0.5411898612976074,,64312
11710,383713280,0.2266887935301724,3.0477033615112306,0.5436570167541503,,64315
11720,384040960,0.22601116582574088,3.1029577255249023,0.5463435649871826,,64324
11730,384368640,0.22533506004605705,3.0392778396606444,0.5518667697906494,,64349
11740,384696320,0.2246604793671014,3.1122968673706053,0.546969985961914,,64313
11750,385024000,0.22398742695768986,3.08050594329834,0.5482685089111328,,64335
11760,385351680,0.22331590597945955,3.100785255432129,0.5568419933319092,,64333
11770,385679360,0.22264591958685376,3.1847333908081055,0.5652001857757568,,64326
11780,386007040,0.22197747092710685,3.067511558532715,0.5410697937011719,,64320
11790,386334720,0.22131056314023037,3.1108987808227537,0.5480696201324463,,64316
11800,386662400,0.22064519935899696,3.122332954406738,0.5495786666870117,,64331
11810,386990080,0.21998138270892706,3.109927749633789,0.5545261383056641,,64334
11820,387317760,0.21931911630827294,3.1202718734741213,0.5504060745239258,,64325
11830,387645440,0.21865840326800487,3.08038444519043,0.5444726467132568,,64335
11840,387973120,0.2179992466917961,3.105394172668457,0.5500227451324463,,64342
11850,388300800,0.21734164967600889,3.1001842498779295,0.5419526100158691,,64359
11860,388628480,0.2166856153096791,3.1341434478759767,0.5612080574035645,,64347
11870,388956160,0.21603114667450216,3.114933967590332,0.551242733001709,,64350
11880,389283840,0.21537824684481896,3.1323680877685547,0.5609192848205566,,64357
11890,389611520,0.21472691888760015,3.1413841247558594,0.5555791854858398,,64349
11900,389939200,0.21407716586243347,3.0584222793579103,0.546155595779419,,64300
11910,390266880,0.21342899082150785,3.115826225280762,0.5506462574005127,,64347
11920,390594560,0.2127823968096001,3.0797828674316405,0.5414714813232422,,64349
11930,390922240,0.21213738686406003,3.0850141525268553,0.5506300926208496,,64360
11940,391249920,0.2114939640147963,3.1077333450317384,0.5433084011077881,,64350
11950,391577600,0.21085213128426236,3.1116796493530274,0.5496683597564698,,64353
11960,391905280,0.21021189168744198,3.0529348373413088,0.5425347328186035,,64354
11970,392232960,0.2095732482318356,3.084684944152832,0.5447722911834717,,64349
11980,392560640,0.20893620391744544,3.0648048400878904,0.5459349155426025,,64345
11990,392888320,0.2083007617367621,3.1345497131347657,0.5573588371276855,,64338
12000,393216000,0.20766692467475006,3.161642837524414,0.5647482872009277,,64318
12010,393543680,0.207034695708834,3.0622154235839845,0.545742130279541,,64314
12020,393871360,0.20640407780888423,3.1240671157836912,0.5589995384216309,,64328
12030,394199040,0.20577507393720368,3.107420539855957,0.5517621040344238,,64348
12040,394526720,0.20514768704851313,3.1050220489501954,0.5491889953613281,,64354
12050,394854400,0.20452192008993753,3.0936532974243165,0.5524276733398438,,64343
12060,395182080,0.20389777600099285,3.1254802703857423,0.559684944152832,,64342
12070,395509760,0.2032752577135708,3.1048616409301757,0.5499006748199463,,64351
12080,395837440,0.20265436815192675,3.134496879577637,0.5611914157867431,,64331
12090,396165120,0.20203511023266468,3.0478002548217775,0.5452192306518555,,64333
12100,396492800,0.20141748686472444,3.0907426834106446,0.5643708229064941,,64349
12110,396820480,0.20080150094936725,3.0767597198486327,0.5439332485198974,,64355
12120,397148160,0.20018715538016268,3.043746566772461,0.5448410034179687,,64350
12130,397475840,0.1995744530429747,3.119578552246094,0.5595667839050293,,64341
12140,397803520,0.1989633968159482,3.0526403427124023,0.5387267112731934,,64339
12150,398131200,0.19835398956949601,3.0827394485473634,0.5544120311737061,,64343
12160,398458880,0.19774623416628423,3.0702630996704103,0.5538899421691894,,64341
12170,398786560,0.1971401334612201,3.0922372817993162,0.5532175064086914,,64349
12180,399114240,0.19653569030143775,3.0863149642944334,0.5594193935394287,,64354
12190,399441920,0.19593290752628495,3.1280658721923826,0.5670156002044677,,64351
12200,399769600,0.1953317879673098,3.1359159469604494,0.5561305046081543,,64348
12210,400097280,0.194732334448248,3.0963214874267577,0.5440999031066894,,64298
12220,400424960,0.1941345497850086,3.1255401611328124,0.555687427520752,,64321
12230,400752640,0.19353843678566138,3.130226898193359,0.5591813087463379,,64330
12240,401080320,0.1929439982504239,3.16895751953125,0.560213279724121,,64308
12250,401408000,0.1923512369716472,3.0689956665039064,0.5464253902435303,,64314
12260,401735680,0.19176015573380445,3.1376819610595703,0.5523638725280762,,64336
12270,402063360,0.191170757313476,3.056144142150879,0.5582664966583252,,64359
12280,402391040,0.19058304447933802,3.1187440872192385,0.5597536563873291,,64339
12290,402718720,0.1899970199921481,3.1131105422973633,0.5574533939361572,,64332
12300,403046400,0.1894126866047332,3.0446264266967775,0.5537611961364746,,64340
12310,403374080,0.1888300470619763,3.1212543487548827,0.5626797676086426,,64359
12320,403701760,0.18824910410080348,3.097817611694336,0.5607344150543213,,64360
12330,404029440,0.18766986045017167,3.04326171875,0.5483548641204834,,64346
12340,404357120,0.18709231883105468,3.1909257888793947,0.567707633972168,,64355
12350,404684800,0.18651648195643172,3.1510498046875,0.5542702198028564,,64357
12360,405012480,0.18594235253127372,3.105445671081543,0.5525185585021972,,64351
12370,405340160,0.18536993325253082,3.1490671157836916,0.5637991905212403,,64346
12380,405667840,0.18479922680912014,3.1059608459472656,0.5492587089538574,,64342
12390,405995520,0.1842302358819124,3.0585309982299806,0.5575121402740478,,64345
12400,406323200,0.18366296314372033,3.039206123352051,0.5405901432037353,,64359
12410,406650880,0.18309741125928486,3.1485965728759764,0.5665736675262452,,64355
12420,406978560,0.18253358288526406,3.1309423446655273,0.5547760486602783,,64342
12430,407306240,0.18197148067021893,3.0839677810668946,0.5627265930175781,,64326
12440,407633920,0.18141110725460283,3.030788803100586,0.5544184684753418,,64328
12450,407961600,0.1808524652707474,3.088882637023926,0.5643393516540527,,64343
12460,408289280,0.18029555734285163,3.0972946166992186,0.5592445850372314,,64338
12470,408616960,0.1797403860869683,3.1163608551025392,0.5609807968139648,,64317
12480,408944640,0.17918695411099256,3.1151754379272463,0.5562773227691651,,64324
12490,409272320,0.17863526401464913,3.0896554946899415,0.5518145561218262,,64312
12500,409600000,0.17808531838948038,3.107888031005859,0.5597859382629394,,64314
12510,409927680,0.17753711981883438,3.0854265213012697,0.5553169250488281,,64292
12520,410255360,0.17699067087785206,3.131562614440918,0.5590672492980957,,64325
12530,410583040,0.17644597413345592,3.1102058410644533,0.550924015045166,,64322
12540,410910720,0.1759030321443373,3.0881704330444335,0.5518830776214599,,64347
12550,411238400,0.17536184746094474,3.0718069076538086,0.5662600517272949,,64328
12560,411566080,0.17482242262547187,3.079986572265625,0.558350944519043,,64361
12570,411893760,0.17428476017184552,3.1854585647583007,0.5588131904602051,,64353
12580,412221440,0.17374886262571393,3.0969194412231444,0.5541049480438233,,64353
12590,412549120,0.17321473250443453,3.1001983642578126,0.5615458011627197,,64338
12600,412876800,0.1726823723170628,3.057216835021973,0.5559913635253906,,64336
12610,413204480,0.1721517845643391,3.1182641983032227,0.5634582996368408,,64358
12620,413532160,0.1716229717386789,3.0946842193603517,0.5592339038848877,,64335
12630,413859840,0.17109593632415931,3.0890478134155273,0.5612613677978515,,64331
12640,414187520,0.17057068079650856,3.093359184265137,0.5668782711029052,,64358
12650,414515200,0.17004720762309364,3.094257354736328,0.5541106700897217,,64360
12660,414842880,0.1695255192629091,3.0746362686157225,0.5482002258300781,,64348
12670,415170560,0.16900561816656542,3.1308216094970702,0.5708470344543457,,64350
12680,415498240,0.16848750677627727,3.0507431030273438,0.5610857486724854,,64358
12690,415825920,0.1679711875258528,3.079402542114258,0.5489898681640625,,64343
12700,416153600,0.16745666284068098,3.0491010665893556,0.5554734230041504,,64345
12710,416481280,0.16694393513772138,3.0630189895629885,0.5593069553375244,,64354
12720,416808960,0.16643300682549206,3.073281097412109,0.5589723110198974,,64353
12730,417136640,0.16592388030405858,3.063507080078125,0.5548402786254882,,64335
12740,417464320,0.16541655796502264,3.127566337585449,0.5578969478607178,,64313
12750,417792000,0.16491104219151081,3.091910743713379,0.5586973190307617,,64320
12760,418119680,0.16440733535816363,3.0810420989990233,0.5587764263153077,,64337
12770,418447360,0.16390543983112393,3.0279735565185546,0.561681079864502,,64326
12780,418775040,0.1634053579680263,3.0806467056274416,0.5596054077148438,,64322
12790,419102720,0.1629070921179852,3.0755157470703125,0.5593447208404541,,64321
12800,419430400,0.16241064462158505,3.061140251159668,0.5495639324188233,,64322
12810,419758080,0.16191601781086817,3.013433265686035,0.5464293479919433,,64261
12820,420085760,0.1614232140093247,3.0634792327880858,0.5552643775939942,,64309
12830,420413440,0.1609322355318808,3.1111944198608397,0.5588782787322998,,64318
12840,420741120,0.1604430846848886,3.0735639572143554,0.5532479286193848,,64314
12850,421068800,0.15995576376611487,3.100790786743164,0.5527437210083008,,64276
12860,421396480,0.15947027506473016,3.1131914138793944,0.5539821147918701,,64321
12870,421724160,0.15898662086129878,3.036638069152832,0.5599693775177002,,64332
12880,422051840,0.15850480342776696,3.150905990600586,0.566143274307251,,64314
12890,422379520,0.1580248250274533,3.1396602630615233,0.5635590553283691,,64326
12900,422707200,0.1575466879150373,3.0806947708129884,0.5605097770690918,,64331
12910,423034880,0.1570703943365491,3.1118581771850584,0.5621703624725342,,64328
12920,423362560,0.15659594652935896,3.1005992889404297,0.5715341567993164,,64323
12930,423690240,0.15612334672216666,3.177364730834961,0.5709814548492431,,64330
12940,424017920,0.1556525971349913,3.0702322006225584,0.5567440986633301,,64317
12950,424345600,0.15518369997916026,3.033002471923828,0.5636302947998046,,64300
12960,424673280,0.1547166574572997,3.0844900131225588,0.5671580791473388,,64344
12970,425000960,0.15425147176332304,3.065478515625,0.564604663848877,,64334
12980,425328640,0.153788145082422,3.067208671569824,0.5494017124176025,,64320
12990,425656320,0.15332667959105506,3.1324214935302734,0.5598483562469483,,64325
13000,425984000,0.1528670774569385,2.9838109970092774,0.5544650077819824,,64327
13010,426311680,0.15240934083903493,3.0475795745849608,0.5561893463134766,,64299
13020,426639360,0.15195347188754413,3.0338438034057615,0.5592555522918701,,64309
13030,426967040,0.15149947274389244,3.0628475189208983,0.5564632415771484,,64325
13040,427294720,0.15104734554072283,3.1425155639648437,0.5627282142639161,,64337
13050,427622400,0.15059709240188512,3.124095153808594,0.5658468246459961,,64328
13060,427950080,0.1501487154424255,3.103244590759277,0.5617539405822753,,64321
13070,428277760,0.1497022167685772,3.102569580078125,0.5594084739685059,,64318
13080,428605440,0.14925759847775003,3.1015764236450196,0.5650304317474365,,64301
13090,428933120,0.14881486265852079,3.0524471282958983,0.560940170288086,,64321
13100,429260800,0.14837401139062345,3.1405660629272463,0.5640451431274414,,64321
13110,429588480,0.14793504674493946,3.0712764739990233,0.5630071640014649,,64253
13120,429916160,0.14749797078348806,2.9950843811035157,0.556586217880249,,64280
13130,430243840,0.14706278555941604,3.101826858520508,0.5568951606750489,,64298
13140,430571520,0.14662949311698908,3.098923110961914,0.5679187297821044,,64327
13150,430899200,0.14619809549158108,3.127987098693848,0.5672537803649902,,64339
13160,431226880,0.1457685947096655,3.117311477661133,0.5625657558441162,,64333
13170,431554560,0.14534099278880513,3.027837562561035,0.5603918075561524,,64320
13180,431882240,0.14491529173764328,3.1310462951660156,0.5603515148162842,,64323
13190,432209920,0.14449149355589372,3.1324512481689455,0.5716250896453857,,64310
13200,432537600,0.14406960023433169,3.1025381088256836,0.5561335563659668,,64322
13210,432865280,0.14364961375478438,3.0091323852539062,0.5482176780700684,,64247
13220,433192960,0.1432315360901216,3.067001533508301,0.5541560173034668,,64315
13230,433520640,0.14281536920424684,3.1036916732788087,0.5613562583923339,,64335
13240,433848320,0.1424011150520874,3.075301933288574,0.5600072860717773,,64337
13250,434176000,0.141988775579586,3.017992401123047,0.5624571800231933,,64337
13260,434503680,0.14157835272369096,3.049137306213379,0.5667697429656983,,64347
13270,434831360,0.14116984841234742,3.0973039627075196,0.5564483642578125,,64327
13280,435159040,0.14076326456448812,3.0928693771362306,0.560078763961792,,64334
13290,435486720,0.14035860309002474,3.0859806060791017,0.5630049228668212,,64309
13300,435814400,0.1399558658898386,3.0580677032470702,0.5562626361846924,,64323
13310,436142080,0.13955505485577163,3.046254348754883,0.5611466407775879,,64264
13320,436469760,0.13915617187061802,3.025209426879883,0.5598049163818359,,64323
13330,436797440,0.13875921880811476,3.1362600326538086,0.5686084270477295,,64320
13340,437125120,0.13836419753293316,3.1204967498779297,0.5607903003692627,,64326
13350,437452800,0.13797110990066996,3.067038917541504,0.5600293636322021,,64311
13360,437780480,0.137579957757839,3.0721408843994142,0.5686756610870362,,64317
13370,438108160,0.13719074294186187,3.0843173980712892,0.5632067680358886,,64327
13380,438435840,0.1368034672810598,3.1601097106933596,0.5675521850585937,,64313
13390,438763520,0.13641813259464494,3.0636653900146484,0.5616464614868164,,64317
13400,439091200,0.13603474069271163,3.0327264785766603,0.5582651138305664,,64308
13410,439418880,0.1356532933762284,3.0595623016357423,0.5701057434082031,,64296
13420,439746560,0.13527379243702872,3.047071647644043,0.5596212387084961,,64308
13430,440074240,0.1348962396578035,3.10111141204834,0.5672337532043457,,64294
13440,440401920,0.13452063681209184,3.0281373977661135,0.5563819408416748,,64312
13450,440729600,0.13414698566427333,3.1188337326049806,0.5632919788360595,,64306
13460,441057280,0.1337752879695594,3.0779417037963865,0.5672868728637696,,64325
13470,441384960,0.1334055454739853,3.1140092849731444,0.5687085151672363,,64318
13480,441712640,0.13303775991440192,3.116934967041016,0.5620291709899903,,64317
13490,442040320,0.1326719330184672,3.0242441177368162,0.5524423599243165,,64287
13500,442368000,0.13230806650463867,3.0779584884643554,0.5621140480041504,,64311
13510,442695680,0.13194616208216495,3.117580795288086,0.5666066646575928,,64261
13520,443023360,0.13158622145107762,3.121460723876953,0.5702790737152099,,64307
13530,443351040,0.1312282463021836,3.03869686126709,0.5582961082458496,,64300
13540,443678720,0.13087223831705705,3.0517351150512697,0.5601695537567138,,64310
13550,444006400,0.13051819916803145,2.9887411117553713,0.5524612426757812,,64308
13560,444334080,0.1301661305181917,3.0894182205200194,0.5692953586578369,,64315
13570,444661760,0.12981603402136632,3.0736671447753907,0.5623300552368165,,64317
13580,444989440,0.1294679113221197,3.0500925064086912,0.5590555191040039,,64290
13590,445317120,0.12912176405574471,3.132741355895996,0.5748091220855713,,64333
13600,445644800,0.12877759384825416,3.078665924072266,0.5666232585906983,,64308
13610,445972480,0.12843540231637426,3.01342887878418,0.5636735916137695,,64242
13620,446300160,0.1280951910675361,3.036385726928711,0.5714784622192383,,64321
13630,446627840,0.12775696169986858,3.042205047607422,0.5662638187408447,,64313
13640,446955520,0.12742071580219075,3.06806640625,0.5902390480041504,,64312
13650,447283200,0.12708645495400447,3.068485069274902,0.5597510814666748,,64320
13660,447610880,0.1267541807254869,3.0842647552490234,0.5584414005279541,,64315
13670,447938560,0.12642389467748305,3.039897346496582,0.5672736167907715,,64321
13680,448266240,0.12609559836149858,3.0676668167114256,0.5661075592041016,,64322
13690,448593920,0.12576929331969258,3.0154191970825197,0.5550318241119385,,64309
13700,448921600,0.12544498108486998,2.9988292694091796,0.5678266048431396,,64313
13710,449249280,0.12512266318047466,3.090829277038574,0.5618617534637451,,64261
13720,449576960,0.12480234112058225,3.031263542175293,0.5546095848083497,,64335
13730,449904640,0.12448401640989308,3.0588603973388673,0.5638295173645019,,64295
13740,450232320,0.12416769054372481,3.0637617111206055,0.567531681060791,,64324
13750,450560000,0.12385336500800571,3.1330282211303713,0.5697736740112305,,64311
13760,450887680,0.12354104127926756,3.0256416320800783,0.5700538158416748,,64321
13770,451215360,0.12323072082463879,3.0641357421875,0.5574203491210937,,64315
13780,451543040,0.12292240510183737,3.1040977478027343,0.5677282333374023,,64321
13790,451870720,0.12261609555916432,3.1060930252075196,0.5590553760528565,,64321
13800,452198400,0.1223117936354966,3.0023014068603517,0.5570066452026368,,64323
13810,452526080,0.1220095007602805,3.0767135620117188,0.5716582775115967,,64287
13820,452853760,0.1217092183535248,3.1158349990844725,0.5696750164031983,,64335
13830,453181440,0.12141094782579417,3.128221130371094,0.5683808326721191,,64346
13840,453509120,0.12111469057820282,3.1374656677246096,0.5696202278137207,,64339
13850,453836800,0.12082044800240728,3.0491641998291015,0.5662289619445801,,64336
13860,454164480,0.12052822148060055,3.07724609375,0.5580131530761718,,64336
13870,454492160,0.12023801238550516,3.0289146423339846,0.5652073860168457,,64337
13880,454819840,0.11994982208036684,3.0999755859375,0.5758282661437988,,64322
13890,455147520,0.1196636519189481,3.141231155395508,0.5708883285522461,,64320
13900,455475200,0.11937950324552202,3.0411815643310547,0.5665367603302002,,64314
13910,455802880,0.11909737739486582,3.046477508544922,0.562699556350708,,64323
13920,456130560,0.1188172756922545,3.070439338684082,0.5665442466735839,,64337
13930,456458240,0.1185391994534547,3.0465850830078125,0.5733852863311768,,64349
13940,456785920,0.1182631499847186,3.128153419494629,0.5687731742858887,,64352
13950,457113600,0.11798912858277767,3.0946786880493162,0.5711435794830322,,64347
13960,457441280,0.11771713653483655,3.071244812011719,0.5739174842834472,,64346
13970,457768960,0.1174471751185673,3.0211359024047852,0.5683973789215088,,64325
13980,458096640,0.1171792456021029,3.0877891540527345,0.5878290176391602,,64333
13990,458424320,0.11691334924403168,3.1010379791259766,0.5703799247741699,,64330
14000,458752000,0.11664948729339125,3.0260997772216798,0.5594497680664062,,64336
14010,459079680,0.1163876609896627,3.116576385498047,0.5697204113006592,,64287
14020,459407360,0.11612787156276486,3.077794647216797,0.5604447364807129,,64324
14030,459735040,0.11587012023304813,3.1018882751464845,0.5652748107910156,,64327
14040,460062720,0.1156144082112893,3.051462745666504,0.5714531898498535,,64318
14050,460390400,0.11536073669868546,3.0991092681884767,0.5660950183868408,,64311
14060,460718080,0.11510910688684858,3.029999351501465,0.564855432510376,,64341
14070,461045760,0.1148595199577997,2.9900320053100584,0.5601141929626465,,64335
14080,461373440,0.11461197708396349,3.039588737487793,0.5709291458129883,,64343
14090,461701120,0.11436647942816297,3.0732547760009767,0.5692038059234619,,64338
14100,462028800,0.11412302814361354,3.0738704681396483,0.5775272369384765,,64325
14110,462356480,0.11388162437391813,3.0328948974609373,0.5612782001495361,,64285
14120,462684160,0.11364226925306124,3.0793472290039063,0.5731884956359863,,64344
14130,463011840,0.11340496390540424,3.0876785278320313,0.5600647449493408,,64352
14140,463339520,0.1131697094456795,3.0992589950561524,0.5708291530609131,,64360
14150,463667200,0.11293650697898572,3.084293746948242,0.5677519798278808,,64339
14160,463994880,0.11270535760078214,3.0813045501708984,0.5656291484832764,,64361
14170,464322560,0.11247626239688388,3.0853233337402344,0.5627431869506836,,64345
14180,464650240,0.11224922244345657,3.0429224014282226,0.5668124198913574,,64355
14190,464977920,0.1120242388070114,3.065873718261719,0.5719922542572021,,64357
14200,465305600,0.11180131254440019,3.1182708740234375,0.5765299320220947,,64339
14210,465633280,0.1115804447028102,3.0582738876342774,0.5685539722442627,,64307
14220,465960960,0.11136163631975948,3.1012174606323244,0.5788713455200195,,64337
14230,466288640,0.11114488842309167,3.119928550720215,0.5856196403503418,,64341
14240,466616320,0.11093020203097147,3.132083511352539,0.5818504810333252,,64344
14250,466944000,0.11071757815187974,2.984598731994629,0.559638786315918,,64358
14260,467271680,0.11050701778460868,3.0150732040405273,0.5607851028442383,,64354
14270,467599360,0.11029852191825738,3.037948226928711,0.5704764366149903,,64347
14280,467927040,0.11009209153222692,3.012675476074219,0.5653416156768799,,64359
14290,468254720,0.1098877275962159,3.067801666259766,0.5700035572052002,,64345
14300,468582400,0.10968543107021578,3.0684154510498045,0.5596162796020507,,64340
14310,468910080,0.10948520290450654,3.1277090072631837,0.5669293880462647,,64314
14320,469237760,0.10928704403965202,3.0720827102661135,0.5675351619720459,,64344
14330,469565440,0.10909095540649572,3.06187744140625,0.5725645065307617,,64337
14340,469893120,0.10889693792615628,3.0458240509033203,0.5671527862548829,,64315
14350,470220800,0.10870499251002304,3.0672012329101563,0.5706910133361817,,64334
14360,470548480,0.10851512005975213,3.104570198059082,0.5721501350402832,,64336
14370,470876160,0.10832732146726176,3.069487380981445,0.5653532028198243,,64337
14380,471203840,0.10814159761472848,3.075362205505371,0.5697249889373779,,64357
14390,471531520,0.10795794937458267,3.0721282958984375,0.5612725257873535,,64340
14400,471859200,0.1077763776095048,3.061327362060547,0.5717185974121094,,64347
14410,472186880,0.107596883172421,3.0929000854492186,0.5831853866577148,,64296
14420,472514560,0.10741946690649931,3.07415657043457,0.564683198928833,,64348
14430,472842240,0.10724412964514562,3.0963563919067383,0.5724123001098633,,64343
14440,473169920,0.10707087221199973,3.0380712509155274,0.564297866821289,,64330
14450,473497600,0.10689969542093168,3.04366455078125,0.5633716106414794,,64334
14460,473825280,0.10673060007603764,3.1404592514038088,0.5673541069030762,,64350
14470,474152960,0.10656358697163638,3.043980598449707,0.5704367637634278,,64350
14480,474480640,0.10639865689226519,3.054943084716797,0.5648783683776856,,64349
14490,474808320,0.10623581061267677,3.0619361877441404,0.5679176330566407,,64326
14500,475136000,0.10607504889783496,3.057433319091797,0.5767760753631592,,64332
14510,475463680,0.10591637250291171,3.0435811996459963,0.5646555900573731,,64300
14520,475791360,0.10575978217328301,3.0800216674804686,0.5710361003875732,,64315
14530,476119040,0.10560527864452576,3.108857345581055,0.569555139541626,,64342
14540,476446720,0.10545286264241416,3.037843132019043,0.5672830581665039,,64338
14550,476774400,0.10530253488291638,3.0117633819580076,0.5715653419494628,,64347
14560,477102080,0.1051542960721912,3.0837793350219727,0.5804786205291748,,64352
14570,477429760,0.10500814690658448,3.03529052734375,0.5694190979003906,,64342
14580,477757440,0.10486408807262619,3.105613136291504,0.5767514705657959,,64328
14590,478085120,0.104722120247027,3.0276378631591796,0.5632462978363038,,64335
14600,478412800,0.10458224409667521,3.060477066040039,0.5637316703796387,,64334
14610,478740480,0.10444446027863345,3.094788932800293,0.5722588539123535,,64273
14620,479068160,0.10430876944013576,3.0541786193847655,0.5839741230010986,,64332
14630,479395840,0.10417517221858452,3.0697784423828125,0.5696536064147949,,64330
14640,479723520,0.1040436692415474,3.053707313537598,0.569157075881958,,64361
14650,480051200,0.10391426112675443,3.0714065551757814,0.572903823852539,,64343
14660,480378880,0.10378694848209509,3.1041328430175783,0.5699506759643554,,64353
14670,480706560,0.10366173190561558,3.0776885986328124,0.5744219303131104,,64338
14680,481034240,0.10353861198551571,3.0292924880981444,0.5787010192871094,,64344
14690,481361920,0.10341758930014654,3.0449090957641602,0.5649811267852783,,64349
14700,481689600,0.10329866441800734,3.130803871154785,0.5835383415222168,,64343
14710,482017280,0.10318183789774295,3.1455331802368165,0.5905835628509521,,64279
14720,482344960,0.10306711028814143,3.056082916259766,0.5721088409423828,,64343
14730,482672640,0.10295448212813114,3.0830312728881837,0.5729347229003906,,64354
14740,483000320,0.10284395394677846,3.036446952819824,0.5755284786224365,,64335
14750,483328000,0.10273552626328514,3.0509737014770506,0.5728755950927734,,64338
14760,483655680,0.10262919958698588,3.026917266845703,0.5725862503051757,,64349
14770,483983360,0.10252497441734616,2.99580078125,0.5761930465698242,,64351
14780,484311040,0.10242285124395946,3.068368911743164,0.5732198715209961,,64348
14790,484638720,0.10232283054654547,3.102960205078125,0.5806103229522706,,64360
14800,484966400,0.10222491279494736,3.0859359741210937,0.5731791973114013,,64336
14810,485294080,0.10212909844913001,3.088880157470703,0.5889266967773438,,64322
14820,485621760,0.10203538795917738,3.055047035217285,0.5651929378509521,,64333
14830,485949440,0.101943781765291,3.0247451782226564,0.5645221710205078,,64320
14840,486277120,0.10185428029778715,2.9658788681030273,0.568761682510376,,64300
14850,486604800,0.1017668839770955,3.0588346481323243,0.5740064144134521,,64303
14860,486932480,0.10168159321375685,3.081867218017578,0.58424072265625,,64307
14870,487260160,0.10159840840842116,3.0306846618652346,0.5689090728759766,,64327
14880,487587840,0.1015173299518458,3.0034206390380858,0.5647192001342773,,64334
14890,487915520,0.10143835822489358,3.0873817443847655,0.5777328968048095,,64330
14900,488243200,0.10136149359853108,3.050065040588379,0.5732645034790039,,64328
14910,488570880,0.10128673643382681,2.9657575607299806,0.5667784214019775,,64288
14920,488898560,0.10121408708194966,3.0681842803955077,0.577176856994629,,64329
14930,489226240,0.10114354588416707,3.0561981201171875,0.5756687641143798,,64344
14940,489553920,0.1010751131718435,3.006189155578613,0.5798917770385742,,64348
14950,489881600,0.10100878926643891,3.0521417617797852,0.5661892890930176,,64295
14960,490209280,0.1009445744795073,2.982848358154297,0.5652530193328857,,64336
14970,490536960,0.10088246911269502,3.0449701309204102,0.5764833927154541,,64313
14980,490864640,0.1008224734577396,3.0945999145507814,0.5797786712646484,,64321
14990,491192320,0.10076458779646827,3.103572654724121,0.5830413818359375,,64332
15000,491520000,0.10070881240079659,3.0554477691650392,0.5832726955413818,,64315
15010,491847680,0.10065514753272739,3.0496444702148438,0.5785261631011963,,64300
15020,492175360,0.10060359344434912,3.059231185913086,0.5816036224365234,,64333
15030,492503040,0.10055415037783517,3.077320098876953,0.5837143421173095,,64335
15040,492830720,0.10050681856544236,3.079534149169922,0.5778463840484619,,64330
15050,493158400,0.10046159822951001,3.05572566986084,0.5853427886962891,,64327
15060,493486080,0.10041848958245882,2.9874496459960938,0.5670745849609375,,64323
15070,493813760,0.10037749282679005,3.086115074157715,0.5809338569641114,,64339
15080,494141440,0.10033860815508432,3.107117462158203,0.5797677516937256,,64350
15090,494469120,0.10030183575000079,3.0742046356201174,0.5771022319793702,,64331
15100,494796800,0.10026717578427634,3.0713199615478515,0.5713607788085937,,64341
15110,495124480,0.10023462842072489,3.050942802429199,0.5817991256713867,,64285
15120,495452160,0.1002041938122364,3.165721130371094,0.584177827835083,,64361
15130,495779840,0.10017587210177614,3.0546106338500976,0.5759630680084229,,64350
15140,496107520,0.10014966342238431,3.080407905578613,0.5764980792999268,,64359
15150,496435200,0.10012556789717511,3.105076789855957,0.5829206943511963,,64345
15160,496762880,0.1001035856393363,3.038140296936035,0.5732174873352051,,64326
15170,497090560,0.1000837167521287,3.0732700347900392,0.574455451965332,,64328
15180,497418240,0.10006596132888562,3.0330488204956056,0.5705058097839355,,64327
15190,497745920,0.10005031945301247,3.0275880813598635,0.5707141399383545,,64344
15200,498073600,0.10003679119798632,3.0864349365234376,0.5758845806121826,,64360
15210,498401280,0.10002537662735562,3.0421001434326174,0.5701998233795166,,64359
15220,498728960,0.1000160757947399,3.029675102233887,0.5717366218566895,,64362
15230,499056640,0.10000888874382939,3.067254638671875,0.5815688610076905,,64376
15240,499384320,0.100003815508385,3.079935646057129,0.5777510166168213,,64359
15250,499712000,0.10000085611223805,3.0509323120117187,0.572980546951294,,64357
15258,499974144,0.1000000105692902,3.0429835319519043,0.580937385559082,,64329
