time,t_s,edge_c,junction_c,mem_c,power_w,sclk_mhz,mclk_mhz,fan,vram_used_gib
2026-10-04T19:20:32,0.0,63.0,,67.0,572.45,1980.0,2619.0,,42.89
2026-10-04T19:20:42,10.0,61.0,,66.0,570.59,1980.0,2619.0,,45.13
2026-10-04T19:20:52,20.1,63.0,,66.0,566.29,1980.0,2619.0,,47.83
2026-10-04T19:21:02,30.1,62.0,,65.0,579.31,1980.0,2619.0,,47.83
2026-10-04T19:21:12,40.2,62.0,,66.0,574.8,1980.0,2619.0,,47.83
2026-10-04T19:21:22,50.2,62.0,,66.0,572.9,1980.0,2619.0,,53.65
2026-10-04T19:21:32,60.3,62.0,,67.0,576.31,1980.0,2619.0,,59.34
2026-10-04T19:21:42,70.3,63.0,,66.0,572.69,1980.0,2619.0,,59.34
2026-10-04T19:21:52,80.3,62.0,,67.0,570.51,1980.0,2619.0,,59.34
2026-10-04T19:22:02,90.4,62.0,,65.0,572.93,1980.0,2619.0,,59.34
2026-10-04T19:22:12,100.4,62.0,,66.0,575.85,1980.0,2619.0,,59.34
2026-10-04T19:22:22,110.5,62.0,,64.0,580.87,1980.0,2619.0,,59.34
2026-10-04T19:22:32,120.6,62.0,,66.0,580.22,1980.0,2619.0,,59.34
2026-10-04T19:22:42,130.6,62.0,,67.0,577.97,1980.0,2619.0,,59.34
2026-10-04T19:22:52,140.7,63.0,,66.0,582.89,1980.0,2619.0,,59.34
2026-10-04T19:23:02,150.7,63.0,,67.0,571.67,1980.0,2619.0,,59.34
2026-10-04T19:23:12,160.7,63.0,,66.0,571.42,1980.0,2619.0,,59.34
2026-10-04T19:23:22,170.8,63.0,,66.0,578.08,1980.0,2619.0,,59.34
2026-10-04T19:23:32,180.8,62.0,,66.0,586.35,1980.0,2619.0,,59.34
2026-10-04T19:23:42,190.9,63.0,,66.0,575.59,1980.0,2619.0,,59.34
2026-10-04T19:23:53,200.9,63.0,,66.0,573.75,1980.0,2619.0,,59.34
2026-10-04T19:24:03,211.0,62.0,,68.0,573.68,1980.0,2619.0,,59.34
2026-10-04T19:24:13,221.0,63.0,,67.0,576.14,1980.0,2619.0,,59.34
2026-10-04T19:24:23,231.0,63.0,,65.0,575.49,1980.0,2619.0,,59.34
2026-10-04T19:24:33,241.1,62.0,,66.0,573.37,1980.0,2619.0,,59.34
2026-10-04T19:24:43,251.1,63.0,,67.0,570.72,1980.0,2619.0,,59.34
2026-10-04T19:24:53,261.2,63.0,,67.0,579.1,1980.0,2619.0,,59.34
2026-10-04T19:25:03,271.2,63.0,,66.0,581.29,1980.0,2619.0,,59.34
2026-10-04T19:25:13,281.3,63.0,,66.0,572.9,1980.0,2619.0,,59.34
2026-10-04T19:25:23,291.3,63.0,,66.0,576.67,1980.0,2619.0,,59.34
2026-10-04T19:25:33,301.3,64.0,,67.0,584.96,1980.0,2619.0,,59.34
2026-10-04T19:25:43,311.4,63.0,,68.0,572.12,1980.0,2619.0,,59.34
2026-10-04T19:25:53,321.4,63.0,,68.0,583.87,1980.0,2619.0,,59.34
2026-10-04T19:26:03,331.5,63.0,,66.0,576.98,1980.0,2619.0,,59.34
2026-10-04T19:26:13,341.5,63.0,,68.0,578.48,1980.0,2619.0,,59.34
2026-10-04T19:26:23,351.6,63.0,,66.0,573.01,1980.0,2619.0,,59.34
2026-10-04T19:26:33,361.6,63.0,,66.0,574.94,1980.0,2619.0,,59.34
2026-10-04T19:26:43,371.7,63.0,,66.0,580.47,1980.0,2619.0,,59.34
2026-10-04T19:26:53,381.7,63.0,,67.0,575.69,1980.0,2619.0,,59.34
2026-10-04T19:27:03,391.7,62.0,,66.0,580.38,1980.0,2619.0,,59.34
2026-10-04T19:27:13,401.8,62.0,,66.0,571.71,1980.0,2619.0,,59.34
2026-10-04T19:27:23,411.8,63.0,,66.0,574.68,1980.0,2619.0,,59.34
2026-10-04T19:27:33,421.9,62.0,,67.0,580.92,1980.0,2619.0,,59.34
2026-10-04T19:27:44,431.9,62.0,,68.0,578.54,1980.0,2619.0,,59.34
2026-10-04T19:27:54,442.0,62.0,,66.0,576.69,1980.0,2619.0,,59.34
2026-10-04T19:28:04,452.0,63.0,,66.0,579.88,1980.0,2619.0,,59.34
2026-10-04T19:28:14,462.0,63.0,,66.0,581.23,1980.0,2619.0,,59.34
2026-10-04T19:28:24,472.1,62.0,,67.0,574.53,1980.0,2619.0,,59.34
2026-10-04T19:28:34,482.1,63.0,,66.0,581.62,1980.0,2619.0,,59.34
2026-10-04T19:28:44,492.2,63.0,,67.0,573.81,1980.0,2619.0,,59.34
2026-10-04T19:28:54,502.2,63.0,,66.0,580.9,1980.0,2619.0,,59.34
2026-10-04T19:29:04,512.2,63.0,,66.0,573.94,1980.0,2619.0,,59.34
2026-10-04T19:29:14,522.3,63.0,,66.0,573.15,1980.0,2619.0,,59.34
2026-10-04T19:29:24,532.3,63.0,,66.0,584.75,1980.0,2619.0,,59.34
2026-10-04T19:29:34,542.4,63.0,,67.0,585.17,1980.0,2619.0,,59.34
2026-10-04T19:29:44,552.4,62.0,,66.0,575.25,1980.0,2619.0,,59.34
2026-10-04T19:29:54,562.5,63.0,,67.0,581.07,1980.0,2619.0,,59.34
2026-10-04T19:30:04,572.5,63.0,,68.0,582.23,1980.0,2619.0,,59.34
2026-10-04T19:30:14,582.6,63.0,,67.0,576.12,1980.0,2619.0,,59.34
2026-10-04T19:30:24,592.6,62.0,,67.0,573.84,1980.0,2619.0,,59.34
2026-10-04T19:30:34,602.7,63.0,,68.0,578.6,1980.0,2619.0,,59.34
2026-10-04T19:30:44,612.7,63.0,,68.0,572.23,1980.0,2619.0,,59.34
2026-10-04T19:30:54,622.8,63.0,,67.0,582.54,1980.0,2619.0,,59.34
2026-10-04T19:31:04,632.8,63.0,,66.0,579.52,1980.0,2619.0,,59.34
2026-10-04T19:31:15,642.9,63.0,,66.0,574.38,1980.0,2619.0,,59.34
2026-10-04T19:31:25,652.9,63.0,,66.0,577.54,1980.0,2619.0,,59.34
2026-10-04T19:31:35,663.0,63.0,,66.0,575.07,1980.0,2619.0,,59.34
2026-10-04T19:31:45,673.1,63.0,,68.0,577.76,1980.0,2619.0,,59.34
2026-10-04T19:31:55,683.1,63.0,,66.0,580.96,1980.0,2619.0,,59.34
2026-10-04T19:32:05,693.1,62.0,,67.0,578.47,1980.0,2619.0,,59.34
2026-10-04T19:32:15,703.2,63.0,,66.0,580.88,1980.0,2619.0,,59.34
2026-10-04T19:32:25,713.2,62.0,,66.0,577.14,1980.0,2619.0,,59.34
2026-10-04T19:32:35,723.3,62.0,,66.0,580.96,1980.0,2619.0,,59.34
2026-10-04T19:32:45,733.3,63.0,,67.0,571.1,1980.0,2619.0,,59.34
2026-10-04T19:32:55,743.3,63.0,,66.0,576.75,1980.0,2619.0,,59.34
2026-10-04T19:33:05,753.4,62.0,,67.0,571.1,1980.0,2619.0,,59.34
2026-10-04T19:33:15,763.4,63.0,,66.0,584.35,1980.0,2619.0,,59.34
2026-10-04T19:33:25,773.5,63.0,,68.0,582.08,1980.0,2619.0,,59.34
2026-10-04T19:33:35,783.5,62.0,,67.0,578.97,1980.0,2619.0,,59.34
2026-10-04T19:33:45,793.6,62.0,,68.0,577.01,1980.0,2619.0,,59.34
2026-10-04T19:33:55,803.7,63.0,,67.0,575.97,1980.0,2619.0,,59.34
2026-10-04T19:34:05,813.7,63.0,,68.0,573.31,1980.0,2619.0,,59.34
2026-10-04T19:34:15,823.8,63.0,,69.0,573.36,1980.0,2619.0,,59.34
2026-10-04T19:34:25,833.8,63.0,,67.0,582.53,1980.0,2619.0,,59.34
2026-10-04T19:34:35,843.8,63.0,,66.0,581.26,1980.0,2619.0,,59.34
2026-10-04T19:34:45,853.9,63.0,,66.0,580.76,1980.0,2619.0,,59.34
2026-10-04T19:34:56,864.0,63.0,,66.0,582.14,1980.0,2619.0,,59.34
2026-10-04T19:35:06,874.0,63.0,,67.0,580.18,1980.0,2619.0,,59.34
2026-10-04T19:35:16,884.0,63.0,,68.0,583.18,1980.0,2619.0,,59.34
2026-10-04T19:35:26,894.1,63.0,,68.0,568.7,1980.0,2619.0,,59.34
2026-10-04T19:35:36,904.1,63.0,,66.0,580.51,1980.0,2619.0,,59.34
2026-10-04T19:35:46,914.2,63.0,,67.0,580.77,1980.0,2619.0,,59.34
2026-10-04T19:35:56,924.2,63.0,,67.0,573.29,1980.0,2619.0,,59.34
2026-10-04T19:36:06,934.2,63.0,,66.0,573.41,1980.0,2619.0,,59.34
2026-10-04T19:36:16,944.3,63.0,,66.0,575.75,1980.0,2619.0,,59.34
2026-10-04T19:36:26,954.4,63.0,,67.0,579.24,1980.0,2619.0,,59.34
2026-10-04T19:36:36,964.4,63.0,,66.0,577.87,1980.0,2619.0,,59.34
2026-10-04T19:36:46,974.4,62.0,,67.0,576.35,1980.0,2619.0,,59.34
2026-10-04T19:36:56,984.5,63.0,,68.0,569.44,1980.0,2619.0,,59.34
2026-10-04T19:37:06,994.5,62.0,,66.0,577.01,1980.0,2619.0,,59.34
2026-10-04T19:37:16,1004.6,63.0,,66.0,582.3,1980.0,2619.0,,59.34
2026-10-04T19:37:26,1014.6,63.0,,66.0,581.52,1980.0,2619.0,,59.34
2026-10-04T19:37:36,1024.7,63.0,,66.0,576.19,1980.0,2619.0,,59.34
2026-10-04T19:37:46,1034.7,63.0,,66.0,579.16,1980.0,2619.0,,59.34
2026-10-04T19:37:56,1044.7,63.0,,68.0,579.08,1980.0,2619.0,,59.34
2026-10-04T19:38:06,1054.8,63.0,,66.0,580.17,1980.0,2619.0,,59.34
2026-10-04T19:38:16,1064.8,63.0,,66.0,576.07,1980.0,2619.0,,59.34
2026-10-04T19:38:26,1074.9,63.0,,67.0,574.34,1980.0,2619.0,,59.34
2026-10-04T19:38:37,1084.9,63.0,,68.0,574.13,1980.0,2619.0,,59.34
2026-10-04T19:38:47,1095.0,62.0,,66.0,580.11,1980.0,2619.0,,59.34
2026-10-04T19:38:57,1105.0,62.0,,67.0,576.91,1980.0,2619.0,,59.34
2026-10-04T19:39:07,1115.0,63.0,,66.0,575.36,1980.0,2619.0,,59.34
2026-10-04T19:39:17,1125.1,63.0,,67.0,573.24,1980.0,2619.0,,59.34
2026-10-04T19:39:27,1135.1,63.0,,66.0,586.04,1980.0,2619.0,,59.34
2026-10-04T19:39:37,1145.2,62.0,,67.0,573.29,1980.0,2619.0,,59.34
2026-10-04T19:39:47,1155.2,63.0,,67.0,577.8,1980.0,2619.0,,59.34
2026-10-04T19:39:57,1165.3,63.0,,65.0,576.21,1980.0,2619.0,,59.34
2026-10-04T19:40:07,1175.3,62.0,,67.0,576.38,1980.0,2619.0,,59.34
2026-10-04T19:40:17,1185.4,63.0,,66.0,571.66,1980.0,2619.0,,59.34
2026-10-04T19:40:27,1195.4,63.0,,66.0,578.38,1980.0,2619.0,,59.34
2026-10-04T19:40:37,1205.4,63.0,,66.0,564.96,1980.0,2619.0,,59.34
2026-10-04T19:40:47,1215.5,63.0,,66.0,571.99,1980.0,2619.0,,59.34
2026-10-04T19:40:57,1225.5,62.0,,67.0,585.61,1980.0,2619.0,,59.34
2026-10-04T19:41:07,1235.6,62.0,,66.0,579.62,1980.0,2619.0,,59.34
2026-10-04T19:41:17,1245.6,63.0,,66.0,584.67,1980.0,2619.0,,59.34
2026-10-04T19:41:27,1255.7,62.0,,66.0,578.28,1980.0,2619.0,,59.34
2026-10-04T19:41:37,1265.8,62.0,,68.0,575.97,1980.0,2619.0,,59.34
2026-10-04T19:41:47,1275.8,63.0,,68.0,577.51,1980.0,2619.0,,59.34
2026-10-04T19:41:57,1285.8,63.0,,66.0,580.5,1980.0,2619.0,,59.34
2026-10-04T19:42:07,1295.9,63.0,,69.0,582.63,1980.0,2619.0,,59.34
2026-10-04T19:42:18,1305.9,64.0,,68.0,575.28,1980.0,2619.0,,59.34
2026-10-04T19:42:28,1316.0,64.0,,66.0,576.71,1980.0,2619.0,,59.34
2026-10-04T19:42:38,1326.0,63.0,,68.0,578.48,1980.0,2619.0,,59.34
2026-10-04T19:42:48,1336.0,64.0,,66.0,579.7,1980.0,2619.0,,59.34
2026-10-04T19:42:58,1346.1,63.0,,68.0,570.66,1980.0,2619.0,,59.34
2026-10-04T19:43:08,1356.2,63.0,,66.0,586.76,1980.0,2619.0,,59.34
2026-10-04T19:43:18,1366.2,63.0,,66.0,576.97,1980.0,2619.0,,59.34
2026-10-04T19:43:28,1376.3,63.0,,68.0,572.6,1980.0,2619.0,,59.34
2026-10-04T19:43:38,1386.3,64.0,,67.0,580.84,1980.0,2619.0,,59.34
2026-10-04T19:43:48,1396.3,63.0,,67.0,585.16,1980.0,2619.0,,59.34
2026-10-04T19:43:58,1406.4,63.0,,68.0,584.11,1980.0,2619.0,,59.34
2026-10-04T19:44:08,1416.4,63.0,,68.0,572.94,1980.0,2619.0,,59.34
2026-10-04T19:44:18,1426.5,63.0,,66.0,581.43,1980.0,2619.0,,59.34
2026-10-04T19:44:28,1436.5,63.0,,67.0,577.35,1980.0,2619.0,,59.34
2026-10-04T19:44:38,1446.6,63.0,,66.0,572.3,1980.0,2619.0,,59.34
2026-10-04T19:44:48,1456.6,63.0,,67.0,576.03,1980.0,2619.0,,59.34
2026-10-04T19:44:58,1466.7,63.0,,67.0,581.57,1980.0,2619.0,,59.34
2026-10-04T19:45:08,1476.7,62.0,,68.0,574.48,1980.0,2619.0,,59.34
2026-10-04T19:45:18,1486.7,63.0,,67.0,574.97,1980.0,2619.0,,59.34
2026-10-04T19:45:28,1496.8,63.0,,65.0,575.94,1980.0,2619.0,,59.34
2026-10-04T19:45:38,1506.8,63.0,,68.0,581.94,1980.0,2619.0,,59.34
2026-10-04T19:45:48,1516.9,62.0,,67.0,575.87,1980.0,2619.0,,59.34
2026-10-04T19:45:59,1526.9,63.0,,67.0,583.98,1980.0,2619.0,,59.34
2026-10-04T19:46:09,1537.0,63.0,,67.0,583.02,1980.0,2619.0,,59.34
2026-10-04T19:46:19,1547.1,63.0,,68.0,579.61,1980.0,2619.0,,59.34
2026-10-04T19:46:29,1557.1,63.0,,66.0,580.24,1980.0,2619.0,,59.34
2026-10-04T19:46:39,1567.1,63.0,,66.0,579.1,1980.0,2619.0,,59.34
2026-10-04T19:46:49,1577.2,63.0,,68.0,582.93,1980.0,2619.0,,59.34
2026-10-04T19:46:59,1587.2,63.0,,67.0,582.57,1980.0,2619.0,,59.34
2026-10-04T19:47:09,1597.3,63.0,,68.0,576.69,1980.0,2619.0,,59.34
2026-10-04T19:47:19,1607.3,63.0,,66.0,582.84,1980.0,2619.0,,59.34
2026-10-04T19:47:29,1617.4,62.0,,66.0,580.84,1980.0,2619.0,,59.34
2026-10-04T19:47:39,1627.4,62.0,,67.0,570.83,1980.0,2619.0,,59.34
2026-10-04T19:47:49,1637.4,63.0,,66.0,579.99,1980.0,2619.0,,59.34
2026-10-04T19:47:59,1647.5,63.0,,66.0,576.12,1980.0,2619.0,,59.34
2026-10-04T19:48:09,1657.5,62.0,,68.0,576.3,1980.0,2619.0,,59.34
2026-10-04T19:48:19,1667.6,63.0,,68.0,568.62,1980.0,2619.0,,59.34
2026-10-04T19:48:29,1677.6,63.0,,66.0,571.2,1980.0,2619.0,,59.34
2026-10-04T19:48:39,1687.6,62.0,,66.0,571.17,1980.0,2619.0,,59.34
2026-10-04T19:48:49,1697.7,63.0,,67.0,576.05,1980.0,2619.0,,59.34
2026-10-04T19:48:59,1707.7,62.0,,67.0,582.1,1980.0,2619.0,,59.34
2026-10-04T19:49:09,1717.8,63.0,,67.0,577.41,1980.0,2619.0,,59.34
2026-10-04T19:49:19,1727.8,63.0,,66.0,573.54,1980.0,2619.0,,59.34
2026-10-04T19:49:29,1737.9,63.0,,66.0,570.25,1980.0,2619.0,,59.34
2026-10-04T19:49:40,1747.9,63.0,,67.0,578.21,1980.0,2619.0,,59.34
2026-10-04T19:49:50,1758.0,63.0,,67.0,578.94,1980.0,2619.0,,59.34
2026-10-04T19:50:00,1768.0,62.0,,67.0,576.28,1980.0,2619.0,,59.34
2026-10-04T19:50:10,1778.1,63.0,,67.0,577.15,1980.0,2619.0,,59.34
2026-10-04T19:50:20,1788.1,63.0,,66.0,578.86,1980.0,2619.0,,59.34
2026-10-04T19:50:30,1798.2,63.0,,68.0,573.76,1980.0,2619.0,,59.34
2026-10-04T19:50:40,1808.2,62.0,,68.0,581.97,1980.0,2619.0,,59.34
2026-10-04T19:50:50,1818.3,63.0,,67.0,579.66,1980.0,2619.0,,59.34
2026-10-04T19:51:00,1828.3,63.0,,67.0,581.26,1980.0,2619.0,,59.34
2026-10-04T19:51:10,1838.4,63.0,,67.0,580.29,1980.0,2619.0,,59.34
2026-10-04T19:51:20,1848.4,62.0,,66.0,575.35,1980.0,2619.0,,59.34
2026-10-04T19:51:30,1858.4,63.0,,67.0,579.89,1980.0,2619.0,,59.34
2026-10-04T19:51:40,1868.5,62.0,,68.0,582.17,1980.0,2619.0,,59.34
2026-10-04T19:51:50,1878.5,63.0,,67.0,571.21,1980.0,2619.0,,59.34
2026-10-04T19:52:00,1888.6,63.0,,66.0,581.39,1980.0,2619.0,,59.34
2026-10-04T19:52:10,1898.6,63.0,,66.0,574.92,1980.0,2619.0,,59.34
2026-10-04T19:52:20,1908.7,63.0,,67.0,579.67,1980.0,2619.0,,59.34
2026-10-04T19:52:30,1918.7,63.0,,67.0,584.3,1980.0,2619.0,,59.34
2026-10-04T19:52:40,1928.8,63.0,,67.0,577.31,1980.0,2619.0,,59.34
2026-10-04T19:52:50,1938.8,63.0,,66.0,578.36,1980.0,2619.0,,59.34
2026-10-04T19:53:00,1948.8,63.0,,68.0,575.17,1980.0,2619.0,,59.34
2026-10-04T19:53:11,1958.9,63.0,,66.0,578.34,1980.0,2619.0,,59.34
2026-10-04T19:53:21,1968.9,63.0,,68.0,579.09,1980.0,2619.0,,59.34
2026-10-04T19:53:31,1979.0,62.0,,67.0,576.5,1980.0,2619.0,,59.34
2026-10-04T19:53:41,1989.0,63.0,,68.0,574.61,1980.0,2619.0,,59.34
2026-10-04T19:53:51,1999.1,62.0,,66.0,580.46,1980.0,2619.0,,59.34
2026-10-04T19:54:01,2009.1,63.0,,67.0,584.48,1980.0,2619.0,,59.34
2026-10-04T19:54:11,2019.2,63.0,,67.0,576.38,1980.0,2619.0,,59.34
2026-10-04T19:54:21,2029.2,63.0,,67.0,575.85,1980.0,2619.0,,59.34
2026-10-04T19:54:31,2039.2,63.0,,68.0,573.43,1980.0,2619.0,,59.34
2026-10-04T19:54:41,2049.3,63.0,,68.0,573.29,1980.0,2619.0,,59.34
2026-10-04T19:54:51,2059.3,63.0,,66.0,580.6,1980.0,2619.0,,59.34
2026-10-04T19:55:01,2069.4,63.0,,66.0,578.31,1980.0,2619.0,,59.34
2026-10-04T19:55:11,2079.4,63.0,,66.0,589.87,1980.0,2619.0,,59.34
2026-10-04T19:55:21,2089.4,63.0,,67.0,573.44,1980.0,2619.0,,59.34
2026-10-04T19:55:31,2099.5,63.0,,67.0,583.54,1980.0,2619.0,,59.34
2026-10-04T19:55:41,2109.5,62.0,,66.0,574.37,1980.0,2619.0,,59.34
2026-10-04T19:55:51,2119.6,63.0,,66.0,582.89,1980.0,2619.0,,59.34
2026-10-04T19:56:01,2129.6,63.0,,66.0,575.42,1980.0,2619.0,,59.34
2026-10-04T19:56:11,2139.7,63.0,,66.0,586.05,1980.0,2619.0,,59.34
2026-10-04T19:56:21,2149.7,63.0,,66.0,584.24,1980.0,2619.0,,59.34
2026-10-04T19:56:31,2159.8,63.0,,67.0,577.08,1980.0,2619.0,,59.34
2026-10-04T19:56:41,2169.8,63.0,,67.0,576.17,1980.0,2619.0,,59.34
2026-10-04T19:56:51,2179.8,63.0,,67.0,577.8,1980.0,2619.0,,59.34
2026-10-04T19:57:02,2189.9,63.0,,67.0,581.17,1980.0,2619.0,,59.34
2026-10-04T19:57:12,2199.9,62.0,,68.0,581.43,1980.0,2619.0,,59.34
2026-10-04T19:57:22,2210.0,63.0,,67.0,570.39,1980.0,2619.0,,59.34
2026-10-04T19:57:32,2220.0,63.0,,68.0,574.01,1980.0,2619.0,,59.34
2026-10-04T19:57:42,2230.1,63.0,,68.0,582.88,1980.0,2619.0,,59.34
2026-10-04T19:57:52,2240.1,63.0,,67.0,571.91,1980.0,2619.0,,59.34
2026-10-04T19:58:02,2250.1,63.0,,67.0,581.84,1980.0,2619.0,,59.34
2026-10-04T19:58:12,2260.2,63.0,,68.0,574.64,1980.0,2619.0,,59.34
2026-10-04T19:58:22,2270.3,63.0,,67.0,578.23,1980.0,2619.0,,59.34
2026-10-04T19:58:32,2280.3,63.0,,66.0,580.08,1980.0,2619.0,,59.34
2026-10-04T19:58:42,2290.4,63.0,,66.0,574.87,1980.0,2619.0,,59.34
2026-10-04T19:58:52,2300.4,63.0,,66.0,575.31,1980.0,2619.0,,59.34
2026-10-04T19:59:02,2310.5,63.0,,66.0,581.3,1980.0,2619.0,,59.34
2026-10-04T19:59:12,2320.5,62.0,,68.0,572.97,1980.0,2619.0,,59.34
2026-10-04T19:59:22,2330.5,63.0,,67.0,580.43,1980.0,2619.0,,59.34
2026-10-04T19:59:32,2340.6,63.0,,67.0,576.7,1980.0,2619.0,,59.34
2026-10-04T19:59:42,2350.6,63.0,,67.0,580.44,1980.0,2619.0,,59.34
2026-10-04T19:59:52,2360.7,63.0,,68.0,571.04,1980.0,2619.0,,59.34
2026-10-04T20:00:02,2370.7,63.0,,68.0,576.61,1980.0,2619.0,,59.34
2026-10-04T20:00:12,2380.8,63.0,,68.0,579.31,1980.0,2619.0,,59.34
2026-10-04T20:00:22,2390.8,63.0,,66.0,573.75,1980.0,2619.0,,59.34
2026-10-04T20:00:32,2400.8,62.0,,66.0,578.57,1980.0,2619.0,,59.34
2026-10-04T20:00:42,2410.9,63.0,,68.0,583.98,1980.0,2619.0,,59.34
2026-10-04T20:00:53,2420.9,63.0,,66.0,585.52,1980.0,2619.0,,59.34
2026-10-04T20:01:03,2431.0,63.0,,67.0,574.2,1980.0,2619.0,,59.34
2026-10-04T20:01:13,2441.0,63.0,,66.0,581.37,1980.0,2619.0,,59.34
2026-10-04T20:01:23,2451.1,63.0,,68.0,582.53,1980.0,2619.0,,59.34
2026-10-04T20:01:33,2461.1,63.0,,69.0,578.23,1980.0,2619.0,,59.34
2026-10-04T20:01:43,2471.2,63.0,,68.0,576.82,1980.0,2619.0,,59.34
2026-10-04T20:01:53,2481.2,63.0,,67.0,580.39,1980.0,2619.0,,59.34
2026-10-04T20:02:03,2491.3,63.0,,68.0,576.03,1980.0,2619.0,,59.34
2026-10-04T20:02:13,2501.3,63.0,,67.0,580.51,1980.0,2619.0,,59.34
2026-10-04T20:02:23,2511.4,64.0,,67.0,576.82,1980.0,2619.0,,59.34
2026-10-04T20:02:33,2521.4,64.0,,66.0,575.96,1980.0,2619.0,,59.34
2026-10-04T20:02:43,2531.4,63.0,,68.0,579.04,1980.0,2619.0,,59.34
2026-10-04T20:02:53,2541.5,64.0,,68.0,579.35,1980.0,2619.0,,59.34
2026-10-04T20:03:03,2551.5,63.0,,67.0,577.6,1980.0,2619.0,,59.34
2026-10-04T20:03:13,2561.6,63.0,,67.0,580.11,1980.0,2619.0,,59.34
2026-10-04T20:03:23,2571.7,64.0,,67.0,579.07,1980.0,2619.0,,59.34
2026-10-04T20:03:33,2581.8,64.0,,66.0,584.32,1980.0,2619.0,,59.34
2026-10-04T20:03:43,2591.8,64.0,,66.0,572.68,1980.0,2619.0,,59.34
2026-10-04T20:03:53,2601.9,63.0,,68.0,578.08,1980.0,2619.0,,59.34
2026-10-04T20:04:04,2611.9,63.0,,66.0,573.55,1980.0,2619.0,,59.34
2026-10-04T20:04:14,2621.9,63.0,,67.0,580.18,1980.0,2619.0,,59.34
2026-10-04T20:04:24,2632.0,63.0,,67.0,576.83,1980.0,2619.0,,59.34
2026-10-04T20:04:34,2642.0,63.0,,67.0,576.05,1980.0,2619.0,,59.34
2026-10-04T20:04:44,2652.1,63.0,,66.0,581.29,1980.0,2619.0,,59.34
2026-10-04T20:04:54,2662.1,63.0,,67.0,575.91,1980.0,2619.0,,59.34
2026-10-04T20:05:04,2672.1,63.0,,66.0,581.11,1980.0,2619.0,,59.34
2026-10-04T20:05:14,2682.2,63.0,,68.0,575.39,1980.0,2619.0,,59.34
2026-10-04T20:05:24,2692.2,63.0,,66.0,578.09,1980.0,2619.0,,59.34
2026-10-04T20:05:34,2702.3,63.0,,66.0,574.53,1980.0,2619.0,,59.34
2026-10-04T20:05:44,2712.3,64.0,,67.0,577.61,1980.0,2619.0,,59.34
2026-10-04T20:05:54,2722.4,63.0,,67.0,579.4,1980.0,2619.0,,59.34
2026-10-04T20:06:04,2732.4,63.0,,67.0,578.53,1980.0,2619.0,,59.34
2026-10-04T20:06:14,2742.4,63.0,,67.0,577.23,1980.0,2619.0,,59.34
2026-10-04T20:06:24,2752.5,63.0,,67.0,576.63,1980.0,2619.0,,59.34
2026-10-04T20:06:34,2762.5,63.0,,67.0,574.73,1980.0,2619.0,,59.34
2026-10-04T20:06:44,2772.6,63.0,,68.0,572.54,1980.0,2619.0,,59.34
2026-10-04T20:06:54,2782.6,63.0,,67.0,575.37,1980.0,2619.0,,59.34
2026-10-04T20:07:04,2792.7,63.0,,67.0,573.37,1980.0,2619.0,,59.34
2026-10-04T20:07:14,2802.7,63.0,,67.0,575.33,1980.0,2619.0,,59.34
2026-10-04T20:07:24,2812.8,62.0,,68.0,572.11,1980.0,2619.0,,59.34
2026-10-04T20:07:34,2822.8,63.0,,65.0,577.5,1980.0,2619.0,,59.34
2026-10-04T20:07:44,2832.8,62.0,,66.0,580.72,1980.0,2619.0,,59.34
2026-10-04T20:07:55,2842.9,63.0,,66.0,574.4,1980.0,2619.0,,59.34
2026-10-04T20:08:05,2852.9,63.0,,66.0,574.42,1980.0,2619.0,,59.34
2026-10-04T20:08:15,2863.0,63.0,,66.0,579.82,1980.0,2619.0,,59.34
2026-10-04T20:08:25,2873.0,62.0,,68.0,575.76,1980.0,2619.0,,59.34
2026-10-04T20:08:35,2883.1,63.0,,66.0,572.86,1980.0,2619.0,,59.34
2026-10-04T20:08:45,2893.1,63.0,,67.0,577.9,1980.0,2619.0,,59.34
2026-10-04T20:08:55,2903.2,63.0,,66.0,573.65,1980.0,2619.0,,59.34
2026-10-04T20:09:05,2913.2,62.0,,66.0,573.01,1980.0,2619.0,,59.34
2026-10-04T20:09:15,2923.3,62.0,,67.0,576.24,1980.0,2619.0,,59.34
2026-10-04T20:09:25,2933.3,62.0,,67.0,578.33,1980.0,2619.0,,59.34
2026-10-04T20:09:35,2943.4,63.0,,66.0,579.19,1980.0,2619.0,,59.34
2026-10-04T20:09:45,2953.4,63.0,,67.0,579.06,1980.0,2619.0,,59.34
2026-10-04T20:09:55,2963.5,62.0,,66.0,581.21,1980.0,2619.0,,59.34
2026-10-04T20:10:05,2973.6,63.0,,67.0,580.14,1980.0,2619.0,,59.34
2026-10-04T20:10:15,2983.6,63.0,,68.0,579.16,1980.0,2619.0,,59.34
2026-10-04T20:10:25,2993.7,64.0,,68.0,575.1,1980.0,2619.0,,59.34
2026-10-04T20:10:35,3003.7,63.0,,68.0,576.65,1980.0,2619.0,,59.34
2026-10-04T20:10:45,3013.7,63.0,,66.0,580.78,1980.0,2619.0,,59.34
2026-10-04T20:10:55,3023.8,63.0,,66.0,579.29,1980.0,2619.0,,59.34
2026-10-04T20:11:05,3033.8,63.0,,67.0,581.28,1980.0,2619.0,,59.34
2026-10-04T20:11:15,3043.9,64.0,,68.0,582.2,1980.0,2619.0,,59.34
2026-10-04T20:11:26,3053.9,63.0,,67.0,577.34,1980.0,2619.0,,59.34
2026-10-04T20:11:36,3064.0,62.0,,68.0,578.78,1980.0,2619.0,,59.34
2026-10-04T20:11:46,3074.1,63.0,,67.0,581.72,1980.0,2619.0,,59.34
2026-10-04T20:11:56,3084.1,62.0,,66.0,578.14,1980.0,2619.0,,59.34
2026-10-04T20:12:06,3094.1,63.0,,66.0,582.31,1980.0,2619.0,,59.34
2026-10-04T20:12:16,3104.2,63.0,,65.0,573.42,1980.0,2619.0,,59.34
2026-10-04T20:12:26,3114.2,63.0,,66.0,576.35,1980.0,2619.0,,59.34
2026-10-04T20:12:36,3124.3,63.0,,65.0,576.0,1980.0,2619.0,,59.34
2026-10-04T20:12:46,3134.3,62.0,,68.0,576.84,1980.0,2619.0,,59.34
2026-10-04T20:12:56,3144.3,63.0,,66.0,580.77,1980.0,2619.0,,59.34
2026-10-04T20:13:06,3154.4,63.0,,67.0,580.96,1980.0,2619.0,,59.34
2026-10-04T20:13:16,3164.4,63.0,,68.0,576.22,1980.0,2619.0,,59.34
2026-10-04T20:13:26,3174.5,63.0,,67.0,585.0,1980.0,2619.0,,59.34
2026-10-04T20:13:36,3184.5,63.0,,67.0,576.91,1980.0,2619.0,,59.34
2026-10-04T20:13:46,3194.6,63.0,,67.0,570.1,1980.0,2619.0,,59.34
2026-10-04T20:13:56,3204.6,63.0,,68.0,579.61,1980.0,2619.0,,59.34
2026-10-04T20:14:06,3214.6,63.0,,66.0,577.19,1980.0,2619.0,,59.34
2026-10-04T20:14:16,3224.7,63.0,,68.0,579.48,1980.0,2619.0,,59.34
2026-10-04T20:14:26,3234.7,64.0,,66.0,575.44,1980.0,2619.0,,59.34
2026-10-04T20:14:36,3244.8,63.0,,68.0,578.64,1980.0,2619.0,,59.34
2026-10-04T20:14:46,3254.9,64.0,,67.0,575.32,1980.0,2619.0,,59.34
2026-10-04T20:14:57,3264.9,64.0,,67.0,577.97,1980.0,2619.0,,59.34
2026-10-04T20:15:07,3275.0,63.0,,67.0,570.22,1980.0,2619.0,,59.85
2026-10-04T20:15:17,3285.0,63.0,,66.0,572.97,1980.0,2619.0,,59.34
2026-10-04T20:15:27,3295.0,63.0,,67.0,574.12,1980.0,2619.0,,59.34
2026-10-04T20:15:37,3305.1,63.0,,66.0,579.9,1980.0,2619.0,,59.34
2026-10-04T20:15:47,3315.1,63.0,,68.0,579.14,1980.0,2619.0,,59.34
2026-10-04T20:15:57,3325.2,63.0,,67.0,581.34,1980.0,2619.0,,59.34
2026-10-04T20:16:07,3335.3,63.0,,66.0,576.17,1980.0,2619.0,,59.34
2026-10-04T20:16:17,3345.3,63.0,,66.0,578.78,1980.0,2619.0,,59.34
2026-10-04T20:16:27,3355.4,62.0,,67.0,585.26,1980.0,2619.0,,59.34
2026-10-04T20:16:37,3365.4,63.0,,66.0,580.14,1980.0,2619.0,,59.34
2026-10-04T20:16:47,3375.4,63.0,,66.0,579.48,1980.0,2619.0,,59.34
2026-10-04T20:16:57,3385.5,63.0,,66.0,579.09,1980.0,2619.0,,59.34
2026-10-04T20:17:07,3395.5,62.0,,67.0,579.04,1980.0,2619.0,,59.34
2026-10-04T20:17:17,3405.6,63.0,,68.0,580.61,1980.0,2619.0,,59.34
2026-10-04T20:17:27,3415.6,63.0,,66.0,580.41,1980.0,2619.0,,59.34
2026-10-04T20:17:37,3425.6,63.0,,65.0,580.16,1980.0,2619.0,,59.34
2026-10-04T20:17:47,3435.7,63.0,,66.0,574.7,1980.0,2619.0,,59.34
2026-10-04T20:17:57,3445.7,63.0,,66.0,574.83,1980.0,2619.0,,59.34
2026-10-04T20:18:07,3455.8,63.0,,67.0,578.11,1980.0,2619.0,,59.34
2026-10-04T20:18:17,3465.8,63.0,,68.0,581.88,1980.0,2619.0,,59.34
2026-10-04T20:18:27,3475.9,62.0,,67.0,585.89,1980.0,2619.0,,59.34
2026-10-04T20:18:38,3485.9,64.0,,67.0,581.86,1980.0,2619.0,,59.34
2026-10-04T20:18:48,3495.9,64.0,,68.0,580.15,1980.0,2619.0,,59.34
2026-10-04T20:18:58,3506.0,64.0,,68.0,582.53,1980.0,2619.0,,59.34
2026-10-04T20:19:08,3516.0,64.0,,66.0,579.34,1980.0,2619.0,,59.34
2026-10-04T20:19:18,3526.1,63.0,,68.0,583.58,1980.0,2619.0,,59.34
2026-10-04T20:19:28,3536.1,63.0,,67.0,584.34,1980.0,2619.0,,59.34
2026-10-04T20:19:38,3546.2,63.0,,68.0,575.7,1980.0,2619.0,,59.34
2026-10-04T20:19:48,3556.2,63.0,,68.0,581.92,1980.0,2619.0,,59.34
2026-10-04T20:19:58,3566.3,63.0,,68.0,579.03,1980.0,2619.0,,59.34
2026-10-04T20:20:08,3576.3,63.0,,67.0,575.57,1980.0,2619.0,,59.34
2026-10-04T20:20:18,3586.3,63.0,,66.0,574.07,1980.0,2619.0,,59.34
2026-10-04T20:20:28,3596.4,63.0,,67.0,579.53,1980.0,2619.0,,59.34
2026-10-04T20:20:38,3606.4,62.0,,67.0,574.73,1980.0,2619.0,,59.34
2026-10-04T20:20:48,3616.5,63.0,,67.0,579.19,1980.0,2619.0,,59.34
2026-10-04T20:20:58,3626.5,62.0,,66.0,573.22,1980.0,2619.0,,59.34
2026-10-04T20:21:08,3636.6,62.0,,66.0,575.94,1980.0,2619.0,,59.34
2026-10-04T20:21:18,3646.6,62.0,,67.0,576.5,1980.0,2619.0,,59.34
2026-10-04T20:21:28,3656.7,63.0,,65.0,579.51,1980.0,2619.0,,59.34
2026-10-04T20:21:38,3666.7,63.0,,67.0,583.5,1980.0,2619.0,,59.34
2026-10-04T20:21:48,3676.8,63.0,,65.0,578.24,1980.0,2619.0,,59.34
2026-10-04T20:21:58,3686.8,63.0,,66.0,574.73,1980.0,2619.0,,59.34
2026-10-04T20:22:08,3696.8,62.0,,67.0,570.39,1980.0,2619.0,,59.34
2026-10-04T20:22:19,3706.9,62.0,,67.0,574.11,1980.0,2619.0,,59.34
2026-10-04T20:22:29,3717.0,62.0,,67.0,581.45,1980.0,2619.0,,59.34
2026-10-04T20:22:39,3727.0,62.0,,67.0,572.02,1980.0,2619.0,,59.34
2026-10-04T20:22:49,3737.1,62.0,,66.0,575.4,1980.0,2619.0,,59.34
2026-10-04T20:22:59,3747.1,62.0,,66.0,572.42,1980.0,2619.0,,59.34
2026-10-04T20:23:09,3757.2,63.0,,66.0,573.26,1980.0,2619.0,,59.34
2026-10-04T20:23:19,3767.2,62.0,,67.0,582.99,1980.0,2619.0,,59.34
2026-10-04T20:23:29,3777.3,62.0,,68.0,576.55,1980.0,2619.0,,59.34
2026-10-04T20:23:39,3787.3,62.0,,66.0,573.74,1980.0,2619.0,,59.34
2026-10-04T20:23:49,3797.3,62.0,,66.0,581.09,1980.0,2619.0,,59.34
2026-10-04T20:23:59,3807.4,62.0,,66.0,579.27,1980.0,2619.0,,59.34
2026-10-04T20:24:09,3817.4,62.0,,66.0,583.52,1980.0,2619.0,,59.34
2026-10-04T20:24:19,3827.5,62.0,,66.0,578.61,1980.0,2619.0,,59.34
2026-10-04T20:24:29,3837.5,62.0,,67.0,574.73,1980.0,2619.0,,59.34
2026-10-04T20:24:39,3847.6,61.0,,66.0,581.67,1980.0,2619.0,,59.34
2026-10-04T20:24:49,3857.6,62.0,,65.0,576.88,1980.0,2619.0,,59.34
2026-10-04T20:24:59,3867.6,62.0,,67.0,578.93,1980.0,2619.0,,59.34
2026-10-04T20:25:09,3877.7,63.0,,67.0,579.23,1980.0,2619.0,,59.34
2026-10-04T20:25:19,3887.7,63.0,,66.0,574.75,1980.0,2619.0,,59.34
2026-10-04T20:25:29,3897.8,63.0,,66.0,573.54,1980.0,2619.0,,59.34
2026-10-04T20:25:39,3907.8,63.0,,66.0,578.38,1980.0,2619.0,,59.34
2026-10-04T20:25:49,3917.9,62.0,,66.0,574.99,1980.0,2619.0,,59.34
2026-10-04T20:26:00,3928.0,63.0,,66.0,576.2,1980.0,2619.0,,59.34
2026-10-04T20:26:10,3938.0,63.0,,67.0,576.36,1980.0,2619.0,,59.34
2026-10-04T20:26:20,3948.0,63.0,,66.0,579.65,1980.0,2619.0,,59.34
2026-10-04T20:26:30,3958.1,63.0,,66.0,576.74,1980.0,2619.0,,59.34
2026-10-04T20:26:40,3968.1,62.0,,67.0,571.47,1980.0,2619.0,,59.34
2026-10-04T20:26:50,3978.2,63.0,,66.0,576.49,1980.0,2619.0,,59.34
2026-10-04T20:27:00,3988.2,63.0,,67.0,574.48,1980.0,2619.0,,59.34
2026-10-04T20:27:10,3998.3,63.0,,66.0,577.08,1980.0,2619.0,,59.34
2026-10-04T20:27:20,4008.3,63.0,,67.0,584.0,1980.0,2619.0,,59.34
2026-10-04T20:27:30,4018.4,63.0,,68.0,580.02,1980.0,2619.0,,59.34
2026-10-04T20:27:40,4028.4,63.0,,68.0,574.82,1980.0,2619.0,,59.34
2026-10-04T20:27:50,4038.5,62.0,,67.0,571.17,1980.0,2619.0,,59.34
2026-10-04T20:28:00,4048.5,63.0,,68.0,580.04,1980.0,2619.0,,59.34
2026-10-04T20:28:10,4058.6,63.0,,67.0,574.82,1980.0,2619.0,,59.34
2026-10-04T20:28:20,4068.6,62.0,,66.0,580.99,1980.0,2619.0,,59.34
2026-10-04T20:28:30,4078.6,62.0,,66.0,575.78,1980.0,2619.0,,59.34
2026-10-04T20:28:40,4088.7,62.0,,67.0,579.54,1980.0,2619.0,,59.34
2026-10-04T20:28:50,4098.7,61.0,,67.0,573.39,1980.0,2619.0,,59.34
2026-10-04T20:29:00,4108.8,62.0,,66.0,578.37,1980.0,2619.0,,59.34
2026-10-04T20:29:10,4118.8,62.0,,66.0,579.17,1980.0,2619.0,,59.34
2026-10-04T20:29:20,4128.9,62.0,,66.0,571.62,1980.0,2619.0,,59.34
2026-10-04T20:29:31,4138.9,62.0,,66.0,573.55,1980.0,2619.0,,59.34
2026-10-04T20:29:41,4148.9,62.0,,66.0,576.35,1980.0,2619.0,,59.34
2026-10-04T20:29:51,4159.0,61.0,,67.0,575.29,1980.0,2619.0,,59.34
2026-10-04T20:30:01,4169.0,62.0,,66.0,579.51,1980.0,2619.0,,59.34
2026-10-04T20:30:11,4179.1,62.0,,67.0,580.27,1980.0,2619.0,,59.34
2026-10-04T20:30:21,4189.2,62.0,,66.0,578.69,1980.0,2619.0,,59.34
2026-10-04T20:30:31,4199.2,61.0,,67.0,568.31,1980.0,2619.0,,59.34
2026-10-04T20:30:41,4209.2,62.0,,67.0,579.3,1980.0,2619.0,,59.34
2026-10-04T20:30:51,4219.3,62.0,,67.0,577.27,1980.0,2619.0,,59.34
2026-10-04T20:31:01,4229.3,61.0,,66.0,574.52,1980.0,2619.0,,59.34
2026-10-04T20:31:11,4239.4,62.0,,65.0,568.07,1980.0,2619.0,,59.34
2026-10-04T20:31:21,4249.4,62.0,,66.0,574.08,1980.0,2619.0,,59.34
2026-10-04T20:31:31,4259.5,62.0,,65.0,580.21,1980.0,2619.0,,59.34
2026-10-04T20:31:41,4269.5,62.0,,66.0,571.59,1980.0,2619.0,,59.34
2026-10-04T20:31:51,4279.5,62.0,,66.0,575.87,1980.0,2619.0,,59.34
2026-10-04T20:32:01,4289.6,62.0,,66.0,568.3,1980.0,2619.0,,59.34
2026-10-04T20:32:11,4299.6,62.0,,65.0,582.72,1980.0,2619.0,,59.34
2026-10-04T20:32:21,4309.7,61.0,,67.0,580.15,1980.0,2619.0,,59.34
2026-10-04T20:32:31,4319.7,62.0,,66.0,573.23,1980.0,2619.0,,59.34
2026-10-04T20:32:41,4329.8,63.0,,66.0,577.61,1980.0,2619.0,,59.34
2026-10-04T20:32:51,4339.8,63.0,,67.0,573.22,1980.0,2619.0,,59.34
2026-10-04T20:33:01,4349.8,63.0,,67.0,578.3,1980.0,2619.0,,59.34
2026-10-04T20:33:11,4359.9,63.0,,67.0,574.31,1980.0,2619.0,,59.34
2026-10-04T20:33:22,4369.9,63.0,,67.0,569.28,1980.0,2619.0,,59.34
2026-10-04T20:33:32,4380.0,62.0,,67.0,576.55,1980.0,2619.0,,59.34
2026-10-04T20:33:42,4390.0,63.0,,66.0,574.06,1980.0,2619.0,,59.34
2026-10-04T20:33:52,4400.1,63.0,,66.0,579.99,1980.0,2619.0,,59.34
2026-10-04T20:34:02,4410.1,63.0,,66.0,575.02,1980.0,2619.0,,59.34
2026-10-04T20:34:12,4420.2,63.0,,67.0,574.06,1980.0,2619.0,,59.34
2026-10-04T20:34:22,4430.2,63.0,,67.0,573.96,1980.0,2619.0,,59.34
2026-10-04T20:34:32,4440.2,62.0,,67.0,574.55,1980.0,2619.0,,59.34
2026-10-04T20:34:42,4450.3,63.0,,66.0,579.06,1980.0,2619.0,,59.34
2026-10-04T20:34:52,4460.3,63.0,,68.0,582.63,1980.0,2619.0,,59.34
2026-10-04T20:35:02,4470.4,63.0,,67.0,585.09,1980.0,2619.0,,59.34
2026-10-04T20:35:12,4480.4,63.0,,66.0,579.29,1980.0,2619.0,,59.34
2026-10-04T20:35:22,4490.5,63.0,,68.0,575.59,1980.0,2619.0,,59.34
2026-10-04T20:35:32,4500.5,63.0,,68.0,572.03,1980.0,2619.0,,59.34
2026-10-04T20:35:42,4510.6,63.0,,66.0,573.79,1980.0,2619.0,,59.34
2026-10-04T20:35:52,4520.6,63.0,,66.0,586.96,1980.0,2619.0,,59.34
2026-10-04T20:36:02,4530.7,62.0,,68.0,583.68,1980.0,2619.0,,59.34
2026-10-04T20:36:12,4540.7,62.0,,65.0,574.36,1980.0,2619.0,,59.34
2026-10-04T20:36:22,4550.8,62.0,,66.0,582.09,1980.0,2619.0,,59.34
2026-10-04T20:36:32,4560.8,62.0,,66.0,570.09,1980.0,2619.0,,59.34
2026-10-04T20:36:42,4570.8,62.0,,66.0,571.07,1980.0,2619.0,,59.34
2026-10-04T20:36:53,4580.9,62.0,,66.0,574.81,1980.0,2619.0,,59.34
2026-10-04T20:37:03,4590.9,62.0,,66.0,568.57,1980.0,2619.0,,59.34
2026-10-04T20:37:13,4601.0,62.0,,66.0,578.58,1980.0,2619.0,,59.34
2026-10-04T20:37:23,4611.1,62.0,,68.0,573.11,1980.0,2619.0,,59.34
2026-10-04T20:37:33,4621.1,62.0,,66.0,572.0,1980.0,2619.0,,59.34
2026-10-04T20:37:43,4631.1,62.0,,65.0,573.53,1980.0,2619.0,,59.34
2026-10-04T20:37:53,4641.2,62.0,,65.0,572.79,1980.0,2619.0,,59.34
2026-10-04T20:38:03,4651.3,62.0,,66.0,583.42,1980.0,2619.0,,59.34
2026-10-04T20:38:13,4661.3,63.0,,67.0,578.9,1980.0,2619.0,,59.34
2026-10-04T20:38:23,4671.4,63.0,,67.0,574.33,1980.0,2619.0,,59.34
2026-10-04T20:38:33,4681.4,62.0,,66.0,579.27,1980.0,2619.0,,59.34
2026-10-04T20:38:43,4691.4,62.0,,68.0,576.53,1980.0,2619.0,,59.34
2026-10-04T20:38:53,4701.5,62.0,,64.0,579.35,1980.0,2619.0,,59.34
2026-10-04T20:39:03,4711.5,62.0,,68.0,579.1,1980.0,2619.0,,59.34
2026-10-04T20:39:13,4721.6,62.0,,65.0,577.94,1980.0,2619.0,,59.34
2026-10-04T20:39:23,4731.6,62.0,,66.0,574.75,1980.0,2619.0,,59.34
2026-10-04T20:39:33,4741.7,62.0,,66.0,577.75,1980.0,2619.0,,59.34
2026-10-04T20:39:43,4751.7,63.0,,66.0,575.62,1980.0,2619.0,,59.34
2026-10-04T20:39:53,4761.8,62.0,,66.0,575.02,1980.0,2619.0,,59.34
2026-10-04T20:40:03,4771.8,63.0,,66.0,574.59,1980.0,2619.0,,59.34
2026-10-04T20:40:13,4781.8,62.0,,66.0,581.64,1980.0,2619.0,,59.34
2026-10-04T20:40:24,4791.9,62.0,,66.0,580.51,1980.0,2619.0,,59.34
2026-10-04T20:40:34,4801.9,63.0,,67.0,577.87,1980.0,2619.0,,59.34
2026-10-04T20:40:44,4812.0,63.0,,67.0,578.45,1980.0,2619.0,,59.34
2026-10-04T20:40:54,4822.0,63.0,,66.0,575.31,1980.0,2619.0,,59.34
2026-10-04T20:41:04,4832.1,63.0,,67.0,574.03,1980.0,2619.0,,59.34
2026-10-04T20:41:14,4842.1,62.0,,66.0,572.96,1980.0,2619.0,,59.34
2026-10-04T20:41:24,4852.2,63.0,,67.0,581.9,1980.0,2619.0,,59.34
2026-10-04T20:41:34,4862.2,63.0,,67.0,575.49,1980.0,2619.0,,59.34
2026-10-04T20:41:44,4872.3,63.0,,67.0,576.26,1980.0,2619.0,,59.34
2026-10-04T20:41:54,4882.3,63.0,,68.0,568.81,1980.0,2619.0,,59.34
2026-10-04T20:42:04,4892.4,63.0,,67.0,574.14,1980.0,2619.0,,59.34
2026-10-04T20:42:14,4902.4,63.0,,67.0,572.8,1980.0,2619.0,,59.34
2026-10-04T20:42:24,4912.4,63.0,,68.0,578.27,1980.0,2619.0,,59.34
2026-10-04T20:42:34,4922.5,63.0,,66.0,577.45,1980.0,2619.0,,59.34
2026-10-04T20:42:44,4932.5,63.0,,67.0,577.72,1980.0,2619.0,,59.34
2026-10-04T20:42:54,4942.6,63.0,,68.0,576.98,1980.0,2619.0,,59.34
2026-10-04T20:43:04,4952.6,63.0,,66.0,574.11,1980.0,2619.0,,59.34
2026-10-04T20:43:14,4962.7,63.0,,68.0,577.19,1980.0,2619.0,,59.34
2026-10-04T20:43:24,4972.7,63.0,,68.0,577.03,1980.0,2619.0,,59.34
2026-10-04T20:43:34,4982.8,63.0,,66.0,574.9,1980.0,2619.0,,59.34
2026-10-04T20:43:44,4992.9,63.0,,67.0,578.59,1980.0,2619.0,,59.34
2026-10-04T20:43:55,5002.9,63.0,,66.0,580.36,1980.0,2619.0,,59.34
2026-10-04T20:44:05,5013.0,63.0,,67.0,581.16,1980.0,2619.0,,59.34
2026-10-04T20:44:15,5023.0,62.0,,68.0,578.99,1980.0,2619.0,,59.34
2026-10-04T20:44:25,5033.1,63.0,,66.0,578.77,1980.0,2619.0,,59.34
2026-10-04T20:44:35,5043.1,63.0,,67.0,578.18,1980.0,2619.0,,59.34
2026-10-04T20:44:45,5053.1,62.0,,67.0,570.72,1980.0,2619.0,,59.34
2026-10-04T20:44:55,5063.2,62.0,,66.0,567.86,1980.0,2619.0,,59.34
2026-10-04T20:45:05,5073.2,62.0,,66.0,576.2,1980.0,2619.0,,59.34
2026-10-04T20:45:15,5083.3,62.0,,66.0,578.37,1980.0,2619.0,,59.34
2026-10-04T20:45:25,5093.3,61.0,,65.0,580.61,1980.0,2619.0,,59.34
2026-10-04T20:45:35,5103.3,62.0,,67.0,581.48,1980.0,2619.0,,59.34
2026-10-04T20:45:45,5113.4,62.0,,66.0,577.57,1980.0,2619.0,,59.34
2026-10-04T20:45:55,5123.4,62.0,,66.0,576.4,1980.0,2619.0,,59.34
2026-10-04T20:46:05,5133.5,62.0,,66.0,581.2,1980.0,2619.0,,59.34
2026-10-04T20:46:15,5143.5,62.0,,67.0,574.02,1980.0,2619.0,,59.34
2026-10-04T20:46:25,5153.6,63.0,,67.0,576.38,1980.0,2619.0,,59.34
2026-10-04T20:46:35,5163.6,62.0,,65.0,578.79,1980.0,2619.0,,59.34
2026-10-04T20:46:45,5173.7,63.0,,67.0,574.71,1980.0,2619.0,,59.34
2026-10-04T20:46:55,5183.7,63.0,,66.0,577.75,1980.0,2619.0,,59.34
2026-10-04T20:47:05,5193.8,63.0,,66.0,585.28,1980.0,2619.0,,59.34
2026-10-04T20:47:15,5203.8,63.0,,68.0,576.01,1980.0,2619.0,,59.34
2026-10-04T20:47:25,5213.9,62.0,,66.0,574.05,1980.0,2619.0,,59.34
2026-10-04T20:47:36,5223.9,63.0,,66.0,562.33,1980.0,2619.0,,59.34
2026-10-04T20:47:46,5233.9,62.0,,67.0,579.55,1980.0,2619.0,,59.34
2026-10-04T20:47:56,5244.0,63.0,,66.0,577.29,1980.0,2619.0,,59.34
2026-10-04T20:48:06,5254.0,63.0,,66.0,576.89,1980.0,2619.0,,59.34
2026-10-04T20:48:16,5264.1,63.0,,68.0,577.32,1980.0,2619.0,,59.34
2026-10-04T20:48:26,5274.1,63.0,,67.0,583.77,1980.0,2619.0,,59.34
2026-10-04T20:48:36,5284.2,64.0,,66.0,579.94,1980.0,2619.0,,59.34
2026-10-04T20:48:46,5294.2,63.0,,67.0,579.16,1980.0,2619.0,,59.34
2026-10-04T20:48:56,5304.3,64.0,,67.0,575.65,1980.0,2619.0,,59.34
2026-10-04T20:49:06,5314.4,63.0,,67.0,578.53,1980.0,2619.0,,59.34
2026-10-04T20:49:16,5324.4,63.0,,67.0,573.5,1980.0,2619.0,,59.34
2026-10-04T20:49:26,5334.5,64.0,,66.0,579.1,1980.0,2619.0,,59.34
2026-10-04T20:49:36,5344.5,63.0,,66.0,576.75,1980.0,2619.0,,59.34
2026-10-04T20:49:46,5354.5,63.0,,66.0,581.72,1980.0,2619.0,,59.34
2026-10-04T20:49:56,5364.6,62.0,,66.0,577.86,1980.0,2619.0,,59.34
2026-10-04T20:50:06,5374.6,63.0,,66.0,568.08,1980.0,2619.0,,59.34
2026-10-04T20:50:16,5384.7,63.0,,67.0,575.1,1980.0,2619.0,,59.34
2026-10-04T20:50:26,5394.7,63.0,,68.0,575.71,1980.0,2619.0,,59.34
2026-10-04T20:50:36,5404.8,63.0,,67.0,579.65,1980.0,2619.0,,59.34
2026-10-04T20:50:46,5414.8,63.0,,67.0,574.94,1980.0,2619.0,,59.34
2026-10-04T20:50:56,5424.8,63.0,,68.0,581.57,1980.0,2619.0,,59.34
2026-10-04T20:51:07,5434.9,63.0,,68.0,575.88,1980.0,2619.0,,59.34
2026-10-04T20:51:17,5444.9,63.0,,66.0,582.01,1980.0,2619.0,,59.34
2026-10-04T20:51:27,5455.0,63.0,,68.0,576.93,1980.0,2619.0,,59.34
2026-10-04T20:51:37,5465.0,64.0,,67.0,571.5,1980.0,2619.0,,59.34
2026-10-04T20:51:47,5475.1,64.0,,66.0,577.74,1980.0,2619.0,,59.34
2026-10-04T20:51:57,5485.1,64.0,,68.0,574.99,1980.0,2619.0,,59.34
2026-10-04T20:52:07,5495.1,63.0,,68.0,579.46,1980.0,2619.0,,59.34
2026-10-04T20:52:17,5505.2,63.0,,68.0,577.65,1980.0,2619.0,,59.34
2026-10-04T20:52:27,5515.2,63.0,,67.0,575.36,1980.0,2619.0,,59.34
2026-10-04T20:52:37,5525.3,63.0,,68.0,579.74,1980.0,2619.0,,59.34
2026-10-04T20:52:47,5535.3,63.0,,66.0,577.83,1980.0,2619.0,,59.34
2026-10-04T20:52:57,5545.4,63.0,,68.0,577.23,1980.0,2619.0,,59.34
2026-10-04T20:53:07,5555.4,63.0,,66.0,575.03,1980.0,2619.0,,59.34
2026-10-04T20:53:17,5565.5,63.0,,66.0,576.46,1980.0,2619.0,,59.34
2026-10-04T20:53:27,5575.5,63.0,,66.0,566.62,1980.0,2619.0,,59.34
2026-10-04T20:53:37,5585.6,62.0,,66.0,578.76,1980.0,2619.0,,59.34
2026-10-04T20:53:47,5595.6,62.0,,66.0,575.16,1980.0,2619.0,,59.34
2026-10-04T20:53:57,5605.6,62.0,,66.0,577.9,1980.0,2619.0,,59.34
2026-10-04T20:54:07,5615.7,62.0,,67.0,576.37,1980.0,2619.0,,59.34
2026-10-04T20:54:17,5625.7,63.0,,66.0,579.41,1980.0,2619.0,,59.34
2026-10-04T20:54:27,5635.8,62.0,,67.0,578.85,1980.0,2619.0,,59.34
2026-10-04T20:54:37,5645.8,62.0,,66.0,581.81,1980.0,2619.0,,59.34
2026-10-04T20:54:48,5656.0,63.0,,66.0,578.34,1980.0,2619.0,,59.34
2026-10-04T20:54:58,5666.0,62.0,,66.0,582.59,1980.0,2619.0,,59.34
2026-10-04T20:55:08,5676.0,62.0,,67.0,575.33,1980.0,2619.0,,59.34
2026-10-04T20:55:18,5686.1,62.0,,66.0,581.57,1980.0,2619.0,,59.34
2026-10-04T20:55:28,5696.1,62.0,,66.0,579.3,1980.0,2619.0,,59.34
2026-10-04T20:55:38,5706.2,62.0,,66.0,579.5,1980.0,2619.0,,59.34
2026-10-04T20:55:48,5716.2,62.0,,67.0,567.79,1980.0,2619.0,,59.34
2026-10-04T20:55:58,5726.2,62.0,,66.0,570.76,1980.0,2619.0,,59.34
2026-10-04T20:56:08,5736.3,62.0,,65.0,572.2,1980.0,2619.0,,59.34
2026-10-04T20:56:18,5746.3,62.0,,66.0,571.37,1980.0,2619.0,,59.34
2026-10-04T20:56:28,5756.4,62.0,,65.0,577.13,1980.0,2619.0,,59.34
2026-10-04T20:56:38,5766.4,63.0,,66.0,573.9,1980.0,2619.0,,59.34
2026-10-04T20:56:48,5776.5,62.0,,66.0,579.88,1980.0,2619.0,,59.34
2026-10-04T20:56:58,5786.5,62.0,,66.0,578.55,1980.0,2619.0,,59.34
2026-10-04T20:57:08,5796.6,62.0,,66.0,583.71,1980.0,2619.0,,59.34
2026-10-04T20:57:18,5806.6,62.0,,65.0,578.0,1980.0,2619.0,,59.34
2026-10-04T20:57:28,5816.6,62.0,,67.0,572.83,1980.0,2619.0,,59.34
2026-10-04T20:57:38,5826.7,62.0,,66.0,578.56,1980.0,2619.0,,59.34
2026-10-04T20:57:48,5836.7,62.0,,66.0,570.98,1980.0,2619.0,,59.34
2026-10-04T20:57:58,5846.8,62.0,,66.0,568.49,1980.0,2619.0,,59.34
2026-10-04T20:58:08,5856.8,63.0,,66.0,580.18,1980.0,2619.0,,59.34
2026-10-04T20:58:19,5866.9,62.0,,66.0,580.66,1980.0,2619.0,,59.34
2026-10-04T20:58:29,5876.9,62.0,,67.0,576.2,1980.0,2619.0,,59.34
2026-10-04T20:58:39,5887.0,63.0,,68.0,580.29,1980.0,2619.0,,59.34
2026-10-04T20:58:49,5897.0,63.0,,66.0,580.84,1980.0,2619.0,,59.34
2026-10-04T20:58:59,5907.1,63.0,,66.0,578.91,1980.0,2619.0,,59.34
2026-10-04T20:59:09,5917.1,63.0,,66.0,575.52,1980.0,2619.0,,59.34
2026-10-04T20:59:19,5927.2,63.0,,67.0,582.81,1980.0,2619.0,,59.34
2026-10-04T20:59:29,5937.2,63.0,,67.0,586.22,1980.0,2619.0,,59.34
2026-10-04T20:59:39,5947.3,63.0,,66.0,577.24,1980.0,2619.0,,59.34
2026-10-04T20:59:49,5957.3,63.0,,66.0,575.19,1980.0,2619.0,,59.34
2026-10-04T20:59:59,5967.3,63.0,,68.0,580.9,1980.0,2619.0,,59.34
2026-10-04T21:00:09,5977.4,63.0,,68.0,574.45,1980.0,2619.0,,59.34
2026-10-04T21:00:19,5987.4,63.0,,67.0,578.42,1980.0,2619.0,,59.34
2026-10-04T21:00:29,5997.5,63.0,,66.0,571.78,1980.0,2619.0,,59.34
2026-10-04T21:00:39,6007.6,63.0,,68.0,583.66,1980.0,2619.0,,59.34
2026-10-04T21:00:49,6017.6,63.0,,69.0,580.35,1980.0,2619.0,,59.34
2026-10-04T21:00:59,6027.6,63.0,,67.0,584.24,1980.0,2619.0,,59.34
2026-10-04T21:01:09,6037.7,63.0,,68.0,577.92,1980.0,2619.0,,59.34
2026-10-04T21:01:19,6047.7,63.0,,67.0,573.86,1980.0,2619.0,,59.34
2026-10-04T21:01:29,6057.8,63.0,,66.0,581.92,1980.0,2619.0,,59.34
2026-10-04T21:01:39,6067.8,63.0,,66.0,580.74,1980.0,2619.0,,59.34
2026-10-04T21:01:49,6077.9,63.0,,68.0,578.72,1980.0,2619.0,,59.34
2026-10-04T21:02:00,6088.0,63.0,,68.0,578.01,1980.0,2619.0,,59.34
2026-10-04T21:02:10,6098.0,63.0,,67.0,575.5,1980.0,2619.0,,59.34
2026-10-04T21:02:20,6108.0,63.0,,67.0,577.66,1980.0,2619.0,,59.34
2026-10-04T21:02:30,6118.1,63.0,,68.0,573.57,1980.0,2619.0,,59.34
2026-10-04T21:02:40,6128.1,63.0,,66.0,577.14,1980.0,2619.0,,59.34
2026-10-04T21:02:50,6138.2,63.0,,67.0,578.42,1980.0,2619.0,,59.34
2026-10-04T21:03:00,6148.2,63.0,,67.0,580.83,1980.0,2619.0,,59.34
2026-10-04T21:03:10,6158.3,62.0,,68.0,572.82,1980.0,2619.0,,59.34
2026-10-04T21:03:20,6168.3,63.0,,67.0,579.83,1980.0,2619.0,,59.34
2026-10-04T21:03:30,6178.3,63.0,,68.0,568.39,1980.0,2619.0,,59.34
2026-10-04T21:03:40,6188.4,63.0,,66.0,583.95,1980.0,2619.0,,59.34
2026-10-04T21:03:50,6198.4,63.0,,66.0,572.82,1980.0,2619.0,,59.34
2026-10-04T21:04:00,6208.5,63.0,,67.0,578.66,1980.0,2619.0,,59.34
2026-10-04T21:04:10,6218.5,63.0,,66.0,571.48,1980.0,2619.0,,59.34
2026-10-04T21:04:20,6228.6,63.0,,68.0,579.25,1980.0,2619.0,,59.34
2026-10-04T21:04:30,6238.6,63.0,,66.0,584.97,1980.0,2619.0,,59.34
2026-10-04T21:04:40,6248.7,63.0,,67.0,582.98,1980.0,2619.0,,59.34
2026-10-04T21:04:50,6258.7,63.0,,68.0,578.59,1980.0,2619.0,,59.34
2026-10-04T21:05:00,6268.7,63.0,,66.0,571.4,1980.0,2619.0,,59.34
2026-10-04T21:05:10,6278.8,63.0,,68.0,578.9,1980.0,2619.0,,59.34
2026-10-04T21:05:20,6288.8,63.0,,67.0,578.0,1980.0,2619.0,,59.34
2026-10-04T21:05:30,6298.9,62.0,,68.0,578.56,1980.0,2619.0,,59.34
2026-10-04T21:05:41,6308.9,63.0,,67.0,577.44,1980.0,2619.0,,59.34
2026-10-04T21:05:51,6319.0,63.0,,68.0,583.28,1980.0,2619.0,,59.34
2026-10-04T21:06:01,6329.1,63.0,,67.0,584.49,1980.0,2619.0,,59.34
2026-10-04T21:06:11,6339.1,63.0,,67.0,578.73,1980.0,2619.0,,59.34
2026-10-04T21:06:21,6349.2,63.0,,66.0,576.64,1980.0,2619.0,,59.34
2026-10-04T21:06:31,6359.2,63.0,,67.0,580.84,1980.0,2619.0,,59.34
2026-10-04T21:06:41,6369.2,63.0,,67.0,582.24,1980.0,2619.0,,59.34
2026-10-04T21:06:51,6379.3,62.0,,68.0,583.39,1980.0,2619.0,,59.34
2026-10-04T21:07:01,6389.3,63.0,,67.0,573.26,1980.0,2619.0,,59.34
2026-10-04T21:07:11,6399.4,62.0,,67.0,580.1,1980.0,2619.0,,59.34
2026-10-04T21:07:21,6409.4,62.0,,67.0,580.99,1980.0,2619.0,,59.34
2026-10-04T21:07:31,6419.5,62.0,,66.0,577.25,1980.0,2619.0,,59.34
2026-10-04T21:07:41,6429.5,63.0,,67.0,583.16,1980.0,2619.0,,59.34
2026-10-04T21:07:51,6439.6,63.0,,66.0,576.9,1980.0,2619.0,,59.34
2026-10-04T21:08:01,6449.6,63.0,,68.0,580.49,1980.0,2619.0,,59.34
2026-10-04T21:08:11,6459.6,63.0,,66.0,573.17,1980.0,2619.0,,59.34
2026-10-04T21:08:21,6469.7,63.0,,66.0,576.27,1980.0,2619.0,,59.34
2026-10-04T21:08:31,6479.8,63.0,,66.0,577.33,1980.0,2619.0,,59.34
2026-10-04T21:08:41,6489.8,62.0,,67.0,577.42,1980.0,2619.0,,59.34
2026-10-04T21:08:51,6499.8,63.0,,67.0,583.6,1980.0,2619.0,,59.34
2026-10-04T21:09:01,6509.9,63.0,,65.0,579.59,1980.0,2619.0,,59.34
2026-10-04T21:09:12,6519.9,63.0,,68.0,567.93,1980.0,2619.0,,59.34
2026-10-04T21:09:22,6530.0,62.0,,66.0,577.31,1980.0,2619.0,,59.34
2026-10-04T21:09:32,6540.0,62.0,,66.0,579.15,1980.0,2619.0,,59.34
2026-10-04T21:09:42,6550.1,63.0,,66.0,576.5,1980.0,2619.0,,59.34
2026-10-04T21:09:52,6560.1,63.0,,68.0,573.71,1980.0,2619.0,,59.34
2026-10-04T21:10:02,6570.1,63.0,,66.0,579.94,1980.0,2619.0,,59.34
2026-10-04T21:10:12,6580.2,62.0,,68.0,575.11,1980.0,2619.0,,59.34
2026-10-04T21:10:22,6590.2,63.0,,65.0,574.69,1980.0,2619.0,,59.34
2026-10-04T21:10:32,6600.3,63.0,,67.0,577.57,1980.0,2619.0,,59.34
2026-10-04T21:10:42,6610.3,63.0,,67.0,583.98,1980.0,2619.0,,59.34
2026-10-04T21:10:52,6620.3,63.0,,67.0,585.35,1980.0,2619.0,,49.91
2026-10-04T21:11:02,6630.4,63.0,,66.0,592.57,1980.0,2619.0,,49.91
2026-10-04T21:11:12,6640.4,63.0,,67.0,594.65,1980.0,2619.0,,49.92
2026-10-04T21:11:22,6650.5,63.0,,67.0,584.92,1980.0,2619.0,,49.92
2026-10-04T21:11:32,6660.5,63.0,,67.0,584.72,1980.0,2619.0,,49.92
2026-10-04T21:11:42,6670.6,63.0,,67.0,585.87,1980.0,2619.0,,49.93
2026-10-04T21:11:52,6680.6,61.0,,65.0,534.18,1980.0,2619.0,,49.93
2026-10-04T21:12:02,6690.7,63.0,,66.0,589.85,1980.0,2619.0,,47.83
2026-10-04T21:12:12,6700.7,63.0,,67.0,582.67,1980.0,2619.0,,47.83
2026-10-04T21:12:22,6710.7,63.0,,67.0,593.47,1980.0,2619.0,,47.83
2026-10-04T21:12:32,6720.8,63.0,,67.0,594.5,1980.0,2619.0,,47.83
2026-10-04T21:12:42,6730.8,63.0,,67.0,591.91,1980.0,2619.0,,47.83
2026-10-04T21:12:52,6740.9,62.0,,66.0,589.49,1980.0,2619.0,,47.83
2026-10-04T21:13:03,6750.9,64.0,,66.0,584.34,1980.0,2619.0,,47.83
2026-10-04T21:13:13,6761.0,64.0,,68.0,587.02,1980.0,2619.0,,47.83
2026-10-04T21:13:23,6771.0,64.0,,67.0,592.34,1980.0,2619.0,,47.83
2026-10-04T21:13:33,6781.0,64.0,,67.0,584.76,1980.0,2619.0,,47.83
2026-10-04T21:13:43,6791.1,63.0,,68.0,585.56,1980.0,2619.0,,47.83
2026-10-04T21:13:53,6801.1,63.0,,66.0,580.83,1980.0,2619.0,,47.83
2026-10-04T21:14:03,6811.2,64.0,,66.0,589.31,1980.0,2619.0,,47.83
2026-10-04T21:14:13,6821.2,64.0,,66.0,590.27,1980.0,2619.0,,47.83
2026-10-04T21:14:23,6831.2,64.0,,67.0,594.75,1980.0,2619.0,,47.83
2026-10-04T21:14:33,6841.3,63.0,,66.0,589.97,1980.0,2619.0,,47.83
2026-10-04T21:14:43,6851.3,63.0,,67.0,597.03,1980.0,2619.0,,47.83
2026-10-04T21:14:53,6861.4,63.0,,67.0,591.81,1980.0,2619.0,,47.83
2026-10-04T21:15:03,6871.4,63.0,,67.0,590.63,1980.0,2619.0,,47.83
2026-10-04T21:15:13,6881.5,63.0,,66.0,597.2,1980.0,2619.0,,47.83
2026-10-04T21:15:23,6891.5,64.0,,68.0,591.88,1980.0,2619.0,,47.83
2026-10-04T21:15:33,6901.6,64.0,,66.0,592.44,1980.0,2619.0,,47.83
2026-10-04T21:15:43,6911.6,63.0,,67.0,585.88,1980.0,2619.0,,47.83
2026-10-04T21:15:53,6921.7,63.0,,68.0,593.23,1980.0,2619.0,,47.83
2026-10-04T21:16:03,6931.7,64.0,,67.0,587.01,1980.0,2619.0,,47.83
2026-10-04T21:16:13,6941.8,63.0,,67.0,593.11,1980.0,2619.0,,47.83
2026-10-04T21:16:23,6951.8,63.0,,67.0,589.59,1980.0,2619.0,,47.83
2026-10-04T21:16:33,6961.8,64.0,,69.0,588.35,1980.0,2619.0,,47.83
2026-10-04T21:16:43,6971.9,64.0,,67.0,594.24,1980.0,2619.0,,47.83
2026-10-04T21:16:54,6981.9,63.0,,66.0,590.6,1980.0,2619.0,,47.83
2026-10-04T21:17:04,6992.0,64.0,,67.0,588.72,1980.0,2619.0,,47.83
2026-10-04T21:17:14,7002.0,64.0,,68.0,590.07,1980.0,2619.0,,47.83
2026-10-04T21:17:24,7012.1,63.0,,66.0,591.12,1980.0,2619.0,,47.83
2026-10-04T21:17:34,7022.1,64.0,,67.0,594.81,1980.0,2619.0,,47.83
2026-10-04T21:17:44,7032.1,64.0,,67.0,589.89,1980.0,2619.0,,47.83
2026-10-04T21:17:54,7042.2,64.0,,67.0,587.57,1980.0,2619.0,,47.83
2026-10-04T21:18:04,7052.2,63.0,,68.0,583.02,1980.0,2619.0,,47.83
2026-10-04T21:18:14,7062.3,64.0,,66.0,591.42,1980.0,2619.0,,47.83
2026-10-04T21:18:24,7072.3,63.0,,68.0,588.18,1980.0,2619.0,,47.83
2026-10-04T21:18:34,7082.3,64.0,,66.0,593.77,1980.0,2619.0,,47.83
2026-10-04T21:18:44,7092.4,63.0,,66.0,584.2,1980.0,2619.0,,47.83
2026-10-04T21:18:54,7102.4,64.0,,66.0,588.62,1980.0,2619.0,,47.83
2026-10-04T21:19:04,7112.5,64.0,,67.0,585.57,1980.0,2619.0,,47.83
2026-10-04T21:19:14,7122.5,64.0,,66.0,588.5,1980.0,2619.0,,47.83
2026-10-04T21:19:24,7132.6,64.0,,67.0,593.06,1980.0,2619.0,,47.83
2026-10-04T21:19:34,7142.6,63.0,,68.0,590.77,1980.0,2619.0,,47.83
2026-10-04T21:19:44,7152.6,63.0,,68.0,587.43,1980.0,2619.0,,47.83
2026-10-04T21:19:54,7162.7,64.0,,67.0,594.36,1980.0,2619.0,,47.83
2026-10-04T21:20:04,7172.7,63.0,,68.0,592.9,1980.0,2619.0,,47.83
2026-10-04T21:20:14,7182.8,62.0,,68.0,591.38,1980.0,2619.0,,47.83
2026-10-04T21:20:24,7192.8,64.0,,66.0,592.22,1980.0,2619.0,,47.83
2026-10-04T21:20:34,7202.9,64.0,,66.0,595.94,1980.0,2619.0,,47.83
2026-10-04T21:20:45,7212.9,64.0,,66.0,592.8,1980.0,2619.0,,47.83
2026-10-04T21:20:55,7223.0,63.0,,67.0,587.21,1980.0,2619.0,,47.83
2026-10-04T21:21:05,7233.0,64.0,,67.0,585.63,1980.0,2619.0,,47.83
2026-10-04T21:21:15,7243.1,64.0,,67.0,594.84,1980.0,2619.0,,47.83
2026-10-04T21:21:25,7253.1,64.0,,66.0,591.84,1980.0,2619.0,,47.83
2026-10-04T21:21:35,7263.1,64.0,,68.0,590.46,1980.0,2619.0,,47.83
2026-10-04T21:21:45,7273.2,64.0,,67.0,588.55,1980.0,2619.0,,47.83
2026-10-04T21:21:55,7283.2,64.0,,66.0,586.26,1980.0,2619.0,,47.83
2026-10-04T21:22:05,7293.3,64.0,,66.0,589.84,1980.0,2619.0,,47.83
2026-10-04T21:22:15,7303.3,64.0,,67.0,588.63,1980.0,2619.0,,47.83
2026-10-04T21:22:25,7313.3,64.0,,68.0,589.67,1980.0,2619.0,,47.83
2026-10-04T21:22:35,7323.4,63.0,,67.0,590.87,1980.0,2619.0,,47.83
2026-10-04T21:22:45,7333.4,63.0,,66.0,589.06,1980.0,2619.0,,47.83
2026-10-04T21:22:55,7343.5,63.0,,68.0,585.26,1980.0,2619.0,,47.83
2026-10-04T21:23:05,7353.5,63.0,,67.0,588.38,1980.0,2619.0,,47.83
2026-10-04T21:23:15,7363.6,64.0,,68.0,583.56,1980.0,2619.0,,47.83
2026-10-04T21:23:25,7373.6,64.0,,66.0,595.37,1980.0,2619.0,,47.83
2026-10-04T21:23:35,7383.6,64.0,,68.0,584.74,1980.0,2619.0,,47.83
2026-10-04T21:23:45,7393.7,64.0,,67.0,588.47,1980.0,2619.0,,47.83
2026-10-04T21:23:55,7403.7,64.0,,66.0,590.08,1980.0,2619.0,,47.83
2026-10-04T21:24:05,7413.8,64.0,,67.0,596.22,1980.0,2619.0,,47.83
2026-10-04T21:24:15,7423.8,63.0,,67.0,591.1,1980.0,2619.0,,47.83
2026-10-04T21:24:25,7433.8,64.0,,66.0,587.99,1980.0,2619.0,,47.83
2026-10-04T21:24:35,7443.9,63.0,,67.0,590.87,1980.0,2619.0,,47.83
2026-10-04T21:24:46,7453.9,63.0,,67.0,590.34,1980.0,2619.0,,47.83
2026-10-04T21:24:56,7464.0,64.0,,66.0,588.63,1980.0,2619.0,,47.83
2026-10-04T21:25:06,7474.0,63.0,,66.0,589.72,1980.0,2619.0,,47.83
2026-10-04T21:25:16,7484.0,64.0,,67.0,594.42,1980.0,2619.0,,47.83
2026-10-04T21:25:26,7494.1,63.0,,68.0,589.47,1980.0,2619.0,,47.83
2026-10-04T21:25:36,7504.1,64.0,,68.0,590.54,1980.0,2619.0,,47.83
2026-10-04T21:25:46,7514.2,63.0,,68.0,590.47,1980.0,2619.0,,47.83
2026-10-04T21:25:56,7524.2,64.0,,67.0,587.79,1980.0,2619.0,,47.83
2026-10-04T21:26:06,7534.3,64.0,,67.0,583.55,1980.0,2619.0,,47.83
2026-10-04T21:26:16,7544.3,64.0,,67.0,591.53,1980.0,2619.0,,47.83
2026-10-04T21:26:26,7554.3,64.0,,67.0,585.85,1980.0,2619.0,,47.83
2026-10-04T21:26:36,7564.4,63.0,,68.0,590.21,1980.0,2619.0,,47.83
2026-10-04T21:26:46,7574.4,64.0,,66.0,584.95,1980.0,2619.0,,47.83
2026-10-04T21:26:56,7584.5,64.0,,66.0,588.97,1980.0,2619.0,,47.83
2026-10-04T21:27:06,7594.5,64.0,,67.0,587.8,1980.0,2619.0,,47.83
2026-10-04T21:27:16,7604.6,64.0,,68.0,594.09,1980.0,2619.0,,47.83
2026-10-04T21:27:26,7614.6,63.0,,66.0,597.31,1980.0,2619.0,,47.83
2026-10-04T21:27:36,7624.7,63.0,,68.0,592.0,1980.0,2619.0,,47.83
2026-10-04T21:27:46,7634.7,64.0,,67.0,588.48,1980.0,2619.0,,47.83
2026-10-04T21:27:56,7644.7,63.0,,68.0,586.22,1980.0,2619.0,,47.83
2026-10-04T21:28:06,7654.8,63.0,,66.0,585.62,1980.0,2619.0,,47.83
2026-10-04T21:28:16,7664.8,64.0,,66.0,581.33,1980.0,2619.0,,47.83
2026-10-04T21:28:26,7674.9,64.0,,66.0,588.67,1980.0,2619.0,,47.83
2026-10-04T21:28:37,7684.9,64.0,,68.0,589.01,1980.0,2619.0,,47.83
2026-10-04T21:28:47,7695.0,63.0,,67.0,592.36,1980.0,2619.0,,47.83
2026-10-04T21:28:57,7705.0,64.0,,67.0,589.35,1980.0,2619.0,,47.83
2026-10-04T21:29:07,7715.1,63.0,,67.0,585.57,1980.0,2619.0,,47.83
2026-10-04T21:29:17,7725.1,64.0,,68.0,589.21,1980.0,2619.0,,47.83
2026-10-04T21:29:27,7735.1,64.0,,67.0,586.67,1980.0,2619.0,,47.83
2026-10-04T21:29:37,7745.2,63.0,,67.0,589.67,1980.0,2619.0,,47.83
2026-10-04T21:29:47,7755.2,64.0,,68.0,588.57,1980.0,2619.0,,47.83
2026-10-04T21:29:57,7765.3,64.0,,68.0,592.27,1980.0,2619.0,,47.83
2026-10-04T21:30:07,7775.3,64.0,,66.0,584.07,1980.0,2619.0,,47.83
2026-10-04T21:30:17,7785.6,63.0,,68.0,585.9,1980.0,2619.0,,47.83
2026-10-04T21:30:27,7795.6,64.0,,67.0,594.75,1980.0,2619.0,,47.83
2026-10-04T21:30:37,7805.7,64.0,,68.0,593.9,1980.0,2619.0,,47.83
2026-10-04T21:30:47,7815.7,63.0,,67.0,592.3,1980.0,2619.0,,47.83
2026-10-04T21:30:57,7825.7,63.0,,68.0,590.66,1980.0,2619.0,,47.83
2026-10-04T21:31:07,7835.8,63.0,,67.0,583.53,1980.0,2619.0,,47.83
2026-10-04T21:31:17,7845.8,64.0,,68.0,590.54,1980.0,2619.0,,47.83
2026-10-04T21:31:27,7855.9,63.0,,68.0,591.04,1980.0,2619.0,,47.83
2026-10-04T21:31:38,7865.9,64.0,,68.0,586.97,1980.0,2619.0,,47.83
2026-10-04T21:31:48,7875.9,64.0,,68.0,588.76,1980.0,2619.0,,47.83
2026-10-04T21:31:58,7886.0,64.0,,67.0,588.65,1980.0,2619.0,,47.83
2026-10-04T21:32:08,7896.0,63.0,,66.0,586.2,1980.0,2619.0,,47.83
2026-10-04T21:32:18,7906.1,64.0,,67.0,592.17,1980.0,2619.0,,47.83
2026-10-04T21:32:28,7916.1,64.0,,67.0,588.43,1980.0,2619.0,,47.83
2026-10-04T21:32:38,7926.2,64.0,,66.0,587.33,1980.0,2619.0,,47.83
2026-10-04T21:32:48,7936.2,64.0,,68.0,591.17,1980.0,2619.0,,47.83
2026-10-04T21:32:58,7946.2,64.0,,66.0,593.1,1980.0,2619.0,,47.83
2026-10-04T21:33:08,7956.3,63.0,,68.0,584.8,1980.0,2619.0,,47.83
2026-10-04T21:33:18,7966.3,64.0,,67.0,600.32,1980.0,2619.0,,47.83
2026-10-04T21:33:28,7976.3,63.0,,67.0,591.57,1980.0,2619.0,,47.83
2026-10-04T21:33:38,7986.4,64.0,,67.0,590.66,1980.0,2619.0,,47.83
2026-10-04T21:33:48,7996.4,64.0,,66.0,597.59,1980.0,2619.0,,47.83
2026-10-04T21:33:58,8006.5,64.0,,67.0,588.3,1980.0,2619.0,,47.83
2026-10-04T21:34:08,8016.5,63.0,,68.0,589.72,1980.0,2619.0,,47.83
2026-10-04T21:34:18,8026.6,64.0,,68.0,587.2,1980.0,2619.0,,47.83
2026-10-04T21:34:28,8036.6,64.0,,67.0,592.19,1980.0,2619.0,,47.83
2026-10-04T21:34:38,8046.7,64.0,,66.0,592.74,1980.0,2619.0,,47.83
2026-10-04T21:34:48,8056.7,63.0,,67.0,586.37,1980.0,2619.0,,47.83
2026-10-04T21:34:58,8066.8,63.0,,66.0,588.03,1980.0,2619.0,,47.83
2026-10-04T21:35:08,8076.8,63.0,,68.0,588.15,1980.0,2619.0,,47.83
2026-10-04T21:35:18,8086.9,64.0,,66.0,579.12,1980.0,2619.0,,47.83
2026-10-04T21:35:29,8096.9,63.0,,67.0,589.64,1980.0,2619.0,,47.83
2026-10-04T21:35:39,8106.9,64.0,,66.0,593.43,1980.0,2619.0,,47.83
2026-10-04T21:35:49,8117.0,63.0,,67.0,591.81,1980.0,2619.0,,47.83
2026-10-04T21:35:59,8127.0,64.0,,68.0,589.35,1980.0,2619.0,,47.83
2026-10-04T21:36:09,8137.1,64.0,,67.0,589.39,1980.0,2619.0,,47.83
2026-10-04T21:36:19,8147.1,64.0,,67.0,592.68,1980.0,2619.0,,47.83
2026-10-04T21:36:29,8157.1,64.0,,67.0,589.91,1980.0,2619.0,,47.83
2026-10-04T21:36:39,8167.2,64.0,,68.0,586.03,1980.0,2619.0,,47.83
2026-10-04T21:36:49,8177.2,64.0,,68.0,590.47,1980.0,2619.0,,47.83
2026-10-04T21:36:59,8187.3,63.0,,68.0,587.09,1980.0,2619.0,,47.83
2026-10-04T21:37:09,8197.4,64.0,,67.0,593.98,1980.0,2619.0,,47.83
2026-10-04T21:37:19,8207.4,64.0,,67.0,597.55,1980.0,2619.0,,47.83
2026-10-04T21:37:29,8217.5,64.0,,68.0,583.97,1980.0,2619.0,,47.83
2026-10-04T21:37:39,8227.5,63.0,,68.0,598.48,1980.0,2619.0,,47.83
2026-10-04T21:37:49,8237.5,64.0,,66.0,593.18,1980.0,2619.0,,47.83
2026-10-04T21:37:59,8247.6,63.0,,67.0,588.08,1980.0,2619.0,,47.83
2026-10-04T21:38:09,8257.6,64.0,,67.0,583.44,1980.0,2619.0,,47.83
2026-10-04T21:38:19,8267.7,63.0,,66.0,588.2,1980.0,2619.0,,47.83
2026-10-04T21:38:29,8277.7,62.0,,67.0,585.53,1980.0,2619.0,,47.83
2026-10-04T21:38:39,8287.7,62.0,,66.0,586.75,1980.0,2619.0,,47.83
2026-10-04T21:38:49,8297.8,63.0,,66.0,588.71,1980.0,2619.0,,47.83
2026-10-04T21:38:59,8307.8,63.0,,66.0,592.91,1980.0,2619.0,,47.83
2026-10-04T21:39:09,8317.9,63.0,,66.0,589.52,1980.0,2619.0,,47.83
2026-10-04T21:39:20,8327.9,63.0,,67.0,587.44,1980.0,2619.0,,47.83
2026-10-04T21:39:30,8338.0,63.0,,68.0,588.65,1980.0,2619.0,,47.83
2026-10-04T21:39:40,8348.0,63.0,,66.0,587.85,1980.0,2619.0,,47.83
2026-10-04T21:39:50,8358.0,63.0,,67.0,590.73,1980.0,2619.0,,47.83
2026-10-04T21:40:00,8368.1,64.0,,68.0,588.61,1980.0,2619.0,,47.83
2026-10-04T21:40:10,8378.1,64.0,,66.0,591.32,1980.0,2619.0,,47.83
2026-10-04T21:40:20,8388.2,64.0,,67.0,590.95,1980.0,2619.0,,47.83
2026-10-04T21:40:30,8398.2,63.0,,66.0,586.53,1980.0,2619.0,,47.83
2026-10-04T21:40:40,8408.2,63.0,,68.0,586.66,1980.0,2619.0,,47.83
2026-10-04T21:40:50,8418.3,63.0,,68.0,596.68,1980.0,2619.0,,47.83
2026-10-04T21:41:00,8428.3,62.0,,66.0,586.36,1980.0,2619.0,,47.83
2026-10-04T21:41:10,8438.4,63.0,,67.0,584.51,1980.0,2619.0,,47.83
2026-10-04T21:41:20,8448.4,63.0,,67.0,587.08,1980.0,2619.0,,47.83
2026-10-04T21:41:30,8458.5,64.0,,66.0,589.85,1980.0,2619.0,,47.83
2026-10-04T21:41:40,8468.5,63.0,,66.0,594.69,1980.0,2619.0,,47.83
2026-10-04T21:41:50,8478.5,64.0,,67.0,589.48,1980.0,2619.0,,47.83
2026-10-04T21:42:00,8488.6,64.0,,67.0,593.42,1980.0,2619.0,,47.83
2026-10-04T21:42:10,8498.6,64.0,,68.0,583.88,1980.0,2619.0,,47.83
2026-10-04T21:42:20,8508.7,63.0,,68.0,586.58,1980.0,2619.0,,47.83
2026-10-04T21:42:30,8518.7,63.0,,66.0,579.3,1980.0,2619.0,,47.83
2026-10-04T21:42:40,8528.8,63.0,,67.0,591.1,1980.0,2619.0,,47.83
2026-10-04T21:42:50,8538.8,64.0,,66.0,583.17,1980.0,2619.0,,47.83
2026-10-04T21:43:00,8548.8,64.0,,67.0,594.47,1980.0,2619.0,,47.83
2026-10-04T21:43:10,8558.9,63.0,,68.0,586.48,1980.0,2619.0,,47.83
2026-10-04T21:43:21,8568.9,63.0,,66.0,591.39,1980.0,2619.0,,47.83
2026-10-04T21:43:31,8579.0,63.0,,66.0,590.53,1980.0,2619.0,,47.83
2026-10-04T21:43:41,8589.0,64.0,,67.0,588.61,1980.0,2619.0,,47.83
2026-10-04T21:43:51,8599.1,63.0,,67.0,585.2,1980.0,2619.0,,47.83
2026-10-04T21:44:01,8609.1,63.0,,66.0,596.78,1980.0,2619.0,,47.83
2026-10-04T21:44:11,8619.1,63.0,,66.0,588.84,1980.0,2619.0,,47.83
2026-10-04T21:44:21,8629.2,63.0,,67.0,590.48,1980.0,2619.0,,47.83
2026-10-04T21:44:31,8639.2,64.0,,68.0,587.56,1980.0,2619.0,,47.83
2026-10-04T21:44:41,8649.3,64.0,,66.0,588.98,1980.0,2619.0,,47.83
2026-10-04T21:44:51,8659.3,63.0,,66.0,591.97,1980.0,2619.0,,47.83
2026-10-04T21:45:01,8669.4,63.0,,67.0,589.82,1980.0,2619.0,,47.83
2026-10-04T21:45:11,8679.4,64.0,,66.0,585.94,1980.0,2619.0,,47.83
2026-10-04T21:45:21,8689.4,64.0,,68.0,587.21,1980.0,2619.0,,47.83
2026-10-04T21:45:31,8699.5,64.0,,68.0,592.67,1980.0,2619.0,,47.83
2026-10-04T21:45:41,8709.5,63.0,,67.0,594.39,1980.0,2619.0,,47.83
2026-10-04T21:45:51,8719.6,64.0,,66.0,595.71,1980.0,2619.0,,47.83
2026-10-04T21:46:01,8729.6,64.0,,66.0,589.41,1980.0,2619.0,,47.83
2026-10-04T21:46:11,8739.7,63.0,,66.0,589.2,1980.0,2619.0,,47.83
2026-10-04T21:46:21,8749.7,64.0,,68.0,587.69,1980.0,2619.0,,47.83
2026-10-04T21:46:31,8759.7,63.0,,68.0,583.76,1980.0,2619.0,,47.83
2026-10-04T21:46:41,8769.8,63.0,,67.0,579.23,1980.0,2619.0,,47.83
2026-10-04T21:46:51,8779.8,64.0,,66.0,589.9,1980.0,2619.0,,47.83
2026-10-04T21:47:01,8789.9,63.0,,66.0,587.05,1980.0,2619.0,,47.83
2026-10-04T21:47:12,8799.9,64.0,,68.0,591.28,1980.0,2619.0,,47.83
2026-10-04T21:47:22,8810.0,63.0,,66.0,587.45,1980.0,2619.0,,47.83
2026-10-04T21:47:32,8820.0,63.0,,66.0,594.74,1980.0,2619.0,,47.83
2026-10-04T21:47:42,8830.0,64.0,,67.0,589.79,1980.0,2619.0,,47.83
2026-10-04T21:47:52,8840.1,64.0,,66.0,587.73,1980.0,2619.0,,47.83
2026-10-04T21:48:02,8850.1,63.0,,68.0,597.53,1980.0,2619.0,,47.83
2026-10-04T21:48:12,8860.2,63.0,,68.0,590.0,1980.0,2619.0,,47.83
2026-10-04T21:48:22,8870.2,63.0,,68.0,589.52,1980.0,2619.0,,47.83
2026-10-04T21:48:32,8880.3,64.0,,66.0,586.74,1980.0,2619.0,,47.83
2026-10-04T21:48:42,8890.3,63.0,,68.0,594.9,1980.0,2619.0,,47.83
2026-10-04T21:48:52,8900.7,64.0,,68.0,588.81,1980.0,2619.0,,47.83
2026-10-04T21:49:02,8910.7,63.0,,67.0,585.76,1980.0,2619.0,,47.83
2026-10-04T21:49:12,8920.7,64.0,,66.0,586.97,1980.0,2619.0,,47.83
2026-10-04T21:49:22,8930.8,64.0,,66.0,588.39,1980.0,2619.0,,47.83
2026-10-04T21:49:32,8940.8,63.0,,66.0,584.97,1980.0,2619.0,,47.83
2026-10-04T21:49:42,8950.9,64.0,,67.0,589.84,1980.0,2619.0,,47.83
2026-10-04T21:49:53,8960.9,63.0,,66.0,595.79,1980.0,2619.0,,47.83
2026-10-04T21:50:03,8971.0,63.0,,67.0,593.61,1980.0,2619.0,,47.83
2026-10-04T21:50:13,8981.0,63.0,,67.0,587.89,1980.0,2619.0,,47.83
2026-10-04T21:50:23,8991.1,63.0,,67.0,588.44,1980.0,2619.0,,47.83
2026-10-04T21:50:33,9001.1,63.0,,67.0,585.19,1980.0,2619.0,,47.83
2026-10-04T21:50:43,9011.1,63.0,,67.0,584.91,1980.0,2619.0,,47.83
2026-10-04T21:50:53,9021.2,63.0,,66.0,586.34,1980.0,2619.0,,47.83
2026-10-04T21:51:03,9031.2,63.0,,66.0,585.8,1980.0,2619.0,,47.83
2026-10-04T21:51:13,9041.3,63.0,,65.0,592.61,1980.0,2619.0,,47.83
2026-10-04T21:51:23,9051.3,63.0,,68.0,589.36,1980.0,2619.0,,47.83
2026-10-04T21:51:33,9061.4,62.0,,65.0,588.53,1980.0,2619.0,,47.83
2026-10-04T21:51:43,9071.4,63.0,,65.0,587.84,1980.0,2619.0,,47.83
2026-10-04T21:51:53,9081.4,62.0,,67.0,588.94,1980.0,2619.0,,47.83
2026-10-04T21:52:03,9091.5,63.0,,66.0,594.3,1980.0,2619.0,,47.83
2026-10-04T21:52:13,9101.5,63.0,,67.0,594.11,1980.0,2619.0,,47.83
2026-10-04T21:52:23,9111.6,63.0,,66.0,591.43,1980.0,2619.0,,47.83
2026-10-04T21:52:33,9121.6,63.0,,68.0,589.11,1980.0,2619.0,,47.83
2026-10-04T21:52:43,9131.7,64.0,,66.0,589.86,1980.0,2619.0,,47.83
2026-10-04T21:52:53,9141.7,64.0,,67.0,589.32,1980.0,2619.0,,47.83
2026-10-04T21:53:03,9151.8,64.0,,66.0,596.69,1980.0,2619.0,,47.83
2026-10-04T21:53:13,9161.8,64.0,,68.0,593.43,1980.0,2619.0,,47.83
2026-10-04T21:53:23,9171.9,64.0,,67.0,589.82,1980.0,2619.0,,47.83
2026-10-04T21:53:34,9181.9,64.0,,67.0,591.06,1980.0,2619.0,,47.83
2026-10-04T21:53:44,9191.9,64.0,,67.0,587.24,1980.0,2619.0,,47.83
2026-10-04T21:53:54,9202.0,64.0,,67.0,591.68,1980.0,2619.0,,47.83
2026-10-04T21:54:04,9212.0,63.0,,67.0,596.78,1980.0,2619.0,,47.83
2026-10-04T21:54:14,9222.1,64.0,,67.0,588.42,1980.0,2619.0,,47.83
2026-10-04T21:54:24,9232.2,64.0,,67.0,588.0,1980.0,2619.0,,47.83
2026-10-04T21:54:34,9242.2,63.0,,67.0,590.82,1980.0,2619.0,,47.83
2026-10-04T21:54:44,9252.2,64.0,,67.0,583.4,1980.0,2619.0,,47.83
2026-10-04T21:54:54,9262.3,63.0,,68.0,583.41,1980.0,2619.0,,47.83
2026-10-04T21:55:04,9272.3,64.0,,66.0,587.6,1980.0,2619.0,,47.83
2026-10-04T21:55:14,9282.4,63.0,,68.0,593.51,1980.0,2619.0,,47.83
2026-10-04T21:55:24,9292.4,63.0,,66.0,587.19,1980.0,2619.0,,47.83
2026-10-04T21:55:34,9302.5,64.0,,68.0,582.86,1980.0,2619.0,,47.83
2026-10-04T21:55:44,9312.5,64.0,,68.0,583.35,1980.0,2619.0,,47.83
2026-10-04T21:55:54,9322.6,64.0,,67.0,603.36,1980.0,2619.0,,36.7
2026-10-04T21:56:04,9332.6,64.0,,66.0,598.16,1980.0,2619.0,,36.92
2026-10-04T21:56:14,9342.6,64.0,,67.0,590.42,1980.0,2619.0,,36.93
2026-10-04T21:56:24,9352.7,64.0,,66.0,592.15,1980.0,2619.0,,36.93
2026-10-04T21:56:34,9362.7,64.0,,66.0,594.51,1980.0,2619.0,,36.94
2026-10-04T21:56:44,9372.8,63.0,,68.0,596.54,1980.0,2619.0,,36.94
2026-10-04T21:56:54,9382.8,64.0,,68.0,600.32,1980.0,2619.0,,36.94
2026-10-04T21:57:04,9392.9,64.0,,66.0,603.51,1980.0,2619.0,,34.54
2026-10-04T21:57:15,9402.9,64.0,,67.0,604.54,1980.0,2619.0,,34.54
2026-10-04T21:57:25,9413.0,64.0,,68.0,595.88,1980.0,2619.0,,34.54
2026-10-04T21:57:35,9423.0,63.0,,66.0,598.84,1980.0,2619.0,,34.54
2026-10-04T21:57:45,9433.1,63.0,,68.0,601.02,1980.0,2619.0,,34.54
2026-10-04T21:57:55,9443.1,64.0,,66.0,591.64,1980.0,2619.0,,34.54
2026-10-04T21:58:05,9453.1,64.0,,66.0,603.31,1980.0,2619.0,,34.54
2026-10-04T21:58:15,9463.2,63.0,,66.0,604.85,1980.0,2619.0,,34.54
2026-10-04T21:58:25,9473.2,63.0,,66.0,603.15,1980.0,2619.0,,34.54
2026-10-04T21:58:35,9483.3,63.0,,65.0,598.47,1980.0,2619.0,,34.54
2026-10-04T21:58:45,9493.3,63.0,,67.0,600.95,1980.0,2619.0,,34.54
2026-10-04T21:58:55,9503.4,63.0,,66.0,599.8,1980.0,2619.0,,34.54
2026-10-04T21:59:05,9513.4,63.0,,66.0,599.45,1980.0,2619.0,,34.54
2026-10-04T21:59:15,9523.4,63.0,,67.0,601.87,1980.0,2619.0,,34.54
2026-10-04T21:59:25,9533.5,63.0,,68.0,604.82,1980.0,2619.0,,34.54
2026-10-04T21:59:35,9543.5,63.0,,66.0,598.16,1980.0,2619.0,,34.54
2026-10-04T21:59:45,9553.6,63.0,,66.0,601.29,1980.0,2619.0,,34.54
2026-10-04T21:59:55,9563.6,63.0,,67.0,604.78,1980.0,2619.0,,34.54
2026-10-04T22:00:05,9573.7,64.0,,66.0,605.09,1980.0,2619.0,,34.54
2026-10-04T22:00:15,9583.8,64.0,,66.0,604.66,1980.0,2619.0,,34.54
2026-10-04T22:00:25,9593.8,63.0,,67.0,596.37,1980.0,2619.0,,34.54
2026-10-04T22:00:35,9603.8,63.0,,67.0,595.1,1980.0,2619.0,,34.54
2026-10-04T22:00:46,9613.9,64.0,,66.0,603.32,1980.0,2619.0,,34.54
2026-10-04T22:00:56,9623.9,64.0,,68.0,599.05,1980.0,2619.0,,34.54
2026-10-04T22:01:06,9634.0,64.0,,66.0,589.66,1980.0,2619.0,,34.54
2026-10-04T22:01:16,9644.0,63.0,,66.0,599.72,1980.0,2619.0,,34.54
2026-10-04T22:01:26,9654.1,64.0,,66.0,601.09,1980.0,2619.0,,34.54
2026-10-04T22:01:36,9664.1,63.0,,66.0,598.94,1980.0,2619.0,,34.54
2026-10-04T22:01:46,9674.2,64.0,,68.0,602.32,1980.0,2619.0,,34.54
2026-10-04T22:01:56,9684.2,63.0,,67.0,597.42,1980.0,2619.0,,34.54
2026-10-04T22:02:06,9694.2,63.0,,66.0,595.1,1980.0,2619.0,,34.54
2026-10-04T22:02:16,9704.3,63.0,,66.0,595.42,1980.0,2619.0,,34.54
2026-10-04T22:02:26,9714.3,63.0,,66.0,599.74,1980.0,2619.0,,34.54
2026-10-04T22:02:36,9724.4,63.0,,67.0,600.03,1980.0,2619.0,,34.54
2026-10-04T22:02:46,9734.4,64.0,,66.0,600.56,1980.0,2619.0,,34.54
2026-10-04T22:02:56,9744.4,64.0,,67.0,602.71,1980.0,2619.0,,34.54
2026-10-04T22:03:06,9754.5,64.0,,67.0,600.81,1980.0,2619.0,,34.54
2026-10-04T22:03:16,9764.5,64.0,,67.0,601.58,1980.0,2619.0,,34.54
2026-10-04T22:03:26,9774.6,64.0,,68.0,587.47,1980.0,2619.0,,34.54
2026-10-04T22:03:36,9784.6,64.0,,66.0,604.15,1980.0,2619.0,,34.54
2026-10-04T22:03:46,9794.7,64.0,,67.0,602.68,1980.0,2619.0,,34.54
2026-10-04T22:03:56,9804.7,64.0,,66.0,599.93,1980.0,2619.0,,34.54
2026-10-04T22:04:06,9814.7,64.0,,68.0,601.81,1980.0,2619.0,,34.54
2026-10-04T22:04:16,9824.8,64.0,,67.0,594.43,1980.0,2619.0,,34.54
2026-10-04T22:04:26,9834.8,65.0,,67.0,601.57,1980.0,2619.0,,34.54
2026-10-04T22:04:36,9844.9,65.0,,67.0,603.33,1980.0,2619.0,,34.54
2026-10-04T22:04:47,9854.9,65.0,,68.0,602.05,1980.0,2619.0,,34.54
2026-10-04T22:04:57,9865.0,64.0,,67.0,599.11,1980.0,2619.0,,34.54
2026-10-04T22:05:07,9875.0,64.0,,66.0,600.35,1980.0,2619.0,,34.54
2026-10-04T22:05:17,9885.1,64.0,,67.0,603.62,1980.0,2619.0,,34.54
2026-10-04T22:05:27,9895.1,64.0,,66.0,601.19,1980.0,2619.0,,34.54
2026-10-04T22:05:37,9905.1,64.0,,67.0,599.99,1980.0,2619.0,,34.54
2026-10-04T22:05:47,9915.2,64.0,,66.0,596.95,1980.0,2619.0,,34.54
2026-10-04T22:05:57,9925.2,63.0,,66.0,595.73,1980.0,2619.0,,34.54
2026-10-04T22:06:07,9935.3,64.0,,66.0,589.77,1980.0,2619.0,,34.54
2026-10-04T22:06:17,9945.3,64.0,,67.0,598.23,1980.0,2619.0,,34.54
2026-10-04T22:06:27,9955.4,64.0,,68.0,598.44,1980.0,2619.0,,34.54
2026-10-04T22:06:37,9965.4,64.0,,66.0,598.89,1980.0,2619.0,,34.54
2026-10-04T22:06:47,9975.4,63.0,,67.0,593.9,1980.0,2619.0,,34.54
2026-10-04T22:06:57,9985.5,63.0,,66.0,604.22,1980.0,2619.0,,34.54
2026-10-04T22:07:07,9995.5,63.0,,67.0,597.06,1980.0,2619.0,,34.54
2026-10-04T22:07:17,10005.6,63.0,,66.0,598.34,1980.0,2619.0,,34.54
2026-10-04T22:07:27,10015.6,63.0,,66.0,599.45,1980.0,2619.0,,34.54
2026-10-04T22:07:37,10025.6,63.0,,67.0,597.31,1980.0,2619.0,,34.54
2026-10-04T22:07:47,10035.7,63.0,,67.0,601.38,1980.0,2619.0,,34.54
2026-10-04T22:07:57,10045.7,63.0,,66.0,595.49,1980.0,2619.0,,34.54
2026-10-04T22:08:07,10055.8,63.0,,67.0,597.19,1980.0,2619.0,,34.54
2026-10-04T22:08:17,10065.8,63.0,,66.0,600.78,1980.0,2619.0,,34.54
2026-10-04T22:08:27,10075.8,63.0,,66.0,594.06,1980.0,2619.0,,34.54
2026-10-04T22:08:37,10085.9,62.0,,67.0,595.18,1980.0,2619.0,,34.54
2026-10-04T22:08:48,10095.9,63.0,,66.0,598.44,1980.0,2619.0,,34.54
2026-10-04T22:08:58,10106.0,63.0,,65.0,596.75,1980.0,2619.0,,34.54
2026-10-04T22:09:08,10116.0,63.0,,66.0,597.25,1980.0,2619.0,,34.54
2026-10-04T22:09:18,10126.1,63.0,,68.0,597.54,1980.0,2619.0,,34.54
2026-10-04T22:09:28,10136.1,64.0,,66.0,600.74,1980.0,2619.0,,34.54
2026-10-04T22:09:38,10146.1,63.0,,67.0,594.69,1980.0,2619.0,,34.54
2026-10-04T22:09:48,10156.2,64.0,,67.0,597.55,1980.0,2619.0,,34.54
2026-10-04T22:09:58,10166.2,64.0,,66.0,598.68,1980.0,2619.0,,34.54
2026-10-04T22:10:08,10176.3,64.0,,66.0,603.18,1980.0,2619.0,,34.54
2026-10-04T22:10:18,10186.3,64.0,,66.0,601.86,1980.0,2619.0,,34.54
2026-10-04T22:10:28,10196.3,64.0,,67.0,599.34,1980.0,2619.0,,34.54
2026-10-04T22:10:38,10206.4,64.0,,67.0,600.45,1980.0,2619.0,,34.54
2026-10-04T22:10:48,10216.4,64.0,,68.0,605.67,1980.0,2619.0,,34.54
2026-10-04T22:10:58,10226.5,64.0,,67.0,593.7,1980.0,2619.0,,34.54
2026-10-04T22:11:08,10236.5,64.0,,66.0,599.18,1980.0,2619.0,,34.54
2026-10-04T22:11:18,10246.6,64.0,,68.0,600.21,1980.0,2619.0,,34.54
2026-10-04T22:11:28,10256.6,64.0,,67.0,601.27,1980.0,2619.0,,34.54
2026-10-04T22:11:38,10266.6,64.0,,66.0,596.64,1980.0,2619.0,,34.54
2026-10-04T22:11:48,10276.7,63.0,,68.0,597.96,1980.0,2619.0,,34.54
2026-10-04T22:11:58,10286.7,64.0,,68.0,603.32,1980.0,2619.0,,34.54
2026-10-04T22:12:08,10296.8,64.0,,68.0,596.57,1980.0,2619.0,,34.54
2026-10-04T22:12:19,10307.0,64.0,,67.0,602.9,1980.0,2619.0,,34.54
2026-10-04T22:12:29,10317.0,65.0,,67.0,604.92,1980.0,2619.0,,34.54
2026-10-04T22:12:39,10327.0,64.0,,66.0,602.84,1980.0,2619.0,,34.54
2026-10-04T22:12:49,10337.1,64.0,,67.0,608.59,1980.0,2619.0,,34.54
2026-10-04T22:12:59,10347.1,64.0,,68.0,595.92,1980.0,2619.0,,34.54
2026-10-04T22:13:09,10357.2,64.0,,66.0,600.23,1980.0,2619.0,,34.54
2026-10-04T22:13:19,10367.2,64.0,,66.0,602.05,1980.0,2619.0,,34.54
2026-10-04T22:13:29,10377.2,63.0,,67.0,596.3,1980.0,2619.0,,34.54
2026-10-04T22:13:39,10387.3,64.0,,66.0,599.11,1980.0,2619.0,,34.54
2026-10-04T22:13:49,10397.3,64.0,,66.0,597.65,1980.0,2619.0,,34.54
2026-10-04T22:13:59,10407.4,64.0,,66.0,597.73,1980.0,2619.0,,34.54
2026-10-04T22:14:09,10417.4,63.0,,67.0,594.93,1980.0,2619.0,,34.54
2026-10-04T22:14:19,10427.5,63.0,,66.0,598.07,1980.0,2619.0,,34.54
2026-10-04T22:14:29,10437.5,63.0,,67.0,595.46,1980.0,2619.0,,34.54
2026-10-04T22:14:39,10447.5,63.0,,66.0,608.41,1980.0,2619.0,,34.54
2026-10-04T22:14:49,10457.6,63.0,,69.0,601.22,1980.0,2619.0,,34.54
2026-10-04T22:14:59,10467.6,63.0,,67.0,598.18,1980.0,2619.0,,34.54
2026-10-04T22:15:09,10477.7,62.0,,67.0,600.01,1980.0,2619.0,,34.54
2026-10-04T22:15:19,10487.7,63.0,,66.0,594.59,1980.0,2619.0,,34.54
2026-10-04T22:15:29,10497.8,62.0,,67.0,593.94,1980.0,2619.0,,34.54
2026-10-04T22:15:39,10507.8,62.0,,66.0,597.38,1980.0,2619.0,,34.54
2026-10-04T22:15:49,10517.8,62.0,,67.0,598.94,1980.0,2619.0,,34.54
2026-10-04T22:16:00,10527.9,63.0,,66.0,599.97,1980.0,2619.0,,34.54
2026-10-04T22:16:10,10537.9,63.0,,66.0,600.45,1980.0,2619.0,,34.54
2026-10-04T22:16:20,10548.0,63.0,,66.0,603.21,1980.0,2619.0,,34.54
2026-10-04T22:16:30,10558.0,63.0,,67.0,604.34,1980.0,2619.0,,34.54
2026-10-04T22:16:40,10568.1,63.0,,65.0,599.45,1980.0,2619.0,,34.54
2026-10-04T22:16:50,10578.1,62.0,,66.0,599.08,1980.0,2619.0,,34.54
2026-10-04T22:17:00,10588.2,60.0,,65.0,597.03,1980.0,2619.0,,34.54
2026-10-04T22:17:10,10598.2,60.0,,63.0,589.83,1980.0,2619.0,,34.54
2026-10-04T22:17:20,10608.3,59.0,,63.0,592.63,1980.0,2619.0,,34.54
2026-10-04T22:17:30,10618.3,59.0,,63.0,596.94,1980.0,2619.0,,34.54
2026-10-04T22:17:40,10628.3,58.0,,63.0,598.11,1980.0,2619.0,,34.54
2026-10-04T22:17:50,10638.4,58.0,,62.0,599.52,1980.0,2619.0,,34.54
2026-10-04T22:18:00,10648.4,58.0,,62.0,594.05,1980.0,2619.0,,34.54
2026-10-04T22:18:10,10658.5,58.0,,62.0,592.86,1980.0,2619.0,,34.54
2026-10-04T22:18:20,10668.5,58.0,,62.0,598.2,1980.0,2619.0,,34.54
2026-10-04T22:18:30,10678.6,58.0,,62.0,592.29,1980.0,2619.0,,34.54
2026-10-04T22:18:40,10688.6,59.0,,62.0,594.2,1980.0,2619.0,,34.54
2026-10-04T22:18:50,10698.7,58.0,,62.0,596.43,1980.0,2619.0,,34.54
2026-10-04T22:19:00,10708.7,58.0,,62.0,597.52,1980.0,2619.0,,34.54
2026-10-04T22:19:10,10718.8,58.0,,63.0,594.49,1980.0,2619.0,,34.54
2026-10-04T22:19:20,10728.8,57.0,,62.0,593.41,1980.0,2619.0,,34.54
2026-10-04T22:19:30,10738.9,58.0,,61.0,594.46,1980.0,2619.0,,34.54
2026-10-04T22:19:41,10748.9,57.0,,62.0,596.1,1980.0,2619.0,,34.54
2026-10-04T22:19:51,10759.0,58.0,,62.0,587.66,1980.0,2619.0,,34.54
2026-10-04T22:20:01,10769.0,57.0,,60.0,590.91,1980.0,2619.0,,34.54
2026-10-04T22:20:11,10779.1,57.0,,60.0,593.31,1980.0,2619.0,,34.54
2026-10-04T22:20:21,10789.1,57.0,,61.0,595.45,1980.0,2619.0,,34.54
2026-10-04T22:20:31,10799.1,56.0,,61.0,594.3,1980.0,2619.0,,34.54
2026-10-04T22:20:41,10809.2,57.0,,60.0,595.97,1980.0,2619.0,,34.54
2026-10-04T22:20:51,10819.2,57.0,,61.0,593.01,1980.0,2619.0,,34.54
2026-10-04T22:21:01,10829.3,57.0,,61.0,593.56,1980.0,2619.0,,34.54
2026-10-04T22:21:11,10839.3,57.0,,62.0,602.01,1980.0,2619.0,,34.54
2026-10-04T22:21:21,10849.4,57.0,,60.0,589.81,1980.0,2619.0,,34.54
2026-10-04T22:21:31,10859.4,57.0,,59.0,589.72,1980.0,2619.0,,34.54
2026-10-04T22:21:41,10869.5,56.0,,61.0,590.16,1980.0,2619.0,,34.54
2026-10-04T22:21:51,10879.5,56.0,,62.0,601.15,1980.0,2619.0,,34.54
2026-10-04T22:22:01,10889.6,59.0,,61.0,590.07,1980.0,2619.0,,34.54
2026-10-04T22:22:11,10899.6,60.0,,63.0,599.71,1980.0,2619.0,,34.54
2026-10-04T22:22:21,10909.6,60.0,,62.0,598.52,1980.0,2619.0,,34.54
2026-10-04T22:22:31,10919.7,61.0,,64.0,599.96,1980.0,2619.0,,34.54
2026-10-04T22:22:41,10929.7,62.0,,64.0,584.59,1980.0,2619.0,,34.54
2026-10-04T22:22:51,10939.8,62.0,,65.0,596.07,1980.0,2619.0,,34.54
2026-10-04T22:23:01,10949.8,62.0,,65.0,596.3,1980.0,2619.0,,34.54
2026-10-04T22:23:11,10959.8,62.0,,64.0,592.12,1980.0,2619.0,,34.54
2026-10-04T22:23:21,10969.9,62.0,,66.0,598.35,1980.0,2619.0,,34.54
2026-10-04T22:23:32,10979.9,62.0,,66.0,596.03,1980.0,2619.0,,34.54
2026-10-04T22:23:42,10990.0,62.0,,65.0,592.91,1980.0,2619.0,,34.54
2026-10-04T22:23:52,11000.0,63.0,,65.0,595.55,1980.0,2619.0,,34.54
2026-10-04T22:24:02,11010.1,63.0,,66.0,591.54,1980.0,2619.0,,34.54
2026-10-04T22:24:12,11020.1,62.0,,66.0,590.83,1980.0,2619.0,,34.54
2026-10-04T22:24:22,11030.1,62.0,,66.0,590.54,1980.0,2619.0,,34.54
2026-10-04T22:24:32,11040.2,62.0,,68.0,595.28,1980.0,2619.0,,34.54
2026-10-04T22:24:42,11050.2,62.0,,65.0,593.97,1980.0,2619.0,,34.54
2026-10-04T22:24:52,11060.3,62.0,,65.0,591.01,1980.0,2619.0,,34.54
2026-10-04T22:25:02,11070.3,62.0,,65.0,594.18,1980.0,2619.0,,34.54
2026-10-04T22:25:12,11080.4,63.0,,66.0,593.85,1980.0,2619.0,,34.54
2026-10-04T22:25:22,11090.4,62.0,,67.0,588.6,1980.0,2619.0,,34.54
2026-10-04T22:25:32,11100.5,63.0,,65.0,596.59,1980.0,2619.0,,34.54
2026-10-04T22:25:42,11110.5,64.0,,66.0,590.24,1980.0,2619.0,,34.54
2026-10-04T22:25:52,11120.6,64.0,,66.0,593.78,1980.0,2619.0,,34.54
2026-10-04T22:26:02,11130.6,64.0,,67.0,598.45,1980.0,2619.0,,34.54
2026-10-04T22:26:12,11140.6,64.0,,67.0,595.36,1980.0,2619.0,,34.54
2026-10-04T22:26:22,11150.7,64.0,,68.0,592.24,1980.0,2619.0,,34.54
2026-10-04T22:26:32,11160.7,64.0,,67.0,595.53,1980.0,2619.0,,34.54
2026-10-04T22:26:42,11170.8,64.0,,67.0,595.82,1980.0,2619.0,,34.54
2026-10-04T22:26:52,11180.8,64.0,,68.0,595.27,1980.0,2619.0,,34.54
2026-10-04T22:27:03,11190.9,64.0,,66.0,594.45,1980.0,2619.0,,34.54
2026-10-04T22:27:13,11200.9,64.0,,66.0,605.38,1980.0,2619.0,,34.54
2026-10-04T22:27:23,11211.0,64.0,,68.0,593.43,1980.0,2619.0,,34.54
2026-10-04T22:27:33,11221.0,64.0,,68.0,592.64,1980.0,2619.0,,34.54
2026-10-04T22:27:43,11231.1,64.0,,66.0,602.56,1980.0,2619.0,,34.54
2026-10-04T22:27:53,11241.1,63.0,,67.0,593.02,1980.0,2619.0,,34.54
2026-10-04T22:28:03,11251.2,63.0,,67.0,588.16,1980.0,2619.0,,34.54
2026-10-04T22:28:13,11261.2,63.0,,68.0,600.09,1980.0,2619.0,,34.54
2026-10-04T22:28:23,11271.3,64.0,,67.0,595.01,1980.0,2619.0,,34.54
2026-10-04T22:28:33,11281.3,64.0,,66.0,600.71,1980.0,2619.0,,34.54
2026-10-04T22:28:43,11291.3,63.0,,66.0,595.98,1980.0,2619.0,,34.54
2026-10-04T22:28:53,11301.4,63.0,,66.0,592.82,1980.0,2619.0,,34.54
2026-10-04T22:29:03,11311.4,63.0,,66.0,593.17,1980.0,2619.0,,34.54
2026-10-04T22:29:13,11321.5,63.0,,66.0,584.76,1980.0,2619.0,,34.54
2026-10-04T22:29:23,11331.5,63.0,,66.0,597.3,1980.0,2619.0,,34.54
2026-10-04T22:29:33,11341.5,62.0,,65.0,587.05,1980.0,2619.0,,34.54
2026-10-04T22:29:43,11351.6,62.0,,66.0,591.96,1980.0,2619.0,,34.54
2026-10-04T22:29:53,11361.6,63.0,,67.0,596.36,1980.0,2619.0,,34.54
2026-10-04T22:30:03,11371.7,62.0,,66.0,593.57,1980.0,2619.0,,34.54
2026-10-04T22:30:13,11381.8,62.0,,66.0,599.02,1980.0,2619.0,,34.54
2026-10-04T22:30:23,11391.8,62.0,,66.0,594.45,1980.0,2619.0,,34.54
2026-10-04T22:30:33,11401.8,63.0,,66.0,594.01,1980.0,2619.0,,34.54
2026-10-04T22:30:43,11411.9,63.0,,66.0,589.48,1980.0,2619.0,,34.54
2026-10-04T22:30:54,11421.9,63.0,,66.0,599.11,1980.0,2619.0,,34.54
2026-10-04T22:31:04,11432.0,63.0,,66.0,593.54,1980.0,2619.0,,34.54
2026-10-04T22:31:14,11442.0,63.0,,67.0,591.71,1980.0,2619.0,,34.54
2026-10-04T22:31:24,11452.1,63.0,,66.0,594.71,1980.0,2619.0,,34.54
2026-10-04T22:31:34,11462.1,63.0,,67.0,594.66,1980.0,2619.0,,34.54
2026-10-04T22:31:44,11472.1,63.0,,65.0,598.52,1980.0,2619.0,,34.54
2026-10-04T22:31:54,11482.2,63.0,,66.0,596.05,1980.0,2619.0,,34.54
2026-10-04T22:32:04,11492.2,63.0,,65.0,597.42,1980.0,2619.0,,34.54
2026-10-04T22:32:14,11502.3,63.0,,66.0,590.41,1980.0,2619.0,,34.54
2026-10-04T22:32:24,11512.3,63.0,,66.0,594.97,1980.0,2619.0,,34.54
2026-10-04T22:32:34,11522.4,63.0,,65.0,594.99,1980.0,2619.0,,34.54
2026-10-04T22:32:44,11532.4,62.0,,67.0,597.98,1980.0,2619.0,,34.54
2026-10-04T22:32:54,11542.4,63.0,,66.0,596.32,1980.0,2619.0,,34.54
2026-10-04T22:33:04,11552.5,63.0,,67.0,595.35,1980.0,2619.0,,34.54
2026-10-04T22:33:14,11562.5,63.0,,66.0,593.91,1980.0,2619.0,,34.54
2026-10-04T22:33:24,11572.6,63.0,,67.0,596.98,1980.0,2619.0,,34.54
2026-10-04T22:33:34,11582.6,63.0,,67.0,590.77,1980.0,2619.0,,34.54
2026-10-04T22:33:44,11592.7,64.0,,66.0,597.2,1980.0,2619.0,,34.54
2026-10-04T22:33:54,11602.7,63.0,,67.0,598.26,1980.0,2619.0,,34.54
2026-10-04T22:34:04,11612.8,64.0,,67.0,596.29,1980.0,2619.0,,34.54
2026-10-04T22:34:14,11622.8,64.0,,68.0,594.13,1980.0,2619.0,,34.54
2026-10-04T22:34:24,11632.8,64.0,,67.0,593.58,1980.0,2619.0,,34.54
2026-10-04T22:34:34,11642.9,64.0,,68.0,601.93,1980.0,2619.0,,34.54
2026-10-04T22:34:45,11652.9,64.0,,67.0,597.1,1980.0,2619.0,,34.54
2026-10-04T22:34:55,11663.0,64.0,,68.0,596.52,1980.0,2619.0,,34.54
2026-10-04T22:35:05,11673.0,64.0,,67.0,595.32,1980.0,2619.0,,34.54
2026-10-04T22:35:15,11683.1,64.0,,67.0,595.09,1980.0,2619.0,,34.54
2026-10-04T22:35:25,11693.1,64.0,,67.0,596.78,1980.0,2619.0,,34.54
2026-10-04T22:35:35,11703.2,64.0,,67.0,595.07,1980.0,2619.0,,34.54
2026-10-04T22:35:45,11713.2,63.0,,67.0,598.36,1980.0,2619.0,,34.54
2026-10-04T22:35:55,11723.2,64.0,,67.0,598.14,1980.0,2619.0,,34.54
2026-10-04T22:36:05,11733.3,64.0,,67.0,597.58,1980.0,2619.0,,34.54
2026-10-04T22:36:15,11743.3,64.0,,68.0,592.5,1980.0,2619.0,,34.54
2026-10-04T22:36:25,11753.4,64.0,,68.0,596.97,1980.0,2619.0,,34.54
2026-10-04T22:36:35,11763.4,63.0,,67.0,591.06,1980.0,2619.0,,34.54
2026-10-04T22:36:45,11773.5,64.0,,67.0,617.48,1980.0,2619.0,,34.54
2026-10-04T22:36:55,11783.5,64.0,,66.0,619.25,1980.0,2619.0,,19.51
2026-10-04T22:37:05,11793.6,65.0,,66.0,617.72,1980.0,2619.0,,19.51
2026-10-04T22:37:15,11803.6,64.0,,66.0,620.88,1980.0,2619.0,,19.51
2026-10-04T22:37:25,11813.6,64.0,,65.0,609.53,1980.0,2619.0,,19.52
2026-10-04T22:37:35,11823.7,64.0,,67.0,624.82,1980.0,2619.0,,19.53
2026-10-04T22:37:45,11833.7,64.0,,66.0,623.53,1980.0,2619.0,,19.53
2026-10-04T22:37:55,11843.8,63.0,,65.0,606.0,1980.0,2619.0,,16.45
2026-10-04T22:38:05,11853.8,64.0,,67.0,630.17,1980.0,2619.0,,16.45
2026-10-04T22:38:15,11863.8,64.0,,66.0,628.01,1980.0,2619.0,,16.45
2026-10-04T22:38:25,11873.9,64.0,,66.0,628.1,1980.0,2619.0,,16.45
2026-10-04T22:38:36,11883.9,64.0,,66.0,628.77,1980.0,2619.0,,16.45
2026-10-04T22:38:46,11894.0,64.0,,66.0,601.85,1980.0,2619.0,,16.45
2026-10-04T22:38:56,11904.0,63.0,,66.0,572.5,1980.0,2619.0,,16.45
2026-10-04T22:39:06,11914.0,62.0,,64.0,551.68,1980.0,2619.0,,16.45
2026-10-04T22:39:16,11924.1,64.0,,65.0,628.5,1980.0,2619.0,,16.45
2026-10-04T22:39:26,11934.1,63.0,,65.0,596.79,1980.0,2619.0,,16.45
2026-10-04T22:39:36,11944.2,63.0,,66.0,579.71,1980.0,2619.0,,16.45
2026-10-04T22:39:46,11954.2,62.0,,64.0,540.78,1980.0,2619.0,,16.45
2026-10-04T22:39:56,11964.2,62.0,,66.0,552.23,1980.0,2619.0,,16.45
2026-10-04T22:40:06,11974.3,63.0,,64.0,590.44,1980.0,2619.0,,16.45
2026-10-04T22:40:16,11984.3,64.0,,66.0,590.52,1980.0,2619.0,,16.45
2026-10-04T22:40:26,11994.4,65.0,,66.0,623.64,1980.0,2619.0,,16.45
2026-10-04T22:40:36,12004.4,64.0,,65.0,588.46,1980.0,2619.0,,16.45
2026-10-04T22:40:46,12014.5,64.0,,67.0,590.37,1980.0,2619.0,,16.45
2026-10-04T22:40:56,12024.5,64.0,,66.0,629.7,1980.0,2619.0,,16.45
2026-10-04T22:41:06,12034.5,65.0,,68.0,628.89,1980.0,2619.0,,16.45
2026-10-04T22:41:16,12044.6,65.0,,67.0,632.12,1980.0,2619.0,,16.45
2026-10-04T22:41:26,12054.6,65.0,,68.0,633.11,1980.0,2619.0,,16.45
2026-10-04T22:41:36,12064.7,65.0,,69.0,632.44,1980.0,2619.0,,16.45
2026-10-04T22:41:46,12074.7,65.0,,66.0,631.03,1980.0,2619.0,,16.45
2026-10-04T22:41:56,12084.7,64.0,,66.0,577.4,1980.0,2619.0,,16.45
2026-10-04T22:42:06,12094.8,64.0,,66.0,606.87,1980.0,2619.0,,16.45
2026-10-04T22:42:16,12104.8,63.0,,66.0,576.79,1980.0,2619.0,,16.45
2026-10-04T22:42:26,12114.9,65.0,,67.0,613.02,1980.0,2619.0,,16.45
2026-10-04T22:42:37,12124.9,65.0,,67.0,628.51,1980.0,2619.0,,16.45
2026-10-04T22:42:47,12135.0,65.0,,66.0,631.34,1980.0,2619.0,,16.45
2026-10-04T22:42:57,12145.0,65.0,,66.0,633.87,1980.0,2619.0,,16.45
2026-10-04T22:43:07,12155.1,63.0,,66.0,582.52,1980.0,2619.0,,16.45
2026-10-04T22:43:17,12165.1,65.0,,67.0,591.26,1980.0,2619.0,,16.45
2026-10-04T22:43:27,12175.1,64.0,,66.0,567.89,1980.0,2619.0,,16.45
2026-10-04T22:43:37,12185.2,65.0,,67.0,630.46,1980.0,2619.0,,16.45
2026-10-04T22:43:47,12195.2,64.0,,67.0,603.64,1980.0,2619.0,,16.45
2026-10-04T22:43:57,12205.3,63.0,,67.0,587.82,1980.0,2619.0,,16.45
2026-10-04T22:44:07,12215.3,65.0,,68.0,631.48,1980.0,2619.0,,16.45
2026-10-04T22:44:17,12225.4,64.0,,66.0,596.59,1980.0,2619.0,,16.45
2026-10-04T22:44:27,12235.4,64.0,,66.0,595.26,1980.0,2619.0,,16.45
2026-10-04T22:44:37,12245.5,65.0,,66.0,618.22,1980.0,2619.0,,16.45
2026-10-04T22:44:47,12255.5,64.0,,67.0,632.55,1980.0,2619.0,,16.45
2026-10-04T22:44:57,12265.6,65.0,,67.0,629.91,1980.0,2619.0,,16.45
2026-10-04T22:45:07,12275.6,65.0,,67.0,628.64,1980.0,2619.0,,16.45
2026-10-04T22:45:18,12285.9,65.0,,69.0,631.58,1980.0,2619.0,,16.45
2026-10-04T22:45:28,12296.0,65.0,,66.0,628.22,1980.0,2619.0,,16.45
2026-10-04T22:45:38,12306.0,64.0,,66.0,596.05,1980.0,2619.0,,16.45
2026-10-04T22:45:48,12316.0,65.0,,68.0,629.58,1980.0,2619.0,,16.45
2026-10-04T22:45:58,12326.1,65.0,,68.0,628.59,1980.0,2619.0,,16.45
2026-10-04T22:46:08,12336.1,63.0,,67.0,598.71,1980.0,2619.0,,16.45
2026-10-04T22:46:18,12346.2,64.0,,67.0,580.32,1980.0,2619.0,,16.45
2026-10-04T22:46:28,12356.2,63.0,,66.0,583.5,1980.0,2619.0,,16.45
2026-10-04T22:46:38,12366.3,63.0,,66.0,583.62,1980.0,2619.0,,16.45
2026-10-04T22:46:48,12376.3,64.0,,65.0,620.05,1980.0,2619.0,,16.45
2026-10-04T22:46:58,12386.3,64.0,,66.0,623.73,1980.0,2619.0,,16.45
2026-10-04T22:47:08,12396.4,65.0,,68.0,632.0,1980.0,2619.0,,16.45
2026-10-04T22:47:18,12406.4,65.0,,67.0,629.18,1980.0,2619.0,,16.45
2026-10-04T22:47:28,12416.5,65.0,,68.0,625.64,1980.0,2619.0,,16.45
2026-10-04T22:47:38,12426.5,64.0,,66.0,605.41,1980.0,2619.0,,16.45
2026-10-04T22:47:48,12436.6,64.0,,66.0,588.0,1980.0,2619.0,,16.45
2026-10-04T22:47:58,12446.6,64.0,,66.0,587.03,1980.0,2619.0,,16.45
2026-10-04T22:48:08,12456.7,64.0,,66.0,610.3,1980.0,2619.0,,16.45
2026-10-04T22:48:18,12466.7,63.0,,65.0,570.17,1980.0,2619.0,,16.45
2026-10-04T22:48:28,12476.7,64.0,,65.0,601.13,1980.0,2619.0,,16.45
2026-10-04T22:48:38,12486.8,64.0,,66.0,579.71,1980.0,2619.0,,16.45
2026-10-04T22:48:48,12496.8,64.0,,67.0,598.31,1980.0,2619.0,,16.45
2026-10-04T22:48:58,12506.9,65.0,,66.0,605.68,1980.0,2619.0,,16.45
2026-10-04T22:49:09,12516.9,65.0,,68.0,632.65,1980.0,2619.0,,16.45
2026-10-04T22:49:19,12527.0,66.0,,68.0,632.7,1980.0,2619.0,,16.45
2026-10-04T22:49:29,12537.0,65.0,,66.0,606.22,1980.0,2619.0,,16.45
2026-10-04T22:49:39,12547.0,64.0,,67.0,629.04,1980.0,2619.0,,16.45
2026-10-04T22:49:49,12557.1,64.0,,67.0,579.4,1980.0,2619.0,,16.45
2026-10-04T22:49:59,12567.1,65.0,,66.0,631.13,1980.0,2619.0,,16.45
2026-10-04T22:50:09,12577.2,64.0,,67.0,595.1,1980.0,2619.0,,16.45
2026-10-04T22:50:19,12587.2,65.0,,66.0,629.66,1980.0,2619.0,,16.45
2026-10-04T22:50:29,12597.2,65.0,,66.0,625.5,1980.0,2619.0,,16.45
2026-10-04T22:50:39,12607.3,65.0,,68.0,601.78,1980.0,2619.0,,16.45
2026-10-04T22:50:49,12617.3,65.0,,67.0,595.99,1980.0,2619.0,,16.45
2026-10-04T22:50:59,12627.4,64.0,,66.0,596.53,1980.0,2619.0,,16.45
2026-10-04T22:51:09,12637.4,64.0,,66.0,599.97,1980.0,2619.0,,16.45
2026-10-04T22:51:19,12647.5,65.0,,66.0,607.05,1980.0,2619.0,,16.45
2026-10-04T22:51:29,12657.5,65.0,,67.0,604.84,1980.0,2619.0,,16.45
2026-10-04T22:51:39,12667.5,64.0,,67.0,597.38,1980.0,2619.0,,16.45
2026-10-04T22:51:49,12677.6,64.0,,66.0,596.27,1980.0,2619.0,,16.45
2026-10-04T22:51:59,12687.6,63.0,,67.0,596.79,1980.0,2619.0,,16.45
2026-10-04T22:52:09,12697.7,64.0,,66.0,605.03,1980.0,2619.0,,16.45
2026-10-04T22:52:19,12707.7,63.0,,65.0,601.26,1980.0,2619.0,,16.45
2026-10-04T22:52:29,12717.8,65.0,,66.0,631.52,1980.0,2619.0,,16.45
2026-10-04T22:52:39,12727.8,65.0,,67.0,628.05,1980.0,2619.0,,16.45
2026-10-04T22:52:49,12737.9,64.0,,66.0,629.92,1980.0,2619.0,,16.45
2026-10-04T22:53:00,12747.9,65.0,,68.0,631.98,1980.0,2619.0,,16.45
2026-10-04T22:53:10,12757.9,65.0,,66.0,625.75,1980.0,2619.0,,16.45
2026-10-04T22:53:20,12768.0,63.0,,66.0,575.7,1980.0,2619.0,,16.45
2026-10-04T22:53:30,12778.0,64.0,,66.0,621.71,1980.0,2619.0,,16.45
2026-10-04T22:53:40,12788.1,64.0,,66.0,628.35,1980.0,2619.0,,16.45
2026-10-04T22:53:50,12798.1,65.0,,66.0,629.44,1980.0,2619.0,,16.45
2026-10-04T22:54:00,12808.2,65.0,,67.0,631.58,1980.0,2619.0,,16.45
2026-10-04T22:54:10,12818.2,64.0,,66.0,619.65,1980.0,2619.0,,16.45
2026-10-04T22:54:20,12828.3,64.0,,66.0,591.73,1980.0,2619.0,,16.45
2026-10-04T22:54:30,12838.3,63.0,,65.0,596.79,1980.0,2619.0,,16.45
2026-10-04T22:54:40,12848.3,63.0,,65.0,600.43,1980.0,2619.0,,16.45
2026-10-04T22:54:50,12858.4,64.0,,66.0,632.47,1980.0,2619.0,,16.45
2026-10-04T22:55:00,12868.4,63.0,,65.0,573.01,1980.0,2619.0,,16.45
2026-10-04T22:55:10,12878.5,64.0,,66.0,633.51,1980.0,2619.0,,16.45
2026-10-04T22:55:20,12888.5,64.0,,67.0,626.07,1980.0,2619.0,,16.45
2026-10-04T22:55:30,12898.6,62.0,,66.0,582.36,1980.0,2619.0,,16.45
2026-10-04T22:55:40,12908.6,64.0,,67.0,615.71,1980.0,2619.0,,16.45
2026-10-04T22:55:50,12918.6,63.0,,66.0,584.92,1980.0,2619.0,,16.45
2026-10-04T22:56:00,12928.7,63.0,,64.0,580.64,1980.0,2619.0,,16.45
2026-10-04T22:56:10,12938.7,63.0,,66.0,578.46,1980.0,2619.0,,16.45
2026-10-04T22:56:20,12948.8,64.0,,66.0,630.41,1980.0,2619.0,,16.45
2026-10-04T22:56:30,12958.8,65.0,,68.0,630.22,1980.0,2619.0,,16.45
2026-10-04T22:56:40,12968.9,64.0,,66.0,580.18,1980.0,2619.0,,16.45
2026-10-04T22:56:51,12978.9,63.0,,66.0,582.53,1980.0,2619.0,,16.45
2026-10-04T22:57:01,12988.9,64.0,,67.0,619.93,1980.0,2619.0,,16.45
2026-10-04T22:57:11,12999.0,64.0,,66.0,592.75,1980.0,2619.0,,16.45
2026-10-04T22:57:21,13009.0,64.0,,67.0,573.98,1980.0,2619.0,,16.45
2026-10-04T22:57:31,13019.1,65.0,,68.0,628.39,1980.0,2619.0,,16.45
2026-10-04T22:57:41,13029.1,64.0,,68.0,630.07,1980.0,2619.0,,16.45
2026-10-04T22:57:51,13039.2,64.0,,67.0,598.34,1980.0,2619.0,,16.45
2026-10-04T22:58:01,13049.2,64.0,,66.0,597.0,1980.0,2619.0,,16.45
2026-10-04T22:58:11,13059.2,64.0,,66.0,619.26,1980.0,2619.0,,16.45
2026-10-04T22:58:21,13069.3,64.0,,66.0,582.0,1980.0,2619.0,,16.45
2026-10-04T22:58:31,13079.3,65.0,,67.0,629.87,1980.0,2619.0,,16.45
2026-10-04T22:58:41,13089.4,63.0,,66.0,581.97,1980.0,2619.0,,16.45
2026-10-04T22:58:51,13099.4,65.0,,66.0,594.9,1980.0,2619.0,,16.45
2026-10-04T22:59:01,13109.5,63.0,,66.0,607.92,1980.0,2619.0,,16.45
2026-10-04T22:59:11,13119.5,64.0,,66.0,577.58,1980.0,2619.0,,16.45
2026-10-04T22:59:21,13129.6,65.0,,67.0,629.34,1980.0,2619.0,,16.45
2026-10-04T22:59:31,13139.6,64.0,,66.0,596.52,1980.0,2619.0,,16.45
2026-10-04T22:59:41,13149.7,64.0,,67.0,597.11,1980.0,2619.0,,16.45
2026-10-04T22:59:51,13159.7,64.0,,66.0,596.6,1980.0,2619.0,,16.45
2026-10-04T23:00:01,13169.7,63.0,,67.0,601.67,1980.0,2619.0,,16.45
2026-10-04T23:00:11,13179.8,65.0,,67.0,626.16,1980.0,2619.0,,16.45
2026-10-04T23:00:21,13189.8,65.0,,68.0,630.68,1980.0,2619.0,,16.45
2026-10-04T23:00:32,13199.9,64.0,,67.0,602.6,1980.0,2619.0,,16.45
2026-10-04T23:00:42,13209.9,64.0,,66.0,601.61,1980.0,2619.0,,16.45
2026-10-04T23:00:52,13220.0,62.0,,65.0,590.57,1980.0,2619.0,,16.45
2026-10-04T23:01:02,13230.0,64.0,,66.0,608.44,1980.0,2619.0,,16.45
2026-10-04T23:01:12,13240.1,63.0,,66.0,598.77,1980.0,2619.0,,16.45
2026-10-04T23:01:22,13250.1,64.0,,66.0,605.9,1980.0,2619.0,,16.45
2026-10-04T23:01:32,13260.2,63.0,,66.0,579.13,1980.0,2619.0,,16.45
2026-10-04T23:01:42,13270.2,63.0,,66.0,581.14,1980.0,2619.0,,16.45
2026-10-04T23:01:52,13280.3,63.0,,65.0,573.65,1980.0,2619.0,,16.45
2026-10-04T23:02:02,13290.3,63.0,,65.0,590.07,1980.0,2619.0,,16.45
2026-10-04T23:02:12,13300.4,62.0,,66.0,578.61,1980.0,2619.0,,16.45
2026-10-04T23:02:22,13310.4,62.0,,64.0,582.89,1980.0,2619.0,,16.45
2026-10-04T23:02:32,13320.4,64.0,,66.0,616.03,1980.0,2619.0,,16.45
2026-10-04T23:02:42,13330.5,62.0,,64.0,579.61,1980.0,2619.0,,16.45
2026-10-04T23:02:52,13340.5,62.0,,66.0,577.05,1980.0,2619.0,,16.45
2026-10-04T23:03:02,13350.6,62.0,,64.0,583.86,1980.0,2619.0,,16.45
2026-10-04T23:03:12,13360.6,63.0,,66.0,631.14,1980.0,2619.0,,16.45
2026-10-04T23:03:22,13370.7,63.0,,66.0,602.78,1980.0,2619.0,,16.45
2026-10-04T23:03:32,13380.7,63.0,,66.0,596.18,1980.0,2619.0,,16.45
2026-10-04T23:03:42,13390.8,64.0,,67.0,628.27,1980.0,2619.0,,16.45
2026-10-04T23:03:52,13400.8,63.0,,66.0,595.7,1980.0,2619.0,,16.45
2026-10-04T23:04:02,13410.9,65.0,,66.0,628.99,1980.0,2619.0,,16.45
2026-10-04T23:04:13,13420.9,64.0,,67.0,629.2,1980.0,2619.0,,16.45
2026-10-04T23:04:23,13431.0,65.0,,68.0,630.01,1980.0,2619.0,,16.45
2026-10-04T23:04:33,13441.0,66.0,,67.0,632.11,1980.0,2619.0,,16.45
2026-10-04T23:04:43,13451.1,66.0,,66.0,618.69,1980.0,2619.0,,16.45
2026-10-04T23:04:53,13461.1,66.0,,69.0,631.09,1980.0,2619.0,,16.45
2026-10-04T23:05:03,13471.2,66.0,,66.0,635.62,1980.0,2619.0,,16.45
2026-10-04T23:05:13,13481.2,65.0,,68.0,628.09,1980.0,2619.0,,16.45
2026-10-04T23:05:23,13491.2,64.0,,66.0,573.0,1980.0,2619.0,,16.45
2026-10-04T23:05:33,13501.3,64.0,,67.0,604.33,1980.0,2619.0,,16.45
2026-10-04T23:05:43,13511.3,64.0,,67.0,603.47,1980.0,2619.0,,16.45
2026-10-04T23:05:53,13521.4,65.0,,67.0,630.55,1980.0,2619.0,,16.45
2026-10-04T23:06:03,13531.4,64.0,,67.0,602.13,1980.0,2619.0,,16.45
2026-10-04T23:06:13,13541.5,65.0,,68.0,631.54,1980.0,2619.0,,16.45
2026-10-04T23:06:23,13551.5,64.0,,66.0,575.02,1980.0,2619.0,,16.45
2026-10-04T23:06:33,13561.6,65.0,,67.0,608.21,1980.0,2619.0,,16.45
2026-10-04T23:06:43,13571.6,65.0,,68.0,610.83,1980.0,2619.0,,16.45
2026-10-04T23:06:53,13581.7,65.0,,67.0,631.65,1980.0,2619.0,,16.45
2026-10-04T23:07:03,13591.7,65.0,,67.0,629.63,1980.0,2619.0,,16.45
2026-10-04T23:07:13,13601.8,65.0,,66.0,628.18,1980.0,2619.0,,16.45
2026-10-04T23:07:23,13611.8,65.0,,67.0,629.52,1980.0,2619.0,,16.45
2026-10-04T23:07:33,13621.8,64.0,,66.0,622.88,1980.0,2619.0,,16.45
2026-10-04T23:07:44,13631.9,63.0,,66.0,577.54,1980.0,2619.0,,16.45
2026-10-04T23:07:54,13641.9,64.0,,66.0,630.88,1980.0,2619.0,,16.45
2026-10-04T23:08:04,13652.0,64.0,,66.0,625.16,1980.0,2619.0,,16.45
2026-10-04T23:08:14,13662.0,65.0,,67.0,631.27,1980.0,2619.0,,16.45
2026-10-04T23:08:24,13672.1,65.0,,67.0,630.48,1980.0,2619.0,,16.45
2026-10-04T23:08:34,13682.1,62.0,,64.0,533.39,1980.0,2619.0,,16.45
2026-10-04T23:08:44,13692.2,63.0,,66.0,629.29,1980.0,2619.0,,16.45
2026-10-04T23:08:54,13702.2,65.0,,66.0,633.91,1980.0,2619.0,,16.45
2026-10-04T23:09:04,13712.3,65.0,,67.0,631.11,1980.0,2619.0,,16.45
2026-10-04T23:09:14,13722.3,64.0,,66.0,618.2,1980.0,2619.0,,16.45
2026-10-04T23:09:24,13732.3,62.0,,66.0,578.97,1980.0,2619.0,,16.45
2026-10-04T23:09:34,13742.4,65.0,,67.0,628.28,1980.0,2619.0,,16.45
2026-10-04T23:09:44,13752.4,64.0,,66.0,562.7,1980.0,2619.0,,16.45
2026-10-04T23:09:54,13762.5,63.0,,65.0,577.26,1980.0,2619.0,,16.45
2026-10-04T23:10:04,13772.5,63.0,,66.0,581.59,1980.0,2619.0,,16.45
2026-10-04T23:10:14,13782.6,63.0,,65.0,592.46,1980.0,2619.0,,16.45
2026-10-04T23:10:24,13792.6,63.0,,64.0,582.48,1980.0,2619.0,,16.45
2026-10-04T23:10:34,13802.7,63.0,,65.0,582.17,1980.0,2619.0,,16.45
2026-10-04T23:10:44,13812.7,63.0,,66.0,590.36,1980.0,2619.0,,16.45
2026-10-04T23:10:54,13822.8,64.0,,66.0,629.35,1980.0,2619.0,,16.45
2026-10-04T23:11:04,13832.8,64.0,,66.0,628.13,1980.0,2619.0,,16.45
2026-10-04T23:11:14,13842.9,63.0,,65.0,593.11,1980.0,2619.0,,16.45
2026-10-04T23:11:25,13852.9,64.0,,66.0,617.95,1980.0,2619.0,,16.45
2026-10-04T23:11:35,13863.0,64.0,,66.0,626.54,1980.0,2619.0,,16.45
2026-10-04T23:11:45,13873.0,64.0,,67.0,630.0,1980.0,2619.0,,16.45
2026-10-04T23:11:55,13883.1,65.0,,67.0,628.12,1980.0,2619.0,,16.45
2026-10-04T23:12:05,13893.1,64.0,,66.0,597.53,1980.0,2619.0,,16.45
2026-10-04T23:12:15,13903.1,65.0,,67.0,628.21,1980.0,2619.0,,16.45
2026-10-04T23:12:25,13913.2,64.0,,67.0,601.95,1980.0,2619.0,,16.45
2026-10-04T23:12:35,13923.2,65.0,,66.0,629.58,1980.0,2619.0,,16.45
2026-10-04T23:12:45,13933.3,64.0,,66.0,588.66,1980.0,2619.0,,16.45
2026-10-04T23:12:55,13943.3,64.0,,66.0,603.73,1980.0,2619.0,,16.45
2026-10-04T23:13:05,13953.4,65.0,,66.0,595.82,1980.0,2619.0,,16.45
2026-10-04T23:13:15,13963.4,65.0,,67.0,593.49,1980.0,2619.0,,16.45
2026-10-04T23:13:25,13973.5,65.0,,67.0,601.76,1980.0,2619.0,,16.45
2026-10-04T23:13:35,13983.5,64.0,,65.0,596.98,1980.0,2619.0,,16.45
2026-10-04T23:13:45,13993.5,65.0,,66.0,623.45,1980.0,2619.0,,16.45
2026-10-04T23:13:55,14003.6,65.0,,66.0,628.43,1980.0,2619.0,,16.45
2026-10-04T23:14:05,14013.6,65.0,,67.0,632.8,1980.0,2619.0,,16.45
2026-10-04T23:14:15,14023.7,65.0,,68.0,610.36,1980.0,2619.0,,16.45
2026-10-04T23:14:25,14033.7,65.0,,67.0,630.22,1980.0,2619.0,,16.45
2026-10-04T23:14:35,14043.8,64.0,,66.0,609.41,1980.0,2619.0,,16.45
2026-10-04T23:14:45,14053.8,63.0,,66.0,596.82,1980.0,2619.0,,16.45
2026-10-04T23:14:55,14063.9,64.0,,66.0,604.28,1980.0,2619.0,,16.45
2026-10-04T23:15:06,14073.9,64.0,,66.0,621.66,1980.0,2619.0,,16.96
2026-10-04T23:15:16,14084.0,65.0,,66.0,634.42,1980.0,2619.0,,16.45
2026-10-04T23:15:26,14094.1,62.0,,64.0,552.23,1980.0,2619.0,,16.45
2026-10-04T23:15:36,14104.1,64.0,,67.0,629.89,1980.0,2619.0,,16.45
2026-10-04T23:15:46,14114.1,64.0,,66.0,623.85,1980.0,2619.0,,16.45
2026-10-04T23:15:56,14124.2,64.0,,66.0,613.4,1980.0,2619.0,,16.45
2026-10-04T23:16:06,14134.3,64.0,,67.0,625.14,1980.0,2619.0,,16.45
2026-10-04T23:16:16,14144.3,63.0,,66.0,596.22,1980.0,2619.0,,16.45
2026-10-04T23:16:26,14154.3,62.0,,65.0,599.62,1980.0,2619.0,,16.45
2026-10-04T23:16:36,14164.4,63.0,,67.0,628.5,1980.0,2619.0,,16.45
2026-10-04T23:16:46,14174.4,63.0,,64.0,582.81,1980.0,2619.0,,16.45
2026-10-04T23:16:56,14184.5,61.0,,65.0,546.66,1980.0,2619.0,,16.45
2026-10-04T23:17:06,14194.5,62.0,,66.0,574.19,1980.0,2619.0,,16.45
2026-10-04T23:17:16,14204.6,64.0,,65.0,623.1,1980.0,2619.0,,16.45
2026-10-04T23:17:26,14214.6,63.0,,65.0,595.15,1980.0,2619.0,,16.45
2026-10-04T23:17:36,14224.7,64.0,,66.0,628.78,1980.0,2619.0,,16.45
2026-10-04T23:17:46,14234.7,64.0,,68.0,603.07,1980.0,2619.0,,16.45
2026-10-04T23:17:56,14244.8,63.0,,65.0,580.19,1980.0,2619.0,,16.45
2026-10-04T23:18:06,14254.8,64.0,,65.0,600.22,1980.0,2619.0,,16.45
2026-10-04T23:18:16,14264.9,64.0,,65.0,601.64,1980.0,2619.0,,16.45
2026-10-04T23:18:27,14274.9,62.0,,66.0,585.04,1980.0,2619.0,,16.45
2026-10-04T23:18:37,14285.0,63.0,,66.0,592.34,1980.0,2619.0,,16.45
2026-10-04T23:18:47,14295.0,63.0,,66.0,591.78,1980.0,2619.0,,16.45
2026-10-04T23:18:57,14305.1,62.0,,66.0,584.57,1980.0,2619.0,,16.45
2026-10-04T23:19:07,14315.1,61.0,,65.0,573.42,1980.0,2619.0,,16.45
2026-10-04T23:19:17,14325.2,62.0,,65.0,590.94,1980.0,2619.0,,16.45
2026-10-04T23:19:27,14335.2,62.0,,66.0,592.15,1980.0,2619.0,,16.45
2026-10-04T23:19:37,14345.2,62.0,,66.0,594.6,1980.0,2619.0,,16.45
2026-10-04T23:19:47,14355.3,64.0,,67.0,629.89,1980.0,2619.0,,16.45
2026-10-04T23:19:57,14365.3,63.0,,66.0,600.47,1980.0,2619.0,,16.45
2026-10-04T23:20:07,14375.4,65.0,,68.0,632.86,1980.0,2619.0,,16.45
2026-10-04T23:20:17,14385.4,64.0,,67.0,611.86,1980.0,2619.0,,16.45
2026-10-04T23:20:27,14395.5,65.0,,66.0,617.8,1980.0,2619.0,,16.45
2026-10-04T23:20:37,14405.5,65.0,,68.0,627.46,1980.0,2619.0,,16.45
2026-10-04T23:20:47,14415.6,65.0,,69.0,604.02,1980.0,2619.0,,16.45
2026-10-04T23:20:57,14425.6,64.0,,66.0,600.25,1980.0,2619.0,,16.45
2026-10-04T23:21:07,14435.7,64.0,,66.0,600.6,1980.0,2619.0,,16.45
2026-10-04T23:21:17,14445.7,65.0,,66.0,629.94,1980.0,2619.0,,16.45
2026-10-04T23:21:27,14455.7,65.0,,68.0,629.13,1980.0,2619.0,,16.45
2026-10-04T23:21:37,14465.8,63.0,,68.0,596.73,1980.0,2619.0,,16.45
2026-10-04T23:21:47,14475.8,65.0,,66.0,605.29,1980.0,2619.0,,16.45
2026-10-04T23:21:57,14485.9,65.0,,68.0,630.15,1980.0,2619.0,,16.45
2026-10-04T23:22:08,14495.9,65.0,,68.0,631.21,1980.0,2619.0,,16.45
2026-10-04T23:22:18,14505.9,65.0,,66.0,633.08,1980.0,2619.0,,16.45
2026-10-04T23:22:28,14516.0,64.0,,66.0,593.82,1980.0,2619.0,,16.45
2026-10-04T23:22:38,14526.0,65.0,,66.0,615.92,1980.0,2619.0,,16.45
2026-10-04T23:22:48,14536.1,64.0,,66.0,601.2,1980.0,2619.0,,16.45
2026-10-04T23:22:58,14546.1,64.0,,66.0,594.48,1980.0,2619.0,,16.45
2026-10-04T23:23:08,14556.2,63.0,,66.0,576.14,1980.0,2619.0,,16.45
2026-10-04T23:23:18,14566.2,62.0,,66.0,583.61,1980.0,2619.0,,16.45
2026-10-04T23:23:28,14576.3,64.0,,67.0,615.21,1980.0,2619.0,,16.45
2026-10-04T23:23:38,14586.3,64.0,,66.0,597.1,1980.0,2619.0,,16.45
2026-10-04T23:23:48,14596.4,64.0,,66.0,598.38,1980.0,2619.0,,16.45
2026-10-04T23:23:58,14606.4,64.0,,66.0,598.18,1980.0,2619.0,,16.45
2026-10-04T23:24:08,14616.5,65.0,,66.0,629.1,1980.0,2619.0,,16.45
2026-10-04T23:24:18,14626.5,64.0,,67.0,585.35,1980.0,2619.0,,16.45
2026-10-04T23:24:28,14636.5,63.0,,66.0,582.4,1980.0,2619.0,,16.45
2026-10-04T23:24:38,14646.6,63.0,,66.0,606.05,1980.0,2619.0,,16.45
2026-10-04T23:24:48,14656.7,65.0,,68.0,629.04,1980.0,2619.0,,16.45
2026-10-04T23:24:58,14666.7,65.0,,67.0,621.8,1980.0,2619.0,,16.45
2026-10-04T23:25:08,14676.7,65.0,,68.0,630.78,1980.0,2619.0,,16.45
2026-10-04T23:25:18,14686.8,64.0,,65.0,586.85,1980.0,2619.0,,16.45
2026-10-04T23:25:28,14696.8,64.0,,65.0,594.02,1980.0,2619.0,,16.45
2026-10-04T23:25:38,14706.9,64.0,,66.0,594.48,1980.0,2619.0,,16.45
2026-10-04T23:25:49,14716.9,63.0,,65.0,568.1,1980.0,2619.0,,16.45
2026-10-04T23:25:59,14727.0,63.0,,66.0,610.03,1980.0,2619.0,,16.45
2026-10-04T23:26:09,14737.0,64.0,,66.0,628.86,1980.0,2619.0,,16.45
2026-10-04T23:26:19,14747.1,63.0,,68.0,628.92,1980.0,2619.0,,16.45
2026-10-04T23:26:29,14757.1,64.0,,67.0,630.89,1980.0,2619.0,,16.45
2026-10-04T23:26:39,14767.2,63.0,,66.0,566.91,1980.0,2619.0,,16.45
2026-10-04T23:26:49,14777.2,63.0,,65.0,587.28,1980.0,2619.0,,16.45
2026-10-04T23:26:59,14787.3,64.0,,68.0,627.6,1980.0,2619.0,,16.45
2026-10-04T23:27:09,14797.3,64.0,,66.0,612.67,1980.0,2619.0,,16.45
2026-10-04T23:27:19,14807.4,65.0,,67.0,627.58,1980.0,2619.0,,16.45
2026-10-04T23:27:29,14817.4,64.0,,68.0,598.59,1980.0,2619.0,,16.45
2026-10-04T23:27:39,14827.5,64.0,,66.0,564.58,1980.0,2619.0,,16.45
2026-10-04T23:27:49,14837.5,65.0,,67.0,616.93,1980.0,2619.0,,16.45
2026-10-04T23:27:59,14847.6,65.0,,67.0,635.18,1980.0,2619.0,,16.45
2026-10-04T23:28:09,14857.6,66.0,,67.0,627.29,1980.0,2619.0,,16.45
2026-10-04T23:28:19,14867.7,65.0,,66.0,603.26,1980.0,2619.0,,16.45
2026-10-04T23:28:29,14877.7,64.0,,67.0,578.22,1980.0,2619.0,,16.45
2026-10-04T23:28:39,14887.8,66.0,,68.0,632.27,1980.0,2619.0,,16.45
2026-10-04T23:28:49,14897.8,64.0,,67.0,598.67,1980.0,2619.0,,16.45
2026-10-04T23:28:59,14907.9,63.0,,68.0,588.4,1980.0,2619.0,,16.45
2026-10-04T23:29:10,14917.9,65.0,,68.0,598.46,1980.0,2619.0,,16.45
2026-10-04T23:29:20,14928.0,64.0,,68.0,578.39,1980.0,2619.0,,16.45
2026-10-04T23:29:30,14938.0,65.0,,68.0,592.72,1980.0,2619.0,,16.45
2026-10-04T23:29:40,14948.1,65.0,,68.0,618.81,1980.0,2619.0,,16.45
2026-10-04T23:29:50,14958.1,51.0,,56.0,137.13,1980.0,2619.0,,3.83
2026-10-04T23:30:00,14968.1,47.0,,52.0,132.55,1980.0,2619.0,,3.83
2026-10-04T23:30:10,14978.2,44.0,,50.0,129.4,1980.0,2619.0,,3.84
2026-10-04T23:30:20,14988.2,43.0,,48.0,128.52,1980.0,2619.0,,3.85
2026-10-04T23:30:30,14998.3,42.0,,48.0,127.77,1980.0,2619.0,,3.86
2026-10-04T23:30:40,15008.3,42.0,,48.0,127.32,1980.0,2619.0,,3.86
2026-10-04T23:30:50,15018.4,41.0,,46.0,127.4,1980.0,2619.0,,3.87
