step,tokens,lr_mult,loss,grad_norm,value_grad_norm,tok_s
10,327680,0.01310615989515072,10.425770568847657,17.253201293945313,,18046
20,655360,0.02621231979030144,9.196747589111329,4.199164199829101,,18660
30,983040,0.039318479685452164,8.887020111083984,3.623312759399414,,18701
40,1310720,0.05242463958060288,8.57610855102539,2.801383209228516,,18674
50,1638400,0.0655307994757536,8.234602355957032,2.9663671493530273,,18648
60,1966080,0.07863695937090433,7.88146743774414,2.3732625961303713,,18661
70,2293760,0.09174311926605505,7.612794494628906,2.336949920654297,,18669
80,2621440,0.10484927916120576,7.3934577941894535,2.8930547714233397,,18663
90,2949120,0.11795543905635648,7.1914527893066404,2.178605842590332,,18695
100,3276800,0.1310615989515072,6.982940673828125,2.4906444549560547,,18657
110,3604480,0.14416775884665792,6.920567321777344,2.275600624084473,,18672
120,3932160,0.15727391874180865,6.842063903808594,2.538565826416016,,18708
130,4259840,0.17038007863695936,6.70293960571289,1.8114782333374024,,18652
140,4587520,0.1834862385321101,6.644944763183593,1.8300790786743164,,19010
150,4915200,0.1965923984272608,6.520611572265625,1.74200439453125,,18752
160,5242880,0.20969855832241152,6.467031860351563,1.8294065475463868,,18660
170,5570560,0.22280471821756226,6.353652572631836,1.5905874252319336,,18656
180,5898240,0.23591087811271297,6.275902175903321,1.6077831268310547,,18661
190,6225920,0.2490170380078637,6.254721069335938,1.4585504531860352,,18676
200,6553600,0.2621231979030144,6.155181121826172,1.5048643112182618,,18661
210,6881280,0.27522935779816515,6.081020736694336,1.8236061096191407,,18688
220,7208960,0.28833551769331583,6.063262939453125,1.6985258102416991,,18669
230,7536640,0.30144167758846657,5.957614135742188,1.4529398918151855,,18638
240,7864320,0.3145478374836173,5.986082458496094,1.731235885620117,,18656
250,8192000,0.32765399737876805,5.893191146850586,1.5501773834228516,,18655
260,8519680,0.34076015727391873,5.879596710205078,1.5397831916809082,,18611
270,8847360,0.35386631716906947,5.781541061401367,1.3655633926391602,,18958
280,9175040,0.3669724770642202,5.769252777099609,1.3389728546142579,,18786
290,9502720,0.3800786369593709,5.706475830078125,1.1914430618286134,,18691
300,9830400,0.3931847968545216,5.693917465209961,1.3864625930786132,,18658
310,10158080,0.40629095674967236,5.6223907470703125,1.1311052322387696,,18754
320,10485760,0.41939711664482304,5.6292572021484375,1.8753711700439453,,18711
330,10813440,0.4325032765399738,5.630174255371093,1.456564712524414,,18664
340,11141120,0.4456094364351245,5.547883987426758,1.2040762901306152,,18655
350,11468800,0.45871559633027525,5.524230194091797,1.5925179481506349,,18695
360,11796480,0.47182175622542594,5.492087936401367,1.2147830963134765,,18655
370,12124160,0.4849279161205767,5.436388778686523,1.1118453979492187,,18703
380,12451840,0.4980340760157274,5.409646606445312,1.0607783317565918,,18854
390,12779520,0.5111402359108781,5.388471984863282,1.5062408447265625,,18853
400,13107200,0.5242463958060288,5.362498092651367,0.9860557556152344,,18662
410,13434880,0.5373525557011796,5.31657829284668,1.0363794326782227,,18657
420,13762560,0.5504587155963303,5.30400276184082,1.0960302352905273,,18653
430,14090240,0.563564875491481,5.219009780883789,0.9753918647766113,,18656
440,14417920,0.5766710353866317,5.295207595825195,1.0315890312194824,,18683
450,14745600,0.5897771952817824,5.187584686279297,1.0246838569641112,,18664
460,15073280,0.6028833551769331,5.1043540954589846,1.350064468383789,,18665
470,15400960,0.6159895150720839,5.17505111694336,1.53505220413208,,18653
480,15728640,0.6290956749672346,5.122881698608398,1.5883074760437013,,18658
490,16056320,0.6422018348623854,5.167303085327148,0.9390254974365234,,18648
500,16384000,0.6553079947575361,5.119377517700196,0.9183150291442871,,18675
510,16711680,0.6684141546526867,5.065702819824219,0.8514787673950195,,18864
520,17039360,0.6815203145478375,5.0675048828125,1.0112445831298829,,18911
530,17367040,0.6946264744429882,5.056352996826172,0.9848752975463867,,18643
540,17694720,0.7077326343381389,5.031193542480469,0.862551498413086,,18650
550,18022400,0.7208387942332897,4.928812026977539,0.8365467071533204,,18716
560,18350080,0.7339449541284404,5.000611877441406,0.8860633850097657,,18663
570,18677760,0.747051114023591,4.902569961547852,0.8919523239135743,,18660
580,19005440,0.7601572739187418,4.929756927490234,0.8314900398254395,,18659
590,19333120,0.7732634338138925,4.948598480224609,0.8456791877746582,,18649
600,19660800,0.7863695937090432,4.871923828125,0.8096052169799804,,18649
610,19988480,0.799475753604194,4.903155899047851,0.790520715713501,,18660
620,20316160,0.8125819134993447,4.828511047363281,0.7945619583129883,,18762
630,20643840,0.8256880733944955,4.788394546508789,0.8364102363586425,,18972
640,20971520,0.8387942332896461,4.857170486450196,0.897004508972168,,18654
650,21299200,0.8519003931847968,4.83454475402832,0.8798313140869141,,18660
660,21626880,0.8650065530799476,4.878390502929688,0.741244888305664,,18678
670,21954560,0.8781127129750983,4.79956169128418,0.677177095413208,,18698
680,22282240,0.891218872870249,4.789007949829101,0.7901801586151123,,18662
690,22609920,0.9043250327653998,4.7351737976074215,0.7666327476501464,,18650
700,22937600,0.9174311926605505,4.732043075561523,0.8361957550048829,,18641
710,23265280,0.9305373525557011,4.707129287719726,0.8132122993469239,,18689
720,23592960,0.9436435124508519,4.682343673706055,0.6927516460418701,,18659
730,23920640,0.9567496723460026,4.686022186279297,0.690974760055542,,18658
740,24248320,0.9698558322411533,4.754259490966797,1.069248580932617,,18646
750,24576000,0.9829619921363041,4.672933197021484,0.7168993949890137,,18675
760,24903680,0.9960681520314548,4.628526306152343,0.7947320938110352,,19042
770,25231360,0.999999619505605,4.5754951477050785,0.66910400390625,,18658
780,25559040,0.9999972942644099,4.631877517700195,0.738370943069458,,18633
790,25886720,0.9999928551787042,4.525439834594726,0.7723469257354736,,18677
800,26214400,0.9999863022693405,4.563135147094727,0.9237726211547852,,18625
810,26542080,0.9999776355671006,4.565838241577149,0.6827168464660645,,18660
820,26869760,0.999966855112696,4.465767669677734,0.654538917541504,,18662
830,27197440,0.9999539609567677,4.528693771362304,0.7120211124420166,,18650
840,27525120,0.9999389531598855,4.522891235351563,0.6424145221710205,,18644
850,27852800,0.9999218317925475,4.4065910339355465,0.6536395072937011,,18671
860,28180480,0.9999025969351808,4.448865127563477,1.058639907836914,,18676
870,28508160,0.9998812486781407,4.439308929443359,1.0360753059387207,,18652
880,28835840,0.9998577871217097,4.4231925964355465,0.5968918323516845,,18637
890,29163520,0.9998322123760972,4.368315887451172,0.6780671119689942,,19067
900,29491200,0.9998045245614399,4.428748321533203,0.6055458068847657,,18662
910,29818880,0.9997747238078001,4.38685188293457,0.755153751373291,,18654
920,30146560,0.9997428102551656,4.372133255004883,0.7983913421630859,,18644
930,30474240,0.9997087840534492,4.323008346557617,0.9092826843261719,,18643
940,30801920,0.9996726453624875,4.3987995147705075,0.5819785594940186,,18640
950,31129600,0.9996343943520406,4.407374572753906,0.5605126857757569,,18660
960,31457280,0.9995940312017911,4.335609817504883,0.5880184650421143,,18650
970,31784960,0.9995515561013435,4.286667251586914,0.5661232471466064,,18679
980,32112640,0.9995069692502226,4.328318405151367,0.5706876754760742,,18650
990,32440320,0.9994602708578736,4.25899658203125,0.5312964916229248,,18675
1000,32768000,0.9994114611436603,4.217539596557617,0.5716773986816406,,18995
1010,33095680,0.9993605403368643,4.2310546875,0.7606367111206055,,18706
1020,33423360,0.9993075086766843,4.186279296875,0.8259500503540039,,18650
1030,33751040,0.999252366412234,4.158942031860351,0.7153220176696777,,18676
1040,34078720,0.9991951138025426,4.218016815185547,0.803612232208252,,18653
1050,34406400,0.9991357511165514,4.188993835449219,0.5824112892150879,,18653
1060,34734080,0.9990742786331146,4.194170379638672,0.5569808006286621,,18673
1070,35061760,0.9990106966409968,4.217180633544922,0.5402111530303955,,18645
1080,35389440,0.9989450054388717,4.135093688964844,0.6386145114898681,,18654
1090,35717120,0.9988772053353212,4.152612686157227,0.6078659534454346,,18646
1100,36044800,0.9988072966488337,4.170652389526367,0.5709653854370117,,18651
1110,36372480,0.9987352797078023,4.143252944946289,0.6234414577484131,,18657
1120,36700160,0.998661154850524,4.154620361328125,0.5109365940093994,,18648
1130,37027840,0.9985849224251971,4.162038421630859,0.5134101867675781,,18952
1140,37355520,0.9985065827899208,4.121673583984375,0.49090213775634767,,18782
1150,37683200,0.998426136312692,4.0940898895263675,0.5587664127349854,,18685
1160,38010880,0.9983435833714049,4.068911743164063,0.531682014465332,,18657
1170,38338560,0.998258924353849,4.079241561889648,0.5199820518493652,,18625
1180,38666240,0.9981721596577064,4.130670166015625,0.5180121421813965,,18663
1190,38993920,0.9980832896905512,4.001182937622071,0.5323210239410401,,18630
1200,39321600,0.9979923148698461,3.9946033477783205,0.498946475982666,,18656
1210,39649280,0.9978992356229419,4.0617729187011715,0.5047736167907715,,18675
1220,39976960,0.9978040523870747,4.048673248291015,1.5652349472045899,,18670
1230,40304640,0.9977067656093641,4.038533782958984,0.7240433692932129,,18643
1240,40632320,0.9976073757468108,4.006283569335937,0.546101713180542,,18875
1250,40960000,0.9975058832662946,4.045245742797851,0.5342687129974365,,18768
1260,41287680,0.9974022886445727,4.070630264282227,0.7257652759552002,,18648
1270,41615360,0.9972965923682765,4.035786437988281,0.5480416297912598,,18650
1280,41943040,0.9971887949339102,4.034221649169922,1.3752925872802735,,18643
1290,42270720,0.9970788968478482,4.030738830566406,0.5276530265808106,,18640
1300,42598400,0.996966898626332,4.019649887084961,0.5068850040435791,,18674
1310,42926080,0.9968528007954691,3.9880184173583983,0.4860654354095459,,18678
1320,43253760,0.9967366038912294,3.9293701171875,0.49773731231689455,,18649
1330,43581440,0.9966183084594433,4.048733901977539,0.48152775764465333,,18691
1340,43909120,0.996497915055799,3.994676971435547,0.49073286056518556,,18644
1350,44236800,0.9963754242458397,3.9473148345947267,0.4881828784942627,,18649
1360,44564480,0.9962508366049612,3.985919189453125,0.47853732109069824,,18682
1370,44892160,0.9961241527184089,3.920012283325195,0.46010494232177734,,18825
1380,45219840,0.9959953731812754,3.978992462158203,0.4925722122192383,,18912
1390,45547520,0.9958644985984976,3.950698471069336,0.4717718124389648,,18654
1400,45875200,0.9957315295848536,3.959043502807617,0.4800122737884521,,18689
1410,46202880,0.99559646676496,3.9162647247314455,0.4503027439117432,,18662
1420,46530560,0.9954593107732691,3.91336669921875,0.6256105422973632,,18639
1430,46858240,0.9953200622540659,3.901464080810547,0.4879868507385254,,18657
1440,47185920,0.9951787218614647,3.907183837890625,0.4709743022918701,,18652
1450,47513600,0.9950352902594064,3.894574737548828,0.44182462692260743,,18656
1460,47841280,0.9948897681216552,3.9299930572509765,0.7322101593017578,,18650
1470,48168960,0.9947421561317958,3.872911071777344,0.4745805263519287,,18652
1480,48496640,0.9945924549832297,3.916310119628906,0.4600393295288086,,18650
1490,48824320,0.9944406653791718,3.989535903930664,0.48000326156616213,,18697
1500,49152000,0.994286788032648,3.8661476135253907,0.45812621116638186,,18741
1510,49479680,0.9941308236664911,3.8741283416748047,0.45557503700256347,,18951
1520,49807360,0.9939727730133375,3.862666702270508,0.5404573917388916,,18660
1530,50135040,0.9938126368156238,3.802498626708984,0.47933483123779297,,18663
1540,50462720,0.9936504158255838,3.9017154693603517,0.46602983474731446,,18667
1550,50790400,0.9934861108052436,3.7783302307128905,0.5234004974365234,,18679
1560,51118080,0.9933197225264201,3.847576141357422,0.4843531608581543,,18701
1570,51445760,0.9931512517707154,3.8994827270507812,0.45776867866516113,,18617
1580,51773440,0.9929806993295143,3.8222652435302735,0.4360680103302002,,18656
1590,52101120,0.99280806600398,3.8286476135253906,0.4492473125457764,,18647
1600,52428800,0.9926333526050509,3.8722118377685546,0.5017666339874267,,18647
1610,52756480,0.9924565599534364,3.823088455200195,0.5047000885009766,,18586
1620,53084160,0.9922776888796125,3.8766338348388674,0.5131144046783447,,19010
1630,53411840,0.9920967402238197,3.882213592529297,0.5249397277832031,,18639
1640,53739520,0.9919137148360565,3.8312244415283203,0.5028126239776611,,18653
1650,54067200,0.9917286135760778,3.813075637817383,0.450667667388916,,18703
1660,54394880,0.9915414373133894,3.7545536041259764,0.45424618721008303,,18655
1670,54722560,0.9913521869272444,3.7838932037353517,0.4277665138244629,,18658
1680,55050240,0.991160863306639,3.7954872131347654,0.4544614315032959,,18660
1690,55377920,0.9909674673503083,3.7723739624023436,0.44706411361694337,,18655
1700,55705600,0.9907719999667222,3.875138854980469,0.4306171417236328,,18654
1710,56033280,0.990574462074081,3.818965530395508,0.4363424777984619,,18662
1720,56360960,0.9903748546003112,3.8323863983154296,0.4573982238769531,,18682
1730,56688640,0.9901731784830609,3.802205276489258,0.41875901222229006,,18666
1740,57016320,0.9899694346696959,3.7758087158203124,0.41945781707763674,,18695
1750,57344000,0.9897636241172943,3.8112766265869142,0.42737793922424316,,19058
1760,57671680,0.9895557477926437,3.824701690673828,0.4407035827636719,,18648
1770,57999360,0.9893458066722344,3.786943817138672,0.45772509574890136,,18656
1780,58327040,0.9891338017422565,3.7822826385498045,0.42113046646118163,,18647
1790,58654720,0.988919733998595,3.782857131958008,0.4735466957092285,,18650
1800,58982400,0.9887036044468247,3.8113903045654296,0.43512468338012694,,18645
1810,59310080,0.9884854141022056,3.751039505004883,0.43714218139648436,,18658
1820,59637760,0.9882651639896781,3.7648284912109373,0.43079366683959963,,18653
1830,59965440,0.9880428551438585,3.7959461212158203,0.43769030570983886,,18709
1840,60293120,0.9878184886090338,3.731873321533203,0.44529995918273924,,18662
1850,60620800,0.9875920654391568,3.7314422607421873,0.44984092712402346,,18639
1860,60948480,0.9873635866978416,3.7826160430908202,0.42986621856689455,,19009
1870,61276160,0.987133053458358,3.8424800872802733,0.42520480155944823,,18703
1880,61603840,0.9869004668036266,3.7716564178466796,0.4314284801483154,,18652
1890,61931520,0.9866658278262145,3.728585052490234,0.4190484046936035,,18654
1900,62259200,0.9864291376283284,3.7191539764404298,0.4564103603363037,,18697
1910,62586880,0.9861903973218116,3.7594146728515625,0.4192917823791504,,18604
1920,62914560,0.9859496080281371,3.722922515869141,0.4135406970977783,,18643
1930,63242240,0.9857067708784032,3.666350173950195,0.4187747001647949,,18652
1940,63569920,0.9854618870133276,3.720193862915039,0.4551816940307617,,18665
1950,63897600,0.9852149575832427,3.686191177368164,0.4465507507324219,,18659
1960,64225280,0.9849659837480899,3.692709732055664,0.41913747787475586,,18676
1970,64552960,0.9847149666774135,3.727109909057617,0.41281905174255373,,18634
1980,64880640,0.9844619075503569,3.711883544921875,0.4287912845611572,,18656
1990,65208320,0.9842068075556548,3.6917182922363283,0.44523205757141116,,19037
2000,65536000,0.9839496678916297,3.6839107513427733,0.5080519676208496,,18680
2010,65863680,0.9836904897661849,3.6676700592041014,0.413313627243042,,18663
2020,66191360,0.9834292743967993,3.678000259399414,0.40743541717529297,,18625
2030,66519040,0.9831660230105219,3.6898365020751953,0.4238842487335205,,18656
2040,66846720,0.9829007368439657,3.7137969970703124,0.41457242965698243,,18654
2050,67174400,0.9826334171433019,3.6881961822509766,0.43158111572265623,,18649
2060,67502080,0.9823640651642543,3.7077980041503906,0.41046934127807616,,18651
2070,67829760,0.9820926821720932,3.64214973449707,0.42742137908935546,,18666
2080,68157440,0.9818192694416293,3.6888507843017577,0.40646138191223147,,18642
2090,68485120,0.9815438282572083,3.7105995178222657,0.4013084888458252,,18689
2100,68812800,0.9812663599127042,3.6385231018066406,0.4017796516418457,,18641
2110,69140480,0.9809868657115136,3.635828399658203,0.4046780109405518,,18660
2120,69468160,0.9807053469665494,3.697498321533203,0.40932750701904297,,18887
2130,69795840,0.980421805000235,3.6368812561035155,0.4116062641143799,,18844
2140,70123520,0.9801362411444974,3.6745243072509766,0.4129964351654053,,18664
2150,70451200,0.9798486567407615,3.6458900451660154,0.41098756790161134,,18706
2160,70778880,0.9795590531399438,3.6345706939697267,0.4198599815368652,,18648
2170,71106560,0.9792674317024457,3.6349910736083983,0.4061737060546875,,18663
2180,71434240,0.9789737937981473,3.6828842163085938,0.4030552864074707,,18668
2190,71761920,0.9786781408064011,3.6613391876220702,0.3946949005126953,,18649
2200,72089600,0.9783804741160256,3.6427658081054686,0.47801551818847654,,18635
2210,72417280,0.978080795125298,3.623444747924805,0.410634708404541,,18654
2220,72744960,0.9777791052419487,3.6413978576660155,0.41451373100280764,,18622
2230,73072640,0.9774754058831538,3.6341793060302736,0.3920779228210449,,18807
2240,73400320,0.9771696984755293,3.6451202392578126,0.46602206230163573,,18910
2250,73728000,0.9768619844551234,3.620578384399414,0.532255220413208,,18680
2260,74055680,0.9765522652674108,3.614859390258789,0.5868492603302002,,18701
2270,74383360,0.976240542367285,3.68390007019043,0.4232581615447998,,18645
2280,74711040,0.9759268172190521,3.6889453887939454,0.3999326705932617,,18667
2290,75038720,0.9756110912964235,3.6311580657958986,0.39505801200866697,,18639
2300,75366400,0.9752933660825093,3.603342056274414,0.39715261459350587,,18657
2310,75694080,0.9749736430698112,3.5888015747070314,0.40001258850097654,,18638
2320,76021760,0.9746519237602153,3.6213310241699217,0.4206251621246338,,18657
2330,76349440,0.9743282096649852,3.622109222412109,0.4681582450866699,,18676
2340,76677120,0.9740025023047555,3.5377834320068358,0.3812793493270874,,18674
2350,77004800,0.9736748032095234,3.6037506103515624,0.4156632900238037,,18655
2360,77332480,0.9733451139186423,3.6891658782958983,0.4495866298675537,,18800
2370,77660160,0.973013435980815,3.596296691894531,0.41368989944458007,,18948
2380,77987840,0.9726797709540852,3.644931411743164,0.39775729179382324,,18626
2390,78315520,0.9723441204058314,3.6212493896484377,0.3956432819366455,,18633
2400,78643200,0.9720064859127585,3.5962589263916014,0.3943953990936279,,18683
2410,78970880,0.9716668690608914,3.606232833862305,0.39724462032318114,,18643
2420,79298560,0.9713252714455668,3.5955440521240236,0.3853082895278931,,18648
2430,79626240,0.9709816946714261,3.6289604187011717,0.38825101852416993,,18660
2440,79953920,0.9706361403524074,3.6586837768554688,0.3810091018676758,,18708
2450,80281600,0.9702886101117387,3.617972564697266,0.3929711580276489,,18674
2460,80609280,0.9699391055819293,3.6124134063720703,0.4243457794189453,,18658
2470,80936960,0.9695876284047632,3.657648468017578,0.3900583505630493,,18693
2480,81264640,0.9692341802312905,3.57891845703125,0.3989746332168579,,19020
2490,81592320,0.9688787627218198,3.6508358001708983,0.39628350734710693,,18689
2500,81920000,0.9685213775459112,3.6075790405273436,0.4104025840759277,,18682
2510,82247680,0.968162026382367,3.5013046264648438,0.3828972339630127,,18615
2520,82575360,0.9678007109192254,3.5505584716796874,0.39770185947418213,,18647
2530,82903040,0.9674374328537514,3.4851009368896486,0.38738460540771485,,18587
2540,83230720,0.9670721938924294,3.5571239471435545,0.4056233406066895,,18654
2550,83558400,0.966704995750955,3.632212829589844,0.4022659778594971,,18681
2560,83886080,0.9663358401542269,3.5487213134765625,0.3875534772872925,,18658
2570,84213760,0.965964728836339,3.586013412475586,0.3872746229171753,,18655
2580,84541440,0.9655916635405721,3.6394412994384764,0.4547456741333008,,18678
2590,84869120,0.9652166460193854,3.610599136352539,0.41207146644592285,,18678
2600,85196800,0.9648396780344092,3.5349212646484376,0.431441068649292,,18660
2610,85524480,0.9644607613564357,3.516065979003906,0.39088916778564453,,19121
2620,85852160,0.9640798977654107,3.5714176177978514,0.37998294830322266,,18671
2630,86179840,0.9636970890504263,3.511764907836914,0.3935913324356079,,18659
2640,86507520,0.963312337009711,3.5878772735595703,0.4112720012664795,,18671
2650,86835200,0.9629256434506225,3.56339111328125,0.3819492101669312,,18654
2660,87162880,0.9625370101896386,3.491049957275391,0.7186255931854248,,18650
2670,87490560,0.9621464390523483,3.5626007080078126,0.3839810609817505,,18668
2680,87818240,0.9617539318734444,3.569675827026367,0.4018273830413818,,18693
2690,88145920,0.9613594904967137,3.5287090301513673,0.3841098785400391,,18663
2700,88473600,0.9609631167750291,3.5427032470703126,0.39401586055755616,,18666
2710,88801280,0.9605648125703407,3.542859649658203,0.40718851089477537,,18648
2720,89128960,0.9601645797536662,3.599012756347656,0.3876649379730225,,18619
2730,89456640,0.959762420205084,3.5713672637939453,0.38975701332092283,,18649
2740,89784320,0.9593583358137223,3.5609375,0.38724393844604493,,19030
2750,90112000,0.9589523284777519,3.551905059814453,0.387713098526001,,18678
2760,90439680,0.9585444001043758,3.5356124877929687,0.39029574394226074,,18653
2770,90767360,0.9581345526098218,3.4710319519042967,0.3765696048736572,,18690
2780,91095040,0.9577227879193322,3.462480926513672,0.382378888130188,,18701
2790,91422720,0.9573091079671553,3.528889846801758,0.38224880695343016,,18662
2800,91750400,0.9568935146965365,3.511865234375,0.39737658500671386,,18643
2810,92078080,0.9564760100597085,3.549071502685547,0.3841941118240356,,18660
2820,92405760,0.956056596017883,3.466652679443359,0.3893119335174561,,18656
2830,92733440,0.9556352745412409,3.537162017822266,0.38560757637023924,,18671
2840,93061120,0.9552120476089232,3.4826583862304688,0.38591158390045166,,18693
2850,93388800,0.9547869172090215,3.546710205078125,0.3888112783432007,,18932
2860,93716480,0.9543598853385692,3.5173954010009765,0.3676431894302368,,18773
2870,94044160,0.9539309540035318,3.542490005493164,0.3791333198547363,,18649
2880,94371840,0.953500125218797,3.5024608612060546,0.3775032043457031,,18641
2890,94699520,0.9530674010081663,3.475885772705078,0.3848897695541382,,18659
2900,95027200,0.9526327834043443,3.447854232788086,0.37962443828582765,,18672
2910,95354880,0.9521962744489302,3.557992172241211,0.3939420223236084,,18659
2920,95682560,0.9517578761924075,3.4993831634521486,0.37658038139343264,,18676
2930,96010240,0.9513175906941347,3.491815948486328,0.3795896053314209,,18680
2940,96337920,0.9508754200223356,3.478463363647461,0.3731759309768677,,18645
2950,96665600,0.9504313662540893,3.4798763275146483,0.38816869258880615,,18642
2960,96993280,0.949985431475321,3.433301544189453,0.3694671869277954,,18719
2970,97320960,0.9495376177807917,3.51226692199707,0.3926080226898193,,18679
2980,97648640,0.9490879272740883,3.4915637969970703,0.3968106985092163,,18920
2990,97976320,0.9486363620676144,3.469034194946289,0.3931329965591431,,18828
3000,98304000,0.9481829242825798,3.494540786743164,0.37542335987091063,,18657
3010,98631680,0.9477276160489903,3.506400299072266,0.3832641839981079,,18660
3020,98959360,0.9472704395056386,3.4558040618896486,0.38820462226867675,,18699
3030,99287040,0.9468113968000933,3.448843002319336,0.37884185314178465,,18650
3040,99614720,0.9463504900886894,3.5219181060791014,0.38102102279663086,,18647
3050,99942400,0.9458877215365181,3.4822925567626952,0.37184734344482423,,18657
3060,100270080,0.9454230933174161,3.4954692840576174,0.3784213066101074,,18663
3070,100597760,0.9449566076139565,3.5021945953369142,0.38507370948791503,,18661
3080,100925440,0.944488266617437,3.4989063262939455,0.40488085746765134,,18654
3090,101253120,0.9440180725278713,3.5400264739990233,0.3958315372467041,,18877
3100,101580800,0.9435460275539773,3.4643314361572264,0.4035635948181152,,18893
3110,101908480,0.9430721339131679,3.4914669036865233,0.36721975803375245,,18653
3120,102236160,0.9425963938315396,3.440937042236328,0.3756636381149292,,18642
3130,102563840,0.9421188095438624,3.4645336151123045,0.376988959312439,,18681
3140,102891520,0.94163938329357,3.5289581298828123,0.39980885982513426,,18667
3150,103219200,0.9411581173327482,3.4754348754882813,0.381818151473999,,18661
3160,103546880,0.9406750139221247,3.4918502807617187,0.3736515760421753,,18649
3170,103874560,0.9401900753310587,3.441328430175781,0.37355751991271974,,18674
3180,104202240,0.9397033038375302,3.4064197540283203,0.3782894849777222,,18700
3190,104529920,0.9392147017281288,3.495447540283203,0.38473522663116455,,18604
3200,104857600,0.9387242712980439,3.471413421630859,0.38219799995422366,,18647
3210,105185280,0.9382320148510529,3.4725852966308595,0.3907185077667236,,18651
3220,105512960,0.937737934699511,3.4540809631347655,0.3720285892486572,,18752
3230,105840640,0.9372420331643404,3.4625312805175783,0.39299464225769043,,18978
3240,106168320,0.9367443125750188,3.4331817626953125,0.38583221435546877,,18597
3250,106496000,0.936244775269569,3.4585491180419923,0.38921432495117186,,18655
3260,106823680,0.9357434235945475,3.407108688354492,0.3721490383148193,,18661
3270,107151360,0.9352402599050346,3.3871139526367187,0.38821961879730227,,18682
3280,107479040,0.9347352865646213,3.4672489166259766,0.3792673826217651,,18658
3290,107806720,0.9342285059454002,3.3914260864257812,0.3775376796722412,,18629
3300,108134400,0.9337199204279533,3.4043228149414064,0.37162902355194094,,18658
3310,108462080,0.9332095324013407,3.476396179199219,0.3787651062011719,,18669
3320,108789760,0.93269734426309,3.488799285888672,0.390086030960083,,18696
3330,109117440,0.9321833584191851,3.5144447326660155,0.3941191673278809,,18660
3340,109445120,0.9316675772840538,3.418804931640625,0.38594191074371337,,18645
3350,109772800,0.9311500032805579,3.4660518646240233,0.41175189018249514,,18692
3360,110100480,0.9306306388399807,3.440286636352539,0.37827339172363283,,18673
3370,110428160,0.9301094864020161,3.4390819549560545,0.3845658779144287,,18651
3380,110755840,0.929586548414757,3.460457611083984,0.36960797309875487,,18680
3390,111083520,0.929061827334684,3.3579643249511717,0.3797095775604248,,18657
3400,111411200,0.928535325626654,3.45105094909668,0.3860701322555542,,18643
3410,111738880,0.9280070457638875,3.494911956787109,0.39997947216033936,,18659
3420,112066560,0.9274769902279585,3.427022171020508,0.3779820680618286,,18659
3430,112394240,0.9269451615087818,3.420304870605469,0.3868584394454956,,18708
3440,112721920,0.926411562104602,3.428690719604492,0.37266857624053956,,18645
3450,113049600,0.9258761945219811,3.3759716033935545,0.38163774013519286,,18656
3460,113377280,0.9253390612757871,3.396257019042969,0.3699207067489624,,18639
3470,113704960,0.9248001648891824,3.464608001708984,0.38181898593902586,,19069
3480,114032640,0.9242595078936112,3.4550209045410156,0.38633089065551757,,18683
3490,114360320,0.9237170928287887,3.4040416717529296,0.3763893604278564,,18710
3500,114688000,0.923172922242688,3.4787628173828127,0.3782701015472412,,18625
3510,115015680,0.922626998691529,3.408234405517578,0.3866020917892456,,18659
3520,115343360,0.922079324739766,3.3743541717529295,0.3872020959854126,,18682
3530,115671040,0.9215299029600759,3.4149715423583986,0.3808067560195923,,18746
3540,115998720,0.9209787359333456,3.428036117553711,0.3811803340911865,,23372
3550,116326400,0.9204258262486603,3.421986389160156,0.38373746871948244,,24680
3560,116654080,0.9198711765032919,3.380651092529297,0.3727485418319702,,24643
3570,116981760,0.9193147893026851,3.357837677001953,0.3764977216720581,,24662
3580,117309440,0.9187566672604472,3.399690628051758,0.3694736480712891,,24386
3590,117637120,0.9181968129983342,3.4007389068603517,0.36545963287353517,,24351
3600,117964800,0.9176352291462395,3.4101940155029298,0.3725354909896851,,25496
3610,118292480,0.9170719183421812,3.4396438598632812,0.37542014122009276,,24859
3620,118620160,0.9165068832322891,3.403570556640625,0.37229194641113283,,24884
3630,118947840,0.9159401264707938,3.3797149658203125,0.3813582420349121,,24815
3640,119275520,0.9153716507200125,3.402819061279297,0.3857691764831543,,24842
3650,119603200,0.9148014586503377,3.4752037048339846,0.3759178638458252,,24848
3660,119930880,0.9142295529402239,3.4079078674316405,0.37182567119598386,,24849
3670,120258560,0.9136559362761759,3.389704132080078,0.36239056587219237,,24847
3680,120586240,0.9130806113527351,3.3882514953613283,0.37427260875701907,,24837
3690,120913920,0.9125035808724679,3.418521499633789,0.3656176567077637,,24853
3700,121241600,0.9119248475459516,3.3481334686279296,0.36239309310913087,,24849
3710,121569280,0.9113444140917637,3.4121562957763674,0.3749732494354248,,25306
3720,121896960,0.9107622832364672,3.3469223022460937,0.3644690752029419,,24991
3730,122224640,0.9101784577145987,3.3726131439208986,0.37138140201568604,,24851
3740,122552320,0.9095929402686556,3.3598354339599608,0.3741217851638794,,24851
3750,122880000,0.9090057336490831,3.432878875732422,0.37464711666107176,,24810
3760,123207680,0.908416840614261,3.3968250274658205,0.4107517719268799,,24868
3770,123535360,0.9078262639304908,3.462746810913086,0.38852267265319823,,24849
3780,123863040,0.9072340063719835,3.3624103546142576,0.3964972734451294,,24845
3790,124190720,0.9066400707208456,3.331411361694336,0.37116503715515137,,24831
3800,124518400,0.906044459767066,3.4195316314697264,0.3728375196456909,,24826
3810,124846080,0.905447176308504,3.404640960693359,0.3686469078063965,,24837
3820,125173760,0.9048482231508749,3.3313392639160155,0.3744847536087036,,24821
3830,125501440,0.9042476031077374,3.3843082427978515,0.37770986557006836,,24855
3840,125829120,0.9036453190004807,3.37174072265625,0.39168505668640136,,25279
3850,126156800,0.9030413736583102,3.413435363769531,0.37336273193359376,,25106
3860,126484480,0.9024357699182355,3.385905075073242,0.388785195350647,,24835
3870,126812160,0.9018285106250563,3.375466537475586,0.3857895374298096,,24852
3880,127139840,0.901219598631349,3.3617042541503905,0.37400453090667723,,24809
3890,127467520,0.9006090367974537,3.376320648193359,0.3655679702758789,,24831
3900,127795200,0.8999968279914605,3.3521186828613283,0.37475674152374266,,24823
3910,128122880,0.8993829750891961,3.418958282470703,0.37821838855743406,,24842
3920,128450560,0.8987674809742102,3.3675457000732423,0.37440810203552244,,24838
3930,128778240,0.8981503485377622,3.4002460479736327,0.3736703395843506,,24843
3940,129105920,0.8975315806788072,3.341116714477539,0.3695090293884277,,24865
3950,129433600,0.8969111803039826,3.390789031982422,0.3777411222457886,,24843
3960,129761280,0.8962891503275952,3.3384960174560545,0.36897716522216795,,24838
3970,130088960,0.8956654936716058,3.374267578125,0.36795754432678224,,24848
3980,130416640,0.8950402132656169,3.4022056579589846,0.3705805778503418,,24842
3990,130744320,0.8944133120468587,3.351608657836914,0.38901803493499754,,24841
4000,131072000,0.8937847929601748,3.3572097778320313,0.38151822090148924,,24887
4010,131399680,0.8931546589580086,3.381529998779297,0.3778982639312744,,24871
4020,131727360,0.8925229130003902,3.4148094177246096,0.376192569732666,,24862
4030,132055040,0.8918895580549208,3.3448062896728517,0.37876942157745364,,24855
4040,132382720,0.8912545970967604,3.379210662841797,0.36758084297180177,,24834
4050,132710400,0.8906180331086129,3.359496307373047,0.37659146785736086,,24778
4060,133038080,0.8899798690807127,3.3364093780517576,0.3712560415267944,,24841
4070,133365760,0.8893401080108099,3.426422119140625,0.39260289669036863,,24847
4080,133693440,0.8886987529041569,3.3460155487060548,0.36427404880523684,,25042
4090,134021120,0.888055806773494,3.3742298126220702,0.37670853137969973,,25337
4100,134348800,0.8874112726390354,3.333551025390625,0.37936646938323976,,24832
4110,134676480,0.8867651535284545,3.384613800048828,0.36660869121551515,,24809
4120,135004160,0.8861174524768703,3.3418975830078126,0.3664391994476318,,24828
4130,135331840,0.8854681725268331,3.367231750488281,0.3699425458908081,,24848
4140,135659520,0.8848173167283098,3.3920989990234376,0.37081160545349123,,24847
4150,135987200,0.8841648881386694,3.3591567993164064,0.361862850189209,,24850
4160,136314880,0.88351088982267,3.3689548492431642,0.3688373565673828,,24840
4170,136642560,0.8828553248524423,3.3328285217285156,0.37290802001953127,,24860
4180,136970240,0.8821981963074773,3.373502731323242,0.378877592086792,,24843
4190,137297920,0.8815395072746101,3.3631923675537108,0.37864208221435547,,24900
4200,137625600,0.8808792608480065,3.2985504150390623,0.36994335651397703,,24876
4210,137953280,0.8802174601291479,3.3632476806640623,0.36678922176361084,,24928
4220,138280960,0.8795541082268172,3.34482421875,0.37498176097869873,,25424
4230,138608640,0.8788892082570837,3.38292236328125,0.37911043167114256,,24836
4240,138936320,0.8782227633432887,3.348659133911133,0.37327420711517334,,24872
4250,139264000,0.877554776616031,3.3325321197509767,0.3863957643508911,,24832
4260,139591680,0.8768852512131515,3.3327735900878905,0.37194783687591554,,24819
4270,139919360,0.8762141902797198,3.3427047729492188,0.37838497161865237,,24843
4280,140247040,0.8755415969680176,3.3334842681884767,0.37297658920288085,,24850
4290,140574720,0.8748674744375259,3.382349395751953,0.3819745540618896,,24835
4300,140902400,0.8741918258549084,3.3136993408203126,0.36915624141693115,,24860
4310,141230080,0.8735146543939974,3.3675193786621094,0.3699465751647949,,24847
4320,141557760,0.8728359632357797,3.3110401153564455,0.3732305526733398,,24853
4330,141885440,0.8721557555683797,3.3376136779785157,0.3753751039505005,,25516
4340,142213120,0.8714740345870462,3.2882747650146484,0.37240991592407224,,24895
4350,142540800,0.8707908034941365,3.345904541015625,0.37139871120452883,,24836
4360,142868480,0.8701060654991017,3.3393970489501954,0.37526564598083495,,24806
4370,143196160,0.8694198238184716,3.3337703704833985,0.37534399032592775,,24841
4380,143523840,0.8687320816758393,3.3035663604736327,0.36914911270141604,,24824
4390,143851520,0.8680428423018461,3.3225757598876955,0.36853556632995604,,24861
4400,144179200,0.8673521089341671,3.299874496459961,0.36949403285980226,,24843
4410,144506880,0.866659884817495,3.324193572998047,0.402957820892334,,24853
4420,144834560,0.865966173203525,3.2893531799316404,0.37436699867248535,,24836
4430,145162240,0.86527097735094,3.351552200317383,0.38811118602752687,,24828
4440,145489920,0.8645743005253953,3.3632259368896484,0.3801304817199707,,24840
4450,145817600,0.8638761459995025,3.306985855102539,0.38104422092437745,,24842
4460,146145280,0.8631765170528151,3.2998409271240234,0.37408249378204345,,25491
4470,146472960,0.8624754169718122,3.26195068359375,0.378760027885437,,24842
4480,146800640,0.8617728490498839,3.3113178253173827,0.37839016914367674,,24840
4490,147128320,0.8610688165873153,3.1683671951293944,0.3649050235748291,,24812
4500,147456000,0.860363322891271,3.2692291259765627,0.37722694873809814,,24849
4510,147783680,0.8596563712757798,3.2785362243652343,0.3771496057510376,,24829
4520,148111360,0.8589479650617188,3.2698158264160155,0.37265501022338865,,24849
4530,148439040,0.8582381075767984,3.2802444458007813,0.38570513725280764,,24811
4540,148766720,0.8575268021555462,3.314524841308594,0.3791436433792114,,24861
4550,149094400,0.8568140521392911,3.308235931396484,0.3666161060333252,,24927
4560,149422080,0.8560998608761481,3.307879638671875,0.37389416694641114,,24812
4570,149749760,0.8553842317210026,3.3385814666748046,0.38269970417022703,,24835
4580,150077440,0.8546671680354943,3.28204231262207,0.365773868560791,,24852
4590,150405120,0.8539486731880013,3.3166603088378905,0.3723255157470703,,24838
4600,150732800,0.8532287505536249,3.2717491149902345,0.3691031694412231,,24833
4610,151060480,0.8525074035141732,3.3247013092041016,0.37932405471801756,,24842
4620,151388160,0.8517846354581458,3.3134506225585936,0.37939584255218506,,24850
4630,151715840,0.8510604497807165,3.3059539794921875,0.3907217025756836,,24847
4640,152043520,0.8503348498837191,3.2602489471435545,0.38705618381500245,,24832
4650,152371200,0.8496078391756305,3.3088829040527346,0.378031325340271,,24832
4660,152698880,0.8488794210715549,3.261260986328125,0.3797261953353882,,24835
4670,153026560,0.8481495989932074,3.2692211151123045,0.369472074508667,,24846
4680,153354240,0.8474183763688985,3.324658203125,0.37207581996917727,,24821
4690,153681920,0.8466857566335172,3.286264419555664,0.36521296501159667,,24844
4700,154009600,0.8459517432285163,3.333799362182617,0.38533411026000974,,25291
4710,154337280,0.8452163396018946,3.27855224609375,0.3765650033950806,,25089
4720,154664960,0.8444795492081815,3.296743392944336,0.3756995677947998,,24859
4730,154992640,0.8437413755084207,3.3266742706298826,0.3988748550415039,,24854
4740,155320320,0.8430018219701542,3.317808151245117,0.3804823875427246,,24827
4750,155648000,0.8422608920674052,3.2857376098632813,0.37935380935668944,,24810
4760,155975680,0.841518589280663,3.325179672241211,0.3693470239639282,,24820
4770,156303360,0.8407749170968652,3.2984737396240233,0.3659680843353271,,24821
4780,156631040,0.8400298790093831,3.256174850463867,0.36966030597686766,,24831
4790,156958720,0.8392834785180031,3.2606529235839843,0.36735172271728517,,24834
4800,157286400,0.8385357191289123,3.282807159423828,0.3714407205581665,,24830
4810,157614080,0.837786604354681,3.2762012481689453,0.37007951736450195,,24817
4820,157941760,0.8370361377142459,3.3116382598876952,0.3730187177658081,,24851
4830,158269440,0.8362843227328948,3.2124969482421877,0.3702883720397949,,25149
4840,158597120,0.8355311629422486,3.235595703125,0.37582831382751464,,25148
4850,158924800,0.8347766618802456,3.255484390258789,0.3739948272705078,,24847
4860,159252480,0.8340208230911248,3.260771560668945,0.37037997245788573,,24844
4870,159580160,0.8332636501254091,3.2579254150390624,0.37025458812713624,,24833
4880,159907840,0.8325051465398888,3.2907669067382814,0.38198421001434324,,24826
4890,160235520,0.8317453158976044,3.3020584106445314,0.37262089252471925,,24860
4900,160563200,0.8309841617678299,3.2083515167236327,0.3667830228805542,,24755
4910,160890880,0.8302216877260572,3.2622852325439453,0.36924142837524415,,24912
4920,161218560,0.829457897353978,3.2637409210205077,0.3737844705581665,,24858
4930,161546240,0.8286927942394671,3.236532211303711,0.3786278486251831,,24856
4940,161873920,0.8279263819765664,3.289612579345703,0.3826540470123291,,25042
4950,162201600,0.827158664165467,3.247824859619141,0.3745339632034302,,25300
4960,162529280,0.8263896444124933,3.2465301513671876,0.37555363178253176,,24835
4970,162856960,0.825619326330085,3.2164016723632813,0.3831809997558594,,24836
4980,163184640,0.8248477135367809,3.2605865478515623,0.3902299404144287,,24848
4990,163512320,0.8240748096572016,3.2164844512939452,0.39038972854614257,,24843
5000,163840000,0.8233006183220325,3.2114871978759765,0.3789048433303833,,24842
5010,164167680,0.8225251431680068,3.271623992919922,0.3762447595596313,,24781
5020,164495360,0.8217483878378885,3.194910430908203,0.3706803798675537,,24846
5030,164823040,0.8209703559804551,3.248251724243164,0.36548800468444825,,24821
5040,165150720,0.8201910512504803,3.2903045654296874,0.3792147159576416,,24844
5050,165478400,0.8194104773087175,3.2966377258300783,0.37004568576812746,,24849
5060,165806080,0.8186286378218818,3.2350746154785157,0.36614389419555665,,24841
5070,166133760,0.8178455364626335,3.2272785186767576,0.36785504817962644,,24995
5080,166461440,0.8170611769095599,3.164876174926758,0.3787022352218628,,25370
5090,166789120,0.8162755628471595,3.156932258605957,0.38268251419067384,,24835
5100,167116800,0.815488697965823,3.2303089141845702,0.3842477560043335,,24859
5110,167444480,0.8147005859618172,3.2934730529785154,0.40151286125183105,,24879
5120,167772160,0.813911230537267,3.203225326538086,0.3695982933044434,,24846
5130,168099840,0.8131206354001385,3.281202697753906,0.3799186944961548,,24846
5140,168427520,0.8123288042642208,3.1825281143188477,0.37073814868927,,24846
5150,168755200,0.8115357408491098,3.233295440673828,0.39140868186950684,,24845
5160,169082880,0.8107414488801894,3.2595504760742187,0.37716310024261473,,24836
5170,169410560,0.8099459320886147,3.2667766571044923,0.3804943323135376,,24817
5180,169738240,0.8091491942112942,3.2676162719726562,0.38349902629852295,,24845
5190,170065920,0.8083512389908728,3.219405746459961,0.3743647575378418,,25301
5200,170393600,0.8075520701757136,3.2878440856933593,0.37040019035339355,,24844
5210,170721280,0.8067516915198807,3.2624916076660155,0.37645626068115234,,24840
5220,171048960,0.8059501067831211,3.256513977050781,0.38565716743469236,,24848
5230,171376640,0.8051473197308472,3.210084915161133,0.3766812324523926,,24854
5240,171704320,0.8043433341341197,3.2161598205566406,0.36783652305603026,,24890
5250,172032000,0.8035381537696291,3.277415084838867,0.3826320171356201,,24847
5260,172359680,0.8027317824196785,3.2788837432861326,0.3749788761138916,,24842
5270,172687360,0.8019242238721653,3.2361515045166014,0.38007965087890627,,24741
5280,173015040,0.8011154819205639,3.2126502990722656,0.36917388439178467,,24843
5290,173342720,0.8003055603639075,3.2399742126464846,0.3765347957611084,,24819
5300,173670400,0.799494463006771,3.241502380371094,0.3737292528152466,,24849
5310,173998080,0.7986821936592519,3.2789363861083984,0.3821058750152588,,24844
5320,174325760,0.7978687561369534,3.26429443359375,0.3823517084121704,,25552
5330,174653440,0.7970541542609662,3.233796310424805,0.372762131690979,,24840
5340,174981120,0.7962383918578503,3.213999938964844,0.36901929378509524,,24827
5350,175308800,0.7954214727596175,3.3043838500976563,0.3850647211074829,,24855
5360,175636480,0.794603400803713,3.207904052734375,0.3757246255874634,,24836
5370,175964160,0.7937841798329972,3.1834732055664063,0.3739471912384033,,24827
5380,176291840,0.7929638136957288,3.184248924255371,0.3770378589630127,,24833
5390,176619520,0.7921423062455447,3.2577667236328125,0.3762850284576416,,24841
5400,176947200,0.791319661341444,3.2013946533203126,0.36905043125152587,,24840
5410,177274880,0.7904958828477688,3.272475814819336,0.4146239757537842,,24840
5420,177602560,0.7896709746341858,3.2036296844482424,0.37331786155700686,,24905
5430,177930240,0.7888449405756687,3.2020694732666017,0.3820501804351807,,24919
5440,178257920,0.78801778455248,3.223202133178711,0.3847171783447266,,24850
5450,178585600,0.7871895104501523,3.1840978622436524,0.3799750566482544,,25443
5460,178913280,0.7863601221594704,3.195659637451172,0.3726832151412964,,25380
5470,179240960,0.7855296235764533,3.215149688720703,0.4020973205566406,,25464
5480,179568640,0.7846980186023351,3.2554359436035156,0.3756136178970337,,35109
5490,179896320,0.7838653111435474,3.181312370300293,0.39424519538879393,,36755
5500,180224000,0.7830315051117006,3.188084602355957,0.39276890754699706,,36810
5510,180551680,0.7821966044235655,3.205485153198242,0.39068801403045655,,36845
5520,180879360,0.7813606130010551,3.2629859924316404,0.3829979419708252,,36785
5530,181207040,0.7805235347712062,3.2719459533691406,0.38178253173828125,,35020
5540,181534720,0.7796853736661605,3.251425933837891,0.3952061176300049,,36573
5550,181862400,0.7788461336231468,3.1890796661376952,0.3849019527435303,,37213
5560,182190080,0.7780058185844622,3.1988174438476564,0.38498797416687014,,37172
5570,182517760,0.777164432497453,3.160701942443848,0.37906341552734374,,37167
5580,182845440,0.7763219793144973,3.2716548919677733,0.3814905881881714,,37076
5590,183173120,0.7754784629929858,3.167216110229492,0.37033298015594485,,37281
5600,183500800,0.7746338874953032,3.1767364501953126,0.37571742534637453,,37239
5610,183828480,0.773788256788809,3.211159896850586,0.3804351806640625,,37191
5620,184156160,0.7729415748458205,3.201250457763672,0.37390851974487305,,37191
5630,184483840,0.7720938456435924,3.224539566040039,0.37802944183349607,,37215
5640,184811520,0.7712450731642992,3.136652374267578,0.3802429914474487,,37186
5650,185139200,0.7703952613950162,3.2389904022216798,0.3884576320648193,,37187
5660,185466880,0.7695444143277006,3.178001594543457,0.4283135890960693,,37165
5670,185794560,0.7686925359591726,3.1901067733764648,0.3810312747955322,,37100
5680,186122240,0.7678396302910978,3.2425025939941405,0.3832942724227905,,37191
5690,186449920,0.7669857013299661,3.2406551361083986,0.3832207679748535,,37134
5700,186777600,0.7661307530870757,3.265921783447266,0.3889190912246704,,37210
5710,187105280,0.7652747895785117,3.1574302673339845,0.38190250396728515,,37173
5720,187432960,0.7644178148251293,3.095252799987793,0.3736835718154907,,37184
5730,187760640,0.7635598328525331,3.2251651763916014,0.38403594493865967,,37204
5740,188088320,0.76270084769106,3.19101619720459,0.38035666942596436,,37107
5750,188416000,0.7618408633757584,3.218849945068359,0.38119661808013916,,37119
5760,188743680,0.760979883946371,3.2416259765625,0.40155620574951173,,37187
5770,189071360,0.7601179134473144,3.2159366607666016,0.3811976194381714,,37225
5780,189399040,0.7592549559276612,3.2129798889160157,0.3797446727752686,,37269
5790,189726720,0.7583910154411201,3.271725082397461,0.383741569519043,,37135
5800,190054400,0.7575260960460173,3.2396919250488283,0.3788411617279053,,37203
5810,190382080,0.7566602018052777,3.239907073974609,0.3831817150115967,,37186
5820,190709760,0.7557933367864051,3.247536849975586,0.39568419456481935,,37113
5830,191037440,0.7549255050614639,3.1914531707763674,0.38069686889648435,,37188
5840,191365120,0.7540567107070592,3.1946435928344727,0.3779221296310425,,37177
5850,191692800,0.753186957804318,3.1905754089355467,0.3915224075317383,,37098
5860,192020480,0.7523162504388706,3.214030075073242,0.3881427764892578,,37178
5870,192348160,0.7514445927008302,3.2471233367919923,0.3913311243057251,,37195
5880,192675840,0.7505719886847744,3.10260066986084,0.3919025659561157,,37201
5890,193003520,0.7496984424897264,3.2018497467041014,0.3826385736465454,,37149
5900,193331200,0.7488239582191348,3.17175235748291,0.39082934856414797,,37178
5910,193658880,0.7479485399808549,3.193587875366211,0.3892984867095947,,37159
5920,193986560,0.7470721918871295,3.148855781555176,0.3767609357833862,,37189
5930,194314240,0.7461949180545687,3.165816307067871,0.38541460037231445,,37173
5940,194641920,0.745316722604132,3.1924997329711915,0.3854290723800659,,36976
5950,194969600,0.744437609661108,3.226221466064453,0.38767423629760744,,37269
5960,195297280,0.7435575833550946,3.1418657302856445,0.38759915828704833,,37185
5970,195624960,0.7426766478199808,3.2850807189941404,0.3869359254837036,,37190
5980,195952640,0.7417948071939264,3.185777282714844,0.3913813591003418,,37198
5990,196280320,0.7409120656193431,3.123346138000488,0.37421154975891113,,37132
6000,196608000,0.7400284272428742,3.139084053039551,0.3742173194885254,,37181
6010,196935680,0.7391438962153765,3.1784427642822264,0.38070993423461913,,37183
6020,197263360,0.7382584766918991,3.1857566833496094,0.37944493293762205,,37185
6030,197591040,0.7373721728316657,3.1748659133911135,0.3807675361633301,,37106
6040,197918720,0.7364849887980534,3.227750778198242,0.38254034519195557,,37177
6050,198246400,0.7355969287585742,3.220337677001953,0.3974114656448364,,37139
6060,198574080,0.7347079968848549,3.2130977630615236,0.38937993049621583,,37148
6070,198901760,0.733818197352618,3.146248626708984,0.4062648773193359,,37156
6080,199229440,0.7329275343416618,3.087468147277832,0.3761230707168579,,37126
6090,199557120,0.7320360120358402,3.1702596664428713,0.38248724937438966,,37178
6100,199884800,0.7311436346230444,3.150396537780762,0.38553242683410643,,37190
6110,200212480,0.7302504062951819,3.2257717132568358,0.3875781297683716,,37235
6120,200540160,0.7293563312481574,3.1449222564697266,0.38660144805908203,,37263
6130,200867840,0.7284614136818531,3.1619848251342773,0.38375675678253174,,37188
6140,201195520,0.7275656578001092,3.099941635131836,0.39286868572235106,,37168
6150,201523200,0.7266690678107032,3.166876029968262,0.39393661022186277,,37197
6160,201850880,0.7257716479253312,3.1574100494384765,0.3889519929885864,,37130
6170,202178560,0.7248734023595879,3.124602508544922,0.377848482131958,,37176
6180,202506240,0.7239743353329462,3.1578445434570312,0.38014836311340333,,37183
6190,202833920,0.7230744510687378,3.2151451110839844,0.38232290744781494,,37174
6200,203161600,0.7221737537941337,3.172258758544922,0.3912369251251221,,37174
6210,203489280,0.7212722477401238,3.1896156311035155,0.38519725799560545,,37179
6220,203816960,0.7203699371414969,3.225016403198242,0.38712425231933595,,37165
6230,204144640,0.7194668262368217,3.1566900253295898,0.3800851106643677,,37193
6240,204472320,0.7185629192684256,3.169333267211914,0.38751485347747805,,37243
6250,204800000,0.7176582204823762,3.128622817993164,0.38991389274597166,,37191
6260,205127680,0.7167527341284602,3.130234718322754,0.3888698101043701,,37170
6270,205455360,0.715846464460164,3.1720129013061524,0.3799325942993164,,37197
6280,205783040,0.7149394157346535,3.1448455810546876,0.3839545726776123,,37188
6290,206110720,0.7140315922127544,3.1638689041137695,0.38755998611450193,,37170
6300,206438400,0.7131229981589317,3.170767974853516,0.3967473030090332,,37287
6310,206766080,0.7122136378412699,3.121385955810547,0.3880820989608765,,37256
6320,207093760,0.7113035155314535,3.1645025253295898,0.38581418991088867,,37186
6330,207421440,0.710392635504746,3.1966339111328126,0.39171829223632815,,37190
6340,207749120,0.70948100203997,3.1787614822387695,0.39322035312652587,,37187
6350,208076800,0.7085686194194882,3.203136444091797,0.3820117235183716,,37206
6360,208404480,0.7076554919291816,3.154576873779297,0.38865344524383544,,37192
6370,208732160,0.7067416238584305,3.1515134811401366,0.3875338315963745,,37187
6380,209059840,0.7058270195000943,3.208484649658203,0.38178813457489014,,37083
6390,209387520,0.7049116831504906,3.1872842788696287,0.39523160457611084,,37191
6400,209715200,0.7039956191093758,3.218527984619141,0.38770227432250975,,37194
6410,210042880,0.7030788316799246,3.2104766845703123,0.3928724765777588,,37188
6420,210370560,0.7021613251687095,3.1773046493530273,0.39165165424346926,,37186
6430,210698240,0.7012431038856815,3.232111358642578,0.38770880699157717,,37206
6440,211025920,0.7003241721441484,3.1448068618774414,0.38553972244262696,,37130
6450,211353600,0.699404534260756,3.1756242752075194,0.3885822296142578,,37188
6460,211681280,0.6984841945554667,3.13430233001709,0.420938777923584,,37215
6470,212008960,0.6975631573515402,3.0966020584106446,0.3823568105697632,,37271
6480,212336640,0.6966414269755121,3.1548944473266602,0.37991364002227784,,37199
6490,212664320,0.6957190077571747,3.162882423400879,0.3920311450958252,,37171
6500,212992000,0.6947959040295556,3.079549026489258,0.3953078269958496,,37189
6510,213319680,0.693872120128898,3.178696060180664,0.3900386571884155,,37009
6520,213647360,0.6929476603946405,3.1744497299194334,0.40747809410095215,,37068
6530,213975040,0.6920225291693962,3.1467819213867188,0.39317760467529295,,37180
6540,214302720,0.6910967307989323,3.087550163269043,0.3951496362686157,,37134
6550,214630400,0.6901702696321502,3.119563865661621,0.4100786685943604,,37200
6560,214958080,0.6892431500210646,3.1568933486938477,0.3942981243133545,,37197
6570,215285760,0.6883153763207832,3.246446228027344,0.39638118743896483,,37220
6580,215613440,0.6873869528894864,3.1333667755126955,0.39894537925720214,,37186
6590,215941120,0.6864578840884065,3.1814355850219727,0.39372758865356444,,37201
6600,216268800,0.6855281742818073,3.133370780944824,0.39807288646697997,,37264
6610,216596480,0.6845978278369642,3.1451255798339846,0.3989475965499878,,37175
6620,216924160,0.683666849124143,3.2108829498291014,0.3894122838973999,,37189
6630,217251840,0.6827352425165789,3.147185134887695,0.39382734298706057,,37193
6640,217579520,0.6818030123904574,3.174799346923828,0.3917708396911621,,37189
6650,217907200,0.6808701631248927,3.140141487121582,0.3935675859451294,,37279
6660,218234880,0.6799366991019075,3.155255126953125,0.4129936218261719,,37271
6670,218562560,0.6790026247064119,3.174105644226074,0.3990532398223877,,37245
6680,218890240,0.6780679443261837,3.12859992980957,0.39636046886444093,,37188
6690,219217920,0.6771326623518468,3.1541534423828126,0.40277862548828125,,37190
6700,219545600,0.6761967831768516,3.1386655807495116,0.39290030002593995,,37196
6710,219873280,0.6752603111974533,3.1308567047119142,0.3956587314605713,,37108
6720,220200960,0.6743232508126922,3.182305335998535,0.39586620330810546,,37208
6730,220528640,0.6733856064243724,3.173801040649414,0.3990312576293945,,37170
6740,220856320,0.6724473824370414,3.0591964721679688,0.3811360836029053,,37180
6750,221184000,0.6715085832579691,3.1159605026245116,0.3871999502182007,,37192
6760,221511680,0.6705692132971278,3.128865051269531,0.3892097234725952,,37144
6770,221839360,0.6696292769671708,3.058209228515625,0.3906019926071167,,37180
6780,222167040,0.6686887786834115,3.144770050048828,0.39788897037506105,,37126
6790,222494720,0.6677477228638038,3.1483152389526365,0.40546269416809083,,37192
6800,222822400,0.6668061139289202,3.108275032043457,0.3869907855987549,,37177
6810,223150080,0.6658639563019313,3.143663787841797,0.3946086883544922,,37030
6820,223477760,0.6649212544085855,3.161135673522949,0.3908931016921997,,37287
6830,223805440,0.6639780126771876,3.025236892700195,0.3890878438949585,,37269
6840,224133120,0.6630342355385784,3.124605178833008,0.3952505111694336,,37090
6850,224460800,0.6620899274261136,3.1115253448486326,0.39868099689483644,,37146
6860,224788480,0.6611450927756435,3.1352333068847655,0.3915944814682007,,37161
6870,225116160,0.6601997360254913,3.133583831787109,0.3999232053756714,,37147
6880,225443840,0.659253861616433,3.0794801712036133,0.39769079685211184,,37144
6890,225771520,0.6583074739916764,3.095509910583496,0.395852255821228,,37114
6900,226099200,0.65736057759684,3.131939506530762,0.3903407096862793,,37073
6910,226426880,0.656413176879932,3.1817245483398438,0.39354586601257324,,37127
6920,226754560,0.65546527629133,3.1886354446411134,0.3997251033782959,,37176
6930,227082240,0.6545168802837597,3.138744354248047,0.4389484882354736,,37099
6940,227409920,0.6535679933122733,3.145734405517578,0.4060198783874512,,37151
6950,227737600,0.6526186198342305,3.109202194213867,0.38981332778930666,,37117
6960,228065280,0.6516687643092755,3.1686662673950194,0.3974193334579468,,37133
6970,228392960,0.6507184311993169,3.1506893157958986,0.40221257209777833,,37101
6980,228720640,0.6497676249685073,3.100112724304199,0.39608588218688967,,37179
6990,229048320,0.648816350083221,3.1090362548828123,0.39490137100219724,,37133
7000,229376000,0.6478646110120344,3.092845916748047,0.4019647121429443,,37202
7010,229703680,0.6469124122257043,3.092900848388672,0.38846116065979003,,37265
7020,230031360,0.6459597581971467,3.110523986816406,0.39213058948516843,,37179
7030,230359040,0.6450066534014163,3.0311304092407227,0.38669140338897706,,37120
7040,230686720,0.6440531023156852,3.1192127227783204,0.39460828304290774,,37185
7050,231014400,0.643099109419222,3.1038822174072265,0.3938692569732666,,37119
7060,231342080,0.6421446791933706,3.083934020996094,0.39173216819763185,,37165
7070,231669760,0.6411898161215294,3.1001596450805664,0.3919817447662354,,37156
7080,231997440,0.6402345246891296,3.0854711532592773,0.5409573554992676,,37146
7090,232325120,0.6392788093836153,3.0780481338500976,0.42431440353393557,,37165
7100,232652800,0.6383226746944214,3.039664459228516,0.40341577529907224,,37141
7110,232980480,0.6373661251129528,3.03918342590332,0.39203202724456787,,37169
7120,233308160,0.6364091651325631,3.0385772705078127,0.391748833656311,,37111
7130,233635840,0.6354517992485343,3.153957748413086,0.40825705528259276,,37117
7140,233963520,0.6344940319580545,3.110879898071289,0.4118163585662842,,37166
7150,234291200,0.6335358677601981,3.118389701843262,0.39579923152923585,,37131
7160,234618880,0.6325773111559034,3.108525848388672,0.4007440090179443,,37086
7170,234946560,0.631618366647952,3.0982736587524413,0.3912905931472778,,37197
7180,235274240,0.6306590387409481,3.0912397384643553,0.46234378814697263,,37236
7190,235601920,0.6296993319412965,3.105543518066406,0.39758713245391847,,37138
7200,235929600,0.6287392507571821,3.131577491760254,0.3904632329940796,,37141
7210,236257280,0.627778799698548,3.074414825439453,0.40024309158325194,,37142
7220,236584960,0.6268179832770756,3.0969522476196287,0.4001871109008789,,37121
7230,236912640,0.6258568060061616,3.0706825256347656,0.4022715091705322,,37121
7240,237240320,0.6248952724008985,3.1008733749389648,0.39095892906188967,,37086
7250,237568000,0.6239333869780525,3.099752426147461,0.4075179576873779,,37052
7260,237895680,0.6229711542560421,3.0752954483032227,0.40259299278259275,,37116
7270,238223360,0.6220085787549176,3.0809261322021486,0.39171886444091797,,37153
7280,238551040,0.6210456649963396,3.0258739471435545,0.40122089385986326,,37105
7290,238878720,0.6200824175035572,3.077220153808594,0.3982611894607544,,37111
7300,239206400,0.6191188408013876,3.1191516876220704,0.40003533363342286,,37108
7310,239534080,0.618154939416194,3.049064826965332,0.3976423740386963,,37120
7320,239861760,0.6171907178758654,3.0620180130004884,0.39108662605285643,,37151
7330,240189440,0.6162261807097943,3.104502296447754,0.40007882118225097,,37164
7340,240517120,0.615261332448856,3.109402084350586,0.4002561569213867,,37202
7350,240844800,0.6142961776253867,3.0759029388427734,0.39882194995880127,,37209
7360,241172480,0.6133307207731634,3.0787410736083984,0.4073498249053955,,37140
7370,241500160,0.6123649664273816,3.0745038986206055,0.3976832151412964,,37178
7380,241827840,0.6113989191246338,3.0758855819702147,0.40074996948242186,,37062
7390,242155520,0.6104325834028894,3.073017883300781,0.39514267444610596,,37140
7400,242483200,0.6094659638014722,3.109434127807617,0.39293627738952636,,37156
7410,242810880,0.6084990648610393,3.072764587402344,0.3937443971633911,,37144
7420,243138560,0.6075318911235607,3.156790351867676,0.40584235191345214,,37119
7430,243466240,0.6065644471322965,3.1293666839599608,0.4092526912689209,,37073
7440,243793920,0.6055967374317768,3.1587223052978515,0.4015019416809082,,37119
7450,244121600,0.6046287665677795,3.1012905120849608,0.39988484382629397,,37165
7460,244449280,0.6036605390873098,3.0871179580688475,0.40174002647399903,,37123
7470,244776960,0.6026920595385779,3.0792142868041994,0.40499138832092285,,37160
7480,245104640,0.6017233324709779,3.0810022354125977,0.4036689758300781,,37163
7490,245432320,0.6007543624350674,3.017532730102539,0.3985851049423218,,37146
7500,245760000,0.5997851539825445,3.006085968017578,0.3994921684265137,,37115
7510,246087680,0.5988157116662278,3.0315177917480467,0.3920575141906738,,37135
7520,246415360,0.5978460400400343,3.034267234802246,0.3947922945022583,,37136
7530,246743040,0.5968761436589581,3.061355400085449,0.4085529327392578,,37233
7540,247070720,0.595906027079049,3.1169506072998048,0.40230565071105956,,37130
7550,247398400,0.5949356948573915,3.0470033645629884,0.3984537124633789,,37146
7560,247726080,0.593965151552083,3.07366828918457,0.3966075897216797,,37171
7570,248053760,0.5929944017222119,3.019883155822754,0.3882449626922607,,37152
7580,248381440,0.5920234499278374,3.105868339538574,0.39595983028411863,,37134
7590,248709120,0.5910523007299672,3.0631031036376952,0.395833158493042,,37143
7600,249036800,0.5900809586905363,3.1076047897338865,0.3964175462722778,,37113
7610,249364480,0.5891094283723856,3.0864351272583006,0.3994686841964722,,37154
7620,249692160,0.5881377143392402,3.121073913574219,0.409023380279541,,37135
7630,250019840,0.5871658211556886,3.149567985534668,0.4104243278503418,,37154
7640,250347520,0.5861937533871606,3.0398693084716797,0.39564545154571534,,37133
7650,250675200,0.585221515599906,3.0834728240966798,0.403014087677002,,37045
7660,251002880,0.5842491123609734,3.0173206329345703,0.40122671127319337,,37068
7670,251330560,0.5832765482381888,3.107878875732422,0.4028144836425781,,37170
7680,251658240,0.5823038278001335,3.07730655670166,0.40299386978149415,,37151
7690,251985920,0.5813309556161232,3.0511314392089846,0.397808313369751,,37171
7700,252313600,0.5803579362561871,3.075607109069824,0.40101823806762693,,37257
7710,252641280,0.5793847742910447,3.112054634094238,0.40319199562072755,,37094
7720,252968960,0.5784114742920861,3.0758289337158202,0.4114389896392822,,37181
7730,253296640,0.5774380408313496,2.997488594055176,0.40157322883605956,,37181
7740,253624320,0.5764644784815004,3.048345375061035,0.40948920249938964,,37162
7750,253952000,0.575490791815809,3.110050582885742,0.4068151473999023,,37075
7760,254279680,0.5745169854081302,3.085485076904297,0.40176806449890134,,37140
7770,254607360,0.5735430638328811,3.016159248352051,0.41105427742004397,,37156
7780,254935040,0.5725690316650198,3.046115493774414,0.4222893714904785,,37141
7790,255262720,0.571594893480024,3.0619789123535157,0.40408124923706057,,37169
7800,255590400,0.5706206538538694,3.0851682662963866,0.40464091300964355,,37125
7810,255918080,0.5696463173630077,3.102418327331543,0.4206987857818604,,37141
7820,256245760,0.5686718885843468,3.0791790008544924,0.4072243690490723,,37146
7830,256573440,0.5676973720952269,3.061620330810547,0.4250491619110107,,37189
7840,256901120,0.5667227724734006,3.0711910247802736,0.41780891418457033,,37165
7850,257228800,0.5657480942970116,3.0963321685791017,0.40587706565856935,,37140
7860,257556480,0.5647733421445715,3.0710798263549806,0.40540332794189454,,37126
7870,257884160,0.5637985205949405,3.0917837142944338,0.39972548484802245,,37151
7880,258211840,0.5628236342273044,3.0834371566772463,0.40280733108520506,,37234
7890,258539520,0.5618486876211529,3.0767538070678713,0.40096225738525393,,37295
7900,258867200,0.5608736853562596,3.074972915649414,0.40533924102783203,,37105
7910,259194880,0.5598986320126588,3.062508773803711,0.4002980709075928,,37158
7920,259522560,0.5589235321706254,2.9716644287109375,0.3994466543197632,,37109
7930,259850240,0.557948390410652,3.069120979309082,0.41200742721557615,,37173
7940,260177920,0.5569732113134289,3.0624074935913086,0.4205167770385742,,37129
7950,260505600,0.5559979994598211,3.03796272277832,0.4136222839355469,,37098
7960,260833280,0.5550227594308477,3.1224822998046875,0.41136960983276366,,37050
7970,261160960,0.5540474958076603,2.999555969238281,0.39735980033874513,,37149
7980,261488640,0.5530722131715214,3.0525941848754883,0.4031686782836914,,37122
7990,261816320,0.5520969161037825,3.0442989349365233,0.4047530174255371,,37091
8000,262144000,0.551121609185863,3.0857221603393556,0.4014142990112305,,37075
8010,262471680,0.5501462969992287,2.9914424896240233,0.4006533145904541,,37115
8020,262799360,0.5491709841253699,3.0037229537963865,0.4019418239593506,,37133
8030,263127040,0.5481956751457805,3.0462787628173826,0.39778866767883303,,37132
8040,263454720,0.5472203746419358,3.046769142150879,0.4085446834564209,,37149
8050,263782400,0.5462450871952715,2.9992984771728515,0.40465869903564455,,37226
8060,264110080,0.5452698173871616,3.000828170776367,0.40966095924377444,,37223
8070,264437760,0.5442945697988978,3.059921455383301,0.4023600578308105,,37252
8080,264765440,0.5433193490116667,3.0634605407714846,0.40504770278930663,,37860
8090,265093120,0.5423441596065299,3.0380102157592774,0.414019250869751,,81511
8100,265420800,0.5413690061644008,3.0468679428100587,0.409883451461792,,80984
8110,265748480,0.5403938932660243,3.03641357421875,0.41406097412109377,,81067
8120,266076160,0.5394188254919544,3.0751373291015627,0.40554261207580566,,80975
8130,266403840,0.538443807422534,3.0265104293823244,0.40156283378601076,,80965
8140,266731520,0.5374688436378715,3.0341537475585936,0.40396928787231445,,77548
8150,267059200,0.5364939387178209,3.072506332397461,0.4024631977081299,,78387
8160,267386880,0.5355190972419597,2.9680686950683595,0.40364227294921873,,79042
8170,267714560,0.5345443237895667,3.0841415405273436,0.41248860359191897,,75322
8180,268042240,0.5335696229396024,3.047365188598633,0.4115254878997803,,77025
8190,268369920,0.532594999270685,3.0598661422729494,0.404939603805542,,78954
8200,268697600,0.5316204573610711,3.1043270111083983,0.4205671787261963,,81137
8210,269025280,0.5306460017886323,3.0478097915649416,0.40953655242919923,,81093
8220,269352960,0.5296716371308356,3.0677770614624023,0.4106456279754639,,81120
8230,269680640,0.5286973679647203,3.0141059875488283,0.40715641975402833,,81117
8240,270008320,0.5277231988668772,3.0373207092285157,0.4028319358825684,,82457
8250,270336000,0.5267491344134275,3.017289733886719,0.40867462158203127,,82394
8260,270663680,0.5257751791799999,3.075328254699707,0.41376280784606934,,82427
8270,270991360,0.5248013377417113,3.0301691055297852,0.4079698085784912,,80712
8280,271319040,0.523827614673143,2.9758981704711913,0.40389533042907716,,82398
8290,271646720,0.5228540145483207,3.0044025421142577,0.409698486328125,,82415
8300,271974400,0.5218805419406926,3.079157829284668,0.4121240139007568,,78661
8310,272302080,0.5209072014231075,2.998197555541992,0.41162748336791993,,81493
8320,272629760,0.5199339975677946,3.071999931335449,0.4133582592010498,,82300
8330,272957440,0.51896093494634,3.0679079055786134,0.41135706901550295,,82105
8340,273285120,0.5179880181296672,3.086836242675781,0.4154862880706787,,78164
8350,273612800,0.5170152516880143,2.9546092987060546,0.4082173347473145,,80498
8360,273940480,0.5160426401909136,3.0355371475219726,0.41262249946594237,,77151
8370,274268160,0.5150701882071689,3.062247085571289,0.4046882152557373,,78843
8380,274595840,0.514097900304835,3.048762893676758,0.40908055305480956,,72665
8390,274923520,0.5131257810511961,3.0706743240356444,0.4287604808807373,,70621
8400,275251200,0.5121538350127436,3.0317941665649415,0.4057324886322021,,72454
8410,275578880,0.511182066755156,2.9524986267089846,0.4125983715057373,,71182
8420,275906560,0.510210480843276,3.0375560760498046,0.4051235198974609,,79813
8430,276234240,0.5092390818410902,3.014356803894043,0.40941829681396485,,80728
8440,276561920,0.508267874311707,3.0068124771118163,0.40796985626220705,,81980
8450,276889600,0.5072968628173354,3.0691932678222655,0.41183128356933596,,81598
8460,277217280,0.5063260519192636,3.0229143142700194,0.41838274002075193,,72295
8470,277544960,0.5053554461778373,3.0390790939331054,0.4084027290344238,,70950
8480,277872640,0.5043850501524388,2.9913093566894533,0.4070913791656494,,75304
8490,278200320,0.5034148684014648,3.047176551818848,0.4260861396789551,,75199
8500,278528000,0.502444905482306,3.021638107299805,0.41297187805175783,,70625
8510,278855680,0.5014751659513248,3.006058120727539,0.4109631061553955,,71875
8520,279183360,0.5005056543638344,2.998916816711426,0.42594399452209475,,72602
8530,279511040,0.499536375274077,3.032472038269043,0.422067928314209,,79993
8540,279838720,0.4985673332352031,2.982065963745117,0.4150998592376709,,73210
8550,280166400,0.49759853279924915,3.021015167236328,0.41364355087280275,,77941
8560,280494080,0.4966299785171171,3.017933464050293,0.4108009338378906,,82429
8570,280821760,0.4956616749385523,2.992609214782715,0.41230010986328125,,82429
8580,281149440,0.49469362661212246,3.0746084213256837,0.41480278968811035,,79098
8590,281477120,0.49372583808519666,3.0753900527954103,0.4145902156829834,,78186
8600,281804800,0.4927583139039229,3.023147392272949,0.41374645233154295,,76768
8610,282132480,0.49179105861320815,2.989122200012207,0.4054118633270264,,77018
8620,282460160,0.4908240767566955,3.0431711196899416,0.4326651573181152,,77260
8630,282787840,0.48985737287674447,3.013309669494629,0.41372227668762207,,78516
8640,283115520,0.4888909515144081,3.0337291717529298,0.4142563819885254,,82441
8650,283443200,0.4879248172094126,2.997817039489746,0.42027783393859863,,82473
8660,283770880,0.4869589745001358,3.054082679748535,0.43212342262268066,,77475
8670,284098560,0.48599342792358535,3.0240631103515625,0.41590609550476076,,81148
8680,284426240,0.48502818201537845,3.008726119995117,0.4212376117706299,,82474
8690,284753920,0.48406324130971956,3.0068822860717774,0.42336606979370117,,82458
8700,285081600,0.4830986103393794,3.00469856262207,0.4239503860473633,,82449
8710,285409280,0.4821342936356737,3.0556657791137694,0.42450699806213377,,82389
8720,285736960,0.4811702957284427,3.050704765319824,0.4202624797821045,,82417
8730,286064640,0.48020662114602786,2.9945585250854494,0.4136064052581787,,82432
8740,286392320,0.4792432744152527,3.0354679107666014,0.4208383083343506,,82423
8750,286720000,0.47828026006140056,3.0367416381835937,0.41193561553955077,,82436
8760,287047680,0.477317582608193,2.950007438659668,0.40740718841552737,,76443
8770,287375360,0.4763552465777695,3.0225906372070312,0.41252808570861815,,82433
8780,287703040,0.47539325649066544,2.9661281585693358,0.41144423484802245,,77826
8790,288030720,0.4744316168657915,3.007052421569824,0.4222959041595459,,74862
8800,288358400,0.47347033222041146,3.000244140625,0.41309094429016113,,75177
8810,288686080,0.47250940707012234,2.9923213958740233,0.4107377529144287,,78371
8820,289013760,0.47154884592883173,2.966178321838379,0.4169615745544434,,78334
8830,289341440,0.4705886533087379,3.040013313293457,0.41748600006103515,,74364
8840,289669120,0.4696288337203076,2.9730245590209963,0.41311211585998536,,74072
8850,289996800,0.4686693916722554,2.986970329284668,0.410157585144043,,82544
8860,290324480,0.46771033167152265,2.980327606201172,0.41604199409484866,,82551
8870,290652160,0.4667516582232554,3.042366790771484,0.41115312576293944,,82538
8880,290979840,0.46579337583078473,2.9869070053100586,0.40864763259887693,,82541
8890,291307520,0.4648354889956039,3.021877098083496,0.4173638343811035,,82527
8900,291635200,0.4638780022173489,2.972443771362305,0.41017875671386717,,82444
8910,291962880,0.4629209199937757,2.9984664916992188,0.41915407180786135,,76154
8920,292290560,0.46196424682074044,2.9961151123046874,0.41352338790893556,,78691
8930,292618240,0.4610079871921775,2.944268798828125,0.413788890838623,,82451
8940,292945920,0.4600521456000787,2.994930076599121,0.4243952751159668,,79747
8950,293273600,0.4590967265344721,3.021721839904785,0.42265911102294923,,75081
8960,293601280,0.4581417344834009,2.95194091796875,0.41473779678344724,,81579
8970,293928960,0.45718717393290287,2.981011962890625,0.41920762062072753,,79636
8980,294256640,0.45623304936698816,2.983748435974121,0.41826395988464354,,82094
8990,294584320,0.4552793652676195,2.979235076904297,0.4213997840881348,,74799
9000,294912000,0.4543261261146899,2.990413856506348,0.41439046859741213,,74150
9010,295239680,0.45337333638600297,3.05279598236084,0.4257477283477783,,75280
9020,295567360,0.45242100055725065,3.0399394989013673,0.4279684066772461,,80228
9030,295895040,0.45146912310199294,3.0350004196166993,0.42249011993408203,,82427
9040,296222720,0.4505177084916365,3.005973052978516,0.4222286224365234,,78789
9050,296550400,0.44956676119541383,3.0645097732543944,0.41862850189208983,,77680
9060,296878080,0.4486162856803626,3.016463851928711,0.4126442909240723,,78434
9070,297205760,0.44766628641130346,2.9691959381103517,0.41565141677856443,,77180
9080,297533440,0.4467167678508208,2.942079544067383,0.40768117904663087,,82430
9090,297861120,0.44576773445924056,2.985646629333496,0.41170196533203124,,82437
9100,298188800,0.4448191906946096,3.042005920410156,0.43007545471191405,,82443
9110,298516480,0.44387114101267466,2.9656373977661135,0.41489639282226565,,78214
9120,298844160,0.44292358986686153,2.9578006744384764,0.41482319831848147,,77395
9130,299171840,0.4419765417082546,2.9661272048950194,0.4211733341217041,,78032
9140,299499520,0.4410300009855749,2.96496524810791,0.41665186882019045,,78718
9150,299827200,0.4400839721451604,2.9586057662963867,0.41589946746826173,,77739
9160,300154880,0.43913845963094367,3.005071258544922,0.4208807945251465,,82521
9170,300482560,0.4381934678844329,2.980112838745117,0.4278414726257324,,82506
9180,300810240,0.43724900134468936,3.001376914978027,0.42089009284973145,,82510
9190,301137920,0.4363050644483073,2.983729362487793,0.411712646484375,,82510
9200,301465600,0.4353616616293928,3.0574853897094725,0.42187819480895994,,82416
9210,301793280,0.4344187973195436,3.0439737319946287,0.4184421539306641,,82410
9220,302120960,0.43347647594782734,2.946937370300293,0.4249446392059326,,82108
9230,302448640,0.4325347019407614,3.037190246582031,0.419617223739624,,82393
9240,302776320,0.43159347972229234,2.992613410949707,0.4202624797821045,,82381
9250,303104000,0.43065281371377384,2.9996545791625975,0.4164599895477295,,82400
9260,303431680,0.4297127083339477,2.983994483947754,0.42486958503723143,,82393
9270,303759360,0.4287731679989216,3.0053834915161133,0.4205775737762451,,82432
9280,304087040,0.4278341971221492,2.9517484664916993,0.41191492080688474,,77622
9290,304414720,0.4268958001144092,3.0085987091064452,0.4200785160064697,,77552
9300,304742400,0.42595798138378416,3.0075088500976563,0.41737875938415525,,79240
9310,305070080,0.4250207453356408,3.009326362609863,0.42205090522766114,,82408
9320,305397760,0.42408409637260824,3.0318218231201173,0.42261929512023927,,82411
9330,305725440,0.4231480388945583,2.9942033767700194,0.4149038791656494,,82404
9340,306053120,0.4222125772985835,3.007859992980957,0.4223650932312012,,82399
9350,306380800,0.42127771597897823,2.945292091369629,0.4266561985015869,,82443
9360,306708480,0.4203434593272163,3.0197528839111327,0.4222440719604492,,82414
9370,307036160,0.4194098117319315,2.9833606719970702,0.4177253723144531,,80353
9380,307363840,0.41847677757889645,2.986321449279785,0.4210840702056885,,78181
9390,307691520,0.41754436125100236,3.02136287689209,0.4249408721923828,,74352
9400,308019200,0.416612567128238,2.96817626953125,0.4162011623382568,,78034
9410,308346880,0.41568139958766936,2.9169380187988283,0.4208813667297363,,77172
9420,308674560,0.41475086300341946,2.9582876205444335,0.41625299453735354,,75841
9430,309002240,0.41382096174664673,2.94576416015625,0.41938071250915526,,79081
9440,309329920,0.412891700185526,3.0243762969970702,0.42810258865356443,,77270
9450,309657600,0.4119630826852264,2.954213523864746,0.421006441116333,,75166
9460,309985280,0.41103511360789224,2.998749923706055,0.42575674057006835,,82508
9470,310312960,0.4101077973126215,2.995198440551758,0.42334299087524413,,82398
9480,310640640,0.40918113815544555,2.9137636184692384,0.4154554843902588,,82151
9490,310968320,0.40825514048930955,2.9458200454711916,0.410764741897583,,82439
9500,311296000,0.4073298086640508,2.9777345657348633,0.42412142753601073,,82393
9510,311623680,0.4064051470263791,2.953296661376953,0.42132115364074707,,82409
9520,311951360,0.40548115991985556,3.0377119064331053,0.43150634765625,,82402
9530,312279040,0.4045578516848737,2.9396005630493165,0.4349369049072266,,82412
9540,312606720,0.40363522665863694,2.9833295822143553,0.42715964317321775,,82402
9550,312934400,0.4027132891751404,2.996796417236328,0.42516589164733887,,82335
9560,313262080,0.40179204356514864,2.961062431335449,0.4193099021911621,,82388
9570,313589760,0.4008714941561764,2.9341516494750977,0.4190640449523926,,82396
9580,313917440,0.3999516452724685,2.941803550720215,0.4164595127105713,,75809
9590,314245120,0.39903250123497847,2.9382104873657227,0.42057085037231445,,74238
9600,314572800,0.3981140663613494,2.995619010925293,0.4281118869781494,,74776
9610,314900480,0.3971963449658923,3.0152944564819335,0.42523741722106934,,74059
9620,315228160,0.39627934135956777,2.9520593643188477,0.4119879722595215,,74539
9630,315555840,0.3953630598499638,2.9990657806396483,0.4249225616455078,,75243
9640,315883520,0.3944475047412763,2.999711608886719,0.42284307479858396,,79211
9650,316211200,0.3935326803342897,3.0091262817382813,0.42423295974731445,,76177
9660,316538880,0.3926185909263551,3.042594337463379,0.41741118431091306,,77735
9670,316866560,0.3917052408113716,2.976889991760254,0.42702202796936034,,75038
9680,317194240,0.39079263427976507,2.973119354248047,0.4764262676239014,,78112
9690,317521920,0.389880775618469,2.978936195373535,0.43654632568359375,,78051
9700,317849600,0.388969669110903,2.974224662780762,0.42328944206237795,,79896
9710,318177280,0.38805931903695423,2.9890491485595705,0.43180313110351565,,74244
9720,318504960,0.38714972967295613,2.94100284576416,0.4171046257019043,,76020
9730,318832640,0.38624090529166855,2.9329286575317384,0.4208289623260498,,77301
9740,319160320,0.3853328501622585,2.9377580642700196,0.4245718002319336,,77635
9750,319488000,0.38442556855027865,3.0158836364746096,0.42807812690734864,,77979
9760,319815680,0.38351906471764896,2.972395324707031,0.4291889190673828,,78197
9770,320143360,0.3826133429226348,2.990213966369629,0.42961573600769043,,82544
9780,320471040,0.38170840741982925,2.9852931976318358,0.4187995433807373,,82422
9790,320798720,0.38080426246013044,2.9481449127197266,0.42314538955688474,,82368
9800,321126400,0.379900912290724,2.897200012207031,0.4159956455230713,,82482
9810,321454080,0.3789983611550616,2.971617317199707,0.42355952262878416,,77238
9820,321781760,0.3780966132928413,2.9847238540649412,0.42310571670532227,,78108
9830,322109440,0.37719567293998824,2.9793380737304687,0.42050728797912595,,77163
9840,322437120,0.3762955443286341,2.9460542678833006,0.4291327953338623,,78458
9850,322764800,0.37539623168709757,3.0319091796875,0.4295754909515381,,82426
9860,323092480,0.37449773923986396,2.9075105667114256,0.42192907333374025,,75425
9870,323420160,0.37360007120756655,2.9896236419677735,0.4245251178741455,,74475
9880,323747840,0.37270323180696474,2.963430404663086,0.42510714530944826,,74286
9890,324075520,0.3718072252509268,2.9216957092285156,0.4219705104827881,,81999
9900,324403200,0.370912055748408,2.980687713623047,0.4221658706665039,,75698
9910,324730880,0.3700177275044315,2.973159599304199,0.42773728370666503,,77133
9920,325058560,0.369124244720069,2.9233680725097657,0.4218315601348877,,75854
9930,325386240,0.36823161159242057,2.935293769836426,0.41866283416748046,,77314
9940,325713920,0.3673398323145951,2.9613948822021485,0.4158200740814209,,82261
9950,326041600,0.36644891107569044,2.980743980407715,0.4220890998840332,,82462
9960,326369280,0.3655588520607741,2.9622426986694337,0.4319103717803955,,82457
9970,326696960,0.3646696594508628,3.0075605392456053,0.42746124267578123,,82377
9980,327024640,0.3637813374229041,2.9520530700683594,0.4220894813537598,,78651
9990,327352320,0.36289389014975526,2.9154666900634765,0.42328925132751466,,78453
10000,327680000,0.3620073218001649,2.949248123168945,0.4162289142608643,,77677
10010,328007680,0.3611216365387533,2.9982934951782227,0.4265268802642822,,77304
10020,328335360,0.360236838525991,2.954753875732422,0.437703275680542,,76966
10030,328663040,0.3593529319181825,2.9877914428710937,0.4270190238952637,,74574
10040,328990720,0.35846992086744367,2.9379371643066405,0.42095484733581545,,76815
10050,329318400,0.35758780952168456,2.9730125427246095,0.4413748741149902,,77215
10060,329646080,0.3567066020245879,2.918170928955078,0.42139434814453125,,78506
10070,329973760,0.35582630251559155,2.9459251403808593,0.4244972229003906,,80562
10080,330301440,0.3549469151298672,2.8915891647338867,0.41438961029052734,,77403
10090,330629120,0.3540684439983024,2.9319175720214843,0.4249453544616699,,77581
10100,330956800,0.3531908932474809,2.974000930786133,0.4252422332763672,,77451
10110,331284480,0.3523142669996624,2.9693767547607424,0.4260239601135254,,77681
10120,331612160,0.3514385693727643,2.9669708251953124,0.4242865562438965,,76585
10130,331939840,0.3505638044803414,2.9544532775878904,0.425034236907959,,77193
10140,332267520,0.3496899764315674,2.9873071670532227,0.43403992652893064,,77887
10150,332595200,0.3488170893312148,2.905436897277832,0.4300879955291748,,77301
10160,332922880,0.34794514727963644,2.893720817565918,0.4242398738861084,,78299
10170,333250560,0.3470741543727457,2.940127372741699,0.4328882694244385,,77249
10180,333578240,0.346204114701997,2.899347114562988,0.42026686668395996,,77439
10190,333905920,0.345335032354368,2.9731115341186523,0.4239218711853027,,78275
10200,334233600,0.34446691141233793,2.9188409805297852,0.4254149436950684,,76843
10210,334561280,0.34359975595387116,2.8713010787963866,0.424164342880249,,77725
10220,334888960,0.3427335700523958,2.972940444946289,0.4292476177215576,,77347
10230,335216640,0.3418683577767862,2.9921951293945312,0.43011083602905276,,81863
10240,335544320,0.34100412319134277,2.957538032531738,0.43357486724853517,,82450
10250,335872000,0.34014087035577323,2.9765567779541016,0.4492155075073242,,82447
10260,336199680,0.33927860332517384,2.999781036376953,0.43705215454101565,,82440
10270,336527360,0.3384173261500096,2.882848358154297,0.42734293937683104,,82444
10280,336855040,0.33755704287609634,2.9496223449707033,0.43014893531799314,,82447
10290,337182720,0.3366977575445804,2.939924621582031,0.4258578777313232,,82446
10300,337510400,0.3358394741919212,2.924178123474121,0.43094120025634763,,82448
10310,337838080,0.33498219684987046,3.0220739364624025,0.43232159614562987,,82479
10320,338165760,0.3341259295454547,2.992432403564453,0.4236481189727783,,82451
10330,338493440,0.33327067630095575,3.001993179321289,0.4289558410644531,,82441
10340,338821120,0.3324164411338921,2.9419837951660157,0.43396496772766113,,82439
10350,339148800,0.33156322805699956,2.9254528045654298,0.4296261787414551,,82439
10360,339476480,0.3307110410782127,2.9277978897094727,0.4197333812713623,,75398
10370,339804160,0.32985988420064666,2.9819578170776366,0.4257308006286621,,74712
10380,340131840,0.3290097614225766,2.9020151138305663,0.4266672611236572,,82525
10390,340459520,0.3281606767374211,2.9451860427856444,0.42809391021728516,,82521
10400,340787200,0.3273126341337218,2.9693838119506837,0.42577409744262695,,82514
10410,341114880,0.3264656375951254,2.8838264465332033,0.4263193130493164,,82411
10420,341442560,0.3256196911003647,2.884522819519043,0.4274433135986328,,82411
10430,341770240,0.3247747986232399,2.9250732421875,0.4321625232696533,,82446
10440,342097920,0.3239309641325999,2.9632692337036133,0.4310779571533203,,82408
10450,342425600,0.3230881915923239,2.9428762435913085,0.43481030464172366,,82411
10460,342753280,0.32224648496130276,2.973646545410156,0.4410697460174561,,82413
10470,343080960,0.32140584819341994,2.9448707580566404,0.4385846138000488,,78853
10480,343408640,0.3205662852375337,2.9372459411621095,0.4322031497955322,,77458
10490,343736320,0.3197278000374577,2.909941482543945,0.42623195648193357,,77848
10500,344064000,0.31889039653194307,2.88747615814209,0.4335312843322754,,77727
10510,344391680,0.31805407865465946,2.901111602783203,0.4325261116027832,,77681
10520,344719360,0.31721885033417746,2.927935791015625,0.4260751724243164,,77220
10530,345047040,0.3163847154939489,2.927095413208008,0.4357611179351807,,78255
10540,345374720,0.3155516780522891,2.966518020629883,0.4299168586730957,,77558
10550,345702400,0.31471974192235896,2.888475036621094,0.42476234436035154,,78703
10560,346030080,0.313888911012145,2.9868408203125,0.4329825401306152,,77924
10570,346357760,0.3130591892244431,2.938907241821289,0.42979068756103517,,81282
10580,346685440,0.31223058045683816,2.9495864868164063,0.4331077575683594,,77024
10590,347013120,0.3114030886016875,2.9360326766967773,0.43167724609375,,76229
10600,347340800,0.31057671754610106,2.9101181030273438,0.4346323490142822,,82530
10610,347668480,0.30975147117192475,2.8605653762817385,0.42789082527160643,,82523
10620,347996160,0.3089273533557203,2.9924745559692383,0.4324209690093994,,82512
10630,348323840,0.3081043679687486,2.941145324707031,0.42537803649902345,,82483
10640,348651520,0.30728251887695135,2.9665830612182615,0.43865513801574707,,82490
10650,348979200,0.30646180994093186,2.9125381469726563,0.4274790287017822,,76093
10660,349306880,0.3056422450159381,2.8944475173950197,0.42244701385498046,,74589
10670,349634560,0.30482382795184393,2.88112735748291,0.42374844551086427,,73933
10680,349962240,0.3040065625931312,2.9578399658203125,0.4339613437652588,,79008
10690,350289920,0.30319045277887136,2.8899765014648438,0.44011564254760743,,75403
10700,350617600,0.3023755023427084,2.906207466125488,0.4290668487548828,,75828
10710,350945280,0.3015617151128396,2.9669261932373048,0.44588241577148435,,75242
10720,351272960,0.3007490949119982,2.923106575012207,0.4330338954925537,,75156
10730,351600640,0.2999376455574358,2.9620105743408205,0.4303133487701416,,74276
10740,351928320,0.29912737086090346,2.984451103210449,0.432645320892334,,75326
10750,352256000,0.2983182746286347,2.9356184005737305,0.4297496318817139,,80776
10760,352583680,0.29751036066132674,2.913257598876953,0.4371789932250977,,82411
10770,352911360,0.29670363275412404,2.951297378540039,0.4309197425842285,,75231
10780,353239040,0.2958980946965986,2.8825164794921876,0.42603001594543455,,82478
10790,353566720,0.2950937502727342,2.8783237457275392,0.4245405673980713,,82373
10800,353894400,0.2942906032609065,2.9428892135620117,0.43050460815429686,,82392
10810,354222080,0.29348865743386676,2.892445182800293,0.42891974449157716,,75949
10820,354549760,0.2926879165587243,2.874930572509766,0.423715877532959,,74454
10830,354877440,0.2918883843969272,2.9043066024780275,0.42841687202453616,,74661
10840,355205120,0.2910900647042468,2.9337366104125975,0.4316527843475342,,77362
10850,355532800,0.29029296123075793,2.9482776641845705,0.4337881565093994,,82417
10860,355860480,0.2894970777208227,2.895126724243164,0.42740211486816404,,75467
10870,356188160,0.2887024179130724,2.8969257354736326,0.4278265476226807,,76503
10880,356515840,0.28790898554039035,2.9571895599365234,0.43050947189331057,,76702
10890,356843520,0.2871167843298935,2.925250434875488,0.4254960536956787,,76342
10900,357171200,0.28632581800291573,2.9457637786865236,0.4317952632904053,,78412
10910,357498880,0.2855360902749904,2.902962493896484,0.42991271018981936,,80416
10920,357826560,0.2847476048558321,2.903412437438965,0.42701416015625,,82402
10930,358154240,0.2839603654493199,2.9054492950439452,0.4306332111358643,,79868
10940,358481920,0.2831743757534798,2.942736053466797,0.4312446117401123,,76294
10950,358809600,0.2823896394604675,2.8876583099365236,0.43152384757995604,,79545
10960,359137280,0.2816061602565507,2.953586769104004,0.43816423416137695,,78118
10970,359464960,0.2808239418220919,2.9368871688842773,0.4330136299133301,,77395
10980,359792640,0.2800429878315313,2.942713737487793,0.43695244789123533,,77019
10990,360120320,0.27926330195336935,2.947004699707031,0.4453444957733154,,82544
11000,360448000,0.2784848878501499,2.937774085998535,0.43840618133544923,,82424
11010,360775680,0.2777077491784421,2.9518997192382814,0.433786678314209,,76624
11020,361103360,0.27693188958882464,2.906155014038086,0.4348599910736084,,81366
11030,361431040,0.27615731272586685,2.8748212814331056,0.4267121315002441,,75428
11040,361758720,0.2753840222281132,2.9254053115844725,0.4327115535736084,,74729
11050,362086400,0.27461202172806515,2.9494396209716798,0.4353893280029297,,82201
11060,362414080,0.27384131485216434,2.8518051147460937,0.43172078132629393,,75245
11070,362741760,0.27307190522077623,2.9130071640014648,0.43192038536071775,,74729
11080,363069440,0.2723037964481719,2.8936281204223633,0.42723617553710935,,74858
11090,363397120,0.27153699214251215,2.9502281188964843,0.4335622310638428,,74315
11100,363724800,0.27077149590582994,2.9089298248291016,0.42603759765625,,76545
11110,364052480,0.27000731133401334,2.9153738021850586,0.4239329814910889,,77347
11120,364380160,0.2692444420167893,2.9505008697509765,0.43412957191467283,,77938
11130,364707840,0.26848289153770644,2.9282928466796876,0.43649983406066895,,77327
11140,365035520,0.267722663474118,2.909808349609375,0.4361581802368164,,77398
11150,365363200,0.2669637613971651,2.9166160583496095,0.4337958335876465,,76310
11160,365690880,0.2662061888717604,2.9257186889648437,0.43700404167175294,,81674
11170,366018560,0.26544994945657074,2.95239143371582,0.43806114196777346,,82443
11180,366346240,0.2646950467040012,2.934497833251953,0.4442011833190918,,82432
11190,366673920,0.26394148416017726,2.895924949645996,0.432965087890625,,78169
11200,367001600,0.2631892653649296,2.924014854431152,0.4330910205841064,,75997
11210,367329280,0.26243839385177614,2.9098093032836916,0.4315781593322754,,78079
11220,367656960,0.261688873147906,2.866900634765625,0.4384933948516846,,77942
11230,367984640,0.2609407067741632,2.886419677734375,0.44028573036193847,,76711
11240,368312320,0.2601938982450296,2.8782663345336914,0.4385319709777832,,77237
11250,368640000,0.2594484510686089,2.882155990600586,0.4297804355621338,,77510
11260,368967680,0.2587043687466096,2.8870237350463865,0.4293367385864258,,77524
11270,369295360,0.2579616547743293,2.9247900009155274,0.43459715843200686,,79834
11280,369623040,0.2572203126406374,2.886846351623535,0.4352463722229004,,82140
11290,369950720,0.25648034582795914,2.921946716308594,0.43701624870300293,,82498
11300,370278400,0.2557417578122594,2.897238349914551,0.4331820487976074,,82349
11310,370606080,0.2550045520630264,2.9187076568603514,0.4260690212249756,,82347
11320,370933760,0.25426873204325495,2.8603506088256836,0.4345301628112793,,78990
11330,371261440,0.2535343012094305,2.859258460998535,0.43099308013916016,,76757
11340,371589120,0.25280126301151284,2.9136545181274416,0.43619203567504883,,75257
11350,371916800,0.25206962089291973,2.9272686004638673,0.46048903465270996,,78768
11360,372244480,0.2513393782905116,2.8784936904907226,0.44225521087646485,,79485
11370,372572160,0.25061053863457383,2.9079627990722656,0.4338031768798828,,74922
11380,372899840,0.24988310534880215,2.922736167907715,0.4378794193267822,,82463
11390,373227520,0.24915708185028554,2.8783084869384767,0.4395758628845215,,78144
11400,373555200,0.2484324715494908,2.8844528198242188,0.43376870155334474,,76971
11410,373882880,0.24770927785024613,2.8334783554077148,0.42927565574646,,77785
11420,374210560,0.24698750414972515,2.8418312072753906,0.4271984100341797,,77217
11430,374538240,0.2462671538384317,2.9091411590576173,0.4375492572784424,,79734
11440,374865920,0.24554823030018252,2.8689308166503906,0.4377377986907959,,77835
11450,375193600,0.24483073691209287,2.893438148498535,0.4569901466369629,,78297
11460,375521280,0.24411467704455944,2.9011327743530275,0.43408875465393065,,75161
11470,375848960,0.24340005406124518,2.8707225799560545,0.4320247173309326,,74522
11480,376176640,0.24268687131906316,2.908493232727051,0.4317129135131836,,75173
11490,376504320,0.24197513216816144,2.9395904541015625,0.44305882453918455,,74527
11500,376832000,0.24126483995190637,2.8678937911987306,0.43032360076904297,,74680
11510,377159680,0.24055599800686764,2.9179656982421873,0.4314448356628418,,74213
11520,377487360,0.23984860966280222,2.846788787841797,0.4355860710144043,,82144
11530,377815040,0.2391426782426388,2.8493072509765627,0.43265366554260254,,78208
11540,378142720,0.2384382070624626,2.9185041427612304,0.43997941017150877,,76558
11550,378470400,0.23773519943149887,2.9142070770263673,0.435240364074707,,74021
11560,378798080,0.23703365865209847,2.902095603942871,0.43375630378723146,,73707
11570,379125760,0.23633358801972137,2.8600658416748046,0.4315237522125244,,74077
11580,379453440,0.2356349908229217,2.8599185943603516,0.4402779579162598,,75178
11590,379781120,0.23493787034333216,2.9624492645263674,0.4478114604949951,,75084
11600,380108800,0.23424222985564858,2.8522502899169924,0.4292043685913086,,75797
11610,380436480,0.23354807262761487,2.9037250518798827,0.4333221912384033,,75130
11620,380764160,0.232855401920007,2.865321922302246,0.4298899173736572,,74789
11630,381091840,0.2321642209866184,2.89294319152832,0.44207987785339353,,73957
11640,381419520,0.23147453307424415,2.878012847900391,0.43413701057434084,,74767
11650,381747200,0.230786341422666,2.8869800567626953,0.4383099555969238,,74908
11660,382074880,0.2300996492646368,2.88461971282959,0.4457213878631592,,74612
11670,382402560,0.2294144598258662,2.913084602355957,0.43919005393981936,,80834
11680,382730240,0.2287307763250043,2.9568082809448244,0.44446215629577634,,82450
11690,383057920,0.2280486019736274,2.898464584350586,0.43529644012451174,,82463
11700,383385600,0.22736793997622248,2.889382553100586,0.4327650547027588,,78683
11710,383713280,0.2266887935301724,2.826799774169922,0.437915563583374,,79048
11720,384040960,0.22601116582574088,2.878916931152344,0.4333804130554199,,82403
11730,384368640,0.22533506004605705,2.8141231536865234,0.4365996360778809,,78280
11740,384696320,0.2246604793671014,2.886978340148926,0.43653054237365724,,78160
11750,385024000,0.22398742695768986,2.8559309005737306,0.4363392353057861,,82516
11760,385351680,0.22331590597945955,2.8706619262695314,0.4367623805999756,,82418
11770,385679360,0.22264591958685376,2.955731010437012,0.4425771236419678,,81899
11780,386007040,0.22197747092710685,2.846932601928711,0.4561931610107422,,76917
11790,386334720,0.22131056314023037,2.8852779388427736,0.4351624011993408,,77557
11800,386662400,0.22064519935899696,2.8957826614379885,0.43854336738586425,,79596
11810,386990080,0.21998138270892706,2.880233383178711,0.4398333072662354,,82412
11820,387317760,0.21931911630827294,2.8899696350097654,0.44223928451538086,,82522
11830,387645440,0.21865840326800487,2.8573307037353515,0.43427486419677735,,82435
11840,387973120,0.2179992466917961,2.874960517883301,0.4380300521850586,,81455
11850,388300800,0.21734164967600889,2.87268180847168,0.43430361747741697,,82435
11860,388628480,0.2166856153096791,2.9045299530029296,0.4466975688934326,,82385
11870,388956160,0.21603114667450216,2.8873401641845704,0.43897199630737305,,82431
11880,389283840,0.21537824684481896,2.903669738769531,0.438477611541748,,82417
11890,389611520,0.21472691888760015,2.912546157836914,0.4358345031738281,,82405
11900,389939200,0.21407716586243347,2.8352901458740236,0.4333025455474854,,82467
11910,390266880,0.21342899082150785,2.884954643249512,0.43697919845581057,,82408
11920,390594560,0.2127823968096001,2.856763458251953,0.43775405883789065,,82399
11930,390922240,0.21213738686406003,2.8529434204101562,0.4395443439483643,,82393
11940,391249920,0.2114939640147963,2.879513168334961,0.4343407154083252,,82421
11950,391577600,0.21085213128426236,2.8890357971191407,0.43993611335754396,,82491
11960,391905280,0.21021189168744198,2.827237129211426,0.4351417064666748,,80031
11970,392232960,0.2095732482318356,2.857134246826172,0.43703408241271974,,75918
11980,392560640,0.20893620391744544,2.8365325927734375,0.4480433464050293,,76801
11990,392888320,0.2083007617367621,2.9070634841918945,0.44356985092163087,,74705
12000,393216000,0.20766692467475006,2.93090705871582,0.45040159225463866,,76877
12010,393543680,0.207034695708834,2.834059143066406,0.4354700565338135,,77353
12020,393871360,0.20640407780888423,2.8944202423095704,0.44031581878662107,,77520
12030,394199040,0.20577507393720368,2.8795263290405275,0.43838958740234374,,77539
12040,394526720,0.20514768704851313,2.8808830261230467,0.43750972747802735,,77390
12050,394854400,0.20452192008993753,2.8681331634521485,0.45119457244873046,,77787
12060,395182080,0.20389777600099285,2.8942678451538084,0.442026424407959,,81855
12070,395509760,0.2032752577135708,2.875369644165039,0.4443303108215332,,78333
12080,395837440,0.20265436815192675,2.903496742248535,0.44202466011047364,,77556
12090,396165120,0.20203511023266468,2.824168014526367,0.4388843059539795,,79117
12100,396492800,0.20141748686472444,2.865529251098633,0.44000797271728515,,82394
12110,396820480,0.20080150094936725,2.8468074798583984,0.43433423042297364,,82394
12120,397148160,0.20018715538016268,2.8195152282714844,0.43833270072937014,,78462
12130,397475840,0.1995744530429747,2.890519905090332,0.4409276008605957,,74475
12140,397803520,0.1989633968159482,2.8286666870117188,0.42962374687194826,,79000
12150,398131200,0.19835398956949601,2.852656936645508,0.43851542472839355,,82416
12160,398458880,0.19774623416628423,2.8449728012084963,0.4440454959869385,,74955
12170,398786560,0.1971401334612201,2.8621429443359374,0.4419792652130127,,73779
12180,399114240,0.19653569030143775,2.856014060974121,0.44986233711242674,,76661
12190,399441920,0.19593290752628495,2.8906362533569334,0.4396806716918945,,74862
12200,399769600,0.1953317879673098,2.9038740158081056,0.4452671051025391,,82137
12210,400097280,0.194732334448248,2.869792938232422,0.4357153415679932,,82554
12220,400424960,0.1941345497850086,2.89260311126709,0.44437737464904786,,76907
12230,400752640,0.19353843678566138,2.896918296813965,0.43999757766723635,,82441
12240,401080320,0.1929439982504239,2.93151798248291,0.44292049407958983,,77887
12250,401408000,0.1923512369716472,2.840608024597168,0.43903613090515137,,82443
12260,401735680,0.19176015573380445,2.9039892196655273,0.4399763584136963,,82502
12270,402063360,0.191170757313476,2.8227100372314453,0.43978304862976075,,82435
12280,402391040,0.19058304447933802,2.880978012084961,0.43668327331542967,,81058
12290,402718720,0.1899970199921481,2.8789352416992187,0.44147167205810545,,77421
12300,403046400,0.1894126866047332,2.81707763671875,0.4395150661468506,,75340
12310,403374080,0.1888300470619763,2.8876520156860352,0.4473154544830322,,74041
12320,403701760,0.18824910410080348,2.8617599487304686,0.44155082702636717,,76584
12330,404029440,0.18766986045017167,2.8178009033203124,0.43621277809143066,,79021
12340,404357120,0.18709231883105468,2.9525945663452147,0.4501049518585205,,75388
12350,404684800,0.18651648195643172,2.9180492401123046,0.44758176803588867,,82472
12360,405012480,0.18594235253127372,2.8699726104736327,0.44068145751953125,,82434
12370,405340160,0.18536993325253082,2.910175895690918,0.4463233470916748,,82434
12380,405667840,0.18479922680912014,2.87707405090332,0.44292688369750977,,82451
12390,405995520,0.1842302358819124,2.829791450500488,0.4456268310546875,,82442
12400,406323200,0.18366296314372033,2.8086776733398438,0.4304750919342041,,82431
12410,406650880,0.18309741125928486,2.912053108215332,0.4469825267791748,,82434
12420,406978560,0.18253358288526406,2.892568588256836,0.44355998039245603,,76061
12430,407306240,0.18197148067021893,2.8527595520019533,0.4445521354675293,,74692
12440,407633920,0.18141110725460283,2.7948930740356444,0.4378969669342041,,82330
12450,407961600,0.1808524652707474,2.853786087036133,0.444928503036499,,82377
12460,408289280,0.18029555734285163,2.863997459411621,0.44179363250732423,,76501
12470,408616960,0.1797403860869683,2.8785774230957033,0.448873233795166,,80669
12480,408944640,0.17918695411099256,2.881329345703125,0.44188637733459474,,82537
12490,409272320,0.17863526401464913,2.8551971435546877,0.442411470413208,,82522
12500,409600000,0.17808531838948038,2.8673608779907225,0.44542436599731444,,80566
12510,409927680,0.17753711981883438,2.850551223754883,0.43858928680419923,,82538
12520,410255360,0.17699067087785206,2.895563316345215,0.44245085716247556,,76119
12530,410583040,0.17644597413345592,2.872550392150879,0.44282140731811526,,74441
12540,410910720,0.1759030321443373,2.8554590225219725,0.44031343460083006,,74082
12550,411238400,0.17536184746094474,2.8363107681274413,0.4536124229431152,,82169
12560,411566080,0.17482242262547187,2.8444103240966796,0.4411922454833984,,82464
12570,411893760,0.17428476017184552,2.9441280364990234,0.44703102111816406,,82470
12580,412221440,0.17374886262571393,2.863270378112793,0.4447782039642334,,75423
12590,412549120,0.17321473250443453,2.860512924194336,0.44861407279968263,,72667
12600,412876800,0.1726823723170628,2.828005790710449,0.43770861625671387,,74777
12610,413204480,0.1721517845643391,2.8788089752197266,0.4497340202331543,,74838
12620,413532160,0.1716229717386789,2.862886428833008,0.4565896987915039,,74312
12630,413859840,0.17109593632415931,2.8552913665771484,0.451242733001709,,74727
12640,414187520,0.17057068079650856,2.856532859802246,0.4455554962158203,,74792
12650,414515200,0.17004720762309364,2.85935115814209,0.44050230979919436,,74853
12660,414842880,0.1695255192629091,2.8438201904296876,0.44146504402160647,,81540
12670,415170560,0.16900561816656542,2.895522117614746,0.4518702030181885,,77874
12680,415498240,0.16848750677627727,2.8106428146362306,0.44363865852355955,,74276
12690,415825920,0.1679711875258528,2.8468578338623045,0.44027509689331057,,75022
12700,416153600,0.16745666284068098,2.815327453613281,0.4399267673492432,,76099
12710,416481280,0.16694393513772138,2.8269493103027346,0.4496596336364746,,77559
12720,416808960,0.16643300682549206,2.837091255187988,0.44153761863708496,,76876
12730,417136640,0.16592388030405858,2.828078269958496,0.444448184967041,,77523
12740,417464320,0.16541655796502264,2.888300323486328,0.447125768661499,,82462
12750,417792000,0.16491104219151081,2.854979133605957,0.4450342655181885,,82440
12760,418119680,0.16440733535816363,2.846058654785156,0.4433256149291992,,75617
12770,418447360,0.16390543983112393,2.7988393783569334,0.442643928527832,,75186
12780,418775040,0.1634053579680263,2.848838043212891,0.4433289527893066,,77112
12790,419102720,0.1629070921179852,2.840397834777832,0.4434010982513428,,77934
12800,419430400,0.16241064462158505,2.8278829574584963,0.4406762599945068,,81614
12810,419758080,0.16191601781086817,2.7805269241333006,0.435414981842041,,82172
12820,420085760,0.1614232140093247,2.8291593551635743,0.4395307540893555,,82532
12830,420413440,0.1609322355318808,2.874327278137207,0.4461601734161377,,82406
12840,420741120,0.1604430846848886,2.839838218688965,0.44300274848937987,,79571
12850,421068800,0.15995576376611487,2.8639122009277345,0.44188542366027833,,82416
12860,421396480,0.15947027506473016,2.8729740142822267,0.4466072082519531,,78053
12870,421724160,0.15898662086129878,2.8031232833862303,0.44198155403137207,,81936
12880,422051840,0.15850480342776696,2.908382034301758,0.4464119434356689,,78595
12890,422379520,0.1580248250274533,2.8986333847045898,0.4454528331756592,,77831
12900,422707200,0.1575466879150373,2.841774559020996,0.4416499137878418,,77021
12910,423034880,0.1570703943365491,2.874571990966797,0.4442730903625488,,78292
12920,423362560,0.15659594652935896,2.8612693786621093,0.45130157470703125,,82388
12930,423690240,0.15612334672216666,2.938795471191406,0.45311527252197265,,82393
12940,424017920,0.1556525971349913,2.837635040283203,0.4438608646392822,,77704
12950,424345600,0.15518369997916026,2.7916854858398437,0.4406829833984375,,77690
12960,424673280,0.1547166574572997,2.8425643920898436,0.44417595863342285,,77725
12970,425000960,0.15425147176332304,2.826167106628418,0.4480136871337891,,82122
12980,425328640,0.153788145082422,2.8333152770996093,0.4441688537597656,,82507
12990,425656320,0.15332667959105506,2.890645980834961,0.44638833999633787,,76768
13000,425984000,0.1528670774569385,2.750650405883789,0.4434706211090088,,74843
13010,426311680,0.15240934083903493,2.814233589172363,0.4406394958496094,,76345
13020,426639360,0.15195347188754413,2.7941520690917967,0.44094390869140626,,77262
13030,426967040,0.15149947274389244,2.8261493682861327,0.4411289215087891,,77732
13040,427294720,0.15104734554072283,2.8982763290405273,0.44872350692749025,,78546
13050,427622400,0.15059709240188512,2.880361557006836,0.44515466690063477,,78075
13060,427950080,0.1501487154424255,2.8592098236083983,0.449782657623291,,77021
13070,428277760,0.1497022167685772,2.8612129211425783,0.4463815212249756,,76768
13080,428605440,0.14925759847775003,2.861158752441406,0.4513458251953125,,77296
13090,428933120,0.14881486265852079,2.8157325744628907,0.4538813591003418,,77649
13100,429260800,0.14837401139062345,2.8980030059814452,0.44661531448364256,,78473
13110,429588480,0.14793504674493946,2.8319963455200194,0.44269475936889646,,77106
13120,429916160,0.14749797078348806,2.7605192184448244,0.4432551383972168,,80886
13130,430243840,0.14706278555941604,2.864147186279297,0.4468107223510742,,77997
13140,430571520,0.14662949311698908,2.860247993469238,0.4479423999786377,,82510
13150,430899200,0.14619809549158108,2.888215255737305,0.45106077194213867,,82502
13160,431226880,0.1457685947096655,2.8743337631225585,0.4467982292175293,,82487
13170,431554560,0.14534099278880513,2.7923791885375975,0.44950194358825685,,82385
13180,431882240,0.14491529173764328,2.8869096755981447,0.44679555892944334,,82384
13190,432209920,0.14449149355589372,2.8895946502685548,0.45200214385986326,,79011
13200,432537600,0.14406960023433169,2.8642599105834963,0.4456678867340088,,78388
13210,432865280,0.14364961375478438,2.7754655838012696,0.4396547317504883,,77080
13220,433192960,0.1432315360901216,2.8266651153564455,0.44373059272766113,,80435
13230,433520640,0.14281536920424684,2.865190315246582,0.4435837745666504,,79069
13240,433848320,0.1424011150520874,2.8378173828125,0.44288387298583987,,77954
13250,434176000,0.141988775579586,2.780960273742676,0.43906269073486326,,76904
13260,434503680,0.14157835272369096,2.809439468383789,0.4434453010559082,,77520
13270,434831360,0.14116984841234742,2.8571422576904295,0.4397414207458496,,77490
13280,435159040,0.14076326456448812,2.851773262023926,0.4443966865539551,,77622
13290,435486720,0.14035860309002474,2.8425081253051756,0.4446113586425781,,77631
13300,435814400,0.1399558658898386,2.8179616928100586,0.4454652309417725,,77379
13310,436142080,0.13955505485577163,2.808778762817383,0.44394845962524415,,80703
13320,436469760,0.13915617187061802,2.7897348403930664,0.4424891948699951,,82089
13330,436797440,0.13875921880811476,2.89945011138916,0.45070924758911135,,82397
13340,437125120,0.13836419753293316,2.8771753311157227,0.4486304759979248,,82431
13350,437452800,0.13797110990066996,2.8261381149291993,0.44611105918884275,,76869
13360,437780480,0.137579957757839,2.8254487991333006,0.44683232307434084,,73974
13370,438108160,0.13719074294186187,2.845323181152344,0.445892858505249,,76729
13380,438435840,0.1368034672810598,2.9143014907836915,0.4538658618927002,,79449
13390,438763520,0.13641813259464494,2.824930763244629,0.4459375381469727,,82411
13400,439091200,0.13603474069271163,2.796965408325195,0.4406105041503906,,79172
13410,439418880,0.1356532933762284,2.8215471267700196,0.44760494232177733,,77454
13420,439746560,0.13527379243702872,2.8089614868164063,0.4471889495849609,,77253
13430,440074240,0.1348962396578035,2.8589876174926756,0.44968905448913576,,82554
13440,440401920,0.13452063681209184,2.7911266326904296,0.44459757804870603,,82430
13450,440729600,0.13414698566427333,2.8776968002319334,0.4499513149261475,,78269
13460,441057280,0.1337752879695594,2.8370532989501953,0.44871020317077637,,76800
13470,441384960,0.1334055454739853,2.869684600830078,0.45455236434936525,,77049
13480,441712640,0.13303775991440192,2.875210189819336,0.45234975814819334,,82328
13490,442040320,0.1326719330184672,2.7844833374023437,0.43985872268676757,,78759
13500,442368000,0.13230806650463867,2.8411352157592775,0.44709081649780275,,78330
13510,442695680,0.13194616208216495,2.869410514831543,0.44794750213623047,,79803
13520,443023360,0.13158622145107762,2.872414207458496,0.4524092197418213,,82439
13530,443351040,0.1312282463021836,2.798653221130371,0.4485537052154541,,77403
13540,443678720,0.13087223831705705,2.81445198059082,0.44414806365966797,,73319
13550,444006400,0.13051819916803145,2.7547094345092775,0.4379738330841064,,72176
13560,444334080,0.1301661305181917,2.843465042114258,0.44873862266540526,,72361
13570,444661760,0.12981603402136632,2.831365966796875,0.44638724327087403,,72893
13580,444989440,0.1294679113221197,2.8096221923828124,0.4455575942993164,,72442
13590,445317120,0.12912176405574471,2.8888092041015625,0.45036745071411133,,74874
13600,445644800,0.12877759384825416,2.8350486755371094,0.45028300285339357,,79344
13610,445972480,0.12843540231637426,2.7749195098876953,0.4414706230163574,,78771
13620,446300160,0.1280951910675361,2.7958873748779296,0.4520888328552246,,78267
13630,446627840,0.12775696169986858,2.7972206115722655,0.4472858428955078,,77098
13640,446955520,0.12742071580219075,2.8260818481445313,0.463901948928833,,77942
13650,447283200,0.12708645495400447,2.8256452560424803,0.4394476890563965,,79115
13660,447610880,0.1267541807254869,2.8398210525512697,0.4428795337677002,,82420
13670,447938560,0.12642389467748305,2.800107002258301,0.45111541748046874,,82429
13680,448266240,0.12609559836149858,2.830287742614746,0.44615983963012695,,81135
13690,448593920,0.12576929331969258,2.778190803527832,0.44366002082824707,,82495
13700,448921600,0.12544498108486998,2.7597223281860352,0.44840350151062014,,76878
13710,449249280,0.12512266318047466,2.8467533111572267,0.4523725986480713,,74577
13720,449576960,0.12480234112058225,2.7955144882202148,0.4422060489654541,,74374
13730,449904640,0.12448401640989308,2.816822624206543,0.4466704845428467,,82361
13740,450232320,0.12416769054372481,2.821652412414551,0.449041748046875,,81336
13750,450560000,0.12385336500800571,2.8876674652099608,0.4519830226898193,,75248
13760,450887680,0.12354104127926756,2.78216609954834,0.455377197265625,,75550
13770,451215360,0.12323072082463879,2.8217256546020506,0.44653849601745604,,76777
13780,451543040,0.12292240510183737,2.8589258193969727,0.4515699863433838,,77133
13790,451870720,0.12261609555916432,2.8597700119018556,0.4458049774169922,,77596
13800,452198400,0.1223117936354966,2.7580188751220702,0.4418929576873779,,77588
13810,452526080,0.1220095007602805,2.8285100936889647,0.44965152740478515,,75555
13820,452853760,0.1217092183535248,2.8713861465454102,0.4493996620178223,,77020
13830,453181440,0.12141094782579417,2.882364273071289,0.4509134769439697,,75173
13840,453509120,0.12111469057820282,2.8885353088378904,0.4522866725921631,,75064
13850,453836800,0.12082044800240728,2.8111873626708985,0.44875760078430177,,74094
13860,454164480,0.12052822148060055,2.8348308563232423,0.44854416847229006,,73821
13870,454492160,0.12023801238550516,2.7877601623535155,0.4501856803894043,,74359
13880,454819840,0.11994982208036684,2.8490888595581056,0.45322265625,,76399
13890,455147520,0.1196636519189481,2.8919124603271484,0.451969051361084,,74540
13900,455475200,0.11937950324552202,2.80129451751709,0.4481345176696777,,77296
13910,455802880,0.11909737739486582,2.8021188735961915,0.4491913318634033,,80516
13920,456130560,0.1188172756922545,2.822881889343262,0.4504429340362549,,77095
13930,456458240,0.1185391994534547,2.8049285888671873,0.452760124206543,,78120
13940,456785920,0.1182631499847186,2.8826314926147463,0.4552777290344238,,77817
13950,457113600,0.11798912858277767,2.8464645385742187,0.4510652542114258,,82468
13960,457441280,0.11771713653483655,2.8242513656616213,0.4494072437286377,,82435
13970,457768960,0.1174471751185673,2.7772525787353515,0.4485332489013672,,77650
13980,458096640,0.1171792456021029,2.839147758483887,0.4646448612213135,,78232
13990,458424320,0.11691334924403168,2.848921203613281,0.45163793563842775,,82446
14000,458752000,0.11664948729339125,2.7818635940551757,0.44112381935119627,,82446
14010,459079680,0.1163876609896627,2.869241714477539,0.4510026454925537,,82434
14020,459407360,0.11612787156276486,2.8297828674316405,0.4426433086395264,,79673
14030,459735040,0.11587012023304813,2.8533021926879885,0.45217161178588866,,78079
14040,460062720,0.1156144082112893,2.8034235000610352,0.4556840419769287,,82494
14050,460390400,0.11536073669868546,2.848375129699707,0.451401424407959,,82407
14060,460718080,0.11510910688684858,2.787773323059082,0.45014228820800783,,78339
14070,461045760,0.1148595199577997,2.7508769989013673,0.4461536407470703,,77155
14080,461373440,0.11461197708396349,2.794602394104004,0.44864482879638673,,77830
14090,461701120,0.11436647942816297,2.8277971267700197,0.45275330543518066,,77600
14100,462028800,0.11412302814361354,2.8274185180664064,0.4547253608703613,,77275
14110,462356480,0.11388162437391813,2.791496467590332,0.4499948978424072,,78724
14120,462684160,0.11364226925306124,2.8322614669799804,0.45559053421020507,,78127
14130,463011840,0.11340496390540424,2.8419416427612303,0.45108518600463865,,77340
14140,463339520,0.1131697094456795,2.8487173080444337,0.4514514446258545,,77082
14150,463667200,0.11293650697898572,2.8366888046264647,0.453090238571167,,82369
14160,463994880,0.11270535760078214,2.831271171569824,0.4500091552734375,,82407
14170,464322560,0.11247626239688388,2.8435163497924805,0.44765429496765136,,82390
14180,464650240,0.11224922244345657,2.799355888366699,0.44831199645996095,,82394
14190,464977920,0.1120242388070114,2.8161277770996094,0.45105776786804197,,78166
14200,465305600,0.11180131254440019,2.8656917572021485,0.45645875930786134,,77293
14210,465633280,0.1115804447028102,2.8141817092895507,0.44566121101379397,,78150
14220,465960960,0.11136163631975948,2.853047561645508,0.4552906036376953,,77557
14230,466288640,0.11114488842309167,2.8715087890625,0.46461920738220214,,77922
14240,466616320,0.11093020203097147,2.8816789627075194,0.4567129135131836,,82421
14250,466944000,0.11071757815187974,2.7420269012451173,0.44420609474182127,,82391
14260,467271680,0.11050701778460868,2.769919586181641,0.44409475326538084,,82398
14270,467599360,0.11029852191825738,2.7888105392456053,0.45707073211669924,,80917
14280,467927040,0.11009209153222692,2.773687553405762,0.4459693908691406,,82481
14290,468254720,0.1098877275962159,2.8198976516723633,0.453707218170166,,82393
14300,468582400,0.10968543107021578,2.820777702331543,0.44596271514892577,,82369
14310,468910080,0.10948520290450654,2.877095603942871,0.4532036304473877,,77975
14320,469237760,0.10928704403965202,2.826712799072266,0.4557408332824707,,76996
14330,469565440,0.10909095540649572,2.8108440399169923,0.4457594871520996,,76568
14340,469893120,0.10889693792615628,2.802169609069824,0.4488373279571533,,82495
14350,470220800,0.10870499251002304,2.819700813293457,0.4556251525878906,,78130
14360,470548480,0.10851512005975213,2.853293800354004,0.4533260345458984,,76909
14370,470876160,0.10832732146726176,2.823630714416504,0.44901123046875,,76331
14380,471203840,0.10814159761472848,2.82660026550293,0.45483932495117185,,76084
14390,471531520,0.10795794937458267,2.8282503128051757,0.44850692749023435,,74375
14400,471859200,0.1077763776095048,2.8158313751220705,0.45327367782592776,,74614
14410,472186880,0.107596883172421,2.8456657409667967,0.45579304695129397,,77045
14420,472514560,0.10741946690649931,2.827643394470215,0.45351834297180177,,78775
14430,472842240,0.10724412964514562,2.8471395492553713,0.45660696029663084,,74128
14440,473169920,0.10707087221199973,2.7908531188964845,0.4480422019958496,,78273
14450,473497600,0.10689969542093168,2.800064277648926,0.4516140937805176,,78079
14460,473825280,0.10673060007603764,2.8884912490844727,0.4512855052947998,,77466
14470,474152960,0.10656358697163638,2.7984962463378906,0.4574090003967285,,76856
14480,474480640,0.10639865689226519,2.80822639465332,0.4494889259338379,,77468
14490,474808320,0.10623581061267677,2.813496971130371,0.4486426830291748,,77805
14500,475136000,0.10607504889783496,2.809504508972168,0.4535384654998779,,77715
14510,475463680,0.10591637250291171,2.7942123413085938,0.4477811813354492,,77600
14520,475791360,0.10575978217328301,2.835597610473633,0.45447239875793455,,77753
14530,476119040,0.10560527864452576,2.8597414016723635,0.45340604782104493,,79706
14540,476446720,0.10545286264241416,2.78802433013916,0.45762052536010744,,82505
14550,476774400,0.10530253488291638,2.7698347091674806,0.45423173904418945,,82389
14560,477102080,0.1051542960721912,2.8318153381347657,0.45609374046325685,,82389
14570,477429760,0.10500814690658448,2.790042686462402,0.4515208721160889,,76951
14580,477757440,0.10486408807262619,2.854887771606445,0.4586526393890381,,74308
14590,478085120,0.104722120247027,2.77799072265625,0.4470516681671143,,74810
14600,478412800,0.10458224409667521,2.811846923828125,0.45079684257507324,,73951
14610,478740480,0.10444446027863345,2.850553512573242,0.4564835071563721,,79462
14620,479068160,0.10430876944013576,2.8027828216552733,0.45647549629211426,,81151
14630,479395840,0.10417517221858452,2.819365692138672,0.4518794059753418,,82445
14640,479723520,0.1040436692415474,2.79968318939209,0.4510542869567871,,82375
14650,480051200,0.10391426112675443,2.8219284057617187,0.45777053833007814,,82527
14660,480378880,0.10378694848209509,2.852554512023926,0.4564100742340088,,75522
14670,480706560,0.10366173190561558,2.8305408477783205,0.4608509063720703,,79640
14680,481034240,0.10353861198551571,2.7794376373291017,0.4593653202056885,,77666
14690,481361920,0.10341758930014654,2.7993999481201173,0.4532273292541504,,76904
14700,481689600,0.10329866441800734,2.879952239990234,0.45864124298095704,,76078
14710,482017280,0.10318183789774295,2.8872535705566404,0.46280431747436523,,75426
14720,482344960,0.10306711028814143,2.8101940155029297,0.45106658935546873,,75757
14730,482672640,0.10295448212813114,2.8330955505371094,0.4555166721343994,,74823
14740,483000320,0.10284395394677846,2.7873687744140625,0.45346865653991697,,76491
14750,483328000,0.10273552626328514,2.8021799087524415,0.4510643005371094,,76056
14760,483655680,0.10262919958698588,2.7796257019042967,0.45200338363647463,,73482
14770,483983360,0.10252497441734616,2.7542213439941405,0.4580415725708008,,78585
14780,484311040,0.10242285124395946,2.8171270370483397,0.45621638298034667,,79177
14790,484638720,0.10232283054654547,2.853676986694336,0.4623805046081543,,75764
14800,484966400,0.10222491279494736,2.834786796569824,0.45484609603881837,,79808
14810,485294080,0.10212909844913001,2.8403417587280275,0.46313228607177737,,81842
14820,485621760,0.10203538795917738,2.803214263916016,0.4508198261260986,,79813
14830,485949440,0.101943781765291,2.77532844543457,0.4516754627227783,,82469
14840,486277120,0.10185428029778715,2.724745750427246,0.4554964542388916,,82447
14850,486604800,0.1017668839770955,2.811336326599121,0.45637049674987795,,80336
14860,486932480,0.10168159321375685,2.828691864013672,0.46326003074645994,,82417
14870,487260160,0.10159840840842116,2.7863018035888674,0.45343689918518065,,79015
14880,487587840,0.1015173299518458,2.752867317199707,0.451542329788208,,76475
14890,487915520,0.10143835822489358,2.836478424072266,0.45758962631225586,,75973
14900,488243200,0.10136149359853108,2.8022075653076173,0.4556696891784668,,75118
14910,488570880,0.10128673643382681,2.7195947647094725,0.45024933815002444,,76356
14920,488898560,0.10121408708194966,2.8162389755249024,0.4541471481323242,,76105
14930,489226240,0.10114354588416707,2.8085426330566405,0.45426206588745116,,82482
14940,489553920,0.1010751131718435,2.7585987091064452,0.454447603225708,,82130
14950,489881600,0.10100878926643891,2.801120948791504,0.4509261131286621,,82505
14960,490209280,0.1009445744795073,2.736089324951172,0.4490440845489502,,82427
14970,490536960,0.10088246911269502,2.7972692489624023,0.45450563430786134,,79138
14980,490864640,0.1008224734577396,2.839384841918945,0.4566036224365234,,76740
14990,491192320,0.10076458779646827,2.8521905899047852,0.46567497253417967,,78018
15000,491520000,0.10070881240079659,2.8048480987548827,0.4575228214263916,,82444
15010,491847680,0.10065514753272739,2.8021427154541017,0.4680058479309082,,75680
15020,492175360,0.10060359344434912,2.8093149185180666,0.49267191886901857,,77159
15030,492503040,0.10055415037783517,2.8293651580810546,0.4618345260620117,,80256
15040,492830720,0.10050681856544236,2.827471923828125,0.4608777046203613,,80861
15050,493158400,0.10046159822951001,2.7989145278930665,0.458312463760376,,82425
15060,493486080,0.10041848958245882,2.738458824157715,0.45084218978881835,,82424
15070,493813760,0.10037749282679005,2.8348031997680665,0.4624509811401367,,82225
15080,494141440,0.10033860815508432,2.853110694885254,0.46055922508239744,,82426
15090,494469120,0.10030183575000079,2.820035934448242,0.4602807521820068,,82421
15100,494796800,0.10026717578427634,2.818943977355957,0.45519304275512695,,82432
15110,495124480,0.10023462842072489,2.7956491470336915,0.4565736293792725,,77165
15120,495452160,0.1002041938122364,2.9063976287841795,0.4607983589172363,,81481
15130,495779840,0.10017587210177614,2.8018848419189455,0.45584630966186523,,74550
15140,496107520,0.10014966342238431,2.829497718811035,0.4578756332397461,,74561
15150,496435200,0.10012556789717511,2.847968101501465,0.46272597312927244,,75190
15160,496762880,0.1001035856393363,2.786256790161133,0.4547584056854248,,82433
15170,497090560,0.1000837167521287,2.823699378967285,0.45511479377746583,,75189
15180,497418240,0.10006596132888562,2.784963035583496,0.4499353885650635,,75811
15190,497745920,0.10005031945301247,2.7822628021240234,0.4535959720611572,,76906
15200,498073600,0.10003679119798632,2.834383964538574,0.4599720001220703,,76795
15210,498401280,0.10002537662735562,2.7917972564697267,0.4551559925079346,,76662
15220,498728960,0.1000160757947399,2.7859119415283202,0.45834693908691404,,76706
15230,499056640,0.10000888874382939,2.812646484375,0.4636962413787842,,76700
15240,499384320,0.100003815508385,2.831703758239746,0.46192398071289065,,76814
15250,499712000,0.10000085611223805,2.7995677947998048,0.4546900749206543,,75417
15258,499974144,0.1000000105692902,2.7906382083892822,0.4573817253112793,,78275
