step,tokens,lr_mult,loss,grad_norm,value_grad_norm,tok_s
10,327680,0.01310615989515072,10.779843139648438,8.112258911132812,,80129
20,655360,0.02621231979030144,10.396349334716797,4.551525497436524,,91984
30,983040,0.039318479685452164,10.152043914794922,2.207067108154297,,92112
40,1310720,0.05242463958060288,10.017675018310547,1.9436773300170898,,92097
50,1638400,0.0655307994757536,9.816973114013672,2.2192140579223634,,92007
60,1966080,0.07863695937090433,9.61297607421875,2.598356246948242,,91961
70,2293760,0.09174311926605505,9.416111755371094,1.8166576385498048,,91989
80,2621440,0.10484927916120576,9.199724578857422,1.9200927734375,,91985
90,2949120,0.11795543905635648,8.974109649658203,1.7440765380859375,,92005
100,3276800,0.1310615989515072,8.71461181640625,1.7714263916015625,,92019
110,3604480,0.14416775884665792,8.504203033447265,1.9664539337158202,,91994
120,3932160,0.15727391874180865,8.270890808105468,1.696390724182129,,92000
130,4259840,0.17038007863695936,8.025888061523437,1.532238483428955,,92070
140,4587520,0.1834862385321101,7.831712341308593,1.3947123527526855,,92034
150,4915200,0.1965923984272608,7.638909912109375,1.3498189926147461,,92009
160,5242880,0.20969855832241152,7.479631805419922,1.2579252243041992,,92020
170,5570560,0.22280471821756226,7.325084686279297,1.016673755645752,,92032
180,5898240,0.23591087811271297,7.195595550537109,0.9564043045043945,,91994
190,6225920,0.2490170380078637,7.116665649414062,1.0796355247497558,,91984
200,6553600,0.2621231979030144,7.0176849365234375,1.190878963470459,,91943
210,6881280,0.27522935779816515,6.919291687011719,1.0658703804016114,,91957
220,7208960,0.28833551769331583,6.852839660644531,1.0419261932373047,,91955
230,7536640,0.30144167758846657,6.736685180664063,1.027600383758545,,91914
240,7864320,0.3145478374836173,6.729743194580078,1.1293952941894532,,91955
250,8192000,0.32765399737876805,6.613919830322265,1.0593151092529296,,91866
260,8519680,0.34076015727391873,6.592292022705078,1.0159892082214355,,91883
270,8847360,0.35386631716906947,6.484262847900391,1.024317741394043,,91900
280,9175040,0.3669724770642202,6.454319763183594,1.0549838066101074,,91842
290,9502720,0.3800786369593709,6.394397354125976,1.0010465621948241,,91906
300,9830400,0.3931847968545216,6.365787124633789,0.9420672416687011,,91915
310,10158080,0.40629095674967236,6.283799362182617,0.9002032279968262,,91567
320,10485760,0.41939711664482304,6.271761703491211,1.0727023124694823,,91832
330,10813440,0.4325032765399738,6.268000793457031,1.0176393508911132,,91851
340,11141120,0.4456094364351245,6.189399719238281,0.9661552429199218,,91880
350,11468800,0.45871559633027525,6.130768203735352,0.9926761627197266,,91852
360,11796480,0.47182175622542594,6.107809448242188,0.9715483665466309,,91860
370,12124160,0.4849279161205767,6.052947616577148,1.0385041236877441,,91820
380,12451840,0.4980340760157274,6.020832443237305,0.9158985137939453,,91829
390,12779520,0.5111402359108781,5.998078918457031,1.0074064254760742,,91856
400,13107200,0.5242463958060288,5.979551696777344,0.8952450752258301,,91806
410,13434880,0.5373525557011796,5.930115127563477,0.9727304458618165,,91840
420,13762560,0.5504587155963303,5.899071884155274,0.9294758796691894,,91809
430,14090240,0.563564875491481,5.832801437377929,0.9763684272766113,,91822
440,14417920,0.5766710353866317,5.861498641967773,0.8904847145080567,,91854
450,14745600,0.5897771952817824,5.758436584472657,0.9347713470458985,,91825
460,15073280,0.6028833551769331,5.667465591430664,0.8619274139404297,,91823
470,15400960,0.6159895150720839,5.717103576660156,0.9221361160278321,,91850
480,15728640,0.6290956749672346,5.636964797973633,0.9547967910766602,,91824
490,16056320,0.6422018348623854,5.716143798828125,0.8811307907104492,,91805
500,16384000,0.6553079947575361,5.667115020751953,0.887047290802002,,91792
510,16711680,0.6684141546526867,5.6091796875,0.8617641448974609,,91782
520,17039360,0.6815203145478375,5.61114616394043,0.9192350387573243,,91771
530,17367040,0.6946264744429882,5.577080917358399,0.8939142227172852,,91831
540,17694720,0.7077326343381389,5.562878036499024,0.8853286743164063,,91842
550,18022400,0.7208387942332897,5.466356658935547,0.8003494262695312,,91814
560,18350080,0.7339449541284404,5.51255989074707,0.9171801567077636,,91802
570,18677760,0.747051114023591,5.423859786987305,0.8672484397888184,,91777
580,19005440,0.7601572739187418,5.45190315246582,0.8346355438232422,,91785
590,19333120,0.7732634338138925,5.45130729675293,0.8037781715393066,,91756
600,19660800,0.7863695937090432,5.378837585449219,0.8523930549621582,,91766
610,19988480,0.799475753604194,5.404610443115234,0.8445956230163574,,91789
620,20316160,0.8125819134993447,5.339823532104492,0.7994792938232422,,91606
630,20643840,0.8256880733944955,5.305701446533203,0.7861593246459961,,91803
640,20971520,0.8387942332896461,5.334869003295898,0.8120233535766601,,91721
650,21299200,0.8519003931847968,5.3197265625,0.77017240524292,,91787
660,21626880,0.8650065530799476,5.349732971191406,0.7561728477478027,,91748
670,21954560,0.8781127129750983,5.3065132141113285,0.8213690757751465,,91757
680,22282240,0.891218872870249,5.2728931427001955,0.7651417255401611,,91752
690,22609920,0.9043250327653998,5.221576690673828,0.7293110847473144,,91772
700,22937600,0.9174311926605505,5.2139030456542965,0.8612835884094239,,91791
710,23265280,0.9305373525557011,5.193766403198242,0.7961191654205322,,91771
720,23592960,0.9436435124508519,5.165107727050781,0.8019898414611817,,91781
730,23920640,0.9567496723460026,5.1816566467285154,0.7993401527404785,,91778
740,24248320,0.9698558322411533,5.2445831298828125,1.1671096801757812,,91759
750,24576000,0.9829619921363041,5.1650432586669925,0.7762526035308838,,91789
760,24903680,0.9960681520314548,5.134444808959961,0.7405749320983886,,91706
770,25231360,0.999999619505605,5.0714668273925785,0.7134223937988281,,91762
780,25559040,0.9999972942644099,5.115089797973633,0.6889583587646484,,91728
790,25886720,0.9999928551787042,5.023757553100586,0.7396135330200195,,91730
800,26214400,0.9999863022693405,5.043925094604492,0.800404167175293,,91790
810,26542080,0.9999776355671006,5.045493316650391,0.7330205917358399,,91755
820,26869760,0.999966855112696,4.9568836212158205,0.7001929759979248,,91786
830,27197440,0.9999539609567677,5.018058395385742,0.7000164031982422,,91726
840,27525120,0.9999389531598855,5.002267456054687,0.858974552154541,,91734
850,27852800,0.9999218317925475,4.903445053100586,0.8094242095947266,,91720
860,28180480,0.9999025969351808,4.934328079223633,1.1894747734069824,,91767
870,28508160,0.9998812486781407,4.916019439697266,0.8361703872680664,,91692
880,28835840,0.9998577871217097,4.907497787475586,0.6710265159606934,,91709
890,29163520,0.9998322123760972,4.853422927856445,0.6869477272033692,,91739
900,29491200,0.9998045245614399,4.896002960205078,0.6539889335632324,,91619
910,29818880,0.9997747238078001,4.838125991821289,0.6762045860290528,,91752
920,30146560,0.9997428102551656,4.80737419128418,0.6575652599334717,,91409
930,30474240,0.9997087840534492,4.7585186004638675,0.7052906513214111,,91731
940,30801920,0.9996726453624875,4.833458709716797,0.6572436809539794,,91678
950,31129600,0.9996343943520406,4.847575759887695,0.6296514987945556,,91731
960,31457280,0.9995940312017911,4.762665557861328,0.6247807025909424,,91764
970,31784960,0.9995515561013435,4.713731384277343,0.6436800479888916,,91729
980,32112640,0.9995069692502226,4.760392761230468,0.6602842330932617,,91756
990,32440320,0.9994602708578736,4.678741455078125,0.601237678527832,,91733
1000,32768000,0.9994114611436603,4.637168121337891,0.7038297176361084,,91748
1010,33095680,0.9993605403368643,4.634259796142578,0.618903636932373,,91715
1020,33423360,0.9993075086766843,4.582714462280274,0.7326901435852051,,91702
1030,33751040,0.999252366412234,4.564807891845703,0.6655779361724854,,91728
1040,34078720,0.9991951138025426,4.598438262939453,0.6701208114624023,,91713
1050,34406400,0.9991357511165514,4.572682571411133,0.6349768161773681,,91730
1060,34734080,0.9990742786331146,4.582175827026367,0.604755973815918,,91751
1070,35061760,0.9990106966409968,4.6076606750488285,0.8256881713867188,,91745
1080,35389440,0.9989450054388717,4.510171890258789,0.614851427078247,,91724
1090,35717120,0.9988772053353212,4.5473888397216795,1.0500816345214843,,91696
1100,36044800,0.9988072966488337,4.554194641113281,0.7133431434631348,,91686
1110,36372480,0.9987352797078023,4.5238086700439455,0.6031649589538575,,91725
1120,36700160,0.998661154850524,4.529627990722656,0.6028071403503418,,91703
1130,37027840,0.9985849224251971,4.519734191894531,0.6065544128417969,,91659
1140,37355520,0.9985065827899208,4.49785041809082,0.6003825187683105,,91679
1150,37683200,0.998426136312692,4.468798828125,0.588213300704956,,91676
1160,38010880,0.9983435833714049,4.4223991394042965,0.6027618885040283,,91568
1170,38338560,0.998258924353849,4.417012023925781,0.6374700546264649,,91718
1180,38666240,0.9981721596577064,4.471133422851563,0.5894821643829345,,91654
1190,38993920,0.9980832896905512,4.346721267700195,0.6039063930511475,,91646
1200,39321600,0.9979923148698461,4.330461883544922,0.5560512065887451,,91654
1210,39649280,0.9978992356229419,4.398321151733398,0.5857764720916748,,91681
1220,39976960,0.9978040523870747,4.378796768188477,0.6095161437988281,,91629
1230,40304640,0.9977067656093641,4.357954025268555,0.6522200107574463,,91549
1240,40632320,0.9976073757468108,4.340168762207031,0.5973515510559082,,91711
1250,40960000,0.9975058832662946,4.364448547363281,0.5961074829101562,,91710
1260,41287680,0.9974022886445727,4.385820388793945,0.6525719642639161,,91680
1270,41615360,0.9972965923682765,4.357511901855469,0.6178092002868653,,91687
1280,41943040,0.9971887949339102,4.337618255615235,0.6362736701965332,,91664
1290,42270720,0.9970788968478482,4.347949981689453,0.5976195335388184,,91653
1300,42598400,0.996966898626332,4.339517211914062,0.5658015727996826,,91652
1310,42926080,0.9968528007954691,4.307941055297851,0.5415123462677002,,91717
1320,43253760,0.9967366038912294,4.237942504882812,0.5626995086669921,,91720
1330,43581440,0.9966183084594433,4.3602043151855465,0.5619036197662354,,91717
1340,43909120,0.996497915055799,4.3137470245361325,0.5797332763671875,,91698
1350,44236800,0.9963754242458397,4.2661693572998045,0.5708863258361816,,91705
1360,44564480,0.9962508366049612,4.286347961425781,0.5591586589813232,,91706
1370,44892160,0.9961241527184089,4.216336059570312,0.5361387252807617,,91676
1380,45219840,0.9959953731812754,4.271233749389649,0.5840824127197266,,91649
1390,45547520,0.9958644985984976,4.252256774902344,0.5689579010009765,,91665
1400,45875200,0.9957315295848536,4.262421798706055,0.5798126697540283,,91694
1410,46202880,0.99559646676496,4.212152481079102,0.5370186328887939,,91694
1420,46530560,0.9954593107732691,4.20921630859375,0.5585829734802246,,91674
1430,46858240,0.9953200622540659,4.196239852905274,0.5504074096679688,,91601
1440,47185920,0.9951787218614647,4.209723663330078,0.5537176132202148,,91702
1450,47513600,0.9950352902594064,4.198695373535156,0.5592031478881836,,91635
1460,47841280,0.9948897681216552,4.208649826049805,0.565071964263916,,91674
1470,48168960,0.9947421561317958,4.1673828125,0.5460928440093994,,91692
1480,48496640,0.9945924549832297,4.20484733581543,0.5468206405639648,,91671
1490,48824320,0.9944406653791718,4.27967414855957,0.5668737411499023,,91628
1500,49152000,0.994286788032648,4.1558891296386715,0.5653670787811279,,91662
1510,49479680,0.9941308236664911,4.168383026123047,0.5667743682861328,,91670
1520,49807360,0.9939727730133375,4.145015716552734,0.5763133049011231,,91662
1530,50135040,0.9938126368156238,4.082851409912109,0.5511343955993653,,91352
1540,50462720,0.9936504158255838,4.188647079467773,0.551366138458252,,91648
1550,50790400,0.9934861108052436,4.059206008911133,0.5529474735260009,,91648
1560,51118080,0.9933197225264201,4.122798919677734,0.5295524597167969,,91654
1570,51445760,0.9931512517707154,4.18084945678711,0.5607386589050293,,91688
1580,51773440,0.9929806993295143,4.089577102661133,0.5264237403869629,,91703
1590,52101120,0.99280806600398,4.108322525024414,0.5413734912872314,,91693
1600,52428800,0.9926333526050509,4.154945755004883,0.5442232131958008,,91676
1610,52756480,0.9924565599534364,4.088860321044922,0.5704330444335938,,91650
1620,53084160,0.9922776888796125,4.139973449707031,0.5404811859130859,,91704
1630,53411840,0.9920967402238197,4.148565673828125,0.5361054420471192,,91647
1640,53739520,0.9919137148360565,4.095481109619141,0.5293008804321289,,91608
1650,54067200,0.9917286135760778,4.077298355102539,0.532526969909668,,91634
1660,54394880,0.9915414373133894,4.030348205566407,0.547292947769165,,91643
1670,54722560,0.9913521869272444,4.060906982421875,0.5478415489196777,,91689
1680,55050240,0.991160863306639,4.067887496948242,0.9486278533935547,,91677
1690,55377920,0.9909674673503083,4.046810913085937,0.5272884368896484,,91681
1700,55705600,0.9907719999667222,4.139503479003906,1.1019405364990233,,91681
1710,56033280,0.990574462074081,4.088652420043945,1.6347314834594726,,91683
1720,56360960,0.9903748546003112,4.101671981811523,0.5786466598510742,,91639
1730,56688640,0.9901731784830609,4.06654052734375,0.5433726787567139,,91670
1740,57016320,0.9899694346696959,4.03405990600586,0.5209379196166992,,91639
1750,57344000,0.9897636241172943,4.075738906860352,0.5281779289245605,,91608
1760,57671680,0.9895557477926437,4.08333740234375,0.5512046337127685,,91680
1770,57999360,0.9893458066722344,4.044839859008789,0.5290724754333496,,91681
1780,58327040,0.9891338017422565,4.033963012695312,0.529790210723877,,91659
1790,58654720,0.988919733998595,4.034636688232422,0.5293725967407227,,91621
1800,58982400,0.9887036044468247,4.068941497802735,0.523263692855835,,91630
1810,59310080,0.9884854141022056,4.001588439941406,0.5266865730285645,,91654
1820,59637760,0.9882651639896781,4.021203231811524,0.5222751140594483,,91628
1830,59965440,0.9880428551438585,4.052951812744141,0.5416922569274902,,91621
1840,60293120,0.9878184886090338,3.9794097900390626,0.5509977340698242,,91493
1850,60620800,0.9875920654391568,3.984974670410156,0.5559395790100098,,91674
1860,60948480,0.9873635866978416,4.035444641113282,0.5453152656555176,,91640
1870,61276160,0.987133053458358,4.096256256103516,0.5248105525970459,,91650
1880,61603840,0.9869004668036266,4.020170974731445,0.5321284770965576,,91647
1890,61931520,0.9866658278262145,3.9784770965576173,0.5234038352966308,,91616
1900,62259200,0.9864291376283284,3.967336654663086,0.5214227199554443,,91618
1910,62586880,0.9861903973218116,4.004768371582031,0.5118133068084717,,91634
1920,62914560,0.9859496080281371,3.9763473510742187,0.5227635860443115,,91628
1930,63242240,0.9857067708784032,3.921390151977539,0.5235220909118652,,91679
1940,63569920,0.9854618870133276,3.958163833618164,0.5190455436706543,,91655
1950,63897600,0.9852149575832427,3.926805114746094,0.5198596477508545,,91675
1960,64225280,0.9849659837480899,3.9401885986328127,0.5195961475372315,,91655
1970,64552960,0.9847149666774135,3.9713581085205076,0.5146759986877442,,91598
1980,64880640,0.9844619075503569,3.9559471130371096,0.5343375682830811,,91634
1990,65208320,0.9842068075556548,3.942026901245117,0.5262910842895507,,91621
2000,65536000,0.9839496678916297,3.923252487182617,0.529384994506836,,91599
2010,65863680,0.9836904897661849,3.9093082427978514,0.5125903606414794,,91616
2020,66191360,0.9834292743967993,3.929524612426758,0.5063457012176513,,91630
2030,66519040,0.9831660230105219,3.939787673950195,0.5355661869049072,,91663
2040,66846720,0.9829007368439657,3.956311798095703,0.5231658458709717,,91670
2050,67174400,0.9826334171433019,3.9347129821777345,0.5647686004638672,,91594
2060,67502080,0.9823640651642543,3.94937744140625,0.5222249984741211,,91660
2070,67829760,0.9820926821720932,3.882407379150391,0.524235725402832,,91627
2080,68157440,0.9818192694416293,3.9297359466552733,0.5046876907348633,,91630
2090,68485120,0.9815438282572083,3.950937271118164,0.5132292747497559,,91596
2100,68812800,0.9812663599127042,3.884824752807617,0.5164104461669922,,91627
2110,69140480,0.9809868657115136,3.8723636627197267,0.5253758430480957,,91631
2120,69468160,0.9807053469665494,3.934975433349609,0.5081305027008056,,91680
2130,69795840,0.980421805000235,3.874374771118164,0.5204804897308349,,91622
2140,70123520,0.9801362411444974,3.9190704345703127,0.5230538845062256,,91329
2150,70451200,0.9798486567407615,3.8881031036376954,0.5321592330932617,,91603
2160,70778880,0.9795590531399438,3.877138137817383,0.530210304260254,,91611
2170,71106560,0.9792674317024457,3.8746059417724608,0.5139073848724365,,91561
2180,71434240,0.9789737937981473,3.9272533416748048,0.5398954391479492,,91613
2190,71761920,0.9786781408064011,3.902927017211914,0.5190935611724854,,91631
2200,72089600,0.9783804741160256,3.87755126953125,0.5369144439697265,,91642
2210,72417280,0.978080795125298,3.8546642303466796,0.5143113136291504,,91619
2220,72744960,0.9777791052419487,3.8688125610351562,0.5114236354827881,,91615
2230,73072640,0.9774754058831538,3.867965316772461,0.5189274311065674,,91628
2240,73400320,0.9771696984755293,3.8788784027099608,0.5612562656402588,,91619
2250,73728000,0.9768619844551234,3.8555374145507812,0.5366675376892089,,91641
2260,74055680,0.9765522652674108,3.8320152282714846,0.5084985733032227,,91616
2270,74383360,0.976240542367285,3.911020278930664,0.5184967994689942,,91574
2280,74711040,0.9759268172190521,3.9263729095458983,0.5100721836090087,,91624
2290,75038720,0.9756110912964235,3.8676544189453126,0.5066690921783448,,91627
2300,75366400,0.9752933660825093,3.8402027130126952,0.4830477237701416,,91660
2310,75694080,0.9749736430698112,3.818106460571289,0.5091340065002441,,91649
2320,76021760,0.9746519237602153,3.8550392150878907,0.5250862121582032,,91611
2330,76349440,0.9743282096649852,3.8485347747802736,0.512881088256836,,91611
2340,76677120,0.9740025023047555,3.7783885955810548,0.5042198181152344,,91590
2350,77004800,0.9736748032095234,3.831792449951172,0.5203062534332276,,91623
2360,77332480,0.9733451139186423,3.915410614013672,0.5331723690032959,,91585
2370,77660160,0.973013435980815,3.822971725463867,0.5259552001953125,,91619
2380,77987840,0.9726797709540852,3.878641891479492,0.5101912021636963,,91610
2390,78315520,0.9723441204058314,3.846055603027344,0.49829468727111814,,91628
2400,78643200,0.9720064859127585,3.8294300079345702,0.5048644065856933,,91624
2410,78970880,0.9716668690608914,3.8332073211669924,0.514649486541748,,91605
2420,79298560,0.9713252714455668,3.8275035858154296,0.5139208793640136,,91660
2430,79626240,0.9709816946714261,3.863317108154297,0.5080044746398926,,91619
2440,79953920,0.9706361403524074,3.8970508575439453,0.5083954334259033,,91630
2450,80281600,0.9702886101117387,3.8508296966552735,0.5193218231201172,,91481
2460,80609280,0.9699391055819293,3.8387020111083983,0.5218366146087646,,91666
2470,80936960,0.9695876284047632,3.8924331665039062,0.5000501155853272,,91621
2480,81264640,0.9692341802312905,3.8070957183837892,0.5045336246490478,,91606
2490,81592320,0.9688787627218198,3.881722259521484,0.5159625053405762,,91590
2500,81920000,0.9685213775459112,3.83367805480957,0.5437331676483155,,91611
2510,82247680,0.968162026382367,3.733794403076172,0.5024688720703125,,91586
2520,82575360,0.9678007109192254,3.7726112365722657,0.5186120986938476,,91590
2530,82903040,0.9674374328537514,3.712605667114258,0.5155316829681397,,91635
2540,83230720,0.9670721938924294,3.7905258178710937,0.5125994205474853,,91617
2550,83558400,0.966704995750955,3.863645553588867,0.5187580585479736,,91636
2560,83886080,0.9663358401542269,3.7764007568359377,0.5148545742034912,,91605
2570,84213760,0.965964728836339,3.812938690185547,0.4883005142211914,,91633
2580,84541440,0.9655916635405721,3.870667266845703,0.51089506149292,,91633
2590,84869120,0.9652166460193854,3.8371482849121095,0.5294459342956543,,91616
2600,85196800,0.9648396780344092,3.7577510833740235,0.4989020347595215,,91603
2610,85524480,0.9644607613564357,3.742549514770508,0.5140176773071289,,91575
2620,85852160,0.9640798977654107,3.8026866912841797,0.5049530029296875,,91604
2630,86179840,0.9636970890504263,3.742167663574219,0.5049261093139649,,91610
2640,86507520,0.963312337009711,3.81119384765625,0.5160830020904541,,91624
2650,86835200,0.9629256434506225,3.7993515014648436,0.5188667297363281,,91657
2660,87162880,0.9625370101896386,3.711323547363281,0.5120577335357666,,91628
2670,87490560,0.9621464390523483,3.7969280242919923,0.5065349578857422,,91633
2680,87818240,0.9617539318734444,3.811258316040039,0.5660665988922119,,91571
2690,88145920,0.9613594904967137,3.7616058349609376,0.5373390674591064,,91597
2700,88473600,0.9609631167750291,3.771953582763672,0.5296175003051757,,91606
2710,88801280,0.9605648125703407,3.7751605987548826,0.5272180080413819,,91556
2720,89128960,0.9601645797536662,3.829072189331055,0.5087491512298584,,91616
2730,89456640,0.959762420205084,3.798189163208008,0.5112005710601807,,91588
2740,89784320,0.9593583358137223,3.7897197723388674,0.5010628700256348,,91648
2750,90112000,0.9589523284777519,3.7816852569580077,0.5161505699157715,,91340
2760,90439680,0.9585444001043758,3.7711795806884765,0.5135133743286133,,91583
2770,90767360,0.9581345526098218,3.705252838134766,0.4913176536560059,,91570
2780,91095040,0.9577227879193322,3.696002197265625,0.5136903285980224,,91588
2790,91422720,0.9573091079671553,3.760614013671875,0.5055731773376465,,91567
2800,91750400,0.9568935146965365,3.7433589935302733,0.5069808959960938,,91602
2810,92078080,0.9564760100597085,3.780544662475586,0.5097236633300781,,91608
2820,92405760,0.956056596017883,3.6959686279296875,0.5095643520355224,,91625
2830,92733440,0.9556352745412409,3.7615711212158205,0.5147792339324951,,91622
2840,93061120,0.9552120476089232,3.7071094512939453,0.4994816780090332,,91621
2850,93388800,0.9547869172090215,3.7758487701416015,0.4998619079589844,,91603
2860,93716480,0.9543598853385692,3.747024154663086,0.4985142707824707,,91571
2870,94044160,0.9539309540035318,3.775166320800781,0.5066370487213134,,91585
2880,94371840,0.953500125218797,3.741239547729492,0.5015830993652344,,91587
2890,94699520,0.9530674010081663,3.7100990295410154,0.517125415802002,,91591
2900,95027200,0.9526327834043443,3.6823925018310546,0.5196096420288085,,91576
2910,95354880,0.9521962744489302,3.7901775360107424,0.526692008972168,,91621
2920,95682560,0.9517578761924075,3.734270477294922,0.5039082527160644,,91568
2930,96010240,0.9513175906941347,3.7249698638916016,0.5071708679199218,,91535
2940,96337920,0.9508754200223356,3.7171669006347656,0.5156432628631592,,91577
2950,96665600,0.9504313662540893,3.711782455444336,0.5180058479309082,,91602
2960,96993280,0.949985431475321,3.666752243041992,0.5296803474426269,,91570
2970,97320960,0.9495376177807917,3.744597625732422,0.5074439525604248,,91594
2980,97648640,0.9490879272740883,3.7206405639648437,0.5225353717803956,,91590
2990,97976320,0.9486363620676144,3.7007671356201173,0.49891042709350586,,91642
3000,98304000,0.9481829242825798,3.725325012207031,0.5048833847045898,,91630
3010,98631680,0.9477276160489903,3.744195556640625,0.5087082386016846,,91606
3020,98959360,0.9472704395056386,3.6885990142822265,0.5189432621002197,,91593
3030,99287040,0.9468113968000933,3.6808868408203126,0.5135585784912109,,91616
3040,99614720,0.9463504900886894,3.75272216796875,0.498370361328125,,91597
3050,99942400,0.9458877215365181,3.7150337219238283,0.5166978359222412,,91584
3060,100270080,0.9454230933174161,3.7227252960205077,0.5291610717773437,,91466
3070,100597760,0.9449566076139565,3.7404319763183596,0.5120616912841797,,91591
3080,100925440,0.944488266617437,3.7331878662109377,0.5322649002075195,,91585
3090,101253120,0.9440180725278713,3.778118896484375,0.5297116756439209,,91592
3100,101580800,0.9435460275539773,3.6915103912353517,0.5297252655029296,,91600
3110,101908480,0.9430721339131679,3.7254615783691407,0.4912905216217041,,91640
3120,102236160,0.9425963938315396,3.677349090576172,0.4937551021575928,,91599
3130,102563840,0.9421188095438624,3.694142532348633,0.5035084247589111,,91535
3140,102891520,0.94163938329357,3.7557083129882813,0.5205440044403076,,91575
3150,103219200,0.9411581173327482,3.707818603515625,0.4952817440032959,,91556
3160,103546880,0.9406750139221247,3.7280147552490233,0.5064545154571534,,91619
3170,103874560,0.9401900753310587,3.679413604736328,0.5029827117919922,,91603
3180,104202240,0.9397033038375302,3.640583801269531,0.5147063732147217,,91629
3190,104529920,0.9392147017281288,3.7315196990966797,0.5415403366088867,,91607
3200,104857600,0.9387242712980439,3.709297943115234,0.5150247097015381,,91604
3210,105185280,0.9382320148510529,3.705774688720703,0.5129342079162598,,91577
3220,105512960,0.937737934699511,3.6884559631347655,0.5165585517883301,,91575
3230,105840640,0.9372420331643404,3.696856689453125,0.5163683414459228,,91544
3240,106168320,0.9367443125750188,3.666748046875,0.519219970703125,,91581
3250,106496000,0.936244775269569,3.699300765991211,0.5088790893554688,,91580
3260,106823680,0.9357434235945475,3.635049057006836,0.5024930000305176,,91579
3270,107151360,0.9352402599050346,3.620622253417969,0.5425507068634033,,91580
3280,107479040,0.9347352865646213,3.7015506744384767,0.5220571517944336,,91591
3290,107806720,0.9342285059454002,3.6251548767089843,0.4990673542022705,,91583
3300,108134400,0.9337199204279533,3.6375450134277343,0.49324707984924315,,91591
3310,108462080,0.9332095324013407,3.7132408142089846,0.5093167781829834,,91555
3320,108789760,0.93269734426309,3.7251968383789062,0.5302205085754395,,91614
3330,109117440,0.9321833584191851,3.7519287109375,0.5236104011535645,,91595
3340,109445120,0.9316675772840538,3.646616744995117,0.5083646774291992,,91607
3350,109772800,0.9311500032805579,3.699522018432617,0.5554969787597657,,91605
3360,110100480,0.9306306388399807,3.678028106689453,0.5216604709625244,,91271
3370,110428160,0.9301094864020161,3.676069641113281,0.5252315998077393,,91549
3380,110755840,0.929586548414757,3.6985393524169923,0.509761905670166,,91595
3390,111083520,0.929061827334684,3.5927940368652345,0.504284143447876,,91565
3400,111411200,0.928535325626654,3.68420295715332,0.5094319343566894,,91557
3410,111738880,0.9280070457638875,3.729410934448242,0.5195816993713379,,91557
3420,112066560,0.9274769902279585,3.6614933013916016,0.5183053493499756,,91581
3430,112394240,0.9269451615087818,3.663848876953125,0.5219707489013672,,91592
3440,112721920,0.926411562104602,3.6667030334472654,0.5232266902923584,,91615
3450,113049600,0.9258761945219811,3.6197860717773436,0.5046623706817627,,91587
3460,113377280,0.9253390612757871,3.6343917846679688,0.5087735652923584,,91580
3470,113704960,0.9248001648891824,3.702524948120117,0.517864465713501,,91575
3480,114032640,0.9242595078936112,3.6958763122558596,0.5186522960662842,,91551
3490,114360320,0.9237170928287887,3.636785125732422,0.5140739440917969,,91605
3500,114688000,0.923172922242688,3.7177047729492188,0.5071120262145996,,91573
3510,115015680,0.922626998691529,3.645595169067383,0.5258727073669434,,91568
3520,115343360,0.922079324739766,3.620042419433594,0.5088369846343994,,91598
3530,115671040,0.9215299029600759,3.6566158294677735,0.505911922454834,,91600
3540,115998720,0.9209787359333456,3.6723201751708983,0.5120046615600586,,91593
3550,116326400,0.9204258262486603,3.6641231536865235,0.5016639709472657,,91582
3560,116654080,0.9198711765032919,3.6153896331787108,0.5096412181854248,,91603
3570,116981760,0.9193147893026851,3.5975486755371096,0.5086013793945312,,91570
3580,117309440,0.9187566672604472,3.6410099029541017,0.5196231365203857,,91614
3590,117637120,0.9181968129983342,3.6424629211425783,0.5062775611877441,,91572
3600,117964800,0.9176352291462395,3.6483840942382812,0.4992201805114746,,91525
3610,118292480,0.9170719183421812,3.6801998138427736,0.5249214172363281,,91570
3620,118620160,0.9165068832322891,3.6482528686523437,0.4971183776855469,,91584
3630,118947840,0.9159401264707938,3.6156600952148437,0.5060266494750977,,91624
3640,119275520,0.9153716507200125,3.6455265045166017,0.5167365074157715,,91579
3650,119603200,0.9148014586503377,3.7177295684814453,0.512282419204712,,91575
3660,119930880,0.9142295529402239,3.649723434448242,0.5048852920532226,,91567
3670,120258560,0.9136559362761759,3.62840576171875,0.49094505310058595,,91419
3680,120586240,0.9130806113527351,3.630146789550781,0.5191512107849121,,91604
3690,120913920,0.9125035808724679,3.6631065368652345,0.5013861656188965,,91605
3700,121241600,0.9119248475459516,3.589170455932617,0.4964400291442871,,91627
3710,121569280,0.9113444140917637,3.659973907470703,0.500702953338623,,91592
3720,121896960,0.9107622832364672,3.587210845947266,0.5014378547668457,,91585
3730,122224640,0.9101784577145987,3.6147510528564455,0.49765691757202146,,91553
3740,122552320,0.9095929402686556,3.6071475982666015,0.5123307704925537,,91599
3750,122880000,0.9090057336490831,3.675245666503906,0.5119968891143799,,91583
3760,123207680,0.908416840614261,3.6398815155029296,0.5454614639282227,,91574
3770,123535360,0.9078262639304908,3.7043487548828127,0.5228495597839355,,91622
3780,123863040,0.9072340063719835,3.609014892578125,0.5145023822784424,,91590
3790,124190720,0.9066400707208456,3.5770034790039062,0.5110641956329346,,91588
3800,124518400,0.906044459767066,3.661815643310547,0.5075369834899902,,91570
3810,124846080,0.905447176308504,3.6476318359375,0.5028645515441894,,91571
3820,125173760,0.9048482231508749,3.5838668823242186,0.49759368896484374,,91596
3830,125501440,0.9042476031077374,3.6269149780273438,0.49679136276245117,,91582
3840,125829120,0.9036453190004807,3.617115020751953,0.5295477390289307,,91524
3850,126156800,0.9030413736583102,3.661029815673828,0.5097127914428711,,91554
3860,126484480,0.9024357699182355,3.6211772918701173,0.5061676979064942,,91525
3870,126812160,0.9018285106250563,3.6239028930664063,0.5183011531829834,,91590
3880,127139840,0.901219598631349,3.606843185424805,0.5055900573730469,,91577
3890,127467520,0.9006090367974537,3.621392822265625,0.5070637226104736,,91588
3900,127795200,0.8999968279914605,3.6026241302490236,0.5272433280944824,,91605
3910,128122880,0.8993829750891961,3.6739116668701173,0.5379488945007325,,91599
3920,128450560,0.8987674809742102,3.609571075439453,0.49930667877197266,,91544
3930,128778240,0.8981503485377622,3.646574020385742,0.5114503860473633,,91558
3940,129105920,0.8975315806788072,3.5950572967529295,0.5063505172729492,,91558
3950,129433600,0.8969111803039826,3.6345035552978517,0.5063663482666015,,91577
3960,129761280,0.8962891503275952,3.5895717620849608,0.512187910079956,,91567
3970,130088960,0.8956654936716058,3.6286594390869142,0.5115293979644775,,91240
3980,130416640,0.8950402132656169,3.6501224517822264,0.5105237483978271,,91586
3990,130744320,0.8944133120468587,3.6032943725585938,0.518952465057373,,91586
4000,131072000,0.8937847929601748,3.6101016998291016,0.5227108478546143,,91510
4010,131399680,0.8931546589580086,3.632672882080078,0.5188432693481445,,91568
4020,131727360,0.8925229130003902,3.6650291442871095,0.5021522998809814,,91583
4030,132055040,0.8918895580549208,3.5931575775146483,0.5205365657806397,,91569
4040,132382720,0.8912545970967604,3.62864990234375,0.5058562755584717,,91561
4050,132710400,0.8906180331086129,3.6113655090332033,0.5050627231597901,,91595
4060,133038080,0.8899798690807127,3.5868038177490233,0.5087722301483154,,91569
4070,133365760,0.8893401080108099,3.6679092407226563,0.5144632816314697,,91567
4080,133693440,0.8886987529041569,3.5921703338623048,0.49901700019836426,,91570
4090,134021120,0.888055806773494,3.630173110961914,0.5193397998809814,,91574
4100,134348800,0.8874112726390354,3.5875320434570312,0.525951623916626,,91499
4110,134676480,0.8867651535284545,3.632102203369141,0.5119852542877197,,91560
4120,135004160,0.8861174524768703,3.5969207763671873,0.5115096092224121,,91575
4130,135331840,0.8854681725268331,3.6180046081542967,0.5119072437286377,,91556
4140,135659520,0.8848173167283098,3.637900161743164,0.5127046585083008,,91549
4150,135987200,0.8841648881386694,3.613037872314453,0.5129812240600586,,91559
4160,136314880,0.88351088982267,3.629718017578125,0.5216886520385742,,91580
4170,136642560,0.8828553248524423,3.5772689819335937,0.5083234310150146,,91567
4180,136970240,0.8821981963074773,3.6258708953857424,0.5206070899963379,,91549
4190,137297920,0.8815395072746101,3.6211639404296876,0.5235196590423584,,91550
4200,137625600,0.8808792608480065,3.5527244567871095,0.4981337070465088,,91579
4210,137953280,0.8802174601291479,3.6180652618408202,0.5031696319580078,,91550
4220,138280960,0.8795541082268172,3.5953903198242188,0.524927806854248,,91581
4230,138608640,0.8788892082570837,3.633438491821289,0.5083820343017578,,91562
4240,138936320,0.8782227633432887,3.6029293060302736,0.49976272583007814,,91618
4250,139264000,0.877554776616031,3.5819469451904298,0.5095301151275635,,91591
4260,139591680,0.8768852512131515,3.5894641876220703,0.5107593536376953,,91556
4270,139919360,0.8762141902797198,3.596751022338867,0.5163371562957764,,91556
4280,140247040,0.8755415969680176,3.5853748321533203,0.5211568832397461,,91393
4290,140574720,0.8748674744375259,3.638090133666992,0.5348930835723877,,91536
4300,140902400,0.8741918258549084,3.5670867919921876,0.5112588405609131,,91595
4310,141230080,0.8735146543939974,3.6262516021728515,0.5137503147125244,,91585
4320,141557760,0.8728359632357797,3.5669193267822266,0.5161500930786133,,91596
4330,141885440,0.8721557555683797,3.592166519165039,0.5122013092041016,,91596
4340,142213120,0.8714740345870462,3.540324401855469,0.5111530303955079,,91568
4350,142540800,0.8707908034941365,3.5995456695556642,0.5353653430938721,,91552
4360,142868480,0.8701060654991017,3.5976402282714846,0.5257597446441651,,91534
4370,143196160,0.8694198238184716,3.5812824249267576,0.503320837020874,,91516
4380,143523840,0.8687320816758393,3.562198257446289,0.5245719432830811,,91591
4390,143851520,0.8680428423018461,3.5738265991210936,0.5181129455566407,,91557
4400,144179200,0.8673521089341671,3.554561233520508,0.5138815402984619,,91574
4410,144506880,0.866659884817495,3.578546142578125,0.5326570510864258,,91554
4420,144834560,0.865966173203525,3.5366676330566404,0.5066343307495117,,91572
4430,145162240,0.86527097735094,3.608854293823242,0.5182697296142578,,91553
4440,145489920,0.8645743005253953,3.6136028289794924,0.5074213027954102,,91558
4450,145817600,0.8638761459995025,3.5645767211914063,0.5288500785827637,,91578
4460,146145280,0.8631765170528151,3.5568309783935548,0.517426586151123,,91564
4470,146472960,0.8624754169718122,3.516161346435547,0.5211859703063965,,91548
4480,146800640,0.8617728490498839,3.570250701904297,0.5171411514282227,,91579
4490,147128320,0.8610688165873153,3.418932342529297,0.49419755935668946,,91580
4500,147456000,0.860363322891271,3.5280818939208984,0.5214420795440674,,91587
4510,147783680,0.8596563712757798,3.5355209350585937,0.5204849243164062,,91574
4520,148111360,0.8589479650617188,3.5255001068115233,0.5050043106079102,,91531
4530,148439040,0.8582381075767984,3.538504409790039,0.5047754764556884,,91588
4540,148766720,0.8575268021555462,3.5697982788085936,0.5047137260437011,,91555
4550,149094400,0.8568140521392911,3.565904998779297,0.5144286632537842,,91550
4560,149422080,0.8560998608761481,3.5625762939453125,0.5111217498779297,,91514
4570,149749760,0.8553842317210026,3.6008880615234373,0.5015194416046143,,91555
4580,150077440,0.8546671680354943,3.539828872680664,0.49341583251953125,,91238
4590,150405120,0.8539486731880013,3.5716087341308596,0.5070036888122559,,91528
4600,150732800,0.8532287505536249,3.5232486724853516,0.5052267551422119,,91561
4610,151060480,0.8525074035141732,3.5792903900146484,0.5124662399291993,,91513
4620,151388160,0.8517846354581458,3.5704265594482423,0.5026308059692383,,91525
4630,151715840,0.8510604497807165,3.5680862426757813,0.5299485683441162,,91529
4640,152043520,0.8503348498837191,3.517543411254883,0.5164958477020264,,91526
4650,152371200,0.8496078391756305,3.564957046508789,0.5090233325958252,,91513
4660,152698880,0.8488794210715549,3.519175338745117,0.5060738563537598,,91591
4670,153026560,0.8481495989932074,3.5297393798828125,0.5131686210632325,,91573
4680,153354240,0.8474183763688985,3.590625,0.5140059471130372,,91519
4690,153681920,0.8466857566335172,3.542706298828125,0.5062427997589112,,91514
4700,154009600,0.8459517432285163,3.5965625762939455,0.5282130718231202,,91528
4710,154337280,0.8452163396018946,3.5373111724853517,0.5192468166351318,,91577
4720,154664960,0.8444795492081815,3.5506660461425783,0.5111132621765136,,91571
4730,154992640,0.8437413755084207,3.581856536865234,0.533822774887085,,91520
4740,155320320,0.8430018219701542,3.5787349700927735,0.5155999660491943,,91557
4750,155648000,0.8422608920674052,3.543930435180664,0.5135663032531739,,91585
4760,155975680,0.841518589280663,3.5830810546875,0.5186254978179932,,91577
4770,156303360,0.8407749170968652,3.5608745574951173,0.5128509521484375,,91538
4780,156631040,0.8400298790093831,3.5173545837402345,0.5098698139190674,,91564
4790,156958720,0.8392834785180031,3.523843765258789,0.5109407424926757,,91544
4800,157286400,0.8385357191289123,3.5491817474365233,0.5122661113739013,,91559
4810,157614080,0.837786604354681,3.544084930419922,0.5092259883880615,,91544
4820,157941760,0.8370361377142459,3.5795650482177734,0.5109658718109131,,91549
4830,158269440,0.8362843227328948,3.479191207885742,0.5210987091064453,,91533
4840,158597120,0.8355311629422486,3.49827880859375,0.5175624847412109,,91542
4850,158924800,0.8347766618802456,3.515468215942383,0.5075299263000488,,91581
4860,159252480,0.8340208230911248,3.5198009490966795,0.5047303199768066,,91501
4870,159580160,0.8332636501254091,3.5214664459228517,0.5129779815673828,,91552
4880,159907840,0.8325051465398888,3.5536800384521485,0.5178339958190918,,91532
4890,160235520,0.8317453158976044,3.56749267578125,0.5169916152954102,,91398
4900,160563200,0.8309841617678299,3.47415771484375,0.5122706890106201,,91545
4910,160890880,0.8302216877260572,3.521845245361328,0.5047107696533203,,91549
4920,161218560,0.829457897353978,3.5265655517578125,0.5153521537780762,,91559
4930,161546240,0.8286927942394671,3.5077991485595703,0.5270983695983886,,91584
4940,161873920,0.8279263819765664,3.5536590576171876,0.5305770397186279,,91564
4950,162201600,0.827158664165467,3.5116371154785155,0.5094275951385498,,91550
4960,162529280,0.8263896444124933,3.5115848541259767,0.5053961277008057,,91527
4970,162856960,0.825619326330085,3.4823036193847656,0.528820276260376,,91525
4980,163184640,0.8248477135367809,3.5266651153564452,0.5255408763885498,,91540
4990,163512320,0.8240748096572016,3.485216522216797,0.5343247413635254,,91541
5000,163840000,0.8233006183220325,3.4779129028320312,0.5249322414398193,,91556
5010,164167680,0.8225251431680068,3.5359710693359374,0.5109241962432861,,91530
5020,164495360,0.8217483878378885,3.458958053588867,0.516435194015503,,91557
5030,164823040,0.8209703559804551,3.5163768768310546,0.5153140544891357,,91589
5040,165150720,0.8201910512504803,3.558017349243164,0.5189888954162598,,91516
5050,165478400,0.8194104773087175,3.5662906646728514,0.5240456581115722,,91542
5060,165806080,0.8186286378218818,3.502308654785156,0.511884069442749,,91544
5070,166133760,0.8178455364626335,3.4910842895507814,0.49926958084106443,,91538
5080,166461440,0.8170611769095599,3.4306884765625,0.5231111526489258,,91517
5090,166789120,0.8162755628471595,3.4191707611083983,0.5148303985595704,,91551
5100,167116800,0.815488697965823,3.495217514038086,0.5252682209014893,,91493
5110,167444480,0.8147005859618172,3.562242126464844,0.5257812976837158,,91585
5120,167772160,0.813911230537267,3.468732452392578,0.5082526206970215,,91556
5130,168099840,0.8131206354001385,3.550983428955078,0.5203886508941651,,91554
5140,168427520,0.8123288042642208,3.4406532287597655,0.5150812149047852,,91505
5150,168755200,0.8115357408491098,3.4962436676025392,0.5256008625030517,,91499
5160,169082880,0.8107414488801894,3.5244468688964843,0.5160403251647949,,91534
5170,169410560,0.8099459320886147,3.536631393432617,0.5105548858642578,,91532
5180,169738240,0.8091491942112942,3.5404319763183594,0.5343934535980225,,91491
5190,170065920,0.8083512389908728,3.490157699584961,0.5336286067962647,,91270
5200,170393600,0.8075520701757136,3.5578758239746096,0.5161939144134522,,91564
5210,170721280,0.8067516915198807,3.5334781646728515,0.5122262477874756,,91499
5220,171048960,0.8059501067831211,3.5240188598632813,0.5233743190765381,,91522
5230,171376640,0.8051473197308472,3.4892444610595703,0.5242344856262207,,91544
5240,171704320,0.8043433341341197,3.487742614746094,0.5132428646087647,,91534
5250,172032000,0.8035381537696291,3.550690841674805,0.5254981040954589,,91530
5260,172359680,0.8027317824196785,3.5552845001220703,0.5197021007537842,,91563
5270,172687360,0.8019242238721653,3.5180984497070313,0.5174570560455323,,91588
5280,173015040,0.8011154819205639,3.480011749267578,0.5162018775939942,,91550
5290,173342720,0.8003055603639075,3.5083694458007812,0.5144741058349609,,91564
5300,173670400,0.799494463006771,3.5068641662597657,0.5124098300933838,,91556
5310,173998080,0.7986821936592519,3.5440223693847654,0.5121717929840088,,91555
5320,174325760,0.7978687561369534,3.5265830993652343,0.5147622108459473,,91593
5330,174653440,0.7970541542609662,3.499039077758789,0.5068381786346435,,91519
5340,174981120,0.7962383918578503,3.4864036560058596,0.5185980796813965,,91541
5350,175308800,0.7954214727596175,3.57586669921875,0.5422866821289063,,91532
5360,175636480,0.794603400803713,3.4790794372558596,0.5132986068725586,,91544
5370,175964160,0.7937841798329972,3.462047576904297,0.5080496788024902,,91563
5380,176291840,0.7929638136957288,3.453474426269531,0.5225584506988525,,91574
5390,176619520,0.7921423062455447,3.5305622100830076,0.536777400970459,,91528
5400,176947200,0.791319661341444,3.474599075317383,0.5223941326141357,,91559
5410,177274880,0.7904958828477688,3.5436092376708985,0.5249525547027588,,91546
5420,177602560,0.7896709746341858,3.4725879669189452,0.5036909580230713,,91574
5430,177930240,0.7888449405756687,3.472406768798828,0.5161652088165283,,91547
5440,178257920,0.78801778455248,3.493264007568359,0.5167995929718018,,91539
5450,178585600,0.7871895104501523,3.460163879394531,0.5209873676300049,,91540
5460,178913280,0.7863601221594704,3.470162582397461,0.516211748123169,,91536
5470,179240960,0.7855296235764533,3.4808597564697266,0.5147153377532959,,91505
5480,179568640,0.7846980186023351,3.5222644805908203,0.5092325210571289,,91571
5490,179896320,0.7838653111435474,3.44848747253418,0.5247946739196777,,91559
5500,180224000,0.7830315051117006,3.4556838989257814,0.5177412033081055,,91374
5510,180551680,0.7821966044235655,3.4826656341552735,0.5386098384857178,,91547
5520,180879360,0.7813606130010551,3.532228469848633,0.5123188495635986,,91534
5530,181207040,0.7805235347712062,3.553485870361328,0.5243782043457031,,91556
5540,181534720,0.7796853736661605,3.521626663208008,0.5347273349761963,,91543
5550,181862400,0.7788461336231468,3.46380615234375,0.5183963775634766,,91555
5560,182190080,0.7780058185844622,3.473917007446289,0.5364006996154785,,91518
5570,182517760,0.777164432497453,3.432819366455078,0.5193211555480957,,91550
5580,182845440,0.7763219793144973,3.548981475830078,0.5309525012969971,,91556
5590,183173120,0.7754784629929858,3.436086654663086,0.5106973648071289,,91534
5600,183500800,0.7746338874953032,3.4540531158447267,0.5205515384674072,,91548
5610,183828480,0.773788256788809,3.482899475097656,0.5274202823638916,,91520
5620,184156160,0.7729415748458205,3.478458786010742,0.5186258316040039,,91578
5630,184483840,0.7720938456435924,3.504088592529297,0.5281968593597413,,91561
5640,184811520,0.7712450731642992,3.412174606323242,0.5299942970275879,,91576
5650,185139200,0.7703952613950162,3.515614700317383,0.5341497421264648,,91553
5660,185466880,0.7695444143277006,3.450933074951172,0.5371560096740723,,91499
5670,185794560,0.7686925359591726,3.468993377685547,0.5306211471557617,,91538
5680,186122240,0.7678396302910978,3.5160789489746094,0.5246021270751953,,91521
5690,186449920,0.7669857013299661,3.520259475708008,0.5258348941802978,,91505
5700,186777600,0.7661307530870757,3.547758102416992,0.5260693073272705,,91529
5710,187105280,0.7652747895785117,3.43173828125,0.5173032283782959,,91541
5720,187432960,0.7644178148251293,3.3713939666748045,0.5116733551025391,,91532
5730,187760640,0.7635598328525331,3.500509262084961,0.5334736824035644,,91553
5740,188088320,0.76270084769106,3.4716381072998046,0.5171772003173828,,91524
5750,188416000,0.7618408633757584,3.4916248321533203,0.5124267578125,,91530
5760,188743680,0.760979883946371,3.5195438385009767,0.5418558597564698,,91524
5770,189071360,0.7601179134473144,3.490956497192383,0.5346977710723877,,91536
5780,189399040,0.7592549559276612,3.484457778930664,0.5143657207489014,,91507
5790,189726720,0.7583910154411201,3.5537578582763674,0.5249034881591796,,91509
5800,190054400,0.7575260960460173,3.517403411865234,0.515104866027832,,91260
5810,190382080,0.7566602018052777,3.5156486511230467,0.5238923072814942,,91507
5820,190709760,0.7557933367864051,3.5247669219970703,0.5277508735656739,,91522
5830,191037440,0.7549255050614639,3.4701374053955076,0.5246156692504883,,91530
5840,191365120,0.7540567107070592,3.4751296997070313,0.5122796535491944,,91507
5850,191692800,0.753186957804318,3.4623188018798827,0.5302707195281983,,91505
5860,192020480,0.7523162504388706,3.490848922729492,0.5142338752746582,,91498
5870,192348160,0.7514445927008302,3.5257488250732423,0.5358078479766846,,91532
5880,192675840,0.7505719886847744,3.3805778503417967,0.5386391639709472,,91550
5890,193003520,0.7496984424897264,3.487453842163086,0.5362944602966309,,91541
5900,193331200,0.7488239582191348,3.4507587432861326,0.5297032356262207,,91524
5910,193658880,0.7479485399808549,3.4800800323486327,0.5277712345123291,,91560
5920,193986560,0.7470721918871295,3.423958587646484,0.5193892478942871,,91530
5930,194314240,0.7461949180545687,3.443600082397461,0.5284568309783936,,91532
5940,194641920,0.745316722604132,3.4702342987060546,0.5283703327178955,,91506
5950,194969600,0.744437609661108,3.5072582244873045,0.5298721313476562,,91514
5960,195297280,0.7435575833550946,3.420305633544922,0.5253092288970947,,91552
5970,195624960,0.7426766478199808,3.5677768707275392,0.5290779113769531,,91504
5980,195952640,0.7417948071939264,3.473532867431641,0.5503867626190185,,91551
5990,196280320,0.7409120656193431,3.404012680053711,0.5237597942352294,,91543
6000,196608000,0.7400284272428742,3.4235698699951174,0.5317394733428955,,91544
6010,196935680,0.7391438962153765,3.4598834991455076,0.5128832817077636,,91567
6020,197263360,0.7382584766918991,3.4628585815429687,0.5326382637023925,,91509
6030,197591040,0.7373721728316657,3.4592159271240233,0.5342650413513184,,91525
6040,197918720,0.7364849887980534,3.512765121459961,0.5429852485656739,,91505
6050,198246400,0.7355969287585742,3.501178741455078,0.5432299137115478,,91519
6060,198574080,0.7347079968848549,3.4969554901123048,0.5212319374084473,,91532
6070,198901760,0.733818197352618,3.421871566772461,0.5230007648468018,,91549
6080,199229440,0.7329275343416618,3.372087097167969,0.5136092185974122,,91500
6090,199557120,0.7320360120358402,3.4598976135253907,0.5341006278991699,,91580
6100,199884800,0.7311436346230444,3.4324771881103517,0.5283867835998535,,91526
6110,200212480,0.7302504062951819,3.5123180389404296,0.5317572593688965,,91374
6120,200540160,0.7293563312481574,3.4238765716552733,0.5300884246826172,,91524
6130,200867840,0.7284614136818531,3.4454994201660156,0.5194170475006104,,91514
6140,201195520,0.7275656578001092,3.379606246948242,0.5233516216278076,,91548
6150,201523200,0.7266690678107032,3.446360397338867,0.5388406753540039,,91549
6160,201850880,0.7257716479253312,3.439253234863281,0.5173427581787109,,91554
6170,202178560,0.7248734023595879,3.4112003326416014,0.544462776184082,,91573
6180,202506240,0.7239743353329462,3.4404071807861327,0.5279185771942139,,91558
6190,202833920,0.7230744510687378,3.501179885864258,0.5203245162963868,,91524
6200,203161600,0.7221737537941337,3.454375457763672,0.5319187641143799,,91551
6210,203489280,0.7212722477401238,3.4729820251464845,0.5265082359313965,,91531
6220,203816960,0.7203699371414969,3.512882614135742,0.5295580863952637,,91497
6230,204144640,0.7194668262368217,3.440735626220703,0.5181960105895996,,91535
6240,204472320,0.7185629192684256,3.4570865631103516,0.5290239334106446,,91542
6250,204800000,0.7176582204823762,3.4151371002197264,0.5247469902038574,,91522
6260,205127680,0.7167527341284602,3.411425018310547,0.5245072841644287,,91534
6270,205455360,0.715846464460164,3.453830337524414,0.5162678718566894,,91517
6280,205783040,0.7149394157346535,3.430292510986328,0.5272734642028809,,91507
6290,206110720,0.7140315922127544,3.455638122558594,0.5384870529174804,,91532
6300,206438400,0.7131229981589317,3.458177947998047,0.540949821472168,,91490
6310,206766080,0.7122136378412699,3.415840911865234,0.5413508892059327,,91501
6320,207093760,0.7113035155314535,3.4525226593017577,0.5248422145843505,,91556
6330,207421440,0.710392635504746,3.4795886993408205,0.5230008602142334,,91550
6340,207749120,0.70948100203997,3.4656440734863283,0.5239488124847412,,91547
6350,208076800,0.7085686194194882,3.496071624755859,0.5310417175292969,,91532
6360,208404480,0.7076554919291816,3.441062164306641,0.5239270687103271,,91548
6370,208732160,0.7067416238584305,3.4346382141113283,0.5274123191833496,,91524
6380,209059840,0.7058270195000943,3.4984970092773438,0.529564094543457,,91495
6390,209387520,0.7049116831504906,3.4757663726806642,0.5467568874359131,,91487
6400,209715200,0.7039956191093758,3.5094852447509766,0.5419103622436523,,91507
6410,210042880,0.7030788316799246,3.496969223022461,0.5336544036865234,,91219
6420,210370560,0.7021613251687095,3.4694061279296875,0.5276399612426758,,91528
6430,210698240,0.7012431038856815,3.5262832641601562,0.5343676567077636,,91515
6440,211025920,0.7003241721441484,3.428824615478516,0.5208971500396729,,91514
6450,211353600,0.699404534260756,3.4640377044677733,0.5329426765441895,,91517
6460,211681280,0.6984841945554667,3.4128379821777344,0.5304705142974854,,91501
6470,212008960,0.6975631573515402,3.380523681640625,0.5270638465881348,,91502
6480,212336640,0.6966414269755121,3.4433818817138673,0.5250823020935058,,91531
6490,212664320,0.6957190077571747,3.4520442962646483,0.5363286972045899,,91559
6500,212992000,0.6947959040295556,3.363352584838867,0.5288094520568848,,91514
6510,213319680,0.693872120128898,3.4694690704345703,0.5289890766143799,,91555
6520,213647360,0.6929476603946405,3.4572216033935548,0.5501484394073486,,91525
6530,213975040,0.6920225291693962,3.4347267150878906,0.5380547046661377,,91481
6540,214302720,0.6910967307989323,3.380010223388672,0.5419467926025391,,91525
6550,214630400,0.6901702696321502,3.4067169189453126,0.5462168693542481,,91477
6560,214958080,0.6892431500210646,3.439397430419922,0.5304747104644776,,91523
6570,215285760,0.6883153763207832,3.534710693359375,0.5305056095123291,,91520
6580,215613440,0.6873869528894864,3.420404815673828,0.540293025970459,,91589
6590,215941120,0.6864578840884065,3.478592300415039,0.5483697414398193,,91548
6600,216268800,0.6855281742818073,3.431879425048828,0.5426873207092285,,91564
6610,216596480,0.6845978278369642,3.4376949310302733,0.5394815444946289,,91571
6620,216924160,0.683666849124143,3.5048202514648437,0.531861400604248,,91523
6630,217251840,0.6827352425165789,3.4410629272460938,0.5382242202758789,,91534
6640,217579520,0.6818030123904574,3.4761085510253906,0.5451716899871826,,91545
6650,217907200,0.6808701631248927,3.4312862396240233,0.5354697227478027,,91543
6660,218234880,0.6799366991019075,3.4458236694335938,0.5339598178863525,,91504
6670,218562560,0.6790026247064119,3.4693206787109374,0.5529790878295898,,91517
6680,218890240,0.6780679443261837,3.4161148071289062,0.5458228111267089,,91572
6690,219217920,0.6771326623518468,3.443754196166992,0.5543733596801758,,91516
6700,219545600,0.6761967831768516,3.433323287963867,0.5308923244476318,,91556
6710,219873280,0.6752603111974533,3.426006317138672,0.5310427665710449,,91541
6720,220200960,0.6743232508126922,3.4746185302734376,0.5354601383209229,,91384
6730,220528640,0.6733856064243724,3.4677982330322266,0.5460892677307129,,91536
6740,220856320,0.6724473824370414,3.3479335784912108,0.5338091850280762,,91504
6750,221184000,0.6715085832579691,3.409109878540039,0.5373715877532959,,91517
6760,221511680,0.6705692132971278,3.422171401977539,0.5374721050262451,,91500
6770,221839360,0.6696292769671708,3.350322723388672,0.53468017578125,,91583
6780,222167040,0.6686887786834115,3.435647201538086,0.5379676342010498,,91544
6790,222494720,0.6677477228638038,3.4471767425537108,0.5446533203125,,91530
6800,222822400,0.6668061139289202,3.3989810943603516,0.5259633541107178,,91475
6810,223150080,0.6658639563019313,3.4413002014160154,0.5356454372406005,,91510
6820,223477760,0.6649212544085855,3.4517753601074217,0.5438670158386231,,91511
6830,223805440,0.6639780126771876,3.3212947845458984,0.5342252731323243,,91507
6840,224133120,0.6630342355385784,3.411767578125,0.5323497295379639,,91550
6850,224460800,0.6620899274261136,3.401795196533203,0.5320475578308106,,91514
6860,224788480,0.6611450927756435,3.4367794036865233,0.5266500473022461,,91515
6870,225116160,0.6601997360254913,3.4327178955078126,0.5492242813110352,,91556
6880,225443840,0.659253861616433,3.372967529296875,0.5319053173065186,,91501
6890,225771520,0.6583074739916764,3.3896709442138673,0.5345452308654786,,91518
6900,226099200,0.65736057759684,3.430084991455078,0.5315286636352539,,91521
6910,226426880,0.656413176879932,3.4786495208740233,0.5456831932067872,,91549
6920,226754560,0.65546527629133,3.4854408264160157,0.5473247051239014,,91511
6930,227082240,0.6545168802837597,3.4356029510498045,0.5615949153900146,,91539
6940,227409920,0.6535679933122733,3.443948745727539,0.5465868949890137,,91507
6950,227737600,0.6526186198342305,3.4011287689208984,0.5390896797180176,,91538
6960,228065280,0.6516687643092755,3.461507797241211,0.539907169342041,,91541
6970,228392960,0.6507184311993169,3.4489837646484376,0.5455481052398682,,91553
6980,228720640,0.6497676249685073,3.3935306549072264,0.5437935829162598,,91556
6990,229048320,0.648816350083221,3.405278778076172,0.5390061378479004,,91543
7000,229376000,0.6478646110120344,3.392721176147461,0.5516767978668213,,91498
7010,229703680,0.6469124122257043,3.3897937774658202,0.5301498413085938,,91528
7020,230031360,0.6459597581971467,3.407991409301758,0.5433866024017334,,91238
7030,230359040,0.6450066534014163,3.3321468353271486,0.5350594520568848,,91547
7040,230686720,0.6440531023156852,3.4166656494140626,0.5416316032409668,,91507
7050,231014400,0.643099109419222,3.4070995330810545,0.5392929553985596,,91505
7060,231342080,0.6421446791933706,3.3794605255126955,0.5301155567169189,,91541
7070,231669760,0.6411898161215294,3.3967891693115235,0.5272005558013916,,91536
7080,231997440,0.6402345246891296,3.386341094970703,0.637387466430664,,91546
7090,232325120,0.6392788093836153,3.3717369079589843,0.558067798614502,,91523
7100,232652800,0.6383226746944214,3.334088134765625,0.5721989631652832,,91538
7110,232980480,0.6373661251129528,3.336946487426758,0.568818473815918,,91550
7120,233308160,0.6364091651325631,3.338086700439453,0.5391404151916503,,91575
7130,233635840,0.6354517992485343,3.447628402709961,0.5552503108978272,,91530
7140,233963520,0.6344940319580545,3.4039260864257814,0.5433332443237304,,91523
7150,234291200,0.6335358677601981,3.420174789428711,0.5484054088592529,,91545
7160,234618880,0.6325773111559034,3.4078353881835937,0.5521161556243896,,91550
7170,234946560,0.631618366647952,3.3969493865966798,0.5372154712677002,,91540
7180,235274240,0.6306590387409481,3.3891868591308594,0.5282002925872803,,91505
7190,235601920,0.6296993319412965,3.4052974700927736,0.5369606494903565,,91538
7200,235929600,0.6287392507571821,3.433909606933594,0.5369878768920898,,91556
7210,236257280,0.627778799698548,3.376306915283203,0.5454563617706298,,91569
7220,236584960,0.6268179832770756,3.393682098388672,0.5447428703308106,,91552
7230,236912640,0.6258568060061616,3.3719245910644533,0.5627582550048829,,91535
7240,237240320,0.6248952724008985,3.401942825317383,0.5420699119567871,,91523
7250,237568000,0.6239333869780525,3.4077281951904297,0.5539350986480713,,91544
7260,237895680,0.6229711542560421,3.3743770599365233,0.5343985080718994,,91538
7270,238223360,0.6220085787549176,3.3757404327392577,0.5362855911254882,,91539
7280,238551040,0.6210456649963396,3.3198688507080076,0.5319055557250977,,91497
7290,238878720,0.6200824175035572,3.3764381408691406,0.5493977546691895,,91572
7300,239206400,0.6191188408013876,3.4202484130859374,0.5470890998840332,,91543
7310,239534080,0.618154939416194,3.34444580078125,0.5490793704986572,,91565
7320,239861760,0.6171907178758654,3.3598899841308594,0.5467129230499268,,91520
7330,240189440,0.6162261807097943,3.412859344482422,0.5537584304809571,,91371
7340,240517120,0.615261332448856,3.411061096191406,0.5433957576751709,,91507
7350,240844800,0.6142961776253867,3.3724327087402344,0.535619592666626,,91513
7360,241172480,0.6133307207731634,3.3777332305908203,0.5454414367675782,,91557
7370,241500160,0.6123649664273816,3.371648406982422,0.5461952209472656,,91560
7380,241827840,0.6113989191246338,3.3762138366699217,0.5518390655517578,,91535
7390,242155520,0.6104325834028894,3.3764881134033202,0.5386029720306397,,91537
7400,242483200,0.6094659638014722,3.411632537841797,0.5534228324890137,,91555
7410,242810880,0.6084990648610393,3.375309371948242,0.5459248065948487,,91517
7420,243138560,0.6075318911235607,3.458707809448242,0.5497320175170899,,91500
7430,243466240,0.6065644471322965,3.426533508300781,0.5639300346374512,,91502
7440,243793920,0.6055967374317768,3.4620208740234375,0.5473433494567871,,91503
7450,244121600,0.6046287665677795,3.4049304962158202,0.5508830070495605,,91512
7460,244449280,0.6036605390873098,3.3870819091796873,0.5485057830810547,,91541
7470,244776960,0.6026920595385779,3.3810985565185545,0.5505439758300781,,91565
7480,245104640,0.6017233324709779,3.3897666931152344,0.5394949913024902,,91508
7490,245432320,0.6007543624350674,3.3186717987060548,0.5362269401550293,,91522
7500,245760000,0.5997851539825445,3.304090881347656,0.5348931312561035,,91528
7510,246087680,0.5988157116662278,3.3296836853027343,0.5404990673065185,,91476
7520,246415360,0.5978460400400343,3.3376609802246096,0.5399257659912109,,91523
7530,246743040,0.5968761436589581,3.3606746673583983,0.5592433452606201,,91510
7540,247070720,0.595906027079049,3.415934753417969,0.5539344310760498,,91514
7550,247398400,0.5949356948573915,3.3506305694580076,0.5500845432281494,,91503
7560,247726080,0.593965151552083,3.381914520263672,0.5525372982025146,,91572
7570,248053760,0.5929944017222119,3.321382522583008,0.5370091438293457,,91513
7580,248381440,0.5920234499278374,3.4110755920410156,0.553867244720459,,91532
7590,248709120,0.5910523007299672,3.368915557861328,0.5499860763549804,,91526
7600,249036800,0.5900809586905363,3.4118858337402345,0.5420938014984131,,91517
7610,249364480,0.5891094283723856,3.393349456787109,0.5425573825836182,,91506
7620,249692160,0.5881377143392402,3.4264320373535155,0.5543799877166748,,91504
7630,250019840,0.5871658211556886,3.4611228942871093,0.565213966369629,,91255
7640,250347520,0.5861937533871606,3.3376346588134767,0.5400354385375976,,91513
7650,250675200,0.585221515599906,3.3850425720214843,0.5500853061676025,,91519
7660,251002880,0.5842491123609734,3.318399429321289,0.5417152404785156,,91554
7670,251330560,0.5832765482381888,3.410770034790039,0.5443634033203125,,91540
7680,251658240,0.5823038278001335,3.383099365234375,0.5623003482818604,,91536
7690,251985920,0.5813309556161232,3.352552795410156,0.538761043548584,,91528
7700,252313600,0.5803579362561871,3.382154846191406,0.5428911209106445,,91520
7710,252641280,0.5793847742910447,3.4161685943603515,0.5507864952087402,,91505
7720,252968960,0.5784114742920861,3.3813106536865236,0.5550017833709717,,91526
7730,253296640,0.5774380408313496,3.303956985473633,0.5570703506469726,,91556
7740,253624320,0.5764644784815004,3.3555477142333983,0.5494862079620362,,91549
7750,253952000,0.575490791815809,3.4167369842529296,0.5528862476348877,,91520
7760,254279680,0.5745169854081302,3.3928245544433593,0.5452619552612304,,91512
7770,254607360,0.5735430638328811,3.3261444091796877,0.550776195526123,,91564
7780,254935040,0.5725690316650198,3.348954772949219,0.552088737487793,,91510
7790,255262720,0.571594893480024,3.3672130584716795,0.5522558689117432,,91522
7800,255590400,0.5706206538538694,3.3883335113525392,0.5590858459472656,,91527
7810,255918080,0.5696463173630077,3.405508041381836,0.5894340991973877,,91518
7820,256245760,0.5686718885843468,3.390028381347656,0.5577199459075928,,91543
7830,256573440,0.5676973720952269,3.3760345458984373,0.606661033630371,,91587
7840,256901120,0.5667227724734006,3.3743896484375,0.5693021774291992,,91558
7850,257228800,0.5657480942970116,3.4054325103759764,0.5600357055664062,,91551
7860,257556480,0.5647733421445715,3.3801692962646483,0.5530571937561035,,91557
7870,257884160,0.5637985205949405,3.395416259765625,0.5442703247070313,,91542
7880,258211840,0.5628236342273044,3.3888195037841795,0.5463236808776856,,91552
7890,258539520,0.5618486876211529,3.3889808654785156,0.5369532108306885,,91536
7900,258867200,0.5608736853562596,3.384163665771484,0.5496339797973633,,91537
7910,259194880,0.5598986320126588,3.3715236663818358,0.5536209106445312,,91582
7920,259522560,0.5589235321706254,3.268558883666992,0.5464943885803223,,91548
7930,259850240,0.557948390410652,3.383811187744141,0.5739776611328125,,91544
7940,260177920,0.5569732113134289,3.3714412689208983,0.5530599594116211,,91365
7950,260505600,0.5559979994598211,3.348373031616211,0.5598474502563476,,91497
7960,260833280,0.5550227594308477,3.429397964477539,0.5529505729675293,,91545
7970,261160960,0.5540474958076603,3.3062950134277345,0.5475123405456543,,91497
7980,261488640,0.5530722131715214,3.3623767852783204,0.5638745784759521,,91550
7990,261816320,0.5520969161037825,3.3625160217285157,0.5522677421569824,,91557
8000,262144000,0.551121609185863,3.398877716064453,0.5555244445800781,,91564
8010,262471680,0.5501462969992287,3.3087539672851562,0.5472644805908203,,91535
8020,262799360,0.5491709841253699,3.313985061645508,0.5496078968048096,,91550
8030,263127040,0.5481956751457805,3.3596828460693358,0.5489798545837402,,91495
8040,263454720,0.5472203746419358,3.3593814849853514,0.5472048282623291,,91519
8050,263782400,0.5462450871952715,3.308369827270508,0.5484718799591064,,91445
8060,264110080,0.5452698173871616,3.3124061584472657,0.5562836170196533,,91470
8070,264437760,0.5442945697988978,3.3760528564453125,0.5462910175323487,,91493
8080,264765440,0.5433193490116667,3.3777114868164064,0.5569411277770996,,91501
8090,265093120,0.5423441596065299,3.3499011993408203,0.5748834133148193,,91496
8100,265420800,0.5413690061644008,3.3622615814208983,0.5614525318145752,,91498
8110,265748480,0.5403938932660243,3.350156784057617,0.5654102802276612,,91504
8120,266076160,0.5394188254919544,3.3795421600341795,0.5495448112487793,,91504
8130,266403840,0.538443807422534,3.3367542266845702,0.561650276184082,,91526
8140,266731520,0.5374688436378715,3.3468296051025392,0.5535851955413819,,91507
8150,267059200,0.5364939387178209,3.384622573852539,0.5499777317047119,,91521
8160,267386880,0.5355190972419597,3.274814987182617,0.5499276161193848,,91468
8170,267714560,0.5345443237895667,3.3913097381591797,0.5623560428619385,,91554
8180,268042240,0.5335696229396024,3.3595355987548827,0.5637852668762207,,91520
8190,268369920,0.532594999270685,3.369927978515625,0.5538449764251709,,91530
8200,268697600,0.5316204573610711,3.4168190002441405,0.5604242324829102,,91501
8210,269025280,0.5306460017886323,3.3557659149169923,0.5514627456665039,,91514
8220,269352960,0.5296716371308356,3.3744449615478516,0.5528874874114991,,91511
8230,269680640,0.5286973679647203,3.3327682495117186,0.5596080780029297,,91490
8240,270008320,0.5277231988668772,3.3425983428955077,0.5526152133941651,,91194
8250,270336000,0.5267491344134275,3.3313793182373046,0.568492841720581,,91513
8260,270663680,0.5257751791799999,3.392332077026367,0.5630151748657226,,91539
8270,270991360,0.5248013377417113,3.3462295532226562,0.5617716312408447,,91493
8280,271319040,0.523827614673143,3.288603973388672,0.5633928298950195,,91536
8290,271646720,0.5228540145483207,3.3146968841552735,0.5554781436920166,,91502
8300,271974400,0.5218805419406926,3.396556854248047,0.5597750663757324,,91496
8310,272302080,0.5209072014231075,3.3080734252929687,0.5490701198577881,,91493
8320,272629760,0.5199339975677946,3.380298614501953,0.554842472076416,,91481
8330,272957440,0.51896093494634,3.378917694091797,0.5611710548400879,,91509
8340,273285120,0.5179880181296672,3.4074310302734374,0.569730281829834,,91549
8350,273612800,0.5170152516880143,3.26715087890625,0.5576783657073975,,91528
8360,273940480,0.5160426401909136,3.347241973876953,0.5604998111724854,,91522
8370,274268160,0.5150701882071689,3.381755828857422,0.5536748886108398,,91504
8380,274595840,0.514097900304835,3.362509536743164,0.5641673088073731,,91490
8390,274923520,0.5131257810511961,3.3881694793701174,0.587491798400879,,91503
8400,275251200,0.5121538350127436,3.3451847076416015,0.5594713687896729,,91498
8410,275578880,0.511182066755156,3.2674591064453127,0.5493278980255127,,91485
8420,275906560,0.510210480843276,3.348678970336914,0.5643278598785401,,91495
8430,276234240,0.5092390818410902,3.329454803466797,0.5662666320800781,,91516
8440,276561920,0.508267874311707,3.319845199584961,0.5688990592956543,,91513
8450,276889600,0.5072968628173354,3.3911205291748048,0.5698470592498779,,91522
8460,277217280,0.5063260519192636,3.3376174926757813,0.5700064182281495,,91512
8470,277544960,0.5053554461778373,3.3610599517822264,0.561084794998169,,91520
8480,277872640,0.5043850501524388,3.3085079193115234,0.5635628700256348,,91518
8490,278200320,0.5034148684014648,3.365622329711914,0.5860068321228027,,91481
8500,278528000,0.502444905482306,3.340015411376953,0.5691093921661377,,91499
8510,278855680,0.5014751659513248,3.32197265625,0.5647436618804932,,91519
8520,279183360,0.5005056543638344,3.3142040252685545,0.5688714981079102,,91534
8530,279511040,0.499536375274077,3.3501617431640627,0.5691296100616455,,91545
8540,279838720,0.4985673332352031,3.3017581939697265,0.5627254486083985,,91509
8550,280166400,0.49759853279924915,3.327397918701172,0.560661792755127,,91416
8560,280494080,0.4966299785171171,3.3346099853515625,0.5690719604492187,,91522
8570,280821760,0.4956616749385523,3.314342498779297,0.5704678535461426,,91500
8580,281149440,0.49469362661212246,3.379694366455078,0.5604576587677002,,91494
8590,281477120,0.49372583808519666,3.393832778930664,0.5511048793792724,,91533
8600,281804800,0.4927583139039229,3.3479778289794924,0.5617922306060791,,91527
8610,282132480,0.49179105861320815,3.3123023986816404,0.5603015899658204,,91524
8620,282460160,0.4908240767566955,3.3603092193603517,0.5731876850128174,,91530
8630,282787840,0.48985737287674447,3.3368350982666017,0.5731762409210205,,91504
8640,283115520,0.4888909515144081,3.3498561859130858,0.5634183883666992,,91514
8650,283443200,0.4879248172094126,3.3187324523925783,0.577350664138794,,91458
8660,283770880,0.4869589745001358,3.367991256713867,0.5768519878387451,,91489
8670,284098560,0.48599342792358535,3.3395286560058595,0.5636229038238525,,91506
8680,284426240,0.48502818201537845,3.329219436645508,0.5554720401763916,,91498
8690,284753920,0.48406324130971956,3.3219417572021483,0.5571128845214843,,91528
8700,285081600,0.4830986103393794,3.321736145019531,0.561328649520874,,91530
8710,285409280,0.4821342936356737,3.3733104705810546,0.5628392696380615,,91552
8720,285736960,0.4811702957284427,3.3732555389404295,0.5800504207611084,,91564
8730,286064640,0.48020662114602786,3.32235107421875,0.5596574783325196,,91497
8740,286392320,0.4792432744152527,3.358661651611328,0.5641134262084961,,91513
8750,286720000,0.47828026006140056,3.358491134643555,0.567627239227295,,91528
8760,287047680,0.477317582608193,3.2676937103271486,0.5613165378570557,,91495
8770,287375360,0.4763552465777695,3.3401336669921875,0.5724366188049317,,91511
8780,287703040,0.47539325649066544,3.286488342285156,0.5675037860870361,,91511
8790,288030720,0.4744316168657915,3.3334377288818358,0.5763427734375,,91562
8800,288358400,0.47347033222041146,3.317556381225586,0.5800672054290772,,91516
8810,288686080,0.47250940707012234,3.316506195068359,0.571690559387207,,91552
8820,289013760,0.47154884592883173,3.2860546112060547,0.5736826896667481,,91537
8830,289341440,0.4705886533087379,3.3590652465820314,0.569502878189087,,91546
8840,289669120,0.4696288337203076,3.2886409759521484,0.5619050979614257,,91497
8850,289996800,0.4686693916722554,3.3054573059082033,0.5638693809509278,,91214
8860,290324480,0.46771033167152265,3.2999549865722657,0.5723690509796142,,91494
8870,290652160,0.4667516582232554,3.365420913696289,0.5641016960144043,,91473
8880,290979840,0.46579337583078473,3.3107479095458983,0.5521011829376221,,91551
8890,291307520,0.4648354889956039,3.347676467895508,0.5704104900360107,,91525
8900,291635200,0.4638780022173489,3.2946163177490235,0.5655736446380615,,91502
8910,291962880,0.4629209199937757,3.3215442657470704,0.5698824405670166,,91527
8920,292290560,0.46196424682074044,3.322971725463867,0.5701231002807617,,91521
8930,292618240,0.4610079871921775,3.272586441040039,0.5801093578338623,,91510
8940,292945920,0.4600521456000787,3.323987579345703,0.5861594200134277,,91525
8950,293273600,0.4590967265344721,3.3398433685302735,0.5646255016326904,,91490
8960,293601280,0.4581417344834009,3.2760929107666015,0.578214168548584,,91514
8970,293928960,0.45718717393290287,3.3090930938720704,0.5798267364501953,,91529
8980,294256640,0.45623304936698816,3.30633544921875,0.5713502883911132,,91504
8990,294584320,0.4552793652676195,3.3042766571044924,0.575956153869629,,91525
9000,294912000,0.4543261261146899,3.3087268829345704,0.5555435180664062,,91482
9010,295239680,0.45337333638600297,3.37951774597168,0.5843145370483398,,91499
9020,295567360,0.45242100055725065,3.3667060852050783,0.5738711833953858,,91529
9030,295895040,0.45146912310199294,3.3564773559570313,0.5836353302001953,,91510
9040,296222720,0.4505177084916365,3.334656524658203,0.5664510726928711,,91550
9050,296550400,0.44956676119541383,3.3896697998046874,0.58050537109375,,91514
9060,296878080,0.4486162856803626,3.3384521484375,0.5737249374389648,,91539
9070,297205760,0.44766628641130346,3.2962581634521486,0.5696588039398194,,91535
9080,297533440,0.4467167678508208,3.268293762207031,0.581999397277832,,91533
9090,297861120,0.44576773445924056,3.3224681854248046,0.5723639488220215,,91458
9100,298188800,0.4448191906946096,3.367181396484375,0.5835103988647461,,91513
9110,298516480,0.44387114101267466,3.2910995483398438,0.5660753726959229,,91531
9120,298844160,0.44292358986686153,3.2744068145751952,0.5725069522857666,,91513
9130,299171840,0.4419765417082546,3.28228759765625,0.5737971305847168,,91514
9140,299499520,0.4410300009855749,3.288240432739258,0.5560492038726806,,91546
9150,299827200,0.4400839721451604,3.285063552856445,0.5632263660430908,,91592
9160,300154880,0.43913845963094367,3.3320140838623047,0.5731420516967773,,91413
9170,300482560,0.4381934678844329,3.3061763763427736,0.5768983364105225,,91490
9180,300810240,0.43724900134468936,3.3235042572021483,0.5965696334838867,,91488
9190,301137920,0.4363050644483073,3.3119953155517576,0.571050500869751,,91521
9200,301465600,0.4353616616293928,3.391107177734375,0.5845101356506348,,91509
9210,301793280,0.4344187973195436,3.3709239959716797,0.578141736984253,,91551
9220,302120960,0.43347647594782734,3.2794612884521483,0.5593825817108155,,91575
9230,302448640,0.4325347019407614,3.3676586151123047,0.569089937210083,,91568
9240,302776320,0.43159347972229234,3.3178829193115233,0.5626821994781495,,91535
9250,303104000,0.43065281371377384,3.3240592956542967,0.5604349613189697,,91547
9260,303431680,0.4297127083339477,3.3079765319824217,0.5819777488708496,,91500
9270,303759360,0.4287731679989216,3.332701873779297,0.5733221054077149,,91512
9280,304087040,0.4278341971221492,3.2777671813964844,0.56613187789917,,91532
9290,304414720,0.4268958001144092,3.337152862548828,0.5649577140808105,,91526
9300,304742400,0.42595798138378416,3.3365299224853517,0.5719806671142578,,91581
9310,305070080,0.4250207453356408,3.339579772949219,0.5784765243530273,,91558
9320,305397760,0.42408409637260824,3.3568130493164063,0.5747486114501953,,91543
9330,305725440,0.4231480388945583,3.3276248931884767,0.5764253616333008,,91509
9340,306053120,0.4222125772985835,3.3351119995117187,0.5730541229248047,,91545
9350,306380800,0.42127771597897823,3.2670242309570314,0.5696553707122802,,91478
9360,306708480,0.4203434593272163,3.348272705078125,0.5710992813110352,,91490
9370,307036160,0.4194098117319315,3.3163921356201174,0.5838972568511963,,91510
9380,307363840,0.41847677757889645,3.3177364349365233,0.5757791042327881,,91535
9390,307691520,0.41754436125100236,3.3517581939697267,0.5818483352661132,,91541
9400,308019200,0.416612567128238,3.293084716796875,0.5710007190704346,,91561
9410,308346880,0.41568139958766936,3.25133056640625,0.5755546569824219,,91545
9420,308674560,0.41475086300341946,3.2907974243164064,0.56809401512146,,91576
9430,309002240,0.41382096174664673,3.2767120361328126,0.57015380859375,,91530
9440,309329920,0.412891700185526,3.356256103515625,0.5851499080657959,,91561
9450,309657600,0.4119630826852264,3.2824142456054686,0.5769835948944092,,91514
9460,309985280,0.41103511360789224,3.323918914794922,0.5846982002258301,,91208
9470,310312960,0.4101077973126215,3.3297840118408204,0.5762578964233398,,91508
9480,310640640,0.40918113815544555,3.24292106628418,0.5711945533752442,,91558
9490,310968320,0.40825514048930955,3.2769927978515625,0.561652946472168,,91505
9500,311296000,0.4073298086640508,3.3042137145996096,0.5859421730041504,,91567
9510,311623680,0.4064051470263791,3.2820281982421875,0.5808590412139892,,91546
9520,311951360,0.40548115991985556,3.3664577484130858,0.5929379940032959,,91494
9530,312279040,0.4045578516848737,3.2699634552001955,0.5917205333709716,,91510
9540,312606720,0.40363522665863694,3.317914581298828,0.5883769989013672,,91531
9550,312934400,0.4027132891751404,3.3295272827148437,0.5856867790222168,,91506
9560,313262080,0.40179204356514864,3.2930648803710936,0.5806434154510498,,91506
9570,313589760,0.4008714941561764,3.260153961181641,0.5712685585021973,,91529
9580,313917440,0.3999516452724685,3.2678260803222656,0.5672602176666259,,91530
9590,314245120,0.39903250123497847,3.260708236694336,0.5621167182922363,,91553
9600,314572800,0.3981140663613494,3.327566146850586,0.5873813629150391,,91506
9610,314900480,0.3971963449658923,3.344657135009766,0.5885536193847656,,91501
9620,315228160,0.39627934135956777,3.2776653289794924,0.5724997520446777,,91506
9630,315555840,0.3953630598499638,3.3305732727050783,0.5739103794097901,,91493
9640,315883520,0.3944475047412763,3.3347793579101563,0.5811509609222412,,91525
9650,316211200,0.3935326803342897,3.347861480712891,0.5838074684143066,,91500
9660,316538880,0.3926185909263551,3.3763397216796873,0.5701607704162598,,91536
9670,316866560,0.3917052408113716,3.3118526458740236,0.5889304637908935,,91525
9680,317194240,0.39079263427976507,3.2998779296875,0.5757498741149902,,91532
9690,317521920,0.389880775618469,3.3053951263427734,0.5868175506591797,,91481
9700,317849600,0.388969669110903,3.303226089477539,0.58307785987854,,91521
9710,318177280,0.38805931903695423,3.317599868774414,0.5903224468231201,,91517
9720,318504960,0.38714972967295613,3.2692630767822264,0.574121618270874,,91522
9730,318832640,0.38624090529166855,3.260197067260742,0.5740524768829346,,91516
9740,319160320,0.3853328501622585,3.2694896697998046,0.5716425895690918,,91524
9750,319488000,0.38442556855027865,3.3550975799560545,0.5877949714660644,,91529
9760,319815680,0.38351906471764896,3.308481216430664,0.5966583251953125,,91515
9770,320143360,0.3826133429226348,3.3233470916748047,0.5884305953979492,,91350
9780,320471040,0.38170840741982925,3.319830322265625,0.5834888458251953,,91528
9790,320798720,0.38080426246013044,3.278739166259766,0.5889367580413818,,91509
9800,321126400,0.379900912290724,3.2279029846191407,0.5728069305419922,,91496
9810,321454080,0.3789983611550616,3.30496826171875,0.5853643417358398,,91514
9820,321781760,0.3780966132928413,3.3159229278564455,0.579209566116333,,91546
9830,322109440,0.37719567293998824,3.313874435424805,0.5713071346282959,,91539
9840,322437120,0.3762955443286341,3.2764720916748047,0.5805673122406005,,91540
9850,322764800,0.37539623168709757,3.3751380920410154,0.5960500717163086,,91514
9860,323092480,0.37449773923986396,3.2412303924560546,0.5837780475616455,,91506
9870,323420160,0.37360007120756655,3.327116775512695,0.5831794738769531,,91525
9880,323747840,0.37270323180696474,3.2945323944091798,0.5811405658721924,,91528
9890,324075520,0.3718072252509268,3.2569862365722657,0.5822091579437256,,91484
9900,324403200,0.370912055748408,3.317533493041992,0.577837324142456,,91499
9910,324730880,0.3700177275044315,3.3086269378662108,0.5895218849182129,,91485
9920,325058560,0.369124244720069,3.258713150024414,0.5845584392547607,,91548
9930,325386240,0.36823161159242057,3.279131317138672,0.5752915859222412,,91532
9940,325713920,0.3673398323145951,3.2917423248291016,0.5758861541748047,,91526
9950,326041600,0.36644891107569044,3.321604919433594,0.5839406967163085,,91510
9960,326369280,0.3655588520607741,3.3122936248779298,0.5841960430145263,,91496
9970,326696960,0.3646696594508628,3.345965576171875,0.5873258590698243,,91503
9980,327024640,0.3637813374229041,3.2900211334228517,0.5824277400970459,,91523
9990,327352320,0.36289389014975526,3.2531478881835936,0.5863669872283935,,91497
10000,327680000,0.3620073218001649,3.2802581787109375,0.5733351230621337,,91515
10010,328007680,0.3611216365387533,3.3392406463623048,0.591916275024414,,91536
10020,328335360,0.360236838525991,3.2932968139648438,0.6426913738250732,,91508
10030,328663040,0.3593529319181825,3.3308731079101563,0.5885910987854004,,91546
10040,328990720,0.35846992086744367,3.274314117431641,0.5850176811218262,,91501
10050,329318400,0.35758780952168456,3.311307907104492,0.6055758953094482,,91521
10060,329646080,0.3567066020245879,3.257705307006836,0.5829721927642822,,91467
10070,329973760,0.35582630251559155,3.2816139221191407,0.5855475425720215,,91250
10080,330301440,0.3549469151298672,3.2247268676757814,0.5710539817810059,,91498
10090,330629120,0.3540684439983024,3.277134323120117,0.5969028472900391,,91503
10100,330956800,0.3531908932474809,3.311606216430664,0.581733226776123,,91510
10110,331284480,0.3523142669996624,3.316085433959961,0.590884780883789,,91531
10120,331612160,0.3514385693727643,3.301985168457031,0.5881602764129639,,91487
10130,331939840,0.3505638044803414,3.2919696807861327,0.5892822265625,,91516
10140,332267520,0.3496899764315674,3.326142120361328,0.6044076919555664,,91499
10150,332595200,0.3488170893312148,3.2524154663085936,0.5851332187652588,,91528
10160,332922880,0.34794514727963644,3.227887725830078,0.5797540664672851,,91526
10170,333250560,0.3470741543727457,3.271092987060547,0.5904945850372314,,91496
10180,333578240,0.346204114701997,3.2378578186035156,0.5857492446899414,,91543
10190,333905920,0.345335032354368,3.3154067993164062,0.5922196865081787,,91549
10200,334233600,0.34446691141233793,3.2558639526367186,0.5863096237182617,,91546
10210,334561280,0.34359975595387116,3.2020118713378904,0.5855190753936768,,91511
10220,334888960,0.3427335700523958,3.3102798461914062,0.5867314815521241,,91521
10230,335216640,0.3418683577767862,3.3353656768798827,0.5850311756134033,,91503
10240,335544320,0.34100412319134277,3.2900115966796877,0.5863759517669678,,91501
10250,335872000,0.34014087035577323,3.3182998657226563,0.6089539527893066,,91469
10260,336199680,0.33927860332517384,3.339630126953125,0.5882795333862305,,91505
10270,336527360,0.3384173261500096,3.2148372650146486,0.5928262710571289,,91569
10280,336855040,0.33755704287609634,3.2856109619140623,0.5890536308288574,,91525
10290,337182720,0.3366977575445804,3.2780696868896486,0.5828453063964844,,91531
10300,337510400,0.3358394741919212,3.2578697204589844,0.5782077789306641,,91543
10310,337838080,0.33498219684987046,3.3635986328125,0.5850717544555664,,91531
10320,338165760,0.3341259295454547,3.327968215942383,0.5733193397521973,,91552
10330,338493440,0.33327067630095575,3.34179573059082,0.5978374481201172,,91547
10340,338821120,0.3324164411338921,3.2730148315429686,0.5823704719543457,,91534
10350,339148800,0.33156322805699956,3.262113571166992,0.5780877113342285,,91492
10360,339476480,0.3307110410782127,3.2706146240234375,0.5965003490447998,,91526
10370,339804160,0.32985988420064666,3.321248245239258,0.5950270652770996,,91567
10380,340131840,0.3290097614225766,3.2450321197509764,0.5836700439453125,,91377
10390,340459520,0.3281606767374211,3.2875415802001955,0.5920516967773437,,91500
10400,340787200,0.3273126341337218,3.3086647033691405,0.5956165790557861,,91528
10410,341114880,0.3264656375951254,3.225429153442383,0.5882709503173829,,91527
10420,341442560,0.3256196911003647,3.227883529663086,0.5894107818603516,,91526
10430,341770240,0.3247747986232399,3.264332962036133,0.5903407096862793,,91545
10440,342097920,0.3239309641325999,3.306667709350586,0.5964951515197754,,91515
10450,342425600,0.3230881915923239,3.2837749481201173,0.5929697990417481,,91517
10460,342753280,0.32224648496130276,3.3262588500976564,0.6037307262420655,,91533
10470,343080960,0.32140584819341994,3.2826171875,0.6022336483001709,,91494
10480,343408640,0.3205662852375337,3.2775596618652343,0.5855283737182617,,91521
10490,343736320,0.3197278000374577,3.245475006103516,0.5948983192443847,,91503
10500,344064000,0.31889039653194307,3.2287517547607423,0.608737850189209,,91504
10510,344391680,0.31805407865465946,3.2353382110595703,0.5956167221069336,,91513
10520,344719360,0.31721885033417746,3.2648284912109373,0.5828547000885009,,91532
10530,345047040,0.3163847154939489,3.270124816894531,0.5949657440185547,,91528
10540,345374720,0.3155516780522891,3.306009292602539,0.5921635627746582,,91530
10550,345702400,0.31471974192235896,3.220903778076172,0.5894565582275391,,91521
10560,346030080,0.313888911012145,3.3314136505126952,0.5926936149597168,,91526
10570,346357760,0.3130591892244431,3.281011199951172,0.5894420623779297,,91507
10580,346685440,0.31223058045683816,3.296006774902344,0.6027134895324707,,91490
10590,347013120,0.3114030886016875,3.2784908294677733,0.5913950443267822,,91500
10600,347340800,0.31057671754610106,3.251987075805664,0.5938465118408203,,91501
10610,347668480,0.30975147117192475,3.2002445220947267,0.5876564025878906,,91541
10620,347996160,0.3089273533557203,3.342633819580078,0.5994346141815186,,91530
10630,348323840,0.3081043679687486,3.281459426879883,0.5946185111999511,,91569
10640,348651520,0.30728251887695135,3.310749816894531,0.6003756523132324,,91544
10650,348979200,0.30646180994093186,3.2532901763916016,0.5854943752288818,,91534
10660,349306880,0.3056422450159381,3.2343807220458984,0.5851463317871094,,91535
10670,349634560,0.30482382795184393,3.219431686401367,0.587501335144043,,91489
10680,349962240,0.3040065625931312,3.302913284301758,0.5941869735717773,,91224
10690,350289920,0.30319045277887136,3.2363441467285154,0.5944523811340332,,91498
10700,350617600,0.3023755023427084,3.2502731323242187,0.5907313346862793,,91531
10710,350945280,0.3015617151128396,3.3119659423828125,0.6047460556030273,,91517
10720,351272960,0.3007490949119982,3.2688201904296874,0.5996873855590821,,91537
10730,351600640,0.2999376455574358,3.3080669403076173,0.5878487586975097,,91552
10740,351928320,0.29912737086090346,3.33105583190918,0.5948610305786133,,91513
10750,352256000,0.2983182746286347,3.2812713623046874,0.5924759864807129,,91528
10760,352583680,0.29751036066132674,3.262887191772461,0.6024387836456299,,91500
10770,352911360,0.29670363275412404,3.294704818725586,0.5920035362243652,,91517
10780,353239040,0.2958980946965986,3.2237545013427735,0.5877799987792969,,91510
10790,353566720,0.2950937502727342,3.2215362548828126,0.5847620010375977,,91583
10800,353894400,0.2942906032609065,3.292653274536133,0.5974487781524658,,91550
10810,354222080,0.29348865743386676,3.237035369873047,0.5924403667449951,,91599
10820,354549760,0.2926879165587243,3.2209632873535154,0.586310338973999,,91519
10830,354877440,0.2918883843969272,3.2463035583496094,0.5900739192962646,,91524
10840,355205120,0.2910900647042468,3.2800315856933593,0.6037286281585693,,91509
10850,355532800,0.29029296123075793,3.3048778533935548,0.6022376537322998,,91483
10860,355860480,0.2894970777208227,3.2398696899414063,0.5985374927520752,,91506
10870,356188160,0.2887024179130724,3.250090408325195,0.5980956077575683,,91493
10880,356515840,0.28790898554039035,3.3016708374023436,0.5946386814117431,,91573
10890,356843520,0.2871167843298935,3.2771621704101563,0.5947669982910156,,91528
10900,357171200,0.28632581800291573,3.294758605957031,0.6023808002471924,,91531
10910,357498880,0.2855360902749904,3.2489463806152346,0.5899774074554444,,91474
10920,357826560,0.2847476048558321,3.257710266113281,0.591059398651123,,91498
10930,358154240,0.2839603654493199,3.257394790649414,0.5922839164733886,,91514
10940,358481920,0.2831743757534798,3.294014739990234,0.5901805877685546,,91506
10950,358809600,0.2823896394604675,3.2310813903808593,0.6042317390441895,,91485
10960,359137280,0.2816061602565507,3.306863021850586,0.608743143081665,,91500
10970,359464960,0.2808239418220919,3.290902328491211,0.6018585205078125,,91556
10980,359792640,0.2800429878315313,3.2866336822509767,0.5969792366027832,,91554
10990,360120320,0.27926330195336935,3.2950771331787108,0.603138017654419,,91372
11000,360448000,0.2784848878501499,3.2856849670410155,0.5970831871032715,,91536
11010,360775680,0.2777077491784421,3.295940399169922,0.5929582595825196,,91505
11020,361103360,0.27693188958882464,3.2483211517333985,0.6033807277679444,,91469
11030,361431040,0.27615731272586685,3.2213180541992186,0.5884063243865967,,91493
11040,361758720,0.2753840222281132,3.2728004455566406,0.5976956844329834,,91506
11050,362086400,0.27461202172806515,3.297955322265625,0.6104074954986572,,91540
11060,362414080,0.27384131485216434,3.1957874298095703,0.5920997619628906,,91571
11070,362741760,0.27307190522077623,3.267099380493164,0.6009829998016357,,91519
11080,363069440,0.2723037964481719,3.242325210571289,0.5951373100280761,,91528
11090,363397120,0.27153699214251215,3.299329376220703,0.5919035911560059,,91504
11100,363724800,0.27077149590582994,3.253643035888672,0.5912243366241455,,91559
11110,364052480,0.27000731133401334,3.2674713134765625,0.5924659729003906,,91493
11120,364380160,0.2692444420167893,3.2930713653564454,0.5897804260253906,,91482
11130,364707840,0.26848289153770644,3.2771022796630858,0.5919277667999268,,91496
11140,365035520,0.267722663474118,3.2616287231445313,0.6052684783935547,,91505
11150,365363200,0.2669637613971651,3.268085479736328,0.5911476612091064,,91510
11160,365690880,0.2662061888717604,3.27501220703125,0.5951663970947265,,91551
11170,366018560,0.26544994945657074,3.306142044067383,0.5951495170593262,,91493
11180,366346240,0.2646950467040012,3.2868412017822264,0.5963291645050048,,91493
11190,366673920,0.26394148416017726,3.247724914550781,0.5933652877807617,,91512
11200,367001600,0.2631892653649296,3.2722183227539063,0.5872988700866699,,91469
11210,367329280,0.26243839385177614,3.259119415283203,0.5855458736419678,,91466
11220,367656960,0.261688873147906,3.2129852294921877,0.601161003112793,,91449
11230,367984640,0.2609407067741632,3.243429183959961,0.6025331497192383,,91493
11240,368312320,0.2601938982450296,3.2306659698486326,0.6063029766082764,,91528
11250,368640000,0.2594484510686089,3.2399620056152343,0.6000302314758301,,91525
11260,368967680,0.2587043687466096,3.2377906799316407,0.5911826610565185,,91511
11270,369295360,0.2579616547743293,3.277475357055664,0.5928277492523193,,91515
11280,369623040,0.2572203126406374,3.2354202270507812,0.5984933376312256,,91502
11290,369950720,0.25648034582795914,3.2737552642822267,0.5937416076660156,,91203
11300,370278400,0.2557417578122594,3.2389690399169924,0.5928269386291504,,91494
11310,370606080,0.2550045520630264,3.2630294799804687,0.5942672729492188,,91466
11320,370933760,0.25426873204325495,3.2088249206542967,0.5995674133300781,,91531
11330,371261440,0.2535343012094305,3.2031932830810548,0.6028294086456298,,91546
11340,371589120,0.25280126301151284,3.263893890380859,0.6014256954193116,,91514
11350,371916800,0.25206962089291973,3.2782161712646483,0.6116902828216553,,91497
11360,372244480,0.2513393782905116,3.2299678802490233,0.6059887886047364,,91510
11370,372572160,0.25061053863457383,3.2615077972412108,0.5960283756256104,,91529
11380,372899840,0.24988310534880215,3.275225830078125,0.6048095703125,,91536
11390,373227520,0.24915708185028554,3.2314380645751952,0.6023176670074463,,91537
11400,373555200,0.2484324715494908,3.2395938873291015,0.604395055770874,,91530
11410,373882880,0.24770927785024613,3.174514389038086,0.5971461296081543,,91521
11420,374210560,0.24698750414972515,3.187839317321777,0.6023584842681885,,91559
11430,374538240,0.2462671538384317,3.2644271850585938,0.6017601966857911,,91559
11440,374865920,0.24554823030018252,3.2297054290771485,0.6069482803344727,,91572
11450,375193600,0.24483073691209287,3.243487548828125,0.615429162979126,,91538
11460,375521280,0.24411467704455944,3.2564468383789062,0.5986527919769287,,91532
11470,375848960,0.24340005406124518,3.2280899047851563,0.6050684928894043,,91532
11480,376176640,0.24268687131906316,3.2646205902099608,0.5967119693756103,,91523
11490,376504320,0.24197513216816144,3.2950214385986327,0.6120643615722656,,91561
11500,376832000,0.24126483995190637,3.2294681549072264,0.6022077083587647,,91576
11510,377159680,0.24055599800686764,3.274159240722656,0.5913357257843017,,91532
11520,377487360,0.23984860966280222,3.198533058166504,0.6071011543273925,,91624
11530,377815040,0.2391426782426388,3.2065383911132814,0.613481855392456,,91581
11540,378142720,0.2384382070624626,3.274429702758789,0.6117087364196777,,91568
11550,378470400,0.23773519943149887,3.272873306274414,0.6003834724426269,,91556
11560,378798080,0.23703365865209847,3.257221221923828,0.6034027099609375,,91542
11570,379125760,0.23633358801972137,3.2202835083007812,0.5993443965911865,,91546
11580,379453440,0.2356349908229217,3.212976837158203,0.5992678642272949,,91533
11590,379781120,0.23493787034333216,3.317341995239258,0.6121684074401855,,91578
11600,380108800,0.23424222985564858,3.2091808319091797,0.5955496788024902,,91418
11610,380436480,0.23354807262761487,3.258137512207031,0.5957444667816162,,91599
11620,380764160,0.232855401920007,3.2206897735595703,0.5967469692230225,,91531
11630,381091840,0.2321642209866184,3.2496688842773436,0.6024789810180664,,91565
11640,381419520,0.23147453307424415,3.230545425415039,0.6045342445373535,,91572
11650,381747200,0.230786341422666,3.243633270263672,0.6081245422363282,,91534
11660,382074880,0.2300996492646368,3.240123748779297,0.6302196025848389,,91567
11670,382402560,0.2294144598258662,3.266663360595703,0.6158484935760498,,91565
11680,382730240,0.2287307763250043,3.315538024902344,0.6276502132415771,,91580
11690,383057920,0.2280486019736274,3.2581932067871096,0.5983566761016845,,91602
11700,383385600,0.22736793997622248,3.2469764709472657,0.5987723350524903,,91563
11710,383713280,0.2266887935301724,3.1769256591796875,0.589449119567871,,91562
11720,384040960,0.22601116582574088,3.224293899536133,0.5929295539855957,,91524
11730,384368640,0.22533506004605705,3.167664337158203,0.610426664352417,,91582
11740,384696320,0.2246604793671014,3.240842819213867,0.6010493278503418,,91596
11750,385024000,0.22398742695768986,3.2119724273681642,0.6044987201690674,,91540
11760,385351680,0.22331590597945955,3.229417419433594,0.6018962860107422,,91571
11770,385679360,0.22264591958685376,3.3144256591796877,0.6265191555023193,,91575
11780,386007040,0.22197747092710685,3.199015426635742,0.5964316844940185,,91589
11790,386334720,0.22131056314023037,3.244576644897461,0.6045555591583252,,91547
11800,386662400,0.22064519935899696,3.252553939819336,0.6002317428588867,,91598
11810,386990080,0.21998138270892706,3.2379177093505858,0.6120007038116455,,91603
11820,387317760,0.21931911630827294,3.2537410736083983,0.6090996742248536,,91499
11830,387645440,0.21865840326800487,3.2050655364990233,0.5992783546447754,,91581
11840,387973120,0.2179992466917961,3.2343112945556642,0.6100678443908691,,91548
11850,388300800,0.21734164967600889,3.224974822998047,0.5973666667938232,,91606
11860,388628480,0.2166856153096791,3.272686767578125,0.6169931411743164,,91625
11870,388956160,0.21603114667450216,3.2477581024169924,0.612150764465332,,91580
11880,389283840,0.21537824684481896,3.263309860229492,0.6120351314544678,,91609
11890,389611520,0.21472691888760015,3.272100067138672,0.6118826389312744,,91602
11900,389939200,0.21407716586243347,3.1906957626342773,0.6010324478149414,,91310
11910,390266880,0.21342899082150785,3.24310188293457,0.6033613204956054,,91526
11920,390594560,0.2127823968096001,3.211892318725586,0.6012149333953858,,91565
11930,390922240,0.21213738686406003,3.212627410888672,0.615781593322754,,91570
11940,391249920,0.2114939640147963,3.2381607055664063,0.5967544555664063,,91603
11950,391577600,0.21085213128426236,3.2406280517578123,0.600299072265625,,91576
11960,391905280,0.21021189168744198,3.184681510925293,0.5972809314727783,,91610
11970,392232960,0.2095732482318356,3.2174312591552736,0.6066828727722168,,91604
11980,392560640,0.20893620391744544,3.1928743362426757,0.5976428985595703,,91577
11990,392888320,0.2083007617367621,3.2630451202392576,0.6251117706298828,,91577
12000,393216000,0.20766692467475006,3.2903587341308596,0.6280550003051758,,91604
12010,393543680,0.207034695708834,3.1867652893066407,0.6056617736816406,,91582
12020,393871360,0.20640407780888423,3.258222961425781,0.6049436092376709,,91588
12030,394199040,0.20577507393720368,3.2379966735839845,0.6047998905181885,,91610
12040,394526720,0.20514768704851313,3.2296112060546873,0.606361722946167,,91584
12050,394854400,0.20452192008993753,3.2224117279052735,0.6153617858886719,,91606
12060,395182080,0.20389777600099285,3.2479831695556642,0.6082526206970215,,91555
12070,395509760,0.2032752577135708,3.2343673706054688,0.6090214252471924,,91615
12080,395837440,0.20265436815192675,3.276101303100586,0.6173769950866699,,91615
12090,396165120,0.20203511023266468,3.1854843139648437,0.6063365936279297,,91570
12100,396492800,0.20141748686472444,3.2214786529541017,0.6072386741638184,,91557
12110,396820480,0.20080150094936725,3.211528778076172,0.5981480598449707,,91602
12120,397148160,0.20018715538016268,3.1741138458251954,0.5993127822875977,,91606
12130,397475840,0.1995744530429747,3.256058120727539,0.6168699264526367,,91579
12140,397803520,0.1989633968159482,3.181351661682129,0.5916527271270752,,91606
12150,398131200,0.19835398956949601,3.2118515014648437,0.6134434223175049,,91546
12160,398458880,0.19774623416628423,3.202764892578125,0.6129457950592041,,91557
12170,398786560,0.1971401334612201,3.2253952026367188,0.6063884258270263,,91571
12180,399114240,0.19653569030143775,3.2105602264404296,0.6234941005706787,,91550
12190,399441920,0.19593290752628495,3.251595687866211,0.6207952976226807,,91583
12200,399769600,0.1953317879673098,3.2651912689208986,0.6171205520629883,,91584
12210,400097280,0.194732334448248,3.2285381317138673,0.6034015655517578,,91455
12220,400424960,0.1941345497850086,3.2576889038085937,0.6113142967224121,,91549
12230,400752640,0.19353843678566138,3.258606719970703,0.6232025146484375,,91573
12240,401080320,0.1929439982504239,3.295503616333008,0.6110997200012207,,91555
12250,401408000,0.1923512369716472,3.2113746643066405,0.6089781284332275,,91542
12260,401735680,0.19176015573380445,3.265061950683594,0.6083965301513672,,91544
12270,402063360,0.191170757313476,3.184419631958008,0.6105728626251221,,91516
12280,402391040,0.19058304447933802,3.2446434020996096,0.6144847393035888,,91603
12290,402718720,0.1899970199921481,3.240367126464844,0.6090052604675293,,91573
12300,403046400,0.1894126866047332,3.175814628601074,0.6130955696105957,,91583
12310,403374080,0.1888300470619763,3.2504623413085936,0.6173892021179199,,91575
12320,403701760,0.18824910410080348,3.230173873901367,0.6145416736602783,,91581
12330,404029440,0.18766986045017167,3.176064109802246,0.6019711494445801,,91576
12340,404357120,0.18709231883105468,3.3104808807373045,0.619608736038208,,91565
12350,404684800,0.18651648195643172,3.275319290161133,0.6090726852416992,,91608
12360,405012480,0.18594235253127372,3.2292442321777344,0.6145649909973144,,91543
12370,405340160,0.18536993325253082,3.272760772705078,0.6240407466888428,,91567
12380,405667840,0.18479922680912014,3.2395698547363283,0.6198670864105225,,91583
12390,405995520,0.1842302358819124,3.186450386047363,0.6190740585327148,,91580
12400,406323200,0.18366296314372033,3.1649219512939455,0.6003267765045166,,91588
12410,406650880,0.18309741125928486,3.2757648468017577,0.6300196647644043,,91565
12420,406978560,0.18253358288526406,3.262478256225586,0.6127446174621582,,91580
12430,407306240,0.18197148067021893,3.212621307373047,0.6222811698913574,,91539
12440,407633920,0.18141110725460283,3.1699588775634764,0.6135424137115478,,91571
12450,407961600,0.1808524652707474,3.222914123535156,0.6242698669433594,,91524
12460,408289280,0.18029555734285163,3.229090118408203,0.6106537818908692,,91589
12470,408616960,0.1797403860869683,3.2486652374267577,0.6194540023803711,,91591
12480,408944640,0.17918695411099256,3.240850067138672,0.6148814201354981,,91560
12490,409272320,0.17863526401464913,3.2205596923828126,0.6197923183441162,,91599
12500,409600000,0.17808531838948038,3.2363750457763674,0.6259572982788086,,91591
12510,409927680,0.17753711981883438,3.2124542236328124,0.6112809181213379,,91332
12520,410255360,0.17699067087785206,3.263270950317383,0.610796594619751,,91576
12530,410583040,0.17644597413345592,3.237548065185547,0.6053270816802978,,91577
12540,410910720,0.1759030321443373,3.2139297485351563,0.6056198120117188,,91568
12550,411238400,0.17536184746094474,3.200252914428711,0.6186667442321777,,91607
12560,411566080,0.17482242262547187,3.2098033905029295,0.6120078086853027,,91604
12570,411893760,0.17428476017184552,3.3106388092041015,0.6126063823699951,,91573
12580,412221440,0.17374886262571393,3.2265071868896484,0.6137870788574219,,91578
12590,412549120,0.17321473250443453,3.232444000244141,0.6194240570068359,,91577
12600,412876800,0.1726823723170628,3.1853845596313475,0.6053195476531983,,91574
12610,413204480,0.1721517845643391,3.242695999145508,0.6167966842651367,,91587
12620,413532160,0.1716229717386789,3.2237091064453125,0.6185401916503906,,91572
12630,413859840,0.17109593632415931,3.2169212341308593,0.6131458759307862,,91585
12640,414187520,0.17057068079650856,3.2197601318359377,0.6265088081359863,,91581
12650,414515200,0.17004720762309364,3.226575469970703,0.6048564910888672,,91595
12660,414842880,0.1695255192629091,3.2022678375244142,0.6075448989868164,,91582
12670,415170560,0.16900561816656542,3.265346145629883,0.6296338558197021,,91571
12680,415498240,0.16848750677627727,3.1741491317749024,0.6145758152008056,,91583
12690,415825920,0.1679711875258528,3.2110633850097656,0.6061855316162109,,91577
12700,416153600,0.16745666284068098,3.1808744430541993,0.6157711982727051,,91572
12710,416481280,0.16694393513772138,3.19464225769043,0.6178409576416015,,91556
12720,416808960,0.16643300682549206,3.197550392150879,0.6075201988220215,,91550
12730,417136640,0.16592388030405858,3.1836498260498045,0.6147053241729736,,91605
12740,417464320,0.16541655796502264,3.248116302490234,0.6146459102630615,,91570
12750,417792000,0.16491104219151081,3.2212547302246093,0.6130287647247314,,91593
12760,418119680,0.16440733535816363,3.2141498565673827,0.6187684059143066,,91566
12770,418447360,0.16390543983112393,3.1560976028442385,0.6174071311950684,,91607
12780,418775040,0.1634053579680263,3.2050228118896484,0.6152812957763671,,91587
12790,419102720,0.1629070921179852,3.1982257843017576,0.6166937828063965,,91563
12800,419430400,0.16241064462158505,3.1865163803100587,0.6109850406646729,,91592
12810,419758080,0.16191601781086817,3.1450468063354493,0.6051338195800782,,91556
12820,420085760,0.1614232140093247,3.1925458908081055,0.6128252029418946,,91466
12830,420413440,0.1609322355318808,3.246890640258789,0.617423152923584,,91578
12840,420741120,0.1604430846848886,3.2052921295166015,0.6167285919189454,,91609
12850,421068800,0.15995576376611487,3.2287372589111327,0.6149571895599365,,91549
12860,421396480,0.15947027506473016,3.244040298461914,0.6122453689575196,,91581
12870,421724160,0.15898662086129878,3.162604331970215,0.6118007659912109,,91594
12880,422051840,0.15850480342776696,3.277843475341797,0.6262167453765869,,91576
12890,422379520,0.1580248250274533,3.266285705566406,0.6173361778259278,,91611
12900,422707200,0.1575466879150373,3.2071083068847654,0.6114500045776368,,91606
12910,423034880,0.1570703943365491,3.2370033264160156,0.6131372451782227,,91628
12920,423362560,0.15659594652935896,3.2313892364501955,0.636166763305664,,91651
12930,423690240,0.15612334672216666,3.3094856262207033,0.6330111503601075,,91651
12940,424017920,0.1556525971349913,3.2048828125,0.6190267562866211,,91604
12950,424345600,0.15518369997916026,3.161182975769043,0.6157987594604493,,91555
12960,424673280,0.1547166574572997,3.2139129638671875,0.6175095558166503,,91574
12970,425000960,0.15425147176332304,3.191556930541992,0.6162249088287354,,91582
12980,425328640,0.153788145082422,3.1963886260986327,0.6045420646667481,,91596
12990,425656320,0.15332667959105506,3.258134460449219,0.6198319911956787,,91618
13000,425984000,0.1528670774569385,3.115802764892578,0.6157182693481446,,91637
13010,426311680,0.15240934083903493,3.176559066772461,0.6243404865264892,,91625
13020,426639360,0.15195347188754413,3.1589544296264647,0.6230171203613282,,91658
13030,426967040,0.15149947274389244,3.195423889160156,0.6212192058563233,,91610
13040,427294720,0.15104734554072283,3.272654342651367,0.6170197010040284,,91620
13050,427622400,0.15059709240188512,3.256672668457031,0.6225159645080567,,91604
13060,427950080,0.1501487154424255,3.233942413330078,0.6232286930084229,,91603
13070,428277760,0.1497022167685772,3.2293468475341798,0.6140293598175048,,91580
13080,428605440,0.14925759847775003,3.2307193756103514,0.6250723361968994,,91585
13090,428933120,0.14881486265852079,3.1780984878540037,0.6252069473266602,,91623
13100,429260800,0.14837401139062345,3.265091323852539,0.6174156665802002,,91633
13110,429588480,0.14793504674493946,3.205995559692383,0.6220705509185791,,91618
13120,429916160,0.14749797078348806,3.130689811706543,0.6334031581878662,,91344
13130,430243840,0.14706278555941604,3.2324474334716795,0.6222964763641358,,91599
13140,430571520,0.14662949311698908,3.2256088256835938,0.6252916812896728,,91578
13150,430899200,0.14619809549158108,3.254083251953125,0.6227266788482666,,91610
13160,431226880,0.1457685947096655,3.242169952392578,0.6188674926757812,,91605
13170,431554560,0.14534099278880513,3.1564144134521483,0.6197858333587647,,91614
13180,431882240,0.14491529173764328,3.2588157653808594,0.6189234256744385,,91653
13190,432209920,0.14449149355589372,3.253731918334961,0.6240815162658692,,91605
13200,432537600,0.14406960023433169,3.2275123596191406,0.6140501022338867,,91634
13210,432865280,0.14364961375478438,3.1500383377075196,0.6125277519226074,,91614
13220,433192960,0.1432315360901216,3.1941482543945314,0.6191807270050049,,91620
13230,433520640,0.14281536920424684,3.2319400787353514,0.6228371143341065,,91593
13240,433848320,0.1424011150520874,3.2060508728027344,0.6143234252929688,,91610
13250,434176000,0.141988775579586,3.1421268463134764,0.6136586666107178,,91595
13260,434503680,0.14157835272369096,3.1783885955810547,0.6255807876586914,,91586
13270,434831360,0.14116984841234742,3.2249065399169923,0.6140527725219727,,91616
13280,435159040,0.14076326456448812,3.219171142578125,0.6132743835449219,,91585
13290,435486720,0.14035860309002474,3.2051460266113283,0.6174125671386719,,91600
13300,435814400,0.1399558658898386,3.1854248046875,0.613053560256958,,91566
13310,436142080,0.13955505485577163,3.172626495361328,0.6239367485046386,,91564
13320,436469760,0.13915617187061802,3.1532962799072264,0.6254185199737549,,91574
13330,436797440,0.13875921880811476,3.2675395965576173,0.6222539901733398,,91603
13340,437125120,0.13836419753293316,3.246993637084961,0.6145092964172363,,91603
13350,437452800,0.13797110990066996,3.198411750793457,0.6184334754943848,,91612
13360,437780480,0.137579957757839,3.2023624420166015,0.6261896133422852,,91612
13370,438108160,0.13719074294186187,3.211875152587891,0.6276487827301025,,91617
13380,438435840,0.1368034672810598,3.2851882934570313,0.6295163631439209,,91630
13390,438763520,0.13641813259464494,3.194435691833496,0.6199464321136474,,91588
13400,439091200,0.13603474069271163,3.1694032669067385,0.6163634300231934,,91590
13410,439418880,0.1356532933762284,3.193592834472656,0.6234029293060303,,91570
13420,439746560,0.13527379243702872,3.180595588684082,0.6234001159667969,,91604
13430,440074240,0.1348962396578035,3.229505920410156,0.6264108657836914,,91495
13440,440401920,0.13452063681209184,3.153952217102051,0.6185525894165039,,91647
13450,440729600,0.13414698566427333,3.2407665252685547,0.6252166271209717,,91587
13460,441057280,0.1337752879695594,3.2076042175292967,0.6242951869964599,,91626
13470,441384960,0.1334055454739853,3.238054656982422,0.6318031311035156,,91621
13480,441712640,0.13303775991440192,3.2445388793945313,0.6254589557647705,,91623
13490,442040320,0.1326719330184672,3.1497716903686523,0.6140796661376953,,91613
13500,442368000,0.13230806650463867,3.206595230102539,0.6237807750701905,,91602
13510,442695680,0.13194616208216495,3.244524383544922,0.6293184757232666,,91605
13520,443023360,0.13158622145107762,3.2449386596679686,0.6263461112976074,,91607
13530,443351040,0.1312282463021836,3.1684633255004884,0.6246918201446533,,91628
13540,443678720,0.13087223831705705,3.181513214111328,0.6228968620300293,,91643
13550,444006400,0.13051819916803145,3.114726257324219,0.6147387504577637,,91631
13560,444334080,0.1301661305181917,3.2208621978759764,0.6299252033233642,,91624
13570,444661760,0.12981603402136632,3.208694076538086,0.6164187431335449,,91601
13580,444989440,0.1294679113221197,3.182512092590332,0.623322582244873,,91581
13590,445317120,0.12912176405574471,3.258600616455078,0.6258331775665283,,91627
13600,445644800,0.12877759384825416,3.209270477294922,0.6249677658081054,,91629
13610,445972480,0.12843540231637426,3.1382022857666017,0.6107636451721191,,91599
13620,446300160,0.1280951910675361,3.1662179946899416,0.6259830474853516,,91637
13630,446627840,0.12775696169986858,3.169733238220215,0.6279472351074219,,91602
13640,446955520,0.12742071580219075,3.1959535598754885,0.6391377449035645,,91609
13650,447283200,0.12708645495400447,3.194217300415039,0.6192210674285888,,91626
13660,447610880,0.1267541807254869,3.2130359649658202,0.6219565391540527,,91616
13670,447938560,0.12642389467748305,3.171623420715332,0.6229029655456543,,91638
13680,448266240,0.12609559836149858,3.1992992401123046,0.6179618835449219,,91619
13690,448593920,0.12576929331969258,3.153325843811035,0.6117788314819336,,91606
13700,448921600,0.12544498108486998,3.1216188430786134,0.6262412548065186,,91633
13710,449249280,0.12512266318047466,3.2206817626953126,0.6261523246765137,,91622
13720,449576960,0.12480234112058225,3.156687355041504,0.6137482643127441,,91625
13730,449904640,0.12448401640989308,3.1853647232055664,0.6237067699432373,,91353
13740,450232320,0.12416769054372481,3.185809326171875,0.6267995834350586,,91577
13750,450560000,0.12385336500800571,3.2598949432373048,0.6274653434753418,,91577
13760,450887680,0.12354104127926756,3.1547883987426757,0.633900260925293,,91636
13770,451215360,0.12323072082463879,3.19540958404541,0.6183509826660156,,91599
13780,451543040,0.12292240510183737,3.230337905883789,0.6237378120422363,,91625
13790,451870720,0.12261609555916432,3.2353416442871095,0.6194900512695313,,91585
13800,452198400,0.1223117936354966,3.126364517211914,0.6176410675048828,,91571
13810,452526080,0.1220095007602805,3.20555419921875,0.6353238582611084,,91626
13820,452853760,0.1217092183535248,3.245226287841797,0.6253104209899902,,91605
13830,453181440,0.12141094782579417,3.2559085845947267,0.6325006008148193,,91581
13840,453509120,0.12111469057820282,3.263002395629883,0.6266772270202636,,91608
13850,453836800,0.12082044800240728,3.184229278564453,0.6296247005462646,,91570
13860,454164480,0.12052822148060055,3.206502151489258,0.6162307262420654,,91556
13870,454492160,0.12023801238550516,3.1551067352294924,0.625581932067871,,91606
13880,454819840,0.11994982208036684,3.2278717041015623,0.6337150573730469,,91601
13890,455147520,0.1196636519189481,3.2665042877197266,0.6274709224700927,,91592
13900,455475200,0.11937950324552202,3.16849308013916,0.6250442504882813,,91636
13910,455802880,0.11909737739486582,3.175379753112793,0.6243862628936767,,91614
13920,456130560,0.1188172756922545,3.1986494064331055,0.6311117649078369,,91610
13930,456458240,0.1185391994534547,3.1730941772460937,0.6258344173431396,,91631
13940,456785920,0.1182631499847186,3.261734390258789,0.6318837165832519,,91572
13950,457113600,0.11798912858277767,3.223250961303711,0.6292144775390625,,91601
13960,457441280,0.11771713653483655,3.200022506713867,0.628696346282959,,91627
13970,457768960,0.1174471751185673,3.1453649520874025,0.6283974647521973,,91615
13980,458096640,0.1171792456021029,3.2159915924072267,0.6468245029449463,,91577
13990,458424320,0.11691334924403168,3.226455307006836,0.6264004707336426,,91642
14000,458752000,0.11664948729339125,3.149180030822754,0.6143163204193115,,91618
14010,459079680,0.1163876609896627,3.244014358520508,0.6273170471191406,,91623
14020,459407360,0.11612787156276486,3.206887435913086,0.6187923908233642,,91596
14030,459735040,0.11587012023304813,3.225368118286133,0.6256460666656494,,91608
14040,460062720,0.1156144082112893,3.187839889526367,0.6373635768890381,,91478
14050,460390400,0.11536073669868546,3.2191490173339843,0.6224381923675537,,91651
14060,460718080,0.11510910688684858,3.164121627807617,0.6210497856140137,,91603
14070,461045760,0.1148595199577997,3.1305305480957033,0.6173688888549804,,91628
14080,461373440,0.11461197708396349,3.1699750900268553,0.6323025226593018,,91556
14090,461701120,0.11436647942816297,3.199838066101074,0.6308945655822754,,91510
14100,462028800,0.11412302814361354,3.1957782745361327,0.6413743019104003,,91580
14110,462356480,0.11388162437391813,3.1638105392456053,0.6254117012023925,,91594
14120,462684160,0.11364226925306124,3.2032718658447266,0.6439099311828613,,91600
14130,463011840,0.11340496390540424,3.219989776611328,0.62326021194458,,91585
14140,463339520,0.1131697094456795,3.2312755584716797,0.631400728225708,,91607
14150,463667200,0.11293650697898572,3.212605667114258,0.6304117679595947,,91589
14160,463994880,0.11270535760078214,3.2102935791015623,0.6289580345153809,,91629
14170,464322560,0.11247626239688388,3.2135467529296875,0.6235090732574463,,91612
14180,464650240,0.11224922244345657,3.171487808227539,0.6282959938049316,,91586
14190,464977920,0.1120242388070114,3.199060249328613,0.6371729373931885,,91612
14200,465305600,0.11180131254440019,3.2506332397460938,0.6365418434143066,,91576
14210,465633280,0.1115804447028102,3.1889793395996096,0.6279129981994629,,91591
14220,465960960,0.11136163631975948,3.2306102752685546,0.639498233795166,,91604
14230,466288640,0.11114488842309167,3.246571350097656,0.6437402248382569,,91582
14240,466616320,0.11093020203097147,3.256692886352539,0.6403784275054931,,91662
14250,466944000,0.11071757815187974,3.115310287475586,0.6316328525543213,,91644
14260,467271680,0.11050701778460868,3.1502426147460936,0.6210654258728028,,91644
14270,467599360,0.11029852191825738,3.1670541763305664,0.6303751945495606,,91613
14280,467927040,0.11009209153222692,3.1398853302001952,0.6270585536956788,,91593
14290,468254720,0.1098877275962159,3.1915971755981447,0.6297457218170166,,91564
14300,468582400,0.10968543107021578,3.1980993270874025,0.6204142093658447,,91601
14310,468910080,0.10948520290450654,3.251795196533203,0.628358268737793,,91597
14320,469237760,0.10928704403965202,3.202037048339844,0.6352908134460449,,91640
14330,469565440,0.10909095540649572,3.182897758483887,0.6245678901672364,,91649
14340,469893120,0.10889693792615628,3.1677627563476562,0.626071834564209,,91369
14350,470220800,0.10870499251002304,3.2011653900146486,0.6273445129394531,,91586
14360,470548480,0.10851512005975213,3.2296417236328123,0.634776496887207,,91599
14370,470876160,0.10832732146726176,3.203844451904297,0.6216065406799316,,91605
14380,471203840,0.10814159761472848,3.201344680786133,0.633292293548584,,91585
14390,471531520,0.10795794937458267,3.1988534927368164,0.6257599830627442,,91646
14400,471859200,0.1077763776095048,3.1996265411376954,0.6273680210113526,,91622
14410,472186880,0.107596883172421,3.218741607666016,0.6352969646453858,,91633
14420,472514560,0.10741946690649931,3.201874923706055,0.6283037185668945,,91575
14430,472842240,0.10724412964514562,3.2233306884765627,0.630783987045288,,91603
14440,473169920,0.10707087221199973,3.1631748199462892,0.6247320652008057,,91587
14450,473497600,0.10689969542093168,3.1703710556030273,0.627677059173584,,91608
14460,473825280,0.10673060007603764,3.2812419891357423,0.625674057006836,,91607
14470,474152960,0.10656358697163638,3.1737442016601562,0.6325448513031006,,91597
14480,474480640,0.10639865689226519,3.194051742553711,0.6278809070587158,,91595
14490,474808320,0.10623581061267677,3.191557502746582,0.6219011783599854,,91595
14500,475136000,0.10607504889783496,3.1865230560302735,0.636966609954834,,91614
14510,475463680,0.10591637250291171,3.168076515197754,0.6264462471008301,,91613
14520,475791360,0.10575978217328301,3.203077697753906,0.632720947265625,,91630
14530,476119040,0.10560527864452576,3.227316665649414,0.6278568744659424,,91595
14540,476446720,0.10545286264241416,3.169255828857422,0.6295075416564941,,91669
14550,476774400,0.10530253488291638,3.1479413986206053,0.6396044254302978,,91579
14560,477102080,0.1051542960721912,3.210928726196289,0.6382410526275635,,91625
14570,477429760,0.10500814690658448,3.170830726623535,0.6343654155731201,,91584
14580,477757440,0.10486408807262619,3.234608459472656,0.6392879962921143,,91618
14590,478085120,0.104722120247027,3.159714698791504,0.6289031028747558,,91538
14600,478412800,0.10458224409667521,3.1881196975708006,0.6308207988739014,,91581
14610,478740480,0.10444446027863345,3.2260868072509767,0.6372282028198242,,91588
14620,479068160,0.10430876944013576,3.180452346801758,0.6453915596008301,,91602
14630,479395840,0.10417517221858452,3.2071487426757814,0.6319758415222168,,91566
14640,479723520,0.1040436692415474,3.180340576171875,0.6307201862335206,,91555
14650,480051200,0.10391426112675443,3.19873046875,0.6322494983673096,,91433
14660,480378880,0.10378694848209509,3.240367126464844,0.6404833793640137,,91633
14670,480706560,0.10366173190561558,3.2042915344238283,0.6349972724914551,,91583
14680,481034240,0.10353861198551571,3.1544660568237304,0.6482648372650146,,91595
14690,481361920,0.10341758930014654,3.16806640625,0.6263789176940918,,91620
14700,481689600,0.10329866441800734,3.255952072143555,0.646437692642212,,91593
14710,482017280,0.10318183789774295,3.2719966888427736,0.6461124420166016,,91562
14720,482344960,0.10306711028814143,3.183656120300293,0.6314194679260254,,91623
14730,482672640,0.10295448212813114,3.2120849609375,0.6318300724029541,,91619
14740,483000320,0.10284395394677846,3.1611164093017576,0.6368149757385254,,91598
14750,483328000,0.10273552626328514,3.1820051193237306,0.6315015316009521,,91555
14760,483655680,0.10262919958698588,3.1525653839111327,0.6309039115905761,,91574
14770,483983360,0.10252497441734616,3.1320518493652343,0.6378996849060059,,91590
14780,484311040,0.10242285124395946,3.198246192932129,0.6288888931274415,,91563
14790,484638720,0.10232283054654547,3.229320526123047,0.6518204689025879,,91580
14800,484966400,0.10222491279494736,3.215968704223633,0.6325606346130371,,91576
14810,485294080,0.10212909844913001,3.2162097930908202,0.6571404457092285,,91627
14820,485621760,0.10203538795917738,3.1776874542236326,0.6274499416351318,,91581
14830,485949440,0.101943781765291,3.1495361328125,0.624666166305542,,91576
14840,486277120,0.10185428029778715,3.094209671020508,0.6341890811920166,,91554
14850,486604800,0.1017668839770955,3.1838123321533205,0.6251321315765381,,91608
14860,486932480,0.10168159321375685,3.204969024658203,0.6445541858673096,,91543
14870,487260160,0.10159840840842116,3.1612390518188476,0.6315125465393067,,91545
14880,487587840,0.1015173299518458,3.1336565017700195,0.6339557647705079,,91553
14890,487915520,0.10143835822489358,3.216686248779297,0.6441341400146484,,91530
14900,488243200,0.10136149359853108,3.1714845657348634,0.6318516731262207,,91616
14910,488570880,0.10128673643382681,3.095961570739746,0.6277541160583496,,91583
14920,488898560,0.10121408708194966,3.1934242248535156,0.6349656581878662,,91573
14930,489226240,0.10114354588416707,3.181489181518555,0.6349510192871094,,91530
14940,489553920,0.1010751131718435,3.1288251876831055,0.6354418754577636,,91554
14950,489881600,0.10100878926643891,3.1803035736083984,0.6314693450927734,,91397
14960,490209280,0.1009445744795073,3.105158233642578,0.6275581359863281,,91614
14970,490536960,0.10088246911269502,3.1728004455566405,0.6364822864532471,,91581
14980,490864640,0.1008224734577396,3.2238101959228516,0.6434864044189453,,91600
14990,491192320,0.10076458779646827,3.2312156677246096,0.6513989448547364,,91609
15000,491520000,0.10070881240079659,3.1871212005615233,0.6481832981109619,,91616
15010,491847680,0.10065514753272739,3.1862558364868163,0.6700701713562012,,91592
15020,492175360,0.10060359344434912,3.18756217956543,0.6884411811828614,,91584
15030,492503040,0.10055415037783517,3.2041515350341796,0.6505472660064697,,91594
15040,492830720,0.10050681856544236,3.207410430908203,0.6425174713134766,,91548
15050,493158400,0.10046159822951001,3.187836456298828,0.6577813625335693,,91602
15060,493486080,0.10041848958245882,3.120003890991211,0.627428388595581,,91581
15070,493813760,0.10037749282679005,3.218490982055664,0.6485041618347168,,91523
15080,494141440,0.10033860815508432,3.232721710205078,0.6393857955932617,,91560
15090,494469120,0.10030183575000079,3.200258255004883,0.6385622024536133,,91574
15100,494796800,0.10026717578427634,3.1880088806152345,0.6340094089508057,,91612
15110,495124480,0.10023462842072489,3.1790945053100588,0.6595565795898437,,91516
15120,495452160,0.1002041938122364,3.2888954162597654,0.6455930709838867,,91553
15130,495779840,0.10017587210177614,3.183404541015625,0.6376925945281983,,91567
15140,496107520,0.10014966342238431,3.2113861083984374,0.6428094387054444,,91578
15150,496435200,0.10012556789717511,3.232573699951172,0.6473082542419434,,91604
15160,496762880,0.1001035856393363,3.1674760818481444,0.6351626873016357,,91578
15170,497090560,0.1000837167521287,3.2031581878662108,0.6379509925842285,,91554
15180,497418240,0.10006596132888562,3.1659923553466798,0.6292432308197021,,91552
15190,497745920,0.10005031945301247,3.157826805114746,0.6374552726745606,,91624
15200,498073600,0.10003679119798632,3.209109878540039,0.6381848335266114,,91628
15210,498401280,0.10002537662735562,3.1656414031982423,0.6338070869445801,,91573
15220,498728960,0.1000160757947399,3.163994026184082,0.6453604698181152,,91585
15230,499056640,0.10000888874382939,3.190401077270508,0.6389845848083496,,91609
15240,499384320,0.100003815508385,3.2086368560791017,0.6435644149780273,,91601
15250,499712000,0.10000085611223805,3.182068634033203,0.6440500736236572,,91602
15258,499974144,0.1000000105692902,3.1718175411224365,0.6391189694404602,,91422
