step,tokens,lr_mult,loss,grad_norm,value_grad_norm,tok_s
10,327680,0.01310615989515072,10.763439178466797,9.459056091308593,,83990
20,655360,0.02621231979030144,10.084243011474609,5.071310424804688,,99397
30,983040,0.039318479685452164,9.701273345947266,2.502471160888672,,100959
40,1310720,0.05242463958060288,9.469367218017577,2.2225406646728514,,110176
50,1638400,0.0655307994757536,9.170556640625,2.715178871154785,,92778
60,1966080,0.07863695937090433,8.892816925048828,2.519842529296875,,89417
70,2293760,0.09174311926605505,8.628865814208984,1.8145151138305664,,89440
80,2621440,0.10484927916120576,8.330181121826172,1.765036392211914,,89455
90,2949120,0.11795543905635648,8.04368896484375,1.4936223030090332,,89831
100,3276800,0.1310615989515072,7.730184936523438,1.5680913925170898,,89936
110,3604480,0.14416775884665792,7.554420471191406,2.187504768371582,,89326
120,3932160,0.15727391874180865,7.386943817138672,1.6973468780517578,,89425
130,4259840,0.17038007863695936,7.22308120727539,1.3188602447509765,,89505
140,4587520,0.1834862385321101,7.132266998291016,1.2676769256591798,,89343
150,4915200,0.1965923984272608,7.016201782226562,1.4186424255371093,,89368
160,5242880,0.20969855832241152,6.930580139160156,1.2416557312011718,,89459
170,5570560,0.22280471821756226,6.81025390625,1.4448899269104003,,89345
180,5898240,0.23591087811271297,6.705354309082031,1.2246652603149415,,89474
190,6225920,0.2490170380078637,6.657833862304687,1.1533130645751952,,89397
200,6553600,0.2621231979030144,6.561408996582031,1.307968807220459,,89217
210,6881280,0.27522935779816515,6.459146881103516,1.2003697395324706,,89551
220,7208960,0.28833551769331583,6.425849151611328,1.1720603942871093,,89440
230,7536640,0.30144167758846657,6.32093505859375,1.2400474548339844,,88543
240,7864320,0.3145478374836173,6.329042434692383,1.153724193572998,,89402
250,8192000,0.32765399737876805,6.222809600830078,1.1692009925842286,,89319
260,8519680,0.34076015727391873,6.211151504516602,1.2010425567626952,,89486
270,8847360,0.35386631716906947,6.10115966796875,1.1260873794555664,,89484
280,9175040,0.3669724770642202,6.089532470703125,1.2267685890197755,,89476
290,9502720,0.3800786369593709,6.0280609130859375,1.0463040351867676,,89468
300,9830400,0.3931847968545216,6.010714721679688,1.096907615661621,,89384
310,10158080,0.40629095674967236,5.934961318969727,0.9842937469482422,,89457
320,10485760,0.41939711664482304,5.921554183959961,1.188595676422119,,89449
330,10813440,0.4325032765399738,5.939151763916016,1.3993925094604491,,89546
340,11141120,0.4456094364351245,5.856588363647461,1.110475444793701,,89383
350,11468800,0.45871559633027525,5.805199813842774,1.090113353729248,,89351
360,11796480,0.47182175622542594,5.785380172729492,1.20664644241333,,89380
370,12124160,0.4849279161205767,5.725231552124024,0.9799979209899903,,89489
380,12451840,0.4980340760157274,5.693554306030274,0.9974672317504882,,89352
390,12779520,0.5111402359108781,5.6674041748046875,1.2052909851074218,,89473
400,13107200,0.5242463958060288,5.651695251464844,0.901895809173584,,89447
410,13434880,0.5373525557011796,5.598683929443359,0.9488251686096192,,88347
420,13762560,0.5504587155963303,5.58421630859375,1.0110395431518555,,89492
430,14090240,0.563564875491481,5.498851013183594,0.9895646095275878,,89417
440,14417920,0.5766710353866317,5.552111434936523,0.9410107612609864,,89408
450,14745600,0.5897771952817824,5.441529846191406,0.9578313827514648,,89394
460,15073280,0.6028833551769331,5.358482360839844,0.9741925239562989,,89374
470,15400960,0.6159895150720839,5.403292465209961,0.9442151069641114,,91813
480,15728640,0.6290956749672346,5.338602066040039,1.1248353004455567,,92162
490,16056320,0.6422018348623854,5.415164566040039,0.9044129371643066,,92519
500,16384000,0.6553079947575361,5.3617908477783205,0.8548832893371582,,90692
510,16711680,0.6684141546526867,5.303537750244141,0.8388371467590332,,89400
520,17039360,0.6815203145478375,5.310505676269531,0.9374109268188476,,89355
530,17367040,0.6946264744429882,5.2789360046386715,0.8538224220275878,,89382
540,17694720,0.7077326343381389,5.265451431274414,0.8798646926879883,,89332
550,18022400,0.7208387942332897,5.1712390899658205,0.8467138290405274,,89400
560,18350080,0.7339449541284404,5.222675704956055,0.8790849685668946,,89549
570,18677760,0.747051114023591,5.131449127197266,0.9051528930664062,,89351
580,19005440,0.7601572739187418,5.153750228881836,0.8074236869812011,,89464
590,19333120,0.7732634338138925,5.1608421325683596,0.7635916709899903,,89403
600,19660800,0.7863695937090432,5.089550018310547,0.8147115707397461,,89431
610,19988480,0.799475753604194,5.127299118041992,0.8265558242797851,,89498
620,20316160,0.8125819134993447,5.048506546020508,0.7366994380950928,,89527
630,20643840,0.8256880733944955,5.007491683959961,0.759755277633667,,89751
640,20971520,0.8387942332896461,5.05969467163086,0.7626050472259521,,89673
650,21299200,0.8519003931847968,5.0410808563232425,0.7703234672546386,,89525
660,21626880,0.8650065530799476,5.077472686767578,0.7617617607116699,,89462
670,21954560,0.8781127129750983,5.019237518310547,0.7407186985015869,,89428
680,22282240,0.891218872870249,4.995215606689453,0.8007214546203614,,88286
690,22609920,0.9043250327653998,4.94659538269043,1.1178763389587403,,89362
700,22937600,0.9174311926605505,4.964984130859375,2.3027414321899413,,89332
710,23265280,0.9305373525557011,4.912649536132813,0.906467056274414,,89316
720,23592960,0.9436435124508519,4.888421249389649,0.7705516338348388,,89414
730,23920640,0.9567496723460026,4.885462951660156,0.7153614521026611,,89306
740,24248320,0.9698558322411533,4.963592147827148,1.1036416053771974,,89463
750,24576000,0.9829619921363041,4.865756988525391,0.7058547973632813,,89370
760,24903680,0.9960681520314548,4.8234912872314455,0.7457790851593018,,89455
770,25231360,0.999999619505605,4.770479202270508,0.6879536151885987,,89304
780,25559040,0.9999972942644099,4.810504150390625,0.8867576599121094,,89398
790,25886720,0.9999928551787042,4.704964828491211,0.7386051654815674,,89422
800,26214400,0.9999863022693405,4.7187847137451175,0.8112268447875977,,89444
810,26542080,0.9999776355671006,4.738187026977539,0.8312135696411133,,89273
820,26869760,0.999966855112696,4.62689094543457,0.6417810916900635,,89449
830,27197440,0.9999539609567677,4.687837219238281,0.6713835716247558,,89363
840,27525120,0.9999389531598855,4.6812694549560545,0.6325728416442871,,89197
850,27852800,0.9999218317925475,4.559743499755859,0.6281700134277344,,89435
860,28180480,0.9999025969351808,4.599059677124023,1.0870935440063476,,89405
870,28508160,0.9998812486781407,4.584065628051758,0.9229599952697753,,89462
880,28835840,0.9998577871217097,4.580181884765625,0.6394500255584716,,89268
890,29163520,0.9998322123760972,4.525133514404297,0.6414886951446533,,89460
900,29491200,0.9998045245614399,4.584270477294922,0.6587788581848144,,89409
910,29818880,0.9997747238078001,4.533739852905273,0.6801599502563477,,89370
920,30146560,0.9997428102551656,4.4997406005859375,0.6839844703674316,,92320
930,30474240,0.9997087840534492,4.457257080078125,1.4359397888183594,,90443
940,30801920,0.9996726453624875,4.537212371826172,0.5827588558197021,,89426
950,31129600,0.9996343943520406,4.555888748168945,0.5913628578186035,,89316
960,31457280,0.9995940312017911,4.475188446044922,0.5741133213043212,,89329
970,31784960,0.9995515561013435,4.424456787109375,0.5853012084960938,,89410
980,32112640,0.9995069692502226,4.4693855285644535,0.5847248554229736,,89294
990,32440320,0.9994602708578736,4.399148941040039,0.5532639026641846,,89473
1000,32768000,0.9994114611436603,4.359066772460937,0.5354304313659668,,88521
1010,33095680,0.9993605403368643,4.358852386474609,0.5578678131103516,,89573
1020,33423360,0.9993075086766843,4.307271575927734,0.5613385200500488,,89311
1030,33751040,0.999252366412234,4.285377883911133,0.587813138961792,,89398
1040,34078720,0.9991951138025426,4.333061218261719,0.6058706283569336,,89315
1050,34406400,0.9991357511165514,4.3123210906982425,0.5617950439453125,,88381
1060,34734080,0.9990742786331146,4.323912048339844,0.5360831260681153,,89409
1070,35061760,0.9990106966409968,4.344825744628906,0.5481256484985352,,89438
1080,35389440,0.9989450054388717,4.25305404663086,0.543968391418457,,88226
1090,35717120,0.9988772053353212,4.28309326171875,0.5336957931518554,,89394
1100,36044800,0.9988072966488337,4.296411514282227,0.5471436977386475,,88757
1110,36372480,0.9987352797078023,4.269622421264648,0.5285458564758301,,87964
1120,36700160,0.998661154850524,4.283343505859375,0.5294583797454834,,90172
1130,37027840,0.9985849224251971,4.288087463378906,0.5364104270935058,,89436
1140,37355520,0.9985065827899208,4.2556098937988285,0.5351171016693115,,89450
1150,37683200,0.998426136312692,4.221089935302734,0.5469925403594971,,89418
1160,38010880,0.9983435833714049,4.187649917602539,0.5289856910705566,,89485
1170,38338560,0.998258924353849,4.195609283447266,0.5216922283172607,,89341
1180,38666240,0.9981721596577064,4.242755889892578,0.5282725334167481,,89393
1190,38993920,0.9980832896905512,4.115445709228515,0.530621862411499,,89860
1200,39321600,0.9979923148698461,4.106052017211914,0.5015509605407715,,89453
1210,39649280,0.9978992356229419,4.1753795623779295,0.5112805366516113,,89267
1220,39976960,0.9978040523870747,4.145937728881836,0.5280814170837402,,89548
1230,40304640,0.9977067656093641,4.131354904174804,0.5559989929199218,,89508
1240,40632320,0.9976073757468108,4.116845321655274,0.5441316127777099,,89564
1250,40960000,0.9975058832662946,4.154029464721679,0.5454360485076905,,89649
1260,41287680,0.9974022886445727,4.1686664581298825,0.6472548007965088,,89486
1270,41615360,0.9972965923682765,4.150169754028321,0.6830799102783203,,89763
1280,41943040,0.9971887949339102,4.126936340332032,0.8072354316711425,,89568
1290,42270720,0.9970788968478482,4.136155700683593,0.5164339065551757,,89343
1300,42598400,0.996966898626332,4.127108001708985,0.5052742481231689,,89376
1310,42926080,0.9968528007954691,4.101799011230469,0.5442214488983155,,89398
1320,43253760,0.9967366038912294,4.034850311279297,0.5233933448791503,,89363
1330,43581440,0.9966183084594433,4.16226806640625,0.501840877532959,,89420
1340,43909120,0.996497915055799,4.10783805847168,0.5223019123077393,,89473
1350,44236800,0.9963754242458397,4.062688827514648,0.49840350151062013,,92414
1360,44564480,0.9962508366049612,4.086954879760742,0.4888406753540039,,92219
1370,44892160,0.9961241527184089,4.028689193725586,0.49160137176513674,,92280
1380,45219840,0.9959953731812754,4.081258392333984,0.523193359375,,89285
1390,45547520,0.9958644985984976,4.061740493774414,0.5312893867492676,,89137
1400,45875200,0.9957315295848536,4.064048385620117,0.5060730457305909,,89452
1410,46202880,0.99559646676496,4.020687484741211,0.48064303398132324,,89402
1420,46530560,0.9954593107732691,4.012757873535156,0.49066591262817383,,89444
1430,46858240,0.9953200622540659,4.007326126098633,0.48375916481018066,,89294
1440,47185920,0.9951787218614647,4.014384460449219,0.4981988430023193,,89384
1450,47513600,0.9950352902594064,4.004899215698242,0.47397356033325194,,89399
1460,47841280,0.9948897681216552,4.021393585205078,0.5272124767303467,,89432
1470,48168960,0.9947421561317958,3.9818645477294923,0.48886709213256835,,89437
1480,48496640,0.9945924549832297,4.026599502563476,0.49278826713562013,,89459
1490,48824320,0.9944406653791718,4.097073745727539,0.4884046077728271,,89462
1500,49152000,0.994286788032648,3.9737091064453125,0.5008755207061768,,89676
1510,49479680,0.9941308236664911,3.983385467529297,0.4889289379119873,,89453
1520,49807360,0.9939727730133375,3.961664581298828,0.4931160926818848,,89330
1530,50135040,0.9938126368156238,3.9038951873779295,0.4906026840209961,,89390
1540,50462720,0.9936504158255838,4.0071361541748045,0.4848035335540771,,89386
1550,50790400,0.9934861108052436,3.877766418457031,0.49486703872680665,,89460
1560,51118080,0.9933197225264201,3.9506153106689452,0.47608203887939454,,89376
1570,51445760,0.9931512517707154,4.005345153808594,0.4888630390167236,,89430
1580,51773440,0.9929806993295143,3.924030303955078,0.47460107803344725,,89456
1590,52101120,0.99280806600398,3.934048080444336,0.48192663192749025,,89371
1600,52428800,0.9926333526050509,3.981293487548828,0.48560247421264646,,89376
1610,52756480,0.9924565599534364,3.92220458984375,0.49930706024169924,,89447
1620,53084160,0.9922776888796125,3.9713603973388674,0.48389763832092286,,89305
1630,53411840,0.9920967402238197,3.9819469451904297,0.48819942474365235,,89384
1640,53739520,0.9919137148360565,3.9292648315429686,0.47450642585754393,,89321
1650,54067200,0.9917286135760778,3.913748931884766,0.47115306854248046,,89359
1660,54394880,0.9915414373133894,3.8628986358642576,0.48027606010437013,,89454
1670,54722560,0.9913521869272444,3.8917312622070312,0.4802070617675781,,89416
1680,55050240,0.991160863306639,3.8964969635009767,0.46291093826293944,,89392
1690,55377920,0.9909674673503083,3.877371597290039,0.4606333255767822,,89351
1700,55705600,0.9907719999667222,3.9795154571533202,0.4676712989807129,,89380
1710,56033280,0.990574462074081,3.9259777069091797,0.4664925575256348,,89746
1720,56360960,0.9903748546003112,3.938441848754883,0.46494717597961427,,89380
1730,56688640,0.9901731784830609,3.9074649810791016,0.4627228260040283,,90361
1740,57016320,0.9899694346696959,3.879903793334961,0.46582961082458496,,89555
1750,57344000,0.9897636241172943,3.9168701171875,0.47325730323791504,,89328
1760,57671680,0.9895557477926437,3.9252479553222654,0.48458175659179686,,89417
1770,57999360,0.9893458066722344,3.8928062438964846,0.49830403327941897,,85912
1780,58327040,0.9891338017422565,3.884872055053711,0.463108491897583,,89413
1790,58654720,0.988919733998595,3.885711669921875,0.47561068534851075,,89381
1800,58982400,0.9887036044468247,3.914989471435547,0.4768354415893555,,91392
1810,59310080,0.9884854141022056,3.8534175872802736,0.47847785949707033,,92999
1820,59637760,0.9882651639896781,3.870867919921875,0.4697718143463135,,91938
1830,59965440,0.9880428551438585,3.902584457397461,0.48835482597351076,,90983
1840,60293120,0.9878184886090338,3.8385833740234374,0.537575626373291,,89565
1850,60620800,0.9875920654391568,3.8350582122802734,0.49326772689819337,,89447
1860,60948480,0.9873635866978416,3.889591598510742,0.4706838607788086,,89568
1870,61276160,0.987133053458358,3.950206756591797,0.4606914043426514,,89408
1880,61603840,0.9869004668036266,3.869465637207031,0.4547575950622559,,89372
1890,61931520,0.9866658278262145,3.832017517089844,0.453856897354126,,89705
1900,62259200,0.9864291376283284,3.8243736267089843,0.4587224006652832,,89423
1910,62586880,0.9861903973218116,3.8604602813720703,0.45417308807373047,,89692
1920,62914560,0.9859496080281371,3.8327865600585938,0.4613438606262207,,89359
1930,63242240,0.9857067708784032,3.77636604309082,0.45061635971069336,,89354
1940,63569920,0.9854618870133276,3.819029998779297,0.4771298408508301,,89585
1950,63897600,0.9852149575832427,3.7860294342041017,0.4733888149261475,,89315
1960,64225280,0.9849659837480899,3.7990276336669924,0.47479047775268557,,87596
1970,64552960,0.9847149666774135,3.8330883026123046,0.4567252159118652,,89392
1980,64880640,0.9844619075503569,3.8198471069335938,0.47389864921569824,,89424
1990,65208320,0.9842068075556548,3.799093246459961,0.4615279197692871,,89268
2000,65536000,0.9839496678916297,3.781340408325195,0.462705659866333,,89478
2010,65863680,0.9836904897661849,3.7696964263916017,0.4459273338317871,,89233
2020,66191360,0.9834292743967993,3.7896568298339846,0.4429899215698242,,89392
2030,66519040,0.9831660230105219,3.802989196777344,0.4629997730255127,,89362
2040,66846720,0.9829007368439657,3.8240020751953123,0.45292048454284667,,89337
2050,67174400,0.9826334171433019,3.798944091796875,0.4929767608642578,,89389
2060,67502080,0.9823640651642543,3.811409759521484,0.4654555320739746,,89351
2070,67829760,0.9820926821720932,3.7479179382324217,0.4656058788299561,,89338
2080,68157440,0.9818192694416293,3.7924072265625,0.45169625282287595,,89386
2090,68485120,0.9815438282572083,3.8172672271728514,0.4469822883605957,,89377
2100,68812800,0.9812663599127042,3.7481304168701173,0.4571495532989502,,89503
2110,69140480,0.9809868657115136,3.7401782989501955,0.45721898078918455,,89187
2120,69468160,0.9807053469665494,3.8061473846435545,0.4602088928222656,,89346
2130,69795840,0.980421805000235,3.742217254638672,0.4516144752502441,,89889
2140,70123520,0.9801362411444974,3.783438873291016,0.45240073204040526,,89388
2150,70451200,0.9798486567407615,3.75550537109375,0.45645651817321775,,89401
2160,70778880,0.9795590531399438,3.741896057128906,0.44882998466491697,,89370
2170,71106560,0.9792674317024457,3.7441390991210937,0.4521183490753174,,89428
2180,71434240,0.9789737937981473,3.7972278594970703,0.4975484848022461,,89356
2190,71761920,0.9786781408064011,3.776213455200195,0.45230884552001954,,89373
2200,72089600,0.9783804741160256,3.749979782104492,0.48921570777893064,,89334
2210,72417280,0.978080795125298,3.7330062866210936,0.45110397338867186,,90006
2220,72744960,0.9777791052419487,3.7478771209716797,0.4581164360046387,,89378
2230,73072640,0.9774754058831538,3.7442905426025392,0.4526805400848389,,90579
2240,73400320,0.9771696984755293,3.755299758911133,0.5343673229217529,,92743
2250,73728000,0.9768619844551234,3.732712173461914,0.6555044651031494,,92011
2260,74055680,0.9765522652674108,3.7087783813476562,0.4805463790893555,,91230
2270,74383360,0.976240542367285,3.793625259399414,0.45626182556152345,,89440
2280,74711040,0.9759268172190521,3.802714157104492,0.4437561988830566,,89366
2290,75038720,0.9756110912964235,3.7436458587646486,0.453631591796875,,89315
2300,75366400,0.9752933660825093,3.7175437927246096,0.4364421844482422,,89287
2310,75694080,0.9749736430698112,3.6955810546875,0.4381561756134033,,89279
2320,76021760,0.9746519237602153,3.7315528869628904,0.46299057006835936,,89397
2330,76349440,0.9743282096649852,3.7281986236572267,0.4663969039916992,,89368
2340,76677120,0.9740025023047555,3.655415725708008,0.43593597412109375,,89385
2350,77004800,0.9736748032095234,3.7067222595214844,0.45168180465698243,,87706
2360,77332480,0.9733451139186423,3.7978763580322266,0.48201837539672854,,89374
2370,77660160,0.973013435980815,3.70074577331543,0.4478412628173828,,89358
2380,77987840,0.9726797709540852,3.760354232788086,0.45023717880249026,,89397
2390,78315520,0.9723441204058314,3.733449935913086,0.44631109237670896,,89335
2400,78643200,0.9720064859127585,3.713636779785156,0.44068493843078616,,89350
2410,78970880,0.9716668690608914,3.7144432067871094,0.44628129005432127,,89350
2420,79298560,0.9713252714455668,3.7138214111328125,0.44312005043029784,,89313
2430,79626240,0.9709816946714261,3.7449405670166014,0.43881983757019044,,89378
2440,79953920,0.9706361403524074,3.7775283813476563,0.43944034576416013,,89389
2450,80281600,0.9702886101117387,3.7343669891357423,0.44504847526550295,,89541
2460,80609280,0.9699391055819293,3.7237098693847654,0.46474738121032716,,89414
2470,80936960,0.9695876284047632,3.7742282867431642,0.4533811092376709,,89387
2480,81264640,0.9692341802312905,3.691146469116211,0.44847536087036133,,89488
2490,81592320,0.9688787627218198,3.7640151977539062,0.4512579917907715,,89385
2500,81920000,0.9685213775459112,3.7173675537109374,0.46364603042602537,,89517
2510,82247680,0.968162026382367,3.6191829681396483,0.43622865676879885,,89972
2520,82575360,0.9678007109192254,3.6596923828125,0.45217313766479494,,89901
2530,82903040,0.9674374328537514,3.5954158782958983,0.43979601860046386,,89444
2540,83230720,0.9670721938924294,3.673944854736328,0.44339890480041505,,89778
2550,83558400,0.966704995750955,3.7447063446044924,0.4492997646331787,,89569
2560,83886080,0.9663358401542269,3.6666439056396483,0.4425692558288574,,89402
2570,84213760,0.965964728836339,3.702595520019531,0.4339783191680908,,89365
2580,84541440,0.9655916635405721,3.762797546386719,0.5240087509155273,,89362
2590,84869120,0.9652166460193854,3.728929138183594,0.48178696632385254,,89024
2600,85196800,0.9648396780344092,3.6448463439941405,0.44130215644836424,,78575
2610,85524480,0.9644607613564357,3.625461959838867,0.4321739673614502,,68475
2620,85852160,0.9640798977654107,3.6870304107666017,0.43178400993347166,,68737
2630,86179840,0.9636970890504263,3.6264789581298826,0.44405550956726075,,68295
2640,86507520,0.963312337009711,3.6991504669189452,0.45050249099731443,,68445
2650,86835200,0.9629256434506225,3.6820755004882812,0.4335200786590576,,68510
2660,87162880,0.9625370101896386,3.5994590759277343,0.4571108341217041,,71878
2670,87490560,0.9621464390523483,3.6826725006103516,0.4484832763671875,,70245
2680,87818240,0.9617539318734444,3.693452835083008,0.5387166023254395,,71912
2690,88145920,0.9613594904967137,3.6475868225097656,0.4406848430633545,,68612
2700,88473600,0.9609631167750291,3.6605766296386717,0.44643564224243165,,68790
2710,88801280,0.9605648125703407,3.6587615966796876,0.4527852535247803,,68460
2720,89128960,0.9601645797536662,3.7180561065673827,0.44617018699645994,,66914
2730,89456640,0.959762420205084,3.6872005462646484,0.4469198703765869,,66964
2740,89784320,0.9593583358137223,3.6799564361572266,0.4438140869140625,,66943
2750,90112000,0.9589523284777519,3.669544982910156,0.44591560363769533,,67156
2760,90439680,0.9585444001043758,3.656093215942383,0.4407855987548828,,66868
2770,90767360,0.9581345526098218,3.591196060180664,0.4329380035400391,,67053
2780,91095040,0.9577227879193322,3.584773635864258,0.44538002014160155,,66959
2790,91422720,0.9573091079671553,3.648439407348633,0.44107704162597655,,66962
2800,91750400,0.9568935146965365,3.630170440673828,0.443635892868042,,67009
2810,92078080,0.9564760100597085,3.6685882568359376,0.4388862133026123,,67131
2820,92405760,0.956056596017883,3.585379409790039,0.4369955539703369,,66899
2830,92733440,0.9556352745412409,3.65528564453125,0.44762310981750486,,66947
2840,93061120,0.9552120476089232,3.6052589416503906,0.43848261833190916,,66967
2850,93388800,0.9547869172090215,3.6681987762451174,0.4469159126281738,,66956
2860,93716480,0.9543598853385692,3.636265182495117,0.43546743392944337,,66896
2870,94044160,0.9539309540035318,3.6649406433105467,0.44344615936279297,,66965
2880,94371840,0.953500125218797,3.631056213378906,0.43532662391662597,,66993
2890,94699520,0.9530674010081663,3.601255416870117,0.4467758655548096,,66898
2900,95027200,0.9526327834043443,3.5684619903564454,0.43860411643981934,,67088
2910,95354880,0.9521962744489302,3.6800914764404298,0.44937562942504883,,66982
2920,95682560,0.9517578761924075,3.625235748291016,0.4342377185821533,,67004
2930,96010240,0.9513175906941347,3.612960433959961,0.43368897438049314,,66871
2940,96337920,0.9508754200223356,3.6029834747314453,0.4378517150878906,,67017
2950,96665600,0.9504313662540893,3.603732681274414,0.4465458869934082,,66884
2960,96993280,0.949985431475321,3.5556560516357423,0.4261979103088379,,66967
2970,97320960,0.9495376177807917,3.6398712158203126,0.44256272315979006,,66973
2980,97648640,0.9490879272740883,3.6138641357421877,0.45912837982177734,,67386
2990,97976320,0.9486363620676144,3.5932804107666017,0.4419651985168457,,66895
3000,98304000,0.9481829242825798,3.618552017211914,0.43520255088806153,,66936
3010,98631680,0.9477276160489903,3.6358829498291017,0.4370077133178711,,66926
3020,98959360,0.9472704395056386,3.582036590576172,0.448502779006958,,66965
3030,99287040,0.9468113968000933,3.575115966796875,0.44167585372924806,,66973
3040,99614720,0.9463504900886894,3.648476791381836,0.4344215393066406,,66958
3050,99942400,0.9458877215365181,3.610506057739258,0.44116959571838377,,66398
3060,100270080,0.9454230933174161,3.6186622619628905,0.44240436553955076,,67067
3070,100597760,0.9449566076139565,3.6294769287109374,0.4383254051208496,,66884
3080,100925440,0.944488266617437,3.625750732421875,0.4550426959991455,,66923
3090,101253120,0.9440180725278713,3.6658702850341798,0.45350279808044436,,66962
3100,101580800,0.9435460275539773,3.5844993591308594,0.4463663578033447,,66920
3110,101908480,0.9430721339131679,3.6173065185546873,0.4272326946258545,,67127
3120,102236160,0.9425963938315396,3.5680179595947266,0.434674596786499,,68505
3130,102563840,0.9421188095438624,3.5907428741455076,0.4351223945617676,,68224
3140,102891520,0.94163938329357,3.6545745849609377,0.4546024799346924,,68705
3150,103219200,0.9411581173327482,3.6050392150878907,0.4475424289703369,,67163
3160,103546880,0.9406750139221247,3.6220874786376953,0.4361314296722412,,66955
3170,103874560,0.9401900753310587,3.5744247436523438,0.4371359825134277,,67134
3180,104202240,0.9397033038375302,3.5348365783691404,0.4373365879058838,,66953
3190,104529920,0.9392147017281288,3.627595901489258,0.45798778533935547,,66887
3200,104857600,0.9387242712980439,3.6016883850097656,0.44029884338378905,,66937
3210,105185280,0.9382320148510529,3.5999568939208983,0.4383409023284912,,67021
3220,105512960,0.937737934699511,3.5799449920654296,0.43979587554931643,,66981
3230,105840640,0.9372420331643404,3.5919994354248046,0.4448033332824707,,66901
3240,106168320,0.9367443125750188,3.562627410888672,0.4428568840026855,,66910
3250,106496000,0.936244775269569,3.592243957519531,0.44521679878234866,,66938
3260,106823680,0.9357434235945475,3.532954788208008,0.42807531356811523,,66919
3270,107151360,0.9352402599050346,3.5135662078857424,0.4474786758422852,,66938
3280,107479040,0.9347352865646213,3.598217010498047,0.4439375877380371,,66914
3290,107806720,0.9342285059454002,3.5191287994384766,0.4302194118499756,,66930
3300,108134400,0.9337199204279533,3.535917282104492,0.4268756866455078,,66893
3310,108462080,0.9332095324013407,3.606707000732422,0.4351872444152832,,66967
3320,108789760,0.93269734426309,3.6195957183837892,0.45107383728027345,,66226
3330,109117440,0.9321833584191851,3.648651885986328,0.4596299171447754,,66925
3340,109445120,0.9316675772840538,3.5423583984375,0.4432706832885742,,66888
3350,109772800,0.9311500032805579,3.5969001770019533,0.45101089477539064,,66965
3360,110100480,0.9306306388399807,3.571237564086914,0.4459674835205078,,67001
3370,110428160,0.9301094864020161,3.572698974609375,0.44745898246765137,,66920
3380,110755840,0.929586548414757,3.597492218017578,0.43252291679382326,,66921
3390,111083520,0.929061827334684,3.4921775817871095,0.4356076717376709,,67090
3400,111411200,0.928535325626654,3.583217239379883,0.4501799583435059,,66904
3410,111738880,0.9280070457638875,3.623960494995117,0.4641118049621582,,67061
3420,112066560,0.9274769902279585,3.5593467712402345,0.4540559768676758,,66912
3430,112394240,0.9269451615087818,3.5569175720214843,0.4493428707122803,,66890
3440,112721920,0.926411562104602,3.5612037658691404,0.44359188079833983,,67040
3450,113049600,0.9258761945219811,3.5150371551513673,0.4444392204284668,,66884
3460,113377280,0.9253390612757871,3.5337245941162108,0.4419400691986084,,66929
3470,113704960,0.9248001648891824,3.6026439666748047,0.4498702049255371,,66931
3480,114032640,0.9242595078936112,3.5898674011230467,0.44918408393859866,,66942
3490,114360320,0.9237170928287887,3.539491653442383,0.4443680763244629,,66908
3500,114688000,0.923172922242688,3.6128311157226562,0.43106789588928224,,66981
3510,115015680,0.922626998691529,3.5409912109375,0.4433430194854736,,66937
3520,115343360,0.922079324739766,3.515808868408203,0.4439543724060059,,67206
3530,115671040,0.9215299029600759,3.552804946899414,0.43847270011901857,,66927
3540,115998720,0.9209787359333456,3.5689651489257814,0.4389214038848877,,66943
3550,116326400,0.9204258262486603,3.5591930389404296,0.4345402717590332,,66936
3560,116654080,0.9198711765032919,3.5126041412353515,0.43857369422912595,,67231
3570,116981760,0.9193147893026851,3.49429931640625,0.44230451583862307,,68548
3580,117309440,0.9187566672604472,3.536927032470703,0.4370083808898926,,68661
3590,117637120,0.9181968129983342,3.5387332916259764,0.43172149658203124,,68661
3600,117964800,0.9176352291462395,3.5446605682373047,0.4329541683197021,,67291
3610,118292480,0.9170719183421812,3.5783023834228516,0.4478386402130127,,66869
3620,118620160,0.9165068832322891,3.5407787322998048,0.4298902988433838,,66825
3630,118947840,0.9159401264707938,3.512459945678711,0.4358792304992676,,66636
3640,119275520,0.9153716507200125,3.539131927490234,0.4431306838989258,,67162
3650,119603200,0.9148014586503377,3.6122108459472657,0.4435230255126953,,66932
3660,119930880,0.9142295529402239,3.5454540252685547,0.4355190277099609,,66946
3670,120258560,0.9136559362761759,3.5261001586914062,0.43445138931274413,,67487
3680,120586240,0.9130806113527351,3.524972152709961,0.44472332000732423,,66931
3690,120913920,0.9125035808724679,3.5584976196289064,0.43126702308654785,,67215
3700,121241600,0.9119248475459516,3.48682861328125,0.43500146865844724,,68119
3710,121569280,0.9113444140917637,3.554413986206055,0.4417598247528076,,68436
3720,121896960,0.9107622832364672,3.488438034057617,0.43593931198120117,,68373
3730,122224640,0.9101784577145987,3.514986038208008,0.4386197566986084,,68718
3740,122552320,0.9095929402686556,3.500418472290039,0.43491125106811523,,68362
3750,122880000,0.9090057336490831,3.5713462829589844,0.4407970428466797,,68435
3760,123207680,0.908416840614261,3.5342540740966797,0.46947274208068845,,68216
3770,123535360,0.9078262639304908,3.6010059356689452,0.44756455421447755,,67435
3780,123863040,0.9072340063719835,3.507611846923828,0.4712113857269287,,67003
3790,124190720,0.9066400707208456,3.474840545654297,0.444229793548584,,67086
3800,124518400,0.906044459767066,3.559554672241211,0.4368120193481445,,67405
3810,124846080,0.905447176308504,3.5468013763427733,0.43155612945556643,,66979
3820,125173760,0.9048482231508749,3.479727935791016,0.4401207447052002,,66968
3830,125501440,0.9042476031077374,3.5236141204833986,0.4376073837280273,,66923
3840,125829120,0.9036453190004807,3.515619659423828,0.4579801082611084,,66969
3850,126156800,0.9030413736583102,3.5595237731933596,0.44774956703186036,,67018
3860,126484480,0.9024357699182355,3.5261348724365233,0.45444655418395996,,66872
3870,126812160,0.9018285106250563,3.518158721923828,0.4457993030548096,,66936
3880,127139840,0.901219598631349,3.5036151885986326,0.4423647880554199,,66933
3890,127467520,0.9006090367974537,3.519598388671875,0.4331393241882324,,67028
3900,127795200,0.8999968279914605,3.498605728149414,0.4411928176879883,,66870
3910,128122880,0.8993829750891961,3.5662277221679686,0.4542856216430664,,67132
3920,128450560,0.8987674809742102,3.507223892211914,0.4467640399932861,,66868
3930,128778240,0.8981503485377622,3.5456615447998048,0.4412705421447754,,65960
3940,129105920,0.8975315806788072,3.4909168243408204,0.4452767848968506,,66895
3950,129433600,0.8969111803039826,3.534510040283203,0.4467004776000977,,66960
3960,129761280,0.8962891503275952,3.4807640075683595,0.4329157829284668,,66943
3970,130088960,0.8956654936716058,3.523311996459961,0.43819751739501955,,67148
3980,130416640,0.8950402132656169,3.5467357635498047,0.4397252082824707,,66916
3990,130744320,0.8944133120468587,3.502532196044922,0.4608781814575195,,66948
4000,131072000,0.8937847929601748,3.5046730041503906,0.44381370544433596,,68258
4010,131399680,0.8931546589580086,3.534498596191406,0.4533120632171631,,68538
4020,131727360,0.8925229130003902,3.564291000366211,0.44887604713439944,,68563
4030,132055040,0.8918895580549208,3.490526580810547,0.4476940631866455,,67376
4040,132382720,0.8912545970967604,3.5261371612548826,0.43329973220825196,,66939
4050,132710400,0.8906180331086129,3.5062305450439455,0.4428548336029053,,66588
4060,133038080,0.8899798690807127,3.4862770080566405,0.43554019927978516,,66965
4070,133365760,0.8893401080108099,3.5708648681640627,0.46769866943359373,,66909
4080,133693440,0.8886987529041569,3.4936569213867186,0.44007196426391604,,67007
4090,134021120,0.888055806773494,3.526560974121094,0.459153413772583,,66900
4100,134348800,0.8874112726390354,3.4847618103027345,0.45344204902648927,,66938
4110,134676480,0.8867651535284545,3.5292701721191406,0.441100025177002,,66946
4120,135004160,0.8861174524768703,3.4923236846923826,0.43616423606872556,,66978
4130,135331840,0.8854681725268331,3.5134334564208984,0.441013240814209,,66859
4140,135659520,0.8848173167283098,3.535914993286133,0.44049997329711915,,66925
4150,135987200,0.8841648881386694,3.5102516174316407,0.4411895275115967,,67032
4160,136314880,0.88351088982267,3.5242740631103517,0.44825425148010256,,67001
4170,136642560,0.8828553248524423,3.480936813354492,0.4473693370819092,,66905
4180,136970240,0.8821981963074773,3.522806167602539,0.44893798828125,,66958
4190,137297920,0.8815395072746101,3.5167449951171874,0.44634032249450684,,66953
4200,137625600,0.8808792608480065,3.4491962432861327,0.4427706241607666,,66938
4210,137953280,0.8802174601291479,3.517506790161133,0.43930397033691404,,66946
4220,138280960,0.8795541082268172,3.4925701141357424,0.4448054313659668,,67101
4230,138608640,0.8788892082570837,3.5349380493164064,0.434644889831543,,66508
4240,138936320,0.8782227633432887,3.498937225341797,0.4350866794586182,,66982
4250,139264000,0.877554776616031,3.4824180603027344,0.4455572605133057,,66958
4260,139591680,0.8768852512131515,3.483292007446289,0.4357156276702881,,67231
4270,139919360,0.8762141902797198,3.4928661346435548,0.4490821361541748,,66944
4280,140247040,0.8755415969680176,3.4830791473388674,0.4434176445007324,,67023
4290,140574720,0.8748674744375259,3.5304454803466796,0.44526329040527346,,66926
4300,140902400,0.8741918258549084,3.4670974731445314,0.4555386543273926,,66911
4310,141230080,0.8735146543939974,3.5221553802490235,0.44661989212036135,,66922
4320,141557760,0.8728359632357797,3.4601200103759764,0.4439705848693848,,66939
4330,141885440,0.8721557555683797,3.492779541015625,0.44664778709411623,,66979
4340,142213120,0.8714740345870462,3.440492630004883,0.44690332412719724,,66906
4350,142540800,0.8707908034941365,3.4961162567138673,0.4419510841369629,,66924
4360,142868480,0.8701060654991017,3.4937698364257814,0.44371590614318845,,66893
4370,143196160,0.8694198238184716,3.4830692291259764,0.43862171173095704,,66895
4380,143523840,0.8687320816758393,3.456587219238281,0.4430083751678467,,66938
4390,143851520,0.8680428423018461,3.4741268157958984,0.44496955871582033,,66948
4400,144179200,0.8673521089341671,3.449423599243164,0.4393458366394043,,67180
4410,144506880,0.866659884817495,3.475894546508789,0.46675724983215333,,66976
4420,144834560,0.865966173203525,3.4368831634521486,0.443288516998291,,67007
4430,145162240,0.86527097735094,3.505710983276367,0.4621717929840088,,67058
4440,145489920,0.8645743005253953,3.512774658203125,0.4422773361206055,,66604
4450,145817600,0.8638761459995025,3.461729049682617,0.45638284683227537,,68077
4460,146145280,0.8631765170528151,3.4533924102783202,0.44782419204711915,,68867
4470,146472960,0.8624754169718122,3.413279342651367,0.4500147342681885,,68511
4480,146800640,0.8617728490498839,3.4681018829345702,0.44747343063354494,,67508
4490,147128320,0.8610688165873153,3.319601821899414,0.43254623413085935,,66977
4500,147456000,0.860363322891271,3.42528076171875,0.44638500213623045,,66925
4510,147783680,0.8596563712757798,3.4327743530273436,0.4463042259216309,,66883
4520,148111360,0.8589479650617188,3.424569320678711,0.44542651176452636,,66898
4530,148439040,0.8582381075767984,3.4333415985107423,0.44135422706604005,,66964
4540,148766720,0.8575268021555462,3.471629333496094,0.4457709789276123,,66860
4550,149094400,0.8568140521392911,3.4620826721191404,0.4412245750427246,,66988
4560,149422080,0.8560998608761481,3.4606700897216798,0.4428878307342529,,66910
4570,149749760,0.8553842317210026,3.4973140716552735,0.44035768508911133,,67009
4580,150077440,0.8546671680354943,3.4366661071777345,0.43675689697265624,,67083
4590,150405120,0.8539486731880013,3.4662349700927733,0.4396615982055664,,67026
4600,150732800,0.8532287505536249,3.423808288574219,0.43702011108398436,,66977
4610,151060480,0.8525074035141732,3.476274871826172,0.45969858169555666,,66848
4620,151388160,0.8517846354581458,3.4690830230712892,0.4437720775604248,,66949
4630,151715840,0.8510604497807165,3.4665081024169924,0.4678052425384521,,66891
4640,152043520,0.8503348498837191,3.4131118774414064,0.44758033752441406,,67093
4650,152371200,0.8496078391756305,3.463651657104492,0.46368870735168455,,66355
4660,152698880,0.8488794210715549,3.4190093994140627,0.451003360748291,,66626
4670,153026560,0.8481495989932074,3.4272666931152345,0.43405790328979493,,66875
4680,153354240,0.8474183763688985,3.4863571166992187,0.4421549320220947,,66952
4690,153681920,0.8466857566335172,3.4376502990722657,0.4398906707763672,,65987
4700,154009600,0.8459517432285163,3.495566177368164,0.45359101295471194,,66950
4710,154337280,0.8452163396018946,3.4335399627685548,0.4459944248199463,,66843
4720,154664960,0.8444795492081815,3.4494075775146484,0.4445496559143066,,66943
4730,154992640,0.8437413755084207,3.4792949676513674,0.47072687149047854,,66952
4740,155320320,0.8430018219701542,3.4776302337646485,0.4526349067687988,,66877
4750,155648000,0.8422608920674052,3.4461578369140624,0.455778694152832,,66910
4760,155975680,0.841518589280663,3.481502914428711,0.4463786602020264,,66935
4770,156303360,0.8407749170968652,3.455912780761719,0.4447309970855713,,66869
4780,156631040,0.8400298790093831,3.41161994934082,0.4392877101898193,,66755
4790,156958720,0.8392834785180031,3.4191238403320314,0.4449319839477539,,66951
4800,157286400,0.8385357191289123,3.4445159912109373,0.44361119270324706,,67976
4810,157614080,0.837786604354681,3.4396121978759764,0.444746732711792,,68403
4820,157941760,0.8370361377142459,3.473311996459961,0.4494473934173584,,68209
4830,158269440,0.8362843227328948,3.3747936248779298,0.4462757110595703,,67914
4840,158597120,0.8355311629422486,3.39334716796875,0.44661660194396974,,68369
4850,158924800,0.8347766618802456,3.411338043212891,0.44562745094299316,,68290
4860,159252480,0.8340208230911248,3.418068695068359,0.4557292938232422,,68373
4870,159580160,0.8332636501254091,3.415415954589844,0.4484381675720215,,67737
4880,159907840,0.8325051465398888,3.4498519897460938,0.4479066371917725,,66951
4890,160235520,0.8317453158976044,3.461874008178711,0.4421420097351074,,68711
4900,160563200,0.8309841617678299,3.3691757202148436,0.4377321243286133,,68616
4910,160890880,0.8302216877260572,3.417797088623047,0.4453746318817139,,67741
4920,161218560,0.829457897353978,3.4225364685058595,0.4496243953704834,,66940
4930,161546240,0.8286927942394671,3.398814010620117,0.4540706157684326,,66884
4940,161873920,0.8279263819765664,3.449208450317383,0.46067061424255373,,66878
4950,162201600,0.827158664165467,3.4087127685546874,0.4451627254486084,,66978
4960,162529280,0.8263896444124933,3.411380386352539,0.4440634250640869,,66994
4970,162856960,0.825619326330085,3.3764556884765624,0.4556833267211914,,67050
4980,163184640,0.8248477135367809,3.420465087890625,0.4507741928100586,,66900
4990,163512320,0.8240748096572016,3.379619598388672,0.4638055324554443,,67003
5000,163840000,0.8233006183220325,3.3758495330810545,0.4532277584075928,,67227
5010,164167680,0.8225251431680068,3.4296943664550783,0.4469442844390869,,66920
5020,164495360,0.8217483878378885,3.3528404235839844,0.44283571243286135,,66908
5030,164823040,0.8209703559804551,3.411008834838867,0.4369760513305664,,67091
5040,165150720,0.8201910512504803,3.451862335205078,0.4701695442199707,,66979
5050,165478400,0.8194104773087175,3.4598163604736327,0.4472296714782715,,67142
5060,165806080,0.8186286378218818,3.3979896545410155,0.4398943424224854,,67114
5070,166133760,0.8178455364626335,3.3887359619140627,0.44232912063598634,,66978
5080,166461440,0.8170611769095599,3.3271026611328125,0.462522554397583,,66966
5090,166789120,0.8162755628471595,3.317330551147461,0.45679478645324706,,66955
5100,167116800,0.815488697965823,3.3898845672607423,0.4565286636352539,,66908
5110,167444480,0.8147005859618172,3.455155944824219,0.4563241958618164,,66889
5120,167772160,0.813911230537267,3.3632522583007813,0.44214863777160646,,66919
5130,168099840,0.8131206354001385,3.445296859741211,0.44659786224365233,,66989
5140,168427520,0.8123288042642208,3.3402053833007814,0.44759426116943357,,66906
5150,168755200,0.8115357408491098,3.392741394042969,0.4666942596435547,,66973
5160,169082880,0.8107414488801894,3.4179595947265624,0.44594550132751465,,66919
5170,169410560,0.8099459320886147,3.4317893981933594,0.4498856544494629,,66920
5180,169738240,0.8091491942112942,3.4327449798583984,0.454172945022583,,66929
5190,170065920,0.8083512389908728,3.3826148986816404,0.45121006965637206,,67011
5200,170393600,0.8075520701757136,3.4520198822021486,0.4418818473815918,,66954
5210,170721280,0.8067516915198807,3.4276309967041017,0.4493414402008057,,66857
5220,171048960,0.8059501067831211,3.420698547363281,0.4609054088592529,,66952
5230,171376640,0.8051473197308472,3.3797908782958985,0.4544870376586914,,66842
5240,171704320,0.8043433341341197,3.3823944091796876,0.44875636100769045,,67015
5250,172032000,0.8035381537696291,3.4421855926513674,0.45877814292907715,,66899
5260,172359680,0.8027317824196785,3.444505310058594,0.453554630279541,,66970
5270,172687360,0.8019242238721653,3.405884552001953,0.4532944202423096,,66958
5280,173015040,0.8011154819205639,3.375154495239258,0.44519572257995604,,66905
5290,173342720,0.8003055603639075,3.403009796142578,0.45133628845214846,,66907
5300,173670400,0.799494463006771,3.4037250518798827,0.44904499053955077,,66994
5310,173998080,0.7986821936592519,3.4397201538085938,0.4534163475036621,,66919
5320,174325760,0.7978687561369534,3.4249462127685546,0.4559657573699951,,66947
5330,174653440,0.7970541542609662,3.3965087890625,0.4494356632232666,,67568
5340,174981120,0.7962383918578503,3.3797679901123048,0.4463948249816895,,68599
5350,175308800,0.7954214727596175,3.471554183959961,0.47031025886535643,,68715
5360,175636480,0.794603400803713,3.374140167236328,0.4549740791320801,,68194
5370,175964160,0.7937841798329972,3.3528541564941405,0.4501701831817627,,66921
5380,176291840,0.7929638136957288,3.348673629760742,0.46283321380615233,,66977
5390,176619520,0.7921423062455447,3.423215866088867,0.4516600608825684,,66938
5400,176947200,0.791319661341444,3.3682601928710936,0.4467959403991699,,66933
5410,177274880,0.7904958828477688,3.4388286590576174,0.46285157203674315,,66863
5420,177602560,0.7896709746341858,3.3669986724853516,0.4435583114624023,,67530
5430,177930240,0.7888449405756687,3.3670684814453127,0.4506995677947998,,66949
5440,178257920,0.78801778455248,3.3891300201416015,0.45206308364868164,,66983
5450,178585600,0.7871895104501523,3.3522708892822264,0.4517529487609863,,66938
5460,178913280,0.7863601221594704,3.36321907043457,0.44458842277526855,,67136
5470,179240960,0.7855296235764533,3.3768455505371096,0.45068559646606443,,66938
5480,179568640,0.7846980186023351,3.4193340301513673,0.44837193489074706,,67254
5490,179896320,0.7838653111435474,3.3414100646972655,0.4549954891204834,,66955
5500,180224000,0.7830315051117006,3.3505882263183593,0.4537939548492432,,67099
5510,180551680,0.7821966044235655,3.3756004333496095,0.4516434192657471,,66881
5520,180879360,0.7813606130010551,3.430132293701172,0.4501808166503906,,66875
5530,181207040,0.7805235347712062,3.444614028930664,0.45656838417053225,,66978
5540,181534720,0.7796853736661605,3.4159542083740235,0.46810007095336914,,66917
5550,181862400,0.7788461336231468,3.358927917480469,0.4496192932128906,,66909
5560,182190080,0.7780058185844622,3.366719436645508,0.46308116912841796,,67021
5570,182517760,0.777164432497453,3.32672004699707,0.46257643699645995,,66966
5580,182845440,0.7763219793144973,3.44427604675293,0.4576447010040283,,66915
5590,183173120,0.7754784629929858,3.33026008605957,0.4485976219177246,,66948
5600,183500800,0.7746338874953032,3.350746917724609,0.4625545024871826,,66974
5610,183828480,0.773788256788809,3.3789047241210937,0.45527963638305663,,66870
5620,184156160,0.7729415748458205,3.372486114501953,0.4524879455566406,,66887
5630,184483840,0.7720938456435924,3.393376922607422,0.45220465660095216,,66938
5640,184811520,0.7712450731642992,3.3056480407714846,0.45423064231872556,,66936
5650,185139200,0.7703952613950162,3.408281707763672,0.46338768005371095,,66934
5660,185466880,0.7695444143277006,3.34439697265625,0.4855649471282959,,66951
5670,185794560,0.7686925359591726,3.35848388671875,0.45493330955505373,,67178
5680,186122240,0.7678396302910978,3.4132831573486326,0.46474461555480956,,66985
5690,186449920,0.7669857013299661,3.415724182128906,0.455037784576416,,67124
5700,186777600,0.7661307530870757,3.438404083251953,0.46074590682983396,,67148
5710,187105280,0.7652747895785117,3.325072479248047,0.4540228366851807,,66996
5720,187432960,0.7644178148251293,3.2660064697265625,0.44965591430664065,,66924
5730,187760640,0.7635598328525331,3.395851898193359,0.4635805606842041,,66922
5740,188088320,0.76270084769106,3.3664199829101564,0.4571901798248291,,66968
5750,188416000,0.7618408633757584,3.385411834716797,0.45450544357299805,,66955
5760,188743680,0.760979883946371,3.4117782592773436,0.4719535827636719,,66958
5770,189071360,0.7601179134473144,3.3820972442626953,0.45550312995910647,,66861
5780,189399040,0.7592549559276612,3.3798294067382812,0.4496305465698242,,67337
5790,189726720,0.7583910154411201,3.442978286743164,0.4613579273223877,,68431
5800,190054400,0.7575260960460173,3.412307357788086,0.45780296325683595,,66933
5810,190382080,0.7566602018052777,3.4099201202392577,0.4610252857208252,,66875
5820,190709760,0.7557933367864051,3.420675277709961,0.4665536403656006,,66816
5830,191037440,0.7549255050614639,3.3630298614501952,0.453151273727417,,66890
5840,191365120,0.7540567107070592,3.3674942016601563,0.45151281356811523,,66956
5850,191692800,0.753186957804318,3.3549034118652346,0.46434612274169923,,66890
5860,192020480,0.7523162504388706,3.3836219787597654,0.4562217712402344,,66941
5870,192348160,0.7514445927008302,3.4148658752441405,0.46209006309509276,,66899
5880,192675840,0.7505719886847744,3.2729171752929687,0.4655610084533691,,66892
5890,193003520,0.7496984424897264,3.376329803466797,0.4600504398345947,,68444
5900,193331200,0.7488239582191348,3.345109558105469,0.47504916191101076,,68729
5910,193658880,0.7479485399808549,3.3693569183349608,0.4587262630462646,,68220
5920,193986560,0.7470721918871295,3.3172855377197266,0.449705982208252,,68702
5930,194314240,0.7461949180545687,3.3362754821777343,0.4600811958312988,,68294
5940,194641920,0.745316722604132,3.3633651733398438,0.4606259822845459,,69127
5950,194969600,0.744437609661108,3.4014766693115233,0.46414971351623535,,68407
5960,195297280,0.7435575833550946,3.314561462402344,0.4657271385192871,,67227
5970,195624960,0.7426766478199808,3.4593795776367187,0.4737247467041016,,66923
5980,195952640,0.7417948071939264,3.3586757659912108,0.46656064987182616,,66894
5990,196280320,0.7409120656193431,3.2976959228515623,0.4639366626739502,,66930
6000,196608000,0.7400284272428742,3.311940383911133,0.4524014949798584,,66963
6010,196935680,0.7391438962153765,3.3530017852783205,0.45569911003112795,,66873
6020,197263360,0.7382584766918991,3.356694793701172,0.45599946975708006,,66917
6030,197591040,0.7373721728316657,3.3504539489746095,0.4609539985656738,,66881
6040,197918720,0.7364849887980534,3.404423141479492,0.4652641773223877,,66902
6050,198246400,0.7355969287585742,3.3964385986328125,0.47490320205688474,,67184
6060,198574080,0.7347079968848549,3.3894248962402345,0.46797661781311034,,66910
6070,198901760,0.733818197352618,3.315743255615234,0.46209325790405276,,66818
6080,199229440,0.7329275343416618,3.263795852661133,0.46248507499694824,,66905
6090,199557120,0.7320360120358402,3.3478282928466796,0.4681419849395752,,66934
6100,199884800,0.7311436346230444,3.325102996826172,0.46428937911987306,,66956
6110,200212480,0.7302504062951819,3.404154968261719,0.4711763381958008,,67079
6120,200540160,0.7293563312481574,3.316537094116211,0.46581273078918456,,66838
6130,200867840,0.7284614136818531,3.338665771484375,0.4532608509063721,,67018
6140,201195520,0.7275656578001092,3.2739841461181642,0.46285738945007326,,66902
6150,201523200,0.7266690678107032,3.3424266815185546,0.47589817047119143,,66901
6160,201850880,0.7257716479253312,3.331167221069336,0.4580991268157959,,66901
6170,202178560,0.7248734023595879,3.299504852294922,0.4597498416900635,,66991
6180,202506240,0.7239743353329462,3.334264373779297,0.45715131759643557,,66877
6190,202833920,0.7230744510687378,3.3918167114257813,0.4549210548400879,,66105
6200,203161600,0.7221737537941337,3.348236083984375,0.46874113082885743,,66884
6210,203489280,0.7212722477401238,3.3648296356201173,0.45413885116577146,,67086
6220,203816960,0.7203699371414969,3.404018783569336,0.45882978439331057,,68471
6230,204144640,0.7194668262368217,3.3330780029296876,0.4548942565917969,,68551
6240,204472320,0.7185629192684256,3.3459850311279298,0.4550136089324951,,68680
6250,204800000,0.7176582204823762,3.3067115783691405,0.45651826858520506,,67119
6260,205127680,0.7167527341284602,3.305572509765625,0.46069021224975587,,66914
6270,205455360,0.715846464460164,3.3456501007080077,0.4595829963684082,,67004
6280,205783040,0.7149394157346535,3.3232280731201174,0.46179914474487305,,66936
6290,206110720,0.7140315922127544,3.340006637573242,0.4645558834075928,,66881
6300,206438400,0.7131229981589317,3.3457706451416014,0.4717392921447754,,67062
6310,206766080,0.7122136378412699,3.30243034362793,0.4659615993499756,,67074
6320,207093760,0.7113035155314535,3.344602584838867,0.4645852565765381,,67068
6330,207421440,0.710392635504746,3.3724716186523436,0.4649034976959229,,67137
6340,207749120,0.70948100203997,3.3558773040771483,0.4740636348724365,,66910
6350,208076800,0.7085686194194882,3.3848926544189455,0.4646152496337891,,66959
6360,208404480,0.7076554919291816,3.3324810028076173,0.46208763122558594,,66947
6370,208732160,0.7067416238584305,3.326168441772461,0.4598083972930908,,66900
6380,209059840,0.7058270195000943,3.388895797729492,0.46034727096557615,,66978
6390,209387520,0.7049116831504906,3.369674301147461,0.47702994346618655,,66827
6400,209715200,0.7039956191093758,3.396499252319336,0.4636225700378418,,66985
6410,210042880,0.7030788316799246,3.3908199310302733,0.4701059818267822,,67041
6420,210370560,0.7021613251687095,3.359598159790039,0.4723160743713379,,66940
6430,210698240,0.7012431038856815,3.4157638549804688,0.4646575927734375,,66926
6440,211025920,0.7003241721441484,3.3230194091796874,0.4607238292694092,,66967
6450,211353600,0.699404534260756,3.3560100555419923,0.4669957160949707,,66839
6460,211681280,0.6984841945554667,3.3114192962646483,0.49480571746826174,,66988
6470,212008960,0.6975631573515402,3.271547317504883,0.457387113571167,,66963
6480,212336640,0.6966414269755121,3.3368408203125,0.45513138771057127,,66899
6490,212664320,0.6957190077571747,3.3414268493652344,0.4705185413360596,,66953
6500,212992000,0.6947959040295556,3.2551799774169923,0.4701992988586426,,66905
6510,213319680,0.693872120128898,3.3549427032470702,0.4667359828948975,,66953
6520,213647360,0.6929476603946405,3.351002502441406,0.48537425994873046,,66948
6530,213975040,0.6920225291693962,3.3259742736816404,0.47138080596923826,,66959
6540,214302720,0.6910967307989323,3.265667724609375,0.46709742546081545,,66945
6550,214630400,0.6901702696321502,3.2970619201660156,0.48094706535339354,,66949
6560,214958080,0.6892431500210646,3.331102752685547,0.46817693710327146,,66958
6570,215285760,0.6883153763207832,3.4272350311279296,0.47433934211730955,,66898
6580,215613440,0.6873869528894864,3.312181854248047,0.472504186630249,,66906
6590,215941120,0.6864578840884065,3.3645912170410157,0.4759622573852539,,66899
6600,216268800,0.6855281742818073,3.3177947998046875,0.47269291877746583,,66952
6610,216596480,0.6845978278369642,3.3252944946289062,0.4772195339202881,,66899
6620,216924160,0.683666849124143,3.396259307861328,0.4707324981689453,,66949
6630,217251840,0.6827352425165789,3.3302181243896483,0.4732508182525635,,66924
6640,217579520,0.6818030123904574,3.3613021850585936,0.47231554985046387,,66904
6650,217907200,0.6808701631248927,3.3224510192871093,0.47421774864196775,,66941
6660,218234880,0.6799366991019075,3.3348175048828126,0.49358086585998534,,66889
6670,218562560,0.6790026247064119,3.3576202392578125,0.47480382919311526,,68611
6680,218890240,0.6780679443261837,3.3061687469482424,0.4686837673187256,,68463
6690,219217920,0.6771326623518468,3.3363010406494142,0.4871838569641113,,68717
6700,219545600,0.6761967831768516,3.3243072509765623,0.46938190460205076,,67432
6710,219873280,0.6752603111974533,3.3156227111816405,0.48087620735168457,,66963
6720,220200960,0.6743232508126922,3.3660205841064452,0.476347827911377,,66989
6730,220528640,0.6733856064243724,3.3548553466796873,0.4762259960174561,,66916
6740,220856320,0.6724473824370414,3.2393192291259765,0.45879383087158204,,66916
6750,221184000,0.6715085832579691,3.2969688415527343,0.4724682331085205,,66944
6760,221511680,0.6705692132971278,3.3095874786376953,0.4907515048980713,,66881
6770,221839360,0.6696292769671708,3.240885543823242,0.4782701969146729,,66968
6780,222167040,0.6686887786834115,3.3289222717285156,0.47234244346618653,,66932
6790,222494720,0.6677477228638038,3.3336544036865234,0.4743825435638428,,66944
6800,222822400,0.6668061139289202,3.2882530212402346,0.4593979835510254,,66890
6810,223150080,0.6658639563019313,3.3268898010253904,0.4708768367767334,,66915
6820,223477760,0.6649212544085855,3.343381881713867,0.4769123077392578,,66880
6830,223805440,0.6639780126771876,3.2121208190917967,0.4686479091644287,,66761
6840,224133120,0.6630342355385784,3.305359649658203,0.4712550163269043,,66922
6850,224460800,0.6620899274261136,3.2942173004150392,0.47012767791748045,,66928
6860,224788480,0.6611450927756435,3.3227684020996096,0.46461119651794436,,66910
6870,225116160,0.6601997360254913,3.320974349975586,0.47516789436340334,,66925
6880,225443840,0.659253861616433,3.2625099182128907,0.4677175521850586,,66910
6890,225771520,0.6583074739916764,3.2789756774902346,0.4741020679473877,,66881
6900,226099200,0.65736057759684,3.316118621826172,0.4725943088531494,,66985
6910,226426880,0.656413176879932,3.365591049194336,0.4753678798675537,,66857
6920,226754560,0.65546527629133,3.3765697479248047,0.4789910793304443,,66990
6930,227082240,0.6545168802837597,3.3250782012939455,0.5045597553253174,,67000
6940,227409920,0.6535679933122733,3.332216262817383,0.48165364265441896,,67021
6950,227737600,0.6526186198342305,3.291864013671875,0.47341742515563967,,67018
6960,228065280,0.6516687643092755,3.353841018676758,0.47336277961730955,,67094
6970,228392960,0.6507184311993169,3.337961959838867,0.47908811569213866,,66999
6980,228720640,0.6497676249685073,3.2813655853271486,0.4778281211853027,,66912
6990,229048320,0.648816350083221,3.2920337677001954,0.4763937950134277,,67406
7000,229376000,0.6478646110120344,3.280290222167969,0.47478418350219725,,68623
7010,229703680,0.6469124122257043,3.2786624908447264,0.46728086471557617,,68245
7020,230031360,0.6459597581971467,3.2974689483642576,0.47719173431396483,,68379
7030,230359040,0.6450066534014163,3.217546081542969,0.46861844062805175,,68284
7040,230686720,0.6440531023156852,3.3038150787353517,0.47431254386901855,,68038
7050,231014400,0.643099109419222,3.2942268371582033,0.4764430046081543,,66893
7060,231342080,0.6421446791933706,3.2697010040283203,0.4690397262573242,,66878
7070,231669760,0.6411898161215294,3.2854209899902345,0.4695002555847168,,66911
7080,231997440,0.6402345246891296,3.2705928802490236,0.5952968597412109,,66952
7090,232325120,0.6392788093836153,3.2615665435791015,0.5106384754180908,,66696
7100,232652800,0.6383226746944214,3.238150787353516,0.6576037406921387,,68145
7110,232980480,0.6373661251129528,3.2323150634765625,0.5156103134155273,,68741
7120,233308160,0.6364091651325631,3.226584243774414,0.47500109672546387,,68380
7130,233635840,0.6354517992485343,3.338206481933594,0.49378366470336915,,67475
7140,233963520,0.6344940319580545,3.2947296142578124,0.4757249355316162,,66904
7150,234291200,0.6335358677601981,3.304920196533203,0.472121000289917,,67469
7160,234618880,0.6325773111559034,3.295766830444336,0.4686256408691406,,66916
7170,234946560,0.631618366647952,3.2811756134033203,0.4675599098205566,,66921
7180,235274240,0.6306590387409481,3.2759521484375,0.4742152690887451,,66928
7190,235601920,0.6296993319412965,3.2916358947753905,0.48249406814575196,,66921
7200,235929600,0.6287392507571821,3.3210590362548826,0.4704738616943359,,66934
7210,236257280,0.627778799698548,3.2620086669921875,0.4784785270690918,,66913
7220,236584960,0.6268179832770756,3.2836437225341797,0.47963552474975585,,66930
7230,236912640,0.6258568060061616,3.255166244506836,0.47592649459838865,,66932
7240,237240320,0.6248952724008985,3.287363052368164,0.475724458694458,,66915
7250,237568000,0.6239333869780525,3.294363021850586,0.4850341320037842,,66927
7260,237895680,0.6229711542560421,3.2604820251464846,0.474548864364624,,66939
7270,238223360,0.6220085787549176,3.2620925903320312,0.47013101577758787,,66933
7280,238551040,0.6210456649963396,3.2104312896728517,0.4736466407775879,,66832
7290,238878720,0.6200824175035572,3.2614517211914062,0.4800436019897461,,66988
7300,239206400,0.6191188408013876,3.3070728302001955,0.4801445007324219,,66858
7310,239534080,0.618154939416194,3.2316299438476563,0.4798079490661621,,66893
7320,239861760,0.6171907178758654,3.245571517944336,0.47277092933654785,,66168
7330,240189440,0.6162261807097943,3.298379135131836,0.48093428611755373,,67058
7340,240517120,0.615261332448856,3.2996715545654296,0.4801525115966797,,66891
7350,240844800,0.6142961776253867,3.26292724609375,0.47669353485107424,,67008
7360,241172480,0.6133307207731634,3.2665714263916015,0.4797196388244629,,66926
7370,241500160,0.6123649664273816,3.259499740600586,0.47320189476013186,,66949
7380,241827840,0.6113989191246338,3.2622608184814452,0.484751033782959,,66930
7390,242155520,0.6104325834028894,3.260711669921875,0.4735969066619873,,67216
7400,242483200,0.6094659638014722,3.298805999755859,0.47637510299682617,,66920
7410,242810880,0.6084990648610393,3.2584049224853517,0.47112584114074707,,67101
7420,243138560,0.6075318911235607,3.346792221069336,0.48988189697265627,,66902
7430,243466240,0.6065644471322965,3.3163856506347655,0.4942526340484619,,66917
7440,243793920,0.6055967374317768,3.3536476135253905,0.4788400173187256,,66895
7450,244121600,0.6046287665677795,3.294091796875,0.4803810119628906,,66865
7460,244449280,0.6036605390873098,3.2739643096923827,0.48353915214538573,,66930
7470,244776960,0.6026920595385779,3.270245361328125,0.48595333099365234,,66889
7480,245104640,0.6017233324709779,3.27646484375,0.47947063446044924,,66928
7490,245432320,0.6007543624350674,3.2057910919189454,0.4788056373596191,,66933
7500,245760000,0.5997851539825445,3.1940635681152343,0.4760983943939209,,66870
7510,246087680,0.5988157116662278,3.2178539276123046,0.47174797058105467,,66941
7520,246415360,0.5978460400400343,3.2229454040527346,0.4728574275970459,,66960
7530,246743040,0.5968761436589581,3.2489788055419924,0.48595733642578126,,67038
7540,247070720,0.595906027079049,3.303345489501953,0.47797384262084963,,66983
7550,247398400,0.5949356948573915,3.2366474151611326,0.47646031379699705,,67971
7560,247726080,0.593965151552083,3.2667381286621096,0.4747964382171631,,68655
7570,248053760,0.5929944017222119,3.2068161010742187,0.47069149017333983,,68657
7580,248381440,0.5920234499278374,3.29613037109375,0.47888822555541993,,67889
7590,248709120,0.5910523007299672,3.252959060668945,0.4737959384918213,,67061
7600,249036800,0.5900809586905363,3.296907424926758,0.47744951248168943,,67041
7610,249364480,0.5891094283723856,3.2788116455078127,0.4776785373687744,,66885
7620,249692160,0.5881377143392402,3.310884475708008,0.4850358486175537,,67118
7630,250019840,0.5871658211556886,3.3435642242431642,0.48885188102722166,,66922
7640,250347520,0.5861937533871606,3.226572799682617,0.4730052471160889,,66969
7650,250675200,0.585221515599906,3.2710269927978515,0.4832344055175781,,66953
7660,251002880,0.5842491123609734,3.2058807373046876,0.4820712089538574,,66972
7670,251330560,0.5832765482381888,3.3017852783203123,0.48239755630493164,,66899
7680,251658240,0.5823038278001335,3.2726371765136717,0.4988099098205566,,66971
7690,251985920,0.5813309556161232,3.2376060485839844,0.47529296875,,66889
7700,252313600,0.5803579362561871,3.267896270751953,0.4764864444732666,,66930
7710,252641280,0.5793847742910447,3.302326965332031,0.4820686340332031,,66932
7720,252968960,0.5784114742920861,3.270049285888672,0.4910570621490479,,66969
7730,253296640,0.5774380408313496,3.1885984420776365,0.4814765453338623,,66863
7740,253624320,0.5764644784815004,3.2433021545410154,0.493597412109375,,66940
7750,253952000,0.575490791815809,3.30345458984375,0.48760213851928713,,66887
7760,254279680,0.5745169854081302,3.275027847290039,0.47738170623779297,,66956
7770,254607360,0.5735430638328811,3.2109397888183593,0.48107337951660156,,66936
7780,254935040,0.5725690316650198,3.2339874267578126,0.5007213115692138,,66900
7790,255262720,0.571594893480024,3.2532958984375,0.48277816772460935,,66956
7800,255590400,0.5706206538538694,3.2777172088623048,0.4874409198760986,,66892
7810,255918080,0.5696463173630077,3.29132194519043,0.4983407974243164,,66942
7820,256245760,0.5686718885843468,3.2733623504638674,0.4828640460968018,,66918
7830,256573440,0.5676973720952269,3.2559879302978514,0.5045270919799805,,66981
7840,256901120,0.5667227724734006,3.260694885253906,0.49880380630493165,,66883
7850,257228800,0.5657480942970116,3.290836715698242,0.4875760555267334,,66928
7860,257556480,0.5647733421445715,3.265687942504883,0.4861606597900391,,66965
7870,257884160,0.5637985205949405,3.2823963165283203,0.4817790985107422,,66998
7880,258211840,0.5628236342273044,3.2769245147705077,0.483060884475708,,66876
7890,258539520,0.5618486876211529,3.2733570098876954,0.4836896896362305,,66961
7900,258867200,0.5608736853562596,3.2694835662841797,0.48910698890686033,,66913
7910,259194880,0.5598986320126588,3.258259963989258,0.47994089126586914,,66931
7920,259522560,0.5589235321706254,3.158465576171875,0.491653299331665,,66895
7930,259850240,0.557948390410652,3.268218231201172,0.5152411937713623,,66930
7940,260177920,0.5569732113134289,3.257966995239258,0.4963687896728516,,66990
7950,260505600,0.5559979994598211,3.2362598419189452,0.49700145721435546,,66978
7960,260833280,0.5550227594308477,3.316606903076172,0.4865375518798828,,66885
7970,261160960,0.5540474958076603,3.1921676635742187,0.4758347988128662,,66922
7980,261488640,0.5530722131715214,3.2475223541259766,0.485955810546875,,67676
7990,261816320,0.5520969161037825,3.2434226989746096,0.48921804428100585,,68498
8000,262144000,0.551121609185863,3.2817657470703123,0.4893300533294678,,68772
8010,262471680,0.5501462969992287,3.187969779968262,0.4790801525115967,,68114
8020,262799360,0.5491709841253699,3.1986116409301757,0.4837801456451416,,66860
8030,263127040,0.5481956751457805,3.2438255310058595,0.48590850830078125,,66916
8040,263454720,0.5472203746419358,3.2416690826416015,0.4859250545501709,,66976
8050,263782400,0.5462450871952715,3.1923290252685548,0.4834766387939453,,66763
8060,264110080,0.5452698173871616,3.1952608108520506,0.48401527404785155,,66968
8070,264437760,0.5442945697988978,3.2588134765625,0.4849364757537842,,66891
8080,264765440,0.5433193490116667,3.261326217651367,0.48914027214050293,,67840
8090,265093120,0.5423441596065299,3.2328636169433596,0.49781074523925783,,68325
8100,265420800,0.5413690061644008,3.2433807373046877,0.49415135383605957,,68233
8110,265748480,0.5403938932660243,3.2336662292480467,0.4997206687927246,,68179
8120,266076160,0.5394188254919544,3.2670562744140623,0.4885575771331787,,68390
8130,266403840,0.538443807422534,3.2188884735107424,0.4882198810577393,,68376
8140,266731520,0.5374688436378715,3.2293949127197266,0.4864917278289795,,68444
8150,267059200,0.5364939387178209,3.2658580780029296,0.48458023071289064,,67447
8160,267386880,0.5355190972419597,3.1610780715942384,0.48116087913513184,,66963
8170,267714560,0.5345443237895667,3.2745872497558595,0.49248814582824707,,67038
8180,268042240,0.5335696229396024,3.2419063568115236,0.4923526763916016,,66904
8190,268369920,0.532594999270685,3.2542144775390627,0.490419864654541,,66949
8200,268697600,0.5316204573610711,3.3014068603515625,0.5068754196166992,,67015
8210,269025280,0.5306460017886323,3.2411865234375,0.4898500442504883,,66975
8220,269352960,0.5296716371308356,3.2613750457763673,0.4907271385192871,,66980
8230,269680640,0.5286973679647203,3.215347671508789,0.4927016258239746,,67120
8240,270008320,0.5277231988668772,3.2298725128173826,0.48814544677734373,,67039
8250,270336000,0.5267491344134275,3.214840316772461,0.497637414932251,,66882
8260,270663680,0.5257751791799999,3.272287368774414,0.4964578628540039,,66968
8270,270991360,0.5248013377417113,3.2283046722412108,0.4864229202270508,,66922
8280,271319040,0.523827614673143,3.1708248138427733,0.4862954616546631,,66988
8290,271646720,0.5228540145483207,3.2002220153808594,0.48514523506164553,,67057
8300,271974400,0.5218805419406926,3.27862434387207,0.49607248306274415,,66968
8310,272302080,0.5209072014231075,3.193045425415039,0.4906435489654541,,66919
8320,272629760,0.5199339975677946,3.266265106201172,0.4906143665313721,,67013
8330,272957440,0.51896093494634,3.263227081298828,0.4892397880554199,,66896
8340,273285120,0.5179880181296672,3.2908161163330076,0.4943384647369385,,66914
8350,273612800,0.5170152516880143,3.151032638549805,0.4904214859008789,,66918
8360,273940480,0.5160426401909136,3.2331260681152343,0.4959440231323242,,66919
8370,274268160,0.5150701882071689,3.2614952087402345,0.4840847492218018,,66918
8380,274595840,0.514097900304835,3.2472644805908204,0.49181551933288575,,66885
8390,274923520,0.5131257810511961,3.269473648071289,0.5156132221221924,,66861
8400,275251200,0.5121538350127436,3.2292465209960937,0.4925356864929199,,67284
8410,275578880,0.511182066755156,3.1505340576171874,0.4851562976837158,,66921
8420,275906560,0.510210480843276,3.2332557678222655,0.48226170539855956,,66905
8430,276234240,0.5092390818410902,3.2119617462158203,0.48891844749450686,,67489
8440,276561920,0.508267874311707,3.203739547729492,0.49108524322509767,,68515
8450,276889600,0.5072968628173354,3.2709186553955076,0.49367375373840333,,68574
8460,277217280,0.5063260519192636,3.221598815917969,0.49904613494873046,,68231
8470,277544960,0.5053554461778373,3.243944549560547,0.49562664031982423,,67112
8480,277872640,0.5043850501524388,3.188562774658203,0.48546152114868163,,66866
8490,278200320,0.5034148684014648,3.248271942138672,0.5047853946685791,,66345
8500,278528000,0.502444905482306,3.2221004486083986,0.4965620994567871,,66955
8510,278855680,0.5014751659513248,3.2045265197753907,0.4913331985473633,,66951
8520,279183360,0.5005056543638344,3.195282554626465,0.4966397762298584,,66891
8530,279511040,0.499536375274077,3.2319469451904297,0.49820170402526853,,66957
8540,279838720,0.4985673332352031,3.1831640243530273,0.49752278327941896,,66932
8550,280166400,0.49759853279924915,3.2130943298339845,0.5034968852996826,,67067
8560,280494080,0.4966299785171171,3.215235137939453,0.4950720310211182,,66957
8570,280821760,0.4956616749385523,3.194441795349121,0.4974177837371826,,66939
8580,281149440,0.49469362661212246,3.2679630279541017,0.49747800827026367,,66915
8590,281477120,0.49372583808519666,3.274100494384766,0.4935314178466797,,66975
8600,281804800,0.4927583139039229,3.2291316986083984,0.49587063789367675,,66882
8610,282132480,0.49179105861320815,3.1918352127075194,0.4896248340606689,,66684
8620,282460160,0.4908240767566955,3.2444183349609377,0.5050108909606934,,66953
8630,282787840,0.48985737287674447,3.2192462921142577,0.4990821838378906,,66918
8640,283115520,0.4888909515144081,3.2357742309570314,0.498913049697876,,66972
8650,283443200,0.4879248172094126,3.197208595275879,0.5030734539031982,,66908
8660,283770880,0.4869589745001358,3.2533191680908202,0.5127519607543946,,66958
8670,284098560,0.48599342792358535,3.2225715637207033,0.4968374729156494,,66948
8680,284426240,0.48502818201537845,3.209858703613281,0.4911473274230957,,66805
8690,284753920,0.48406324130971956,3.205750274658203,0.4936839580535889,,66893
8700,285081600,0.4830986103393794,3.207406234741211,0.4970231056213379,,66969
8710,285409280,0.4821342936356737,3.2547023773193358,0.49986820220947265,,66947
8720,285736960,0.4811702957284427,3.2576629638671877,0.5118275165557862,,66938
8730,286064640,0.48020662114602786,3.199163055419922,0.49520511627197267,,66895
8740,286392320,0.4792432744152527,3.236621856689453,0.49688072204589845,,66993
8750,286720000,0.47828026006140056,3.2401992797851564,0.4932919979095459,,66875
8760,287047680,0.477317582608193,3.1479364395141602,0.4960459232330322,,66171
8770,287375360,0.4763552465777695,3.2230148315429688,0.4969473361968994,,66966
8780,287703040,0.47539325649066544,3.1686164855957033,0.4984867095947266,,67253
8790,288030720,0.4744316168657915,3.211471176147461,0.5034758567810058,,66900
8800,288358400,0.47347033222041146,3.2031761169433595,0.505046033859253,,66466
8810,288686080,0.47250940707012234,3.196038246154785,0.5008705615997314,,66951
8820,289013760,0.47154884592883173,3.1676189422607424,0.5001693725585937,,67003
8830,289341440,0.4705886533087379,3.240550231933594,0.5049733638763427,,66974
8840,289669120,0.4696288337203076,3.173657989501953,0.494260835647583,,67026
8850,289996800,0.4686693916722554,3.187883186340332,0.50270094871521,,67002
8860,290324480,0.46771033167152265,3.1818449020385744,0.5075623989105225,,67205
8870,290652160,0.4667516582232554,3.2450111389160154,0.4909169673919678,,68994
8880,290979840,0.46579337583078473,3.1921670913696287,0.4880376815795898,,68504
8890,291307520,0.4648354889956039,3.2256855010986327,0.4941099166870117,,68626
8900,291635200,0.4638780022173489,3.17710018157959,0.49831151962280273,,66576
8910,291962880,0.4629209199937757,3.2016441345214846,0.506749439239502,,66935
8920,292290560,0.46196424682074044,3.200725555419922,0.5006637573242188,,66967
8930,292618240,0.4610079871921775,3.1492576599121094,0.49722819328308104,,66900
8940,292945920,0.4600521456000787,3.2033714294433593,0.5060875892639161,,66895
8950,293273600,0.4590967265344721,3.222314453125,0.4977274894714355,,66965
8960,293601280,0.4581417344834009,3.1543947219848634,0.4944923400878906,,66869
8970,293928960,0.45718717393290287,3.1883567810058593,0.5024745464324951,,66996
8980,294256640,0.45623304936698816,3.1866733551025392,0.49922752380371094,,66927
8990,294584320,0.4552793652676195,3.185226821899414,0.5008609771728516,,66910
9000,294912000,0.4543261261146899,3.1919647216796876,0.4942819118499756,,66956
9010,295239680,0.45337333638600297,3.2606136322021486,0.5080232620239258,,66967
9020,295567360,0.45242100055725065,3.247233200073242,0.5119832992553711,,66862
9030,295895040,0.45146912310199294,3.2413398742675783,0.5151103496551513,,66923
9040,296222720,0.4505177084916365,3.2152652740478516,0.5053764343261719,,66914
9050,296550400,0.44956676119541383,3.2702606201171873,0.5074087142944336,,66915
9060,296878080,0.4486162856803626,3.2224349975585938,0.5014684677124024,,66880
9070,297205760,0.44766628641130346,3.1741790771484375,0.49665040969848634,,66983
9080,297533440,0.4467167678508208,3.1470058441162108,0.5031645774841309,,66970
9090,297861120,0.44576773445924056,3.1981060028076174,0.5043535709381104,,66937
9100,298188800,0.4448191906946096,3.248768997192383,0.5168473720550537,,66893
9110,298516480,0.44387114101267466,3.171251106262207,0.49581179618835447,,67019
9120,298844160,0.44292358986686153,3.1576766967773438,0.49762377738952634,,66892
9130,299171840,0.4419765417082546,3.164117431640625,0.5003512859344482,,66934
9140,299499520,0.4410300009855749,3.167746353149414,0.4936253547668457,,66922
9150,299827200,0.4400839721451604,3.1632789611816405,0.4971613883972168,,66983
9160,300154880,0.43913845963094367,3.21456298828125,0.5018145561218261,,67118
9170,300482560,0.4381934678844329,3.1877300262451174,0.5035858154296875,,68476
9180,300810240,0.43724900134468936,3.202692413330078,0.5038846492767334,,68348
9190,301137920,0.4363050644483073,3.1928476333618163,0.49924545288085936,,68392
9200,301465600,0.4353616616293928,3.2687206268310547,0.5181759834289551,,68585
9210,301793280,0.4344187973195436,3.249226379394531,0.5082764625549316,,68249
9220,302120960,0.43347647594782734,3.1584701538085938,0.4933811664581299,,68436
9230,302448640,0.4325347019407614,3.2452136993408205,0.5003876686096191,,68875
9240,302776320,0.43159347972229234,3.1982772827148436,0.49986863136291504,,67129
9250,303104000,0.43065281371377384,3.2059303283691407,0.49933490753173826,,66935
9260,303431680,0.4297127083339477,3.191571044921875,0.5298154830932618,,66945
9270,303759360,0.4287731679989216,3.2103343963623048,0.5032663345336914,,66911
9280,304087040,0.4278341971221492,3.1595794677734377,0.4983959197998047,,66927
9290,304414720,0.4268958001144092,3.2194683074951174,0.5060676574707031,,66829
9300,304742400,0.42595798138378416,3.2138339996337892,0.505857515335083,,66953
9310,305070080,0.4250207453356408,3.2186119079589846,0.5138424873352051,,66979
9320,305397760,0.42408409637260824,3.2380619049072266,0.5081450939178467,,68574
9330,305725440,0.4231480388945583,3.2045513153076173,0.5051613807678222,,68510
9340,306053120,0.4222125772985835,3.2159523010253905,0.5111490726470947,,68890
9350,306380800,0.42127771597897823,3.1513179779052733,0.5011600017547607,,67207
9360,306708480,0.4203434593272163,3.2247783660888674,0.501123046875,,66905
9370,307036160,0.4194098117319315,3.1945468902587892,0.5027877807617187,,66169
9380,307363840,0.41847677757889645,3.197823905944824,0.5028700828552246,,66737
9390,307691520,0.41754436125100236,3.228776550292969,0.5085663795471191,,66884
9400,308019200,0.416612567128238,3.1725221633911134,0.501293420791626,,66910
9410,308346880,0.41568139958766936,3.126066970825195,0.5026886940002442,,66903
9420,308674560,0.41475086300341946,3.167791748046875,0.5243208885192872,,66940
9430,309002240,0.41382096174664673,3.155023765563965,0.5073009014129639,,66927
9440,309329920,0.412891700185526,3.2355316162109373,0.5168314456939698,,66939
9450,309657600,0.4119630826852264,3.16036319732666,0.5062214374542237,,66988
9460,309985280,0.41103511360789224,3.2076412200927735,0.5153528213500976,,67145
9470,310312960,0.4101077973126215,3.2047157287597656,0.5065992832183838,,67298
9480,310640640,0.40918113815544555,3.122468185424805,0.50331130027771,,66934
9490,310968320,0.40825514048930955,3.1541364669799803,0.4985306739807129,,66888
9500,311296000,0.4073298086640508,3.1833024978637696,0.5098579883575439,,66987
9510,311623680,0.4064051470263791,3.1600725173950197,0.5080410003662109,,66936
9520,311951360,0.40548115991985556,3.244709777832031,0.5130833148956299,,66926
9530,312279040,0.4045578516848737,3.1472705841064452,0.5209474086761474,,66931
9540,312606720,0.40363522665863694,3.1935447692871093,0.5115525245666503,,66952
9550,312934400,0.4027132891751404,3.2100406646728517,0.5110547065734863,,66974
9560,313262080,0.40179204356514864,3.1679208755493162,0.5066544532775878,,66954
9570,313589760,0.4008714941561764,3.1391883850097657,0.5005092144012451,,66923
9580,313917440,0.3999516452724685,3.1488210678100588,0.49825057983398435,,67155
9590,314245120,0.39903250123497847,3.1439493179321287,0.5044498443603516,,66947
9600,314572800,0.3981140663613494,3.2059101104736327,0.5194139957427979,,66936
9610,314900480,0.3971963449658923,3.224880599975586,0.51674485206604,,66946
9620,315228160,0.39627934135956777,3.157590866088867,0.4982661247253418,,66894
9630,315555840,0.3953630598499638,3.210957717895508,0.5044656753540039,,66905
9640,315883520,0.3944475047412763,3.2133724212646486,0.5105257034301758,,67169
9650,316211200,0.3935326803342897,3.2223663330078125,0.5086125373840332,,67060
9660,316538880,0.3926185909263551,3.252725601196289,0.503805685043335,,66871
9670,316866560,0.3917052408113716,3.191189193725586,0.5156800746917725,,67134
9680,317194240,0.39079263427976507,3.1827728271484377,0.5533421039581299,,67079
9690,317521920,0.389880775618469,3.1868896484375,0.5267168045043945,,66524
9700,317849600,0.388969669110903,3.185667037963867,0.5146355628967285,,66925
9710,318177280,0.38805931903695423,3.1998527526855467,0.5222689628601074,,66946
9720,318504960,0.38714972967295613,3.148537254333496,0.5042119026184082,,66934
9730,318832640,0.38624090529166855,3.1424428939819338,0.5018469810485839,,66909
9740,319160320,0.3853328501622585,3.1488677978515627,0.5033106803894043,,66805
9750,319488000,0.38442556855027865,3.2286746978759764,0.5124783515930176,,66986
9760,319815680,0.38351906471764896,3.1873476028442385,0.5183067798614502,,66876
9770,320143360,0.3826133429226348,3.199471092224121,0.5161531925201416,,69345
9780,320471040,0.38170840741982925,3.1982759475708007,0.5045804977416992,,67543
9790,320798720,0.38080426246013044,3.1579830169677736,0.5134086608886719,,66978
9800,321126400,0.379900912290724,3.108237648010254,0.5030826568603516,,66930
9810,321454080,0.3789983611550616,3.1828847885131837,0.5131655216217041,,67175
9820,321781760,0.3780966132928413,3.1952936172485353,0.5099276542663574,,66957
9830,322109440,0.37719567293998824,3.1912120819091796,0.5112040519714356,,66926
9840,322437120,0.3762955443286341,3.1534698486328123,0.5143609046936035,,66964
9850,322764800,0.37539623168709757,3.2489269256591795,0.5169465065002441,,66936
9860,323092480,0.37449773923986396,3.1194503784179686,0.5085848808288574,,66935
9870,323420160,0.37360007120756655,3.2057655334472654,0.514527702331543,,66890
9880,323747840,0.37270323180696474,3.173360252380371,0.5120865821838378,,66888
9890,324075520,0.3718072252509268,3.1353290557861326,0.5082953453063965,,66944
9900,324403200,0.370912055748408,3.1952409744262695,0.5127475261688232,,66906
9910,324730880,0.3700177275044315,3.183514404296875,0.5114224433898926,,66968
9920,325058560,0.369124244720069,3.1358755111694334,0.5020620346069335,,66925
9930,325386240,0.36823161159242057,3.1525596618652343,0.5009166240692139,,66910
9940,325713920,0.3673398323145951,3.171644592285156,0.5009552478790283,,66937
9950,326041600,0.36644891107569044,3.1968833923339846,0.5141878604888916,,66927
9960,326369280,0.3655588520607741,3.183402442932129,0.5152110576629638,,66930
9970,326696960,0.3646696594508628,3.2214401245117186,0.515648603439331,,66933
9980,327024640,0.3637813374229041,3.1666337966918947,0.5079767227172851,,66938
9990,327352320,0.36289389014975526,3.1289419174194335,0.5116173267364502,,66915
10000,327680000,0.3620073218001649,3.161355972290039,0.5044907569885254,,66944
10010,328007680,0.3611216365387533,3.2108180999755858,0.518892765045166,,66917
10020,328335360,0.360236838525991,3.1685009002685547,0.5261877536773681,,66981
10030,328663040,0.3593529319181825,3.205568313598633,0.5177087783813477,,66348
10040,328990720,0.35846992086744367,3.150117111206055,0.507244348526001,,66969
10050,329318400,0.35758780952168456,3.1884891510009767,0.5252858638763428,,66928
10060,329646080,0.3567066020245879,3.135519027709961,0.5112433910369873,,67205
10070,329973760,0.35582630251559155,3.1573394775390624,0.5079964160919189,,67662
10080,330301440,0.3549469151298672,3.103493499755859,0.5046685218811036,,67017
10090,330629120,0.3540684439983024,3.15100040435791,0.5163732528686523,,67019
10100,330956800,0.3531908932474809,3.188770866394043,0.5167732238769531,,67052
10110,331284480,0.3523142669996624,3.18792781829834,0.5152789115905761,,66990
10120,331612160,0.3514385693727643,3.179080581665039,0.512753963470459,,66931
10130,331939840,0.3505638044803414,3.167389488220215,0.5166791439056396,,66951
10140,332267520,0.3496899764315674,3.202249526977539,0.5213368892669678,,66859
10150,332595200,0.3488170893312148,3.1260343551635743,0.5155009746551513,,66977
10160,332922880,0.34794514727963644,3.104926109313965,0.5138872623443603,,66915
10170,333250560,0.3470741543727457,3.1475120544433595,0.5135468006134033,,66944
10180,333578240,0.346204114701997,3.1149810791015624,0.5101428985595703,,66983
10190,333905920,0.345335032354368,3.1909320831298826,0.516196870803833,,67096
10200,334233600,0.34446691141233793,3.1307140350341798,0.5116615295410156,,68247
10210,334561280,0.34359975595387116,3.080557441711426,0.5116923809051513,,68492
10220,334888960,0.3427335700523958,3.186751937866211,0.5191850662231445,,68000
10230,335216640,0.3418683577767862,3.210894012451172,0.5172071933746338,,67920
10240,335544320,0.34100412319134277,3.170317268371582,0.5192888736724853,,66960
10250,335872000,0.34014087035577323,3.1925785064697267,0.5293324947357178,,67470
10260,336199680,0.33927860332517384,3.2166366577148438,0.5239335536956787,,66831
10270,336527360,0.3384173261500096,3.093842887878418,0.524006700515747,,67363
10280,336855040,0.33755704287609634,3.161819076538086,0.515146541595459,,68267
10290,337182720,0.3366977575445804,3.15428466796875,0.5138323783874512,,68523
10300,337510400,0.3358394741919212,3.1376108169555663,0.5135464191436767,,68430
10310,337838080,0.33498219684987046,3.2402725219726562,0.5159070491790771,,68390
10320,338165760,0.3341259295454547,3.205724334716797,0.5083609580993652,,68337
10330,338493440,0.33327067630095575,3.220102310180664,0.522488021850586,,68314
10340,338821120,0.3324164411338921,3.1532875061035157,0.524671983718872,,68733
10350,339148800,0.33156322805699956,3.1388055801391603,0.5173344612121582,,66957
10360,339476480,0.3307110410782127,3.145583915710449,0.5152186393737793,,66952
10370,339804160,0.32985988420064666,3.1958024978637694,0.5145843982696533,,66903
10380,340131840,0.3290097614225766,3.120376777648926,0.5149134635925293,,67083
10390,340459520,0.3281606767374211,3.161540985107422,0.5163851737976074,,66907
10400,340787200,0.3273126341337218,3.1873092651367188,0.5177320957183837,,66899
10410,341114880,0.3264656375951254,3.0999401092529295,0.5131543636322021,,66935
10420,341442560,0.3256196911003647,3.102126693725586,0.5170072078704834,,66977
10430,341770240,0.3247747986232399,3.140364646911621,0.5213074684143066,,66919
10440,342097920,0.3239309641325999,3.181954193115234,0.5216217041015625,,66946
10450,342425600,0.3230881915923239,3.1584890365600584,0.5227962493896484,,66973
10460,342753280,0.32224648496130276,3.196866035461426,0.5339326381683349,,66993
10470,343080960,0.32140584819341994,3.1602869033813477,0.5256074905395508,,66899
10480,343408640,0.3205662852375337,3.1554286956787108,0.5231735706329346,,67240
10490,343736320,0.3197278000374577,3.121522903442383,0.5197045803070068,,66173
10500,344064000,0.31889039653194307,3.1051620483398437,0.5270310401916504,,66820
10510,344391680,0.31805407865465946,3.113244819641113,0.5193953037261962,,66924
10520,344719360,0.31721885033417746,3.141003227233887,0.5096927642822265,,67292
10530,345047040,0.3163847154939489,3.145908164978027,0.5260025978088378,,66871
10540,345374720,0.3155516780522891,3.1823146820068358,0.519123888015747,,66917
10550,345702400,0.31471974192235896,3.1004613876342773,0.5149631977081299,,66884
10560,346030080,0.313888911012145,3.2038894653320313,0.5242022514343262,,67012
10570,346357760,0.3130591892244431,3.1549840927124024,0.5217875957489013,,66914
10580,346685440,0.31223058045683816,3.1683782577514648,0.523812198638916,,66938
10590,347013120,0.3114030886016875,3.1530344009399416,0.5191906452178955,,66929
10600,347340800,0.31057671754610106,3.1300582885742188,0.528403377532959,,66943
10610,347668480,0.30975147117192475,3.0754518508911133,0.5200935363769531,,66889
10620,347996160,0.3089273533557203,3.212567138671875,0.5210728168487548,,67586
10630,348323840,0.3081043679687486,3.1562122344970702,0.5156152725219727,,66937
10640,348651520,0.30728251887695135,3.1857732772827148,0.5299530982971191,,66958
10650,348979200,0.30646180994093186,3.127823829650879,0.5167644500732422,,67558
10660,349306880,0.3056422450159381,3.110906219482422,0.5106812953948975,,68488
10670,349634560,0.30482382795184393,3.0958045959472655,0.5124392986297608,,68601
10680,349962240,0.3040065625931312,3.1779081344604494,0.518118953704834,,67016
10690,350289920,0.30319045277887136,3.1119081497192385,0.5380875587463378,,66900
10700,350617600,0.3023755023427084,3.1256317138671874,0.5198008060455322,,67043
10710,350945280,0.3015617151128396,3.1862497329711914,0.5303388595581054,,67127
10720,351272960,0.3007490949119982,3.1437334060668944,0.5230224132537842,,67404
10730,351600640,0.2999376455574358,3.180568313598633,0.5152702331542969,,67085
10740,351928320,0.29912737086090346,3.2065982818603516,0.5175358295440674,,66931
10750,352256000,0.2983182746286347,3.1566179275512694,0.5226586818695068,,66933
10760,352583680,0.29751036066132674,3.1357580184936524,0.5339698791503906,,66940
10770,352911360,0.29670363275412404,3.16751766204834,0.5221579074859619,,66917
10780,353239040,0.2958980946965986,3.1016071319580076,0.5155924320220947,,66908
10790,353566720,0.2950937502727342,3.0950632095336914,0.509473466873169,,67008
10800,353894400,0.2942906032609065,3.1650352478027344,0.5183377742767334,,66917
10810,354222080,0.29348865743386676,3.1132097244262695,0.518737506866455,,66754
10820,354549760,0.2926879165587243,3.0943490982055666,0.5149997234344482,,66964
10830,354877440,0.2918883843969272,3.121427536010742,0.5243891716003418,,66907
10840,355205120,0.2910900647042468,3.1531404495239257,0.5269196510314942,,66928
10850,355532800,0.29029296123075793,3.1760747909545897,0.5278220176696777,,66956
10860,355860480,0.2894970777208227,3.116049957275391,0.5203146934509277,,66982
10870,356188160,0.2887024179130724,3.120016098022461,0.5210253715515136,,66896
10880,356515840,0.28790898554039035,3.1773212432861326,0.5206868648529053,,66935
10890,356843520,0.2871167843298935,3.1500701904296875,0.519714069366455,,66720
10900,357171200,0.28632581800291573,3.169958305358887,0.5309477806091308,,66922
10910,357498880,0.2855360902749904,3.1246543884277345,0.5166912078857422,,66903
10920,357826560,0.2847476048558321,3.130084419250488,0.5198659896850586,,66908
10930,358154240,0.2839603654493199,3.1302797317504885,0.5196680068969727,,66959
10940,358481920,0.2831743757534798,3.167250633239746,0.5171306133270264,,66875
10950,358809600,0.2823896394604675,3.1052106857299804,0.5235626697540283,,67096
10960,359137280,0.2816061602565507,3.1781869888305665,0.529148530960083,,66903
10970,359464960,0.2808239418220919,3.161700630187988,0.5228439331054687,,66916
10980,359792640,0.2800429878315313,3.1631437301635743,0.5263120651245117,,66962
10990,360120320,0.27926330195336935,3.1705612182617187,0.5362110137939453,,67024
11000,360448000,0.2784848878501499,3.1622329711914063,0.5273618698120117,,66925
11010,360775680,0.2777077491784421,3.168997383117676,0.5228929996490479,,66893
11020,361103360,0.27693188958882464,3.1246126174926756,0.5258052825927735,,67116
11030,361431040,0.27615731272586685,3.097115898132324,0.5145172119140625,,66942
11040,361758720,0.2753840222281132,3.1455217361450196,0.5262392520904541,,66935
11050,362086400,0.27461202172806515,3.174154853820801,0.5279122352600097,,66897
11060,362414080,0.27384131485216434,3.069475555419922,0.5251306056976318,,66947
11070,362741760,0.27307190522077623,3.1357095718383787,0.5240456581115722,,66896
11080,363069440,0.2723037964481719,3.1160419464111326,0.5177438259124756,,67297
11090,363397120,0.27153699214251215,3.1739797592163086,0.5244972705841064,,68889
11100,363724800,0.27077149590582994,3.1290565490722657,0.5201409816741943,,68513
11110,364052480,0.27000731133401334,3.1407474517822265,0.5209172248840332,,68330
11120,364380160,0.2692444420167893,3.1689931869506838,0.5219961643218994,,67018
11130,364707840,0.26848289153770644,3.151191520690918,0.5290858268737793,,66744
11140,365035520,0.267722663474118,3.133810806274414,0.5301005840301514,,66927
11150,365363200,0.2669637613971651,3.1433109283447265,0.5242769241333007,,66941
11160,365690880,0.2662061888717604,3.147533416748047,0.5248941898345947,,66998
11170,366018560,0.26544994945657074,3.177697944641113,0.5292615413665771,,66917
11180,366346240,0.2646950467040012,3.159356880187988,0.5341952323913575,,66970
11190,366673920,0.26394148416017726,3.1190563201904298,0.5265752792358398,,66912
11200,367001600,0.2631892653649296,3.1479400634765624,0.5266334056854248,,66965
11210,367329280,0.26243839385177614,3.1333749771118162,0.5183528900146485,,67036
11220,367656960,0.261688873147906,3.087960433959961,0.5308943271636963,,66961
11230,367984640,0.2609407067741632,3.1143192291259765,0.5278448581695556,,66062
11240,368312320,0.2601938982450296,3.1051931381225586,0.533198070526123,,66630
11250,368640000,0.2594484510686089,3.110214042663574,0.5265629768371582,,66951
11260,368967680,0.2587043687466096,3.1096771240234373,0.5208315849304199,,66894
11270,369295360,0.2579616547743293,3.1481929779052735,0.52146315574646,,67073
11280,369623040,0.2572203126406374,3.1077951431274413,0.5269268989562989,,66930
11290,369950720,0.25648034582795914,3.1441280364990236,0.5238805770874023,,66958
11300,370278400,0.2557417578122594,3.1167156219482424,0.5213395595550537,,66944
11310,370606080,0.2550045520630264,3.1361278533935546,0.5208478450775147,,66925
11320,370933760,0.25426873204325495,3.0830656051635743,0.5302651882171631,,66973
11330,371261440,0.2535343012094305,3.078095626831055,0.5248533725738526,,66968
11340,371589120,0.25280126301151284,3.135960578918457,0.5255024433135986,,66931
11350,371916800,0.25206962089291973,3.152322196960449,0.5593595981597901,,67364
11360,372244480,0.2513393782905116,3.102704620361328,0.5393119812011719,,67446
11370,372572160,0.25061053863457383,3.131657028198242,0.5222690105438232,,67715
11380,372899840,0.24988310534880215,3.148715591430664,0.528748607635498,,68201
11390,373227520,0.24915708185028554,3.1049131393432616,0.5346543788909912,,68347
11400,373555200,0.2484324715494908,3.112871551513672,0.5292657375335693,,68176
11410,373882880,0.24770927785024613,3.052535820007324,0.5198699951171875,,68323
11420,374210560,0.24698750414972515,3.061126136779785,0.5179811954498291,,68206
11430,374538240,0.2462671538384317,3.1356101989746095,0.5275028705596924,,67824
11440,374865920,0.24554823030018252,3.100021171569824,0.5290956974029541,,66892
11450,375193600,0.24483073691209287,3.118709373474121,0.5332636356353759,,66950
11460,375521280,0.24411467704455944,3.1286895751953123,0.5282460212707519,,66916
11470,375848960,0.24340005406124518,3.0951875686645507,0.52559814453125,,66989
11480,376176640,0.24268687131906316,3.135430908203125,0.5233309745788575,,66948
11490,376504320,0.24197513216816144,3.166579246520996,0.5354554653167725,,66927
11500,376832000,0.24126483995190637,3.098526191711426,0.524977731704712,,66894
11510,377159680,0.24055599800686764,3.146282768249512,0.5295910835266113,,66919
11520,377487360,0.23984860966280222,3.0706417083740236,0.5281262874603272,,66958
11530,377815040,0.2391426782426388,3.0783664703369142,0.5295430183410644,,67072
11540,378142720,0.2384382070624626,3.1456541061401366,0.5317592144012451,,68689
11550,378470400,0.23773519943149887,3.143559455871582,0.5283361911773682,,68582
11560,378798080,0.23703365865209847,3.128545379638672,0.5250096321105957,,68712
11570,379125760,0.23633358801972137,3.087593650817871,0.52510666847229,,66984
11580,379453440,0.2356349908229217,3.085593032836914,0.5255061626434326,,66918
11590,379781120,0.23493787034333216,3.18709716796875,0.5373310089111328,,66979
11600,380108800,0.23424222985564858,3.082589530944824,0.5253539085388184,,67171
11610,380436480,0.23354807262761487,3.1274484634399413,0.5257503986358643,,66900
11620,380764160,0.232855401920007,3.0929174423217773,0.5250766754150391,,66977
11630,381091840,0.2321642209866184,3.1212753295898437,0.5326630592346191,,67132
11640,381419520,0.23147453307424415,3.1029373168945313,0.5289797306060791,,66964
11650,381747200,0.230786341422666,3.1136346817016602,0.5341238975524902,,66932
11660,382074880,0.2300996492646368,3.1076873779296874,0.5636093616485596,,66800
11670,382402560,0.2294144598258662,3.139247512817383,0.5333233833312988,,66902
11680,382730240,0.2287307763250043,3.187474250793457,0.5429739952087402,,66976
11690,383057920,0.2280486019736274,3.126229095458984,0.5283262252807617,,66896
11700,383385600,0.22736793997622248,3.118526077270508,0.5236382961273194,,67278
11710,383713280,0.2266887935301724,3.049820327758789,0.5211790084838868,,66933
11720,384040960,0.22601116582574088,3.1013187408447265,0.5256524085998535,,66915
11730,384368640,0.22533506004605705,3.037990188598633,0.5320643424987793,,66947
11740,384696320,0.2246604793671014,3.1121088027954102,0.5274279117584229,,66923
11750,385024000,0.22398742695768986,3.0824934005737306,0.5300426483154297,,66939
11760,385351680,0.22331590597945955,3.0983818054199217,0.5268306255340576,,66914
11770,385679360,0.22264591958685376,3.184137153625488,0.5365207672119141,,66726
11780,386007040,0.22197747092710685,3.0714677810668944,0.5189116954803467,,67079
11790,386334720,0.22131056314023037,3.1143346786499024,0.52974534034729,,67115
11800,386662400,0.22064519935899696,3.124477005004883,0.5356799602508545,,66969
11810,386990080,0.21998138270892706,3.1090066909790037,0.5349360466003418,,66936
11820,387317760,0.21931911630827294,3.1230447769165037,0.5337667465209961,,66919
11830,387645440,0.21865840326800487,3.081534194946289,0.533088493347168,,66953
11840,387973120,0.2179992466917961,3.103646087646484,0.5276804447174073,,66921
11850,388300800,0.21734164967600889,3.098712158203125,0.5284393787384033,,66974
11860,388628480,0.2166856153096791,3.1375215530395506,0.5391778945922852,,66920
11870,388956160,0.21603114667450216,3.119647979736328,0.5301700115203858,,66901
11880,389283840,0.21537824684481896,3.1342002868652346,0.5365586280822754,,66914
11890,389611520,0.21472691888760015,3.142258644104004,0.5351079940795899,,66983
11900,389939200,0.21407716586243347,3.0631153106689455,0.5282073497772217,,66996
11910,390266880,0.21342899082150785,3.1134820938110352,0.5272449493408203,,66916
11920,390594560,0.2127823968096001,3.0825719833374023,0.523475456237793,,66923
11930,390922240,0.21213738686406003,3.0800045013427733,0.5311738014221191,,67018
11940,391249920,0.2114939640147963,3.107364273071289,0.5268154621124268,,66919
11950,391577600,0.21085213128426236,3.111474800109863,0.5351713180541993,,66936
11960,391905280,0.21021189168744198,3.0571008682250977,0.5263649940490722,,66970
11970,392232960,0.2095732482318356,3.0850765228271486,0.5318809509277344,,68428
11980,392560640,0.20893620391744544,3.0617624282836915,0.5277419567108155,,68544
11990,392888320,0.2083007617367621,3.1340616226196287,0.5405640602111816,,69176
12000,393216000,0.20766692467475006,3.1594158172607423,0.5427558422088623,,67444
12010,393543680,0.207034695708834,3.0612958908081054,0.5229454517364502,,66965
12020,393871360,0.20640407780888423,3.129198455810547,0.534971284866333,,66903
12030,394199040,0.20577507393720368,3.1081302642822264,0.531378984451294,,67079
12040,394526720,0.20514768704851313,3.1031469345092773,0.5271536827087402,,66871
12050,394854400,0.20452192008993753,3.0940853118896485,0.5364822387695313,,67090
12060,395182080,0.20389777600099285,3.119172286987305,0.5358802318572998,,66964
12070,395509760,0.2032752577135708,3.1053659439086916,0.5286678791046142,,66896
12080,395837440,0.20265436815192675,3.1418636322021483,0.5367164611816406,,67245
12090,396165120,0.20203511023266468,3.0516336441040037,0.5279540538787841,,66937
12100,396492800,0.20141748686472444,3.09307918548584,0.5363822460174561,,66892
12110,396820480,0.20080150094936725,3.0805768966674805,0.5268049240112305,,66991
12120,397148160,0.20018715538016268,3.0470504760742188,0.5338484287261963,,66913
12130,397475840,0.1995744530429747,3.123907279968262,0.5375884532928467,,66908
12140,397803520,0.1989633968159482,3.052557945251465,0.5202019691467286,,66921
12150,398131200,0.19835398956949601,3.083741569519043,0.5357534885406494,,66940
12160,398458880,0.19774623416628423,3.0739450454711914,0.5393327713012696,,66963
12170,398786560,0.1971401334612201,3.093254280090332,0.5320402145385742,,66862
12180,399114240,0.19653569030143775,3.0815103530883787,0.5385045051574707,,66982
12190,399441920,0.19593290752628495,3.1199619293212892,0.5357376575469971,,66882
12200,399769600,0.1953317879673098,3.1344160079956054,0.5446671962738037,,66930
12210,400097280,0.194732334448248,3.098891258239746,0.5264393806457519,,66983
12220,400424960,0.1941345497850086,3.1262863159179686,0.536448335647583,,66909
12230,400752640,0.19353843678566138,3.128261184692383,0.5383310794830323,,66932
12240,401080320,0.1929439982504239,3.1633703231811525,0.5413747310638428,,66971
12250,401408000,0.1923512369716472,3.078828811645508,0.5374107360839844,,66884
12260,401735680,0.19176015573380445,3.1366987228393555,0.5330724716186523,,67025
12270,402063360,0.191170757313476,3.0538812637329102,0.5328067302703857,,66960
12280,402391040,0.19058304447933802,3.1126335144042967,0.5352084159851074,,66925
12290,402718720,0.1899970199921481,3.1107101440429688,0.5390541076660156,,66888
12300,403046400,0.1894126866047332,3.047327995300293,0.5341258525848389,,67121
12310,403374080,0.1888300470619763,3.1228965759277343,0.5469597816467285,,66859
12320,403701760,0.18824910410080348,3.096973991394043,0.5396765232086181,,66892
12330,404029440,0.18766986045017167,3.0484697341918947,0.530776071548462,,66896
12340,404357120,0.18709231883105468,3.182264518737793,0.5468864440917969,,67434
12350,404684800,0.18651648195643172,3.1482051849365233,0.5383572101593017,,67111
12360,405012480,0.18594235253127372,3.0999195098876955,0.5355954170227051,,67044
12370,405340160,0.18536993325253082,3.1414770126342773,0.5470169067382813,,66912
12380,405667840,0.18479922680912014,3.106777572631836,0.542067003250122,,66921
12390,405995520,0.1842302358819124,3.0578441619873047,0.5393754005432129,,66911
12400,406323200,0.18366296314372033,3.037305450439453,0.5259729385375976,,66864
12410,406650880,0.18309741125928486,3.14344482421875,0.543218994140625,,66935
12420,406978560,0.18253358288526406,3.130915069580078,0.5348985195159912,,68316
12430,407306240,0.18197148067021893,3.0828826904296873,0.5478792190551758,,68728
12440,407633920,0.18141110725460283,3.0327051162719725,0.5360910892486572,,68442
12450,407961600,0.1808524652707474,3.088026428222656,0.5400944232940674,,67675
12460,408289280,0.18029555734285163,3.099264717102051,0.5335877895355224,,66210
12470,408616960,0.1797403860869683,3.1146331787109376,0.5412163734436035,,68211
12480,408944640,0.17918695411099256,3.107989692687988,0.5356661796569824,,68343
12490,409272320,0.17863526401464913,3.087817573547363,0.5380878925323487,,68245
12500,409600000,0.17808531838948038,3.1040504455566404,0.5492467880249023,,68339
12510,409927680,0.17753711981883438,3.0836154937744142,0.5332106590270996,,68769
12520,410255360,0.17699067087785206,3.13179988861084,0.5358987331390381,,67126
12530,410583040,0.17644597413345592,3.1057357788085938,0.5340232849121094,,67012
12540,410910720,0.1759030321443373,3.0854236602783205,0.5303262233734131,,66938
12550,411238400,0.17536184746094474,3.0688461303710937,0.5409741878509522,,66916
12560,411566080,0.17482242262547187,3.0785358428955076,0.5361464977264404,,66871
12570,411893760,0.17428476017184552,3.1793386459350588,0.54429612159729,,66967
12580,412221440,0.17374886262571393,3.0953819274902346,0.5397227287292481,,66904
12590,412549120,0.17321473250443453,3.1005083084106446,0.5495014190673828,,66986
12600,412876800,0.1726823723170628,3.0585134506225584,0.535165548324585,,67292
12610,413204480,0.1721517845643391,3.1128917694091798,0.5452835559844971,,66972
12620,413532160,0.1716229717386789,3.0974401473999023,0.5549321651458741,,67142
12630,413859840,0.17109593632415931,3.087386703491211,0.5413537502288819,,67322
12640,414187520,0.17057068079650856,3.089286994934082,0.5433742523193359,,66934
12650,414515200,0.17004720762309364,3.092717170715332,0.5316704273223877,,66989
12660,414842880,0.1695255192629091,3.0712001800537108,0.5343927860260009,,66926
12670,415170560,0.16900561816656542,3.1325708389282227,0.5453498363494873,,66960
12680,415498240,0.16848750677627727,3.04550838470459,0.54090256690979,,66908
12690,415825920,0.1679711875258528,3.078720474243164,0.5303027153015136,,66941
12700,416153600,0.16745666284068098,3.0490345001220702,0.5368956565856934,,66934
12710,416481280,0.16694393513772138,3.0606224060058596,0.5391099929809571,,66903
12720,416808960,0.16643300682549206,3.068523406982422,0.5368218898773194,,66965
12730,417136640,0.16592388030405858,3.0542377471923827,0.5401961803436279,,66912
12740,417464320,0.16541655796502264,3.1172651290893554,0.5417463302612304,,66902
12750,417792000,0.16491104219151081,3.088781547546387,0.5415277481079102,,66980
12760,418119680,0.16440733535816363,3.0801063537597657,0.5410679817199707,,66928
12770,418447360,0.16390543983112393,3.0278162002563476,0.537535285949707,,66925
12780,418775040,0.1634053579680263,3.0754541397094726,0.5394597053527832,,67018
12790,419102720,0.1629070921179852,3.0663360595703124,0.5372498035430908,,66823
12800,419430400,0.16241064462158505,3.0561281204223634,0.5361245155334473,,66921
12810,419758080,0.16191601781086817,3.0150177001953127,0.5292755603790283,,66901
12820,420085760,0.1614232140093247,3.0624973297119142,0.5383198738098145,,67033
12830,420413440,0.1609322355318808,3.1136308670043946,0.539374828338623,,66953
12840,420741120,0.1604430846848886,3.072619819641113,0.53921480178833,,67009
12850,421068800,0.15995576376611487,3.09815673828125,0.538203763961792,,67818
12860,421396480,0.15947027506473016,3.1104217529296876,0.538814640045166,,68343
12870,421724160,0.15898662086129878,3.035573387145996,0.5373557090759278,,68608
12880,422051840,0.15850480342776696,3.1441158294677733,0.5526412963867188,,67974
12890,422379520,0.1580248250274533,3.1358053207397463,0.5406794548034668,,66940
12900,422707200,0.1575466879150373,3.0761285781860352,0.5412090301513672,,66876
12910,423034880,0.1570703943365491,3.1038095474243166,0.5368207931518555,,66960
12920,423362560,0.15659594652935896,3.09768009185791,0.5450037479400635,,66929
12930,423690240,0.15612334672216666,3.1760154724121095,0.5521822929382324,,66923
12940,424017920,0.1556525971349913,3.0711139678955077,0.5413103103637695,,66983
12950,424345600,0.15518369997916026,3.0311819076538087,0.539852237701416,,66923
12960,424673280,0.1547166574572997,3.0795446395874024,0.5411323547363281,,66901
12970,425000960,0.15425147176332304,3.0613166809082033,0.5519437313079834,,66962
12980,425328640,0.153788145082422,3.0677623748779297,0.540688419342041,,66922
12990,425656320,0.15332667959105506,3.1274959564208986,0.5403416633605957,,67001
13000,425984000,0.1528670774569385,2.9809375762939454,0.5369187355041504,,66901
13010,426311680,0.15240934083903493,3.0449323654174805,0.5370759010314942,,66942
13020,426639360,0.15195347188754413,3.0249977111816406,0.5393883228302002,,66898
13030,426967040,0.15149947274389244,3.0611331939697264,0.5413281917572021,,66939
13040,427294720,0.15104734554072283,3.1419546127319338,0.5496592998504639,,66898
13050,427622400,0.15059709240188512,3.120403289794922,0.5449703693389892,,66328
13060,427950080,0.1501487154424255,3.0997243881225587,0.5453280448913574,,66726
13070,428277760,0.1497022167685772,3.0975337982177735,0.5424080848693847,,66961
13080,428605440,0.14925759847775003,3.0965578079223635,0.544207763671875,,66896
13090,428933120,0.14881486265852079,3.0499420166015625,0.5466206550598145,,66997
13100,429260800,0.14837401139062345,3.1334518432617187,0.5446434020996094,,66928
13110,429588480,0.14793504674493946,3.0701290130615235,0.5384931564331055,,66925
13120,429916160,0.14749797078348806,2.9965810775756836,0.5375138282775879,,66935
13130,430243840,0.14706278555941604,3.100606918334961,0.5420292377471924,,66989
13140,430571520,0.14662949311698908,3.0935689926147463,0.5484097003936768,,66913
13150,430899200,0.14619809549158108,3.122943115234375,0.5474205017089844,,66913
13160,431226880,0.1457685947096655,3.1112649917602537,0.5500991821289063,,66910
13170,431554560,0.14534099278880513,3.0249147415161133,0.5431293964385986,,66917
13180,431882240,0.14491529173764328,3.124741554260254,0.5454559803009034,,66885
13190,432209920,0.14449149355589372,3.1237262725830077,0.5467309951782227,,66992
13200,432537600,0.14406960023433169,3.0985708236694336,0.5428659915924072,,66971
13210,432865280,0.14364961375478438,3.0119171142578125,0.5338487148284912,,66916
13220,433192960,0.1432315360901216,3.0614316940307615,0.542046070098877,,66876
13230,433520640,0.14281536920424684,3.0997735977172853,0.5446286678314209,,67462
13240,433848320,0.1424011150520874,3.0738704681396483,0.5416608333587647,,67232
13250,434176000,0.141988775579586,3.0124927520751954,0.5407304286956787,,67025
13260,434503680,0.14157835272369096,3.0475997924804688,0.5466706275939941,,67271
13270,434831360,0.14116984841234742,3.0926067352294924,0.5378189086914062,,66973
13280,435159040,0.14076326456448812,3.0864051818847655,0.5402359962463379,,66187
13290,435486720,0.14035860309002474,3.076496696472168,0.5405550479888916,,66690
13300,435814400,0.1399558658898386,3.055032157897949,0.5400152206420898,,67561
13310,436142080,0.13955505485577163,3.041455078125,0.5391586303710938,,68881
13320,436469760,0.13915617187061802,3.023891258239746,0.5414706707000733,,68582
13330,436797440,0.13875921880811476,3.1351238250732423,0.5467628479003906,,68140
13340,437125120,0.13836419753293316,3.1134737014770506,0.5431286811828613,,66979
13350,437452800,0.13797110990066996,3.0632448196411133,0.5414984226226807,,66939
13360,437780480,0.137579957757839,3.0662445068359374,0.5505609035491943,,67023
13370,438108160,0.13719074294186187,3.0783124923706056,0.5424504756927491,,66916
13380,438435840,0.1368034672810598,3.151477241516113,0.5480376243591308,,66985
13390,438763520,0.13641813259464494,3.0624111175537108,0.5440752983093262,,66990
13400,439091200,0.13603474069271163,3.0346498489379883,0.5367532730102539,,66975
13410,439418880,0.1356532933762284,3.061825752258301,0.5469986438751221,,66926
13420,439746560,0.13527379243702872,3.0458139419555663,0.5467262268066406,,66963
13430,440074240,0.1348962396578035,3.097298431396484,0.5494576454162597,,67035
13440,440401920,0.13452063681209184,3.0234792709350584,0.5400354385375976,,66961
13450,440729600,0.13414698566427333,3.109829139709473,0.5452306270599365,,66926
13460,441057280,0.1337752879695594,3.073780822753906,0.5520477771759034,,66934
13470,441384960,0.1334055454739853,3.102556037902832,0.5521717548370362,,66846
13480,441712640,0.13303775991440192,3.110300827026367,0.5461648941040039,,67004
13490,442040320,0.1326719330184672,3.0187978744506836,0.5330790519714356,,66943
13500,442368000,0.13230806650463867,3.0709596633911134,0.5439558029174805,,67005
13510,442695680,0.13194616208216495,3.1095966339111327,0.5474687099456788,,66950
13520,443023360,0.13158622145107762,3.1116451263427733,0.5540256977081299,,66865
13530,443351040,0.1312282463021836,3.0339981079101563,0.5478343963623047,,67052
13540,443678720,0.13087223831705705,3.047358512878418,0.5427722454071044,,66958
13550,444006400,0.13051819916803145,2.987669563293457,0.5373080730438232,,67553
13560,444334080,0.1301661305181917,3.0831838607788087,0.5490066051483155,,68685
13570,444661760,0.12981603402136632,3.0735567092895506,0.5439228534698486,,68228
13580,444989440,0.1294679113221197,3.045955467224121,0.5426868438720703,,68339
13590,445317120,0.12912176405574471,3.125433921813965,0.5536514282226562,,68425
13600,445644800,0.12877759384825416,3.075904655456543,0.5485936641693115,,68279
13610,445972480,0.12843540231637426,3.007647705078125,0.5390261173248291,,68457
13620,446300160,0.1280951910675361,3.0325878143310545,0.5468675136566162,,67872
13630,446627840,0.12775696169986858,3.036600112915039,0.5502531051635742,,66944
13640,446955520,0.12742071580219075,3.059360694885254,0.5573969841003418,,66941
13650,447283200,0.12708645495400447,3.060502624511719,0.53577561378479,,66910
13660,447610880,0.1267541807254869,3.0787027359008787,0.5437525749206543,,66930
13670,447938560,0.12642389467748305,3.0358015060424806,0.5518784046173095,,66983
13680,448266240,0.12609559836149858,3.0661569595336915,0.5437062740325928,,66908
13690,448593920,0.12576929331969258,3.0174318313598634,0.53554368019104,,67003
13700,448921600,0.12544498108486998,2.991516876220703,0.5461425304412841,,66935
13710,449249280,0.12512266318047466,3.0825220108032227,0.5457926750183105,,66904
13720,449576960,0.12480234112058225,3.026869201660156,0.5394282817840577,,66920
13730,449904640,0.12448401640989308,3.0522619247436524,0.5439150333404541,,66734
13740,450232320,0.12416769054372481,3.0579593658447264,0.5462708473205566,,68431
13750,450560000,0.12385336500800571,3.1262096405029296,0.5516915798187256,,68500
13760,450887680,0.12354104127926756,3.021495056152344,0.6109089851379395,,68395
13770,451215360,0.12323072082463879,3.0623147964477537,0.5422869682312011,,67088
13780,451543040,0.12292240510183737,3.0991716384887695,0.547631025314331,,66927
13790,451870720,0.12261609555916432,3.099125862121582,0.5407609939575195,,66951
13800,452198400,0.1223117936354966,2.9944747924804687,0.5420541286468505,,66839
13810,452526080,0.1220095007602805,3.0729244232177733,0.5490174293518066,,66899
13820,452853760,0.1217092183535248,3.111253356933594,0.546860933303833,,67003
13830,453181440,0.12141094782579417,3.1219993591308595,0.550096082687378,,66922
13840,453509120,0.12111469057820282,3.130477714538574,0.5498688697814942,,66932
13850,453836800,0.12082044800240728,3.050235366821289,0.5474884033203125,,66923
13860,454164480,0.12052822148060055,3.073477935791016,0.5477941036224365,,67187
13870,454492160,0.12023801238550516,3.0255027770996095,0.5462825775146485,,67040
13880,454819840,0.11994982208036684,3.091426467895508,0.5547369480133056,,66959
13890,455147520,0.1196636519189481,3.1305639266967775,0.5496072769165039,,67131
13900,455475200,0.11937950324552202,3.035920333862305,0.5499821186065674,,66990
13910,455802880,0.11909737739486582,3.0433786392211912,0.5487055778503418,,66932
13920,456130560,0.1188172756922545,3.063157653808594,0.5548557758331298,,66168
13930,456458240,0.1185391994534547,3.0427169799804688,0.5514138221740723,,66911
13940,456785920,0.1182631499847186,3.1252260208129883,0.551646614074707,,66953
13950,457113600,0.11798912858277767,3.087444305419922,0.5518765449523926,,66911
13960,457441280,0.11771713653483655,3.0661342620849608,0.5490394592285156,,66990
13970,457768960,0.1174471751185673,3.014382171630859,0.5463337898254395,,66952
13980,458096640,0.1171792456021029,3.079340171813965,0.5703620433807373,,66879
13990,458424320,0.11691334924403168,3.091212844848633,0.5481198787689209,,66942
14000,458752000,0.11664948729339125,3.0197792053222656,0.5396682739257812,,66996
14010,459079680,0.1163876609896627,3.109100914001465,0.5510722637176514,,66904
14020,459407360,0.11612787156276486,3.069899559020996,0.5438764095306396,,67175
14030,459735040,0.11587012023304813,3.0914464950561524,0.548244571685791,,66951
14040,460062720,0.1156144082112893,3.0494991302490235,0.5601096630096436,,66978
14050,460390400,0.11536073669868546,3.0878999710083006,0.5501110553741455,,66924
14060,460718080,0.11510910688684858,3.028471755981445,0.5469087600708008,,66891
14070,461045760,0.1148595199577997,2.993768501281738,0.5449964046478272,,67526
14080,461373440,0.11461197708396349,3.0369924545288085,0.5492464065551758,,66985
14090,461701120,0.11436647942816297,3.064836120605469,0.5497551918029785,,66889
14100,462028800,0.11412302814361354,3.067487907409668,0.5576874256134033,,66943
14110,462356480,0.11388162437391813,3.0290176391601564,0.5491837501525879,,66914
14120,462684160,0.11364226925306124,3.0701776504516602,0.5561203956604004,,66892
14130,463011840,0.11340496390540424,3.0862308502197267,0.5476252555847168,,66654
14140,463339520,0.1131697094456795,3.094166946411133,0.5510126113891601,,66906
14150,463667200,0.11293650697898572,3.077539253234863,0.5518354892730712,,66995
14160,463994880,0.11270535760078214,3.072454833984375,0.5517578601837159,,66892
14170,464322560,0.11247626239688388,3.0808881759643554,0.5474833488464356,,66891
14180,464650240,0.11224922244345657,3.036457824707031,0.5501874446868896,,67102
14190,464977920,0.1120242388070114,3.062331962585449,0.5562751770019532,,68637
14200,465305600,0.11180131254440019,3.1137208938598633,0.5617704391479492,,68405
14210,465633280,0.1115804447028102,3.0539949417114256,0.5496778011322021,,69413
14220,465960960,0.11136163631975948,3.0944698333740233,0.5572746753692627,,66950
14230,466288640,0.11114488842309167,3.1109439849853517,0.5758827209472657,,67221
14240,466616320,0.11093020203097147,3.1227863311767576,0.5643706321716309,,66419
14250,466944000,0.11071757815187974,2.9826635360717773,0.5459037780761719,,66932
14260,467271680,0.11050701778460868,3.0145496368408202,0.5448958396911621,,66944
14270,467599360,0.11029852191825738,3.0317657470703123,0.5556582450866699,,66953
14280,467927040,0.11009209153222692,3.0087331771850585,0.5431644439697265,,66886
14290,468254720,0.1098877275962159,3.056489944458008,0.5501096725463868,,66936
14300,468582400,0.10968543107021578,3.063349151611328,0.5462918758392334,,66931
14310,468910080,0.10948520290450654,3.1177635192871094,0.5532422065734863,,66891
14320,469237760,0.10928704403965202,3.066593360900879,0.5550085544586182,,66945
14330,469565440,0.10909095540649572,3.050172805786133,0.551991605758667,,66987
14340,469893120,0.10889693792615628,3.03697509765625,0.5488616466522217,,66955
14350,470220800,0.10870499251002304,3.0670705795288087,0.5529053688049317,,66969
14360,470548480,0.10851512005975213,3.096706199645996,0.5550647735595703,,66908
14370,470876160,0.10832732146726176,3.069427490234375,0.5494200706481933,,66937
14380,471203840,0.10814159761472848,3.0663806915283205,0.5524931907653808,,66925
14390,471531520,0.10795794937458267,3.0660493850708006,0.5493765830993652,,66902
14400,471859200,0.1077763776095048,3.062160873413086,0.5495707988739014,,66977
14410,472186880,0.107596883172421,3.08569221496582,0.5566376686096192,,66957
14420,472514560,0.10741946690649931,3.068623733520508,0.5489004611968994,,66949
14430,472842240,0.10724412964514562,3.0898027420043945,0.55501389503479,,66917
14440,473169920,0.10707087221199973,3.0304071426391603,0.5499249458312988,,66905
14450,473497600,0.10689969542093168,3.0369285583496093,0.546639347076416,,66875
14460,473825280,0.10673060007603764,3.139604949951172,0.5522106647491455,,66504
14470,474152960,0.10656358697163638,3.0417606353759767,0.5575013637542725,,66913
14480,474480640,0.10639865689226519,3.0590654373168946,0.5516100406646729,,67082
14490,474808320,0.10623581061267677,3.0549720764160155,0.5500539302825928,,67002
14500,475136000,0.10607504889783496,3.0511848449707033,0.5587114810943603,,67159
14510,475463680,0.10591637250291171,3.0354814529418945,0.5444171905517579,,66974
14520,475791360,0.10575978217328301,3.071030044555664,0.5520851612091064,,67141
14530,476119040,0.10560527864452576,3.096518898010254,0.5537322521209717,,66961
14540,476446720,0.10545286264241416,3.0354442596435547,0.5541474342346191,,67060
14550,476774400,0.10530253488291638,3.0110950469970703,0.5518839359283447,,66825
14560,477102080,0.1051542960721912,3.074752998352051,0.5630601406097412,,66963
14570,477429760,0.10500814690658448,3.035346031188965,0.5556443214416504,,66928
14580,477757440,0.10486408807262619,3.097217559814453,0.5597602367401123,,66908
14590,478085120,0.104722120247027,3.0232685089111326,0.551697826385498,,66863
14600,478412800,0.10458224409667521,3.055808258056641,0.5536172389984131,,66901
14610,478740480,0.10444446027863345,3.0902050018310545,0.5539714336395264,,66890
14620,479068160,0.10430876944013576,3.045573616027832,0.5586352825164795,,66891
14630,479395840,0.10417517221858452,3.0678524017333983,0.5511757850646972,,66895
14640,479723520,0.1040436692415474,3.043000030517578,0.5490841388702392,,67893
14650,480051200,0.10391426112675443,3.061324691772461,0.5562969207763672,,68724
14660,480378880,0.10378694848209509,3.1005428314208983,0.5586875438690185,,68306
14670,480706560,0.10366173190561558,3.0701887130737306,0.5582376956939697,,67672
14680,481034240,0.10353861198551571,3.0216869354248046,0.565430736541748,,68678
14690,481361920,0.10341758930014654,3.033247947692871,0.550047492980957,,67930
14700,481689600,0.10329866441800734,3.1191432952880858,0.5584801197052002,,68549
14710,482017280,0.10318183789774295,3.136010932922363,0.5688014984130859,,67385
14720,482344960,0.10306711028814143,3.04949951171875,0.5560699462890625,,66909
14730,482672640,0.10295448212813114,3.0745864868164063,0.5531590938568115,,67031
14740,483000320,0.10284395394677846,3.0254037857055662,0.5573766708374024,,66936
14750,483328000,0.10273552626328514,3.046624755859375,0.5563090801239013,,67141
14760,483655680,0.10262919958698588,3.0194118499755858,0.5514084815979003,,66906
14770,483983360,0.10252497441734616,2.9968425750732424,0.562517499923706,,66988
14780,484311040,0.10242285124395946,3.0626752853393553,0.5551526069641113,,66953
14790,484638720,0.10232283054654547,3.0941543579101562,0.560910701751709,,67163
14800,484966400,0.10222491279494736,3.080573844909668,0.5537919044494629,,67093
14810,485294080,0.10212909844913001,3.082345962524414,0.5822863578796387,,66982
14820,485621760,0.10203538795917738,3.0427846908569336,0.5492705345153809,,66918
14830,485949440,0.101943781765291,3.0153823852539063,0.5498304843902588,,67048
14840,486277120,0.10185428029778715,2.962538719177246,0.551454734802246,,66894
14850,486604800,0.1017668839770955,3.048790168762207,0.5532370567321777,,66924
14860,486932480,0.10168159321375685,3.068119239807129,0.5642475128173828,,66925
14870,487260160,0.10159840840842116,3.0245635986328123,0.5545353889465332,,66979
14880,487587840,0.1015173299518458,2.997360420227051,0.5478926181793213,,66914
14890,487915520,0.10143835822489358,3.079082489013672,0.5612338066101075,,66940
14900,488243200,0.10136149359853108,3.04113655090332,0.5569212913513184,,66903
14910,488570880,0.10128673643382681,2.96231632232666,0.5520631313323975,,66952
14920,488898560,0.10121408708194966,3.057754325866699,0.5538737773895264,,66901
14930,489226240,0.10114354588416707,3.0491510391235352,0.555853271484375,,66962
14940,489553920,0.1010751131718435,2.997705078125,0.5605632781982421,,66990
14950,489881600,0.10100878926643891,3.0435548782348634,0.5509373664855957,,67096
14960,490209280,0.1009445744795073,2.972606086730957,0.5495826721191406,,66885
14970,490536960,0.10088246911269502,3.0393733978271484,0.5558088779449463,,66912
14980,490864640,0.1008224734577396,3.0844165802001955,0.5603254795074463,,66931
14990,491192320,0.10076458779646827,3.0953664779663086,0.5650737285614014,,66918
15000,491520000,0.10070881240079659,3.049864959716797,0.5672613143920898,,66974
15010,491847680,0.10065514753272739,3.047557067871094,0.5713284015655518,,66957
15020,492175360,0.10060359344434912,3.0535072326660155,0.6274428844451905,,66960
15030,492503040,0.10055415037783517,3.0683639526367186,0.5610012531280517,,66916
15040,492830720,0.10050681856544236,3.07281379699707,0.5620282649993896,,66946
15050,493158400,0.10046159822951001,3.0490530014038084,0.5627785682678222,,66920
15060,493486080,0.10041848958245882,2.9830791473388674,0.5503785133361816,,66902
15070,493813760,0.10037749282679005,3.080699348449707,0.5684879302978516,,68334
15080,494141440,0.10033860815508432,3.0970331192016602,0.563185167312622,,68825
15090,494469120,0.10030183575000079,3.063325309753418,0.5576631546020507,,68507
15100,494796800,0.10026717578427634,3.056559944152832,0.5579604148864746,,67710
15110,495124480,0.10023462842072489,3.044651222229004,0.5705397129058838,,66701
15120,495452160,0.1002041938122364,3.1512115478515623,0.5630875587463379,,66185
15130,495779840,0.10017587210177614,3.049789810180664,0.5608744621276855,,67005
15140,496107520,0.10014966342238431,3.0741641998291014,0.5638749122619628,,67369
15150,496435200,0.10012556789717511,3.093183135986328,0.5636717796325683,,67132
15160,496762880,0.1001035856393363,3.0300840377807616,0.5591482639312744,,67021
15170,497090560,0.1000837167521287,3.068149185180664,0.5550883769989013,,67105
15180,497418240,0.10006596132888562,3.028654098510742,0.5530843734741211,,66927
15190,497745920,0.10005031945301247,3.022653579711914,0.5552090167999267,,66884
15200,498073600,0.10003679119798632,3.075765037536621,0.5648284912109375,,67056
15210,498401280,0.10002537662735562,3.031620407104492,0.5600565910339356,,66981
15220,498728960,0.1000160757947399,3.0291006088256838,0.5652169227600098,,66918
15230,499056640,0.10000888874382939,3.0550350189208983,0.5672261714935303,,66923
15240,499384320,0.100003815508385,3.071968841552734,0.5627762317657471,,66991
15250,499712000,0.10000085611223805,3.041975975036621,0.5566071510314942,,66870
15258,499974144,0.1000000105692902,3.034491539001465,0.5580037832260132,,67002
