step,tokens,lr_mult,loss,grad_norm,value_grad_norm,tok_s
10,327680,0.01310615989515072,10.795960998535156,7.557084655761718,0.0235977828502655,37808
20,655360,0.02621231979030144,10.442442321777344,4.317191696166992,0.012897996604442597,39242
30,983040,0.039318479685452164,10.18886947631836,2.3310550689697265,0.00846230387687683,38991
40,1310720,0.05242463958060288,10.048062133789063,1.9891017913818358,0.007657182216644287,38935
50,1638400,0.0655307994757536,9.845207214355469,2.009731101989746,0.00799766629934311,38992
60,1966080,0.07863695937090433,9.636460876464843,2.86303825378418,0.010342775285243988,39001
70,2293760,0.09174311926605505,9.433452606201172,1.9427391052246095,0.009626718610525132,39240
80,2621440,0.10484927916120576,9.213312530517578,1.9469600677490235,0.009844198822975159,39392
90,2949120,0.11795543905635648,8.984809112548827,1.7641529083251952,0.010458412766456603,39423
100,3276800,0.1310615989515072,8.722480010986327,1.9098321914672851,0.012397161871194839,39434
110,3604480,0.14416775884665792,8.496749877929688,2.059505653381348,0.013034488260746002,39399
120,3932160,0.15727391874180865,8.260682678222656,1.7569910049438477,0.013756844401359557,39461
130,4259840,0.17038007863695936,8.004708862304687,1.6751991271972657,0.013127166032791137,39488
140,4587520,0.1834862385321101,7.808432769775391,1.4709705352783202,0.014686456322669983,39531
150,4915200,0.1965923984272608,7.612847900390625,1.4138949394226075,0.015579743683338166,39562
160,5242880,0.20969855832241152,7.445355987548828,1.140800952911377,0.015357457101345062,39588
170,5570560,0.22280471821756226,7.2902679443359375,0.9454692840576172,0.01627422571182251,39570
180,5898240,0.23591087811271297,7.158437347412109,0.9635778427124023,0.017245589196681975,39554
190,6225920,0.2490170380078637,7.073306274414063,0.9467182159423828,0.019189953804016113,39525
200,6553600,0.2621231979030144,6.968875122070313,1.0758234024047852,0.022486047446727754,39521
210,6881280,0.27522935779816515,6.862766265869141,0.9269847869873047,0.022873033583164216,39523
220,7208960,0.28833551769331583,6.794830322265625,1.0641732215881348,0.023227858543395995,39474
230,7536640,0.30144167758846657,6.6819580078125,1.0895827293395997,0.02682737112045288,39475
240,7864320,0.3145478374836173,6.66832275390625,0.872614860534668,0.023883375525474548,39464
250,8192000,0.32765399737876805,6.545281219482422,0.7693667888641358,0.02276330441236496,39457
260,8519680,0.34076015727391873,6.52966079711914,0.9751970291137695,0.026088660955429076,39458
270,8847360,0.35386631716906947,6.4203369140625,1.0194406509399414,0.02701020836830139,39465
280,9175040,0.3669724770642202,6.383523941040039,0.8542192459106446,0.025842612981796263,39433
290,9502720,0.3800786369593709,6.321643447875976,0.8924506187438965,0.025968366861343385,39415
300,9830400,0.3931847968545216,6.2990764617919925,0.9249057769775391,0.02636769711971283,39416
310,10158080,0.40629095674967236,6.211038970947266,0.7999700546264649,0.023942765593528748,39383
320,10485760,0.41939711664482304,6.192546844482422,0.8217391967773438,0.026046183705329896,39388
330,10813440,0.4325032765399738,6.194270324707031,0.8758360862731933,0.026979950070381165,39413
340,11141120,0.4456094364351245,6.1089118957519535,0.9274701118469239,0.026776665449142457,39391
350,11468800,0.45871559633027525,6.051034927368164,0.9022641181945801,0.025832673907279967,39381
360,11796480,0.47182175622542594,6.026848602294922,0.8656158447265625,0.025214505195617676,39355
370,12124160,0.4849279161205767,5.966292190551758,0.8821595191955567,0.025311577320098876,39365
380,12451840,0.4980340760157274,5.937422180175782,0.8148883819580078,0.024761171638965608,39341
390,12779520,0.5111402359108781,5.914125061035156,0.9078579902648926,0.026011601090431213,39331
400,13107200,0.5242463958060288,5.89483413696289,0.7687732219696045,0.02370886951684952,39296
410,13434880,0.5373525557011796,5.840340042114258,0.8529338836669922,0.02500908374786377,39330
420,13762560,0.5504587155963303,5.808970260620117,0.7575011253356934,0.023963725566864012,39328
430,14090240,0.563564875491481,5.744728851318359,0.85653657913208,0.025989443063735962,39329
440,14417920,0.5766710353866317,5.786978149414063,0.8824645042419433,0.02569257318973541,39308
450,14745600,0.5897771952817824,5.677113723754883,0.7770983695983886,0.024461203813552858,39258
460,15073280,0.6028833551769331,5.586581039428711,0.7746364593505859,0.02463069260120392,39283
470,15400960,0.6159895150720839,5.63452262878418,0.7721435546875,0.024711711704730986,39272
480,15728640,0.6290956749672346,5.558809280395508,0.8555078506469727,0.025302648544311523,39286
490,16056320,0.6422018348623854,5.63441047668457,0.752461051940918,0.023584462702274323,39241
500,16384000,0.6553079947575361,5.5863292694091795,0.7134078502655029,0.0225910946726799,39252
510,16711680,0.6684141546526867,5.528114318847656,0.7511231899261475,0.022739502787590026,39234
520,17039360,0.6815203145478375,5.532369613647461,0.8304692268371582,0.024839654564857483,39243
530,17367040,0.6946264744429882,5.495453643798828,0.7573527336120606,0.023748531937599182,39280
540,17694720,0.7077326343381389,5.477019119262695,0.733216381072998,0.02270600199699402,39277
550,18022400,0.7208387942332897,5.380252456665039,0.703036117553711,0.022897061705589295,39256
560,18350080,0.7339449541284404,5.4267112731933596,0.7723811149597168,0.02309708744287491,39248
570,18677760,0.747051114023591,5.335418701171875,0.7311313152313232,0.02334572672843933,39276
580,19005440,0.7601572739187418,5.364369201660156,0.7233285903930664,0.022269435226917267,39228
590,19333120,0.7732634338138925,5.3673828125,0.6874434947967529,0.021866489946842194,39203
600,19660800,0.7863695937090432,5.291784286499023,0.7309591770172119,0.022684887051582336,39225
610,19988480,0.799475753604194,5.3152626037597654,0.6922562122344971,0.021109820902347566,39222
620,20316160,0.8125819134993447,5.244727325439453,0.6519019126892089,0.020584899187088012,39195
630,20643840,0.8256880733944955,5.207112884521484,0.6525290966033935,0.02121521383523941,39226
640,20971520,0.8387942332896461,5.245798873901367,0.7002161979675293,0.020562942326068877,39201
650,21299200,0.8519003931847968,5.233079528808593,0.6658267498016357,0.0208979994058609,39206
660,21626880,0.8650065530799476,5.264076995849609,0.6662985324859619,0.020082166790962218,39160
670,21954560,0.8781127129750983,5.212906265258789,0.7126008033752441,0.020117293298244476,39164
680,22282240,0.891218872870249,5.1835582733154295,0.7122532844543457,0.020118290185928346,39191
690,22609920,0.9043250327653998,5.137936782836914,0.7535698890686036,0.019571396708488464,39156
700,22937600,0.9174311926605505,5.124528503417968,0.8710142135620117,0.021911312639713288,39148
710,23265280,0.9305373525557011,5.0982707977294925,0.7008063793182373,0.02034279704093933,39148
720,23592960,0.9436435124508519,5.061515045166016,0.6491319179534912,0.019188085198402406,39109
730,23920640,0.9567496723460026,5.078973388671875,0.678427791595459,0.019741471111774444,39144
740,24248320,0.9698558322411533,5.134955215454101,0.7231605529785157,0.020252011716365814,39125
750,24576000,0.9829619921363041,5.057428359985352,0.6598848819732666,0.018858148157596587,39144
760,24903680,0.9960681520314548,5.022753524780273,0.6787021636962891,0.01906455308198929,39135
770,25231360,0.999999619505605,4.956124496459961,0.636936092376709,0.01817396581172943,39065
780,25559040,0.9999972942644099,4.996728134155274,0.6695226192474365,0.01781603693962097,39103
790,25886720,0.9999928551787042,4.898342132568359,0.6673332691192627,0.018921604752540587,39103
800,26214400,0.9999863022693405,4.913008117675782,0.6820916175842285,0.01808737814426422,39126
810,26542080,0.9999776355671006,4.918115615844727,0.6342533111572266,0.01731302887201309,39060
820,26869760,0.999966855112696,4.822376251220703,0.6185298919677734,0.017178989946842194,39076
830,27197440,0.9999539609567677,4.884317016601562,0.6579833030700684,0.017841847240924837,39093
840,27525120,0.9999389531598855,4.8633991241455075,0.6210726261138916,0.016578947007656098,39049
850,27852800,0.9999218317925475,4.748432540893555,0.6053537845611572,0.01671467870473862,39036
860,28180480,0.9999025969351808,4.775829315185547,0.6944522857666016,0.017246544361114502,39024
870,28508160,0.9998812486781407,4.764358901977539,0.7049998760223388,0.018531790375709532,39008
880,28835840,0.9998577871217097,4.755664825439453,0.6605924129486084,0.01614261120557785,38988
890,29163520,0.9998322123760972,4.696417236328125,0.6002109050750732,0.016353298723697663,39007
900,29491200,0.9998045245614399,4.742410659790039,0.555486536026001,0.015406240522861481,39002
910,29818880,0.9997747238078001,4.6878612518310545,0.618269395828247,0.01603498011827469,38994
920,30146560,0.9997428102551656,4.659986877441407,0.5688845634460449,0.01542264074087143,38992
930,30474240,0.9997087840534492,4.6123699188232425,0.6518721103668212,0.01770455241203308,38986
940,30801920,0.9996726453624875,4.695322418212891,0.5931881904602051,0.015384256839752197,38984
950,31129600,0.9996343943520406,4.705669021606445,0.5749890327453613,0.014807608723640443,38988
960,31457280,0.9995940312017911,4.626132965087891,0.5582034111022949,0.014773407578468322,38972
970,31784960,0.9995515561013435,4.581089782714844,0.5703260898590088,0.015215168893337249,38999
980,32112640,0.9995069692502226,4.622229766845703,0.5736964702606201,0.01489831805229187,38989
990,32440320,0.9994602708578736,4.544604110717773,0.5424749374389648,0.014454931020736694,38971
1000,32768000,0.9994114611436603,4.507947158813477,0.5610589981079102,0.014667168259620667,38983
1010,33095680,0.9993605403368643,4.5112041473388675,0.5853941917419434,0.014898090064525605,38973
1020,33423360,0.9993075086766843,4.457790756225586,0.5515518665313721,0.014595192670822144,38976
1030,33751040,0.999252366412234,4.437537765502929,0.5800230503082275,0.014697395265102386,38974
1040,34078720,0.9991951138025426,4.473686599731446,0.5506894588470459,0.014583887159824371,38963
1050,34406400,0.9991357511165514,4.447648239135742,0.5527184486389161,0.014316897094249725,38946
1060,34734080,0.9990742786331146,4.462781524658203,0.5441365242004395,0.01413896232843399,38932
1070,35061760,0.9990106966409968,4.481123352050782,0.5403467178344726,0.0140323206782341,38904
1080,35389440,0.9989450054388717,4.390026473999024,0.5424347877502441,0.014192968606948853,38922
1090,35717120,0.9988772053353212,4.418849182128906,0.5626031398773194,0.014011842012405396,38895
1100,36044800,0.9988072966488337,4.433591079711914,0.5512390613555909,0.014079003036022187,38917
1110,36372480,0.9987352797078023,4.399945449829102,0.5198832511901855,0.013676764070987701,38892
1120,36700160,0.998661154850524,4.414404296875,0.6171157360076904,0.014015311002731323,38894
1130,37027840,0.9985849224251971,4.414351272583008,0.8661822319030762,0.01382770836353302,38904
1140,37355520,0.9985065827899208,4.383301544189453,0.5577146530151367,0.013617795705795289,38892
1150,37683200,0.998426136312692,4.351829147338867,0.5488460540771485,0.013639773428440093,38876
1160,38010880,0.9983435833714049,4.311775970458984,0.5283058643341064,0.013568758964538574,38906
1170,38338560,0.998258924353849,4.3119964599609375,0.5402145385742188,0.01363983452320099,38900
1180,38666240,0.9981721596577064,4.3661762237548825,0.5453897953033447,0.013726738095283509,38905
1190,38993920,0.9980832896905512,4.231969833374023,0.5210270404815673,0.01364072859287262,38878
1200,39321600,0.9979923148698461,4.220694351196289,0.5458715438842774,0.013398140668869019,38876
1210,39649280,0.9978992356229419,4.286745071411133,0.5404599189758301,0.013480019569396973,38861
1220,39976960,0.9978040523870747,4.266255950927734,0.5445744514465332,0.013597540557384491,38867
1230,40304640,0.9977067656093641,4.244523620605468,0.5389728546142578,0.013794025778770447,38850
1240,40632320,0.9976073757468108,4.230225372314453,0.5478953838348388,0.013352495431900025,38885
1250,40960000,0.9975058832662946,4.260150527954101,0.5396863937377929,0.013305982947349549,38873
1260,41287680,0.9974022886445727,4.275800704956055,0.5680533409118652,0.01375117152929306,38857
1270,41615360,0.9972965923682765,4.247135925292969,0.506949520111084,0.013114765286445618,38853
1280,41943040,0.9971887949339102,4.226351547241211,0.5358718872070313,0.013432812690734864,38829
1290,42270720,0.9970788968478482,4.2369544982910154,0.5098867416381836,0.013101156055927276,38815
1300,42598400,0.996966898626332,4.23017463684082,0.5148833274841309,0.013096687197685242,38854
1310,42926080,0.9968528007954691,4.204101943969727,0.5102728366851806,0.013008341193199158,38839
1320,43253760,0.9967366038912294,4.135901260375976,0.5375526905059814,0.013176673650741577,38850
1330,43581440,0.9966183084594433,4.261201477050781,0.5156271934509278,0.012945085763931274,38808
1340,43909120,0.996497915055799,4.205973052978516,0.5085186958312988,0.01316937655210495,38844
1350,44236800,0.9963754242458397,4.1581779479980465,0.5042929649353027,0.013030195236206054,38821
1360,44564480,0.9962508366049612,4.181011199951172,0.49774789810180664,0.012736773490905762,38831
1370,44892160,0.9961241527184089,4.118727493286133,0.48424363136291504,0.012814947962760925,38804
1380,45219840,0.9959953731812754,4.1719097137451175,0.4999382019042969,0.012700383365154267,38831
1390,45547520,0.9958644985984976,4.148135375976563,0.5194883823394776,0.013232079148292542,38818
1400,45875200,0.9957315295848536,4.157879638671875,0.5203011989593506,0.012795592844486236,38839
1410,46202880,0.99559646676496,4.115618515014648,0.4960062503814697,0.01263166069984436,38817
1420,46530560,0.9954593107732691,4.105971908569336,0.49529056549072265,0.012818147242069245,38841
1430,46858240,0.9953200622540659,4.093437576293946,0.5005519390106201,0.01279786229133606,38828
1440,47185920,0.9951787218614647,4.107601547241211,0.5026170253753662,0.012681077420711517,38843
1450,47513600,0.9950352902594064,4.091776275634766,0.4885577201843262,0.012576602399349213,38799
1460,47841280,0.9948897681216552,4.100319671630859,0.49274511337280275,0.01276160478591919,38827
1470,48168960,0.9947421561317958,4.065166091918945,0.49089393615722654,0.012569177150726318,38801
1480,48496640,0.9945924549832297,4.108055114746094,0.4952201843261719,0.012368137389421463,38792
1490,48824320,0.9944406653791718,4.178011322021485,0.5059968948364257,0.012567175924777985,38799
1500,49152000,0.994286788032648,4.055912780761719,0.5062605857849121,0.012654642760753631,38826
1510,49479680,0.9941308236664911,4.067221450805664,0.5211475849151611,0.012604613602161408,38813
1520,49807360,0.9939727730133375,4.04008674621582,0.500167989730835,0.01262633055448532,38804
1530,50135040,0.9938126368156238,3.9763919830322267,0.4797967433929443,0.012586748600006104,38808
1540,50462720,0.9936504158255838,4.084261703491211,0.5045323371887207,0.0124532550573349,38765
1550,50790400,0.9934861108052436,3.9578872680664063,0.5182297706604004,0.012617352604866027,38792
1560,51118080,0.9933197225264201,4.023308944702149,0.4879280090332031,0.012390118837356568,38760
1570,51445760,0.9931512517707154,4.079051208496094,0.4895463466644287,0.01238805279135704,38783
1580,51773440,0.9929806993295143,3.996106719970703,0.4874890327453613,0.012296376377344131,38776
1590,52101120,0.99280806600398,4.0099750518798825,0.49921646118164065,0.012390553951263428,38785
1600,52428800,0.9926333526050509,4.049613952636719,0.48398170471191404,0.012266188114881515,38791
1610,52756480,0.9924565599534364,3.9842716217041017,0.4824209690093994,0.012273252010345459,38795
1620,53084160,0.9922776888796125,4.036468887329102,0.48452134132385255,0.012339682877063751,38781
1630,53411840,0.9920967402238197,4.047249984741211,0.49168243408203127,0.012416568398475648,38771
1640,53739520,0.9919137148360565,3.995880889892578,0.4929436206817627,0.01231020838022232,38780
1650,54067200,0.9917286135760778,3.9868045806884767,0.5066329002380371,0.01235964521765709,38768
1660,54394880,0.9915414373133894,3.9302207946777346,0.48330049514770507,0.012361259013414384,38772
1670,54722560,0.9913521869272444,3.9578525543212892,0.48391499519348147,0.012340030074119568,38780
1680,55050240,0.991160863306639,3.9656093597412108,0.4720309257507324,0.012266281247138976,38784
1690,55377920,0.9909674673503083,3.942662811279297,0.46981396675109866,0.012298566848039627,38767
1700,55705600,0.9907719999667222,4.035861587524414,0.4603236675262451,0.012065402418375015,38749
1710,56033280,0.990574462074081,3.981301116943359,0.4654254913330078,0.012247907370328904,38755
1720,56360960,0.9903748546003112,3.999175262451172,0.48254666328430174,0.012153098732233048,38745
1730,56688640,0.9901731784830609,3.965901184082031,0.4879898548126221,0.012249811738729476,38785
1740,57016320,0.9899694346696959,3.937663269042969,0.48680267333984373,0.012153226882219315,38783
1750,57344000,0.9897636241172943,3.9784778594970702,0.49367294311523435,0.012235067784786224,38752
1760,57671680,0.9895557477926437,3.9867889404296877,0.5042892456054687,0.012525050342082978,38747
1770,57999360,0.9893458066722344,3.946875,0.4757927417755127,0.01220303326845169,38739
1780,58327040,0.9891338017422565,3.9379436492919924,0.4754055023193359,0.012148227542638779,38728
1790,58654720,0.988919733998595,3.941214752197266,0.4857795715332031,0.012390051037073135,38736
1800,58982400,0.9887036044468247,3.972673797607422,0.4790980339050293,0.012220603227615357,38766
1810,59310080,0.9884854141022056,3.9042308807373045,0.4721380233764648,0.012360870093107223,38730
1820,59637760,0.9882651639896781,3.920697021484375,0.48509855270385743,0.012093642354011535,38759
1830,59965440,0.9880428551438585,3.959033966064453,0.49212446212768557,0.012357458472251892,38736
1840,60293120,0.9878184886090338,3.878429412841797,0.4969189167022705,0.0123369462788105,38746
1850,60620800,0.9875920654391568,3.885791015625,0.5025981426239013,0.012213754653930663,38729
1860,60948480,0.9873635866978416,3.9396083831787108,0.475111198425293,0.0120439812541008,38728
1870,61276160,0.987133053458358,3.9991165161132813,0.4543868064880371,0.01206526905298233,38702
1880,61603840,0.9869004668036266,3.9160221099853514,0.46508588790893557,0.011999209970235824,38727
1890,61931520,0.9866658278262145,3.882508087158203,0.4783744812011719,0.012073546648025513,38739
1900,62259200,0.9864291376283284,3.869093322753906,0.4649463176727295,0.011992130428552628,38716
1910,62586880,0.9861903973218116,3.9097179412841796,0.4641213893890381,0.012053215503692627,38727
1920,62914560,0.9859496080281371,3.878650665283203,0.48024377822875974,0.01196296364068985,38745
1930,63242240,0.9857067708784032,3.819466400146484,0.46857781410217286,0.012017235159873962,38761
1940,63569920,0.9854618870133276,3.862100601196289,0.48357291221618653,0.012543706595897675,38710
1950,63897600,0.9852149575832427,3.8324539184570314,0.4846761226654053,0.012138518691062927,38752
1960,64225280,0.9849659837480899,3.845490646362305,0.4848886489868164,0.012144333124160767,38723
1970,64552960,0.9847149666774135,3.8785003662109374,0.4608000755310059,0.011970195919275284,38735
1980,64880640,0.9844619075503569,3.860011672973633,0.4863419532775879,0.012086687982082367,38727
1990,65208320,0.9842068075556548,3.8461048126220705,0.47150545120239257,0.012084463238716125,38708
2000,65536000,0.9839496678916297,3.823291778564453,0.4689366340637207,0.012124171853065491,38722
2010,65863680,0.9836904897661849,3.812369155883789,0.465393590927124,0.011769866943359375,38721
2020,66191360,0.9834292743967993,3.829530715942383,0.45229640007019045,0.011885541677474975,38676
2030,66519040,0.9831660230105219,3.8396583557128907,0.4632580757141113,0.012033033370971679,38706
2040,66846720,0.9829007368439657,3.8629310607910154,0.4620079517364502,0.011892185360193253,38705
2050,67174400,0.9826334171433019,3.839527130126953,0.5008142471313477,0.01215396523475647,38692
2060,67502080,0.9823640651642543,3.850137710571289,0.4775978088378906,0.011902227997779846,38716
2070,67829760,0.9820926821720932,3.7825057983398436,0.47188410758972166,0.01197432205080986,38727
2080,68157440,0.9818192694416293,3.8305503845214846,0.46369171142578125,0.012006738781929016,38680
2090,68485120,0.9815438282572083,3.857330322265625,0.4778420925140381,0.011936643719673156,38696
2100,68812800,0.9812663599127042,3.784450912475586,0.4686185359954834,0.011846421658992768,38723
2110,69140480,0.9809868657115136,3.7738906860351564,0.4722440719604492,0.011922303587198257,38709
2120,69468160,0.9807053469665494,3.8383865356445312,0.45884294509887696,0.011976257711648942,38713
2130,69795840,0.980421805000235,3.7753406524658204,0.46926193237304686,0.011861494928598403,38721
2140,70123520,0.9801362411444974,3.820172119140625,0.47556352615356445,0.01188841238617897,38710
2150,70451200,0.9798486567407615,3.7900428771972656,0.4665984630584717,0.012060554325580597,38695
2160,70778880,0.9795590531399438,3.777165985107422,0.46320581436157227,0.01204203963279724,38698
2170,71106560,0.9792674317024457,3.778733825683594,0.4554163932800293,0.011894409358501435,38681
2180,71434240,0.9789737937981473,3.8314868927001955,0.49703612327575686,0.012396425753831864,38690
2190,71761920,0.9786781408064011,3.8048988342285157,0.4585559368133545,0.011899508535861969,38680
2200,72089600,0.9783804741160256,3.784672164916992,0.5020169734954834,0.01250859797000885,38684
2210,72417280,0.978080795125298,3.7659229278564452,0.4779754638671875,0.012027988582849503,38673
2220,72744960,0.9777791052419487,3.777021789550781,0.4519622802734375,0.011932038515806199,38693
2230,73072640,0.9774754058831538,3.774872589111328,0.47056002616882325,0.011869753152132035,38686
2240,73400320,0.9771696984755293,3.7853050231933594,0.5267049312591553,0.012170880287885665,38663
2250,73728000,0.9768619844551234,3.759481430053711,0.5079314231872558,0.012537790834903717,38703
2260,74055680,0.9765522652674108,3.7396392822265625,0.4811811923980713,0.012093786895275117,38653
2270,74383360,0.976240542367285,3.8244884490966795,0.47326159477233887,0.01189950630068779,38674
2280,74711040,0.9759268172190521,3.834176254272461,0.4551889419555664,0.011825849115848542,38671
2290,75038720,0.9756110912964235,3.7698139190673827,0.4508656024932861,0.011817257106304168,38713
2300,75366400,0.9752933660825093,3.742977523803711,0.44191665649414064,0.011785431951284408,38677
2310,75694080,0.9749736430698112,3.720291519165039,0.4659311294555664,0.011843547970056535,38683
2320,76021760,0.9746519237602153,3.7596019744873046,0.46981444358825686,0.011888694018125534,38676
2330,76349440,0.9743282096649852,3.7543617248535157,0.4720111846923828,0.011988567560911179,38693
2340,76677120,0.9740025023047555,3.680099105834961,0.44139838218688965,0.011787144094705581,38663
2350,77004800,0.9736748032095234,3.7332313537597654,0.46317496299743655,0.011802507191896438,38654
2360,77332480,0.9733451139186423,3.823839569091797,0.48171844482421877,0.011834701150655746,38647
2370,77660160,0.973013435980815,3.728907012939453,0.46112308502197263,0.011828140914440155,38685
2380,77987840,0.9726797709540852,3.785084915161133,0.45637941360473633,0.011891137063503265,38660
2390,78315520,0.9723441204058314,3.7582908630371095,0.466381311416626,0.011708004027605056,38659
2400,78643200,0.9720064859127585,3.7326416015625,0.44147815704345705,0.011726703494787216,38674
2410,78970880,0.9716668690608914,3.734606170654297,0.4714187145233154,0.011709940433502198,38680
2420,79298560,0.9713252714455668,3.7342456817626952,0.45093374252319335,0.011777009069919585,38669
2430,79626240,0.9709816946714261,3.7694591522216796,0.45210695266723633,0.011688723415136337,38632
2440,79953920,0.9706361403524074,3.8007274627685548,0.4573059558868408,0.011755863577127457,38638
2450,80281600,0.9702886101117387,3.7519977569580076,0.4559743881225586,0.011682893335819244,38668
2460,80609280,0.9699391055819293,3.747454833984375,0.5258988380432129,0.012235140800476075,38663
2470,80936960,0.9695876284047632,3.7966053009033205,0.45215468406677245,0.01173994541168213,38659
2480,81264640,0.9692341802312905,3.711863327026367,0.4594855785369873,0.011868827790021897,38686
2490,81592320,0.9688787627218198,3.7845287322998047,0.44559612274169924,0.011706970632076263,38647
2500,81920000,0.9685213775459112,3.738751220703125,0.484185791015625,0.012001633644104004,38681
2510,82247680,0.968162026382367,3.6358596801757814,0.45006484985351564,0.011789388954639435,38651
2520,82575360,0.9678007109192254,3.6805561065673826,0.48726115226745603,0.01165861338376999,38691
2530,82903040,0.9674374328537514,3.6187107086181642,0.4561145305633545,0.011687156558036805,38691
2540,83230720,0.9670721938924294,3.690564727783203,0.4527865409851074,0.01166267842054367,38667
2550,83558400,0.966704995750955,3.768441009521484,0.46988353729248045,0.011610734462738036,38691
2560,83886080,0.9663358401542269,3.681842041015625,0.4593674182891846,0.011639659851789474,38674
2570,84213760,0.965964728836339,3.719927978515625,0.43747382164001464,0.011593834310770035,38683
2580,84541440,0.9655916635405721,3.77294921875,0.4706582546234131,0.01181967481970787,38660
2590,84869120,0.9652166460193854,3.74833984375,0.4983175277709961,0.011898545175790786,38666
2600,85196800,0.9648396780344092,3.6601097106933596,0.45664024353027344,0.0116105817258358,38644
2610,85524480,0.9644607613564357,3.644227981567383,0.45439491271972654,0.011715497076511382,38664
2620,85852160,0.9640798977654107,3.7048648834228515,0.45052289962768555,0.011639555543661117,38645
2630,86179840,0.9636970890504263,3.648589324951172,0.45914406776428224,0.011728715896606446,38639
2640,86507520,0.963312337009711,3.718862533569336,0.4712413787841797,0.011710518598556518,38636
2650,86835200,0.9629256434506225,3.6963428497314452,0.4453324317932129,0.011590662598609924,38627
2660,87162880,0.9625370101896386,3.613521194458008,0.46140131950378416,0.011651921272277831,38668
2670,87490560,0.9621464390523483,3.6986419677734377,0.4507425308227539,0.011712760478258134,38629
2680,87818240,0.9617539318734444,3.7109771728515626,0.5294981956481933,0.012031844258308411,38634
2690,88145920,0.9613594904967137,3.6638557434082033,0.4504560947418213,0.01153102219104767,38650
2700,88473600,0.9609631167750291,3.6790771484375,0.4795376300811768,0.011552581936120987,38667
2710,88801280,0.9605648125703407,3.6794490814208984,0.4956669330596924,0.011798344552516937,38659
2720,89128960,0.9601645797536662,3.7365062713623045,0.49074792861938477,0.011655693501234054,38667
2730,89456640,0.959762420205084,3.7007923126220703,0.4577144145965576,0.011570433527231217,38651
2740,89784320,0.9593583358137223,3.6946563720703125,0.45340890884399415,0.011715390533208848,38638
2750,90112000,0.9589523284777519,3.6842098236083984,0.46861982345581055,0.011662647128105164,38655
2760,90439680,0.9585444001043758,3.673310089111328,0.45699005126953124,0.011609993129968642,38674
2770,90767360,0.9581345526098218,3.6059734344482424,0.4476602077484131,0.011528421193361282,38650
2780,91095040,0.9577227879193322,3.594595718383789,0.46402606964111326,0.011647299677133561,38656
2790,91422720,0.9573091079671553,3.665303421020508,0.45611371994018557,0.01156509667634964,38651
2800,91750400,0.9568935146965365,3.6425186157226563,0.44806718826293945,0.011522594839334488,38677
2810,92078080,0.9564760100597085,3.6832080841064454,0.4562558174133301,0.011565487086772918,38639
2820,92405760,0.956056596017883,3.5964794158935547,0.4507335662841797,0.0116082563996315,38643
2830,92733440,0.9556352745412409,3.6657878875732424,0.45393881797790525,0.011473816633224488,38651
2840,93061120,0.9552120476089232,3.613908386230469,0.464906120300293,0.01170249804854393,38662
2850,93388800,0.9547869172090215,3.68017578125,0.4594996452331543,0.011430613696575165,38654
2860,93716480,0.9543598853385692,3.6444011688232423,0.45218677520751954,0.01152573674917221,38619
2870,94044160,0.9539309540035318,3.6767818450927736,0.46688251495361327,0.011456647515296936,38659
2880,94371840,0.953500125218797,3.6398544311523438,0.45250644683837893,0.011688342690467835,38606
2890,94699520,0.9530674010081663,3.607448196411133,0.4630171775817871,0.011573820561170577,38650
2900,95027200,0.9526327834043443,3.5826950073242188,0.4573085784912109,0.011612598598003388,38657
2910,95354880,0.9521962744489302,3.6933124542236326,0.4525750637054443,0.011513163149356843,38614
2920,95682560,0.9517578761924075,3.6338871002197264,0.4435564041137695,0.011487361788749696,38642
2930,96010240,0.9513175906941347,3.626953887939453,0.45340886116027834,0.011549660563468933,38640
2940,96337920,0.9508754200223356,3.6140575408935547,0.4585002899169922,0.011539458483457565,38615
2950,96665600,0.9504313662540893,3.6112037658691407,0.46715455055236815,0.011642614752054215,38647
2960,96993280,0.949985431475321,3.563232421875,0.4351181983947754,0.011507440358400345,38607
2970,97320960,0.9495376177807917,3.649491882324219,0.45587158203125,0.011412887275218964,38630
2980,97648640,0.9490879272740883,3.6214248657226564,0.45015888214111327,0.01154109463095665,38619
2990,97976320,0.9486363620676144,3.6003192901611327,0.4547414779663086,0.011445325613021851,38644
3000,98304000,0.9481829242825798,3.629682922363281,0.43873014450073244,0.011551707237958907,38599
3010,98631680,0.9477276160489903,3.6460147857666017,0.44519877433776855,0.011536496877670287,38607
3020,98959360,0.9472704395056386,3.592236328125,0.47275600433349607,0.011455735564231873,38686
3030,99287040,0.9468113968000933,3.579293441772461,0.45339016914367675,0.011447641998529434,38655
3040,99614720,0.9463504900886894,3.6526115417480467,0.44530248641967773,0.011366082727909088,38633
3050,99942400,0.9458877215365181,3.6174224853515624,0.4620391845703125,0.011430468410253525,38625
3060,100270080,0.9454230933174161,3.625165557861328,0.4697090148925781,0.011528030037879944,38651
3070,100597760,0.9449566076139565,3.6359119415283203,0.45647130012512205,0.011503411084413528,38621
3080,100925440,0.944488266617437,3.6363666534423826,0.4750521659851074,0.011432607471942902,38645
3090,101253120,0.9440180725278713,3.6752513885498046,0.49488024711608886,0.011611732095479966,38602
3100,101580800,0.9435460275539773,3.5938495635986327,0.46567859649658205,0.011413191258907319,38645
3110,101908480,0.9430721339131679,3.6262561798095705,0.44971585273742676,0.011540591716766357,38596
3120,102236160,0.9425963938315396,3.577703857421875,0.4491876602172852,0.011389906704425811,38632
3130,102563840,0.9421188095438624,3.593792724609375,0.4571234703063965,0.011414483189582825,38605
3140,102891520,0.94163938329357,3.659943771362305,0.47026309967041013,0.011520370841026306,38617
3150,103219200,0.9411581173327482,3.6092357635498047,0.4479063987731934,0.011465131491422653,38609
3160,103546880,0.9406750139221247,3.628001403808594,0.4473698616027832,0.011370150744915009,38583
3170,103874560,0.9401900753310587,3.5769622802734373,0.44966769218444824,0.01145157366991043,38574
3180,104202240,0.9397033038375302,3.538038635253906,0.4590484142303467,0.01135297268629074,38616
3190,104529920,0.9392147017281288,3.630106735229492,0.45984745025634766,0.011344754695892334,38624
3200,104857600,0.9387242712980439,3.6072792053222655,0.4694994926452637,0.011384586244821549,38603
3210,105185280,0.9382320148510529,3.603800582885742,0.45841240882873535,0.011361601203680039,38641
3220,105512960,0.937737934699511,3.5822284698486326,0.4570711612701416,0.011482511460781098,38630
3230,105840640,0.9372420331643404,3.597122573852539,0.45738396644592283,0.011449414491653442,38627
3240,106168320,0.9367443125750188,3.5658538818359373,0.4640012264251709,0.011433237046003342,38613
3250,106496000,0.936244775269569,3.595276641845703,0.46279158592224123,0.011573036015033723,38614
3260,106823680,0.9357434235945475,3.537647247314453,0.4443223476409912,0.011510155349969863,38636
3270,107151360,0.9352402599050346,3.5162117004394533,0.45955777168273926,0.011518914997577668,38632
3280,107479040,0.9347352865646213,3.6016799926757814,0.45927844047546384,0.011353696137666703,38608
3290,107806720,0.9342285059454002,3.5209320068359373,0.4528335094451904,0.011491568386554718,38582
3300,108134400,0.9337199204279533,3.5382057189941407,0.44962449073791505,0.011402148008346557,38618
3310,108462080,0.9332095324013407,3.608795166015625,0.4620734691619873,0.01137910932302475,38604
3320,108789760,0.93269734426309,3.62390251159668,0.46652541160583494,0.011537660658359528,38603
3330,109117440,0.9321833584191851,3.6521041870117186,0.47677001953125,0.011451751738786698,38603
3340,109445120,0.9316675772840538,3.5440364837646485,0.4656393051147461,0.011513051390647889,38618
3350,109772800,0.9311500032805579,3.5978126525878906,0.4627518177032471,0.011419181525707246,38613
3360,110100480,0.9306306388399807,3.5763092041015625,0.46247215270996095,0.01150287464261055,38609
3370,110428160,0.9301094864020161,3.5727840423583985,0.4642336368560791,0.011380627751350403,38628
3380,110755840,0.929586548414757,3.596421813964844,0.444553279876709,0.011234738677740098,38597
3390,111083520,0.929061827334684,3.492269515991211,0.4433918476104736,0.011428208649158477,38606
3400,111411200,0.928535325626654,3.5828758239746095,0.4474081516265869,0.01127946823835373,38619
3410,111738880,0.9280070457638875,3.627088928222656,0.4782066345214844,0.011330288648605347,38630
3420,112066560,0.9274769902279585,3.560567855834961,0.47922821044921876,0.011483950912952423,38602
3430,112394240,0.9269451615087818,3.553538513183594,0.4666321277618408,0.011342764645814896,38611
3440,112721920,0.926411562104602,3.5621932983398437,0.45176520347595217,0.01141752377152443,38561
3450,113049600,0.9258761945219811,3.512832260131836,0.4538126468658447,0.011405674368143081,38598
3460,113377280,0.9253390612757871,3.5286964416503905,0.4473711967468262,0.011305993795394898,38599
3470,113704960,0.9248001648891824,3.602861022949219,0.4694345474243164,0.011408618092536927,38575
3480,114032640,0.9242595078936112,3.5927963256835938,0.46263484954833983,0.01132669672369957,38599
3490,114360320,0.9237170928287887,3.5391902923583984,0.46013460159301756,0.01135391667485237,38585
3500,114688000,0.923172922242688,3.612679290771484,0.44580416679382323,0.011187603324651718,38579
3510,115015680,0.922626998691529,3.5412384033203126,0.46668300628662107,0.011248809099197388,38605
3520,115343360,0.922079324739766,3.5144962310791015,0.4659284114837646,0.011179788410663605,38597
3530,115671040,0.9215299029600759,3.54968147277832,0.446637487411499,0.011429095268249511,38575
3540,115998720,0.9209787359333456,3.56514892578125,0.455340576171875,0.011349746584892273,38566
3550,116326400,0.9204258262486603,3.559418487548828,0.45888471603393555,0.01139257401227951,38550
3560,116654080,0.9198711765032919,3.51480712890625,0.4571689605712891,0.011244137585163117,38644
3570,116981760,0.9193147893026851,3.490918731689453,0.4559303283691406,0.011439815163612366,38585
3580,117309440,0.9187566672604472,3.5335769653320312,0.45639643669128416,0.011367717385292053,38592
3590,117637120,0.9181968129983342,3.5393596649169923,0.45577526092529297,0.011245308071374893,38602
3600,117964800,0.9176352291462395,3.545470428466797,0.44999871253967283,0.011239460110664368,38594
3610,118292480,0.9170719183421812,3.575531005859375,0.46207118034362793,0.011343140900135041,38587
3620,118620160,0.9165068832322891,3.5376022338867186,0.4530490875244141,0.011392710357904434,38587
3630,118947840,0.9159401264707938,3.5107215881347655,0.4473912715911865,0.011293365061283112,38601
3640,119275520,0.9153716507200125,3.5362648010253905,0.4530789375305176,0.011284297704696656,38596
3650,119603200,0.9148014586503377,3.608592224121094,0.4521827697753906,0.01125979721546173,38547
3660,119930880,0.9142295529402239,3.540279769897461,0.46025614738464354,0.011319450289011001,38581
3670,120258560,0.9136559362761759,3.5232337951660155,0.4363706588745117,0.011348636448383331,38573
3680,120586240,0.9130806113527351,3.5245845794677733,0.4699976444244385,0.011470013111829758,38594
3690,120913920,0.9125035808724679,3.557977294921875,0.4562184810638428,0.011356422305107116,38570
3700,121241600,0.9119248475459516,3.4876617431640624,0.44960756301879884,0.011248786747455598,38598
3710,121569280,0.9113444140917637,3.549854278564453,0.44098525047302245,0.011351244151592254,38565
3720,121896960,0.9107622832364672,3.4789093017578123,0.44009790420532224,0.011116230487823486,38591
3730,122224640,0.9101784577145987,3.5058692932128905,0.45442490577697753,0.011226722598075866,38594
3740,122552320,0.9095929402686556,3.495130157470703,0.4534703254699707,0.011447379738092423,38578
3750,122880000,0.9090057336490831,3.567566680908203,0.4505875587463379,0.011307046562433243,38584
3760,123207680,0.908416840614261,3.52864990234375,0.47641491889953613,0.011312203854322434,38585
3770,123535360,0.9078262639304908,3.6009090423583983,0.4834878921508789,0.011342823505401611,38575
3780,123863040,0.9072340063719835,3.5034812927246093,0.49703373908996584,0.011835279315710068,38579
3790,124190720,0.9066400707208456,3.470804977416992,0.46922006607055666,0.011428400874137878,38610
3800,124518400,0.906044459767066,3.5578155517578125,0.45392370223999023,0.011274415999650955,38584
3810,124846080,0.905447176308504,3.5408145904541017,0.44605388641357424,0.011302381753921509,38569
3820,125173760,0.9048482231508749,3.473434829711914,0.455426025390625,0.011195528507232665,38604
3830,125501440,0.9042476031077374,3.5208568572998047,0.440670108795166,0.011256333440542221,38591
3840,125829120,0.9036453190004807,3.507425308227539,0.4715585708618164,0.01141703724861145,38617
3850,126156800,0.9030413736583102,3.5531959533691406,0.45831785202026365,0.011292145401239396,38571
3860,126484480,0.9024357699182355,3.516657257080078,0.44531450271606443,0.011215394735336304,38614
3870,126812160,0.9018285106250563,3.5149154663085938,0.46727695465087893,0.011344881355762481,38594
3880,127139840,0.901219598631349,3.499737548828125,0.46643662452697754,0.011209382116794587,38590
3890,127467520,0.9006090367974537,3.5127643585205077,0.4546179294586182,0.011225865036249161,38576
3900,127795200,0.8999968279914605,3.4956451416015626,0.4760476589202881,0.01138341724872589,38583
3910,128122880,0.8993829750891961,3.563668441772461,0.4728343963623047,0.011447001248598099,38576
3920,128450560,0.8987674809742102,3.5031455993652343,0.45551013946533203,0.011176967620849609,38569
3930,128778240,0.8981503485377622,3.5370174407958985,0.45667505264282227,0.01136283278465271,38552
3940,129105920,0.8975315806788072,3.4848270416259766,0.462481689453125,0.011283308267593384,38576
3950,129433600,0.8969111803039826,3.5298973083496095,0.45225963592529295,0.011232081800699234,38577
3960,129761280,0.8962891503275952,3.4765262603759766,0.45112857818603513,0.011263196170330048,38569
3970,130088960,0.8956654936716058,3.5141323089599608,0.44981017112731936,0.011313898116350174,38578
3980,130416640,0.8950402132656169,3.541500473022461,0.45734639167785646,0.011190888285636903,38588
3990,130744320,0.8944133120468587,3.4928817749023438,0.47478156089782714,0.011430583894252777,38594
4000,131072000,0.8937847929601748,3.501992416381836,0.466248083114624,0.011268096417188645,38612
4010,131399680,0.8931546589580086,3.5268810272216795,0.4679440975189209,0.011264096945524216,38577
4020,131727360,0.8925229130003902,3.559244918823242,0.44605698585510256,0.011144708096981048,38582
4030,132055040,0.8918895580549208,3.4819942474365235,0.47323431968688967,0.011292441189289093,38588
4040,132382720,0.8912545970967604,3.5222869873046876,0.45427670478820803,0.011240922659635545,38591
4050,132710400,0.8906180331086129,3.501275634765625,0.45490303039550783,0.011240509152412415,38556
4060,133038080,0.8899798690807127,3.480091094970703,0.45963444709777834,0.01105058565735817,38582
4070,133365760,0.8893401080108099,3.5646556854248046,0.477723217010498,0.011197511851787568,38614
4080,133693440,0.8886987529041569,3.4856517791748045,0.4454481601715088,0.011124038696289062,38561
4090,134021120,0.888055806773494,3.5177135467529297,0.46993489265441896,0.01141209453344345,38575
4100,134348800,0.8874112726390354,3.4762500762939452,0.4732632637023926,0.011373812705278397,38563
4110,134676480,0.8867651535284545,3.5207996368408203,0.4566333770751953,0.01122003123164177,38544
4120,135004160,0.8861174524768703,3.4885227203369142,0.4518285751342773,0.011204344779253006,38537
4130,135331840,0.8854681725268331,3.508810806274414,0.45946569442749025,0.011141879856586457,38564
4140,135659520,0.8848173167283098,3.532709503173828,0.46788501739501953,0.011159396171569825,38561
4150,135987200,0.8841648881386694,3.505328369140625,0.44806756973266604,0.01124473735690117,38553
4160,136314880,0.88351088982267,3.5168617248535154,0.4558857917785645,0.011177559942007064,38579
4170,136642560,0.8828553248524423,3.4711170196533203,0.4643882751464844,0.011194287240505219,38607
4180,136970240,0.8821981963074773,3.517544174194336,0.4791841506958008,0.011211076378822326,38572
4190,137297920,0.8815395072746101,3.5102657318115233,0.4600245952606201,0.011202943325042725,38566
4200,137625600,0.8808792608480065,3.443731689453125,0.45943570137023926,0.011110935360193253,38590
4210,137953280,0.8802174601291479,3.5072975158691406,0.45251002311706545,0.011228960752487183,38576
4220,138280960,0.8795541082268172,3.4859413146972655,0.45764684677124023,0.011207500845193863,38575
4230,138608640,0.8788892082570837,3.5239559173583985,0.4439854621887207,0.011082972586154937,38589
4240,138936320,0.8782227633432887,3.4928871154785157,0.44211616516113283,0.011177332699298858,38552
4250,139264000,0.877554776616031,3.4725013732910157,0.45886940956115724,0.011279677599668502,38549
4260,139591680,0.8768852512131515,3.473654556274414,0.44811067581176756,0.011314732581377029,38533
4270,139919360,0.8762141902797198,3.483712387084961,0.4622504711151123,0.01123993843793869,38587
4280,140247040,0.8755415969680176,3.4743526458740233,0.4694633960723877,0.011132988333702087,38572
4290,140574720,0.8748674744375259,3.5260395050048827,0.49481873512268065,0.011222045868635178,38565
4300,140902400,0.8741918258549084,3.4556148529052733,0.4625219821929932,0.011202452331781387,38549
4310,141230080,0.8735146543939974,3.5152748107910154,0.4611114501953125,0.011106034368276596,38529
4320,141557760,0.8728359632357797,3.4555206298828125,0.462174654006958,0.011226373165845871,38573
4330,141885440,0.8721557555683797,3.4854061126708986,0.46164875030517577,0.011179764568805695,38563
4340,142213120,0.8714740345870462,3.429218292236328,0.4612597942352295,0.011137547343969345,38563
4350,142540800,0.8707908034941365,3.4884918212890623,0.47127857208251955,0.01114804595708847,38567
4360,142868480,0.8701060654991017,3.482659912109375,0.47188539505004884,0.011221874505281448,38569
4370,143196160,0.8694198238184716,3.472843551635742,0.44929113388061526,0.011182986199855804,38557
4380,143523840,0.8687320816758393,3.444614028930664,0.46367473602294923,0.011186349391937255,38574
4390,143851520,0.8680428423018461,3.4629390716552733,0.4607485294342041,0.01100495308637619,38557
4400,144179200,0.8673521089341671,3.4437427520751953,0.45880699157714844,0.011050333082675935,38587
4410,144506880,0.866659884817495,3.4657318115234377,0.47495579719543457,0.011357339471578598,38562
4420,144834560,0.865966173203525,3.4334651947021486,0.45827374458312986,0.01113138571381569,38582
4430,145162240,0.86527097735094,3.4947463989257814,0.479388952255249,0.011378106474876405,38559
4440,145489920,0.8645743005253953,3.5046802520751954,0.44663777351379397,0.011188589036464691,38546
4450,145817600,0.8638761459995025,3.451853561401367,0.4719998836517334,0.011416031420230866,38556
4460,146145280,0.8631765170528151,3.4421382904052735,0.45496478080749514,0.011024170368909837,38565
4470,146472960,0.8624754169718122,3.4039134979248047,0.47182087898254393,0.01128067374229431,38581
4480,146800640,0.8617728490498839,3.458466720581055,0.4718778133392334,0.01127510517835617,38522
4490,147128320,0.8610688165873153,3.3092910766601564,0.4596677780151367,0.011085384339094163,38571
4500,147456000,0.860363322891271,3.4121360778808594,0.466384220123291,0.011399103701114655,38524
4510,147783680,0.8596563712757798,3.4243350982666017,0.46590228080749513,0.01106337308883667,38572
4520,148111360,0.8589479650617188,3.4131328582763674,0.4558722496032715,0.01115591898560524,38547
4530,148439040,0.8582381075767984,3.4210842132568358,0.45859193801879883,0.011061897128820419,38553
4540,148766720,0.8575268021555462,3.459047317504883,0.46049866676330564,0.01129336804151535,38572
4550,149094400,0.8568140521392911,3.4541419982910155,0.4582263469696045,0.011055907607078553,38559
4560,149422080,0.8560998608761481,3.450922393798828,0.45429425239562987,0.011104793846607208,38589
4570,149749760,0.8553842317210026,3.4843204498291014,0.45397329330444336,0.011115103960037231,38552
4580,150077440,0.8546671680354943,3.426486587524414,0.4569051265716553,0.011124176532030105,38539
4590,150405120,0.8539486731880013,3.456770324707031,0.44835448265075684,0.011172552406787873,38569
4600,150732800,0.8532287505536249,3.410610580444336,0.4407346248626709,0.011074647307395935,38558
4610,151060480,0.8525074035141732,3.467082977294922,0.46505417823791506,0.01112176701426506,38551
4620,151388160,0.8517846354581458,3.455832290649414,0.46156978607177734,0.011093196272850037,38554
4630,151715840,0.8510604497807165,3.452425003051758,0.470384407043457,0.01116580218076706,38555
4640,152043520,0.8503348498837191,3.4037105560302736,0.45542221069335936,0.01117856651544571,38578
4650,152371200,0.8496078391756305,3.4528263092041014,0.4607251167297363,0.011020039021968842,38529
4660,152698880,0.8488794210715549,3.404451370239258,0.4521980285644531,0.011183257400989532,38573
4670,153026560,0.8481495989932074,3.4124271392822267,0.45002107620239257,0.01110595092177391,38521
4680,153354240,0.8474183763688985,3.472983551025391,0.4579662322998047,0.01101640984416008,38517
4690,153681920,0.8466857566335172,3.4290134429931642,0.4548022747039795,0.011049184203147887,38557
4700,154009600,0.8459517432285163,3.480854034423828,0.4662830352783203,0.01124156042933464,38526
4710,154337280,0.8452163396018946,3.422132873535156,0.4790843963623047,0.01107848584651947,38538
4720,154664960,0.8444795492081815,3.439344787597656,0.4657446384429932,0.01120256707072258,38561
4730,154992640,0.8437413755084207,3.467020797729492,0.47786970138549806,0.010992667824029922,38541
4740,155320320,0.8430018219701542,3.463675689697266,0.4583634376525879,0.011108467727899552,38531
4750,155648000,0.8422608920674052,3.429848480224609,0.46980834007263184,0.01106165274977684,38531
4760,155975680,0.841518589280663,3.4696395874023436,0.45331883430480957,0.011151954531669617,38529
4770,156303360,0.8407749170968652,3.444955062866211,0.45826220512390137,0.011091366410255432,38520
4780,156631040,0.8400298790093831,3.3972751617431642,0.45371618270874026,0.011097711324691773,38534
4790,156958720,0.8392834785180031,3.4019237518310548,0.45917477607727053,0.01115354597568512,38562
4800,157286400,0.8385357191289123,3.4345771789550783,0.4703798294067383,0.01140093058347702,38527
4810,157614080,0.837786604354681,3.425282287597656,0.4647324562072754,0.011222249269485474,38531
4820,157941760,0.8370361377142459,3.4610065460205077,0.47574353218078613,0.011016994714736938,38508
4830,158269440,0.8362843227328948,3.3616600036621094,0.4541069984436035,0.01097828447818756,38531
4840,158597120,0.8355311629422486,3.3814125061035156,0.46625938415527346,0.011106736958026886,38533
4850,158924800,0.8347766618802456,3.3980213165283204,0.4519836902618408,0.01105610728263855,38509
4860,159252480,0.8340208230911248,3.4077594757080076,0.471038293838501,0.011087313294410706,38525
4870,159580160,0.8332636501254091,3.4016189575195312,0.46453237533569336,0.011191090196371078,38533
4880,159907840,0.8325051465398888,3.439237594604492,0.46887574195861814,0.010967328399419784,38538
4890,160235520,0.8317453158976044,3.447736358642578,0.46521906852722167,0.01110602393746376,38528
4900,160563200,0.8309841617678299,3.3538433074951173,0.4581876754760742,0.011062945425510406,38529
4910,160890880,0.8302216877260572,3.409564208984375,0.46265745162963867,0.011145538836717605,38543
4920,161218560,0.829457897353978,3.4138038635253904,0.4757983207702637,0.011148284375667571,38545
4930,161546240,0.8286927942394671,3.385601043701172,0.47795896530151366,0.01132175773382187,38552
4940,161873920,0.8279263819765664,3.439372253417969,0.47103376388549806,0.011083461344242096,38520
4950,162201600,0.827158664165467,3.397195816040039,0.4661883354187012,0.011262109875679016,38579
4960,162529280,0.8263896444124933,3.3980327606201173,0.46037683486938474,0.010936212539672852,38592
4970,162856960,0.825619326330085,3.3610519409179687,0.46682209968566896,0.01114599034190178,38543
4980,163184640,0.8248477135367809,3.4004627227783204,0.4606032371520996,0.01121581718325615,38534
4990,163512320,0.8240748096572016,3.3622840881347655,0.4693006992340088,0.011173813045024872,38555
5000,163840000,0.8233006183220325,3.3611446380615235,0.46739954948425294,0.011144283413887023,38545
5010,164167680,0.8225251431680068,3.417205810546875,0.45543475151062013,0.010961729288101196,38537
5020,164495360,0.8217483878378885,3.3370357513427735,0.4583722114562988,0.011124891042709351,38564
5030,164823040,0.8209703559804551,3.400745391845703,0.448272180557251,0.011060889810323715,38537
5040,165150720,0.8201910512504803,3.438118743896484,0.47719583511352537,0.011212309449911117,38534
5050,165478400,0.8194104773087175,3.4493770599365234,0.4675248622894287,0.011059731990098954,38507
5060,165806080,0.8186286378218818,3.382973480224609,0.46770715713500977,0.01106286197900772,38533
5070,166133760,0.8178455364626335,3.3689876556396485,0.45207977294921875,0.01105307713150978,38529
5080,166461440,0.8170611769095599,3.3100391387939454,0.47577719688415526,0.011213225871324539,38571
5090,166789120,0.8162755628471595,3.303130340576172,0.4733307361602783,0.011118952929973603,38575
5100,167116800,0.815488697965823,3.3789642333984373,0.48028125762939455,0.01120022013783455,38550
5110,167444480,0.8147005859618172,3.443491744995117,0.4792952060699463,0.01108323186635971,38553
5120,167772160,0.813911230537267,3.3490371704101562,0.4542978763580322,0.011078521609306335,38538
5130,168099840,0.8131206354001385,3.432353210449219,0.46855549812316893,0.01099257990717888,38542
5140,168427520,0.8123288042642208,3.324111557006836,0.45594348907470705,0.011094329506158828,38523
5150,168755200,0.8115357408491098,3.3790393829345704,0.4695747852325439,0.011043469607830047,38532
5160,169082880,0.8107414488801894,3.4087898254394533,0.4632877826690674,0.010998013615608215,38503
5170,169410560,0.8099459320886147,3.4178417205810545,0.46216788291931155,0.011079677194356919,38506
5180,169738240,0.8091491942112942,3.4207767486572265,0.4690717697143555,0.011277210712432862,38519
5190,170065920,0.8083512389908728,3.366620635986328,0.4614715099334717,0.01119636669754982,38502
5200,170393600,0.8075520701757136,3.441061019897461,0.45730271339416506,0.011043935269117355,38514
5210,170721280,0.8067516915198807,3.4158843994140624,0.46950907707214357,0.01103280857205391,38538
5220,171048960,0.8059501067831211,3.4070514678955077,0.4736292362213135,0.010984288156032562,38547
5230,171376640,0.8051473197308472,3.361058807373047,0.45921573638916013,0.01118745058774948,38525
5240,171704320,0.8043433341341197,3.366046905517578,0.45708866119384767,0.011024049669504165,38513
5250,172032000,0.8035381537696291,3.4299835205078124,0.47246155738830564,0.011025562882423401,38564
5260,172359680,0.8027317824196785,3.4322757720947266,0.4671851634979248,0.011077672243118286,38516
5270,172687360,0.8019242238721653,3.3866500854492188,0.4690298080444336,0.011250653117895127,38524
5280,173015040,0.8011154819205639,3.3589282989501954,0.46262025833129883,0.011018332839012147,38538
5290,173342720,0.8003055603639075,3.3885101318359374,0.4670827388763428,0.011084596812725066,38560
5300,173670400,0.799494463006771,3.3894527435302733,0.47871971130371094,0.010974587500095367,38546
5310,173998080,0.7986821936592519,3.4235759735107423,0.4756471157073975,0.011079704016447067,38536
5320,174325760,0.7978687561369534,3.411681365966797,0.4654874801635742,0.011078407615423202,38563
5330,174653440,0.7970541542609662,3.3809829711914063,0.4556612968444824,0.010899337381124497,38553
5340,174981120,0.7962383918578503,3.362284851074219,0.4618695735931396,0.011177659779787064,38567
5350,175308800,0.7954214727596175,3.457407760620117,0.4994813919067383,0.01103167086839676,38526
5360,175636480,0.794603400803713,3.3581001281738283,0.4606421947479248,0.011018412560224533,38583
5370,175964160,0.7937841798329972,3.3329986572265624,0.45832076072692873,0.011142035573720932,38534
5380,176291840,0.7929638136957288,3.331633377075195,0.4665988445281982,0.011064265668392182,38566
5390,176619520,0.7921423062455447,3.409699630737305,0.4724121570587158,0.011084237694740295,38518
5400,176947200,0.791319661341444,3.352411651611328,0.46846780776977537,0.01120527759194374,38520
5410,177274880,0.7904958828477688,3.423991012573242,0.46840705871582033,0.011034485697746278,38550
5420,177602560,0.7896709746341858,3.353658676147461,0.45653362274169923,0.01103038787841797,38526
5430,177930240,0.7888449405756687,3.3532989501953123,0.46265449523925783,0.011071588844060898,38547
5440,178257920,0.78801778455248,3.3755096435546874,0.46453123092651366,0.011160242557525634,38542
5450,178585600,0.7871895104501523,3.3384078979492187,0.4695711612701416,0.011065288633108138,38520
5460,178913280,0.7863601221594704,3.3460296630859374,0.45725197792053224,0.011092734336853028,38499
5470,179240960,0.7855296235764533,3.360078811645508,0.46673145294189455,0.011083106696605682,38558
5480,179568640,0.7846980186023351,3.4050888061523437,0.45253357887268064,0.010982567071914673,38535
5490,179896320,0.7838653111435474,3.3297649383544923,0.47951450347900393,0.01102583333849907,38591
5500,180224000,0.7830315051117006,3.3396297454833985,0.4856760025024414,0.011042874306440353,38565
5510,180551680,0.7821966044235655,3.3597381591796873,0.4801019668579102,0.011083970963954925,38539
5520,180879360,0.7813606130010551,3.414453125,0.4696823596954346,0.010941217839717864,38533
5530,181207040,0.7805235347712062,3.4291797637939454,0.47920846939086914,0.011048558354377746,38546
5540,181534720,0.7796853736661605,3.4009727478027343,0.4800428867340088,0.011137516796588897,38539
5550,181862400,0.7788461336231468,3.3439590454101564,0.4694364070892334,0.010935719311237335,38519
5560,182190080,0.7780058185844622,3.3482757568359376,0.4687972068786621,0.011101119965314866,38563
5570,182517760,0.777164432497453,3.3088428497314455,0.4693720817565918,0.01099846139550209,38552
5580,182845440,0.7763219793144973,3.424801254272461,0.47661495208740234,0.011105704307556152,38512
5590,183173120,0.7754784629929858,3.312794876098633,0.4669121265411377,0.01103309914469719,38570
5600,183500800,0.7746338874953032,3.3296554565429686,0.4687675952911377,0.011058034002780914,38529
5610,183828480,0.773788256788809,3.3632110595703124,0.4720770835876465,0.011149659007787704,38528
5620,184156160,0.7729415748458205,3.355930709838867,0.46616215705871583,0.011047075688838958,38523
5630,184483840,0.7720938456435924,3.378595733642578,0.4645697116851807,0.011011534929275512,38534
5640,184811520,0.7712450731642992,3.288136672973633,0.46506633758544924,0.011025788635015488,38571
5650,185139200,0.7703952613950162,3.3940498352050783,0.4840817928314209,0.01114359125494957,38530
5660,185466880,0.7695444143277006,3.327211380004883,0.4794600486755371,0.011041121184825897,38540
5670,185794560,0.7686925359591726,3.341177749633789,0.48314647674560546,0.011087948083877563,38532
5680,186122240,0.7678396302910978,3.396687698364258,0.48447489738464355,0.011071834713220596,38519
5690,186449920,0.7669857013299661,3.4008247375488283,0.4769876480102539,0.011058583110570907,38541
5700,186777600,0.7661307530870757,3.4228553771972656,0.4804330825805664,0.011102648824453354,38516
5710,187105280,0.7652747895785117,3.3084449768066406,0.4694298267364502,0.011084409803152085,38549
5720,187432960,0.7644178148251293,3.2451045989990233,0.459564733505249,0.011071699112653733,38547
5730,187760640,0.7635598328525331,3.3795352935791017,0.48988776206970214,0.01107533574104309,38559
5740,188088320,0.76270084769106,3.3435222625732424,0.4671614170074463,0.01113625094294548,38524
5750,188416000,0.7618408633757584,3.3705093383789064,0.46691575050354006,0.011041727662086488,38556
5760,188743680,0.760979883946371,3.3960105895996096,0.4929488182067871,0.011051417887210846,38568
5770,189071360,0.7601179134473144,3.3674346923828127,0.48759965896606444,0.010957308858633042,38552
5780,189399040,0.7592549559276612,3.366084671020508,0.463896656036377,0.011017663776874543,38542
5790,189726720,0.7583910154411201,3.4285820007324217,0.47388319969177245,0.011142433434724808,38516
5800,190054400,0.7575260960460173,3.3976730346679687,0.47164669036865237,0.010993967205286026,38508
5810,190382080,0.7566602018052777,3.394110107421875,0.4834618091583252,0.011043177545070648,38553
5820,190709760,0.7557933367864051,3.404640960693359,0.4879749298095703,0.010900679975748062,38551
5830,191037440,0.7549255050614639,3.345424270629883,0.4744397163391113,0.010992075502872466,38546
5840,191365120,0.7540567107070592,3.34903564453125,0.4661702156066895,0.011089883744716644,38511
5850,191692800,0.753186957804318,3.3393367767333983,0.4749730110168457,0.010983574390411376,38545
5860,192020480,0.7523162504388706,3.3669692993164064,0.4698964595794678,0.010982994735240937,38538
5870,192348160,0.7514445927008302,3.4013336181640623,0.5061735153198242,0.011491779237985611,38546
5880,192675840,0.7505719886847744,3.2551929473876955,0.48408098220825196,0.011185365170240403,38599
5890,193003520,0.7496984424897264,3.3618610382080076,0.47717952728271484,0.011212711036205292,38530
5900,193331200,0.7488239582191348,3.3236053466796873,0.4772926330566406,0.011095775663852692,38566
5910,193658880,0.7479485399808549,3.346530532836914,0.47156667709350586,0.011206580698490143,38548
5920,193986560,0.7470721918871295,3.303377151489258,0.47423548698425294,0.010966239869594574,38555
5930,194314240,0.7461949180545687,3.318914794921875,0.4746089458465576,0.011093845963478089,38555
5940,194641920,0.745316722604132,3.346058654785156,0.4698336601257324,0.010911558568477631,38546
5950,194969600,0.744437609661108,3.3866046905517577,0.48786306381225586,0.011036032438278198,38529
5960,195297280,0.7435575833550946,3.295245361328125,0.4806300163269043,0.01101868599653244,38566
5970,195624960,0.7426766478199808,3.445151519775391,0.49069652557373045,0.01103137880563736,38518
5980,195952640,0.7417948071939264,3.3406757354736327,0.49031691551208495,0.011146001517772675,38526
5990,196280320,0.7409120656193431,3.276371383666992,0.47323055267333985,0.01095086857676506,38562
6000,196608000,0.7400284272428742,3.292332077026367,0.46534104347229005,0.011291829496622085,38532
6010,196935680,0.7391438962153765,3.3328243255615235,0.4674384117126465,0.010942964255809784,38511
6020,197263360,0.7382584766918991,3.3396339416503906,0.4813078880310059,0.011001601815223694,38560
6030,197591040,0.7373721728316657,3.331508255004883,0.4739269733428955,0.011011280864477158,38522
6040,197918720,0.7364849887980534,3.387342834472656,0.48364944458007814,0.010914913564920425,38518
6050,198246400,0.7355969287585742,3.377073287963867,0.48046059608459474,0.011084090173244476,38497
6060,198574080,0.7347079968848549,3.3700183868408202,0.47370071411132814,0.01114262342453003,38514
6070,198901760,0.733818197352618,3.2976810455322267,0.4855941295623779,0.011015518754720687,38558
6080,199229440,0.7329275343416618,3.242918014526367,0.4649840831756592,0.011125619709491729,38558
6090,199557120,0.7320360120358402,3.3307586669921876,0.4804840564727783,0.011130332946777344,38557
6100,199884800,0.7311436346230444,3.30694580078125,0.47195138931274416,0.011046444624662399,38533
6110,200212480,0.7302504062951819,3.3823509216308594,0.4709008693695068,0.011060219258069992,38506
6120,200540160,0.7293563312481574,3.2996402740478517,0.4721865177154541,0.010952603816986085,38554
6130,200867840,0.7284614136818531,3.318486785888672,0.4648463249206543,0.011064930260181427,38510
6140,201195520,0.7275656578001092,3.251385498046875,0.46813435554504396,0.011047490686178208,38529
6150,201523200,0.7266690678107032,3.322259521484375,0.47459988594055175,0.01105394884943962,38526
6160,201850880,0.7257716479253312,3.311037063598633,0.4657620429992676,0.011108659952878953,38535
6170,202178560,0.7248734023595879,3.280269241333008,0.48041715621948244,0.011159683763980865,38548
6180,202506240,0.7239743353329462,3.317594528198242,0.4840861797332764,0.011074266582727432,38550
6190,202833920,0.7230744510687378,3.3741222381591798,0.47440648078918457,0.01101066842675209,38534
6200,203161600,0.7221737537941337,3.327816390991211,0.47678823471069337,0.011063184589147568,38567
6210,203489280,0.7212722477401238,3.3440196990966795,0.46739811897277833,0.011043542623519897,38530
6220,203816960,0.7203699371414969,3.3849651336669924,0.4681994915008545,0.01103324443101883,38536
6230,204144640,0.7194668262368217,3.3107059478759764,0.4652146816253662,0.01099836453795433,38551
6240,204472320,0.7185629192684256,3.326389694213867,0.4654983043670654,0.0110042043030262,38549
6250,204800000,0.7176582204823762,3.287148284912109,0.4696662902832031,0.01115066111087799,38547
6260,205127680,0.7167527341284602,3.2828086853027343,0.4746104717254639,0.011119089275598525,38524
6270,205455360,0.715846464460164,3.326944351196289,0.4650081157684326,0.010889191925525666,38533
6280,205783040,0.7149394157346535,3.304024887084961,0.4784125804901123,0.011017099022865295,38554
6290,206110720,0.7140315922127544,3.3242618560791017,0.48893537521362307,0.011060690879821778,38530
6300,206438400,0.7131229981589317,3.332419204711914,0.4951655387878418,0.011036860942840575,38537
6310,206766080,0.7122136378412699,3.2802001953125,0.48201851844787597,0.01119638979434967,38561
6320,207093760,0.7113035155314535,3.3232818603515626,0.4737048625946045,0.011060795187950135,38514
6330,207421440,0.710392635504746,3.3571823120117186,0.4797429084777832,0.010907817631959915,38544
6340,207749120,0.70948100203997,3.3363075256347656,0.4757978916168213,0.011040717363357544,38515
6350,208076800,0.7085686194194882,3.3654151916503907,0.4707046985626221,0.011019454896450042,38517
6360,208404480,0.7076554919291816,3.3134529113769533,0.47550230026245116,0.01105787679553032,38539
6370,208732160,0.7067416238584305,3.305158996582031,0.47608118057250975,0.010975348949432372,38509
6380,209059840,0.7058270195000943,3.3686737060546874,0.47658939361572267,0.010999265313148498,38497
6390,209387520,0.7049116831504906,3.347854232788086,0.49111142158508303,0.011092174798250198,38535
6400,209715200,0.7039956191093758,3.3798492431640623,0.48719325065612795,0.011078215390443801,38525
6410,210042880,0.7030788316799246,3.3702674865722657,0.485109281539917,0.01109132170677185,38502
6420,210370560,0.7021613251687095,3.3383358001708983,0.47863140106201174,0.011144162714481353,38520
6430,210698240,0.7012431038856815,3.3959896087646486,0.47806310653686523,0.011099190264940263,38537
6440,211025920,0.7003241721441484,3.3050533294677735,0.47549047470092776,0.010999809950590134,38569
6450,211353600,0.699404534260756,3.336276626586914,0.4747316360473633,0.010985607653856278,38542
6460,211681280,0.6984841945554667,3.2865230560302736,0.4835770606994629,0.01135563999414444,38523
6470,212008960,0.6975631573515402,3.249736022949219,0.45860905647277833,0.010915704071521759,38568
6480,212336640,0.6966414269755121,3.3136959075927734,0.47026972770690917,0.010999438911676407,38534
6490,212664320,0.6957190077571747,3.3226554870605467,0.4903867721557617,0.01102670505642891,38544
6500,212992000,0.6947959040295556,3.232880783081055,0.4801380157470703,0.011049193888902664,38557
6510,213319680,0.693872120128898,3.338206100463867,0.474608850479126,0.011079574376344681,38513
6520,213647360,0.6929476603946405,3.3310672760009767,0.4929248809814453,0.011017370969057083,38555
6530,213975040,0.6920225291693962,3.3065284729003905,0.4827884674072266,0.011073917150497437,38569
6540,214302720,0.6910967307989323,3.242795944213867,0.47691826820373534,0.011090725660324097,38536
6550,214630400,0.6901702696321502,3.2739734649658203,0.4831082344055176,0.011059842258691787,38548
6560,214958080,0.6892431500210646,3.3112632751464846,0.48265347480773924,0.010938005894422531,38538
6570,215285760,0.6883153763207832,3.407009506225586,0.48822822570800783,0.01109059974551201,38496
6580,215613440,0.6873869528894864,3.2904125213623048,0.4789120197296143,0.011065880209207535,38558
6590,215941120,0.6864578840884065,3.3419574737548827,0.48120851516723634,0.011030413210391998,38508
6600,216268800,0.6855281742818073,3.2958347320556642,0.489734411239624,0.011132506281137466,38539
6610,216596480,0.6845978278369642,3.306248092651367,0.4890104293823242,0.011184436082839967,38510
6620,216924160,0.683666849124143,3.3760475158691405,0.4789405822753906,0.0109242781996727,38525
6630,217251840,0.6827352425165789,3.3086311340332033,0.47822251319885256,0.011019662022590637,38554
6640,217579520,0.6818030123904574,3.3412364959716796,0.48589377403259276,0.011117128282785415,38528
6650,217907200,0.6808701631248927,3.3029232025146484,0.4846691131591797,0.011093756556510926,38556
6660,218234880,0.6799366991019075,3.3158340454101562,0.4847850799560547,0.011086498945951461,38528
6670,218562560,0.6790026247064119,3.3386661529541017,0.5066717147827149,0.011128251254558564,38522
6680,218890240,0.6780679443261837,3.2846202850341797,0.48085951805114746,0.011195017397403717,38531
6690,219217920,0.6771326623518468,3.313680648803711,0.4976029396057129,0.01109834983944893,38532
6700,219545600,0.6761967831768516,3.2951023101806642,0.4737254619598389,0.011132624000310898,38515
6710,219873280,0.6752603111974533,3.2915550231933595,0.47710022926330564,0.010986346751451492,38521
6720,220200960,0.6743232508126922,3.344374084472656,0.4909509658813477,0.011027079075574875,38552
6730,220528640,0.6733856064243724,3.3380855560302733,0.5035337924957275,0.011041119694709778,38559
6740,220856320,0.6724473824370414,3.2166717529296873,0.47205305099487305,0.011122900247573852,38545
6750,221184000,0.6715085832579691,3.275912857055664,0.4784280776977539,0.01109946072101593,38542
6760,221511680,0.6705692132971278,3.290009689331055,0.47848825454711913,0.01110757440328598,38544
6770,221839360,0.6696292769671708,3.2176025390625,0.4751102447509766,0.010983208566904068,38547
6780,222167040,0.6686887786834115,3.3065834045410156,0.4793100357055664,0.011138391494750977,38519
6790,222494720,0.6677477228638038,3.312884521484375,0.48804349899291993,0.01114618256688118,38521
6800,222822400,0.6668061139289202,3.2701251983642576,0.47172136306762696,0.01109120473265648,38526
6810,223150080,0.6658639563019313,3.3087509155273436,0.49675712585449217,0.01111924797296524,38502
6820,223477760,0.6649212544085855,3.3232479095458984,0.4856600284576416,0.010982980579137802,38532
6830,223805440,0.6639780126771876,3.1860544204711916,0.4771438121795654,0.011161868274211884,38563
6840,224133120,0.6630342355385784,3.2832733154296876,0.4766531944274902,0.01098741814494133,38543
6850,224460800,0.6620899274261136,3.2739303588867186,0.47857189178466797,0.01105814278125763,38552
6860,224788480,0.6611450927756435,3.2989547729492186,0.47177605628967284,0.011015687137842178,38514
6870,225116160,0.6601997360254913,3.297201919555664,0.5014661312103271,0.011226405948400497,38541
6880,225443840,0.659253861616433,3.2399658203125,0.4762768268585205,0.01097840741276741,38558
6890,225771520,0.6583074739916764,3.258251953125,0.47844467163085935,0.01097124069929123,38536
6900,226099200,0.65736057759684,3.2946331024169924,0.473694372177124,0.01110164150595665,38548
6910,226426880,0.656413176879932,3.3448150634765623,0.4809407711029053,0.011060084402561187,38531
6920,226754560,0.65546527629133,3.3564384460449217,0.4870618343353271,0.011046841740608215,38517
6930,227082240,0.6545168802837597,3.302996063232422,0.4992216110229492,0.01110510528087616,38536
6940,227409920,0.6535679933122733,3.309158706665039,0.4801056385040283,0.01112353354692459,38537
6950,227737600,0.6526186198342305,3.269976043701172,0.4789605140686035,0.011047311127185822,38521
6960,228065280,0.6516687643092755,3.331917953491211,0.49194889068603515,0.010977528989315033,38510
6970,228392960,0.6507184311993169,3.317186737060547,0.49046854972839354,0.011025741696357727,38511
6980,228720640,0.6497676249685073,3.2618446350097656,0.49059343338012695,0.011194714158773423,38565
6990,229048320,0.648816350083221,3.2727096557617186,0.49161639213562014,0.010955241322517396,38542
7000,229376000,0.6478646110120344,3.2574249267578126,0.4895333766937256,0.011108072102069854,38510
7010,229703680,0.6469124122257043,3.2562679290771483,0.47252812385559084,0.0109453022480011,38514
7020,230031360,0.6459597581971467,3.2717144012451174,0.4817436695098877,0.0110854372382164,38520
7030,230359040,0.6450066534014163,3.1903194427490233,0.46611504554748534,0.011171508580446243,38519
7040,230686720,0.6440531023156852,3.2834846496582033,0.48841586112976076,0.011091876775026321,38504
7050,231014400,0.643099109419222,3.2711090087890624,0.4954735279083252,0.011103152483701705,38560
7060,231342080,0.6421446791933706,3.2495628356933595,0.48660945892333984,0.011039967834949493,38518
7070,231669760,0.6411898161215294,3.267156982421875,0.47631220817565917,0.01100611761212349,38544
7080,231997440,0.6402345246891296,3.248506546020508,0.6243949890136719,0.013520872592926026,38538
7090,232325120,0.6392788093836153,3.23778076171875,0.5137349128723144,0.01132049635052681,38520
7100,232652800,0.6383226746944214,3.211781692504883,0.6261011123657226,0.012991596758365632,38548
7110,232980480,0.6373661251129528,3.207917022705078,0.5041158676147461,0.011078038811683654,38543
7120,233308160,0.6364091651325631,3.20091552734375,0.4844046115875244,0.011116507649421691,38505
7130,233635840,0.6354517992485343,3.316969299316406,0.49727377891540525,0.010996047407388687,38522
7140,233963520,0.6344940319580545,3.272108459472656,0.48807225227355955,0.011009718477725982,38520
7150,234291200,0.6335358677601981,3.2838104248046873,0.4788527488708496,0.011025001108646394,38502
7160,234618880,0.6325773111559034,3.2741268157958983,0.5009592533111572,0.011312457919120788,38484
7170,234946560,0.631618366647952,3.261244201660156,0.47945117950439453,0.011020644009113312,38501
7180,235274240,0.6306590387409481,3.2523170471191407,0.4795346736907959,0.011007026582956315,38516
7190,235601920,0.6296993319412965,3.2672492980957033,0.47946505546569823,0.011126810312271118,38497
7200,235929600,0.6287392507571821,3.2995765686035154,0.47266268730163574,0.0110781691968441,38484
7210,236257280,0.627778799698548,3.23803596496582,0.49643673896789553,0.011127430200576782,38533
7220,236584960,0.6268179832770756,3.2641525268554688,0.48627891540527346,0.01104138121008873,38519
7230,236912640,0.6258568060061616,3.237104797363281,0.5083677768707275,0.011099783331155777,38521
7240,237240320,0.6248952724008985,3.2648887634277344,0.48287396430969237,0.011229917407035828,38520
7250,237568000,0.6239333869780525,3.2712398529052735,0.5021286964416504,0.011093399673700332,38530
7260,237895680,0.6229711542560421,3.237100601196289,0.4809119701385498,0.011084049940109253,38512
7270,238223360,0.6220085787549176,3.2437591552734375,0.4781795978546143,0.010994217544794082,38528
7280,238551040,0.6210456649963396,3.187196731567383,0.48137626647949217,0.01105998009443283,38542
7290,238878720,0.6200824175035572,3.244284439086914,0.48488988876342776,0.011067633330821992,38524
7300,239206400,0.6191188408013876,3.2830753326416016,0.48514251708984374,0.011127784103155135,38507
7310,239534080,0.618154939416194,3.2122726440429688,0.48699259757995605,0.011160326004028321,38586
7320,239861760,0.6171907178758654,3.2250152587890626,0.4754195690155029,0.010974061489105225,38519
7330,240189440,0.6162261807097943,3.278169631958008,0.48901824951171874,0.011100267618894577,38537
7340,240517120,0.615261332448856,3.2750518798828123,0.4860974311828613,0.011038407683372498,38489
7350,240844800,0.6142961776253867,3.2412548065185547,0.47911891937255857,0.011034549027681351,38517
7360,241172480,0.6133307207731634,3.2462509155273436,0.48760228157043456,0.011151757091283798,38506
7370,241500160,0.6123649664273816,3.2404525756835936,0.48864336013793946,0.011112642288208009,38526
7380,241827840,0.6113989191246338,3.2397838592529298,0.4929666519165039,0.01104237586259842,38531
7390,242155520,0.6104325834028894,3.238268280029297,0.4922523021697998,0.01105591356754303,38508
7400,242483200,0.6094659638014722,3.2776012420654297,0.4904775142669678,0.011023059487342834,38496
7410,242810880,0.6084990648610393,3.234619140625,0.47825870513916013,0.011091761291027069,38523
7420,243138560,0.6075318911235607,3.3252235412597657,0.4963999271392822,0.011042798310518265,38529
7430,243466240,0.6065644471322965,3.297715759277344,0.5018791675567627,0.010905131697654724,38544
7440,243793920,0.6055967374317768,3.3268238067626954,0.4883580684661865,0.011103104054927825,38495
7450,244121600,0.6046287665677795,3.2690547943115233,0.4941689491271973,0.011080414801836014,38528
7460,244449280,0.6036605390873098,3.2520885467529297,0.49509425163269044,0.011156748235225677,38492
7470,244776960,0.6026920595385779,3.252512741088867,0.5039372444152832,0.01106465384364128,38512
7480,245104640,0.6017233324709779,3.2496292114257814,0.48859395980834963,0.011096961796283722,38519
7490,245432320,0.6007543624350674,3.182584762573242,0.489886474609375,0.010978107154369355,38519
7500,245760000,0.5997851539825445,3.171898078918457,0.4837945461273193,0.011001628637313843,38549
7510,246087680,0.5988157116662278,3.1980880737304687,0.47931728363037107,0.011058424413204194,38497
7520,246415360,0.5978460400400343,3.200404739379883,0.4879773616790771,0.010990580916404724,38549
7530,246743040,0.5968761436589581,3.2251522064208986,0.49173870086669924,0.011096984893083573,38514
7540,247070720,0.595906027079049,3.284160614013672,0.4916247367858887,0.010935285687446594,38528
7550,247398400,0.5949356948573915,3.2136783599853516,0.49568638801574705,0.011064339429140091,38531
7560,247726080,0.593965151552083,3.240250015258789,0.48885374069213866,0.0110560342669487,38503
7570,248053760,0.5929944017222119,3.1812524795532227,0.4836284160614014,0.011028212308883668,38499
7580,248381440,0.5920234499278374,3.2742950439453127,0.49599270820617675,0.01101846843957901,38500
7590,248709120,0.5910523007299672,3.2298969268798827,0.48090472221374514,0.011070860177278518,38509
7600,249036800,0.5900809586905363,3.2777835845947267,0.4834779739379883,0.01102016270160675,38506
7610,249364480,0.5891094283723856,3.2542274475097654,0.4888636589050293,0.011093302816152572,38509
7620,249692160,0.5881377143392402,3.2865573883056642,0.4909189701080322,0.011155038326978683,38484
7630,250019840,0.5871658211556886,3.320888900756836,0.5006957054138184,0.011007355153560638,38494
7640,250347520,0.5861937533871606,3.2039718627929688,0.4869720458984375,0.01102689579129219,38545
7650,250675200,0.585221515599906,3.2517475128173827,0.5067397117614746,0.011017885804176331,38561
7660,251002880,0.5842491123609734,3.1855554580688477,0.49262800216674807,0.010987117141485214,38547
7670,251330560,0.5832765482381888,3.2807540893554688,0.49962787628173827,0.011115518212318421,38508
7680,251658240,0.5823038278001335,3.2474895477294923,0.5113165378570557,0.011280444264411927,38525
7690,251985920,0.5813309556161232,3.21417236328125,0.4797204494476318,0.011021959781646728,38534
7700,252313600,0.5803579362561871,3.242160415649414,0.4840691566467285,0.011076951026916504,38484
7710,252641280,0.5793847742910447,3.2811328887939455,0.49773778915405276,0.011091899871826173,38502
7720,252968960,0.5784114742920861,3.244760513305664,0.4990708351135254,0.011087475717067719,38523
7730,253296640,0.5774380408313496,3.1632680892944336,0.49465789794921877,0.011156328022480011,38559
7740,253624320,0.5764644784815004,3.2164962768554686,0.5083733081817627,0.011192476749420166,38525
7750,253952000,0.575490791815809,3.2819595336914062,0.5032857418060303,0.01105806529521942,38491
7760,254279680,0.5745169854081302,3.2547630310058593,0.49236173629760743,0.011009836196899414,38523
7770,254607360,0.5735430638328811,3.184597396850586,0.4917562961578369,0.011259949952363967,38512
7780,254935040,0.5725690316650198,3.2105594635009767,0.5022194385528564,0.01112072989344597,38518
7790,255262720,0.571594893480024,3.2322319030761717,0.49525794982910154,0.01127016469836235,38504
7800,255590400,0.5706206538538694,3.252919387817383,0.5032810211181641,0.0110740065574646,38511
7810,255918080,0.5696463173630077,3.2698600769042967,0.5029500484466553,0.011095989495515823,38521
7820,256245760,0.5686718885843468,3.2519962310791017,0.49455747604370115,0.011097179353237152,38528
7830,256573440,0.5676973720952269,3.2317974090576174,0.5177161216735839,0.011252208054065705,38525
7840,256901120,0.5667227724734006,3.236214447021484,0.5058547973632812,0.011059742420911789,38500
7850,257228800,0.5657480942970116,3.268015670776367,0.4963127613067627,0.011062562465667725,38533
7860,257556480,0.5647733421445715,3.2405757904052734,0.48701963424682615,0.011082545667886735,38528
7870,257884160,0.5637985205949405,3.262786865234375,0.5022455215454101,0.011179085820913315,38501
7880,258211840,0.5628236342273044,3.255122756958008,0.49544310569763184,0.011032332479953767,38554
7890,258539520,0.5618486876211529,3.2500186920166017,0.4831051826477051,0.011111969500780106,38492
7900,258867200,0.5608736853562596,3.2465290069580077,0.49487967491149903,0.011153725534677505,38523
7910,259194880,0.5598986320126588,3.231293487548828,0.4936215877532959,0.011093141138553619,38516
7920,259522560,0.5589235321706254,3.1352081298828125,0.4974514961242676,0.011116375029087067,38559
7930,259850240,0.557948390410652,3.2450748443603517,0.5040131092071534,0.011109952628612519,38516
7940,260177920,0.5569732113134289,3.232251739501953,0.4912318229675293,0.011060693114995957,38521
7950,260505600,0.5559979994598211,3.2081432342529297,0.49940786361694334,0.011178871989250183,38502
7960,260833280,0.5550227594308477,3.295765686035156,0.517008924484253,0.011280138045549393,38512
7970,261160960,0.5540474958076603,3.1705581665039064,0.48850398063659667,0.011053086817264557,38553
7980,261488640,0.5530722131715214,3.2222782135009767,0.49474329948425294,0.011140824854373932,38516
7990,261816320,0.5520969161037825,3.2215076446533204,0.5043470382690429,0.011104990541934968,38495
8000,262144000,0.551121609185863,3.260872650146484,0.5041950225830079,0.011200450360774994,38497
8010,262471680,0.5501462969992287,3.1644880294799806,0.48637685775756834,0.011110716313123704,38525
8020,262799360,0.5491709841253699,3.174824523925781,0.49518418312072754,0.011205416917800904,38494
8030,263127040,0.5481956751457805,3.2146984100341798,0.4874890327453613,0.011160393804311752,38483
8040,263454720,0.5472203746419358,3.219678497314453,0.4914118766784668,0.011160629987716674,38532
8050,263782400,0.5462450871952715,3.168073272705078,0.4878182888031006,0.01104867309331894,38519
8060,264110080,0.5452698173871616,3.169150733947754,0.49905877113342284,0.01121893972158432,38506
8070,264437760,0.5442945697988978,3.233327102661133,0.48539414405822756,0.011147922277450562,38498
8080,264765440,0.5433193490116667,3.2375102996826173,0.4918800354003906,0.011107414215803146,38521
8090,265093120,0.5423441596065299,3.2076343536376952,0.5081682682037354,0.0111778162419796,38504
8100,265420800,0.5413690061644008,3.2192920684814452,0.502234697341919,0.01119500920176506,38517
8110,265748480,0.5403938932660243,3.208402633666992,0.5062466144561768,0.011169449239969254,38525
8120,266076160,0.5394188254919544,3.245733642578125,0.493561840057373,0.011022715270519257,38486
8130,266403840,0.538443807422534,3.196213722229004,0.5057301044464111,0.011183132976293563,38522
8140,266731520,0.5374688436378715,3.2038326263427734,0.49489054679870603,0.011108484864234925,38539
8150,267059200,0.5364939387178209,3.245233917236328,0.4899913787841797,0.011137140542268753,38494
8160,267386880,0.5355190972419597,3.1343255996704102,0.48941974639892577,0.01110612004995346,38514
8170,267714560,0.5345443237895667,3.2520843505859376,0.50350980758667,0.01103707030415535,38494
8180,268042240,0.5335696229396024,3.2191547393798827,0.5017141819000244,0.01118006557226181,38511
8190,268369920,0.532594999270685,3.230056381225586,0.5002163410186767,0.011097799241542815,38470
8200,268697600,0.5316204573610711,3.278411865234375,0.501294469833374,0.011141331493854522,38501
8210,269025280,0.5306460017886323,3.2198196411132813,0.5036592483520508,0.011065884679555892,38499
8220,269352960,0.5296716371308356,3.2377471923828125,0.49797830581665037,0.011023116111755372,38499
8230,269680640,0.5286973679647203,3.1886510848999023,0.5058520317077637,0.011187580972909927,38519
8240,270008320,0.5277231988668772,3.209905242919922,0.49678821563720704,0.011086973547935485,38490
8250,270336000,0.5267491344134275,3.1900251388549803,0.5096602439880371,0.011192180216312408,38514
8260,270663680,0.5257751791799999,3.2475345611572264,0.5099565505981445,0.011234674602746964,38499
8270,270991360,0.5248013377417113,3.2054630279541017,0.5053927421569824,0.011163918673992157,38486
8280,271319040,0.523827614673143,3.1449102401733398,0.49835915565490724,0.011069396883249283,38511
8290,271646720,0.5228540145483207,3.1755626678466795,0.49396471977233886,0.011005522310733795,38509
8300,271974400,0.5218805419406926,3.256987380981445,0.49751887321472166,0.011157909035682678,38499
8310,272302080,0.5209072014231075,3.1664289474487304,0.49590163230895995,0.01109391450881958,38550
8320,272629760,0.5199339975677946,3.2435676574707033,0.4977704048156738,0.011007584631443024,38503
8330,272957440,0.51896093494634,3.2424766540527346,0.5034548759460449,0.011054972559213639,38522
8340,273285120,0.5179880181296672,3.2631038665771483,0.5063947200775146,0.011281390488147736,38470
8350,273612800,0.5170152516880143,3.1252771377563477,0.4902822017669678,0.011095591634511948,38543
8360,273940480,0.5160426401909136,3.206951141357422,0.5039089679718017,0.011157625168561936,38500
8370,274268160,0.5150701882071689,3.2361263275146483,0.504627275466919,0.01109982654452324,38492
8380,274595840,0.514097900304835,3.225117492675781,0.4949141025543213,0.011072583496570587,38497
8390,274923520,0.5131257810511961,3.2474559783935546,0.5304327487945557,0.01113453134894371,38514
8400,275251200,0.5121538350127436,3.202716827392578,0.5052769184112549,0.011231209337711334,38475
8410,275578880,0.511182066755156,3.124261665344238,0.48612189292907715,0.011147279292345047,38498
8420,275906560,0.510210480843276,3.208913803100586,0.48834819793701173,0.011051545292139054,38482
8430,276234240,0.5092390818410902,3.1879228591918944,0.4993113994598389,0.011181030422449112,38485
8440,276561920,0.508267874311707,3.1789804458618165,0.4980321884155273,0.01115230768918991,38519
8450,276889600,0.5072968628173354,3.2479598999023436,0.504841661453247,0.011235614866018295,38494
8460,277217280,0.5063260519192636,3.197284126281738,0.5012055397033691,0.011079975217580796,38525
8470,277544960,0.5053554461778373,3.2167922973632814,0.49739856719970704,0.0112114317715168,38480
8480,277872640,0.5043850501524388,3.1640764236450196,0.4951202392578125,0.01116327866911888,38486
8490,278200320,0.5034148684014648,3.2247257232666016,0.5409801006317139,0.011206937581300735,38504
8500,278528000,0.502444905482306,3.196056365966797,0.5121894359588623,0.011302374303340912,38537
8510,278855680,0.5014751659513248,3.1822782516479493,0.5057891368865967,0.011168146133422851,38490
8520,279183360,0.5005056543638344,3.1708797454833983,0.5008185386657715,0.011154384911060333,38501
8530,279511040,0.499536375274077,3.208822250366211,0.5096780300140381,0.011189986765384675,38482
8540,279838720,0.4985673332352031,3.1546537399291994,0.5004857063293457,0.011372062563896179,38484
8550,280166400,0.49759853279924915,3.1896318435668944,0.4930858612060547,0.011053454130887985,38514
8560,280494080,0.4966299785171171,3.1954877853393553,0.5057678699493409,0.011110278964042663,38511
8570,280821760,0.4956616749385523,3.1663978576660154,0.5142035007476806,0.011131802201271057,38510
8580,281149440,0.49469362661212246,3.243347930908203,0.5005470752716065,0.010953733325004577,38521
8590,281477120,0.49372583808519666,3.2527626037597654,0.4948739051818848,0.011078638583421707,38462
8600,281804800,0.4927583139039229,3.200727844238281,0.4923086643218994,0.011216336488723755,38491
8610,282132480,0.49179105861320815,3.1681964874267576,0.5048861980438233,0.011133021116256714,38496
8620,282460160,0.4908240767566955,3.2191398620605467,0.5136184692382812,0.011172875016927718,38475
8630,282787840,0.48985737287674447,3.190482330322266,0.5066788673400879,0.01129969283938408,38466
8640,283115520,0.4888909515144081,3.2104625701904297,0.5084312915802002,0.011145126819610596,38494
8650,283443200,0.4879248172094126,3.175235939025879,0.5031636714935303,0.011054465174674987,38518
8660,283770880,0.4869589745001358,3.2330413818359376,0.5237665176391602,0.011165963858366013,38513
8670,284098560,0.48599342792358535,3.1995315551757812,0.5214666366577149,0.011256739497184753,38525
8680,284426240,0.48502818201537845,3.1853050231933593,0.49761309623718264,0.01115943193435669,38510
8690,284753920,0.48406324130971956,3.1841217041015626,0.49959383010864256,0.011162542551755906,38500
8700,285081600,0.4830986103393794,3.1773056030273437,0.5046301364898682,0.011094604432582856,38482
8710,285409280,0.4821342936356737,3.2337871551513673,0.5034318447113038,0.011105198413133621,38489
8720,285736960,0.4811702957284427,3.227751922607422,0.5077205657958984,0.011226673424243928,38479
8730,286064640,0.48020662114602786,3.1741928100585937,0.5046016693115234,0.01126127615571022,38487
8740,286392320,0.4792432744152527,3.2126163482666015,0.4963096618652344,0.011164590716362,38495
8750,286720000,0.47828026006140056,3.2164329528808593,0.5076691150665283,0.011222784221172333,38497
8760,287047680,0.477317582608193,3.121743392944336,0.4938666820526123,0.011154607683420182,38528
8770,287375360,0.4763552465777695,3.2006011962890626,0.5101279735565185,0.011121056973934174,38499
8780,287703040,0.47539325649066544,3.1385231018066406,0.5083047389984131,0.011176590621471406,38524
8790,288030720,0.4744316168657915,3.182695198059082,0.5117008686065674,0.011193288862705231,38486
8800,288358400,0.47347033222041146,3.173371696472168,0.5015764236450195,0.011212924867868424,38515
8810,288686080,0.47250940707012234,3.1662925720214843,0.49793334007263185,0.011314716190099716,38514
8820,289013760,0.47154884592883173,3.142176628112793,0.5050383090972901,0.011219071596860886,38510
8830,289341440,0.4705886533087379,3.2175907135009765,0.504356575012207,0.011181221157312394,38495
8840,289669120,0.4696288337203076,3.1483505249023436,0.49883198738098145,0.011150764673948288,38527
8850,289996800,0.4686693916722554,3.1600677490234377,0.49846606254577636,0.011208383738994599,38465
8860,290324480,0.46771033167152265,3.1585126876831056,0.5151904582977295,0.01135164126753807,38508
8870,290652160,0.4667516582232554,3.222891616821289,0.5002442359924316,0.011186487972736359,38459
8880,290979840,0.46579337583078473,3.1673959732055663,0.5013039112091064,0.011157339066267013,38492
8890,291307520,0.4648354889956039,3.204464340209961,0.5116308689117431,0.011237725615501404,38495
8900,291635200,0.4638780022173489,3.1511867523193358,0.4994790077209473,0.011055858433246612,38503
8910,291962880,0.4629209199937757,3.176708984375,0.5149873733520508,0.011180592328310012,38501
8920,292290560,0.46196424682074044,3.1760818481445314,0.5043837547302246,0.011321189254522324,38501
8930,292618240,0.4610079871921775,3.121339797973633,0.5142227649688721,0.01126793548464775,38520
8940,292945920,0.4600521456000787,3.17388801574707,0.519521951675415,0.011224426329135895,38506
8950,293273600,0.4590967265344721,3.198877716064453,0.5076170444488526,0.011157743632793427,38493
8960,293601280,0.4581417344834009,3.1295024871826174,0.5172296524047851,0.011328669637441635,38492
8970,293928960,0.45718717393290287,3.1622438430786133,0.5134403705596924,0.011288897693157196,38494
8980,294256640,0.45623304936698816,3.1623077392578125,0.5125723838806152,0.01107621267437935,38472
8990,294584320,0.4552793652676195,3.161162185668945,0.5152404308319092,0.011257249861955643,38485
9000,294912000,0.4543261261146899,3.1672590255737303,0.49403629302978513,0.01115080714225769,38479
9010,295239680,0.45337333638600297,3.234589385986328,0.5064798355102539,0.011197810620069503,38507
9020,295567360,0.45242100055725065,3.22052116394043,0.5126950740814209,0.01120602861046791,38497
9030,295895040,0.45146912310199294,3.21715087890625,0.5235818862915039,0.011189810931682587,38512
9040,296222720,0.4505177084916365,3.1868133544921875,0.5079976558685303,0.011214174330234528,38487
9050,296550400,0.44956676119541383,3.245709228515625,0.5261168003082275,0.011308637261390687,38485
9060,296878080,0.4486162856803626,3.1987966537475585,0.5066587448120117,0.011122658848762512,38515
9070,297205760,0.44766628641130346,3.1489402770996096,0.5040832996368408,0.011214005947113036,38522
9080,297533440,0.4467167678508208,3.1209930419921874,0.5038229465484619,0.011374954879283906,38487
9090,297861120,0.44576773445924056,3.1702033996582033,0.5002389907836914,0.011282694339752198,38480
9100,298188800,0.4448191906946096,3.226047897338867,0.5222324371337891,0.011272287368774414,38505
9110,298516480,0.44387114101267466,3.150516700744629,0.4997112274169922,0.011068570613861083,38515
9120,298844160,0.44292358986686153,3.1341421127319338,0.49967613220214846,0.01109648123383522,38513
9130,299171840,0.4419765417082546,3.142018699645996,0.5024281024932862,0.011248508095741272,38515
9140,299499520,0.4410300009855749,3.1420671463012697,0.5005599021911621,0.011160963028669358,38506
9150,299827200,0.4400839721451604,3.140323257446289,0.5008697509765625,0.011223167926073075,38495
9160,300154880,0.43913845963094367,3.18691349029541,0.5038658618927002,0.01125197634100914,38504
9170,300482560,0.4381934678844329,3.1592041015625,0.5091205596923828,0.011277683824300767,38511
9180,300810240,0.43724900134468936,3.179581069946289,0.519100570678711,0.01115676537156105,38513
9190,301137920,0.4363050644483073,3.1645273208618163,0.5052175998687745,0.011210915446281434,38490
9200,301465600,0.4353616616293928,3.2440128326416016,0.5168997287750244,0.011294685304164886,38486
9210,301793280,0.4344187973195436,3.225973129272461,0.516310453414917,0.011193756014108658,38466
9220,302120960,0.43347647594782734,3.130153274536133,0.49973068237304685,0.011313685774803161,38488
9230,302448640,0.4325347019407614,3.2208057403564454,0.5036665439605713,0.011263920366764069,38505
9240,302776320,0.43159347972229234,3.173871612548828,0.5042858600616456,0.01112862303853035,38490
9250,303104000,0.43065281371377384,3.182334327697754,0.4996669769287109,0.011157819628715515,38508
9260,303431680,0.4297127083339477,3.164003372192383,0.5144331455230713,0.011422812193632125,38515
9270,303759360,0.4287731679989216,3.188081741333008,0.5188452243804932,0.011243156343698501,38495
9280,304087040,0.4278341971221492,3.1323265075683593,0.5106614589691162,0.011249151825904847,38502
9290,304414720,0.4268958001144092,3.1913928985595703,0.5048524856567382,0.011277095973491668,38493
9300,304742400,0.42595798138378416,3.188581657409668,0.5030571460723877,0.011262869834899903,38499
9310,305070080,0.4250207453356408,3.1963985443115233,0.5144765377044678,0.011324635148048401,38490
9320,305397760,0.42408409637260824,3.2166725158691407,0.5197486400604248,0.01127612441778183,38486
9330,305725440,0.4231480388945583,3.1801498413085936,0.5103270530700683,0.011245407164096832,38511
9340,306053120,0.4222125772985835,3.1903175354003905,0.5098393440246582,0.011232706159353257,38521
9350,306380800,0.42127771597897823,3.1249181747436525,0.49897031784057616,0.011139289289712907,38534
9360,306708480,0.4203434593272163,3.202195739746094,0.5130684852600098,0.011196697503328324,38512
9370,307036160,0.4194098117319315,3.166393280029297,0.5117031097412109,0.011296576261520386,38488
9380,307363840,0.41847677757889645,3.1716802597045897,0.5160717487335205,0.011249411106109618,38496
9390,307691520,0.41754436125100236,3.2045318603515627,0.511133861541748,0.011238805204629897,38495
9400,308019200,0.416612567128238,3.150160026550293,0.5031816959381104,0.011161563545465469,38504
9410,308346880,0.41568139958766936,3.0980310440063477,0.5099348068237305,0.01127908080816269,38526
9420,308674560,0.41475086300341946,3.1422277450561524,0.5087924003601074,0.011356408149003983,38508
9430,309002240,0.41382096174664673,3.1286617279052735,0.5091380596160888,0.01129763275384903,38480
9440,309329920,0.412891700185526,3.206372833251953,0.5112390995025635,0.011331026256084443,38472
9450,309657600,0.4119630826852264,3.1316524505615235,0.4993077278137207,0.011209187656641006,38502
9460,309985280,0.41103511360789224,3.1810482025146483,0.511818265914917,0.011237173527479171,38490
9470,310312960,0.4101077973126215,3.180425834655762,0.5041242599487304,0.01118786185979843,38488
9480,310640640,0.40918113815544555,3.095563507080078,0.506858491897583,0.011268092691898346,38528
9490,310968320,0.40825514048930955,3.129815864562988,0.5010728359222412,0.011292843520641327,38485
9500,311296000,0.4073298086640508,3.163511848449707,0.5170501708984375,0.011243504285812379,38498
9510,311623680,0.4064051470263791,3.136931610107422,0.5094494819641113,0.01131143718957901,38489
9520,311951360,0.40548115991985556,3.226652908325195,0.5252046585083008,0.011178195476531982,38496
9530,312279040,0.4045578516848737,3.121554374694824,0.5297444343566895,0.011284644901752471,38491
9540,312606720,0.40363522665863694,3.167521286010742,0.5165571212768555,0.011352363228797912,38496
9550,312934400,0.4027132891751404,3.1832612991333007,0.5230374813079834,0.011286454647779465,38517
9560,313262080,0.40179204356514864,3.150620460510254,0.5192286968231201,0.011190566420555114,38490
9570,313589760,0.4008714941561764,3.1102256774902344,0.5036293506622315,0.011240086704492568,38476
9580,313917440,0.3999516452724685,3.1198497772216798,0.49907727241516114,0.011258851736783981,38491
9590,314245120,0.39903250123497847,3.1153692245483398,0.49333863258361815,0.011193190515041352,38501
9600,314572800,0.3981140663613494,3.1838619232177736,0.5228939056396484,0.011151457577943802,38500
9610,314900480,0.3971963449658923,3.2013050079345704,0.5194919109344482,0.011205320060253144,38502
9620,315228160,0.39627934135956777,3.1308053970336913,0.4999739170074463,0.011007924377918244,38511
9630,315555840,0.3953630598499638,3.1845670700073243,0.5112855911254883,0.011335218697786332,38471
9640,315883520,0.3944475047412763,3.1865056991577148,0.5161930561065674,0.011282247304916383,38474
9650,316211200,0.3935326803342897,3.1964378356933594,0.52426118850708,0.011291686445474625,38489
9660,316538880,0.3926185909263551,3.2308372497558593,0.5135246753692627,0.011265470832586288,38434
9670,316866560,0.3917052408113716,3.1641931533813477,0.5223930835723877,0.011355031281709671,38470
9680,317194240,0.39079263427976507,3.154678726196289,0.5107898712158203,0.011191742122173309,38459
9690,317521920,0.389880775618469,3.1646373748779295,0.5273352146148682,0.011142729222774506,38516
9700,317849600,0.388969669110903,3.1606639862060546,0.5105681896209717,0.011228837072849274,38487
9710,318177280,0.38805931903695423,3.17191219329834,0.5211011886596679,0.011386199295520783,38504
9720,318504960,0.38714972967295613,3.121655082702637,0.5116317272186279,0.01119721457362175,38467
9730,318832640,0.38624090529166855,3.11535758972168,0.51235990524292,0.011247237026691437,38513
9740,319160320,0.3853328501622585,3.1223405838012694,0.5144819736480712,0.011319082230329514,38481
9750,319488000,0.38442556855027865,3.205771255493164,0.53095703125,0.01135101169347763,38509
9760,319815680,0.38351906471764896,3.1608983993530275,0.5338239669799805,0.011396311968564988,38495
9770,320143360,0.3826133429226348,3.1760854721069336,0.5277093410491943,0.01125316247344017,38473
9780,320471040,0.38170840741982925,3.174580192565918,0.5201673030853271,0.011211514472961426,38481
9790,320798720,0.38080426246013044,3.1355466842651367,0.5154975414276123,0.011247795820236207,38495
9800,321126400,0.379900912290724,3.0805055618286135,0.4996995449066162,0.011381489783525467,38479
9810,321454080,0.3789983611550616,3.162933349609375,0.5139394283294678,0.01122618094086647,38489
9820,321781760,0.3780966132928413,3.1724361419677733,0.5174709796905518,0.011221110820770264,38495
9830,322109440,0.37719567293998824,3.1637752532958983,0.507413101196289,0.011322534829378127,38488
9840,322437120,0.3762955443286341,3.129025459289551,0.5149353504180908,0.011244193464517594,38507
9850,322764800,0.37539623168709757,3.2237987518310547,0.5197760581970214,0.011384435743093491,38454
9860,323092480,0.37449773923986396,3.0929393768310547,0.5103802680969238,0.011347759515047073,38521
9870,323420160,0.37360007120756655,3.177706718444824,0.5210697174072265,0.01126609742641449,38471
9880,323747840,0.37270323180696474,3.147097587585449,0.5136185646057129,0.011197800189256668,38481
9890,324075520,0.3718072252509268,3.105284309387207,0.5129559516906739,0.011348540335893631,38491
9900,324403200,0.370912055748408,3.1659172058105467,0.5152600288391114,0.011298714578151703,38487
9910,324730880,0.3700177275044315,3.163760948181152,0.5177350997924804,0.011223760992288589,38509
9920,325058560,0.369124244720069,3.1102472305297852,0.508665943145752,0.011354117095470429,38485
9930,325386240,0.36823161159242057,3.124551773071289,0.5132972240447998,0.011309842765331268,38497
9940,325713920,0.3673398323145951,3.147795295715332,0.5007146835327149,0.011229214072227479,38501
9950,326041600,0.36644891107569044,3.172184371948242,0.5111778736114502,0.011301182955503464,38498
9960,326369280,0.3655588520607741,3.1549095153808593,0.5157212257385254,0.011438919603824616,38492
9970,326696960,0.3646696594508628,3.1980567932128907,0.5132771492004394,0.011225041002035141,38492
9980,327024640,0.3637813374229041,3.141317367553711,0.5125403881072998,0.0113179974257946,38495
9990,327352320,0.36289389014975526,3.102273368835449,0.5228105545043945,0.011379927396774292,38484
10000,327680000,0.3620073218001649,3.1371633529663088,0.5237589836120605,0.011144531518220901,38497
10010,328007680,0.3611216365387533,3.190730667114258,0.5323806285858155,0.011246564239263535,38494
10020,328335360,0.360236838525991,3.1464405059814453,0.5381217479705811,0.011281852424144746,38512
10030,328663040,0.3593529319181825,3.178830146789551,0.518817663192749,0.011347877979278564,38478
10040,328990720,0.35846992086744367,3.126146697998047,0.508091926574707,0.011197871714830398,38500
10050,329318400,0.35758780952168456,3.1634248733520507,0.5373863697052002,0.011436701565980912,38497
10060,329646080,0.3567066020245879,3.1057220458984376,0.5111066341400147,0.01131874993443489,38508
10070,329973760,0.35582630251559155,3.1338701248168945,0.5133506774902343,0.011322318762540817,38504
10080,330301440,0.3549469151298672,3.0772798538208006,0.5071747303009033,0.011326584964990616,38502
10090,330629120,0.3540684439983024,3.121790313720703,0.5187141418457031,0.011504359543323517,38498
10100,330956800,0.3531908932474809,3.1620765686035157,0.5237521648406982,0.011256285756826401,38512
10110,331284480,0.3523142669996624,3.163134002685547,0.5253736019134522,0.011405403912067413,38459
10120,331612160,0.3514385693727643,3.156765365600586,0.5255496025085449,0.011272633075714111,38493
10130,331939840,0.3505638044803414,3.140397644042969,0.5193588733673096,0.011254167556762696,38510
10140,332267520,0.3496899764315674,3.1786430358886717,0.5303287982940674,0.011381711810827255,38488
10150,332595200,0.3488170893312148,3.0966461181640623,0.5179705142974853,0.01144605055451393,38487
10160,332922880,0.34794514727963644,3.075606918334961,0.5126580238342285,0.011251658201217651,38505
10170,333250560,0.3470741543727457,3.1249584197998046,0.5264336585998535,0.011355336010456085,38501
10180,333578240,0.346204114701997,3.0886772155761717,0.5200086116790772,0.011295287311077118,38522
10190,333905920,0.345335032354368,3.166356658935547,0.528908634185791,0.011387579888105393,38475
10200,334233600,0.34446691141233793,3.1045454025268553,0.5132378101348877,0.011489388346672059,38483
10210,334561280,0.34359975595387116,3.052353096008301,0.5093164443969727,0.011246357858181,38512
10220,334888960,0.3427335700523958,3.160261535644531,0.5185709476470948,0.011369237303733825,38493
10230,335216640,0.3418683577767862,3.1855308532714846,0.5232442378997803,0.01133551076054573,38480
10240,335544320,0.34100412319134277,3.1459716796875,0.5370746612548828,0.01119554340839386,38529
10250,335872000,0.34014087035577323,3.1675189971923827,0.5385669231414795,0.011472047120332719,38475
10260,336199680,0.33927860332517384,3.1932985305786135,0.52510986328125,0.01129823997616768,38486
10270,336527360,0.3384173261500096,3.0716716766357424,0.5189501762390136,0.011211536079645156,38538
10280,336855040,0.33755704287609634,3.1361410140991213,0.5210340976715088,0.01129239946603775,38516
10290,337182720,0.3366977575445804,3.1301267623901365,0.5164875507354736,0.011338046938180923,38486
10300,337510400,0.3358394741919212,3.1107046127319338,0.5072609424591065,0.011230189353227615,38488
10310,337838080,0.33498219684987046,3.2171817779541017,0.519734001159668,0.011374950408935547,38474
10320,338165760,0.3341259295454547,3.182162857055664,0.5191130638122559,0.011248332262039185,38466
10330,338493440,0.33327067630095575,3.192025566101074,0.5337169170379639,0.011450691521167755,38482
10340,338821120,0.3324164411338921,3.128220558166504,0.517499589920044,0.011194389313459396,38512
10350,339148800,0.33156322805699956,3.112929344177246,0.5117441177368164,0.011365800350904464,38524
10360,339476480,0.3307110410782127,3.1225330352783205,0.5150209903717041,0.011338505893945694,38473
10370,339804160,0.32985988420064666,3.1696414947509766,0.5184992790222168,0.011290247738361358,38470
10380,340131840,0.3290097614225766,3.091199493408203,0.5086433410644531,0.011425396800041199,38476
10390,340459520,0.3281606767374211,3.1367238998413085,0.5223569393157959,0.011440318077802658,38495
10400,340787200,0.3273126341337218,3.1647722244262697,0.5178562641143799,0.011289305239915847,38492
10410,341114880,0.3264656375951254,3.072469139099121,0.5142091751098633,0.011430113017559052,38502
10420,341442560,0.3256196911003647,3.074454498291016,0.5262115478515625,0.011419829726219178,38505
10430,341770240,0.3247747986232399,3.1160041809082033,0.5279664039611817,0.011338166892528534,38517
10440,342097920,0.3239309641325999,3.1573202133178713,0.5217507362365723,0.011417710036039353,38499
10450,342425600,0.3230881915923239,3.1334991455078125,0.5233380317687988,0.011392614990472793,38502
10460,342753280,0.32224648496130276,3.1694692611694335,0.5343357563018799,0.011469164490699768,38500
10470,343080960,0.32140584819341994,3.1355026245117186,0.5306096076965332,0.011431734263896941,38505
10480,343408640,0.3205662852375337,3.1293720245361327,0.522812795639038,0.011435161530971526,38477
10490,343736320,0.3197278000374577,3.097493362426758,0.5213568210601807,0.011373591423034669,38490
10500,344064000,0.31889039653194307,3.0803308486938477,0.5343693733215332,0.011421193182468415,38520
10510,344391680,0.31805407865465946,3.0885711669921876,0.5160377502441407,0.011333662271499633,38534
10520,344719360,0.31721885033417746,3.113665771484375,0.5148488998413085,0.01132085844874382,38505
10530,345047040,0.3163847154939489,3.1187204360961913,0.5285263061523438,0.011492136120796203,38504
10540,345374720,0.3155516780522891,3.158751678466797,0.5275309562683106,0.011290360242128372,38512
10550,345702400,0.31471974192235896,3.075970458984375,0.5191450119018555,0.011283165216445923,38509
10560,346030080,0.313888911012145,3.181228256225586,0.5186603546142579,0.011294177919626235,38477
10570,346357760,0.3130591892244431,3.1302978515625,0.5179285049438477,0.01135248988866806,38470
10580,346685440,0.31223058045683816,3.1465776443481444,0.5316034317016601,0.011282135546207429,38483
10590,347013120,0.3114030886016875,3.12811164855957,0.5183721542358398,0.011408072710037232,38463
10600,347340800,0.31057671754610106,3.102513885498047,0.5191078662872315,0.01136140525341034,38480
10610,347668480,0.30975147117192475,3.0474626541137697,0.5143942832946777,0.011370962113142013,38486
10620,347996160,0.3089273533557203,3.1877185821533205,0.518511152267456,0.011341524124145509,38464
10630,348323840,0.3081043679687486,3.1280872344970705,0.51024169921875,0.011335204541683196,38479
10640,348651520,0.30728251887695135,3.161983680725098,0.5367753028869628,0.011309772729873657,38501
10650,348979200,0.30646180994093186,3.1030622482299806,0.5242103576660156,0.011408107727766037,38487
10660,349306880,0.3056422450159381,3.084168815612793,0.5110642910003662,0.011273892223834991,38468
10670,349634560,0.30482382795184393,3.0698047637939454,0.5135655879974366,0.011355580389499664,38486
10680,349962240,0.3040065625931312,3.152659034729004,0.5194016456604004,0.01138777807354927,38459
10690,350289920,0.30319045277887136,3.0826223373413084,0.5247828960418701,0.011571268737316131,38491
10700,350617600,0.3023755023427084,3.096043014526367,0.5168144226074218,0.011328575760126114,38507
10710,350945280,0.3015617151128396,3.1586585998535157,0.5418163299560547,0.011673122644424438,38466
10720,351272960,0.3007490949119982,3.119150924682617,0.5272582054138184,0.011343339085578918,38477
10730,351600640,0.2999376455574358,3.1569982528686524,0.5188071250915527,0.011307012289762497,38452
10740,351928320,0.29912737086090346,3.180369758605957,0.5269132614135742,0.01137579083442688,38460
10750,352256000,0.2983182746286347,3.131085205078125,0.5175628662109375,0.01142740473151207,38450
10760,352583680,0.29751036066132674,3.1081607818603514,0.5284697055816651,0.011489554494619369,38468
10770,352911360,0.29670363275412404,3.1443201065063477,0.5330903053283691,0.01125893071293831,38486
10780,353239040,0.2958980946965986,3.0758317947387694,0.5147790908813477,0.011285652220249177,38504
10790,353566720,0.2950937502727342,3.0691736221313475,0.5073292255401611,0.01138455718755722,38456
10800,353894400,0.2942906032609065,3.138503074645996,0.5317983627319336,0.011499039828777313,38466
10810,354222080,0.29348865743386676,3.086529350280762,0.5219990253448487,0.011371313035488129,38451
10820,354549760,0.2926879165587243,3.0671972274780273,0.5079710960388184,0.011425528675317764,38482
10830,354877440,0.2918883843969272,3.0975265502929688,0.5251081466674805,0.011344142258167267,38503
10840,355205120,0.2910900647042468,3.1295888900756834,0.526695728302002,0.011449756473302842,38483
10850,355532800,0.29029296123075793,3.1497734069824217,0.5355597496032715,0.01151537224650383,38464
10860,355860480,0.2894970777208227,3.0899181365966797,0.5186561584472656,0.011342228949069976,38485
10870,356188160,0.2887024179130724,3.0945598602294924,0.5206060409545898,0.011494971066713332,38505
10880,356515840,0.28790898554039035,3.154298782348633,0.5184261322021484,0.011328916996717453,38467
10890,356843520,0.2871167843298935,3.1195844650268554,0.5220895767211914,0.011499067395925522,38443
10900,357171200,0.28632581800291573,3.1451383590698243,0.5295808792114258,0.011380164325237275,38490
10910,357498880,0.2855360902749904,3.0972034454345705,0.5193726062774658,0.011526386439800262,38464
10920,357826560,0.2847476048558321,3.0996591567993166,0.5199477672576904,0.011473719775676728,38469
10930,358154240,0.2839603654493199,3.1039030075073244,0.5234306812286377,0.01144476979970932,38483
10940,358481920,0.2831743757534798,3.141775131225586,0.5209733009338379,0.011362752318382264,38473
10950,358809600,0.2823896394604675,3.0818975448608397,0.5297747135162354,0.011300996690988541,38506
10960,359137280,0.2816061602565507,3.152415657043457,0.5313911437988281,0.01155523732304573,38481
10970,359464960,0.2808239418220919,3.133224296569824,0.5294198989868164,0.011499760299921035,38481
10980,359792640,0.2800429878315313,3.1350114822387694,0.5198379516601562,0.01146596148610115,38475
10990,360120320,0.27926330195336935,3.146403503417969,0.5324548721313477,0.011436332762241364,38490
11000,360448000,0.2784848878501499,3.132988929748535,0.5186097621917725,0.011466634273529053,38463
11010,360775680,0.2777077491784421,3.1470470428466797,0.5198538780212403,0.011371706426143647,38481
11020,361103360,0.27693188958882464,3.101480484008789,0.5257305145263672,0.011294537782669067,38519
11030,361431040,0.27615731272586685,3.0669755935668945,0.5076242923736572,0.011384600400924682,38479
11040,361758720,0.2753840222281132,3.1217700958251955,0.5157941341400146,0.01138700097799301,38478
11050,362086400,0.27461202172806515,3.145863342285156,0.5326811313629151,0.011443647742271423,38490
11060,362414080,0.27384131485216434,3.042227935791016,0.5166184902191162,0.01146167293190956,38479
11070,362741760,0.27307190522077623,3.1071455001831056,0.5276249885559082,0.011506197601556778,38472
11080,363069440,0.2723037964481719,3.0888628005981444,0.5186495780944824,0.011427351087331773,38499
11090,363397120,0.27153699214251215,3.147231674194336,0.5205646514892578,0.011438818275928497,38473
11100,363724800,0.27077149590582994,3.1024169921875,0.5160551548004151,0.011436321586370469,38464
11110,364052480,0.27000731133401334,3.112330436706543,0.5162747859954834,0.011394226551055908,38442
11120,364380160,0.2692444420167893,3.1462331771850587,0.5212404251098632,0.011376631259918214,38496
11130,364707840,0.26848289153770644,3.1269330978393555,0.5328751087188721,0.011421038210391999,38466
11140,365035520,0.267722663474118,3.1079410552978515,0.5304144382476806,0.011448685079813004,38480
11150,365363200,0.2669637613971651,3.1142141342163088,0.521272087097168,0.011426816880702972,38462
11160,365690880,0.2662061888717604,3.1218130111694338,0.5274899005889893,0.011491392552852631,38491
11170,366018560,0.26544994945657074,3.1533918380737305,0.5323080539703369,0.011382813006639481,38492
11180,366346240,0.2646950467040012,3.1331560134887697,0.5309509754180908,0.011476091295480727,38472
11190,366673920,0.26394148416017726,3.0904825210571287,0.5179590702056884,0.011495675891637802,38471
11200,367001600,0.2631892653649296,3.118764305114746,0.5167335510253906,0.011473149061203003,38483
11210,367329280,0.26243839385177614,3.104959487915039,0.5201372146606446,0.011515038460493088,38448
11220,367656960,0.261688873147906,3.061883544921875,0.5374804019927979,0.011421865224838257,38516
11230,367984640,0.2609407067741632,3.086212921142578,0.5423357963562012,0.011572404950857162,38518
11240,368312320,0.2601938982450296,3.076161575317383,0.5293268680572509,0.011532451957464218,38503
11250,368640000,0.2594484510686089,3.0810317993164062,0.5326898097991943,0.011451947689056396,38480
11260,368967680,0.2587043687466096,3.0863332748413086,0.5180041313171386,0.011431565135717392,38472
11270,369295360,0.2579616547743293,3.1237239837646484,0.5164013862609863,0.011422502994537353,38454
11280,369623040,0.2572203126406374,3.0803287506103514,0.5220248699188232,0.011490248888731004,38474
11290,369950720,0.25648034582795914,3.116943359375,0.5254392147064209,0.011450333893299103,38435
11300,370278400,0.2557417578122594,3.085842323303223,0.5180380821228028,0.011364910006523132,38482
11310,370606080,0.2550045520630264,3.113140678405762,0.5174032211303711,0.011462046205997467,38482
11320,370933760,0.25426873204325495,3.053377151489258,0.5282508850097656,0.011516420543193817,38513
11330,371261440,0.2535343012094305,3.0515369415283202,0.5267659187316894,0.011427762359380722,38502
11340,371589120,0.25280126301151284,3.1116987228393556,0.5293731689453125,0.011473117023706436,38480
11350,371916800,0.25206962089291973,3.124644660949707,0.5279758453369141,0.011525654792785644,38481
11360,372244480,0.2513393782905116,3.0753259658813477,0.5292035102844238,0.011416707187891006,38469
11370,372572160,0.25061053863457383,3.1065853118896483,0.5281721591949463,0.011413756012916564,38471
11380,372899840,0.24988310534880215,3.1185699462890626,0.5283981800079346,0.011454162001609803,38479
11390,373227520,0.24915708185028554,3.0802078247070312,0.5251045227050781,0.011495009064674377,38460
11400,373555200,0.2484324715494908,3.0854110717773438,0.5296471118927002,0.011468679457902909,38468
11410,373882880,0.24770927785024613,3.0253625869750977,0.5128984928131104,0.011392797529697418,38492
11420,374210560,0.24698750414972515,3.033614730834961,0.5193395614624023,0.011390775442123413,38478
11430,374538240,0.2462671538384317,3.110452651977539,0.5298998355865479,0.011479918658733369,38461
11440,374865920,0.24554823030018252,3.0663604736328125,0.5358411788940429,0.011683298647403717,38469
11450,375193600,0.24483073691209287,3.090226936340332,0.5304735183715821,0.011525629460811615,38465
11460,375521280,0.24411467704455944,3.1032291412353517,0.5263203620910645,0.011475921422243119,38466
11470,375848960,0.24340005406124518,3.070265007019043,0.5189786911010742,0.011519348621368409,38466
11480,376176640,0.24268687131906316,3.108871650695801,0.5157067775726318,0.011499758064746856,38478
11490,376504320,0.24197513216816144,3.1408191680908204,0.5322332859039307,0.011482042074203492,38501
11500,376832000,0.24126483995190637,3.069610595703125,0.5247756958007812,0.011574450135231017,38466
11510,377159680,0.24055599800686764,3.117034339904785,0.527950668334961,0.011495976895093917,38438
11520,377487360,0.23984860966280222,3.0421802520751955,0.5294028759002686,0.011565527319908142,38514
11530,377815040,0.2391426782426388,3.049245262145996,0.52527756690979,0.011472522467374801,38471
11540,378142720,0.2384382070624626,3.121690559387207,0.5427172183990479,0.011566373705863952,38479
11550,378470400,0.23773519943149887,3.1167972564697264,0.523926830291748,0.011511607468128205,38495
11560,378798080,0.23703365865209847,3.1025712966918944,0.5287915229797363,0.011467637121677398,38476
11570,379125760,0.23633358801972137,3.0618154525756838,0.5312998294830322,0.011528173834085465,38502
11580,379453440,0.2356349908229217,3.056117820739746,0.5206919193267823,0.011399133503437043,38504
11590,379781120,0.23493787034333216,3.165768623352051,0.5388988494873047,0.011550922691822053,38449
11600,380108800,0.23424222985564858,3.055531883239746,0.5193410873413086,0.01143113374710083,38500
11610,380436480,0.23354807262761487,3.100704002380371,0.5180236339569092,0.011473456025123596,38465
11620,380764160,0.232855401920007,3.063746452331543,0.5170500755310059,0.011449392884969711,38461
11630,381091840,0.2321642209866184,3.0949201583862305,0.529477596282959,0.011529438197612762,38484
11640,381419520,0.23147453307424415,3.0800010681152346,0.5255448818206787,0.011442129313945771,38494
11650,381747200,0.230786341422666,3.087416076660156,0.5288906574249268,0.01158900111913681,38498
11660,382074880,0.2300996492646368,3.0831361770629884,0.555007028579712,0.01166194975376129,38481
11670,382402560,0.2294144598258662,3.116606521606445,0.5482494354248046,0.011402565985918045,38498
11680,382730240,0.2287307763250043,3.1629497528076174,0.5420917987823486,0.011742665618658065,38468
11690,383057920,0.2280486019736274,3.098861885070801,0.5205749034881592,0.011481295526027679,38484
11700,383385600,0.22736793997622248,3.0914878845214844,0.5221454620361328,0.011540476977825165,38493
11710,383713280,0.2266887935301724,3.022535705566406,0.5153548240661621,0.011562950909137726,38495
11720,384040960,0.22601116582574088,3.076373481750488,0.5298284530639649,0.011459510028362273,38457
11730,384368640,0.22533506004605705,3.01553955078125,0.5293524742126465,0.011497464030981064,38509
11740,384696320,0.2246604793671014,3.086400604248047,0.5231783866882325,0.011490526795387267,38490
11750,385024000,0.22398742695768986,3.0562107086181642,0.5299529552459716,0.011468987911939621,38512
11760,385351680,0.22331590597945955,3.072237968444824,0.5284665107727051,0.011592759937047958,38512
11770,385679360,0.22264591958685376,3.1608705520629883,0.5397085189819336,0.011458803713321686,38451
11780,386007040,0.22197747092710685,3.0456621170043947,0.5204932689666748,0.0115934818983078,38459
11790,386334720,0.22131056314023037,3.0874231338500975,0.528292465209961,0.011551938951015472,38450
11800,386662400,0.22064519935899696,3.0978473663330077,0.5282333374023438,0.011616002023220062,38451
11810,386990080,0.21998138270892706,3.0852224349975588,0.5357162475585937,0.011540781706571579,38463
11820,387317760,0.21931911630827294,3.0962509155273437,0.5350066661834717,0.011569268256425857,38462
11830,387645440,0.21865840326800487,3.0557680130004883,0.5279264926910401,0.011405752599239349,38489
11840,387973120,0.2179992466917961,3.076547622680664,0.5380280494689942,0.011613161116838456,38448
11850,388300800,0.21734164967600889,3.072718048095703,0.5201418399810791,0.011442132294178009,38474
11860,388628480,0.2166856153096791,3.1094476699829103,0.5371314525604248,0.01171460822224617,38456
11870,388956160,0.21603114667450216,3.088652420043945,0.531277084350586,0.011478129029273986,38453
11880,389283840,0.21537824684481896,3.105887031555176,0.5320919513702392,0.011529188603162766,38467
11890,389611520,0.21472691888760015,3.113088607788086,0.5347780704498291,0.011640503257513046,38484
11900,389939200,0.21407716586243347,3.033938407897949,0.5302411079406738,0.011623427271842957,38473
11910,390266880,0.21342899082150785,3.0873064041137694,0.5294793605804443,0.011528263241052628,38473
11920,390594560,0.2127823968096001,3.0584522247314454,0.5229005336761474,0.011545415222644805,38480
11930,390922240,0.21213738686406003,3.055908203125,0.5266358852386475,0.011467923223972321,38466
11940,391249920,0.2114939640147963,3.081985092163086,0.5171373367309571,0.011440471559762955,38482
11950,391577600,0.21085213128426236,3.0883913040161133,0.5251915454864502,0.011477201431989669,38469
11960,391905280,0.21021189168744198,3.02608585357666,0.524189805984497,0.011598800122737885,38466
11970,392232960,0.2095732482318356,3.0581403732299806,0.5259369850158692,0.011622931808233261,38481
11980,392560640,0.20893620391744544,3.037924385070801,0.5196677684783936,0.01152857467532158,38484
11990,392888320,0.2083007617367621,3.1098941802978515,0.5371973991394043,0.011542977392673492,38489
12000,393216000,0.20766692467475006,3.1365230560302733,0.55404634475708,0.011562381684780122,38464
12010,393543680,0.207034695708834,3.035843276977539,0.529524850845337,0.01150028258562088,38506
12020,393871360,0.20640407780888423,3.1007596969604494,0.5363946914672851,0.011618602275848388,38463
12030,394199040,0.20577507393720368,3.08526611328125,0.5297770500183105,0.011564347892999649,38486
12040,394526720,0.20514768704851313,3.0789472579956056,0.5231533050537109,0.011493603140115738,38474
12050,394854400,0.20452192008993753,3.071517562866211,0.530677318572998,0.011530852317810059,38490
12060,395182080,0.20389777600099285,3.098176193237305,0.5330638885498047,0.011473093926906586,38474
12070,395509760,0.2032752577135708,3.0775028228759767,0.5288888931274414,0.011649740487337112,38477
12080,395837440,0.20265436815192675,3.1144081115722657,0.5436420440673828,0.011548766493797302,38458
12090,396165120,0.20203511023266468,3.023415374755859,0.5259663581848144,0.011558131873607635,38474
12100,396492800,0.20141748686472444,3.0666149139404295,0.5309960842132568,0.011602643132209777,38479
12110,396820480,0.20080150094936725,3.051250457763672,0.5176329135894775,0.011534883826971053,38461
12120,397148160,0.20018715538016268,3.0182302474975584,0.5261783123016357,0.011512753367424012,38494
12130,397475840,0.1995744530429747,3.0960798263549805,0.5379413604736328,0.011782420426607132,38484
12140,397803520,0.1989633968159482,3.0243696212768554,0.5139086723327637,0.011599200963973998,38442
12150,398131200,0.19835398956949601,3.058686637878418,0.5360589504241944,0.011571286618709565,38485
12160,398458880,0.19774623416628423,3.0482797622680664,0.5382635116577148,0.011695078760385513,38486
12170,398786560,0.1971401334612201,3.068473052978516,0.5293760299682617,0.011553880572319031,38490
12180,399114240,0.19653569030143775,3.054733467102051,0.5410799503326416,0.011717170476913452,38477
12190,399441920,0.19593290752628495,3.0967153549194335,0.53882737159729,0.011550522595643996,38472
12200,399769600,0.1953317879673098,3.110869598388672,0.5353629112243652,0.011437451839447022,38475
12210,400097280,0.194732334448248,3.070160484313965,0.5212539672851563,0.011499039083719253,38469
12220,400424960,0.1941345497850086,3.100136566162109,0.5346557140350342,0.01156887635588646,38484
12230,400752640,0.19353843678566138,3.100935173034668,0.5433569431304932,0.011532005667686463,38494
12240,401080320,0.1929439982504239,3.138926315307617,0.5440783977508545,0.011558368802070618,38488
12250,401408000,0.1923512369716472,3.048650550842285,0.526953125,0.01167357861995697,38493
12260,401735680,0.19176015573380445,3.110702705383301,0.5280706405639648,0.011540468782186508,38487
12270,402063360,0.191170757313476,3.028413200378418,0.5360167980194092,0.011596685647964478,38522
12280,402391040,0.19058304447933802,3.090373420715332,0.5374259948730469,0.011605636030435563,38495
12290,402718720,0.1899970199921481,3.08560848236084,0.533872127532959,0.011607515811920165,38486
12300,403046400,0.1894126866047332,3.0203466415405273,0.5334464073181152,0.011593064665794373,38513
12310,403374080,0.1888300470619763,3.0969121932983397,0.5459974765777588,0.011579950153827668,38506
12320,403701760,0.18824910410080348,3.068305015563965,0.5358997821807862,0.01167050376534462,38465
12330,404029440,0.18766986045017167,3.0188289642333985,0.5298632621765137,0.011556751281023025,38483
12340,404357120,0.18709231883105468,3.1624353408813475,0.5467235565185546,0.011430852860212327,38515
12350,404684800,0.18651648195643172,3.1231685638427735,0.537852430343628,0.011573255062103271,38484
12360,405012480,0.18594235253127372,3.0779607772827147,0.5320866584777832,0.011515910178422928,38478
12370,405340160,0.18536993325253082,3.1185665130615234,0.5378538131713867,0.011668774485588073,38487
12380,405667840,0.18479922680912014,3.0812055587768556,0.5334450244903565,0.011574392765760421,38503
12390,405995520,0.1842302358819124,3.0325481414794924,0.5378804206848145,0.011526232957839966,38510
12400,406323200,0.18366296314372033,3.0089784622192384,0.5217491149902344,0.011461994051933289,38495
12410,406650880,0.18309741125928486,3.1237232208251955,0.5447032928466797,0.011623537540435791,38500
12420,406978560,0.18253358288526406,3.103497314453125,0.5409028053283691,0.011572109907865525,38479
12430,407306240,0.18197148067021893,3.058609962463379,0.5452230453491211,0.01164160594344139,38497
12440,407633920,0.18141110725460283,3.002985954284668,0.5349899291992187,0.011757389456033707,38466
12450,407961600,0.1808524652707474,3.0626571655273436,0.537804126739502,0.011662345379590988,38494
12460,408289280,0.18029555734285163,3.0698415756225588,0.5344183444976807,0.011583396047353745,38505
12470,408616960,0.1797403860869683,3.088945007324219,0.5432480812072754,0.011641928553581237,38473
12480,408944640,0.17918695411099256,3.0877819061279297,0.538045072555542,0.011512597650289535,38490
12490,409272320,0.17863526401464913,3.064168167114258,0.5393248081207276,0.011576952040195465,38484
12500,409600000,0.17808531838948038,3.078086090087891,0.539580249786377,0.011682695150375367,38491
12510,409927680,0.17753711981883438,3.0614927291870115,0.5346597671508789,0.011515478044748307,38486
12520,410255360,0.17699067087785206,3.1054094314575194,0.5397516250610351,0.011616870015859603,38493
12530,410583040,0.17644597413345592,3.081003952026367,0.5280612468719482,0.011540937423706054,38471
12540,410910720,0.1759030321443373,3.0627641677856445,0.5309036254882813,0.011673040688037872,38467
12550,411238400,0.17536184746094474,3.0437858581542967,0.5491585731506348,0.011844685673713684,38502
12560,411566080,0.17482242262547187,3.050999069213867,0.5277577877044678,0.011617060005664825,38513
12570,411893760,0.17428476017184552,3.157517433166504,0.537508773803711,0.011623230576515198,38460
12580,412221440,0.17374886262571393,3.069557952880859,0.530881118774414,0.011621061712503433,38473
12590,412549120,0.17321473250443453,3.0722537994384767,0.5428802490234375,0.011620856821537018,38483
12600,412876800,0.1726823723170628,3.0306106567382813,0.5319780349731446,0.011448918282985688,38495
12610,413204480,0.1721517845643391,3.088868522644043,0.5433326244354248,0.011584220081567764,38504
12620,413532160,0.1716229717386789,3.0689197540283204,0.5364732265472412,0.011658371984958648,38452
12630,413859840,0.17109593632415931,3.062356948852539,0.5358009815216065,0.01157207190990448,38475
12640,414187520,0.17057068079650856,3.063162422180176,0.540086030960083,0.011642874777317047,38508
12650,414515200,0.17004720762309364,3.0681427001953123,0.5278613090515136,0.011524830758571625,38483
12660,414842880,0.1695255192629091,3.0482551574707033,0.5266449928283692,0.011548315733671188,38458
12670,415170560,0.16900561816656542,3.1081012725830077,0.5437968254089356,0.011563383042812347,38468
12680,415498240,0.16848750677627727,3.0186477661132813,0.5350418090820312,0.011540645360946655,38508
12690,415825920,0.1679711875258528,3.053469657897949,0.5234722137451172,0.011646357923746109,38454
12700,416153600,0.16745666284068098,3.0228483200073244,0.5289605140686036,0.011738967895507813,38489
12710,416481280,0.16694393513772138,3.0358057022094727,0.5299721717834472,0.011730876564979554,38477
12720,416808960,0.16643300682549206,3.046348762512207,0.5272897720336914,0.011547504365444184,38463
12730,417136640,0.16592388030405858,3.0347795486450195,0.5342638492584229,0.01149999350309372,38499
12740,417464320,0.16541655796502264,3.097027587890625,0.5376968860626221,0.011582434177398682,38462
12750,417792000,0.16491104219151081,3.0618722915649412,0.5343280792236328,0.01168348491191864,38463
12760,418119680,0.16440733535816363,3.0539440155029296,0.5347729682922363,0.01159266084432602,38494
12770,418447360,0.16390543983112393,3.0024959564208986,0.5362879276275635,0.011617544293403625,38495
12780,418775040,0.1634053579680263,3.051711845397949,0.5365456104278564,0.011415961384773254,38488
12790,419102720,0.1629070921179852,3.044326591491699,0.5313437461853028,0.011551915109157563,38476
12800,419430400,0.16241064462158505,3.029654884338379,0.5276137351989746,0.011572216451168061,38499
12810,419758080,0.16191601781086817,2.9848947525024414,0.5176892280578613,0.011613806337118148,38477
12820,420085760,0.1614232140093247,3.0345037460327147,0.527454948425293,0.011550650000572205,38500
12830,420413440,0.1609322355318808,3.0880882263183596,0.5328885078430176,0.011683952063322067,38459
12840,420741120,0.1604430846848886,3.0454614639282225,0.5314090251922607,0.011689072847366333,38455
12850,421068800,0.15995576376611487,3.0731988906860352,0.5320915222167969,0.01162770837545395,38469
12860,421396480,0.15947027506473016,3.0870569229125975,0.5349579811096191,0.011549457162618636,38470
12870,421724160,0.15898662086129878,3.010177421569824,0.5444960594177246,0.011702581495046615,38486
12880,422051840,0.15850480342776696,3.1233728408813475,0.5421000480651855,0.011592300236225128,38498
12890,422379520,0.1580248250274533,3.1119863510131838,0.5350159645080567,0.011590240895748139,38475
12900,422707200,0.1575466879150373,3.0492372512817383,0.5348347187042236,0.0116698257625103,38495
12910,423034880,0.1570703943365491,3.0833913803100588,0.5343777179718018,0.01156700775027275,38477
12920,423362560,0.15659594652935896,3.0722856521606445,0.5437959194183349,0.011729070544242859,38476
12930,423690240,0.15612334672216666,3.15115909576416,0.5416306018829345,0.01163880228996277,38459
12940,424017920,0.1556525971349913,3.0427331924438477,0.5373063087463379,0.01178407371044159,38493
12950,424345600,0.15518369997916026,3.0029062271118163,0.5380888938903808,0.01169799491763115,38507
12960,424673280,0.1547166574572997,3.056034469604492,0.5435775756835938,0.011727210879325867,38504
12970,425000960,0.15425147176332304,3.0368852615356445,0.5382236957550048,0.011703599244356155,38491
12980,425328640,0.153788145082422,3.0401590347290037,0.5289188861846924,0.01165863275527954,38469
12990,425656320,0.15332667959105506,3.1036165237426756,0.5364019870758057,0.011533016711473465,38516
13000,425984000,0.1528670774569385,2.9543392181396486,0.525949764251709,0.011653963476419449,38534
13010,426311680,0.15240934083903493,3.0199790954589845,0.5396245002746582,0.01163020133972168,38515
13020,426639360,0.15195347188754413,3.0002647399902345,0.5365595340728759,0.011658230423927307,38506
13030,426967040,0.15149947274389244,3.0360576629638674,0.5315220355987549,0.011531493067741394,38472
13040,427294720,0.15104734554072283,3.1124221801757814,0.5359327316284179,0.01167885884642601,38487
13050,427622400,0.15059709240188512,3.094084548950195,0.5323628902435302,0.01168292760848999,38478
13060,427950080,0.1501487154424255,3.0753101348876952,0.5421215057373047,0.011787314713001252,38479
13070,428277760,0.1497022167685772,3.070970153808594,0.5299672603607177,0.011704035103321075,38468
13080,428605440,0.14925759847775003,3.0721036911010744,0.5433984756469726,0.011706532537937164,38518
13090,428933120,0.14881486265852079,3.022808074951172,0.5325348377227783,0.011667734384536744,38485
13100,429260800,0.14837401139062345,3.111166000366211,0.535800838470459,0.011619940400123596,38491
13110,429588480,0.14793504674493946,3.04147891998291,0.5362105369567871,0.011677616089582444,38484
13120,429916160,0.14749797078348806,2.9703975677490235,0.5368630409240722,0.011801887303590775,38472
13130,430243840,0.14706278555941604,3.0729318618774415,0.5353588104248047,0.011765534430742264,38491
13140,430571520,0.14662949311698908,3.070327568054199,0.5469190120697022,0.011634232103824615,38525
13150,430899200,0.14619809549158108,3.099239540100098,0.5413248062133789,0.011628956347703934,38502
13160,431226880,0.1457685947096655,3.085447311401367,0.5408631324768066,0.011767987161874771,38478
13170,431554560,0.14534099278880513,2.997559356689453,0.534454345703125,0.011682680249214173,38510
13180,431882240,0.14491529173764328,3.0990793228149416,0.5362541675567627,0.011755362153053284,38490
13190,432209920,0.14449149355589372,3.1020885467529298,0.5436245441436768,0.011557702720165253,38498
13200,432537600,0.14406960023433169,3.073651123046875,0.5364092350006103,0.011592060327529907,38462
13210,432865280,0.14364961375478438,2.9847223281860353,0.5208868980407715,0.011773203313350678,38523
13220,433192960,0.1432315360901216,3.036031150817871,0.5310684680938721,0.011737203598022461,38479
13230,433520640,0.14281536920424684,3.0740753173828126,0.5344345569610596,0.01167888194322586,38474
13240,433848320,0.1424011150520874,3.0464815139770507,0.5354201316833496,0.011660518497228623,38499
13250,434176000,0.141988775579586,2.989382743835449,0.5373103618621826,0.011697626113891602,38526
13260,434503680,0.14157835272369096,3.0205013275146486,0.5429127216339111,0.011612074077129364,38509
13270,434831360,0.14116984841234742,3.06934814453125,0.5260084629058838,0.011728942394256592,38491
13280,435159040,0.14076326456448812,3.0630666732788088,0.5298282623291015,0.011594782024621964,38495
13290,435486720,0.14035860309002474,3.052678680419922,0.5356247425079346,0.011566604673862457,38493
13300,435814400,0.1399558658898386,3.0263412475585936,0.5230161666870117,0.011691713333129882,38490
13310,436142080,0.13955505485577163,3.0152740478515625,0.5331295967102051,0.011563225835561752,38515
13320,436469760,0.13915617187061802,2.9974899291992188,0.5373894691467285,0.011812245845794678,38511
13330,436797440,0.13875921880811476,3.1097894668579102,0.545969820022583,0.011585338413715363,38496
13340,437125120,0.13836419753293316,3.0926591873168947,0.5473106861114502,0.011620388180017472,38486
13350,437452800,0.13797110990066996,3.0372974395751955,0.5378622055053711,0.011691190302371979,38503
13360,437780480,0.137579957757839,3.0441862106323243,0.540778112411499,0.01174490824341774,38532
13370,438108160,0.13719074294186187,3.054938316345215,0.5404031276702881,0.011538977175951004,38504
13380,438435840,0.1368034672810598,3.1309831619262694,0.5427626609802246,0.011735596507787705,38453
13390,438763520,0.13641813259464494,3.0343704223632812,0.535589599609375,0.011672107130289077,38451
13400,439091200,0.13603474069271163,3.007114219665527,0.5383269309997558,0.011719338595867157,38482
13410,439418880,0.1356532933762284,3.035904121398926,0.5469574451446533,0.0117637999355793,38502
13420,439746560,0.13527379243702872,3.0171535491943358,0.5397480010986329,0.011838965862989426,38484
13430,440074240,0.1348962396578035,3.0720991134643554,0.5463230609893799,0.01166790872812271,38475
13440,440401920,0.13452063681209184,2.9971242904663087,0.5311948776245117,0.011649631708860398,38498
13450,440729600,0.13414698566427333,3.0837188720703126,0.539408016204834,0.011659489572048187,38469
13460,441057280,0.1337752879695594,3.051869201660156,0.5480699062347412,0.011688834428787232,38494
13470,441384960,0.1334055454739853,3.0811174392700194,0.5416661262512207,0.011629022657871246,38469
13480,441712640,0.13303775991440192,3.0861431121826173,0.5398087501525879,0.01168065071105957,38470
13490,442040320,0.1326719330184672,2.9978404998779298,0.5317944526672364,0.01167517900466919,38481
13500,442368000,0.13230806650463867,3.048352813720703,0.5331026554107666,0.011577105522155762,38506
13510,442695680,0.13194616208216495,3.0850540161132813,0.5334495544433594,0.011736676096916199,38449
13520,443023360,0.13158622145107762,3.0874258041381837,0.5454281330108642,0.01169108897447586,38499
13530,443351040,0.1312282463021836,3.007646179199219,0.5272283554077148,0.011709141731262206,38485
13540,443678720,0.13087223831705705,3.024519157409668,0.5359615802764892,0.01167757362127304,38481
13550,444006400,0.13051819916803145,2.9575098037719725,0.5283180713653565,0.011621040105819703,38491
13560,444334080,0.1301661305181917,3.0594867706298827,0.5434078693389892,0.011823427677154542,38499
13570,444661760,0.12981603402136632,3.044841194152832,0.53359055519104,0.011702346056699753,38466
13580,444989440,0.1294679113221197,3.0231481552124024,0.5362327575683594,0.011678718030452728,38495
13590,445317120,0.12912176405574471,3.101557159423828,0.5532876968383789,0.011668746173381806,38485
13600,445644800,0.12877759384825416,3.0495073318481447,0.5402463436126709,0.011704961210489273,38483
13610,445972480,0.12843540231637426,2.982381248474121,0.5294160842895508,0.011596710979938507,38496
13620,446300160,0.1280951910675361,3.007206344604492,0.5470484733581543,0.011683914810419083,38523
13630,446627840,0.12775696169986858,3.0113540649414063,0.5403159141540528,0.011753562092781066,38485
13640,446955520,0.12742071580219075,3.0385013580322267,0.570582103729248,0.012024214863777161,38485
13650,447283200,0.12708645495400447,3.0382171630859376,0.5296288013458252,0.011605247110128402,38496
13660,447610880,0.1267541807254869,3.0527603149414064,0.542056941986084,0.011652527004480362,38459
13670,447938560,0.12642389467748305,3.010072135925293,0.5456410884857178,0.011783289909362792,38490
13680,448266240,0.12609559836149858,3.0402044296264648,0.5328783512115478,0.011714863032102585,38472
13690,448593920,0.12576929331969258,2.9906381607055663,0.5268926620483398,0.011734876036643981,38468
13700,448921600,0.12544498108486998,2.9654077529907226,0.537996768951416,0.011690571904182434,38506
13710,449249280,0.12512266318047466,3.062660789489746,0.5392679691314697,0.011659938097000121,38471
13720,449576960,0.12480234112058225,3.0008773803710938,0.5297584056854248,0.011689457297325134,38466
13730,449904640,0.12448401640989308,3.0275474548339845,0.5369972705841064,0.011716943979263306,38495
13740,450232320,0.12416769054372481,3.0336383819580077,0.5442013740539551,0.011693450808525085,38495
13750,450560000,0.12385336500800571,3.1039215087890626,0.5475686550140381,0.011781222373247146,38446
13760,450887680,0.12354104127926756,2.9938894271850587,0.5441629886627197,0.011899252980947494,38509
13770,451215360,0.12323072082463879,3.03521614074707,0.5290611743927002,0.011703578382730484,38513
13780,451543040,0.12292240510183737,3.075788879394531,0.5419513702392578,0.011764751374721527,38480
13790,451870720,0.12261609555916432,3.0733926773071287,0.5277018070220947,0.011668147891759873,38448
13800,452198400,0.1223117936354966,2.9725324630737306,0.5352516174316406,0.011682023108005524,38520
13810,452526080,0.1220095007602805,3.045541000366211,0.5460349559783936,0.011773019284009933,38506
13820,452853760,0.1217092183535248,3.0833269119262696,0.543865156173706,0.011729847639799118,38462
13830,453181440,0.12141094782579417,3.0995203018188477,0.5449420928955078,0.011770180612802505,38446
13840,453509120,0.12111469057820282,3.1093914031982424,0.5399268627166748,0.011641253530979157,38478
13850,453836800,0.12082044800240728,3.0219345092773438,0.5333374977111817,0.01177959367632866,38454
13860,454164480,0.12052822148060055,3.047003746032715,0.5360552787780761,0.011816585808992386,38469
13870,454492160,0.12023801238550516,2.9992937088012694,0.5354947090148926,0.011618345230817794,38508
13880,454819840,0.11994982208036684,3.0666082382202147,0.5471769332885742,0.011852169036865234,38486
13890,455147520,0.1196636519189481,3.1093339920043945,0.5407755374908447,0.01165115311741829,38467
13900,455475200,0.11937950324552202,3.00985050201416,0.5372358798980713,0.011728253960609437,38508
13910,455802880,0.11909737739486582,3.0135734558105467,0.5351216793060303,0.01184469386935234,38470
13920,456130560,0.1188172756922545,3.039244842529297,0.5393701076507569,0.011657235771417617,38486
13930,456458240,0.1185391994534547,3.0183229446411133,0.5459383487701416,0.011704059690237046,38531
13940,456785920,0.1182631499847186,3.099061393737793,0.5434045314788818,0.011732248961925507,38480
13950,457113600,0.11798912858277767,3.061661148071289,0.5452874660491943,0.011804648488759995,38454
13960,457441280,0.11771713653483655,3.037851333618164,0.5472471237182617,0.011765827983617782,38462
13970,457768960,0.1174471751185673,2.9924924850463865,0.5412657737731934,0.011765705049037933,38494
13980,458096640,0.1171792456021029,3.0555152893066406,0.5607242584228516,0.011796756088733673,38477
13990,458424320,0.11691334924403168,3.067855453491211,0.5416224479675293,0.011710785329341888,38506
14000,458752000,0.11664948729339125,2.9937084197998045,0.5380067825317383,0.01185491681098938,38464
14010,459079680,0.1163876609896627,3.0880332946777345,0.5473026275634766,0.011710966378450394,38477
14020,459407360,0.11612787156276486,3.045086479187012,0.532365369796753,0.011808604747056962,38484
14030,459735040,0.11587012023304813,3.0686574935913087,0.545207929611206,0.011687195301055909,38473
14040,460062720,0.1156144082112893,3.023533821105957,0.5436579704284668,0.011750414967536926,38482
14050,460390400,0.11536073669868546,3.0640195846557616,0.5421799659729004,0.011644845455884933,38490
14060,460718080,0.11510910688684858,3.001730537414551,0.5377767086029053,0.011869718879461288,38470
14070,461045760,0.1148595199577997,2.9618600845336913,0.5306960105895996,0.011876298487186432,38481
14080,461373440,0.11461197708396349,3.011628341674805,0.5326077938079834,0.011760646849870682,38477
14090,461701120,0.11436647942816297,3.0432600021362304,0.540922737121582,0.01169511079788208,38478
14100,462028800,0.11412302814361354,3.041594314575195,0.5489619255065918,0.011685145646333694,38508
14110,462356480,0.11388162437391813,3.0040056228637697,0.5351403236389161,0.011868814378976822,38513
14120,462684160,0.11364226925306124,3.0449995040893554,0.5483792781829834,0.011745841801166534,38489
14130,463011840,0.11340496390540424,3.0602718353271485,0.537447738647461,0.011743401736021042,38471
14140,463339520,0.1131697094456795,3.0700077056884765,0.5459562778472901,0.011843311041593552,38475
14150,463667200,0.11293650697898572,3.0522188186645507,0.5351092338562011,0.011749131977558136,38489
14160,463994880,0.11270535760078214,3.0498226165771483,0.5351695537567138,0.011715618520975113,38502
14170,464322560,0.11247626239688388,3.057875633239746,0.5330019950866699,0.01165490821003914,38479
14180,464650240,0.11224922244345657,3.0105066299438477,0.5378589153289794,0.011713051795959472,38466
14190,464977920,0.1120242388070114,3.0354490280151367,0.5466123580932617,0.011951333284378052,38465
14200,465305600,0.11180131254440019,3.0885751724243162,0.5537068367004394,0.011870969086885452,38472
14210,465633280,0.1115804447028102,3.027963066101074,0.5403835773468018,0.011765794456005096,38462
14220,465960960,0.11136163631975948,3.0707429885864257,0.5461963653564453,0.011782038211822509,38488
14230,466288640,0.11114488842309167,3.0903419494628905,0.5564966678619385,0.011852492392063142,38480
14240,466616320,0.11093020203097147,3.1008190155029296,0.5572327613830567,0.011775139719247818,38472
14250,466944000,0.11071757815187974,2.95609130859375,0.5370724201202393,0.011784994602203369,38501
14260,467271680,0.11050701778460868,2.9863698959350584,0.5343375682830811,0.011833098530769349,38481
14270,467599360,0.11029852191825738,3.0037445068359374,0.5462342739105225,0.011815990507602691,38533
14280,467927040,0.11009209153222692,2.986166000366211,0.5389115333557128,0.011754763126373292,38505
14290,468254720,0.1098877275962159,3.0352540969848634,0.5366632461547851,0.011768542975187302,38490
14300,468582400,0.10968543107021578,3.038779067993164,0.5308738708496094,0.011793239414691925,38484
14310,468910080,0.10948520290450654,3.0945825576782227,0.5422591209411621,0.01172913908958435,38482
14320,469237760,0.10928704403965202,3.042313003540039,0.5419082641601562,0.011686411499977113,38496
14330,469565440,0.10909095540649572,3.0286497116088866,0.5414702892303467,0.011749064922332764,38478
14340,469893120,0.10889693792615628,3.015606689453125,0.5409160614013672,0.011759330332279206,38498
14350,470220800,0.10870499251002304,3.0389373779296873,0.5433928489685058,0.01189899742603302,38448
14360,470548480,0.10851512005975213,3.071047782897949,0.5441778659820556,0.011755699664354325,38473
14370,470876160,0.10832732146726176,3.0436450958251955,0.539105224609375,0.01179226189851761,38496
14380,471203840,0.10814159761472848,3.044719696044922,0.5476815223693847,0.011693398654460906,38511
14390,471531520,0.10795794937458267,3.041840934753418,0.539993143081665,0.011735640466213226,38450
14400,471859200,0.1077763776095048,3.0351917266845705,0.5428712844848633,0.011794516444206237,38465
14410,472186880,0.107596883172421,3.0642675399780273,0.552946662902832,0.011683282256126405,38489
14420,472514560,0.10741946690649931,3.0434242248535157,0.540333366394043,0.01188088059425354,38470
14430,472842240,0.10724412964514562,3.0649566650390625,0.5479132652282714,0.011786308884620667,38469
14440,473169920,0.10707087221199973,3.005923271179199,0.5365142345428466,0.01171610802412033,38485
14450,473497600,0.10689969542093168,3.0142765045166016,0.537571907043457,0.011749367415904998,38475
14460,473825280,0.10673060007603764,3.112893486022949,0.5443569660186768,0.01189911961555481,38447
14470,474152960,0.10656358697163638,3.017284393310547,0.5502773761749268,0.011864282190799713,38477
14480,474480640,0.10639865689226519,3.0288177490234376,0.5491225242614746,0.011762527376413345,38474
14490,474808320,0.10623581061267677,3.029571533203125,0.5402984142303466,0.011849769204854966,38463
14500,475136000,0.10607504889783496,3.0229976654052733,0.5467405796051026,0.011767864972352982,38483
14510,475463680,0.10591637250291171,3.008447456359863,0.5353652000427246,0.011692192405462265,38461
14520,475791360,0.10575978217328301,3.0466184616088867,0.5540050983428955,0.011765754222869873,38448
14530,476119040,0.10560527864452576,3.0736600875854494,0.5484220027923584,0.011642754077911377,38475
14540,476446720,0.10545286264241416,3.0086450576782227,0.5414203643798828,0.011751452088356018,38477
14550,476774400,0.10530253488291638,2.9846214294433593,0.5401602268218995,0.011923472583293914,38507
14560,477102080,0.1051542960721912,3.0492681503295898,0.5416403770446777,0.01178680658340454,38473
14570,477429760,0.10500814690658448,3.007289695739746,0.5450583457946777,0.01189439743757248,38485
14580,477757440,0.10486408807262619,3.0772228240966797,0.5502997875213623,0.011854588985443115,38460
14590,478085120,0.104722120247027,2.9972721099853517,0.5439067363739014,0.01178174391388893,38493
14600,478412800,0.10458224409667521,3.0288728713989257,0.5416335582733154,0.011862905323505401,38467
14610,478740480,0.10444446027863345,3.065534973144531,0.5436582565307617,0.011903981864452361,38457
14620,479068160,0.10430876944013576,3.0187095642089843,0.5548256874084473,0.011851838231086731,38496
14630,479395840,0.10417517221858452,3.0400054931640623,0.543486499786377,0.011875903606414795,38481
14640,479723520,0.1040436692415474,3.022377777099609,0.5410861492156982,0.011787857115268707,38483
14650,480051200,0.10391426112675443,3.0391769409179688,0.5496809959411622,0.011806392669677734,38489
14660,480378880,0.10378694848209509,3.0746397018432616,0.5489573001861572,0.011860867589712143,38485
14670,480706560,0.10366173190561558,3.0459213256835938,0.549018669128418,0.011805689334869385,38486
14680,481034240,0.10353861198551571,2.9952625274658202,0.5521729469299317,0.01182911843061447,38506
14690,481361920,0.10341758930014654,3.0115718841552734,0.5351027488708496,0.011732666194438935,38478
14700,481689600,0.10329866441800734,3.0985450744628906,0.5566556453704834,0.011753273010253907,38480
14710,482017280,0.10318183789774295,3.111704635620117,0.5558034896850585,0.011865460872650146,38482
14720,482344960,0.10306711028814143,3.024026107788086,0.5500533103942871,0.011762776225805283,38474
14730,482672640,0.10295448212813114,3.0504045486450195,0.5441716194152832,0.011826562136411667,38484
14740,483000320,0.10284395394677846,3.00328369140625,0.5404392719268799,0.011713650822639466,38487
14750,483328000,0.10273552626328514,3.0218305587768555,0.5497351169586182,0.01179668828845024,38513
14760,483655680,0.10262919958698588,2.9949403762817384,0.5430898666381836,0.011704371124505997,38506
14770,483983360,0.10252497441734616,2.9685712814331056,0.5462009906768799,0.01192232072353363,38511
14780,484311040,0.10242285124395946,3.036212158203125,0.542668342590332,0.011813315749168395,38486
14790,484638720,0.10232283054654547,3.0702638626098633,0.5531344413757324,0.011911726742982864,38448
14800,484966400,0.10222491279494736,3.054860305786133,0.5486166477203369,0.011782632768154144,38486
14810,485294080,0.10212909844913001,3.060621452331543,0.562706184387207,0.01193215325474739,38494
14820,485621760,0.10203538795917738,3.0219215393066405,0.5397154331207276,0.011729627847671509,38481
14830,485949440,0.101943781765291,2.9934385299682615,0.5417489051818848,0.01168954074382782,38477
14840,486277120,0.10185428029778715,2.9338607788085938,0.5700339317321778,0.0120579294860363,38518
14850,486604800,0.1017668839770955,3.0254491806030273,0.5439380168914795,0.011843233555555343,38494
14860,486932480,0.10168159321375685,3.047185707092285,0.5539981842041015,0.011903052777051925,38496
14870,487260160,0.10159840840842116,2.9980260848999025,0.5417451381683349,0.011876463145017623,38454
14880,487587840,0.1015173299518458,2.9724472045898436,0.5391518592834472,0.011888167262077332,38476
14890,487915520,0.10143835822489358,3.0567989349365234,0.5598475456237793,0.011886797845363617,38481
14900,488243200,0.10136149359853108,3.018034744262695,0.5409950733184814,0.01179499477148056,38467
14910,488570880,0.10128673643382681,2.933688735961914,0.5458863735198974,0.011780793964862823,38491
14920,488898560,0.10121408708194966,3.032932472229004,0.5456803798675537,0.011815870553255082,38479
14930,489226240,0.10114354588416707,3.0203006744384764,0.5430714607238769,0.01185441091656685,38471
14940,489553920,0.1010751131718435,2.9742237091064454,0.5440290451049805,0.011703507602214813,38516
14950,489881600,0.10100878926643891,3.018051338195801,0.5404835700988769,0.011821763962507248,38467
14960,490209280,0.1009445744795073,2.949603462219238,0.5396155834197998,0.0117467999458313,38493
14970,490536960,0.10088246911269502,3.010513687133789,0.5532604217529297,0.011796548962593079,38476
14980,490864640,0.1008224734577396,3.062425422668457,0.5497564315795899,0.01192568987607956,38448
14990,491192320,0.10076458779646827,3.069906806945801,0.5586857795715332,0.011939526349306107,38473
15000,491520000,0.10070881240079659,3.0260696411132812,0.5554440498352051,0.011814834177494049,38497
15010,491847680,0.10065514753272739,3.020699119567871,0.5545024394989013,0.01192496418952942,38478
15020,492175360,0.10060359344434912,3.027074432373047,0.6810935497283935,0.013636796176433564,38458
15030,492503040,0.10055415037783517,3.047191047668457,0.5552385807037353,0.011867215484380722,38481
15040,492830720,0.10050681856544236,3.04577522277832,0.5528414726257325,0.011781907081604004,38492
15050,493158400,0.10046159822951001,3.0215021133422852,0.558977746963501,0.012041229009628295,38496
15060,493486080,0.10041848958245882,2.9573862075805666,0.5378864288330079,0.011815062910318374,38497
15070,493813760,0.10037749282679005,3.0552209854125976,0.5549554347991943,0.01202918067574501,38482
15080,494141440,0.10033860815508432,3.074641799926758,0.5512806892395019,0.01173509806394577,38499
15090,494469120,0.10030183575000079,3.0403770446777343,0.5484270095825196,0.011859625577926636,38463
15100,494796800,0.10026717578427634,3.034123992919922,0.5479415893554688,0.011760382354259491,38497
15110,495124480,0.10023462842072489,3.01910343170166,0.5591862201690674,0.011970820277929306,38503
15120,495452160,0.1002041938122364,3.1290987014770506,0.562138843536377,0.011791001260280608,38462
15130,495779840,0.10017587210177614,3.023884963989258,0.5513747215270997,0.011904780566692353,38495
15140,496107520,0.10014966342238431,3.0485118865966796,0.5541616439819336,0.011948446929454803,38476
15150,496435200,0.10012556789717511,3.071311378479004,0.5561495304107666,0.011875755339860915,38494
15160,496762880,0.1001035856393363,3.007966995239258,0.5483539581298829,0.011835013329982758,38502
15170,497090560,0.1000837167521287,3.0431486129760743,0.5438850879669189,0.011975278705358505,38492
15180,497418240,0.10006596132888562,3.004658317565918,0.5388126373291016,0.011762035638093948,38475
15190,497745920,0.10005031945301247,2.9947893142700197,0.5373244762420655,0.011899789422750473,38490
15200,498073600,0.10003679119798632,3.054044723510742,0.5497912406921387,0.011727247387170792,38492
15210,498401280,0.10002537662735562,3.0072248458862303,0.5465710163116455,0.011769108474254608,38500
15220,498728960,0.1000160757947399,3.000849151611328,0.5495964527130127,0.012034884840250015,38489
15230,499056640,0.10000888874382939,3.0312326431274412,0.5512339115142822,0.01184309422969818,38500
15240,499384320,0.100003815508385,3.048729133605957,0.5533205032348633,0.011749801784753799,38512
15250,499712000,0.10000085611223805,3.0171127319335938,0.5471796035766602,0.01188686266541481,38477
15258,499974144,0.1000000105692902,3.008538246154785,0.5428981781005859,0.011895905248820782,38479
