step,tokens,lr_mult,loss,grad_norm,value_grad_norm,tok_s
10,327680,0.018518518518518517,10.795822906494141,6.456938171386719,0.009401189535856247,66310
20,655360,0.037037037037037035,10.371018981933593,3.3980274200439453,0.0055510513484478,72312
30,983040,0.05555555555555555,10.117000579833984,2.0722702026367186,0.004814553633332252,72190
40,1310720,0.07407407407407407,9.830958557128906,2.5601474761962892,0.006924805790185928,72427
50,1638400,0.09259259259259259,9.460455322265625,2.247507095336914,0.004788288474082946,72748
60,1966080,0.1111111111111111,9.181806182861328,1.8555059432983398,0.0026457201689481734,73062
70,2293760,0.12962962962962962,8.910840606689453,1.797221565246582,0.0019527381286025048,73229
80,2621440,0.14814814814814814,8.621240997314453,1.6480989456176758,0.0016798257827758789,73298
90,2949120,0.16666666666666666,8.301004028320312,1.5973276138305663,0.001670255698263645,73339
100,3276800,0.18518518518518517,7.982125854492187,1.578331756591797,0.0018188415095210075,73249
110,3604480,0.2037037037037037,7.709613037109375,1.476994228363037,0.001968526840209961,73276
120,3932160,0.2222222222222222,7.43155517578125,1.3173333168029786,0.0019860588014125823,73305
130,4259840,0.24074074074074073,7.143251037597656,1.0966598510742187,0.0020312661305069923,73333
140,4587520,0.25925925925925924,6.967698669433593,0.8941604614257812,0.00227679330855608,73256
150,4915200,0.2777777777777778,6.818299102783203,0.8022204399108886,0.002762069180607796,73252
160,5242880,0.2962962962962963,6.675730895996094,0.6993631839752197,0.0028552288189530373,73231
170,5570560,0.3148148148148148,6.594000244140625,0.7935141563415528,0.0034515660256147383,73245
180,5898240,0.3333333333333333,6.496678161621094,0.7420047283172607,0.003584115952253342,73180
190,6225920,0.35185185185185186,6.428688812255859,0.6698433876037597,0.00366118885576725,73171
200,6553600,0.37037037037037035,6.352261352539062,0.8110224723815918,0.004286453127861023,73128
210,6881280,0.3888888888888889,6.309528732299805,0.8413163185119629,0.004677953943610191,73102
220,7208960,0.4074074074074074,6.2323448181152346,0.7874819278717041,0.004730670154094696,73101
230,7536640,0.42592592592592593,6.198665618896484,0.7455460071563721,0.004924286901950836,73177
240,7864320,0.4444444444444444,6.118664169311524,0.7270938873291015,0.005032694712281227,73153
250,8192000,0.46296296296296297,6.065475845336914,0.7880907535552979,0.00557522214949131,72970
260,8519680,0.48148148148148145,6.0379985809326175,0.8073003768920899,0.005774906650185585,73039
270,8847360,0.5,5.9367420196533205,0.7955329418182373,0.0059936635196208956,73006
280,9175040,0.5185185185185185,5.917616653442383,0.7914824485778809,0.006297554820775986,72940
290,9502720,0.5370370370370371,5.868085098266602,0.7804739475250244,0.006528535485267639,72935
300,9830400,0.5555555555555556,5.825395965576172,0.8240463256835937,0.007175247371196747,72921
310,10158080,0.5740740740740741,5.782809066772461,0.7492029190063476,0.006954090297222137,72999
320,10485760,0.5925925925925926,5.733326721191406,0.8269562721252441,0.007341888546943664,72984
330,10813440,0.6111111111111112,5.716570281982422,0.8403939247131348,0.007523591816425324,72963
340,11141120,0.6296296296296297,5.681606292724609,0.7902546405792237,0.007667317986488342,72995
350,11468800,0.6481481481481481,5.638688659667968,0.8568941116333008,0.008039988577365875,72927
360,11796480,0.6666666666666666,5.613134384155273,0.8041122436523438,0.0077503487467765805,72916
370,12124160,0.6851851851851852,5.597361755371094,0.7801672935485839,0.007723091542720795,72950
380,12451840,0.7037037037037037,5.516924667358398,0.7734979152679443,0.007751812785863876,72992
390,12779520,0.7222222222222222,5.49251708984375,0.7580285549163819,0.00784027948975563,72979
400,13107200,0.7407407407407407,5.481600570678711,0.8104928016662598,0.008209426701068879,72982
410,13434880,0.7592592592592593,5.438340759277343,0.7578345775604248,0.008122319728136063,72954
420,13762560,0.7777777777777778,5.4180747985839846,0.736073350906372,0.008034668117761611,72934
430,14090240,0.7962962962962963,5.408084869384766,0.7982870101928711,0.008379048854112624,72944
440,14417920,0.8148148148148148,5.32751350402832,0.7925180435180664,0.008574175834655761,72888
450,14745600,0.8333333333333334,5.310149383544922,0.7646365165710449,0.008510368317365647,72931
460,15073280,0.8518518518518519,5.310016250610351,0.7192967414855957,0.008288682997226715,72967
470,15400960,0.8703703703703703,5.268839645385742,0.8056221008300781,0.008717495203018188,72952
480,15728640,0.8888888888888888,5.283066940307617,0.7285298824310302,0.008594503253698349,72902
490,16056320,0.9074074074074074,5.216409301757812,0.7355622768402099,0.008786444365978242,72751
500,16384000,0.9259259259259259,5.173188400268555,0.7437528133392334,0.008713147044181824,72903
510,16711680,0.9444444444444444,5.210824966430664,0.7253190994262695,0.008699244260787964,72914
520,17039360,0.9629629629629629,5.169861602783203,0.6846160888671875,0.008435671031475068,72891
530,17367040,0.9814814814814815,5.1314952850341795,0.6748056888580323,0.00850270614027977,72947
540,17694720,1.0,5.12157974243164,0.6723955154418946,0.00864204615354538,72908
550,18022400,0.9999982912745576,5.126573944091797,0.7297063827514648,0.008786138147115707,72906
560,18350080,0.9999923845859849,5.1086372375488285,0.6792698383331299,0.008648723363876343,72865
570,18677760,0.9999822588942721,5.063618850708008,0.6809545516967773,0.008806752413511277,72851
580,19005440,0.999967914294355,5.04610595703125,0.6248950481414794,0.008479119837284088,72779
590,19333120,0.9999493509207248,5.002386093139648,0.683631420135498,0.008981608599424363,72836
600,19660800,0.9999265689474259,5.018239212036133,0.6440165996551513,0.00885595753788948,72791
610,19988480,0.9998995685880564,4.970730590820312,0.6535146236419678,0.008576446771621704,72901
620,20316160,0.9998683500957637,4.99487075805664,0.6510776996612548,0.00861000120639801,72759
630,20643840,0.9998329137632439,4.934822845458984,0.7271758079528808,0.009239365160465241,72858
640,20971520,0.9997932599227379,4.919961547851562,0.6980256080627442,0.008794806897640228,72833
650,21299200,0.9997493889460295,4.87197265625,0.6067079544067383,0.008592560887336731,72790
660,21626880,0.9997013012444405,4.906219100952148,0.6193996429443359,0.008909458667039872,72739
670,21954560,0.9996489972688276,4.866231536865234,0.5926841735839844,0.008825279772281647,72811
680,22282240,0.9995924775095786,4.841183853149414,0.6108366012573242,0.008983501046895982,72797
690,22609920,0.9995317424966069,4.9033149719238285,0.6075228691101074,0.008859296888113022,72737
700,22937600,0.9994667927993469,4.833169937133789,0.5919038772583007,0.00888485461473465,72803
710,23265280,0.9993976290267491,4.8221179962158205,0.635458517074585,0.00924835130572319,72761
720,23592960,0.9993242518272736,4.790538787841797,0.5762285232543946,0.008945220708847046,72978
730,23920640,0.9992466618888847,4.795916366577148,0.5957316398620606,0.00916895866394043,72939
740,24248320,0.9991648599390438,4.76776237487793,0.6064337730407715,0.009248605370521546,72728
750,24576000,0.9990788467447033,4.7788238525390625,0.6002345085144043,0.009201093763113021,72785
760,24903680,0.998988623112299,4.789913558959961,0.5663912296295166,0.009144270420074463,72763
770,25231360,0.9988941898877425,4.748121643066407,0.565922212600708,0.009229444712400437,72753
780,25559040,0.9987955479564131,4.7206260681152346,0.5623956203460694,0.009206892549991607,72670
790,25886720,0.9986926982431505,4.706379699707031,0.5674668312072754,0.00936548113822937,72729
800,26214400,0.9985856417122446,4.703999710083008,0.562303113937378,0.009228413552045822,72697
810,26542080,0.9984743793674279,4.701950454711914,0.5739280700683593,0.009430637955665589,72680
820,26869760,0.9983589122518649,4.680106353759766,0.5822692394256592,0.009531964361667634,72701
830,27197440,0.9982392414481429,4.6648406982421875,0.5727822780609131,0.009664904326200485,72674
840,27525120,0.9981153680782624,4.665302658081055,0.5618973731994629,0.009651859104633332,72658
850,27852800,0.9979872933036253,4.634925842285156,0.5529365062713623,0.0097130186855793,72620
860,28180480,0.9978550183250252,4.627035903930664,0.5499923706054688,0.009548015147447585,72607
870,28508160,0.9977185443826352,4.633086776733398,0.5751659393310546,0.009816554933786392,72627
880,28835840,0.997577872755997,4.611126327514649,0.5511427879333496,0.009845724701881409,72632
890,29163520,0.9974330047640086,4.564716339111328,0.5512511253356933,0.009798692166805267,72637
900,29491200,0.997283941764912,4.597563552856445,0.5399412155151367,0.009839938580989837,72617
910,29818880,0.9971306851562801,4.5365753173828125,0.5445743083953858,0.009834037721157074,72576
920,30146560,0.9969732363750042,4.552045059204102,0.5485461235046387,0.010050762444734573,72562
930,30474240,0.9968115968972803,4.527456665039063,0.5315901756286621,0.009712106734514236,72628
940,30801920,0.996645768238595,4.5808769226074215,0.5588001728057861,0.010217111557722092,72572
950,31129600,0.9964757519537114,4.506233596801758,0.5464410305023193,0.010085631161928177,72560
960,31457280,0.9963015496366552,4.555012512207031,0.5636692047119141,0.010295362025499345,72560
970,31784960,0.9961231629206984,4.531818008422851,0.52650465965271,0.00993035063147545,72572
980,32112640,0.9959405934783451,4.505900955200195,0.5332184314727784,0.010090334713459015,72518
990,32440320,0.9957538430213158,4.4842273712158205,0.5444583415985107,0.010406126081943513,72532
1000,32768000,0.9955629133005303,4.497487258911133,0.5785083293914794,0.010585089772939682,72533
1010,33095680,0.9953678061060928,4.501576995849609,0.5599595546722412,0.010316005349159241,72531
1020,33423360,0.9951685232672738,4.456814956665039,0.5455979347229004,0.010338593274354935,72502
1030,33751040,0.9949650666524937,4.490933990478515,0.5530735492706299,0.01047239899635315,72536
1040,34078720,0.9947574381693048,4.435253143310547,0.5382734775543213,0.010298661142587661,72599
1050,34406400,0.9945456397643743,4.428073883056641,0.5313045978546143,0.010378318279981614,72453
1060,34734080,0.9943296734234646,4.452545166015625,0.5481605529785156,0.010518120229244232,72506
1070,35061760,0.994109541171416,4.418548583984375,0.5401176452636719,0.010438084602355957,72456
1080,35389440,0.993885245072127,4.41357192993164,0.5302380561828614,0.01054815873503685,72526
1090,35717120,0.9936567872285358,4.369452667236328,0.5372448444366456,0.010667140781879424,72544
1100,36044800,0.9934241697825988,4.3645469665527346,0.5441264152526856,0.010749524831771851,72494
1110,36372480,0.9931873949152726,4.3818504333496096,0.5418238162994384,0.01056743860244751,72537
1120,36700160,0.9929464648464924,4.389543533325195,0.5251924514770507,0.010802792012691497,72504
1130,37027840,0.9927013818351514,4.358615112304688,0.5258389949798584,0.010658910870552063,72554
1140,37355520,0.9924521481790796,4.3694404602050785,0.5466423988342285,0.010652809590101241,72518
1150,37683200,0.9921987662150219,4.361589050292968,0.5439332008361817,0.010804565995931626,72532
1160,38010880,0.9919412383186172,4.328716659545899,0.5316148281097413,0.01077839583158493,72497
1170,38338560,0.9916795669043754,4.34515151977539,0.5184915065765381,0.010863221436738967,72524
1180,38666240,0.9914137544256545,4.372820663452148,0.533453369140625,0.010859724879264832,72518
1190,38993920,0.9911438033746384,4.288952255249024,0.6142702579498291,0.011260885000228881,72548
1200,39321600,0.9908697162823128,4.3780364990234375,0.5526719093322754,0.01124349907040596,72579
1210,39649280,0.9905914957184417,4.305829620361328,0.5341469764709472,0.010824263840913773,72506
1220,39976960,0.9903091442915438,4.245312118530274,0.52080397605896,0.010814561694860458,72441
1230,40304640,0.9900226646488671,4.298268127441406,0.5152856349945069,0.010880982875823975,72401
1240,40632320,0.9897320594763651,4.232075119018555,0.5124950885772706,0.010941481590270996,72387
1250,40960000,0.9894373314986707,4.270068359375,0.5261617660522461,0.010815057158470153,72448
1260,41287680,0.9891384834790714,4.243540191650391,0.5192042350769043,0.010972545295953751,72685
1270,41615360,0.9888355182194829,4.237068939208984,0.5138601303100586,0.010848083347082139,72663
1280,41943040,0.9885284385604228,4.2440837860107425,0.5064348220825196,0.010908794403076173,72633
1290,42270720,0.9882172473809846,4.234021377563477,0.5190495014190674,0.010940822213888169,72433
1300,42598400,0.98790194759881,4.200407409667969,0.5109283447265625,0.010996679216623307,72412
1310,42926080,0.9875825421700617,4.225828170776367,0.5112447738647461,0.011004585027694701,72362
1320,43253760,0.9872590340893962,4.213829803466797,0.5075427055358886,0.011031424254179,72363
1330,43581440,0.9869314263899347,4.16700553894043,0.4938847541809082,0.010876405984163284,72442
1340,43909120,0.986599722143236,4.186053466796875,0.5018162250518798,0.011070439964532853,72334
1350,44236800,0.9862639244592665,4.189011001586914,0.5121023654937744,0.01109224557876587,72404
1360,44564480,0.9859240364863717,4.185249710083008,0.5071894645690918,0.011181259155273437,72385
1370,44892160,0.9855800614112464,4.1317192077636715,0.5068230628967285,0.011440225690603257,72381
1380,45219840,0.9852320024589052,4.1445056915283205,0.4936365604400635,0.011179399490356446,72318
1390,45547520,0.9848798628926516,4.101498794555664,0.49779453277587893,0.011088032275438309,72355
1400,45875200,0.984523646014048,4.132405471801758,0.5068986415863037,0.01133146658539772,72394
1410,46202880,0.9841633551628844,4.152874755859375,0.5031285285949707,0.01124955266714096,72384
1420,46530560,0.983798993717148,4.158112716674805,0.4906911849975586,0.011004777997732163,72381
1430,46858240,0.9834305650929893,4.155358505249024,0.4956803321838379,0.011095543205738068,72382
1440,47185920,0.983058072744693,4.116120529174805,0.506697702407837,0.01125306412577629,72336
1450,47513600,0.9826815201646432,4.096203231811524,0.4972947120666504,0.011182017624378204,72361
1460,47841280,0.982300910883292,4.084702682495117,0.49776744842529297,0.011335188150405883,72327
1470,48168960,0.9819162484691257,4.151346588134766,0.5166750907897949,0.011258275806903839,72309
1480,48496640,0.9815275365286322,4.109290695190429,0.49360289573669436,0.011359074711799621,72359
1490,48824320,0.9811347787062661,4.098321151733399,0.5055353164672851,0.01143525093793869,72347
1500,49152000,0.9807379786844153,4.116699981689453,0.4915419101715088,0.011297677457332612,72357
1510,49479680,0.980337140183366,4.087434005737305,0.5007291793823242,0.011325930804014206,72288
1520,49807360,0.9799322669612684,4.0680797576904295,0.4963870048522949,0.011518232524394989,72326
1530,50135040,0.9795233628141009,4.080410766601562,0.4758413314819336,0.011284855753183365,72316
1540,50462720,0.9791104315756348,4.012328338623047,0.4880268096923828,0.011420323699712753,72289
1550,50790400,0.9786934771173983,4.0921070098876955,0.48650665283203126,0.011321364343166352,72321
1560,51118080,0.9782725033486401,4.054892730712891,0.49309191703796384,0.011658786237239838,72354
1570,51445760,0.977847514216293,4.087783432006836,0.5005278587341309,0.011516626179218292,72346
1580,51773440,0.9774185137049364,4.105294799804687,0.5033294677734375,0.011258788406848907,72233
1590,52101120,0.9769855058367597,4.0321907043457035,0.49510841369628905,0.011584918946027756,72302
1600,52428800,0.9765484946715238,4.0760032653808596,0.4962580680847168,0.01154058426618576,72281
1610,52756480,0.9761074843065236,4.051140594482422,0.4963878631591797,0.011589085310697555,72286
1620,53084160,0.9756624788765493,4.021812820434571,0.4769124984741211,0.011263760924339294,72291
1630,53411840,0.975213482553848,3.9843399047851564,0.4825404644012451,0.011634795367717743,72338
1640,53739520,0.9747604995480836,4.006235885620117,0.48119168281555175,0.011488000303506852,72280
1650,54067200,0.9743035341062987,4.011024475097656,0.49321351051330564,0.011596324294805527,72268
1660,54394880,0.9738425905128739,3.977193832397461,0.48791189193725587,0.011480727046728135,72275
1670,54722560,0.9733776730894877,4.003327941894531,0.47774496078491213,0.011505636572837829,72269
1680,55050240,0.9729087861950766,3.980581283569336,0.48301382064819337,0.011625191569328308,72259
1690,55377920,0.972435934225793,4.002005767822266,0.4994161128997803,0.011691432446241379,72282
1700,55705600,0.9719591216149652,3.989954376220703,0.4926650047302246,0.011682936549186706,72306
1710,56033280,0.9714783528330554,3.9822940826416016,0.481885290145874,0.011950904875993729,72173
1720,56360960,0.9709936323876177,3.9974086761474608,0.48577132225036623,0.011847508698701858,72473
1730,56688640,0.9705049648232557,3.9682052612304686,0.487094783782959,0.01179039031267166,72306
1740,57016320,0.9700123547215803,3.9795673370361326,0.4818183422088623,0.01176474466919899,72444
1750,57344000,0.9695158067011665,3.9906734466552733,0.4845445156097412,0.011646540462970733,72218
1760,57671680,0.9690153254175102,3.9487728118896483,0.4798897266387939,0.011809627711772918,72216
1770,57999360,0.9685109155629843,3.9984703063964844,0.47184128761291505,0.01174323856830597,72246
1780,58327040,0.9680025818667949,3.9615528106689455,0.4713498592376709,0.011654406040906905,72260
1790,58654720,0.9674903290949369,3.961819076538086,0.47407116889953616,0.011631011962890625,72300
1800,58982400,0.96697416205015,3.9671489715576174,0.4882324695587158,0.011996893584728241,72195
1810,59310080,0.9664540855718718,3.9958614349365233,0.4848132610321045,0.011663725972175598,72202
1820,59637760,0.9659301045361949,3.97064208984375,0.4897293567657471,0.011793535202741623,72250
1830,59965440,0.9654022238558191,3.9758285522460937,0.4885858058929443,0.011792694032192231,72235
1840,60293120,0.9648704484800066,3.962744140625,0.47645320892333987,0.011954833567142487,72220
1850,60620800,0.9643347833945352,3.9281410217285155,0.4802098274230957,0.011881278455257415,72286
1860,60948480,0.9637952336216511,3.941263198852539,0.4815817832946777,0.012036876380443573,72247
1870,61276160,0.9632518042200229,3.9256019592285156,0.5131711006164551,0.011866530030965805,72289
1880,61603840,0.9627045002846928,3.9660911560058594,0.4960926532745361,0.012126216292381286,72191
1890,61931520,0.96215332694703,3.913621520996094,0.4799805641174316,0.01195041388273239,72230
1900,62259200,0.9615982893746823,3.939503860473633,0.4873963356018066,0.011937307566404343,72209
1910,62586880,0.9610393927715268,3.8844337463378906,0.4806793689727783,0.012116743624210358,72267
1920,62914560,0.9604766423776228,3.9538440704345703,0.49823789596557616,0.01193118914961815,72257
1930,63242240,0.9599100434691605,4.005945205688477,0.48189754486083985,0.011925339698791504,72229
1940,63569920,0.9593396013584137,3.8942497253417967,0.4785911560058594,0.011898309737443925,72188
1950,63897600,0.9587653213936885,3.8580856323242188,0.480841064453125,0.011902362853288651,72203
1960,64225280,0.9581872089592738,3.896106719970703,0.48212337493896484,0.012115278840065002,72206
1970,64552960,0.9576052694753903,3.9091320037841797,0.48087325096130373,0.011733528226613998,72194
1980,64880640,0.9570195083981407,3.9336029052734376,0.4852738857269287,0.012006910890340805,72138
1990,65208320,0.9564299312194574,3.870199203491211,0.47504267692565916,0.012239716947078705,72178
2000,65536000,0.9558365434670516,3.910767364501953,0.4797364234924316,0.01204637885093689,72162
2010,65863680,0.9552393507043617,3.847418212890625,0.4815081596374512,0.01197621151804924,72192
2020,66191360,0.9546383585305002,3.9063137054443358,0.484395170211792,0.012070952355861664,72127
2030,66519040,0.9540335725802023,3.9016948699951173,0.4853672504425049,0.012186668068170547,72146
2040,66846720,0.9534249985237726,3.903963088989258,0.473633861541748,0.012064750492572784,72167
2050,67174400,0.9528126420670315,3.922807312011719,0.4640310287475586,0.011928809434175491,72181
2060,67502080,0.9521965089512627,3.8868316650390624,0.4724614143371582,0.012041115760803222,72249
2070,67829760,0.9515766049531583,3.8520278930664062,0.48276748657226565,0.012227813899517059,72236
2080,68157440,0.9509529358847655,3.9170791625976564,0.4769228458404541,0.012055681645870208,72225
2090,68485120,0.9503255075934316,3.904901123046875,0.4768397331237793,0.011903234571218491,72169
2100,68812800,0.9496943259617492,3.8717857360839845,0.49115920066833496,0.01242855191230774,72153
2110,69140480,0.9490593969075014,3.8336166381835937,0.47722501754760743,0.012170755863189697,72159
2120,69468160,0.948420726383606,3.8722064971923826,0.47861924171447756,0.01219647228717804,72158
2130,69795840,0.9477783203780596,3.855023193359375,0.4634371280670166,0.012262093275785447,72216
2140,70123520,0.9471321849138822,3.858664321899414,0.47041854858398435,0.012162868678569794,72222
2150,70451200,0.9464823260490595,3.867618179321289,0.4698753833770752,0.012163516879081727,72192
2160,70778880,0.9458287498764869,3.8880599975585937,0.488891077041626,0.012135495245456696,72182
2170,71106560,0.9451714625239126,3.812693786621094,0.481644868850708,0.012235204875469207,72169
2180,71434240,0.9445104701538795,3.8258285522460938,0.46858062744140627,0.012311576306819916,72105
2190,71761920,0.9438457789636678,3.758087921142578,0.4711025238037109,0.012304167449474334,72196
2200,72089600,0.9431773951852368,3.8701454162597657,0.480253791809082,0.01225786879658699,72113
2210,72417280,0.9425053250851664,3.8590251922607424,0.47506561279296877,0.01219969168305397,72214
2220,72744960,0.9418295749645985,3.836370086669922,0.4683544158935547,0.012341447919607163,72170
2230,73072640,0.9411501511591778,3.8056129455566405,0.48002281188964846,0.012887495756149291,72193
2240,73400320,0.9404670600389926,3.773069381713867,0.47986249923706054,0.01226997971534729,72121
2250,73728000,0.9397803080085146,3.823314666748047,0.4833356857299805,0.01247105523943901,72169
2260,74055680,0.9390899015065397,3.852641296386719,0.4847131252288818,0.012238122522830963,72121
2270,74383360,0.9383958470061263,3.831853485107422,0.4755066394805908,0.01233336329460144,72129
2280,74711040,0.9376981510145364,3.821805953979492,0.4793212413787842,0.012498217821121215,72171
2290,75038720,0.9369968200731726,3.8489406585693358,0.48772401809692384,0.01245260015130043,72161
2300,75366400,0.9362918607575188,3.809513473510742,0.473797082901001,0.012331337481737138,72169
2310,75694080,0.9355832796770766,3.807210922241211,0.46316280364990237,0.01247798204421997,72172
2320,76021760,0.9348710834753048,3.7856517791748048,0.4638521194458008,0.012357845157384872,72108
2330,76349440,0.9341552788295563,3.784682846069336,0.4653862476348877,0.012455938011407852,72058
2340,76677120,0.9334358724510162,3.828205871582031,0.4862683296203613,0.012466289103031158,72083
2350,77004800,0.9327128710846379,3.7470088958740235,0.4745486259460449,0.01254323571920395,72178
2360,77332480,0.9319862815090807,3.7727283477783202,0.47867550849914553,0.012263785302639007,72126
2370,77660160,0.9312561105366457,3.8255516052246095,0.48164854049682615,0.012408948689699172,72156
2380,77987840,0.9305223650132127,3.737094497680664,0.4612231731414795,0.01248791441321373,72063
2390,78315520,0.929785051818175,3.797750473022461,0.4785789489746094,0.012421485781669617,72087
2400,78643200,0.9290441778643755,3.774648666381836,0.47213292121887207,0.012530878186225891,72067
2410,78970880,0.928299750098042,3.7954875946044924,0.4734484672546387,0.012497208267450332,72217
2420,79298560,0.9275517754987215,3.7881221771240234,0.4821342468261719,0.0125484898686409,72136
2430,79626240,0.9268002610792152,3.78970947265625,0.4920955657958984,0.012644132971763611,72099
2440,79953920,0.9260452138855131,3.8001651763916016,0.4703990459442139,0.012285866588354111,72116
2450,80281600,0.9252866409967271,3.873539352416992,0.490099573135376,0.012692736089229583,72083
2460,80609280,0.924524549525025,3.782474136352539,0.47169175148010256,0.012531307339668275,72141
2470,80936960,0.923758946615564,3.7890892028808594,0.473509407043457,0.01267596036195755,72073
2480,81264640,0.9229898394464237,3.81099853515625,0.4754056930541992,0.012920886278152466,72084
2490,81592320,0.922217235228538,3.750594711303711,0.4803758144378662,0.01244913786649704,72081
2500,81920000,0.9214411412056294,3.7683380126953123,0.46932182312011717,0.01247316598892212,72065
2510,82247680,0.9206615646541384,3.7127986907958985,0.4767016410827637,0.012724176049232483,72078
2520,82575360,0.9198785128831577,3.804463195800781,0.4779531478881836,0.012720325589179992,72109
2530,82903040,0.9190919932343625,3.742757034301758,0.48070950508117677,0.01279994547367096,72099
2540,83230720,0.9183020130819415,3.7361473083496093,0.4737668514251709,0.012609489262104034,72039
2550,83558400,0.9175085798325283,3.792344665527344,0.4751128196716309,0.012655770778656006,72024
2560,83886080,0.9167117009251322,3.7556591033935547,0.47211904525756837,0.012787152826786042,72049
2570,84213760,0.9159113838310676,3.7513011932373046,0.4782444477081299,0.012709791958332061,72059
2580,84541440,0.9151076360538841,3.7755916595458983,0.473264217376709,0.012764029204845428,72076
2590,84869120,0.9143004651292971,3.744669723510742,0.4647382736206055,0.012600621581077576,72058
2600,85196800,0.913489878625116,3.740979766845703,0.47376194000244143,0.012496225535869598,72044
2610,85524480,0.912675884141174,3.773362731933594,0.47776269912719727,0.01276913583278656,72009
2620,85852160,0.9118584893092562,3.7238258361816405,0.46771726608276365,0.012520016729831695,72046
2630,86179840,0.9110377017930288,3.733919143676758,0.4687502384185791,0.012916938960552215,72038
2640,86507520,0.9102135292879667,3.713361358642578,0.47990946769714354,0.01272132396697998,72112
2650,86835200,0.9093859795212818,3.7355571746826173,0.48222904205322265,0.012622042000293732,72073
2660,87162880,0.9085550602518495,3.721547317504883,0.46767511367797854,0.012835828959941864,72087
2670,87490560,0.9077207792701376,3.726421356201172,0.48735694885253905,0.01271011084318161,72023
2680,87818240,0.9068831443981318,3.7318546295166017,0.48094515800476073,0.012796549499034882,72026
2690,88145920,0.9060421634892631,3.745901870727539,0.4724878311157227,0.012780417501926423,72068
2700,88473600,0.9051978444283342,3.7213306427001953,0.48102784156799316,0.012926413118839264,72022
2710,88801280,0.9043501951314451,3.7218799591064453,0.4725333213806152,0.012927255034446717,72066
2720,89128960,0.9034992235459193,3.7075843811035156,0.4715263843536377,0.012764723598957061,72014
2730,89456640,0.9026449376502291,3.705372619628906,0.48018474578857423,0.012966488301753998,72046
2740,89784320,0.9017873454539209,3.7237998962402346,0.4743346214294434,0.012694068253040314,72058
2750,90112000,0.9009264549975401,3.7637474060058596,0.47812809944152834,0.01284554898738861,72030
2760,90439680,0.9000622743525556,3.688945770263672,0.4688431739807129,0.01297609955072403,72052
2770,90767360,0.899194811621284,3.726190948486328,0.476727294921875,0.012965598702430725,72010
2780,91095040,0.8983240749368143,3.6855400085449217,0.4785162448883057,0.01300305277109146,72063
2790,91422720,0.8974500724629308,3.717734146118164,0.47394394874572754,0.01283259242773056,72120
2800,91750400,0.896572812394037,3.6768798828125,0.4781824588775635,0.013109582662582397,72089
2810,92078080,0.8956923029550786,3.6912593841552734,0.4741119384765625,0.013182379305362701,72064
2820,92405760,0.8948085524014668,3.6931617736816404,0.4787236213684082,0.013103683292865754,72129
2830,92733440,0.8939215690190004,3.6891605377197267,0.4792827606201172,0.012835720181465149,72138
2840,93061120,0.8930313611237881,3.699816131591797,0.4693486213684082,0.01302100270986557,71991
2850,93388800,0.892137937062171,3.693057632446289,0.4674410343170166,0.012916681170463563,71993
2860,93716480,0.8912413052106443,3.680390167236328,0.48560585975646975,0.013371248543262482,72037
2870,94044160,0.890341473975778,3.6992530822753906,0.47777819633483887,0.013047853112220764,72023
2880,94371840,0.8894384517941388,3.7315628051757814,0.48333110809326174,0.013008368015289307,72047
2890,94699520,0.8885322471322111,3.6980140686035154,0.4820696353912354,0.012857782840728759,72055
2900,95027200,0.8876228684863171,3.719481658935547,0.4785148620605469,0.013017532229423524,72015
2910,95354880,0.8867103243825375,3.6692169189453123,0.4720137119293213,0.01291283667087555,71989
2920,95682560,0.8857946233766313,3.6431438446044924,0.46853017807006836,0.013136319816112518,72178
2930,96010240,0.8848757740539559,3.6801219940185548,0.4761131763458252,0.013155131042003632,71972
2940,96337920,0.8839537850293865,3.734259033203125,0.4718214511871338,0.01284392774105072,71999
2950,96665600,0.8830286649472348,3.689588165283203,0.469283390045166,0.012993344664573669,71977
2960,96993280,0.882100422481169,3.7079647064208983,0.4763052463531494,0.013120731711387635,72017
2970,97320960,0.8811690663341317,3.6679546356201174,0.4805084228515625,0.013301871716976166,72014
2980,97648640,0.8802346052382582,3.6746810913085937,0.4704894065856934,0.013029965758323669,72002
2990,97976320,0.8792970479547958,3.6883708953857424,0.47804460525512693,0.013044503331184388,72023
3000,98304000,0.8783564032740195,3.691669464111328,0.48346905708312987,0.013066421449184417,72075
3010,98631680,0.877412680015152,3.7133338928222654,0.48501362800598147,0.013127680122852325,72034
3020,98959360,0.8764658870262793,3.6528072357177734,0.48299851417541506,0.013177576661109924,72014
3030,99287040,0.8755160331842685,3.660906219482422,0.4786876678466797,0.013097025454044342,71985
3040,99614720,0.8745631273946847,3.6334842681884765,0.4680508613586426,0.013179676234722137,71972
3050,99942400,0.8736071785917066,3.657173919677734,0.47010130882263185,0.013167338073253631,72181
3060,100270080,0.8726481957380435,3.6270118713378907,0.4766517162322998,0.013248784840106964,72274
3070,100597760,0.8716861878248516,3.675223541259766,0.49404401779174806,0.013300259411334992,72015
3080,100925440,0.8707211638716489,3.691020202636719,0.4864307403564453,0.013188226521015168,72021
3090,101253120,0.8697531329262307,3.668948745727539,0.4802717685699463,0.013190178573131562,72045
3100,101580800,0.8687821040645854,3.643777847290039,0.4767284870147705,0.013391418755054474,71991
3110,101908480,0.8678080863908089,3.6329490661621096,0.47235426902770994,0.013328881561756134,71989
3120,102236160,0.8668310890370192,3.6396163940429687,0.4830320358276367,0.01303039789199829,71970
3130,102563840,0.8658511211632715,3.6855369567871095,0.4768369674682617,0.013219594955444336,72005
3140,102891520,0.8648681919574708,3.6517578125,0.4739978790283203,0.013245332241058349,72007
3150,103219200,0.8638823106352876,3.6460548400878907,0.46815805435180663,0.01322677880525589,72056
3160,103546880,0.8628934864400705,3.656633758544922,0.4795673370361328,0.013304784893989563,72078
3170,103874560,0.861901728642759,3.6588718414306642,0.4727480411529541,0.013249671459197998,72041
3180,104202240,0.8609070465417982,3.6186092376708983,0.4730704307556152,0.013244546949863434,72002
3190,104529920,0.8599094494630499,3.683405303955078,0.4833549499511719,0.013460007309913636,72016
3200,104857600,0.858908946759706,3.671084976196289,0.4824514865875244,0.01327912211418152,72005
3210,105185280,0.8579055478122014,3.6355003356933593,0.48265910148620605,0.013506601750850677,71987
3220,105512960,0.8568992620281244,3.635881805419922,0.4921365737915039,0.013381245732307433,72002
3230,105840640,0.8558900988421302,3.6762699127197265,0.4865161895751953,0.013252569735050202,72008
3240,106168320,0.8548780677158514,3.6408905029296874,0.4854072093963623,0.01341501772403717,72001
3250,106496000,0.8538631781378098,3.6304859161376952,0.47786908149719237,0.013319960236549378,71995
3260,106823680,0.8528454396233269,3.688739013671875,0.4827082633972168,0.013187870383262634,72006
3270,107151360,0.8518248617144356,3.629587173461914,0.4771202564239502,0.013609454035758972,72003
3280,107479040,0.8508014539797896,3.590741729736328,0.48682546615600586,0.013435292243957519,71966
3290,107806720,0.8497752260145746,3.6328289031982424,0.48795242309570314,0.013486513495445251,72052
3300,108134400,0.8487461874404177,3.6222255706787108,0.4778111934661865,0.013155598938465119,72039
3310,108462080,0.8477143479052979,3.60206298828125,0.47814207077026366,0.013525784015655518,71999
3320,108789760,0.846679717083455,3.6508773803710937,0.4777699947357178,0.013164743781089783,71967
3330,109117440,0.845642304675299,3.636791229248047,0.47739100456237793,0.013540606200695037,71918
3340,109445120,0.8446021204073193,3.6012744903564453,0.47878546714782716,0.013518215715885162,71978
3350,109772800,0.8435591740319939,3.6578342437744142,0.4808497428894043,0.013364297151565552,71895
3360,110100480,0.842513475327697,3.603531265258789,0.47995338439941404,0.013749998807907105,72010
3370,110428160,0.8414650340986083,3.6588623046875,0.4805132865905762,0.013405305147171021,72000
3380,110755840,0.8404138601746204,3.6128726959228517,0.48078436851501466,0.013507506251335144,72018
3390,111083520,0.8393599634112467,3.62862548828125,0.4883099555969238,0.013558454811573029,71952
3400,111411200,0.8383033536895299,3.6322975158691406,0.4910454273223877,0.013734635710716248,71988
3410,111738880,0.8372440409159477,3.6135448455810546,0.47106447219848635,0.013538514077663422,71957
3420,112066560,0.8361820350223216,3.598188018798828,0.4804529190063477,0.013426460325717926,71958
3430,112394240,0.8351173459657227,3.6654788970947267,0.4892920970916748,0.013488109409809112,71974
3440,112721920,0.8340499837283787,3.6554443359375,0.48074893951416015,0.013583855330944061,72006
3450,113049600,0.8329799583175806,3.6114131927490236,0.476151704788208,0.013538321852684021,71994
3460,113377280,0.831907279765588,3.5905693054199217,0.4941453456878662,0.013625906407833099,71992
3470,113704960,0.8308319581295361,3.6233448028564452,0.4837794303894043,0.013377894461154938,71982
3480,114032640,0.8297540034913407,3.609770965576172,0.4902829647064209,0.013628432154655456,71918
3490,114360320,0.8286734259576041,3.5384864807128906,0.4837947845458984,0.01374911069869995,71976
3500,114688000,0.8275902356595198,3.6177791595458983,0.480176305770874,0.01366749107837677,72037
3510,115015680,0.8265044427527782,3.645485687255859,0.4750913143157959,0.013520614802837371,72059
3520,115343360,0.8254160574174707,3.6132568359375,0.48104267120361327,0.01348869949579239,72003
3530,115671040,0.824325089857995,3.594417190551758,0.4786360263824463,0.013626816868782043,71970
3540,115998720,0.8232315503029586,3.625794219970703,0.47726755142211913,0.013623370230197907,71971
3550,116326400,0.8221354490050835,3.5806983947753905,0.4773252487182617,0.01372227668762207,71944
3560,116654080,0.8210367962411099,3.614450454711914,0.48376641273498533,0.01360759437084198,71935
3570,116981760,0.8199356023116999,3.61226806640625,0.47907657623291017,0.013721339404582977,71968
3580,117309440,0.8188318775413406,3.5708690643310548,0.48120713233947754,0.013766072690486908,71979
3590,117637120,0.8177256322782479,3.589063262939453,0.4761143684387207,0.01368747055530548,72014
3600,117964800,0.8166168768942689,3.633159637451172,0.4848047733306885,0.013533137738704681,71918
3610,118292480,0.8155056217847848,3.540754699707031,0.47628064155578614,0.01386680155992508,71985
3620,118620160,0.814391877368614,3.541115570068359,0.4889647960662842,0.014099386334419251,71896
3630,118947840,0.8132756540879134,3.552970123291016,0.4858603000640869,0.014319069683551788,71986
3640,119275520,0.8121569624080812,3.545418548583984,0.48474826812744143,0.014296752214431763,72040
3650,119603200,0.811035812817659,3.5352859497070312,0.48217020034790037,0.014265644550323486,71959
3660,119930880,0.8099122158282326,3.504322814941406,0.47507343292236326,0.014508117735385895,71970
3670,120258560,0.8087861819743342,3.4962318420410154,0.48180322647094725,0.014406397938728333,71944
3680,120586240,0.807657721813343,3.5439132690429687,0.47821598052978515,0.014146417379379272,71944
3690,120913920,0.8065268459253873,3.485332489013672,0.4782055377960205,0.014351153373718261,71940
3700,121241600,0.8053935649132437,3.5290679931640625,0.4800105571746826,0.014432728290557861,71924
3710,121569280,0.8042578894022393,3.5148712158203126,0.46927504539489745,0.014327366650104523,71918
3720,121896960,0.803119830040151,3.500325393676758,0.4752234935760498,0.01459573656320572,71945
3730,122224640,0.8019793974971061,3.4909801483154297,0.4768999099731445,0.014570632576942444,71941
3740,122552320,0.800836602465482,3.5178943634033204,0.49973421096801757,0.014685951173305511,71981
3750,122880000,0.7996914556598066,3.532381057739258,0.4864797115325928,0.014401212334632874,71897
3760,123207680,0.7985439678166568,3.4789249420166017,0.4877776622772217,0.014722564816474914,71881
3770,123535360,0.797394149694559,3.524793243408203,0.48926715850830077,0.014722590148448945,71902
3780,123863040,0.796242012073887,3.5271068572998048,0.48613438606262205,0.014611513912677765,71872
3790,124190720,0.7950875657567622,3.5125125885009765,0.4800693511962891,0.014712971448898316,71934
3800,124518400,0.7939308215669512,3.5474830627441407,0.4893160343170166,0.014507681131362915,71917
3810,124846080,0.7927717903497652,3.528444290161133,0.4827406883239746,0.014763742685317993,71925
3820,125173760,0.7916104829719576,3.535207748413086,0.49103965759277346,0.01459740400314331,71920
3830,125501440,0.7904469103216227,3.511212158203125,0.4789286136627197,0.01440480351448059,71916
3840,125829120,0.7892810833080932,3.528009033203125,0.4984412670135498,0.014628279209136962,71935
3850,126156800,0.7881130128618383,3.5045917510986326,0.4892001152038574,0.014655488729476928,71922
3860,126484480,0.7869427099343606,3.513924407958984,0.5047132492065429,0.014870591461658478,71921
3870,126812160,0.7857701854980944,3.523917007446289,0.48715939521789553,0.014823353290557862,71956
3880,127139840,0.7845954505463014,3.520720672607422,0.48456616401672364,0.014831167459487916,71960
3890,127467520,0.7834185160929696,3.4728275299072267,0.4898976802825928,0.014728845655918121,71903
3900,127795200,0.7822393931727079,3.5023448944091795,0.4785610198974609,0.01483663022518158,71895
3910,128122880,0.7810580928406442,3.5092029571533203,0.4819030284881592,0.014623555541038512,71929
3920,128450560,0.779874626172321,3.4730274200439455,0.4792790412902832,0.014931781589984894,71921
3930,128778240,0.7786890042635919,3.496841049194336,0.47866272926330566,0.01483275592327118,71956
3940,129105920,0.7775012382305171,3.507231521606445,0.4840678691864014,0.014685699343681335,72029
3950,129433600,0.7763113392092603,3.519979476928711,0.48616557121276854,0.014767244458198547,72027
3960,129761280,0.7751193183559826,3.5004348754882812,0.4876118183135986,0.014861831068992614,72005
3970,130088960,0.7739251868467393,3.525752639770508,0.4803192138671875,0.014901427924633026,72006
3980,130416640,0.7727289558773743,3.503265380859375,0.4869565010070801,0.014738500118255615,71980
3990,130744320,0.7715306366634161,3.4743675231933593,0.49432034492492677,0.014937569200992585,71941
4000,131072000,0.7703302404399711,3.5055492401123045,0.5011227130889893,0.014874641597270966,71968
4010,131399680,0.7691277784616201,3.559819793701172,0.49440274238586424,0.014712537825107574,71973
4020,131727360,0.7679232620023108,3.5697959899902343,0.4969327926635742,0.014867283403873444,72019
4030,132055040,0.7667167023552541,3.503458786010742,0.49222760200500487,0.014980527758598327,72016
4040,132382720,0.7655081108328167,3.5249954223632813,0.48991570472717283,0.014773178100585937,71989
4050,132710400,0.7642974987664158,3.536554718017578,0.4780135154724121,0.014714933931827545,71973
4060,133038080,0.7630848775064126,3.504902648925781,0.48549203872680663,0.014986324310302734,71941
4070,133365760,0.7618702584220061,3.498762512207031,0.48172812461853026,0.014868855476379395,71946
4080,133693440,0.760653652901126,3.5577533721923826,0.5018340110778808,0.014927642047405243,71954
4090,134021120,0.7594350723503267,3.5125965118408202,0.49704837799072266,0.014994356036186218,72018
4100,134348800,0.7582145281946793,3.483657455444336,0.4855520725250244,0.014971853792667389,71990
4110,134676480,0.756992031877666,3.4968647003173827,0.4950582504272461,0.015147092938423156,71988
4120,135004160,0.7557675948610709,3.4732913970947266,0.49497532844543457,0.01482202559709549,71980
4130,135331840,0.7545412286248747,3.498920440673828,0.4977255344390869,0.015123820304870606,71972
4140,135659520,0.7533129446671448,3.4936752319335938,0.48654894828796386,0.015032196044921875,71943
4150,135987200,0.7520827545039296,3.5406429290771486,0.490657901763916,0.014969347417354584,71861
4160,136314880,0.7508506696691486,3.490161895751953,0.49160099029541016,0.014913718402385711,71934
4170,136642560,0.7496167017144862,3.4278995513916017,0.49612722396850584,0.015409278869628906,72025
4180,136970240,0.7483808622092816,3.4752056121826174,0.49150791168212893,0.015009894967079163,71994
4190,137297920,0.7471431627404215,3.5244083404541016,0.4876721858978271,0.015087351202964783,71950
4200,137625600,0.745903614912231,3.509572219848633,0.4882622718811035,0.015078608691692353,71973
4210,137953280,0.7446622303463651,3.459511947631836,0.48517675399780275,0.015217971801757813,71895
4220,138280960,0.7434190206816993,3.465982437133789,0.4922817230224609,0.015467722713947297,71894
4230,138608640,0.7421739975742209,3.479243850708008,0.48713908195495603,0.015140438079833984,72029
4240,138936320,0.7409271726969192,3.496874237060547,0.48680434226989744,0.015132859349250793,72030
4250,139264000,0.739678557739677,3.4694591522216798,0.48568019866943357,0.015118657052516938,71987
4260,139591680,0.7384281644091596,3.472403335571289,0.4883873462677002,0.015052118897438049,71970
4270,139919360,0.7371760044287066,3.5005470275878907,0.48554582595825196,0.01517910361289978,71965
4280,140247040,0.7359220895382207,3.51977653503418,0.4901264190673828,0.01514233648777008,71920
4290,140574720,0.7346664314940586,3.4821846008300783,0.48725290298461915,0.015281271934509278,71943
4300,140902400,0.7334090420689195,3.4915744781494142,0.4882338523864746,0.015344434976577758,71979
4310,141230080,0.7321499330517367,3.5134033203125,0.48731098175048826,0.01511910855770111,71998
4320,141557760,0.7308891162475648,3.42088623046875,0.4901174545288086,0.015279249846935272,72003
4330,141885440,0.7296266034774711,3.456634521484375,0.4957477569580078,0.015264777839183808,71995
4340,142213120,0.7283624065784229,3.5042224884033204,0.49421844482421873,0.015182326734066009,71973
4350,142540800,0.7270965374031781,3.4822025299072266,0.4988836765289307,0.01527567207813263,71961
4360,142868480,0.7258290078201731,3.5042762756347656,0.49363412857055666,0.015277108550071717,71904
4370,143196160,0.7245598297134122,3.4652355194091795,0.48202176094055177,0.01514885127544403,71933
4380,143523840,0.7232890149823548,3.440842056274414,0.4949460983276367,0.015318197011947633,72048
4390,143851520,0.7220165755418062,3.5307960510253906,0.49521842002868655,0.015247726440429687,71976
4400,144179200,0.7207425233218033,3.4860763549804688,0.49416770935058596,0.015302602946758271,71936
4410,144506880,0.7194668702675051,3.4640777587890623,0.4851285457611084,0.015238536894321442,71991
4420,144834560,0.7181896283390784,3.477738952636719,0.4976682186126709,0.015195047855377198,71975
4430,145162240,0.7169108095115878,3.522863006591797,0.493977689743042,0.015377017855644225,71952
4440,145489920,0.7156304257748818,3.549468994140625,0.4951375961303711,0.014975798130035401,71948
4450,145817600,0.7143484891334817,3.470795440673828,0.49210500717163086,0.01535283774137497,72034
4460,146145280,0.7130650116064676,3.4909637451171873,0.5078414440155029,0.015172329545021058,71980
4470,146472960,0.7117800052273675,3.461383056640625,0.48547048568725587,0.015307790040969849,71985
4480,146800640,0.7104934820440424,3.4890396118164064,0.4872310638427734,0.015212634205818176,71914
4490,147128320,0.7092054541185756,3.4231449127197267,0.49656124114990235,0.01573963016271591,71986
4500,147456000,0.7079159335271571,3.469578170776367,0.4901895046234131,0.015437959134578705,71905
4510,147783680,0.706624932359973,3.4464431762695313,0.5003994464874267,0.015386119484901428,71895
4520,148111360,0.7053324627210901,3.4701160430908202,0.5068443298339844,0.01537359058856964,71984
4530,148439040,0.7040385367283435,3.4914417266845703,0.4990877628326416,0.015340390801429748,72004
4540,148766720,0.7027431665132223,3.4800540924072267,0.499418830871582,0.015145398676395416,71984
4550,149094400,0.7014463642207569,3.508779525756836,0.505610466003418,0.01538475751876831,71975
4560,149422080,0.7001481420094037,3.5100788116455077,0.4963530540466309,0.015310068428516389,71929
4570,149749760,0.6988485120509323,3.4349056243896485,0.48940553665161135,0.015248879790306091,71936
4580,150077440,0.6975474865303111,3.4215526580810547,0.5002182483673095,0.015706050395965575,71929
4590,150405120,0.6962450776455922,3.455397033691406,0.4964903831481934,0.015311220288276672,71979
4600,150732800,0.6949412976077985,3.455276107788086,0.4904012203216553,0.015480108559131622,72028
4610,151060480,0.6936361586408081,3.4525707244873045,0.4996300220489502,0.015561389923095702,71999
4620,151388160,0.69232967298124,3.4825119018554687,0.5058137893676757,0.015352800488471985,71986
4630,151715840,0.6910218528783397,3.4565284729003904,0.48905048370361326,0.015453754365444184,71957
4640,152043520,0.6897127105938634,3.445962905883789,0.4908585071563721,0.0153669074177742,71869
4650,152371200,0.6884022584019649,3.468111038208008,0.49998035430908205,0.01546315997838974,71949
4660,152698880,0.6870905085890778,3.507722091674805,0.4956075668334961,0.015642106533050537,71955
4670,153026560,0.6857774734538034,3.4168304443359374,0.49596552848815917,0.015511587262153625,72018
4680,153354240,0.6844631653067923,3.5104549407958983,0.5119331359863282,0.015494956076145172,71989
4690,153681920,0.6831475964706318,3.4415561676025392,0.49997782707214355,0.015498185157775879,71988
4700,154009600,0.6818307792797282,3.4603424072265625,0.5052036285400391,0.015218529105186462,71969
4710,154337280,0.6805127260801929,3.4739185333251954,0.5082822799682617,0.015533339977264405,71956
4720,154664960,0.6791934492297244,3.4166149139404296,0.4912750720977783,0.015469719469547272,71935
4730,154992640,0.6778729610974953,3.4485713958740236,0.4919723033905029,0.015352389216423035,71953
4740,155320320,0.6765512740640338,3.4673267364501954,0.49045815467834475,0.01550910472869873,71984
4750,155648000,0.6752284005211093,3.4338130950927734,0.507729434967041,0.015854251384735108,71997
4760,155975680,0.673904352871615,3.431247329711914,0.4977134704589844,0.015587295591831207,71974
4770,156303360,0.672579143529453,3.4814373016357423,0.49866690635681155,0.015356221795082092,71962
4780,156631040,0.6712527849194161,3.4939075469970704,0.5118332386016846,0.015586382150650025,71962
4790,156958720,0.6699252894770732,3.4440681457519533,0.4952515125274658,0.015535573661327361,71941
4800,157286400,0.6685966696486513,3.4179454803466798,0.49162726402282714,0.015556401014328003,71893
4810,157614080,0.6672669378909196,3.4561931610107424,0.4941417694091797,0.015436862409114838,71954
4820,157941760,0.6659361066710721,3.4684833526611327,0.49108352661132815,0.015609034895896911,71959
4830,158269440,0.6646041884666117,3.4154197692871096,0.4985504150390625,0.015603531897068024,71982
4840,158597120,0.6632711957652315,3.397457504272461,0.4939262390136719,0.015813817083835603,71927
4850,158924800,0.6619371410647003,3.5025218963623046,0.5017644882202148,0.015513727068901062,71929
4860,159252480,0.6606020368727422,3.4456764221191407,0.4997659206390381,0.015733808279037476,71898
4870,159580160,0.6592658957069224,3.5040023803710936,0.5013957023620605,0.015748919546604158,71928
4880,159907840,0.6579287300945278,3.4951812744140627,0.5001859188079834,0.015502291917800903,71952
4890,160235520,0.6565905525724504,3.4207088470458986,0.4946569919586182,0.01568199098110199,71968
4900,160563200,0.6552513756870694,3.4743404388427734,0.5046549320220948,0.015428869426250458,71974
4910,160890880,0.6539112119941342,3.4343223571777344,0.4935493469238281,0.015799714624881743,71943
4920,161218560,0.6525700740586455,3.432604217529297,0.5078814029693604,0.015632031857967375,71955
4930,161546240,0.6512279744547392,3.4335098266601562,0.5067473411560058,0.015649279952049254,71941
4940,161873920,0.6498849257655668,3.4274696350097655,0.49286184310913084,0.015788911283016203,71922
4950,162201600,0.6485409405831785,3.466488265991211,0.512783145904541,0.015660670399665833,71941
4960,162529280,0.647196031508404,3.4056167602539062,0.49924254417419434,0.01583583801984787,72006
4970,162856960,0.6458502111507368,3.4279335021972654,0.490116024017334,0.015917690098285676,71975
4980,163184640,0.6445034921282127,3.433335876464844,0.49556336402893064,0.015629923343658446,71948
4990,163512320,0.6431558870672941,3.4119007110595705,0.5041996002197265,0.016007450222969056,71919
5000,163840000,0.6418074086027501,3.4356712341308593,0.49452900886535645,0.015559077262878418,71912
5010,164167680,0.6404580693775391,3.4464187622070312,0.4934070587158203,0.01604701578617096,71906
5020,164495360,0.6391078820426891,3.4420940399169924,0.49668335914611816,0.01560257375240326,71945
5030,164823040,0.6377568592571806,3.417105484008789,0.5002665519714355,0.01590406596660614,71998
5040,165150720,0.6364050136878261,3.4425884246826173,0.5064103126525878,0.015635818243026733,71984
5050,165478400,0.6350523580091532,3.394875717163086,0.4985616207122803,0.015914368629455566,71965
5060,165806080,0.633698904903284,3.4788211822509765,0.4973705291748047,0.015808656811714172,71948
5070,166133760,0.6323446670598178,3.408645248413086,0.49783754348754883,0.015905937552452086,71926
5080,166461440,0.6309896571757111,3.4511459350585936,0.5016742706298828,0.015975388884544372,71924
5090,166789120,0.6296338879551584,3.4260520935058594,0.49854888916015627,0.015873633325099945,71898
5100,167116800,0.6282773721094742,3.4333267211914062,0.5054092884063721,0.015679019689559936,71939
5110,167444480,0.6269201223569729,3.423452377319336,0.49863243103027344,0.015848205983638765,71946
5120,167772160,0.6255621514228498,3.442304992675781,0.5001856803894043,0.01578056514263153,71938
5130,168099840,0.6242034720390616,3.415721893310547,0.5062692642211915,0.016016560792922973,71896
5140,168427520,0.6228440969442075,3.436165618896484,0.5065920352935791,0.015792606770992278,71918
5150,168755200,0.6214840388834093,3.407342529296875,0.4976043701171875,0.01577439308166504,71929
5160,169082880,0.6201233106081924,3.397624969482422,0.5009311199188232,0.01586865484714508,71927
5170,169410560,0.6187619248763655,3.4080520629882813,0.490953254699707,0.015887750685214995,71957
5180,169738240,0.6173998944519019,3.4080997467041017,0.49624881744384763,0.015806256234645842,71994
5190,170065920,0.616037232104819,3.4475238800048826,0.4921440124511719,0.01587619334459305,71982
5200,170393600,0.6146739506110591,3.4467945098876953,0.49431509971618653,0.015940025448799133,71893
5210,170721280,0.6133100627523693,3.4195106506347654,0.5041780471801758,0.015842175483703612,71948
5220,171048960,0.611945581316182,3.4303520202636717,0.5122235298156739,0.016044998168945314,71902
5230,171376640,0.6105805190954947,3.4214462280273437,0.5098880290985107,0.0159322589635849,71892
5240,171704320,0.6092148888887502,3.423223876953125,0.5060009002685547,0.01594121605157852,71906
5250,172032000,0.6078487034997166,3.415944290161133,0.49108099937438965,0.015922483801841737,71972
5260,172359680,0.6064819757373673,3.4074375152587892,0.5091358661651612,0.01616482436656952,71948
5270,172687360,0.6051147184157606,3.4500137329101563,0.5024021148681641,0.01580195426940918,71916
5280,173015040,0.6037469443539201,3.418536376953125,0.5064574718475342,0.015929530560970306,71915
5290,173342720,0.6023786663757138,3.4625518798828123,0.5060957431793213,0.0158414363861084,71865
5300,173670400,0.6010098973097349,3.4316947937011717,0.5118173122406006,0.01577860563993454,71875
5310,173998080,0.5996406499891803,3.4267803192138673,0.513068675994873,0.016138969361782073,71908
5320,174325760,0.5982709372517313,3.471288299560547,0.5028821945190429,0.015814533829689024,71950
5330,174653440,0.5969007719394325,3.4331336975097657,0.4987969398498535,0.01615597903728485,71972
5340,174981120,0.595530166898572,3.422494888305664,0.4994652271270752,0.01615731865167618,71921
5350,175308800,0.5941591349795604,3.4704383850097655,0.5150389671325684,0.016007226705551148,71944
5360,175636480,0.5927876890368109,3.438956451416016,0.5078612327575683,0.01597176492214203,71904
5370,175964160,0.5914158419286181,3.4319179534912108,0.5098002910614013,0.01616603136062622,71791
5380,176291840,0.5900436065170381,3.407366180419922,0.5082526683807373,0.016005633771419524,71866
5390,176619520,0.5886709956677676,3.3896228790283205,0.4969342231750488,0.015996719896793365,71995
5400,176947200,0.5872980222500231,3.3997386932373046,0.5009901046752929,0.016046494245529175,71946
5410,177274880,0.5859246991364209,3.4512168884277346,0.5050609588623047,0.016056230664253233,71918
5420,177602560,0.5845510392028553,3.4007919311523436,0.5035608291625977,0.01622922718524933,71929
5430,177930240,0.5831770553283789,3.3911022186279296,0.5055830478668213,0.016096627712249754,71924
5440,178257920,0.5818027603950815,3.388520431518555,0.5056244850158691,0.01632266938686371,71919
5450,178585600,0.5804281672879694,3.381552505493164,0.5061559677124023,0.016241618990898134,71886
5460,178913280,0.5790532888948441,3.4463008880615233,0.5123071193695068,0.016043420135974883,71940
5470,179240960,0.5776781381061821,3.382923126220703,0.5030690193176269,0.01610059440135956,71959
5480,179568640,0.5763027278150139,3.430513381958008,0.5146554946899414,0.016154807806015015,71994
5490,179896320,0.574927070916803,3.4085624694824217,0.5121532917022705,0.016052520275115965,71954
5500,180224000,0.5735511803093248,3.403498077392578,0.5145188331604004,0.016236333549022673,71898
5510,180551680,0.5721750688925461,3.349959945678711,0.5103626728057862,0.016398502886295317,71893
5520,180879360,0.5707987495685038,3.3774524688720704,0.5128656387329101,0.016318315267562868,71859
5530,181207040,0.5694222352411844,3.375203323364258,0.5065401077270508,0.016227984428405763,71916
5540,181534720,0.5680455388164022,3.403369140625,0.5016090869903564,0.015994979441165923,71926
5550,181862400,0.5666686732016791,3.400954818725586,0.5095909118652344,0.016387759149074553,71936
5560,182190080,0.5652916513061234,3.4368911743164063,0.511194896697998,0.01604273319244385,71899
5570,182517760,0.5639144860403084,3.3138099670410157,0.5069571495056152,0.016432063281536104,71909
5580,182845440,0.5625371903161515,3.4244564056396483,0.5129354476928711,0.016154126822948457,71877
5590,183173120,0.5611597770467935,3.4056724548339843,0.5171802520751954,0.016192327439785003,71930
5600,183500800,0.5597822591464775,3.375469207763672,0.5120745182037354,0.016134828329086304,71866
5610,183828480,0.558404649530427,3.393868255615234,0.5070368766784668,0.01622236967086792,71962
5620,184156160,0.5570269611147256,3.406121826171875,0.5102173805236816,0.01623350977897644,71809
5630,184483840,0.5556492068161959,3.3640201568603514,0.5079189777374268,0.016404733061790466,71875
5640,184811520,0.5542713995522782,3.451582336425781,0.5081538677215576,0.01607665866613388,71877
5650,185139200,0.5528935522409091,3.3817134857177735,0.5104406356811524,0.016459377110004426,71853
5660,185466880,0.5515156778004009,3.3801097869873047,0.5137532711029053,0.016381381452083586,71815
5670,185794560,0.5501377891493202,3.382070541381836,0.5157509803771972,0.01649582087993622,71857
5680,186122240,0.5487598992063668,3.371090316772461,0.5145204544067383,0.016412650048732758,71850
5690,186449920,0.5473820208902527,3.3878337860107424,0.5220752716064453,0.016520264744758605,71906
5700,186777600,0.5460041671195811,3.4054779052734374,0.5049003601074219,0.01612352579832077,71901
5710,187105280,0.5446263508127244,3.3679141998291016,0.5081865310668945,0.016295623779296876,71862
5720,187432960,0.5432485848877042,3.3886974334716795,0.5129603385925293,0.016256973147392273,71856
5730,187760640,0.5418708822620698,3.3396636962890627,0.508928632736206,0.01660274565219879,71863
5740,188088320,0.5404932558527771,3.4186016082763673,0.5168469429016114,0.016251479089260102,71843
5750,188416000,0.5391157185760669,3.428514862060547,0.5107944488525391,0.016309550404548644,71883
5760,188743680,0.5377382833473449,3.3753677368164063,0.5167845249176025,0.01642654538154602,71913
5770,189071360,0.5363609630810594,3.4003459930419924,0.5193531036376953,0.016524967551231385,71890
5780,189399040,0.5349837706905818,3.4380931854248047,0.5185728073120117,0.016377808153629304,71871
5790,189726720,0.5336067190880835,3.379843902587891,0.5022982597351074,0.01657027453184128,71864
5800,190054400,0.5322298211844166,3.3697124481201173,0.5068433284759521,0.016351519525051116,71901
5810,190382080,0.5308530898889919,3.406299591064453,0.5104554176330567,0.016552874445915224,71819
5820,190709760,0.5294765381096584,3.347064208984375,0.5175899028778076,0.016362932324409486,71885
5830,191037440,0.5281001787525816,3.4192501068115235,0.515892219543457,0.016398286819458006,71909
5840,191365120,0.5267240247221232,3.3815818786621095,0.5157991886138916,0.016355933248996736,71884
5850,191692800,0.5253480889207195,3.3799312591552733,0.5025810241699219,0.016363973915576934,71916
5860,192020480,0.5239723842487612,3.3980457305908205,0.5202175140380859,0.01657683253288269,71827
5870,192348160,0.5225969236044717,3.375242233276367,0.5095799922943115,0.01646406352519989,71907
5880,192675840,0.5212217198837865,3.356805419921875,0.516685676574707,0.016443167626857758,71862
5890,193003520,0.5198467859802323,3.3942527770996094,0.5181034564971924,0.016579192876815797,71900
5900,193331200,0.5184721347848061,3.3596683502197267,0.5148830413818359,0.01659945398569107,71938
5910,193658880,0.517097779185854,3.3710868835449217,0.510069751739502,0.016421884298324585,71909
5920,193986560,0.5157237320689512,3.375172805786133,0.504209327697754,0.016332827508449554,71870
5930,194314240,0.5143500063167802,3.3427318572998046,0.5145646572113037,0.016469837725162507,71846
5940,194641920,0.512976614809011,3.338454818725586,0.5120865821838378,0.016448390483856202,71882
5950,194969600,0.511603570422179,3.3535625457763674,0.5219252586364747,0.016474491357803343,71843
5960,195297280,0.5102308860295659,3.360926055908203,0.5098811149597168,0.016815513372421265,71860
5970,195624960,0.5088585745010776,3.352260208129883,0.5082188606262207,0.016403248906135558,71909
5980,195952640,0.5074866487031249,3.389400863647461,0.516956901550293,0.016432353854179384,71918
5990,196280320,0.5061151214985009,3.3518253326416017,0.5153104305267334,0.016708603501319884,71896
6000,196608000,0.5047440057462628,3.336786651611328,0.5201218128204346,0.016846190392971038,71872
6010,196935680,0.5033733143016093,3.451104736328125,0.5089153289794922,0.016236087679862975,71865
6020,197263360,0.5020030600157616,3.358571243286133,0.5106778144836426,0.016587063670158386,71817
6030,197591040,0.5006332557358414,3.386524963378906,0.5179088592529297,0.016369105875492097,71950
6040,197918720,0.49926391430475203,3.35958251953125,0.5145685195922851,0.016597700119018555,72030
6050,198246400,0.49789504856105693,3.3611572265625,0.5215392589569092,0.016639918088912964,71956
6060,198574080,0.49652667133885986,3.402482604980469,0.5192306041717529,0.01686067581176758,71880
6070,198901760,0.4951587954676837,3.3505069732666017,0.5212399005889893,0.016531039774417878,71883
6080,199229440,0.4937914337723516,3.378936004638672,0.5124822139739991,0.016881436109542847,71855
6090,199557120,0.4924245990728654,3.332184600830078,0.5127023696899414,0.01651228964328766,71857
6100,199884800,0.49105830418428653,3.39417724609375,0.5212400913238525,0.01638704538345337,71843
6110,200212480,0.48969256191661437,3.374637985229492,0.5186131000518799,0.016744033992290498,71884
6120,200540160,0.4883273850746681,3.3587272644042967,0.5071535587310791,0.016715621948242186,71893
6130,200867840,0.486962786457965,3.3720928192138673,0.5153460502624512,0.01698356568813324,71876
6140,201195520,0.48559877886060143,3.3411365509033204,0.5200436592102051,0.016813915967941285,71891
6150,201523200,0.484235375071132,3.380026626586914,0.5104938983917237,0.016716954112052918,72000
6160,201850880,0.4828725878724508,3.3643016815185547,0.5213488578796387,0.016693511605262758,72089
6170,202178560,0.4815104300416705,3.3717620849609373,0.5127906799316406,0.01653420627117157,71973
6180,202506240,0.4801489143500035,3.387133026123047,0.5173563003540039,0.016656240820884703,71908
6190,202833920,0.47878805356264087,3.3314353942871096,0.5114566802978515,0.01674368679523468,71885
6200,203161600,0.47742786043863417,3.372236633300781,0.5140095710754394,0.016854238510131837,71871
6210,203489280,0.4760683477307748,3.3528984069824217,0.5256649494171143,0.016935600340366362,71821
6220,203816960,0.47470952818547496,3.3031654357910156,0.5117298126220703,0.01687675714492798,71830
6230,204144640,0.47335141454264806,3.3579853057861326,0.5151229858398437,0.016529786586761474,71861
6240,204472320,0.4719940195355886,3.3735210418701174,0.5137306690216065,0.016814720630645753,71835
6250,204800000,0.47063735589085387,3.3458507537841795,0.5140910148620605,0.01672174334526062,71834
6260,205127680,0.4692814363281441,3.374073791503906,0.5198409080505371,0.01652187705039978,71873
6270,205455360,0.4679262735601831,3.3450386047363283,0.511167573928833,0.01685077100992203,71922
6280,205783040,0.4665718802925989,3.3430973052978517,0.5224468231201171,0.016654534637928008,71897
6290,206110720,0.46521826922380516,3.334794616699219,0.5169157028198242,0.016785083711147307,71869
6300,206438400,0.46386545304488225,3.2994758605957033,0.5202032089233398,0.01676354855298996,71847
6310,206766080,0.4625134444394573,3.3761268615722657,0.5234733104705811,0.016836076974868774,71839
6320,207093760,0.46116225608358596,3.335306167602539,0.5217538833618164,0.01681625097990036,71865
6330,207421440,0.4598119006456335,3.3743755340576174,0.5301710605621338,0.016834218800067902,71838
6340,207749120,0.45846239078615614,3.352629852294922,0.5229082107543945,0.016807714104652406,71906
6350,208076800,0.4571137391577823,3.351728820800781,0.5201100826263427,0.016774311661720276,71853
6360,208404480,0.45576595840509326,3.3385902404785157,0.5150087833404541,0.016769653558731078,71894
6370,208732160,0.4544190611645057,3.311046600341797,0.5142346382141113,0.017064343392848968,71897
6380,209059840,0.4530730600641528,3.427379608154297,0.525240707397461,0.016551168262958528,71808
6390,209387520,0.45172796772376556,3.3335018157958984,0.511481237411499,0.01675143539905548,71846
6400,209715200,0.45038379675455453,3.3091129302978515,0.5185218334197998,0.016847234964370728,71869
6410,210042880,0.4490405597590922,3.364010238647461,0.5273384094238281,0.016766871511936187,71854
6420,210370560,0.44769826933119405,3.2872589111328123,0.5148130893707276,0.017078016698360444,71880
6430,210698240,0.446356938055801,3.3785587310791017,0.5241681098937988,0.017072784900665283,71837
6440,211025920,0.445016578508861,3.3221588134765625,0.516054630279541,0.017018905282020567,71851
6450,211353600,0.4436772032572114,3.373282241821289,0.5220835208892822,0.01698566973209381,72060
6460,211681280,0.4423388248584613,3.3649372100830077,0.5201059341430664,0.016735270619392395,72094
6470,212008960,0.4410014558608736,3.4034839630126954,0.5300078868865967,0.01668928861618042,71836
6480,212336640,0.4396651088032467,3.352571487426758,0.5324225425720215,0.01694479286670685,71888
6490,212664320,0.4383297962147984,3.3800769805908204,0.5286636829376221,0.017008365690708162,71908
6500,212992000,0.43699553061504703,3.3045269012451173,0.5188826084136963,0.01707686185836792,71858
6510,213319680,0.43566232451369513,3.365334320068359,0.5224425315856933,0.017103493213653564,71798
6520,213647360,0.43433019041051124,3.3911369323730467,0.5262381553649902,0.01681271493434906,71837
6530,213975040,0.4329991407952132,3.3712646484375,0.5285500526428223,0.01684863120317459,71787
6540,214302720,0.4316691881473511,3.339121627807617,0.5259548187255859,0.016977955400943757,71846
6550,214630400,0.43034034493619044,3.327356719970703,0.5288584232330322,0.016913190484046936,71894
6560,214958080,0.42901262362059467,3.345783233642578,0.5339300155639648,0.016823112964630127,71875
6570,215285760,0.42768603664890836,3.340810775756836,0.5234886646270752,0.016965651512145997,71880
6580,215613440,0.42636059645884117,3.3296680450439453,0.5241177082061768,0.01688574403524399,71863
6590,215941120,0.4250363154773512,3.383378601074219,0.5277080535888672,0.0167793408036232,71818
6600,216268800,0.4237132061205273,3.3389392852783204,0.5194656848907471,0.017007817327976228,71839
6610,216596480,0.422391280793474,3.3411849975585937,0.5203009605407715,0.0169143944978714,71839
6620,216924160,0.4210705518901946,3.324900817871094,0.5222659111022949,0.01695306450128555,71874
6630,217251840,0.4197510317934754,3.3314983367919924,0.528336477279663,0.01708899438381195,71903
6640,217579520,0.41843273287476856,3.3477554321289062,0.5263526439666748,0.016938233375549318,71837
6650,217907200,0.41711566749407725,3.3692955017089843,0.5237518310546875,0.016957928240299226,71822
6660,218234880,0.41579984799983927,3.322336196899414,0.5178450584411621,0.01703990250825882,71823
6670,218562560,0.4144852867288117,3.2856693267822266,0.5204663753509522,0.017301695048809053,71831
6680,218890240,0.4131719960059541,3.332704544067383,0.5158461093902588,0.017004808783531188,71786
6690,219217920,0.41185998814431435,3.345384216308594,0.5139069080352783,0.017101705074310303,71898
6700,219545600,0.41054927544491215,3.3520797729492187,0.5238875389099121,0.017207877337932588,71883
6710,219873280,0.4092398701966248,3.329936981201172,0.528749656677246,0.016956530511379242,71898
6720,220200960,0.4079317846760703,3.327529525756836,0.5298760414123536,0.017117986083030702,71870
6730,220528640,0.40662503114749415,3.2921993255615236,0.5223282814025879,0.017305274307727814,71852
6740,220856320,0.4053196218626529,3.320420837402344,0.5267740726470947,0.01716549098491669,71825
6750,221184000,0.40401556906070035,3.2790298461914062,0.5219983577728271,0.017188221216201782,71853
6760,221511680,0.40271288496807167,3.319294738769531,0.5242079734802246,0.017205627262592317,71821
6770,221839360,0.40141158179837,3.3322212219238283,0.5217607498168946,0.017003822326660156,71871
6780,222167040,0.4001116717522507,3.318735885620117,0.5251504421234131,0.017198550701141357,71867
6790,222494720,0.3988131670173084,3.356715774536133,0.5228014945983886,0.01697073131799698,71877
6800,222822400,0.3975160797679612,3.333262634277344,0.5218520164489746,0.017042458057403564,71888
6810,223150080,0.3962204221653376,3.293374252319336,0.5147662162780762,0.01711907982826233,71844
6820,223477760,0.3949262063571618,3.325284957885742,0.5229500770568848,0.016951484978199004,71855
6830,223805440,0.3936334444776409,3.3104583740234377,0.5194652557373047,0.01716374307870865,71890
6840,224133120,0.3923421486473495,3.3044498443603514,0.5227717399597168,0.017312490940093996,71854
6850,224460800,0.3910523309731173,3.3163455963134765,0.5258664131164551,0.017471757531166077,71898
6860,224788480,0.3897640035479152,3.317643737792969,0.5332345962524414,0.017167623341083526,71866
6870,225116160,0.38847717845074214,3.309975433349609,0.534456729888916,0.017241626977920532,71867
6880,225443840,0.3871918677465114,3.3565898895263673,0.5345392227172852,0.017143182456493378,71861
6890,225771520,0.38590808348593775,3.30335693359375,0.5224690914154053,0.01721281707286835,71867
6900,226099200,0.38462583770542424,3.299551773071289,0.5237397193908692,0.017205137014389037,71854
6910,226426880,0.3833451424269504,3.3143310546875,0.5275781631469727,0.017256106436252593,71874
6920,226754560,0.3820660096579577,3.353084182739258,0.5343646049499512,0.01731444299221039,71905
6930,227082240,0.3807884513912384,3.3150150299072267,0.5358828544616699,0.01722547709941864,71930
6940,227409920,0.3795124796048225,3.3254104614257813,0.5312722682952881,0.01729774326086044,71866
6950,227737600,0.37823810626186616,3.335414505004883,0.5294653415679932,0.01737687736749649,71868
6960,228065280,0.3769653433105382,3.354552459716797,0.5284114837646484,0.017091137170791627,72097
6970,228392960,0.3756942026839093,3.3140377044677733,0.5237361907958984,0.017269478738307954,72097
6980,228720640,0.3744246962998393,3.30767822265625,0.5226534366607666,0.01727658659219742,72029
6990,229048320,0.3731568360608668,3.2867267608642576,0.5174934387207031,0.017401845753192903,71900
7000,229376000,0.37189063385409526,3.3013805389404296,0.5234797477722168,0.017274081707000732,71900
7010,229703680,0.3706261015510839,3.3001468658447264,0.5269828319549561,0.01747550517320633,71855
7020,230031360,0.3693632510077348,3.3057605743408205,0.5289918422698975,0.0174224391579628,71883
7030,230359040,0.3681020940641829,3.334674835205078,0.5325111865997314,0.01726631373167038,71812
7040,230686720,0.3668426425446838,3.343717575073242,0.5285147666931153,0.017216719686985016,71853
7050,231014400,0.365584908257504,3.318043518066406,0.5303011417388916,0.017384618520736694,71957
7060,231342080,0.36432890299480925,3.3250125885009765,0.5342251300811768,0.017410311102867126,71844
7070,231669760,0.36307463853255517,3.27374153137207,0.5203653335571289,0.017567911744117738,71842
7080,231997440,0.3618221266303753,3.329645538330078,0.5326107978820801,0.0172672301530838,71803
7090,232325120,0.3605713790314721,3.3153331756591795,0.5334922790527343,0.017516836524009705,71855
7100,232652800,0.3593224074625063,3.297369384765625,0.5282361030578613,0.017236107587814332,71842
7110,232980480,0.3580752236334874,3.2807373046875,0.5254369258880616,0.017653316259384155,71858
7120,233308160,0.3568298392376631,3.325962448120117,0.5336907386779786,0.017454493045806884,71851
7130,233635840,0.3555862659514101,3.2998092651367186,0.5347862720489502,0.017511169612407684,71855
7140,233963520,0.35434451543412493,3.2993167877197265,0.5349029541015625,0.017521895468235016,71859
7150,234291200,0.35310459932811444,3.258465576171875,0.5239950656890869,0.017527951300144194,71853
7160,234618880,0.35186652925848616,3.2667076110839846,0.5248952865600586,0.01769569218158722,71881
7170,234946560,0.3506303168330399,3.3146121978759764,0.5296789646148682,0.01752833425998688,71837
7180,235274240,0.3493959736421586,3.3060073852539062,0.5236984252929687,0.017363530397415162,71879
7190,235601920,0.3481635112587002,3.247087860107422,0.5218493461608886,0.017412789165973663,71818
7200,235929600,0.3469329412378882,3.3189830780029297,0.5350932598114013,0.017445409297943117,71869
7210,236257280,0.345704275117204,3.219683074951172,0.5336699485778809,0.017930757999420167,71841
7220,236584960,0.34447752441627855,3.2001296997070314,0.5246005058288574,0.01828485131263733,71857
7230,236912640,0.3432527006367847,3.176506996154785,0.5253603458404541,0.0185766726732254,71822
7240,237240320,0.3420298152623285,3.1896299362182616,0.5225180149078369,0.018685445189476013,71830
7250,237568000,0.3408088797583421,3.1773672103881836,0.5297552108764648,0.018582595884799956,71808
7260,237895680,0.33958990557197666,3.2197010040283205,0.5246026039123535,0.0187685564160347,71828
7270,238223360,0.3383729041319943,3.2523872375488283,0.5311139106750489,0.01878764033317566,71807
7280,238551040,0.3371578868486612,3.250449371337891,0.5403909683227539,0.01887466907501221,71909
7290,238878720,0.3359448651136405,3.2200206756591796,0.5311917781829834,0.01895376294851303,71895
7300,239206400,0.33473385029988584,3.1929975509643556,0.531589126586914,0.018624112010002136,71875
7310,239534080,0.33352485376153473,3.140835189819336,0.5341651916503907,0.019170966744422913,71874
7320,239861760,0.3323178868338015,3.192944145202637,0.5338431358337402,0.019108298420906066,71781
7330,240189440,0.33111296083287134,3.2077770233154297,0.5374743938446045,0.019110636413097383,71975
7340,240517120,0.32991008705579467,3.2488548278808596,0.5373622417449951,0.019156478345394135,72050
7350,240844800,0.32870927678038087,3.176642417907715,0.5271211624145508,0.01893855780363083,72003
7360,241172480,0.3275105412650921,3.23590087890625,0.5246446609497071,0.018980881571769713,71864
7370,241500160,0.3263138917489382,3.2134170532226562,0.5267820835113526,0.019024549424648284,71784
7380,241827840,0.3251193394513715,3.188041114807129,0.5347706317901612,0.01928681880235672,71810
7390,242155520,0.32392689557218163,3.1993507385253905,0.5251409530639648,0.019170355796813966,71787
7400,242483200,0.3227365712913896,3.187172698974609,0.5319366455078125,0.018972615897655486,71779
7410,242810880,0.3215483777691439,3.1777278900146486,0.5333792686462402,0.01927724927663803,71829
7420,243138560,0.320362326145616,3.1759855270385744,0.5409473896026611,0.019294658303260805,71894
7430,243466240,0.3191784275408953,3.216655731201172,0.5331316471099854,0.019398127496242524,71832
7440,243793920,0.3179966930548849,3.1546329498291015,0.5290442943572998,0.01932711899280548,71803
7450,244121600,0.3168171337671977,3.1695793151855467,0.5277204990386963,0.01958179920911789,71822
7460,244449280,0.3156397607370529,3.1884946823120117,0.5286718845367432,0.01933290660381317,71775
7470,244776960,0.314464585003172,3.2202678680419923,0.5318341255187988,0.019296281039714813,71839
7480,245104640,0.31329161758367474,3.1698593139648437,0.5334359645843506,0.019420817494392395,71825
7490,245432320,0.3121208694759766,3.1927860260009764,0.5256227970123291,0.019116881489753722,71796
7500,245760000,0.31095235165668544,3.1947957992553713,0.5309204578399658,0.019369037449359895,71810
7510,246087680,0.3097860750814989,3.203927993774414,0.5372589111328125,0.019550006091594695,71747
7520,246415360,0.30862205068510074,3.198563003540039,0.5441472053527832,0.01954647749662399,71795
7530,246743040,0.30746028938105896,3.1932083129882813,0.5308252334594726,0.019557003676891328,71778
7540,247070720,0.3063008020617239,3.1780733108520507,0.5311376571655273,0.019533157348632812,71778
7550,247398400,0.30514359959812554,3.200541305541992,0.5285803794860839,0.019912813603878022,71951
7560,247726080,0.3039886928398713,3.1901689529418946,0.5335566997528076,0.019441793859004974,72041
7570,248053760,0.30283609261504485,3.1574872970581054,0.5333890438079834,0.019687859714031218,71790
7580,248381440,0.30168580973010484,3.192613410949707,0.5399943351745605,0.019471815228462218,71786
7590,248709120,0.3005378549697828,3.1978742599487306,0.5321201801300048,0.01961718946695328,71859
7600,249036800,0.29939223909698265,3.162465476989746,0.5340347290039062,0.019538599252700805,71813
7610,249364480,0.29824897285267904,3.1644229888916016,0.5298454284667968,0.019426487386226654,71738
7620,249692160,0.2971080669558177,3.1968286514282225,0.5398607730865479,0.019762149453163146,71780
7630,250019840,0.2959695321032145,3.201712417602539,0.5392182350158692,0.019791318476200102,71810
7640,250347520,0.2948333789694547,3.214305114746094,0.5448476314544678,0.01972036063671112,71874
7650,250675200,0.2936996182067929,3.169310188293457,0.5414181232452393,0.01966475397348404,71831
7660,251002880,0.2925682604450543,3.1841087341308594,0.5342550277709961,0.019892366230487825,71813
7670,251330560,0.29143931629153397,3.139045524597168,0.5235191822052002,0.019664041697978973,71777
7680,251658240,0.2903127963308973,3.1829200744628907,0.5370350360870362,0.019581761956214905,71790
7690,251985920,0.28918871112508127,3.23265380859375,0.5475986480712891,0.01949099600315094,71729
7700,252313600,0.2880670712131955,3.2063690185546876,0.548381233215332,0.019791659712791444,71785
7710,252641280,0.2869478871114233,3.206940460205078,0.5426768302917481,0.019541776180267333,71792
7720,252968960,0.28583116931292263,3.194002151489258,0.5480614185333252,0.01999143660068512,71856
7730,253296640,0.284716928287728,3.2077411651611327,0.5412614822387696,0.019830763339996338,71770
7740,253624320,0.2836051744826528,3.2105728149414063,0.5384469032287598,0.019751104712486266,71778
7750,253952000,0.282495918321191,3.152176856994629,0.5403056621551514,0.01983860582113266,71732
7760,254279680,0.2813891702034188,3.2350238800048827,0.5452893257141114,0.019692130386829376,71791
7770,254607360,0.2802849405058979,3.176737594604492,0.5452735900878907,0.019694286584854125,71824
7780,254935040,0.2791832395815782,3.192844772338867,0.5457529067993164,0.020001497864723206,71999
7790,255262720,0.2780840777597007,3.204969787597656,0.5438301086425781,0.01990214139223099,71837
7800,255590400,0.2769874653456999,3.178287124633789,0.5444573402404785,0.01987161785364151,71821
7810,255918080,0.2758934126211079,3.205523681640625,0.5369214534759521,0.019714488089084624,71788
7820,256245760,0.2748019298434583,3.2060802459716795,0.5420925140380859,0.019927427172660828,71809
7830,256573440,0.2737130272461894,3.17078857421875,0.5334124565124512,0.01986260563135147,71761
7840,256901120,0.2726267150385482,3.207284927368164,0.5492652893066406,0.020057685673236847,71786
7850,257228800,0.271543003405495,3.178750991821289,0.5439788341522217,0.020021353662014008,71815
7860,257556480,0.27046190250760793,3.178672981262207,0.5347633838653565,0.020009076595306395,71798
7870,257884160,0.26938342248098796,3.2115100860595702,0.5391635894775391,0.01980723291635513,71799
7880,258211840,0.2683075734371628,3.1905426025390624,0.5398693561553956,0.019970422983169554,71729
7890,258539520,0.2672343654629932,3.213034820556641,0.5442624568939209,0.019785311818122864,71717
7900,258867200,0.26616380862057787,3.1656005859375,0.5520864009857178,0.020054978132247925,71873
7910,259194880,0.2650959129471595,3.185814094543457,0.5547571659088135,0.020135213434696198,71851
7920,259522560,0.2640306884550301,3.1732952117919924,0.5393370151519775,0.01998310685157776,71862
7930,259850240,0.2629681451314373,3.17490291595459,0.5487247467041015,0.02022295445203781,71817
7940,260177920,0.26190829293849127,3.1334693908691404,0.5452472686767578,0.02021610736846924,71774
7950,260505600,0.2608511418130708,3.2316959381103514,0.5489151000976562,0.020017053186893462,71944
7960,260833280,0.25979670166672997,3.1922628402709963,0.5479629516601563,0.020201483368873598,71962
7970,261160960,0.2587449823856055,3.169743537902832,0.5398557186126709,0.020066326856613158,71838
7980,261488640,0.25769599383032415,3.172746276855469,0.5390249729156494,0.02039587199687958,72023
7990,261816320,0.25664974583591055,3.2131877899169923,0.5471813201904296,0.020145617425441742,71933
8000,262144000,0.25560624821169387,3.1883523941040037,0.5435387134552002,0.02018439620733261,71876
8010,262471680,0.2545655107412168,3.1788070678710936,0.5394980430603027,0.02011312246322632,72010
8020,262799360,0.2535275431821439,3.179569435119629,0.5412670135498047,0.020269690454006194,71778
8030,263127040,0.2524923552661697,3.191045570373535,0.551438856124878,0.020207753777503966,71872
8040,263454720,0.2514599566989274,3.2048038482666015,0.5450859069824219,0.019925062358379365,71866
8050,263782400,0.2504303571598979,3.2157733917236326,0.5548267841339112,0.020126718282699584,71999
8060,264110080,0.24940356630231975,3.232320785522461,0.5476058006286622,0.020070236921310425,71782
8070,264437760,0.24837959375309773,3.138253593444824,0.5476649761199951,0.0202229306101799,71774
8080,264765440,0.24735844911271287,3.1808422088623045,0.5455488204956055,0.020146919786930083,71779
8090,265093120,0.24634014195513254,3.1947227478027345,0.5445247650146484,0.019976048171520232,71789
8100,265420800,0.2453246818277208,3.1761144638061523,0.5472702026367188,0.020201751589775087,71804
8110,265748480,0.24431207825114895,3.2038040161132812,0.5515800952911377,0.020156483352184295,71806
8120,266076160,0.2433023407193056,3.1867439270019533,0.5561441421508789,0.02004348933696747,71762
8130,266403840,0.24229547869920814,3.2147491455078123,0.5480269908905029,0.020379480719566346,71765
8140,266731520,0.2412915016309144,3.219697952270508,0.5358151912689209,0.020062051713466644,71757
8150,267059200,0.2402904189274335,3.1753719329833983,0.5405282497406005,0.02013712376356125,71778
8160,267386880,0.23929223997463778,3.1565391540527346,0.5500357151031494,0.020198367536067963,71777
8170,267714560,0.2382969741311745,3.186874580383301,0.5377370834350585,0.0203286811709404,71784
8180,268042240,0.23730463072837896,3.1484821319580076,0.5385273456573486,0.02033851742744446,71864
8190,268369920,0.2363152190701864,3.1828245162963866,0.5441908359527587,0.02036236524581909,71760
8200,268697600,0.23532874843304447,3.168504524230957,0.5455108642578125,0.020156051218509673,71811
8210,269025280,0.23434522806582672,3.1775842666625977,0.5509544372558594,0.020539791882038118,71850
8220,269352960,0.23336466718974605,3.15893440246582,0.5473484039306641,0.020293618738651275,71827
8230,269680640,0.23238707499826805,3.1466642379760743,0.5436421871185303,0.02034163773059845,71761
8240,270008320,0.23141246065702428,3.173378753662109,0.5412027359008789,0.0204671248793602,71731
8250,270336000,0.2304408333037271,3.158116912841797,0.5417649269104003,0.0203317865729332,71794
8260,270663680,0.2294722020480837,3.196743392944336,0.5447310447692871,0.020268328487873077,71742
8270,270991360,0.22850657597171087,3.1792173385620117,0.5406985282897949,0.020370005071163176,71779
8280,271319040,0.2275439641280494,3.190286064147949,0.5436229705810547,0.020078733563423157,71797
8290,271646720,0.22658437554227928,3.1996131896972657,0.5422727108001709,0.020272377133369445,71787
8300,271974400,0.2256278192112358,3.1943662643432615,0.5417454242706299,0.020302878320217134,71757
8310,272302080,0.22467430410332462,3.19195671081543,0.5489969253540039,0.020112480223178863,71761
8320,272629760,0.22372383915843724,3.1957332611083986,0.5442380428314209,0.02033005952835083,71837
8330,272957440,0.222776433287868,3.173229217529297,0.5489475727081299,0.020382380485534667,71764
8340,273285120,0.22183209537423032,3.192221260070801,0.5541128635406494,0.020384304225444794,71901
8350,273612800,0.2208908342713733,3.1456459045410154,0.5500349521636962,0.020447513461112975,71797
8360,273940480,0.21995265880429848,3.182229423522949,0.5489138126373291,0.020339933037757874,72027
8370,274268160,0.21901757776907743,3.1709053039550783,0.5498232841491699,0.02031182199716568,71867
8380,274595840,0.2180855999327692,3.1810068130493163,0.5495913982391357,0.020435942709445952,71792
8390,274923520,0.21715673403333846,3.1897537231445314,0.5544601440429687,0.020579180121421813,71842
8400,275251200,0.21623098877957264,3.1415990829467773,0.552310848236084,0.02042132765054703,72034
8410,275578880,0.21530837285100107,3.156867027282715,0.5503522396087647,0.02058774381875992,72026
8420,275906560,0.21438889489781365,3.176160430908203,0.5477131366729736,0.02052064538002014,72003
8430,276234240,0.21347256354077931,3.1216644287109374,0.5400851249694825,0.02030404508113861,71861
8440,276561920,0.21255938737116542,3.1971683502197266,0.5425625324249268,0.02044162303209305,71802
8450,276889600,0.21164937495065694,3.1532732009887696,0.5460028648376465,0.020521408319473265,71858
8460,277217280,0.21074253481127675,3.1579532623291016,0.5491734981536865,0.020637761056423187,71802
8470,277544960,0.20983887545530527,3.1872392654418946,0.5482340812683105,0.020341113209724426,71810
8480,277872640,0.20893840535520056,3.170955848693848,0.5441159725189209,0.020361447334289552,71783
8490,278200320,0.20804113295351917,3.1837160110473635,0.5579461097717285,0.020656076073646546,71842
8500,278528000,0.207147066662837,3.1333028793334963,0.5521345615386963,0.02055034935474396,71768
8510,278855680,0.20625621486567058,3.166461372375488,0.5508730411529541,0.0204444095492363,71775
8520,279183360,0.20536858591439772,3.0991214752197265,0.5445630073547363,0.02073635905981064,71801
8530,279511040,0.20448418813117994,3.2536128997802733,0.5544337272644043,0.020476469397544862,71796
8540,279838720,0.20360302980788442,3.1653051376342773,0.5584358215332031,0.020622023940086366,71786
8550,280166400,0.20272511920600608,3.1919458389282225,0.5558916091918945,0.02051268666982651,71783
8560,280494080,0.20185046455658984,3.1812015533447267,0.5517325401306152,0.02044133245944977,71995
8570,280821760,0.20097907406015358,3.187510299682617,0.5532717704772949,0.02031489908695221,71944
8580,281149440,0.20011095588661193,3.1522876739501955,0.5482752799987793,0.020406101644039155,71897
8590,281477120,0.19924611817519894,3.1914030075073243,0.5458056449890136,0.020487242937088014,71807
8600,281804800,0.19838456903439172,3.2117759704589846,0.5560836315155029,0.02059205770492554,71822
8610,282132480,0.19752631654183467,3.1636127471923827,0.5471410751342773,0.020651069283485413,71760
8620,282460160,0.1966713687442641,3.156359100341797,0.5518599033355713,0.020555058121681215,71860
8630,282787840,0.19581973365743224,3.116176414489746,0.5490867137908936,0.02057817578315735,71898
8640,283115520,0.19497141926603212,3.1722864151000976,0.550334882736206,0.020672078430652618,71836
8650,283443200,0.19412643352362285,3.20672721862793,0.5517288208007812,0.02042126953601837,71791
8660,283770880,0.19328478435255528,3.2200859069824217,0.5557155609130859,0.020463535189628602,71825
8670,284098560,0.19244647964389752,3.1768381118774416,0.5588249683380127,0.020747944712638855,71784
8680,284426240,0.1916115272573607,3.1556495666503905,0.5530185699462891,0.020773085951805114,71807
8690,284753920,0.1907799350212254,3.1873666763305666,0.5548172473907471,0.02048141658306122,71759
8700,285081600,0.1899517107322688,3.1302135467529295,0.5444216728210449,0.020675911009311675,71749
8710,285409280,0.18912686215569105,3.1653314590454102,0.5538346290588378,0.02066909670829773,71770
8720,285736960,0.18830539702504223,3.155245780944824,0.5488327026367188,0.020783348381519316,71807
8730,286064640,0.1874873230421503,3.1635513305664062,0.547045373916626,0.020603014528751372,71783
8740,286392320,0.18667264787704896,3.1883548736572265,0.5583791255950927,0.020659035444259642,71882
8750,286720000,0.18586137916790563,3.146790885925293,0.5581603527069092,0.020992331206798553,72042
8760,287047680,0.18505352452094928,3.170102119445801,0.5527577877044678,0.020606476068496703,71799
8770,287375360,0.18424909151039984,3.1718376159667967,0.5484410285949707,0.020722703635692598,71829
8780,287703040,0.183448087678397,3.1986110687255858,0.5564261913299561,0.02085578292608261,71946
8790,288030720,0.18265052053492953,3.21093635559082,0.5559389114379882,0.02073221206665039,71796
8800,288358400,0.1818563975577644,3.1895191192626955,0.5572633266448974,0.020864109694957732,71797
8810,288686080,0.18106572619237724,3.1949735641479493,0.551394271850586,0.020489609241485594,71816
8820,289013760,0.18027851385188243,3.166278266906738,0.5483158111572266,0.0206509068608284,71930
8830,289341440,0.17949476791696342,3.1648042678833006,0.5603188514709473,0.020596565306186677,71806
8840,289669120,0.1787144957358036,3.194319152832031,0.5513375759124756,0.020568501949310303,71744
8850,289996800,0.1779377046240172,3.1538549423217774,0.5485206127166748,0.020807303488254547,71867
8860,290324480,0.17716440186458124,3.1839273452758787,0.5527438640594482,0.020792175829410554,71763
8870,290652160,0.17639459470776697,3.1513439178466798,0.5525557041168213,0.020997488498687746,71771
8880,290979840,0.17562829037107144,3.180699920654297,0.5563114643096924,0.020879971981048583,71783
8890,291307520,0.17486549603915047,3.1751916885375975,0.5518370628356933,0.02084931880235672,71950
8900,291635200,0.1741062188637511,3.1424739837646483,0.5530159950256348,0.020706237852573396,71744
8910,291962880,0.1733504659636446,3.1552616119384767,0.5525204181671143,0.020695124566555024,71736
8920,292290560,0.17259824442455923,3.181979751586914,0.5503304958343506,0.020861166715621948,71897
8930,292618240,0.17184956129911447,3.1246299743652344,0.5485557556152344,0.020680218935012817,72017
8940,292945920,0.17110442360675457,3.1828052520751955,0.5480870246887207,0.02069946229457855,71805
8950,293273600,0.1703628383336829,3.137313652038574,0.5482594966888428,0.02087588906288147,71747
8960,293601280,0.16962481243279623,3.1599027633666994,0.5559032917022705,0.020832538604736328,71857
8970,293928960,0.16889035282361942,3.1819000244140625,0.555150842666626,0.020497027039527892,71771
8980,294256640,0.1681594663922411,3.1679224014282226,0.5519728183746337,0.02093738317489624,71762
8990,294584320,0.16743215999124889,3.17004337310791,0.5535166740417481,0.021082359552383422,71742
9000,294912000,0.1667084404396646,3.1576616287231447,0.5612144947052002,0.020709481835365296,71747
9010,295239680,0.16598831452288093,3.13207950592041,0.5506292343139648,0.020884688198566436,71720
9020,295567360,0.16527178899259787,3.150868034362793,0.5544939041137695,0.020732995867729188,71762
9030,295895040,0.16455887056675905,3.1621572494506838,0.5500526905059815,0.020868390798568726,71762
9040,296222720,0.16384956592948874,3.1376298904418944,0.5507204532623291,0.020982742309570312,71782
9050,296550400,0.1631438817310295,3.180362892150879,0.5600252151489258,0.02093672752380371,71811
9060,296878080,0.16244182458767958,3.1559011459350588,0.5500342845916748,0.02096703350543976,71739
9070,297205760,0.16174340108173116,3.145352363586426,0.5561551094055176,0.02069464176893234,71821
9080,297533440,0.1610486177614083,3.1926544189453123,0.5581516265869141,0.02076111137866974,71784
9090,297861120,0.16035748114080547,3.1511173248291016,0.5551807403564453,0.020850007236003876,72053
9100,298188800,0.15966999769982712,3.1416549682617188,0.5546035766601562,0.02087712585926056,71898
9110,298516480,0.15898617388412645,3.177264404296875,0.5554251670837402,0.020982678234577178,71818
9120,298844160,0.15830601610504474,3.133624267578125,0.549895191192627,0.020881721377372743,72043
9130,299171840,0.1576295307395516,3.1301021575927734,0.5524292469024659,0.02113371789455414,71828
9140,299499520,0.15695672413018535,3.1483898162841797,0.5555802822113037,0.021124325692653656,71820
9150,299827200,0.15628760258499325,3.136648178100586,0.5573315620422363,0.02087964564561844,71916
9160,300154880,0.15562217237747228,3.1432870864868163,0.5527881622314453,0.02101091146469116,71758
9170,300482560,0.15496043974651047,3.1404645919799803,0.5521170139312744,0.021017226576805114,71783
9180,300810240,0.1543024108963285,3.103719711303711,0.5557762145996094,0.020998334884643553,71801
9190,301137920,0.15364809199642168,3.1401344299316407,0.5555232048034668,0.02098328769207001,71832
9200,301465600,0.15299748918150113,3.124786376953125,0.5526081562042237,0.02104824185371399,71763
9210,301793280,0.15235060855143773,3.152389907836914,0.5534850120544433,0.021015502512454987,71730
9220,302120960,0.15170745617120385,3.1561941146850585,0.5544643878936768,0.020775339007377623,71797
9230,302448640,0.15106803807081715,3.161587715148926,0.5572937488555908,0.021245875954627992,71766
9240,302776320,0.15043236024528298,3.1420516967773438,0.5584080219268799,0.020862773060798645,71769
9250,303104000,0.14980042865453974,3.1502498626708983,0.5510564327239991,0.020918945968151092,71754
9260,303431680,0.14917224922340172,3.1704212188720704,0.5601985931396485,0.021023544669151305,71813
9270,303759360,0.14854782784150436,3.1121471405029295,0.5679473876953125,0.02120244801044464,71841
9280,304087040,0.1479271703632481,3.1442386627197267,0.5503182411193848,0.020780949294567107,71863
9290,304414720,0.1473102826077446,3.149222564697266,0.5584671020507812,0.02105083018541336,72047
9300,304742400,0.14669717035876148,3.2040042877197266,0.5594147205352783,0.021022427082061767,72022
9310,305070080,0.14608783936466835,3.1643451690673827,0.5547922134399415,0.02080083191394806,71789
9320,305397760,0.14548229533838242,3.1712419509887697,0.5628854751586914,0.021176600456237794,71773
9330,305725440,0.14488054395731587,3.1125564575195312,0.5578217506408691,0.02108182609081268,72001
9340,306053120,0.14428259086332182,3.1606365203857423,0.5598423480987549,0.021008412539958953,71791
9350,306380800,0.14368844166264194,3.1625129699707033,0.5585731029510498,0.02115875333547592,71832
9360,306708480,0.14309810192585323,3.156568908691406,0.5530417442321778,0.02102632522583008,71933
9370,307036160,0.14251157718781657,3.1468849182128906,0.551059341430664,0.02123014032840729,71839
9380,307363840,0.1419288729476244,3.141928863525391,0.5594044685363769,0.021076233685016633,71780
9390,307691520,0.14134999466854933,3.1824254989624023,0.5537306785583496,0.02089695930480957,71990
9400,308019200,0.1407749477779925,3.1546131134033204,0.5554128646850586,0.02091379314661026,71858
9410,308346880,0.14020373766743333,3.177783393859863,0.5580372333526611,0.021156668663024902,71766
9420,308674560,0.13963636969237853,3.14412784576416,0.5533024787902832,0.02107174098491669,71776
9430,309002240,0.1390728491723123,3.179828643798828,0.5519774436950684,0.021189683675765993,71964
9440,309329920,0.13851318139064553,3.120036315917969,0.5533368110656738,0.02115814685821533,72065
9450,309657600,0.13795737159466745,3.1737056732177735,0.5532002449035645,0.021202746033668517,72040
9460,309985280,0.13740542499549585,3.1844131469726564,0.5631520748138428,0.021035154163837434,71856
9470,310312960,0.1368573467680282,3.1440826416015626,0.5560893058776856,0.020850007236003876,71762
9480,310640640,0.13631314205089295,3.1574899673461916,0.566315746307373,0.021353946626186372,71791
9490,310968320,0.13577281594640184,3.128036880493164,0.5509960174560546,0.02105609029531479,71811
9500,311296000,0.1352363735205019,3.139426040649414,0.5601682186126709,0.02139642834663391,71861
9510,311623680,0.1347038198027279,3.1287731170654296,0.5567261219024658,0.021323606371879578,72064
9520,311951360,0.13417515978615457,3.1288431167602537,0.5536016464233399,0.02126786857843399,71749
9530,312279040,0.13365039842735119,3.1025400161743164,0.5516921997070312,0.021116901934146882,71901
9540,312606720,0.1331295406463338,3.1817558288574217,0.5569355487823486,0.02124711573123932,71765
9550,312934400,0.13261259132651998,3.1342340469360352,0.5559981822967529,0.021172541379928588,71759
9560,313262080,0.1320995553146821,3.118283271789551,0.5510783195495605,0.021252042055130003,71785
9570,313589760,0.13159043742090293,3.188512992858887,0.557171630859375,0.021116627752780913,71862
9580,313917440,0.13108524241852987,3.1958644866943358,0.5581113338470459,0.021221137046813963,71755
9590,314245120,0.13058397504413055,3.1268970489501955,0.5562333106994629,0.021189357340335845,71983
9600,314572800,0.1300866399974479,3.146921920776367,0.5609697341918946,0.021323730051517487,71785
9610,314900480,0.12959324194135674,3.1546579360961915,0.5559979915618897,0.02095053791999817,71785
9620,315228160,0.1291037855018197,3.1389198303222656,0.5616960525512695,0.021347808837890624,71815
9630,315555840,0.12861827526784406,3.143161392211914,0.5623326778411866,0.021302053332328798,71784
9640,315883520,0.1281367157914381,3.166488838195801,0.5591976642608643,0.02109948992729187,71762
9650,316211200,0.12765911158756937,3.155265045166016,0.5590658187866211,0.021092383563518523,71859
9660,316538880,0.12718546713412177,3.210614776611328,0.5618419170379638,0.020941787958145143,71747
9670,316866560,0.12671578687185373,3.114752769470215,0.554531478881836,0.021265625953674316,71968
9680,317194240,0.12625007520435616,3.163079261779785,0.5615510940551758,0.021281103789806365,71791
9690,317521920,0.12578833649801194,3.1590621948242186,0.5602624893188477,0.021245425939559935,71727
9700,317849600,0.12533057508195453,3.1574087142944336,0.5656939506530761,0.021221159398555754,72031
9710,318177280,0.12487679524802739,3.1470806121826174,0.5546544075012207,0.02109995186328888,71794
9720,318504960,0.12442700125074346,3.124104309082031,0.5572428703308105,0.021172183752059936,71808
9730,318832640,0.12398119730724608,3.1310285568237304,0.5589930534362793,0.021034911274909973,71840
9740,319160320,0.12353938759726867,3.1478399276733398,0.5578512191772461,0.021219082176685333,71790
9750,319488000,0.12310157626309601,3.147076225280762,0.5576251983642578,0.021411338448524476,71967
9760,319815680,0.1226677674095249,3.146627426147461,0.5600645065307617,0.021263571083545686,71763
9770,320143360,0.12223796510382631,3.170919990539551,0.5612767219543457,0.021291589736938475,71747
9780,320471040,0.12181217337570681,3.173950958251953,0.5606931209564209,0.021105465292930604,71739
9790,320798720,0.12139039621727105,3.16533203125,0.5580110073089599,0.02130730599164963,71840
9800,321126400,0.12097263758298386,3.1594457626342773,0.5619546413421631,0.021328026056289674,71827
9810,321454080,0.12055890138963382,3.1631072998046874,0.5602408885955811,0.021298648416996004,71992
9820,321781760,0.12014919151629623,3.141409492492676,0.5678360939025879,0.021289336681365966,72009
9830,322109440,0.11974351180429654,3.1841619491577147,0.5627606868743896,0.021522751450538634,72027
9840,322437120,0.11934186605717459,3.156138610839844,0.5630725860595703,0.021154119074344634,71873
9850,322764800,0.11894425804064895,3.098404884338379,0.5582522392272949,0.021291664242744444,71765
9860,323092480,0.11855069148258163,3.0927330017089845,0.5616121292114258,0.021304683387279512,71861
9870,323420160,0.11816117007294291,3.159282684326172,0.5640872478485107,0.021452394127845765,71775
9880,323747840,0.11777569746377678,3.142934226989746,0.561715841293335,0.02136600613594055,71803
9890,324075520,0.11739427726916707,3.1603721618652343,0.5595879554748535,0.020929020643234254,71785
9900,324403200,0.11701691306520326,3.167099189758301,0.5621981143951416,0.021143248677253722,71702
9910,324730880,0.11664360838994679,3.156479263305664,0.5625709056854248,0.021273361146450044,71731
9920,325058560,0.11627436674339825,3.1367938995361326,0.5691208362579345,0.021413502097129822,71874
9930,325386240,0.1159091915874644,3.141797637939453,0.5575366020202637,0.021339280903339385,71741
9940,325713920,0.11554808634592575,3.13924560546875,0.5616196632385254,0.02117462456226349,71785
9950,326041600,0.11519105440440423,3.184500503540039,0.5666875839233398,0.02136724293231964,71751
9960,326369280,0.11483809911033188,3.1422447204589843,0.5679680824279785,0.021352611482143402,71866
9970,326696960,0.11448922377291905,3.100655746459961,0.5573895931243896,0.021475988626480102,72000
9980,327024640,0.11414443166312378,3.127847099304199,0.5567024707794189,0.021356579661369324,71802
9990,327352320,0.11380372601362068,3.1541425704956056,0.561899471282959,0.021404509246349335,72018
10000,327680000,0.11346711001877084,3.1944900512695313,0.5659904479980469,0.021129052340984344,72028
10010,328007680,0.11313458683459209,3.160628318786621,0.5588398456573487,0.02125837802886963,71742
10020,328335360,0.1128061595787291,3.101936912536621,0.5606354713439942,0.02135704755783081,71809
10030,328663040,0.11248183133042423,3.1037786483764647,0.5620226860046387,0.02143450379371643,71765
10040,328990720,0.1121616051304887,3.1701107025146484,0.5582029342651367,0.021442683041095735,71715
10050,329318400,0.11184548398127407,3.1713674545288084,0.5618117332458497,0.021215131878852843,71788
10060,329646080,0.1115334708466442,3.1714157104492187,0.5610361576080323,0.0211079940199852,71755
10070,329973760,0.11122556865194713,3.1355113983154297,0.5605538368225098,0.021404525637626647,72008
10080,330301440,0.11092178028398803,3.1707550048828126,0.5615450382232666,0.02142777740955353,72024
10090,330629120,0.11062210859100194,3.128078651428223,0.56168212890625,0.02140442132949829,72021
10100,330956800,0.11032655638262713,3.114881706237793,0.5646523475646973,0.02151344120502472,71858
10110,331284480,0.11003512642987871,3.109757995605469,0.5627289295196534,0.02161979824304581,71760
10120,331612160,0.10974782146512263,3.112727928161621,0.5670531272888184,0.02157326489686966,71806
10130,331939840,0.10946464418205015,3.1527271270751953,0.5620928764343261,0.021507051587104798,71867
10140,332267520,0.10918559723565256,3.141942596435547,0.5571469306945801,0.021366013586521147,71719
10150,332595200,0.10891068324219619,3.128608512878418,0.5580878257751465,0.02128484398126602,71735
10160,332922880,0.10863990477919801,3.152227020263672,0.5605967998504638,0.02144956439733505,71780
10170,333250560,0.10837326438540137,3.13812370300293,0.5629842281341553,0.02141534984111786,71799
10180,333578240,0.10811076456075239,3.157381057739258,0.5674649238586426,0.021544601023197173,71760
10190,333905920,0.10785240776637606,3.1526262283325197,0.5663609981536866,0.02152324467897415,71769
10200,334233600,0.10759819642455375,3.1506937026977537,0.556237268447876,0.021493589878082274,71951
10210,334561280,0.10734813291870007,3.1434072494506835,0.5599539279937744,0.021495720744132994,71760
10220,334888960,0.10710221959334083,3.116370964050293,0.5641812324523926,0.021221593022346497,71710
10230,335216640,0.1068604587540908,3.087798309326172,0.5786899089813232,0.021704748272895813,71765
10240,335544320,0.10662285266763208,3.1715885162353517,0.5608621597290039,0.021393656730651855,71796
10250,335872000,0.10638940356169316,3.1926027297973634,0.5720689773559571,0.021478882431983946,71733
10260,336199680,0.10616011362502784,3.1561460494995117,0.5640408992767334,0.021510004997253418,71841
10270,336527360,0.10593498500739457,3.147241401672363,0.5595624446868896,0.02132745534181595,71770
10280,336855040,0.10571401981953649,3.0905412673950194,0.560375452041626,0.02141817510128021,71741
10290,337182720,0.1054972201331616,3.1753255844116213,0.567226505279541,0.021403227746486665,71758
10300,337510400,0.1052845879809234,3.1143293380737305,0.561774492263794,0.021476857364177704,71911
10310,337838080,0.1050761253564016,3.113230323791504,0.5644056797027588,0.021329227089881896,71843
10320,338165760,0.10487183421408361,3.1092662811279297,0.5675915718078614,0.02159237116575241,71775
10330,338493440,0.10467171646934628,3.1412145614624025,0.5636012554168701,0.021480736136436463,71765
10340,338821120,0.10447577399843784,3.093280029296875,0.5589277744293213,0.02178148031234741,71773
10350,339148800,0.10428400863846014,3.152386474609375,0.5673040866851806,0.02147592306137085,71866
10360,339476480,0.10409642218735184,3.1433700561523437,0.5665216445922852,0.021642422676086424,71989
10370,339804160,0.10391301640387113,3.1750005722045898,0.5627088069915771,0.02158648818731308,71786
10380,340131840,0.10373379300757954,3.175857353210449,0.566982364654541,0.02152905464172363,71805
10390,340459520,0.10355875367882568,3.161487579345703,0.5675233364105224,0.02144511938095093,71779
10400,340787200,0.10338790005872946,3.124127960205078,0.5636733055114747,0.02156784534454346,71796
10410,341114880,0.10322123374916685,3.12713623046875,0.5604035377502441,0.021506775915622712,71755
10420,341442560,0.10305875631275463,3.175825309753418,0.5680546760559082,0.02154933363199234,71804
10430,341770240,0.10290046927283596,3.138954925537109,0.5664994239807128,0.021400079131126404,71751
10440,342097920,0.10274637411346602,3.102853012084961,0.5651487350463867,0.021670836210250854,71764
10450,342425600,0.10259647227939807,3.1090532302856446,0.5623483657836914,0.021535518765449523,71784
10460,342753280,0.10245076517606988,3.144239807128906,0.5672616958618164,0.021518591046333312,71827
10470,343080960,0.10230925416959066,3.158729362487793,0.5688029766082764,0.02147904634475708,71803
10480,343408640,0.10217194058672814,3.1523193359375,0.5623452186584472,0.021490126848220825,71993
10490,343736320,0.10203882571489617,3.145030975341797,0.5720864295959472,0.021843574941158295,71748
10500,344064000,0.10190991080214268,3.121230697631836,0.5703617095947265,0.02167559415102005,71795
10510,344391680,0.10178519705713801,3.161128616333008,0.571174430847168,0.0214446559548378,71816
10520,344719360,0.10166468564916337,3.1462024688720702,0.5590246677398681,0.02125573456287384,71879
10530,345047040,0.1015483777081002,3.145805549621582,0.5743568897247314,0.021932719647884368,71879
10540,345374720,0.1014362743244193,3.1680347442626955,0.5629373550415039,0.02154390960931778,71860
10550,345702400,0.1013283765491707,3.1245283126831054,0.5636292934417725,0.021611417829990386,71862
10560,346030080,0.1012246853939739,3.145528793334961,0.5660038948059082,0.021564880013465883,71822
10570,346357760,0.10112520183100829,3.1881860733032226,0.5699564456939697,0.021683065593242644,71838
10580,346685440,0.10102992679300399,3.089946746826172,0.5648724555969238,0.021587400138378142,71844
10590,347013120,0.10093886117323318,3.1571285247802736,0.5669167041778564,0.021730083227157592,71837
10600,347340800,0.10085200582550177,3.107753944396973,0.5616919517517089,0.02163636088371277,71912
10610,347668480,0.10076936156414122,3.1488380432128906,0.5705363750457764,0.021792253851890563,71870
10620,347996160,0.10069092916400112,3.133625793457031,0.5646731853485107,0.02150580883026123,71858
10630,348323840,0.10061670936044179,3.129896354675293,0.5641887664794922,0.021673719584941863,71825
10640,348651520,0.10054670284932737,3.156180191040039,0.567957067489624,0.021483281254768373,71835
10650,348979200,0.10048091028701947,3.1564199447631838,0.5751857280731201,0.02174437642097473,71844
10660,349306880,0.10041933229037073,3.145738983154297,0.5647305965423584,0.021583323180675507,71845
10670,349634560,0.10036196943671932,3.1173892974853517,0.5721110820770263,0.021972072124481202,71840
10680,349962240,0.10030882226388341,3.149093437194824,0.5719467639923096,0.021649082005023957,71886
10690,350289920,0.10025989127015598,3.096969795227051,0.5635976791381836,0.021775835752487184,71868
10700,350617600,0.10021517691430043,3.152953338623047,0.5693488597869873,0.021521438658237458,71854
10710,350945280,0.10017467961554609,3.167580986022949,0.5715771675109863,0.021497377753257753,71851
10720,351272960,0.10013839975358439,3.141335678100586,0.5689094543457032,0.021580781042575835,71825
10730,351600640,0.10010633766856511,3.094274139404297,0.5659620761871338,0.021632844209671022,71808
10740,351928320,0.10007849366109348,3.117710304260254,0.5656373023986816,0.021814660727977754,71770
10750,352256000,0.10005486799222715,3.114629936218262,0.5683463096618653,0.021506980061531067,71854
10760,352583680,0.10003546088347381,3.1203639984130858,0.5626379489898682,0.021814367175102232,71857
10770,352911360,0.10002027251678908,3.1397335052490236,0.5671843528747559,0.02154405862092972,71900
10780,353239040,0.1000093030345748,3.1199676513671877,0.5687603950500488,0.02182256281375885,71861
10790,353566720,0.10000255253967788,3.1473873138427733,0.5773923873901368,0.02165863513946533,71795
10800,353894400,0.10000002109538904,3.1780410766601563,0.5774248600006103,0.02155986875295639,71812
