step,tokens,lr_mult,loss,grad_norm,value_grad_norm,tok_s
10,327680,0.018518518518518517,10.743228912353516,6.983206176757813,0.008730843663215637,66630
20,655360,0.037037037037037035,10.30129623413086,3.2791820526123048,0.005777969211339951,72309
30,983040,0.05555555555555555,10.074649047851562,1.9877235412597656,0.005271711945533752,72201
40,1310720,0.07407407407407407,9.818534088134765,2.3292495727539064,0.0067004188895225525,72548
50,1638400,0.09259259259259259,9.469466400146484,2.1971206665039062,0.004849028587341308,72741
60,1966080,0.1111111111111111,9.185991668701172,1.767375373840332,0.0028108224272727967,73114
70,2293760,0.12962962962962962,8.909031677246094,1.733991813659668,0.001971260644495487,73375
80,2621440,0.14814814814814814,8.621686553955078,1.6652000427246094,0.0016747822985053063,73370
90,2949120,0.16666666666666666,8.302338409423829,1.5839759826660156,0.0016079941764473916,73356
100,3276800,0.18518518518518517,7.985318756103515,1.5619562149047852,0.001773471012711525,73361
110,3604480,0.2037037037037037,7.7102783203125,1.4121835708618165,0.001842663437128067,73420
120,3932160,0.2222222222222222,7.432268524169922,1.2320716857910157,0.0018086601048707962,73291
130,4259840,0.24074074074074073,7.148571014404297,1.0598368644714355,0.0019204303622245788,73293
140,4587520,0.25925925925925924,6.977100372314453,0.8970516204833985,0.0021876808255910873,73174
150,4915200,0.2777777777777778,6.828036499023438,0.8110343933105468,0.002713587135076523,73198
160,5242880,0.2962962962962963,6.685037994384766,0.7548910140991211,0.0030254215002059937,73080
170,5570560,0.3148148148148148,6.598976898193359,0.7177196502685547,0.0031772557646036147,73142
180,5898240,0.3333333333333333,6.504639434814453,0.827298641204834,0.003819352388381958,73015
190,6225920,0.35185185185185186,6.437123870849609,0.6731193542480469,0.003974250331521034,73087
200,6553600,0.37037037037037035,6.359832763671875,0.7990153789520263,0.0042333085089921955,73023
210,6881280,0.3888888888888889,6.3118644714355465,0.7515238761901856,0.004419859126210212,72991
220,7208960,0.4074074074074074,6.237805938720703,0.7713455200195313,0.00481952503323555,73039
230,7536640,0.42592592592592593,6.200559997558594,0.7952157974243164,0.004995951056480407,73029
240,7864320,0.4444444444444444,6.123088836669922,0.7608973503112793,0.005683550611138344,73019
250,8192000,0.46296296296296297,6.070366668701172,0.844482135772705,0.005768443644046784,72951
260,8519680,0.48148148148148145,6.037569046020508,0.7817173480987549,0.005826468393206596,72943
270,8847360,0.5,5.934035873413086,0.7841315269470215,0.006375540047883987,72955
280,9175040,0.5185185185185185,5.9163978576660154,0.8282934188842773,0.006837908923625946,72932
290,9502720,0.5370370370370371,5.867107009887695,0.859068489074707,0.007322864234447479,72916
300,9830400,0.5555555555555556,5.819929504394532,0.8047502517700196,0.007653618603944779,72898
310,10158080,0.5740740740740741,5.779237747192383,0.774450159072876,0.007584188133478165,72911
320,10485760,0.5925925925925926,5.727938842773438,0.8016984939575196,0.007736194878816605,72875
330,10813440,0.6111111111111112,5.707480621337891,0.7738025188446045,0.007880677282810212,72905
340,11141120,0.6296296296296297,5.675197601318359,0.8315333366394043,0.008479544520378112,72869
350,11468800,0.6481481481481481,5.627846908569336,0.7740554809570312,0.00855613574385643,72863
360,11796480,0.6666666666666666,5.6064605712890625,0.8753662109375,0.009083374589681625,72825
370,12124160,0.6851851851851852,5.588794326782226,0.7729580402374268,0.008768227696418763,72854
380,12451840,0.7037037037037037,5.507241058349609,0.785771656036377,0.00909430831670761,72914
390,12779520,0.7222222222222222,5.48455581665039,0.776293134689331,0.008971709012985229,72859
400,13107200,0.7407407407407407,5.466836547851562,0.7858488082885742,0.009522027522325515,72829
410,13434880,0.7592592592592593,5.4232536315917965,0.7401331424713135,0.009088046103715896,72846
420,13762560,0.7777777777777778,5.41358757019043,0.776106882095337,0.009581334888935089,72782
430,14090240,0.7962962962962963,5.399051666259766,0.760495662689209,0.009558698534965515,72810
440,14417920,0.8148148148148148,5.312645339965821,0.7831113815307618,0.010061604529619217,72762
450,14745600,0.8333333333333334,5.298028182983399,0.7480220794677734,0.010346920043230057,72840
460,15073280,0.8518518518518519,5.300986480712891,0.7333641052246094,0.009893664717674255,72786
470,15400960,0.8703703703703703,5.254817199707031,0.7445490837097168,0.010170963406562806,72792
480,15728640,0.8888888888888888,5.267623519897461,0.7263389587402344,0.01000610664486885,72726
490,16056320,0.9074074074074074,5.202171707153321,0.7301527976989746,0.010308119654655456,72770
500,16384000,0.9259259259259259,5.161079025268554,0.7635764598846435,0.010487944632768632,72769
510,16711680,0.9444444444444444,5.199190139770508,0.7152644634246826,0.010301153361797332,72745
520,17039360,0.9629629629629629,5.161147689819336,0.7416232585906982,0.01063910499215126,72861
530,17367040,0.9814814814814815,5.122490692138672,0.7351676464080811,0.010786369442939758,72827
540,17694720,1.0,5.1124725341796875,0.7175201892852783,0.010669586062431336,72837
550,18022400,0.9999982912745576,5.11590690612793,0.6721068382263183,0.010437406599521637,72814
560,18350080,0.9999923845859849,5.098244476318359,0.7405667781829834,0.010734597593545914,72796
570,18677760,0.9999822588942721,5.048789215087891,0.7422037601470948,0.010632196813821793,72769
580,19005440,0.999967914294355,5.039000701904297,0.6788780689239502,0.01063900887966156,72733
590,19333120,0.9999493509207248,4.98803482055664,0.6692182540893554,0.010850803554058075,72818
600,19660800,0.9999265689474259,5.005333328247071,0.6558257579803467,0.010980448871850967,72787
610,19988480,0.9998995685880564,4.965551376342773,0.6513525009155273,0.010795822739601136,72756
620,20316160,0.9998683500957637,4.9833839416503904,0.6224538326263428,0.010927274078130721,72759
630,20643840,0.9998329137632439,4.9201301574707035,0.6314358711242676,0.011208894103765488,72706
640,20971520,0.9997932599227379,4.905128097534179,0.6153129577636719,0.010920985043048859,72657
650,21299200,0.9997493889460295,4.857904434204102,0.5825634479522706,0.010883781313896179,72662
660,21626880,0.9997013012444405,4.890431976318359,0.5968616008758545,0.010907899588346481,72723
670,21954560,0.9996489972688276,4.851318359375,0.5899320602416992,0.010889805853366852,72695
680,22282240,0.9995924775095786,4.824484634399414,0.5806382656097412,0.011061548441648483,72676
690,22609920,0.9995317424966069,4.895365524291992,0.6374330997467041,0.011574319750070571,72658
700,22937600,0.9994667927993469,4.820733642578125,0.58889799118042,0.011195473372936249,72676
710,23265280,0.9993976290267491,4.804261016845703,0.6050103187561036,0.011534943431615829,72575
720,23592960,0.9993242518272736,4.772735977172852,0.5885292053222656,0.011500591039657592,72628
730,23920640,0.9992466618888847,4.779481887817383,0.5630766391754151,0.011519626528024674,72650
740,24248320,0.9991648599390438,4.747161483764648,0.5748443603515625,0.011588594317436219,72551
750,24576000,0.9990788467447033,4.765098190307617,0.5866679668426513,0.011813726276159286,72664
760,24903680,0.998988623112299,4.775593566894531,0.5568846225738525,0.01161912977695465,72620
770,25231360,0.9988941898877425,4.7305553436279295,0.5630551338195801,0.01172175705432892,72585
780,25559040,0.9987955479564131,4.703300476074219,0.5663115501403808,0.011942325532436371,72564
790,25886720,0.9986926982431505,4.688145446777344,0.5569238662719727,0.011653972417116165,72544
800,26214400,0.9985856417122446,4.687280654907227,0.5508748531341553,0.011829359084367752,72577
810,26542080,0.9984743793674279,4.683328628540039,0.5653273105621338,0.012002234160900117,72629
820,26869760,0.9983589122518649,4.657519912719726,0.5571424961090088,0.012058129161596298,72557
830,27197440,0.9982392414481429,4.640750122070313,0.5519931793212891,0.012086428701877594,72540
840,27525120,0.9981153680782624,4.642325592041016,0.5431860446929931,0.012181097269058227,72485
850,27852800,0.9979872933036253,4.612542343139649,0.5384809494018554,0.012041863799095155,72486
860,28180480,0.9978550183250252,4.604861831665039,0.548589563369751,0.012240003049373626,72465
870,28508160,0.9977185443826352,4.611365127563476,0.5717515468597412,0.012405995279550552,72479
880,28835840,0.997577872755997,4.585239028930664,0.5484174251556396,0.01222497969865799,72514
890,29163520,0.9974330047640086,4.540335083007813,0.5717019081115723,0.012352945655584336,72538
900,29491200,0.997283941764912,4.57100830078125,0.532700777053833,0.012642116844654083,72529
910,29818880,0.9971306851562801,4.510246276855469,0.5306498050689697,0.012493535876274109,72503
920,30146560,0.9969732363750042,4.528756713867187,0.5608410835266113,0.012932109832763671,72425
930,30474240,0.9968115968972803,4.502626037597656,0.5397270202636719,0.012442202866077423,72441
940,30801920,0.996645768238595,4.549431228637696,0.5537249088287354,0.012693965435028076,72393
950,31129600,0.9964757519537114,4.477416229248047,0.5315069675445556,0.01297275573015213,72450
960,31457280,0.9963015496366552,4.52598876953125,0.5534051418304443,0.013098746538162231,72493
970,31784960,0.9961231629206984,4.498771667480469,0.5240119457244873,0.012650112807750701,72476
980,32112640,0.9959405934783451,4.477556228637695,0.5324012279510498,0.012672883272171021,72296
990,32440320,0.9957538430213158,4.448675537109375,0.5350970268249512,0.013127173483371734,72406
1000,32768000,0.9955629133005303,4.460966491699219,0.5242604732513427,0.012891837954521179,72378
1010,33095680,0.9953678061060928,4.469684982299805,0.5440755367279053,0.01281801164150238,72353
1020,33423360,0.9951685232672738,4.42425651550293,0.5357884407043457,0.013192051649093628,72426
1030,33751040,0.9949650666524937,4.4532615661621096,0.5288220882415772,0.013066492974758148,72464
1040,34078720,0.9947574381693048,4.402215194702149,0.5244177341461181,0.013180479407310486,72402
1050,34406400,0.9945456397643743,4.393703842163086,0.522910737991333,0.013309139013290405,72382
1060,34734080,0.9943296734234646,4.419939041137695,0.5484322547912598,0.01331159919500351,72359
1070,35061760,0.994109541171416,4.38786506652832,0.5414511680603027,0.013492529094219208,72316
1080,35389440,0.993885245072127,4.383230590820313,0.5212492942810059,0.013259273767471314,72332
1090,35717120,0.9936567872285358,4.337865829467773,0.521814489364624,0.01329576075077057,72337
1100,36044800,0.9934241697825988,4.330607986450195,0.5237725257873536,0.013345468044281005,72346
1110,36372480,0.9931873949152726,4.348967742919922,0.5296712875366211,0.013436001539230347,72345
1120,36700160,0.9929464648464924,4.353156661987304,0.511075496673584,0.013287056982517243,72271
1130,37027840,0.9927013818351514,4.3260353088378904,0.5248401641845704,0.01356174647808075,72297
1140,37355520,0.9924521481790796,4.335787200927735,0.5263545513153076,0.013303185999393462,72313
1150,37683200,0.9921987662150219,4.328794479370117,0.6005989074707031,0.013530363142490388,72279
1160,38010880,0.9919412383186172,4.2944988250732425,0.5156707286834716,0.01373024731874466,72253
1170,38338560,0.9916795669043754,4.308787536621094,0.5236507892608643,0.013456620275974274,72360
1180,38666240,0.9914137544256545,4.338959503173828,0.5070236206054688,0.013237883150577546,72352
1190,38993920,0.9911438033746384,4.254639434814453,0.564852237701416,0.013959194719791412,72306
1200,39321600,0.9908697162823128,4.347389221191406,0.555408525466919,0.013655151426792144,72288
1210,39649280,0.9905914957184417,4.271125411987304,0.5268707752227784,0.013500569760799408,72256
1220,39976960,0.9903091442915438,4.2142181396484375,0.5255496978759766,0.013935278356075286,72221
1230,40304640,0.9900226646488671,4.26965446472168,0.5035229206085206,0.013612617552280427,72235
1240,40632320,0.9897320594763651,4.202381896972656,0.5136635780334473,0.013867411017417907,72249
1250,40960000,0.9894373314986707,4.242753982543945,0.5104611396789551,0.013885883986949921,72275
1260,41287680,0.9891384834790714,4.20980224609375,0.49482479095458987,0.01374160647392273,72300
1270,41615360,0.9888355182194829,4.210102844238281,0.5084867477416992,0.013815777003765106,72219
1280,41943040,0.9885284385604228,4.211933898925781,0.4936388969421387,0.013658827543258667,72183
1290,42270720,0.9882172473809846,4.205391693115234,0.5116249084472656,0.01390720009803772,72215
1300,42598400,0.98790194759881,4.167376327514648,0.4925972938537598,0.013871230185031891,72159
1310,42926080,0.9875825421700617,4.197012710571289,0.49585909843444825,0.013912355899810791,72178
1320,43253760,0.9872590340893962,4.183195877075195,0.49480133056640624,0.013834635913372039,72280
1330,43581440,0.9869314263899347,4.140473937988281,0.49498491287231444,0.013769175112247466,72272
1340,43909120,0.986599722143236,4.158744049072266,0.4994044303894043,0.01417907327413559,72189
1350,44236800,0.9862639244592665,4.158488464355469,0.5040611267089844,0.01393892616033554,72185
1360,44564480,0.9859240364863717,4.160210418701172,0.5303404331207275,0.014212174713611603,72197
1370,44892160,0.9855800614112464,4.110462951660156,0.5026157855987549,0.014203095436096191,72182
1380,45219840,0.9852320024589052,4.121018981933593,0.49217939376831055,0.014162994921207428,72115
1390,45547520,0.9848798628926516,4.0790245056152346,0.4938215732574463,0.014127519726753236,72212
1400,45875200,0.984523646014048,4.106355285644531,0.5059493064880372,0.014208586513996124,72237
1410,46202880,0.9841633551628844,4.12732162475586,0.5049828052520752,0.014159977436065674,72211
1420,46530560,0.983798993717148,4.134484100341797,0.49293084144592286,0.014212095737457275,72131
1430,46858240,0.9834305650929893,4.1312202453613285,0.49512581825256347,0.014068205654621125,72177
1440,47185920,0.983058072744693,4.092855453491211,0.5030218601226807,0.014407908916473389,72159
1450,47513600,0.9826815201646432,4.070952224731445,0.5041325092315674,0.014279940724372863,72175
1460,47841280,0.982300910883292,4.0613861083984375,0.4852107048034668,0.0143255352973938,72165
1470,48168960,0.9819162484691257,4.1260520935058596,0.49990158081054686,0.014223743975162507,72047
1480,48496640,0.9815275365286322,4.085662460327148,0.49489145278930663,0.014480911195278168,72088
1490,48824320,0.9811347787062661,4.071877288818359,0.4880332946777344,0.014240115880966187,72146
1500,49152000,0.9807379786844153,4.0875709533691404,0.4816080093383789,0.014331486821174622,72087
1510,49479680,0.980337140183366,4.0612548828125,0.4880190372467041,0.014262337982654572,72142
1520,49807360,0.9799322669612684,4.043038177490234,0.490657377243042,0.014303375780582429,72095
1530,50135040,0.9795233628141009,4.058552551269531,0.48198394775390624,0.014339126646518707,72156
1540,50462720,0.9791104315756348,3.989146041870117,0.4744258880615234,0.014305995404720306,72121
1550,50790400,0.9786934771173983,4.069789886474609,0.47453508377075193,0.014164349436759949,72160
1560,51118080,0.9782725033486401,4.029924011230468,0.48617968559265134,0.014726066589355468,72151
1570,51445760,0.977847514216293,4.0632881164550785,0.49385666847229004,0.01442253589630127,72126
1580,51773440,0.9774185137049364,4.078812789916992,0.4802995681762695,0.014325697720050812,72098
1590,52101120,0.9769855058367597,4.00740966796875,0.4857522964477539,0.01468760371208191,72123
1600,52428800,0.9765484946715238,4.0523429870605465,0.49361886978149416,0.014584164321422576,72110
1610,52756480,0.9761074843065236,4.0257915496826175,0.48710970878601073,0.014689266681671143,72172
1620,53084160,0.9756624788765493,3.997329330444336,0.47719249725341795,0.01433933675289154,72192
1630,53411840,0.975213482553848,3.960551452636719,0.474410343170166,0.014855548739433289,72130
1640,53739520,0.9747604995480836,3.9765377044677734,0.4758138179779053,0.014619046449661255,72089
1650,54067200,0.9743035341062987,3.9887229919433596,0.47929954528808594,0.014532285928726196,72101
1660,54394880,0.9738425905128739,3.954269027709961,0.4737524509429932,0.014546309411525727,72033
1670,54722560,0.9733776730894877,3.9848861694335938,0.4680216312408447,0.014617340266704559,72082
1680,55050240,0.9729087861950766,3.956553649902344,0.4890769004821777,0.014823120832443238,72139
1690,55377920,0.972435934225793,3.9771251678466797,0.5031653881072998,0.014615131914615631,72125
1700,55705600,0.9719591216149652,3.9655399322509766,0.4689209461212158,0.014917439222335816,72095
1710,56033280,0.9714783528330554,3.9602741241455077,0.485551118850708,0.014942003786563874,71972
1720,56360960,0.9709936323876177,3.9728103637695313,0.48543686866760255,0.014784424006938935,71996
1730,56688640,0.9705049648232557,3.940568542480469,0.49048242568969724,0.015002550184726715,72075
1740,57016320,0.9700123547215803,3.955471420288086,0.4765726089477539,0.01497335284948349,71976
1750,57344000,0.9695158067011665,3.964760589599609,0.47071118354797364,0.014687862992286683,72106
1760,57671680,0.9690153254175102,3.919843292236328,0.46973237991333006,0.014852596819400788,72087
1770,57999360,0.9685109155629843,3.978181838989258,0.48999199867248533,0.015006841719150543,72067
1780,58327040,0.9680025818667949,3.9348278045654297,0.4750485420227051,0.015043629705905915,72072
1790,58654720,0.9674903290949369,3.9351306915283204,0.4745788097381592,0.014716461300849915,72062
1800,58982400,0.96697416205015,3.939107131958008,0.48178682327270506,0.014797386527061463,71986
1810,59310080,0.9664540855718718,3.971169281005859,0.48525371551513674,0.015145517885684967,72028
1820,59637760,0.9659301045361949,3.9438610076904297,0.482175874710083,0.014678588509559632,72040
1830,59965440,0.9654022238558191,3.948782730102539,0.48583240509033204,0.014887481927871704,72126
1840,60293120,0.9648704484800066,3.940555953979492,0.48402915000915525,0.014999493956565857,72074
1850,60620800,0.9643347833945352,3.907801055908203,0.4770009517669678,0.014958807826042175,72077
1860,60948480,0.9637952336216511,3.9173137664794924,0.47074136734008787,0.014977933466434478,72029
1870,61276160,0.9632518042200229,3.8987354278564452,0.5002321720123291,0.014898458123207092,71983
1880,61603840,0.9627045002846928,3.9399681091308594,0.4830589294433594,0.015119209885597229,71988
1890,61931520,0.96215332694703,3.8863121032714845,0.47139768600463866,0.015001596510410308,71995
1900,62259200,0.9615982893746823,3.9153717041015623,0.4867105484008789,0.015006218850612641,72100
1910,62586880,0.9610393927715268,3.8586021423339845,0.47934832572937014,0.015408782660961151,72108
1920,62914560,0.9604766423776228,3.9227367401123048,0.4719377994537354,0.014928410947322845,72039
1930,63242240,0.9599100434691605,3.9797183990478517,0.47718324661254885,0.014990444481372833,72054
1940,63569920,0.9593396013584137,3.865283966064453,0.46919727325439453,0.014985361695289611,71959
1950,63897600,0.9587653213936885,3.836620330810547,0.48280816078186034,0.015316931903362275,72022
1960,64225280,0.9581872089592738,3.8719879150390626,0.48281564712524416,0.015116527676582336,71912
1970,64552960,0.9576052694753903,3.887105941772461,0.4776900291442871,0.015014922618865967,72086
1980,64880640,0.9570195083981407,3.908212661743164,0.47605109214782715,0.015296751260757446,72037
1990,65208320,0.9564299312194574,3.845628356933594,0.4708400249481201,0.015179231762886047,72062
2000,65536000,0.9558365434670516,3.8863365173339846,0.4748724937438965,0.015146413445472717,72032
2010,65863680,0.9552393507043617,3.826538848876953,0.47450103759765627,0.015200860798358917,71997
2020,66191360,0.9546383585305002,3.8821037292480467,0.5009084701538086,0.015202902257442474,71985
2030,66519040,0.9540335725802023,3.878469467163086,0.47983741760253906,0.01545339971780777,71968
2040,66846720,0.9534249985237726,3.8789321899414064,0.4951450824737549,0.015245756506919861,72041
2050,67174400,0.9528126420670315,3.90286865234375,0.4725077152252197,0.015113814175128937,72043
2060,67502080,0.9521965089512627,3.864789581298828,0.477741003036499,0.015246275067329406,72033
2070,67829760,0.9515766049531583,3.829184341430664,0.47960853576660156,0.015480121970176697,72024
2080,68157440,0.9509529358847655,3.8961605072021483,0.4836403846740723,0.01500210165977478,71981
2090,68485120,0.9503255075934316,3.8826152801513674,0.47395877838134765,0.015046009421348571,71954
2100,68812800,0.9496943259617492,3.8454349517822264,0.48090224266052245,0.015451793372631074,72000
2110,69140480,0.9490593969075014,3.8099842071533203,0.4711209774017334,0.015260626375675202,71999
2120,69468160,0.948420726383606,3.848175048828125,0.4739880084991455,0.01551179587841034,72042
2130,69795840,0.9477783203780596,3.8345775604248047,0.5669417381286621,0.015461379289627075,72062
2140,70123520,0.9471321849138822,3.8363529205322267,0.4789295196533203,0.015425083041191102,72014
2150,70451200,0.9464823260490595,3.8456859588623047,0.47606840133666994,0.015341778099536896,72013
2160,70778880,0.9458287498764869,3.8599048614501954,0.4773406028747559,0.015384574234485627,71985
2170,71106560,0.9451714625239126,3.7880275726318358,0.4717069625854492,0.015310055017471314,71947
2180,71434240,0.9445104701538795,3.8019485473632812,0.46968994140625,0.01563732177019119,71991
2190,71761920,0.9438457789636678,3.7333641052246094,0.4758718967437744,0.015585891902446747,72069
2200,72089600,0.9431773951852368,3.8472747802734375,0.4795872211456299,0.015462072193622589,71853
2210,72417280,0.9425053250851664,3.8336406707763673,0.4678973197937012,0.01546582132577896,71991
2220,72744960,0.9418295749645985,3.817055892944336,0.48372631072998046,0.01544319987297058,71950
2230,73072640,0.9411501511591778,3.777722930908203,0.4774219036102295,0.015798817574977874,71969
2240,73400320,0.9404670600389926,3.7492740631103514,0.47998752593994143,0.015574343502521515,71918
2250,73728000,0.9397803080085146,3.7955612182617187,0.47375144958496096,0.01563960760831833,71984
2260,74055680,0.9390899015065397,3.8283885955810546,0.4723515033721924,0.015576593577861786,72025
2270,74383360,0.9383958470061263,3.8067947387695313,0.47096052169799807,0.015451914072036744,72017
2280,74711040,0.9376981510145364,3.7990272521972654,0.47726144790649416,0.0157069593667984,71961
2290,75038720,0.9369968200731726,3.8282093048095702,0.47917923927307127,0.015560035407543183,72024
2300,75366400,0.9362918607575188,3.787493896484375,0.4687934875488281,0.015699373185634614,71982
2310,75694080,0.9355832796770766,3.7796138763427733,0.4585695266723633,0.015466880798339844,71963
2320,76021760,0.9348710834753048,3.7637500762939453,0.4698431968688965,0.01576424241065979,71888
2330,76349440,0.9341552788295563,3.7642215728759765,0.4665664196014404,0.01566985249519348,71969
2340,76677120,0.9334358724510162,3.802655792236328,0.47873616218566895,0.015497471392154693,72026
2350,77004800,0.9327128710846379,3.7201770782470702,0.464479923248291,0.015857601165771486,71999
2360,77332480,0.9319862815090807,3.745817184448242,0.46973190307617185,0.01546940952539444,71988
2370,77660160,0.9312561105366457,3.800922393798828,0.46982531547546386,0.015795205533504487,71984
2380,77987840,0.9305223650132127,3.7159629821777345,0.46945915222167967,0.015886396169662476,71956
2390,78315520,0.929785051818175,3.774227523803711,0.47412834167480467,0.015511295199394226,71908
2400,78643200,0.9290441778643755,3.752581024169922,0.47100677490234377,0.015892264246940613,71989
2410,78970880,0.928299750098042,3.770751953125,0.46995153427124026,0.015859688818454742,71954
2420,79298560,0.9275517754987215,3.7662078857421877,0.4805166244506836,0.015794745087623595,72005
2430,79626240,0.9268002610792152,3.7639930725097654,0.46680703163146975,0.01562141180038452,71996
2440,79953920,0.9260452138855131,3.7762287139892576,0.47102999687194824,0.015587238967418671,71945
2450,80281600,0.9252866409967271,3.8518016815185545,0.48458037376403806,0.015712186694145203,71927
2460,80609280,0.924524549525025,3.756102752685547,0.46169257164001465,0.015837801992893218,71949
2470,80936960,0.923758946615564,3.7610836029052734,0.46543660163879397,0.01585443764925003,71945
2480,81264640,0.9229898394464237,3.7882148742675783,0.47530717849731446,0.016324976086616518,71978
2490,81592320,0.922217235228538,3.72961540222168,0.4790074825286865,0.015675567090511322,72010
2500,81920000,0.9214411412056294,3.7430042266845702,0.46319804191589353,0.01571396142244339,71965
2510,82247680,0.9206615646541384,3.6882049560546877,0.4666496753692627,0.016158561408519744,71977
2520,82575360,0.9198785128831577,3.7804286956787108,0.48300871849060056,0.016122710704803467,71947
2530,82903040,0.9190919932343625,3.7208457946777345,0.4797520160675049,0.01589711904525757,71931
2540,83230720,0.9183020130819415,3.709530258178711,0.4711677074432373,0.015761598944664,71900
2550,83558400,0.9175085798325283,3.768049621582031,0.469633674621582,0.01593876928091049,71962
2560,83886080,0.9167117009251322,3.728714370727539,0.46745662689208983,0.015903837978839874,71949
2570,84213760,0.9159113838310676,3.7302623748779298,0.4771256923675537,0.015784229338169097,71896
2580,84541440,0.9151076360538841,3.7517051696777344,0.46874251365661623,0.016020798683166505,71935
2590,84869120,0.9143004651292971,3.723978805541992,0.4680336952209473,0.0158189132809639,71927
2600,85196800,0.913489878625116,3.7168964385986327,0.4715705871582031,0.01587505042552948,71885
2610,85524480,0.912675884141174,3.7496273040771486,0.4763239860534668,0.015767645835876466,71931
2620,85852160,0.9118584893092562,3.6981468200683594,0.4651631355285645,0.015947422385215758,71970
2630,86179840,0.9110377017930288,3.709224319458008,0.4658249855041504,0.01618853062391281,71935
2640,86507520,0.9102135292879667,3.6898052215576174,0.4844419002532959,0.016058349609375,71959
2650,86835200,0.9093859795212818,3.7083671569824217,0.47242164611816406,0.015978148579597472,71957
2660,87162880,0.9085550602518495,3.699738311767578,0.46982178688049314,0.01607343554496765,71955
2670,87490560,0.9077207792701376,3.7028278350830077,0.6731616020202636,0.015825378894805908,71931
2680,87818240,0.9068831443981318,3.706119918823242,0.4760433673858643,0.016280749440193178,71919
2690,88145920,0.9060421634892631,3.7216938018798826,0.4766033172607422,0.01588038504123688,71868
2700,88473600,0.9051978444283342,3.698069763183594,0.47998642921447754,0.016097475588321686,71972
2710,88801280,0.9043501951314451,3.6982658386230467,0.4691804885864258,0.016075581312179565,71944
2720,89128960,0.9034992235459193,3.682085418701172,0.4617306709289551,0.015889674425125122,71918
2730,89456640,0.9026449376502291,3.6809940338134766,0.4870479583740234,0.016462928056716918,71886
2740,89784320,0.9017873454539209,3.69873161315918,0.4651167869567871,0.015617269277572631,71891
2750,90112000,0.9009264549975401,3.7415950775146483,0.4818263053894043,0.016268296539783476,71876
2760,90439680,0.9000622743525556,3.6672107696533205,0.4666427135467529,0.016335029900074006,71859
2770,90767360,0.899194811621284,3.7040130615234377,0.47252788543701174,0.016150768101215362,71937
2780,91095040,0.8983240749368143,3.661037063598633,0.47544398307800295,0.016122260689735414,71935
2790,91422720,0.8974500724629308,3.6946529388427733,0.4679574489593506,0.016232678294181825,71907
2800,91750400,0.896572812394037,3.6512046813964845,0.47577509880065916,0.01632377803325653,71929
2810,92078080,0.8956923029550786,3.6649662017822267,0.47527036666870115,0.016389647126197816,71915
2820,92405760,0.8948085524014668,3.6703304290771483,0.47858271598815916,0.016436688601970673,71906
2830,92733440,0.8939215690190004,3.6676143646240233,0.4776759147644043,0.01618664711713791,71880
2840,93061120,0.8930313611237881,3.6770065307617186,0.4698639392852783,0.01631046086549759,71942
2850,93388800,0.892137937062171,3.6704105377197265,0.47028193473815916,0.016213245689868927,71940
2860,93716480,0.8912413052106443,3.6559402465820314,0.47044939994812013,0.016321517527103424,71910
2870,94044160,0.890341473975778,3.6752208709716796,0.4644330501556396,0.016311174631118773,71892
2880,94371840,0.8894384517941388,3.7065731048583985,0.48180723190307617,0.016281002759933473,71903
2890,94699520,0.8885322471322111,3.67657356262207,0.4723236083984375,0.016207467019557952,71895
2900,95027200,0.8876228684863171,3.696114730834961,0.4755573749542236,0.01624799519777298,71883
2910,95354880,0.8867103243825375,3.6495006561279295,0.47716436386108396,0.016291676461696623,71937
2920,95682560,0.8857946233766313,3.6213455200195312,0.4700322151184082,0.016173538565635682,71912
2930,96010240,0.8848757740539559,3.653097915649414,0.47292351722717285,0.016328534483909606,71702
2940,96337920,0.8839537850293865,3.710908889770508,0.4687004089355469,0.016255837678909302,71894
2950,96665600,0.8830286649472348,3.667312240600586,0.46756577491760254,0.016164021193981172,71882
2960,96993280,0.882100422481169,3.6844505310058593,0.4617037296295166,0.016271337866783142,71853
2970,97320960,0.8811690663341317,3.6434860229492188,0.46747169494628904,0.01660539209842682,71858
2980,97648640,0.8802346052382582,3.6531913757324217,0.47158613204956057,0.01644483655691147,71911
2990,97976320,0.8792970479547958,3.6633251190185545,0.4726413726806641,0.016372533142566682,71909
3000,98304000,0.8783564032740195,3.6667476654052735,0.48209424018859864,0.01627166271209717,71875
3010,98631680,0.877412680015152,3.691120910644531,0.4781939506530762,0.016294416785240174,71834
3020,98959360,0.8764658870262793,3.625900650024414,0.4739063739776611,0.016340218484401703,71808
3030,99287040,0.8755160331842685,3.6332477569580077,0.46821041107177735,0.016407302021980284,71971
3040,99614720,0.8745631273946847,3.6082427978515623,0.4569974899291992,0.01628560870885849,71903
3050,99942400,0.8736071785917066,3.636107635498047,0.4682570457458496,0.01652184724807739,72048
3060,100270080,0.8726481957380435,3.60147705078125,0.46967320442199706,0.01656423807144165,72083
3070,100597760,0.8716861878248516,3.649386978149414,0.4795241832733154,0.016582264006137847,71935
3080,100925440,0.8707211638716489,3.6683109283447264,0.4788512229919434,0.01648120433092117,71884
3090,101253120,0.8697531329262307,3.6450267791748048,0.4693037986755371,0.016534531116485597,71849
3100,101580800,0.8687821040645854,3.619345855712891,0.47803783416748047,0.016701947152614593,71869
3110,101908480,0.8678080863908089,3.6084808349609374,0.46442036628723143,0.016381463408470152,71803
3120,102236160,0.8668310890370192,3.615612030029297,0.4720374584197998,0.016645728051662444,71884
3130,102563840,0.8658511211632715,3.660689926147461,0.4692566394805908,0.016492748260498048,71870
3140,102891520,0.8648681919574708,3.6289394378662108,0.47092351913452146,0.01644926071166992,71845
3150,103219200,0.8638823106352876,3.6225864410400392,0.46064329147338867,0.01643161028623581,71835
3160,103546880,0.8628934864400705,3.6340797424316404,0.46755399703979494,0.01653314530849457,71840
3170,103874560,0.861901728642759,3.633558654785156,0.46497249603271484,0.016329869627952576,71876
3180,104202240,0.8609070465417982,3.5956241607666017,0.46616415977478026,0.01651604473590851,71776
3190,104529920,0.8599094494630499,3.657634735107422,0.4792980670928955,0.016633139550685884,71818
3200,104857600,0.858908946759706,3.647013854980469,0.47955031394958497,0.016480985283851623,71825
3210,105185280,0.8579055478122014,3.614316940307617,0.4771625518798828,0.016803205013275146,71853
3220,105512960,0.8568992620281244,3.6113361358642577,0.4793440341949463,0.016504323482513426,71885
3230,105840640,0.8558900988421302,3.6508724212646486,0.4776301383972168,0.016822610795497895,71837
3240,106168320,0.8548780677158514,3.6191585540771483,0.4747011184692383,0.01661151796579361,71843
3250,106496000,0.8538631781378098,3.6088188171386717,0.4745020866394043,0.01669301837682724,71812
3260,106823680,0.8528454396233269,3.6650016784667967,0.4787628173828125,0.016479524970054626,71815
3270,107151360,0.8518248617144356,3.606342315673828,0.47627830505371094,0.016761979460716246,71863
3280,107479040,0.8508014539797896,3.568869781494141,0.4764007568359375,0.01652626246213913,71882
3290,107806720,0.8497752260145746,3.6097480773925783,0.47554450035095214,0.016904459893703462,71816
3300,108134400,0.8487461874404177,3.5963130950927735,0.4688377380371094,0.01649852395057678,71848
3310,108462080,0.8477143479052979,3.5748416900634767,0.4614569187164307,0.01679382622241974,71795
3320,108789760,0.846679717083455,3.626425933837891,0.4673654556274414,0.016523951292037965,71795
3330,109117440,0.845642304675299,3.613328552246094,0.4700279712677002,0.016885513067245485,71805
3340,109445120,0.8446021204073193,3.5771533966064455,0.47513742446899415,0.01691754013299942,71840
3350,109772800,0.8435591740319939,3.6377307891845705,0.4802878379821777,0.016808971762657166,71855
3360,110100480,0.842513475327697,3.5814888000488283,0.478638219833374,0.01679436266422272,71844
3370,110428160,0.8414650340986083,3.636199188232422,0.48017053604125975,0.016780824959278108,71824
3380,110755840,0.8404138601746204,3.5913341522216795,0.4778942108154297,0.017014889419078826,71831
3390,111083520,0.8393599634112467,3.602888488769531,0.47664613723754884,0.016583243012428285,71796
3400,111411200,0.8383033536895299,3.607314682006836,0.48322625160217286,0.01691925823688507,71826
3410,111738880,0.8372440409159477,3.593239593505859,0.476032018661499,0.016767632961273194,71802
3420,112066560,0.8361820350223216,3.574136734008789,0.48170084953308107,0.016677859425544738,71908
3430,112394240,0.8351173459657227,3.6407772064208985,0.4780448913574219,0.016944257915019988,71871
3440,112721920,0.8340499837283787,3.634097671508789,0.4841032028198242,0.01656920611858368,71790
3450,113049600,0.8329799583175806,3.587071990966797,0.46793484687805176,0.016934698820114134,71790
3460,113377280,0.831907279765588,3.5669929504394533,0.48860740661621094,0.01723393499851227,71830
3470,113704960,0.8308319581295361,3.6012851715087892,0.48093366622924805,0.016588559746742247,71791
3480,114032640,0.8297540034913407,3.5862892150878904,0.4858281135559082,0.016970783472061157,71741
3490,114360320,0.8286734259576041,3.5139324188232424,0.4744870662689209,0.01695909947156906,71867
3500,114688000,0.8275902356595198,3.5938735961914063,0.47820253372192384,0.017057588696479796,71827
3510,115015680,0.8265044427527782,3.6212642669677733,0.47938218116760256,0.016785170137882232,71823
3520,115343360,0.8254160574174707,3.588471603393555,0.46910343170166013,0.01676153838634491,71845
3530,115671040,0.824325089857995,3.5708553314208986,0.4708895683288574,0.016842177510261534,71777
3540,115998720,0.8232315503029586,3.606128692626953,0.4716346263885498,0.016982394456863403,71779
3550,116326400,0.8221354490050835,3.557225799560547,0.46865158081054686,0.016955791413784026,71771
3560,116654080,0.8210367962411099,3.590281677246094,0.47666053771972655,0.016852259635925293,71816
3570,116981760,0.8199356023116999,3.5924026489257814,0.4765206813812256,0.017167681455612184,71811
3580,117309440,0.8188318775413406,3.5455947875976563,0.4756348133087158,0.017029450833797456,71821
3590,117637120,0.8177256322782479,3.5652240753173827,0.4719674110412598,0.016940391063690184,71865
3600,117964800,0.8166168768942689,3.6113121032714846,0.47963519096374513,0.016837096214294432,71832
3610,118292480,0.8155056217847848,3.511395263671875,0.47109456062316896,0.017050166428089143,71782
3620,118620160,0.814391877368614,3.5140830993652346,0.48336195945739746,0.01768633723258972,71780
3630,118947840,0.8132756540879134,3.5232757568359374,0.4847372531890869,0.01766231656074524,72025
3640,119275520,0.8121569624080812,3.517230224609375,0.4805020809173584,0.017759059369564057,71937
3650,119603200,0.811035812817659,3.504538345336914,0.474731969833374,0.0177620068192482,71796
3660,119930880,0.8099122158282326,3.4738101959228516,0.4687460422515869,0.018019303679466248,71742
3670,120258560,0.8087861819743342,3.466844177246094,0.4744434833526611,0.017821507155895235,71783
3680,120586240,0.807657721813343,3.5169921875,0.47183904647827146,0.017601697146892546,71801
3690,120913920,0.8065268459253873,3.456837844848633,0.5005813121795655,0.017995479702949523,71789
3700,121241600,0.8053935649132437,3.5001739501953124,0.47310590744018555,0.018188321590423585,71715
3710,121569280,0.8042578894022393,3.4853450775146486,0.46353797912597655,0.017972394824028015,71770
3720,121896960,0.803119830040151,3.470570373535156,0.46783909797668455,0.017982400953769684,71819
3730,122224640,0.8019793974971061,3.461993408203125,0.4775886535644531,0.018195535242557525,71810
3740,122552320,0.800836602465482,3.4894638061523438,0.49246964454650877,0.01830889582633972,71740
3750,122880000,0.7996914556598066,3.502552795410156,0.47805447578430177,0.018086224794387817,71753
3760,123207680,0.7985439678166568,3.450339126586914,0.48233723640441895,0.01834532469511032,71771
3770,123535360,0.797394149694559,3.4968265533447265,0.4835157871246338,0.01827445924282074,71779
3780,123863040,0.796242012073887,3.495138168334961,0.4764103412628174,0.018295975029468538,71762
3790,124190720,0.7950875657567622,3.4841522216796874,0.47805066108703614,0.01829950660467148,71767
3800,124518400,0.7939308215669512,3.5192108154296875,0.4952458381652832,0.018360891938209535,71740
3810,124846080,0.7927717903497652,3.496747589111328,0.4740791320800781,0.018319979310035706,71872
3820,125173760,0.7916104829719576,3.507379150390625,0.4843920707702637,0.0183406725525856,71757
3830,125501440,0.7904469103216227,3.4834529876708986,0.4847663402557373,0.018259893357753753,71706
3840,125829120,0.7892810833080932,3.5009910583496096,0.49525961875915525,0.01830090880393982,71779
3850,126156800,0.7881130128618383,3.47802848815918,0.483585786819458,0.018161138892173766,71821
3860,126484480,0.7869427099343606,3.485309600830078,0.49272689819335935,0.01840197145938873,71772
3870,126812160,0.7857701854980944,3.496951675415039,0.4807740211486816,0.018336188793182374,71764
3880,127139840,0.7845954505463014,3.494615936279297,0.47575082778930666,0.018547163903713228,71757
3890,127467520,0.7834185160929696,3.446698760986328,0.48000173568725585,0.018425598740577698,71773
3900,127795200,0.7822393931727079,3.474507522583008,0.47394671440124514,0.01831125617027283,71750
3910,128122880,0.7810580928406442,3.4828327178955076,0.4770308494567871,0.018290309607982634,71735
3920,128450560,0.779874626172321,3.4444110870361326,0.47291717529296873,0.0187336727976799,71756
3930,128778240,0.7786890042635919,3.4716312408447267,0.48793754577636717,0.018446408212184906,71747
3940,129105920,0.7775012382305171,3.481123352050781,0.4754806041717529,0.018190936744213106,71800
3950,129433600,0.7763113392092603,3.495078277587891,0.47990989685058594,0.01832202672958374,71915
3960,129761280,0.7751193183559826,3.471680450439453,0.48473024368286133,0.01848013699054718,71983
3970,130088960,0.7739251868467393,3.496481704711914,0.4864354610443115,0.018573054671287538,71991
3980,130416640,0.7727289558773743,3.4780128479003904,0.4838566780090332,0.018387071788311005,71732
3990,130744320,0.7715306366634161,3.4454891204833986,0.4730392932891846,0.018445998430252075,71724
4000,131072000,0.7703302404399711,3.476512908935547,0.48401966094970705,0.018286195397377015,71739
4010,131399680,0.7691277784616201,3.5297271728515627,0.4838231086730957,0.018499094247817992,71755
4020,131727360,0.7679232620023108,3.542489242553711,0.49462113380432127,0.018594183027744293,71735
4030,132055040,0.7667167023552541,3.476320266723633,0.48942031860351565,0.018567802011966707,71717
4040,132382720,0.7655081108328167,3.4974086761474608,0.49015135765075685,0.01849077194929123,71672
4050,132710400,0.7642974987664158,3.506367874145508,0.47080440521240235,0.018421095609664918,71721
4060,133038080,0.7630848775064126,3.4737430572509767,0.478570556640625,0.018692152202129365,71749
4070,133365760,0.7618702584220061,3.4734161376953123,0.48441438674926757,0.018553929030895235,71742
4080,133693440,0.760653652901126,3.533174514770508,0.48868746757507325,0.018544639647006988,71725
4090,134021120,0.7594350723503267,3.4859928131103515,0.4843894004821777,0.01846042424440384,71767
4100,134348800,0.7582145281946793,3.454279327392578,0.4835211277008057,0.0187154546380043,71693
4110,134676480,0.756992031877666,3.4712501525878907,0.4811164379119873,0.0185412734746933,71734
4120,135004160,0.7557675948610709,3.4457725524902343,0.4837790012359619,0.018688097596168518,71709
4130,135331840,0.7545412286248747,3.4727199554443358,0.4990391254425049,0.01873853653669357,71702
4140,135659520,0.7533129446671448,3.4648921966552733,0.481352424621582,0.01859787553548813,71748
4150,135987200,0.7520827545039296,3.513507080078125,0.49282331466674806,0.018586546182632446,71675
4160,136314880,0.7508506696691486,3.462906265258789,0.48570637702941893,0.01877590864896774,71801
4170,136642560,0.7496167017144862,3.3973541259765625,0.4831394195556641,0.018963409960269927,71795
4180,136970240,0.7483808622092816,3.4472625732421873,0.48595585823059084,0.018798188865184785,71778
4190,137297920,0.7471431627404215,3.4983081817626953,0.4856268405914307,0.01872245818376541,71811
4200,137625600,0.745903614912231,3.482000732421875,0.47639760971069334,0.018637263774871828,71746
4210,137953280,0.7446622303463651,3.430521774291992,0.4816248416900635,0.018737271428108215,71796
4220,138280960,0.7434190206816993,3.440679931640625,0.48383369445800783,0.018940082192420958,71802
4230,138608640,0.7421739975742209,3.4528125762939452,0.4795658111572266,0.018803176283836365,71847
4240,138936320,0.7409271726969192,3.4724693298339844,0.48523879051208496,0.01859055459499359,71802
4250,139264000,0.739678557739677,3.440512847900391,0.49213261604309083,0.018854109942913054,71830
4260,139591680,0.7384281644091596,3.4457687377929687,0.48324146270751955,0.018519577383995057,71786
4270,139919360,0.7371760044287066,3.4766796112060545,0.4869866847991943,0.01867557466030121,71763
4280,140247040,0.7359220895382207,3.4935634613037108,0.48707895278930663,0.018888190388679504,71802
4290,140574720,0.7346664314940586,3.4551860809326174,0.47755770683288573,0.018718644976615906,71813
4300,140902400,0.7334090420689195,3.4656211853027346,0.48532581329345703,0.018682223558425904,71835
4310,141230080,0.7321499330517367,3.4863182067871095,0.47862792015075684,0.018734444677829743,71784
4320,141557760,0.7308891162475648,3.3918834686279298,0.48361711502075194,0.018721945583820343,71754
4330,141885440,0.7296266034774711,3.4278079986572267,0.48188080787658694,0.018734242022037505,71783
4340,142213120,0.7283624065784229,3.477890396118164,0.4870692253112793,0.018860891461372375,71760
4350,142540800,0.7270965374031781,3.4543956756591796,0.48815393447875977,0.018703971803188325,71828
4360,142868480,0.7258290078201731,3.4776885986328123,0.48539133071899415,0.018648351728916168,71783
4370,143196160,0.7245598297134122,3.439444351196289,0.48159189224243165,0.018714123964309694,71808
4380,143523840,0.7232890149823548,3.4129207611083983,0.48420376777648927,0.019088974595069884,71797
4390,143851520,0.7220165755418062,3.506952667236328,0.4942805767059326,0.01878681778907776,71814
4400,144179200,0.7207425233218033,3.458980941772461,0.4947023391723633,0.01880316138267517,71693
4410,144506880,0.7194668702675051,3.440494918823242,0.4839221477508545,0.018962368369102478,71670
4420,144834560,0.7181896283390784,3.4500404357910157,0.48797154426574707,0.01876109540462494,71677
4430,145162240,0.7169108095115878,3.4983272552490234,0.4859453678131104,0.018894283473491667,71696
4440,145489920,0.7156304257748818,3.522434616088867,0.489030647277832,0.01877438575029373,71772
4450,145817600,0.7143484891334817,3.4461990356445313,0.4860198974609375,0.018849831819534302,71805
4460,146145280,0.7130650116064676,3.4643299102783205,0.49518780708312987,0.018789733946323394,71780
4470,146472960,0.7117800052273675,3.4369281768798827,0.4870572090148926,0.018861305713653565,71786
4480,146800640,0.7104934820440424,3.461201477050781,0.4775820732116699,0.018862758576869965,71741
4490,147128320,0.7092054541185756,3.397430419921875,0.48688492774963377,0.018991409242153166,71798
4500,147456000,0.7079159335271571,3.4402587890625,0.48436555862426756,0.018995583057403564,71857
4510,147783680,0.706624932359973,3.4169029235839843,0.4882370948791504,0.018816854059696197,71806
4520,148111360,0.7053324627210901,3.441306304931641,0.49428677558898926,0.019168928265571594,71790
4530,148439040,0.7040385367283435,3.46602783203125,0.48692965507507324,0.018789044022560118,71791
4540,148766720,0.7027431665132223,3.4557395935058595,0.49485082626342775,0.01886802911758423,71732
4550,149094400,0.7014463642207569,3.4804821014404297,0.4957109928131104,0.018839433789253235,71770
4560,149422080,0.7001481420094037,3.483137512207031,0.49199600219726564,0.018911895155906678,71724
4570,149749760,0.6988485120509323,3.410077667236328,0.4830374240875244,0.018772125244140625,71869
4580,150077440,0.6975474865303111,3.397348403930664,0.49959540367126465,0.019089673459529877,71834
4590,150405120,0.6962450776455922,3.430493927001953,0.4985803127288818,0.01915620416402817,71818
4600,150732800,0.6949412976077985,3.430888366699219,0.48848795890808105,0.018944640457630158,71793
4610,151060480,0.6936361586408081,3.430374526977539,0.49713430404663084,0.019034893810749055,71765
4620,151388160,0.69232967298124,3.458189010620117,0.5040080070495605,0.01881648153066635,71756
4630,151715840,0.6910218528783397,3.4323265075683596,0.49068379402160645,0.01900012344121933,71757
4640,152043520,0.6897127105938634,3.4221817016601563,0.48734116554260254,0.018976588547229768,71724
4650,152371200,0.6884022584019649,3.443257141113281,0.4898111343383789,0.018912552297115325,71818
4660,152698880,0.6870905085890778,3.48028450012207,0.48520445823669434,0.018871471285820007,71782
4670,153026560,0.6857774734538034,3.3925140380859373,0.486679744720459,0.01904004067182541,71776
4680,153354240,0.6844631653067923,3.4842288970947264,0.4989121437072754,0.018880726397037507,71780
4690,153681920,0.6831475964706318,3.4182533264160155,0.4992861747741699,0.01912493407726288,71746
4700,154009600,0.6818307792797282,3.4331226348876953,0.5031420230865479,0.01878169775009155,71730
4710,154337280,0.6805127260801929,3.445759963989258,0.4930710315704346,0.018762734532356263,71755
4720,154664960,0.6791934492297244,3.393597412109375,0.48316202163696287,0.019156201183795928,71831
4730,154992640,0.6778729610974953,3.4253307342529298,0.49250311851501466,0.018818455934524535,71777
4740,155320320,0.6765512740640338,3.4437381744384767,0.49018611907958987,0.01936144530773163,71806
4750,155648000,0.6752284005211093,3.405809020996094,0.4943361759185791,0.019352862238883974,71800
4760,155975680,0.673904352871615,3.403103256225586,0.4907079219818115,0.019104194641113282,71740
4770,156303360,0.672579143529453,3.4551651000976564,0.490085506439209,0.01894771456718445,71714
4780,156631040,0.6712527849194161,3.4681812286376954,0.5034408569335938,0.01905449777841568,71753
4790,156958720,0.6699252894770732,3.4196197509765627,0.491878080368042,0.01907747983932495,71793
4800,157286400,0.6685966696486513,3.3914676666259767,0.4830347537994385,0.019081202149391175,71810
4810,157614080,0.6672669378909196,3.4306106567382812,0.48502588272094727,0.019106513261795043,71755
4820,157941760,0.6659361066710721,3.4472324371337892,0.48501267433166506,0.01909621208906174,71811
4830,158269440,0.6646041884666117,3.3910072326660154,0.49191899299621583,0.019240956008434295,71774
4840,158597120,0.6632711957652315,3.369770812988281,0.48623995780944823,0.019182473421096802,71774
4850,158924800,0.6619371410647003,3.4759685516357424,0.49518532752990724,0.019027118384838105,71708
4860,159252480,0.6606020368727422,3.420974349975586,0.4984997272491455,0.019155175983905794,71801
4870,159580160,0.6592658957069224,3.4807559967041017,0.49666662216186525,0.019198882579803466,71794
4880,159907840,0.6579287300945278,3.468537139892578,0.496807336807251,0.019111964106559753,71785
4890,160235520,0.6565905525724504,3.3907352447509767,0.49066886901855467,0.01926630884408951,71666
4900,160563200,0.6552513756870694,3.4497097015380858,0.494994068145752,0.018989221751689912,71720
4910,160890880,0.6539112119941342,3.4084278106689454,0.484251070022583,0.01930907815694809,71711
4920,161218560,0.6525700740586455,3.407176208496094,0.4935432434082031,0.019095024466514586,71761
4930,161546240,0.6512279744547392,3.411731719970703,0.4999739646911621,0.019121795892715454,71759
4940,161873920,0.6498849257655668,3.4035377502441406,0.48843069076538087,0.0191696897149086,71787
4950,162201600,0.6485409405831785,3.4402324676513674,0.5005228996276856,0.01921418011188507,71776
4960,162529280,0.647196031508404,3.3775871276855467,0.48890199661254885,0.019475816190242766,71729
4970,162856960,0.6458502111507368,3.4058399200439453,0.4918204307556152,0.019338333606719972,71738
4980,163184640,0.6445034921282127,3.409638214111328,0.4876444339752197,0.019168968498706817,71717
4990,163512320,0.6431558870672941,3.3878684997558595,0.493437671661377,0.019529595971107483,71724
5000,163840000,0.6418074086027501,3.409658432006836,0.48847312927246095,0.01909162551164627,71736
5010,164167680,0.6404580693775391,3.4212623596191407,0.48814868927001953,0.01948460191488266,71817
5020,164495360,0.6391078820426891,3.4171676635742188,0.49239521026611327,0.019038125872612,71791
5030,164823040,0.6377568592571806,3.392581558227539,0.49619903564453127,0.019590303301811218,71771
5040,165150720,0.6364050136878261,3.4190345764160157,0.500242805480957,0.019247502088546753,71777
5050,165478400,0.6350523580091532,3.36900634765625,0.49366416931152346,0.019362537562847136,71764
5060,165806080,0.633698904903284,3.4531322479248048,0.4880841732025146,0.01921725869178772,71749
5070,166133760,0.6323446670598178,3.3857166290283205,0.4907033920288086,0.01933743953704834,71705
5080,166461440,0.6309896571757111,3.4275306701660155,0.49651851654052737,0.019370275735855102,71775
5090,166789120,0.6296338879551584,3.4038227081298826,0.502366590499878,0.019362062215805054,71806
5100,167116800,0.6282773721094742,3.4092037200927736,0.49929103851318357,0.01907782405614853,71799
5110,167444480,0.6269201223569729,3.3986820220947265,0.4922793865203857,0.01908814013004303,71782
5120,167772160,0.6255621514228498,3.4131420135498045,0.4913622379302979,0.01922040432691574,71733
5130,168099840,0.6242034720390616,3.3905105590820312,0.5015098571777343,0.019393756985664368,71749
5140,168427520,0.6228440969442075,3.4098674774169924,0.5025410652160645,0.019485561549663542,71716
5150,168755200,0.6214840388834093,3.383625030517578,0.4949517726898193,0.01930437833070755,71814
5160,169082880,0.6201233106081924,3.373210906982422,0.4970248222351074,0.019365836679935456,71817
5170,169410560,0.6187619248763655,3.3820899963378905,0.48786106109619143,0.01940678209066391,71759
5180,169738240,0.6173998944519019,3.382666015625,0.4905245304107666,0.019421839714050294,71770
5190,170065920,0.616037232104819,3.4244949340820314,0.49007630348205566,0.019301584362983702,71739
5200,170393600,0.6146739506110591,3.422097396850586,0.4955951690673828,0.019556376338005065,71717
5210,170721280,0.6133100627523693,3.392526626586914,0.4996654033660889,0.0193913996219635,71732
5220,171048960,0.611945581316182,3.404563140869141,0.5076550006866455,0.01934003084897995,71828
5230,171376640,0.6105805190954947,3.393777847290039,0.49888925552368163,0.019441565871238707,71793
5240,171704320,0.6092148888887502,3.3984344482421873,0.4986060619354248,0.019515158236026765,71791
5250,172032000,0.6078487034997166,3.3918209075927734,0.4900016784667969,0.01920146644115448,71764
5260,172359680,0.6064819757373673,3.385372543334961,0.5021130084991455,0.019856582581996917,71742
5270,172687360,0.6051147184157606,3.4276302337646483,0.4981898307800293,0.01911478638648987,71737
5280,173015040,0.6037469443539201,3.395579147338867,0.4985762596130371,0.019378480315208436,71708
5290,173342720,0.6023786663757138,3.4365440368652345,0.49924941062927247,0.0193153977394104,71730
5300,173670400,0.6010098973097349,3.407572937011719,0.5015634536743164,0.019197891652584075,71814
5310,173998080,0.5996406499891803,3.404061508178711,0.5129598617553711,0.019641351699829102,71753
5320,174325760,0.5982709372517313,3.4469295501708985,0.500200891494751,0.019105568528175354,71743
5330,174653440,0.5969007719394325,3.411016845703125,0.4905259132385254,0.019417749345302583,71736
5340,174981120,0.595530166898572,3.396137237548828,0.49608683586120605,0.019575121998786926,71757
5350,175308800,0.5941591349795604,3.446165084838867,0.5044687747955322,0.01941235363483429,71745
5360,175636480,0.5927876890368109,3.4138668060302733,0.4998711109161377,0.01929261237382889,71737
5370,175964160,0.5914158419286181,3.408842086791992,0.5072961807250976,0.019494879245758056,71741
5380,176291840,0.5900436065170381,3.3824844360351562,0.5048046112060547,0.019480931758880615,71713
5390,176619520,0.5886709956677676,3.363345718383789,0.48843908309936523,0.01942458003759384,71785
5400,176947200,0.5872980222500231,3.3722496032714844,0.4961378574371338,0.019341331720352174,71719
5410,177274880,0.5859246991364209,3.42845458984375,0.49613137245178224,0.019369995594024657,71741
5420,177602560,0.5845510392028553,3.3726951599121096,0.49709014892578124,0.019447287917137145,71734
5430,177930240,0.5831770553283789,3.3640270233154297,0.5007676124572754,0.01957481950521469,71761
5440,178257920,0.5818027603950815,3.3626373291015623,0.5004908561706543,0.019691699743270875,71821
5450,178585600,0.5804281672879694,3.3565914154052736,0.5033242225646972,0.019813142716884613,71797
5460,178913280,0.5790532888948441,3.4236316680908203,0.5018747329711915,0.019412074983119965,71743
5470,179240960,0.5776781381061821,3.3602806091308595,0.4918178081512451,0.019597701728343964,71778
5480,179568640,0.5763027278150139,3.404307556152344,0.5084811687469483,0.019372330605983736,71740
5490,179896320,0.574927070916803,3.3832401275634765,0.5077379226684571,0.019600827991962434,71737
5500,180224000,0.5735511803093248,3.379634475708008,0.5117601871490478,0.01955515593290329,71731
5510,180551680,0.5721750688925461,3.32196044921875,0.5001247882843017,0.019580256938934327,71834
5520,180879360,0.5707987495685038,3.3545650482177733,0.5020120143890381,0.019652292132377625,71826
5530,181207040,0.5694222352411844,3.347540283203125,0.5002057075500488,0.019729217886924742,71767
5540,181534720,0.5680455388164022,3.3773128509521486,0.49782896041870117,0.01948472112417221,71764
5550,181862400,0.5666686732016791,3.376150131225586,0.4952552795410156,0.019729477167129517,71762
5560,182190080,0.5652916513061234,3.4119678497314454,0.49033021926879883,0.019588083028793335,71752
5570,182517760,0.5639144860403084,3.289745330810547,0.49854354858398436,0.019861283898353576,71736
5580,182845440,0.5625371903161515,3.3983200073242186,0.5081043243408203,0.01948077231645584,71768
5590,183173120,0.5611597770467935,3.380135345458984,0.5062954902648926,0.01984507143497467,71802
5600,183500800,0.5597822591464775,3.3519355773925783,0.49720916748046873,0.019673851132392884,71813
5610,183828480,0.558404649530427,3.3681922912597657,0.4980745792388916,0.019709011912345885,71768
5620,184156160,0.5570269611147256,3.381264495849609,0.4991420269012451,0.019738240540027617,71724
5630,184483840,0.5556492068161959,3.3397045135498047,0.501050329208374,0.019816991686820985,71705
5640,184811520,0.5542713995522782,3.42882080078125,0.5066908359527588,0.019636595249176027,71705
5650,185139200,0.5528935522409091,3.3556262969970705,0.5036631107330323,0.01969861388206482,71793
5660,185466880,0.5515156778004009,3.3565135955810548,0.5054039001464844,0.01990722417831421,71922
5670,185794560,0.5501377891493202,3.3564910888671875,0.5068071842193603,0.019782911241054534,71977
5680,186122240,0.5487598992063668,3.347698974609375,0.508028221130371,0.01967041939496994,71952
5690,186449920,0.5473820208902527,3.362047576904297,0.509984302520752,0.01985202878713608,71966
5700,186777600,0.5460041671195811,3.3832843780517576,0.49715490341186525,0.01979299932718277,71642
5710,187105280,0.5446263508127244,3.3426845550537108,0.4984166145324707,0.019613777101039887,71697
5720,187432960,0.5432485848877042,3.367489242553711,0.5053569316864014,0.019659002125263215,71713
5730,187760640,0.5418708822620698,3.316197967529297,0.5014408111572266,0.019923116266727447,71719
5740,188088320,0.5404932558527771,3.3948150634765626,0.5069998741149903,0.01965816169977188,71681
5750,188416000,0.5391157185760669,3.404434585571289,0.5056130886077881,0.019582420587539673,71696
5760,188743680,0.5377382833473449,3.3503887176513674,0.5075921058654785,0.020105819404125213,71722
5770,189071360,0.5363609630810594,3.3747394561767576,0.513941764831543,0.01976449489593506,71698
5780,189399040,0.5349837706905818,3.415042495727539,0.5118500232696533,0.019864600896835328,71684
5790,189726720,0.5336067190880835,3.3559543609619142,0.49939694404602053,0.019801750779151917,71696
5800,190054400,0.5322298211844166,3.3457057952880858,0.5016931056976318,0.019594408571720123,71751
5810,190382080,0.5308530898889919,3.3856006622314454,0.5049508094787598,0.020020389556884767,71744
5820,190709760,0.5294765381096584,3.323953628540039,0.5127553462982177,0.01970580220222473,71734
5830,191037440,0.5281001787525816,3.3983043670654296,0.5093108177185058,0.019760425388813018,71682
5840,191365120,0.5267240247221232,3.358552932739258,0.5122560024261474,0.01970926970243454,71698
5850,191692800,0.5253480889207195,3.3536521911621096,0.493101978302002,0.01982627511024475,71660
5860,192020480,0.5239723842487612,3.373350143432617,0.5085353374481201,0.020008310675621033,71687
5870,192348160,0.5225969236044717,3.351824951171875,0.5042311668395996,0.0198965847492218,71740
5880,192675840,0.5212217198837865,3.333354187011719,0.5069214344024658,0.01972073018550873,71706
5890,193003520,0.5198467859802323,3.369490051269531,0.5043946266174316,0.019914306700229645,71935
5900,193331200,0.5184721347848061,3.338043212890625,0.5076251029968262,0.01992294639348984,71939
5910,193658880,0.517097779185854,3.347579574584961,0.5066025733947754,0.019967414438724518,71709
5920,193986560,0.5157237320689512,3.3511688232421877,0.5034912109375,0.01964363157749176,71676
5930,194314240,0.5143500063167802,3.3192626953125,0.5062036514282227,0.019852249324321745,71914
5940,194641920,0.512976614809011,3.3180179595947266,0.505347490310669,0.019873927533626556,71966
5950,194969600,0.511603570422179,3.332767868041992,0.5088066577911377,0.019846689701080323,71943
5960,195297280,0.5102308860295659,3.33641357421875,0.4994143009185791,0.02011025547981262,71787
5970,195624960,0.5088585745010776,3.3315128326416015,0.5074504852294922,0.01988975703716278,71675
5980,195952640,0.5074866487031249,3.368303680419922,0.5107466220855713,0.019958752393722533,71715
5990,196280320,0.5061151214985009,3.3260948181152346,0.5075977325439454,0.019858118891716004,71670
6000,196608000,0.5047440057462628,3.311045455932617,0.5117476940155029,0.020154732465744018,71666
6010,196935680,0.5033733143016093,3.428376007080078,0.5084981441497802,0.019688524305820465,71680
6020,197263360,0.5020030600157616,3.3338088989257812,0.501185417175293,0.02011507749557495,71824
6030,197591040,0.5006332557358414,3.3628589630126955,0.5137976169586181,0.019979418814182283,71940
6040,197918720,0.49926391430475203,3.3342552185058594,0.5066442489624023,0.019923120737075806,71933
6050,198246400,0.49789504856105693,3.3380142211914063,0.5169198036193847,0.020108699798583984,71905
6060,198574080,0.49652667133885986,3.3796382904052735,0.5185052394866944,0.020127466320991515,71932
6070,198901760,0.4951587954676837,3.3267532348632813,0.5159306526184082,0.020006221532821656,71911
6080,199229440,0.4937914337723516,3.3541229248046873,0.5023783683776856,0.020099329948425292,71946
6090,199557120,0.4924245990728654,3.3112041473388674,0.5065823554992676,0.0199022114276886,71998
6100,199884800,0.49105830418428653,3.3697181701660157,0.5103890419006347,0.0198142409324646,71958
6110,200212480,0.48969256191661437,3.3505687713623047,0.5073717117309571,0.01993252635002136,71682
6120,200540160,0.4883273850746681,3.334990692138672,0.508219575881958,0.020074941217899323,71674
6130,200867840,0.486962786457965,3.348204803466797,0.5081650733947753,0.020052075386047363,71689
6140,201195520,0.48559877886060143,3.316334915161133,0.5144586563110352,0.0202360063791275,71870
6150,201523200,0.484235375071132,3.358685302734375,0.5047399044036865,0.02004915028810501,71948
6160,201850880,0.4828725878724508,3.337497329711914,0.5131396770477294,0.020074810087680816,71941
6170,202178560,0.4815104300416705,3.344887924194336,0.5116959095001221,0.02008795887231827,71695
6180,202506240,0.4801489143500035,3.363137054443359,0.5092803955078125,0.01991715282201767,71707
6190,202833920,0.47878805356264087,3.3098129272460937,0.5025031566619873,0.01997073143720627,71953
6200,203161600,0.47742786043863417,3.3492164611816406,0.5068103313446045,0.020076382160186767,71939
6210,203489280,0.4760683477307748,3.3295619964599608,0.5156153202056885,0.020207570493221284,71912
6220,203816960,0.47470952818547496,3.2755058288574217,0.5007027626037598,0.020057833194732665,71759
6230,204144640,0.47335141454264806,3.336419677734375,0.5088275909423828,0.019939619302749633,71763
6240,204472320,0.4719940195355886,3.3514286041259767,0.5105481624603272,0.020282194018363953,71968
6250,204800000,0.47063735589085387,3.3234615325927734,0.5116241931915283,0.019926199316978456,71769
6260,205127680,0.4692814363281441,3.3507579803466796,0.5092817306518554,0.01986292451620102,71704
6270,205455360,0.4679262735601831,3.322698974609375,0.5033583641052246,0.020217710733413698,71691
6280,205783040,0.4665718802925989,3.320233917236328,0.5122927188873291,0.02017636299133301,71652
6290,206110720,0.46521826922380516,3.3122406005859375,0.5104087829589844,0.020027661323547365,71850
6300,206438400,0.46386545304488225,3.275628662109375,0.5081141471862793,0.02002054750919342,71949
6310,206766080,0.4625134444394573,3.3541637420654298,0.5175375938415527,0.020215781033039094,71958
6320,207093760,0.46116225608358596,3.3117298126220702,0.518921184539795,0.020147639513015746,71963
6330,207421440,0.4598119006456335,3.351915740966797,0.5140954494476319,0.02005927562713623,71883
6340,207749120,0.45846239078615614,3.330929183959961,0.5139251708984375,0.020062431693077087,71783
6350,208076800,0.4571137391577823,3.327503204345703,0.5154825210571289,0.020350228250026702,71752
6360,208404480,0.45576595840509326,3.3160785675048827,0.5091594696044922,0.02031601071357727,71887
6370,208732160,0.4544190611645057,3.2882545471191404,0.5120353698730469,0.020150186121463777,71682
6380,209059840,0.4530730600641528,3.405661773681641,0.5152764320373535,0.019787111878395082,71708
6390,209387520,0.45172796772376556,3.3074989318847656,0.5043239116668701,0.02009774148464203,71726
6400,209715200,0.45038379675455453,3.2843074798583984,0.5127526760101319,0.02006046921014786,71722
6410,210042880,0.4490405597590922,3.343156433105469,0.522333288192749,0.02014736384153366,71691
6420,210370560,0.44769826933119405,3.2642730712890624,0.50766019821167,0.020105965435504913,71703
6430,210698240,0.446356938055801,3.354246139526367,0.5188212871551514,0.020326399803161622,71666
6440,211025920,0.445016578508861,3.2991641998291015,0.520317268371582,0.02027689516544342,71771
6450,211353600,0.4436772032572114,3.3489166259765626,0.5167399883270264,0.02007208615541458,71727
6460,211681280,0.4423388248584613,3.341047668457031,0.5141284942626954,0.02012576311826706,71661
6470,212008960,0.4410014558608736,3.3806411743164064,0.5183816909790039,0.019945088028907775,71668
6480,212336640,0.4396651088032467,3.329526901245117,0.518989086151123,0.020315524935722352,71676
6490,212664320,0.4383297962147984,3.357312774658203,0.522984790802002,0.02014175206422806,71686
6500,212992000,0.43699553061504703,3.282998275756836,0.5146167755126954,0.020456670224666594,71951
6510,213319680,0.43566232451369513,3.3447906494140627,0.5140047073364258,0.020329686999320983,71885
6520,213647360,0.43433019041051124,3.36920051574707,0.5123404026031494,0.020105543732643127,71928
6530,213975040,0.4329991407952132,3.350300598144531,0.5182809829711914,0.020268851518630983,71746
6540,214302720,0.4316691881473511,3.31278076171875,0.5128207206726074,0.020042437314987182,71659
6550,214630400,0.43034034493619044,3.3056060791015627,0.5169412136077881,0.02037158012390137,71721
6560,214958080,0.42901262362059467,3.323447418212891,0.5205136299133301,0.02016373872756958,71784
6570,215285760,0.42768603664890836,3.3151470184326173,0.5168397426605225,0.020271283388137818,71905
6580,215613440,0.42636059645884117,3.3059005737304688,0.5151903629302979,0.020309045910835266,71929
6590,215941120,0.4250363154773512,3.361106109619141,0.5148077011108398,0.0198552668094635,71661
6600,216268800,0.4237132061205273,3.3174129486083985,0.5127944946289062,0.020301055908203126,71623
6610,216596480,0.422391280793474,3.3198993682861326,0.5207420825958252,0.02016899436712265,71644
6620,216924160,0.4210705518901946,3.3015090942382814,0.5155618190765381,0.020123703777790068,71665
6630,217251840,0.4197510317934754,3.309050369262695,0.5149048328399658,0.020385651290416716,71675
6640,217579520,0.41843273287476856,3.323871612548828,0.5175429344177246,0.020228391885757445,71640
6650,217907200,0.41711566749407725,3.345772552490234,0.5182817935943603,0.02032402455806732,71671
6660,218234880,0.41579984799983927,3.3005138397216798,0.5093918323516846,0.020493358373641968,71663
6670,218562560,0.4144852867288117,3.2621280670166017,0.5116908073425293,0.020507651567459106,71718
6680,218890240,0.4131719960059541,3.3094642639160154,0.5126028537750245,0.020555491745471954,71834
6690,219217920,0.41185998814431435,3.323015594482422,0.5101536750793457,0.02028566598892212,71910
6700,219545600,0.41054927544491215,3.329956817626953,0.5133152961730957,0.02044076770544052,71905
6710,219873280,0.4092398701966248,3.3041748046875,0.523155689239502,0.02016386538743973,71932
6720,220200960,0.4079317846760703,3.3088279724121095,0.528575086593628,0.020431867241859435,71923
6730,220528640,0.40662503114749415,3.2675296783447267,0.5164461135864258,0.020582424104213716,71818
6740,220856320,0.4053196218626529,3.2977760314941404,0.5137691497802734,0.020467934012413026,71887
6750,221184000,0.40401556906070035,3.2549198150634764,0.5132709503173828,0.020283648371696474,71784
6760,221511680,0.40271288496807167,3.2947761535644533,0.513125991821289,0.02047158479690552,71729
6770,221839360,0.40141158179837,3.3124366760253907,0.5105821132659912,0.020187380909919738,71917
6780,222167040,0.4001116717522507,3.292948532104492,0.5192166328430176,0.020545482635498047,71800
6790,222494720,0.3988131670173084,3.336007308959961,0.5184211730957031,0.020454898476600647,71702
6800,222822400,0.3975160797679612,3.3075935363769533,0.509064769744873,0.020057778060436248,71741
6810,223150080,0.3962204221653376,3.268482971191406,0.5040237903594971,0.020329853892326354,71665
6820,223477760,0.3949262063571618,3.304304504394531,0.5089887619018555,0.020279431343078615,71713
6830,223805440,0.3936334444776409,3.2869224548339844,0.5174096107482911,0.020416979491710664,71621
6840,224133120,0.3923421486473495,3.2840946197509764,0.5103034973144531,0.020478230714797974,71691
6850,224460800,0.3910523309731173,3.2938915252685548,0.5157665252685547,0.020550303161144257,71685
6860,224788480,0.3897640035479152,3.2943393707275392,0.5256275177001953,0.020425084233283996,71624
6870,225116160,0.38847717845074214,3.284318542480469,0.5222398281097412,0.02050188332796097,71689
6880,225443840,0.3871918677465114,3.333112335205078,0.5262867450714112,0.020463745296001434,71708
6890,225771520,0.38590808348593775,3.280110549926758,0.5132903099060059,0.02031208425760269,71682
6900,226099200,0.38462583770542424,3.2774627685546873,0.5131508827209472,0.020325301587581633,71844
6910,226426880,0.3833451424269504,3.2927703857421875,0.519257640838623,0.020640464127063753,71640
6920,226754560,0.3820660096579577,3.329463577270508,0.5228427886962891,0.02044154852628708,71710
6930,227082240,0.3807884513912384,3.294507598876953,0.5219929695129395,0.020411452651023863,71680
6940,227409920,0.3795124796048225,3.3046859741210937,0.5234997749328614,0.020336455106735228,71665
6950,227737600,0.37823810626186616,3.3113563537597654,0.5229835033416748,0.020520427823066713,71705
6960,228065280,0.3769653433105382,3.3341289520263673,0.5187003135681152,0.02035193294286728,71657
6970,228392960,0.3756942026839093,3.292066955566406,0.5114734172821045,0.02049787938594818,71678
6980,228720640,0.3744246962998393,3.28582649230957,0.5184302806854248,0.02055588960647583,71619
6990,229048320,0.3731568360608668,3.262605667114258,0.5098425865173339,0.020660407841205597,71706
7000,229376000,0.37189063385409526,3.2802940368652345,0.5181581497192382,0.020465923845767973,71613
7010,229703680,0.3706261015510839,3.278261184692383,0.5176285743713379,0.02078026533126831,71678
7020,230031360,0.3693632510077348,3.284768295288086,0.5236197948455811,0.02069965600967407,71612
7030,230359040,0.3681020940641829,3.3113967895507814,0.5285780906677247,0.020256534218788147,71737
7040,230686720,0.3668426425446838,3.32120361328125,0.5260124206542969,0.020499223470687868,71719
7050,231014400,0.365584908257504,3.3000072479248046,0.5221328735351562,0.02069939225912094,71695
7060,231342080,0.36432890299480925,3.3019119262695313,0.5203456878662109,0.02053125947713852,71631
7070,231669760,0.36307463853255517,3.25159912109375,0.5103634357452392,0.020570725202560425,71855
7080,231997440,0.3618221266303753,3.308658218383789,0.5164904117584228,0.020554560422897338,71706
7090,232325120,0.3605713790314721,3.2922924041748045,0.5210004806518554,0.020699760317802428,71673
7100,232652800,0.3593224074625063,3.274637222290039,0.5179120540618897,0.020509441196918488,71746
7110,232980480,0.3580752236334874,3.2541236877441406,0.5229716777801514,0.02079613506793976,71653
7120,233308160,0.3568298392376631,3.301740264892578,0.5275758266448974,0.020636938512325287,71796
7130,233635840,0.3555862659514101,3.2760528564453124,0.5255038738250732,0.02067078500986099,71879
7140,233963520,0.35434451543412493,3.279123306274414,0.5192903518676758,0.020670166611671446,71803
7150,234291200,0.35310459932811444,3.2378311157226562,0.5114898681640625,0.020853273570537567,71829
7160,234618880,0.35186652925848616,3.241794967651367,0.5175103187561035,0.020843109488487242,71638
7170,234946560,0.3506303168330399,3.2916725158691404,0.5207406997680664,0.020603206753730775,71660
7180,235274240,0.3493959736421586,3.2837055206298826,0.5225095272064209,0.020586562156677247,71700
7190,235601920,0.3481635112587002,3.2254150390625,0.5148477554321289,0.020707038044929505,71676
7200,235929600,0.3469329412378882,3.2961673736572266,0.5230429172515869,0.020724272727966307,71643
7210,236257280,0.345704275117204,3.1923173904418944,0.5269156932830811,0.02115042954683304,71622
7220,236584960,0.34447752441627855,3.1685249328613283,0.5133062839508057,0.021803328394889833,71655
7230,236912640,0.3432527006367847,3.1435400009155274,0.518813180923462,0.02187119871377945,71660
7240,237240320,0.3420298152623285,3.161182975769043,0.5176560878753662,0.02222426384687424,71638
7250,237568000,0.3408088797583421,3.1481325149536135,0.5205429077148438,0.02203971892595291,71626
7260,237895680,0.33958990557197666,3.1884649276733397,0.5207820415496827,0.022233758866786957,71625
7270,238223360,0.3383729041319943,3.221599578857422,0.5279469013214111,0.022249935567378996,71601
7280,238551040,0.3371578868486612,3.2192756652832033,0.5329598426818848,0.022392147779464723,71579
7290,238878720,0.3359448651136405,3.1902774810791015,0.5256945610046386,0.022360675036907196,71629
7300,239206400,0.33473385029988584,3.1610715866088865,0.524268913269043,0.022252368927001952,71734
7310,239534080,0.33352485376153473,3.106819915771484,0.519972276687622,0.022627612948417662,71902
7320,239861760,0.3323178868338015,3.1659477233886717,0.5237247467041015,0.02259780615568161,71854
7330,240189440,0.33111296083287134,3.1785051345825197,0.5309433937072754,0.02253297418355942,71709
7340,240517120,0.32991008705579467,3.2157703399658204,0.5262728214263916,0.022681090235710143,71698
7350,240844800,0.32870927678038087,3.1492488861083983,0.5205711364746094,0.022680360078811645,71678
7360,241172480,0.3275105412650921,3.206958770751953,0.5188325405120849,0.02253893166780472,71676
7370,241500160,0.3263138917489382,3.1848018646240233,0.5234134197235107,0.022637094557285308,71704
7380,241827840,0.3251193394513715,3.1577220916748048,0.5283956050872802,0.022808361053466796,71721
7390,242155520,0.32392689557218163,3.170501136779785,0.5238006114959717,0.022538867592811585,71761
7400,242483200,0.3227365712913896,3.159011459350586,0.5346439361572266,0.0228301465511322,71706
7410,242810880,0.3215483777691439,3.150016975402832,0.5258819580078125,0.022817438840866087,71716
7420,243138560,0.320362326145616,3.14786376953125,0.5290182113647461,0.022596053779125214,71703
7430,243466240,0.3191784275408953,3.18776912689209,0.5320104598999024,0.022822608053684235,71665
7440,243793920,0.3179966930548849,3.1251480102539064,0.522401237487793,0.022802352905273438,71660
7450,244121600,0.3168171337671977,3.1391357421875,0.5229469299316406,0.023032571375370025,71687
7460,244449280,0.3156397607370529,3.1585529327392576,0.5229172706604004,0.022821472585201265,71749
7470,244776960,0.314464585003172,3.1913204193115234,0.528148889541626,0.022925993800163268,71732
7480,245104640,0.31329161758367474,3.139480781555176,0.5374960422515869,0.022954961657524107,71704
7490,245432320,0.3121208694759766,3.1622018814086914,0.5232117652893067,0.02288939356803894,71706
7500,245760000,0.31095235165668544,3.1647411346435548,0.527280616760254,0.022948586940765382,71670
7510,246087680,0.3097860750814989,3.1752016067504885,0.5352425575256348,0.023077049851417543,71665
7520,246415360,0.30862205068510074,3.1663400650024416,0.536517333984375,0.022957366704940797,71668
7530,246743040,0.30746028938105896,3.162399101257324,0.5238812923431396,0.02289719432592392,71734
7540,247070720,0.3063008020617239,3.1452505111694338,0.5295757293701172,0.023243242502212526,71728
7550,247398400,0.30514359959812554,3.1711071014404295,0.5307745933532715,0.02336924970149994,71735
7560,247726080,0.3039886928398713,3.159503173828125,0.5243242263793946,0.022948667407035828,71682
7570,248053760,0.30283609261504485,3.128165626525879,0.528938102722168,0.023168864846229553,71656
7580,248381440,0.30168580973010484,3.159734344482422,0.5298075675964355,0.023087222874164582,71674
7590,248709120,0.3005378549697828,3.1676813125610352,0.526268720626831,0.023219141364097595,71714
7600,249036800,0.29939223909698265,3.1337039947509764,0.5278701305389404,0.0231424480676651,71711
7610,249364480,0.29824897285267904,3.1303905487060546,0.526543378829956,0.023147213459014892,71758
7620,249692160,0.2971080669558177,3.167587471008301,0.5284209728240967,0.023169028759002685,71720
7630,250019840,0.2959695321032145,3.172134780883789,0.5323139667510987,0.0233748197555542,71689
7640,250347520,0.2948333789694547,3.180702781677246,0.5378085613250733,0.023377199470996857,71669
7650,250675200,0.2936996182067929,3.137388229370117,0.5306984901428222,0.023376892507076263,71652
7660,251002880,0.2925682604450543,3.1577264785766603,0.5297102451324462,0.02343904823064804,71691
7670,251330560,0.29143931629153397,3.109647750854492,0.5233728408813476,0.023310135304927825,71672
7680,251658240,0.2903127963308973,3.154827880859375,0.5353227138519288,0.02320927083492279,71747
7690,251985920,0.28918871112508127,3.203095245361328,0.5359235763549804,0.023106493055820465,71707
7700,252313600,0.2880670712131955,3.1785587310791015,0.5405434608459473,0.02343135476112366,71688
7710,252641280,0.2869478871114233,3.1768009185791017,0.5261475563049316,0.023082412779331207,71687
7720,252968960,0.28583116931292263,3.16355037689209,0.5343870162963867,0.023543824255466462,71644
7730,253296640,0.284716928287728,3.1746192932128907,0.5361242294311523,0.023594416677951813,71649
7740,253624320,0.2836051744826528,3.18016357421875,0.5385871887207031,0.023274964094161986,71623
7750,253952000,0.282495918321191,3.1246450424194334,0.5366662502288818,0.023388034105300902,71740
7760,254279680,0.2813891702034188,3.204951858520508,0.5349144458770752,0.02332594394683838,71668
7770,254607360,0.2802849405058979,3.1464839935302735,0.5362621784210205,0.023265443742275238,71709
7780,254935040,0.2791832395815782,3.16021671295166,0.5333328723907471,0.023573224246501923,71667
7790,255262720,0.2780840777597007,3.1757797241210937,0.5429945945739746,0.023525145649909974,71667
7800,255590400,0.2769874653456999,3.1481218338012695,0.5369240760803222,0.023548921942710875,71685
7810,255918080,0.2758934126211079,3.178346061706543,0.5342677116394043,0.02330939769744873,71562
7820,256245760,0.2748019298434583,3.1758018493652345,0.537294864654541,0.02362167090177536,71627
7830,256573440,0.2737130272461894,3.1409629821777343,0.5274201393127441,0.023485387861728668,71741
7840,256901120,0.2726267150385482,3.176896858215332,0.5407863140106202,0.023598583042621614,71707
7850,257228800,0.271543003405495,3.1503627777099608,0.5436601638793945,0.023426929116249086,71695
7860,257556480,0.27046190250760793,3.148581886291504,0.5264180183410645,0.0237577885389328,71660
7870,257884160,0.26938342248098796,3.1827720642089843,0.5286242485046386,0.023367957770824434,71702
7880,258211840,0.2683075734371628,3.1573583602905275,0.5331412792205811,0.023756369948387146,71643
7890,258539520,0.2672343654629932,3.1804656982421875,0.5380697250366211,0.02352994829416275,71722
7900,258867200,0.26616380862057787,3.129329299926758,0.5383283138275147,0.023624545335769652,71700
7910,259194880,0.2650959129471595,3.153887176513672,0.5448247909545898,0.023717594146728516,71706
7920,259522560,0.2640306884550301,3.142786979675293,0.5311253547668457,0.02359233796596527,71685
7930,259850240,0.2629681451314373,3.144473075866699,0.5416879653930664,0.023714853823184966,71679
7940,260177920,0.26190829293849127,3.104230499267578,0.5355283737182617,0.023908114433288573,71665
7950,260505600,0.2608511418130708,3.2014259338378905,0.5379552841186523,0.023303557932376862,71641
7960,260833280,0.25979670166672997,3.161429214477539,0.5408336162567139,0.023746806383132934,71690
7970,261160960,0.2587449823856055,3.138749694824219,0.5336285591125488,0.02376600354909897,71706
7980,261488640,0.25769599383032415,3.140116500854492,0.5363501071929931,0.023951314389705658,71684
7990,261816320,0.25664974583591055,3.1829185485839844,0.5420132637023926,0.02369925081729889,71699
8000,262144000,0.25560624821169387,3.1587881088256835,0.53261399269104,0.02376755326986313,71676
8010,262471680,0.2545655107412168,3.1491725921630858,0.5289355278015136,0.023836912214756013,71669
8020,262799360,0.2535275431821439,3.1501630783081054,0.5353770732879639,0.023712074756622313,71695
8030,263127040,0.2524923552661697,3.161533164978027,0.5434142112731933,0.02394814193248749,71643
8040,263454720,0.2514599566989274,3.1783163070678713,0.5401590824127197,0.023699970543384553,71715
8050,263782400,0.2504303571598979,3.1856136322021484,0.5385117053985595,0.02344411313533783,71684
8060,264110080,0.24940356630231975,3.2005054473876955,0.5355816841125488,0.02358153462409973,71605
8070,264437760,0.24837959375309773,3.1049530029296877,0.5388514995574951,0.023609159886837004,71686
8080,264765440,0.24735844911271287,3.1498157501220705,0.5387864589691163,0.023748725652694702,71675
8090,265093120,0.24634014195513254,3.162579345703125,0.538107967376709,0.023894329369068146,71688
8100,265420800,0.2453246818277208,3.144775390625,0.5359830379486084,0.023799107968807222,71673
8110,265748480,0.24431207825114895,3.175528907775879,0.5368277549743652,0.023609764873981476,71746
8120,266076160,0.2433023407193056,3.1562868118286134,0.5442529201507569,0.0238578200340271,71707
8130,266403840,0.24229547869920814,3.185133171081543,0.5449770450592041,0.023822656273841857,71700
8140,266731520,0.2412915016309144,3.189927101135254,0.538346815109253,0.02383311837911606,71652
8150,267059200,0.2402904189274335,3.1438053131103514,0.530667781829834,0.02397533506155014,71666
8160,267386880,0.23929223997463778,3.1282167434692383,0.5390339374542237,0.02372947335243225,71677
8170,267714560,0.2382969741311745,3.156263542175293,0.5290567398071289,0.023900535702705384,71649
8180,268042240,0.23730463072837896,3.1190704345703124,0.5337549209594726,0.02396816313266754,71689
8190,268369920,0.2363152190701864,3.1526826858520507,0.5399435043334961,0.024087277054786683,71708
8200,268697600,0.23532874843304447,3.137404441833496,0.5390653610229492,0.0238265722990036,71723
8210,269025280,0.23434522806582672,3.1451826095581055,0.5450550079345703,0.02411954998970032,71664
8220,269352960,0.23336466718974605,3.129631233215332,0.5342213630676269,0.02381615787744522,71660
8230,269680640,0.23238707499826805,3.115115737915039,0.5336700916290283,0.023939011991024016,71654
8240,270008320,0.23141246065702428,3.142775535583496,0.5316693305969238,0.024021905660629273,71677
8250,270336000,0.2304408333037271,3.12750244140625,0.5341273784637451,0.02387387752532959,71703
8260,270663680,0.2294722020480837,3.166288375854492,0.5444559574127197,0.024083773791790008,71696
8270,270991360,0.22850657597171087,3.1493907928466798,0.5336604118347168,0.0239759162068367,71727
8280,271319040,0.2275439641280494,3.161048698425293,0.5380914688110352,0.023696993291378022,71693
8290,271646720,0.22658437554227928,3.1709005355834963,0.5361217498779297,0.023974789679050444,71645
8300,271974400,0.2256278192112358,3.1664760589599608,0.5369178771972656,0.024003857374191286,71598
8310,272302080,0.22467430410332462,3.1630121231079102,0.5445076942443847,0.023658521473407745,71667
8320,272629760,0.22372383915843724,3.1651594161987306,0.5388669967651367,0.024097983539104462,71700
8330,272957440,0.222776433287868,3.143332290649414,0.541184663772583,0.023943625390529633,71743
8340,273285120,0.22183209537423032,3.163827323913574,0.5452865123748779,0.02412707209587097,71699
8350,273612800,0.2208908342713733,3.1158775329589843,0.5376180171966553,0.024075639247894288,71686
8360,273940480,0.21995265880429848,3.1522829055786135,0.5331716060638427,0.02375114560127258,71650
8370,274268160,0.21901757776907743,3.1424381256103517,0.542585802078247,0.02407616376876831,71689
8380,274595840,0.2180855999327692,3.1500265121459963,0.5392750263214111,0.024234965443611145,71648
8390,274923520,0.21715673403333846,3.159281539916992,0.549355936050415,0.02407342791557312,71714
8400,275251200,0.21623098877957264,3.11102294921875,0.5430572986602783,0.024089178442955016,71722
8410,275578880,0.21530837285100107,3.1280447006225587,0.5387336254119873,0.024199704825878143,71701
8420,275906560,0.21438889489781365,3.1476066589355467,0.5386491298675538,0.024218668043613435,71676
8430,276234240,0.21347256354077931,3.092059326171875,0.5324956893920898,0.023968593776226045,71659
8440,276561920,0.21255938737116542,3.1686574935913088,0.5355999946594239,0.024171942472457887,71665
8450,276889600,0.21164937495065694,3.1234411239624023,0.5381933212280273,0.023968659341335297,71646
8460,277217280,0.21074253481127675,3.127801513671875,0.5427114486694335,0.023970386385917662,71662
8470,277544960,0.20983887545530527,3.158698081970215,0.5449933528900146,0.023988178372383116,71733
8480,277872640,0.20893840535520056,3.1416711807250977,0.5418027877807617,0.023983652889728545,71729
8490,278200320,0.20804113295351917,3.1542348861694336,0.5506376266479492,0.024174506962299346,71660
8500,278528000,0.207147066662837,3.1063264846801757,0.5334339141845703,0.02407321333885193,71678
8510,278855680,0.20625621486567058,3.1405059814453127,0.5418326377868652,0.024223658442497253,71672
8520,279183360,0.20536858591439772,3.0722736358642577,0.5358026504516602,0.02422320395708084,71658
8530,279511040,0.20448418813117994,3.2245338439941404,0.547133207321167,0.024129129946231842,71664
8540,279838720,0.20360302980788442,3.1320756912231444,0.5466901779174804,0.024160125851631166,71714
8550,280166400,0.20272511920600608,3.162932777404785,0.5551878452301026,0.02425035536289215,71674
8560,280494080,0.20185046455658984,3.1491960525512694,0.5433135986328125,0.02414221465587616,71688
8570,280821760,0.20097907406015358,3.156258201599121,0.5419267654418946,0.024032387137413024,71698
8580,281149440,0.20011095588661193,3.1277299880981446,0.5451617240905762,0.024203293025493622,71664
8590,281477120,0.19924611817519894,3.1612194061279295,0.5426433563232422,0.024008430540561676,71668
8600,281804800,0.19838456903439172,3.1825233459472657,0.5466233253479004,0.024352487921714783,71673
8610,282132480,0.19752631654183467,3.1314926147460938,0.5411587238311768,0.024140381813049318,71737
8620,282460160,0.1966713687442641,3.1255706787109374,0.5400704383850098,0.02429155111312866,71746
8630,282787840,0.19581973365743224,3.086647605895996,0.543782377243042,0.024050076305866242,71689
8640,283115520,0.19497141926603212,3.1436702728271486,0.5410486221313476,0.024122029542922974,71699
8650,283443200,0.19412643352362285,3.179762077331543,0.5426998138427734,0.024003912508487702,71666
8660,283770880,0.19328478435255528,3.190585708618164,0.5454447746276856,0.02409147620201111,71650
8670,284098560,0.19244647964389752,3.1474740982055662,0.5469358921051025,0.02429334819316864,71652
8680,284426240,0.1916115272573607,3.1253074645996093,0.5400234699249268,0.024126438796520232,71694
8690,284753920,0.1907799350212254,3.1586090087890626,0.5391106605529785,0.024234731495380402,71742
8700,285081600,0.1899517107322688,3.1002506256103515,0.5361593246459961,0.024244405329227448,71699
8710,285409280,0.18912686215569105,3.1356887817382812,0.5402016639709473,0.024258647859096528,71658
8720,285736960,0.18830539702504223,3.126923751831055,0.541260051727295,0.02439853698015213,71711
8730,286064640,0.1874873230421503,3.1360984802246095,0.5397221565246582,0.024052515625953674,71622
8740,286392320,0.18667264787704896,3.1543176651000975,0.5537249565124511,0.02435048669576645,71632
8750,286720000,0.18586137916790563,3.115373992919922,0.5483798980712891,0.024582169950008392,71678
8760,287047680,0.18505352452094928,3.142661285400391,0.5422884464263916,0.024189393222332,71707
8770,287375360,0.18424909151039984,3.141429901123047,0.5350807189941407,0.024275211989879607,71726
8780,287703040,0.183448087678397,3.168244171142578,0.5450376987457275,0.024384862184524535,71685
8790,288030720,0.18265052053492953,3.1831695556640627,0.550569725036621,0.024426171183586122,71700
8800,288358400,0.1818563975577644,3.162455177307129,0.549485158920288,0.024481913447380065,71651
8810,288686080,0.18106572619237724,3.162065315246582,0.5434934139251709,0.024149394035339354,71685
8820,289013760,0.18027851385188243,3.13748836517334,0.53880295753479,0.02414821833372116,71659
8830,289341440,0.17949476791696342,3.133930778503418,0.5501021862030029,0.0242975115776062,71738
8840,289669120,0.1787144957358036,3.1655311584472656,0.5465413093566894,0.024294322729110716,71703
8850,289996800,0.1779377046240172,3.1260332107543944,0.5458088397979737,0.024354434013366698,71712
8860,290324480,0.17716440186458124,3.155140495300293,0.5491533279418945,0.02442559748888016,71687
8870,290652160,0.17639459470776697,3.1219160079956056,0.5458728790283203,0.024381975829601287,71687
8880,290979840,0.17562829037107144,3.15150146484375,0.5469931602478028,0.024668020009994508,71628
8890,291307520,0.17486549603915047,3.1473976135253907,0.5476958274841308,0.024386951327323915,71613
8900,291635200,0.1741062188637511,3.113475227355957,0.5445623397827148,0.024370692670345306,71688
8910,291962880,0.1733504659636446,3.124513626098633,0.5441581726074218,0.024319010972976684,71697
8920,292290560,0.17259824442455923,3.1537824630737306,0.5439266204833985,0.024457165598869325,71708
8930,292618240,0.17184956129911447,3.095472717285156,0.5417494297027587,0.024309593439102172,71687
8940,292945920,0.17110442360675457,3.1525392532348633,0.5400179386138916,0.02445794641971588,71661
8950,293273600,0.1703628383336829,3.1102832794189452,0.5465230941772461,0.024332836270332336,71655
8960,293601280,0.16962481243279623,3.1320547103881835,0.5482742309570312,0.024523243308067322,71628
8970,293928960,0.16889035282361942,3.153389739990234,0.5445385932922363,0.02405778169631958,71718
8980,294256640,0.1681594663922411,3.1398447036743162,0.5426066398620606,0.024383881688117982,71690
8990,294584320,0.16743215999124889,3.141143226623535,0.5456383705139161,0.024558427929878234,71731
9000,294912000,0.1667084404396646,3.1295186996459963,0.5455509662628174,0.02431654781103134,71670
9010,295239680,0.16598831452288093,3.105813217163086,0.5376002311706543,0.024442574381828307,71665
9020,295567360,0.16527178899259787,3.123855209350586,0.5445086002349854,0.024349988996982576,71645
9030,295895040,0.16455887056675905,3.131637954711914,0.5406325340270997,0.024542193114757537,71592
9040,296222720,0.16384956592948874,3.1098520278930666,0.5450849533081055,0.024572424590587616,71684
9050,296550400,0.1631438817310295,3.152742385864258,0.5473192214965821,0.024521028995513915,71718
9060,296878080,0.16244182458767958,3.1255659103393554,0.540552806854248,0.024383777379989625,71669
9070,297205760,0.16174340108173116,3.1154666900634767,0.5423196792602539,0.02443057596683502,71659
9080,297533440,0.1610486177614083,3.1656076431274416,0.5462115287780762,0.024173898994922637,71670
9090,297861120,0.16035748114080547,3.1210395812988283,0.5507559299468994,0.024522387981414796,71666
9100,298188800,0.15966999769982712,3.114542770385742,0.5486683368682861,0.024374988675117493,71655
9110,298516480,0.15898617388412645,3.150235176086426,0.5482662200927735,0.02462667226791382,71799
9120,298844160,0.15830601610504474,3.104120445251465,0.5391960144042969,0.024401940405368805,71726
9130,299171840,0.1576295307395516,3.1006038665771483,0.5391021728515625,0.024606943130493164,71724
9140,299499520,0.15695672413018535,3.118950080871582,0.5470944404602051,0.024596166610717774,71684
9150,299827200,0.15628760258499325,3.108536148071289,0.5471868991851807,0.024531327188014984,71703
9160,300154880,0.15562217237747228,3.115213394165039,0.5440318584442139,0.024553152918815612,71670
9170,300482560,0.15496043974651047,3.1113231658935545,0.5431681632995605,0.024470187723636627,71685
9180,300810240,0.1543024108963285,3.0731454849243165,0.5444615364074707,0.024504901468753816,71682
9190,301137920,0.15364809199642168,3.111394691467285,0.5442740440368652,0.024506214261054992,71724
9200,301465600,0.15299748918150113,3.094744873046875,0.5460494041442872,0.024555197358131407,71713
9210,301793280,0.15235060855143773,3.1227958679199217,0.5464096069335938,0.024579113721847533,71705
9220,302120960,0.15170745617120385,3.128518295288086,0.5431253910064697,0.024435006082057953,71725
9230,302448640,0.15106803807081715,3.134480857849121,0.5499504089355469,0.02474539279937744,71657
9240,302776320,0.15043236024528298,3.115461730957031,0.5498793125152588,0.024495507776737212,71669
9250,303104000,0.14980042865453974,3.1197961807250976,0.5423686981201172,0.024563030898571016,71652
9260,303431680,0.14917224922340172,3.1419546127319338,0.543447732925415,0.024453051388263702,71713
9270,303759360,0.14854782784150436,3.0832462310791016,0.5533239364624023,0.024840089678764343,71743
9280,304087040,0.1479271703632481,3.117140769958496,0.5425587654113769,0.024305391311645507,71638
9290,304414720,0.1473102826077446,3.1201875686645506,0.548765754699707,0.02457062005996704,71662
9300,304742400,0.14669717035876148,3.1773656845092773,0.5526697635650635,0.024450147151947023,71672
9310,305070080,0.14608783936466835,3.135733795166016,0.5478132247924805,0.024338695406913757,71617
9320,305397760,0.14548229533838242,3.1450836181640627,0.5506240367889405,0.02468114495277405,71656
9330,305725440,0.14488054395731587,3.082179641723633,0.545302152633667,0.024716532230377196,71711
9340,306053120,0.14428259086332182,3.1294551849365235,0.5471843242645263,0.02451860308647156,71691
9350,306380800,0.14368844166264194,3.1328351974487303,0.5515194416046143,0.02483092397451401,71686
9360,306708480,0.14309810192585323,3.127682113647461,0.5478000640869141,0.024690467119216918,71678
9370,307036160,0.14251157718781657,3.1156883239746094,0.5382908821105957,0.024870473146438598,71657
9380,307363840,0.1419288729476244,3.113783073425293,0.5478920936584473,0.02466435432434082,71662
9390,307691520,0.14134999466854933,3.1529563903808593,0.551417064666748,0.024776189029216765,71653
9400,308019200,0.1407749477779925,3.12337646484375,0.5519808292388916,0.02452663779258728,71682
9410,308346880,0.14020373766743333,3.151538848876953,0.548850154876709,0.024801547825336456,71721
9420,308674560,0.13963636969237853,3.1151300430297852,0.5462332725524902,0.024647036194801332,71698
9430,309002240,0.1390728491723123,3.150139045715332,0.5440649032592774,0.02467532306909561,71740
9440,309329920,0.13851318139064553,3.0917999267578127,0.5492727756500244,0.024808335304260253,71694
9450,309657600,0.13795737159466745,3.143850326538086,0.5448150634765625,0.0248193234205246,71671
9460,309985280,0.13740542499549585,3.1571109771728514,0.5531645774841308,0.024687661230564116,71660
9470,310312960,0.1368573467680282,3.1127641677856444,0.5440414905548095,0.02458878457546234,71677
9480,310640640,0.13631314205089295,3.1294174194335938,0.5556607246398926,0.024965807795524597,71738
9490,310968320,0.13577281594640184,3.0987775802612303,0.5450143814086914,0.024626214802265168,71736
9500,311296000,0.1352363735205019,3.1091283798217773,0.5520514011383056,0.024751870334148406,71705
9510,311623680,0.1347038198027279,3.0999420166015623,0.546266508102417,0.024720798432826995,71712
9520,311951360,0.13417515978615457,3.100482368469238,0.5432806015014648,0.024726668000221254,71584
9530,312279040,0.13365039842735119,3.0755468368530274,0.5375080108642578,0.02455068230628967,71663
9540,312606720,0.1331295406463338,3.1543426513671875,0.5476529598236084,0.024841532111167908,71642
9550,312934400,0.13261259132651998,3.108199691772461,0.5468430519104004,0.024778828024864197,71741
9560,313262080,0.1320995553146821,3.0914554595947266,0.5414524555206299,0.0245964914560318,71687
9570,313589760,0.13159043742090293,3.1591630935668946,0.5469278335571289,0.024619203805923463,71719
9580,313917440,0.13108524241852987,3.1670129776000975,0.5501088619232177,0.02476172149181366,71672
9590,314245120,0.13058397504413055,3.0994083404541017,0.5461560249328613,0.024847984313964844,71652
9600,314572800,0.1300866399974479,3.118219184875488,0.5474857807159423,0.024740961194038392,71659
9610,314900480,0.12959324194135674,3.124540901184082,0.5442293643951416,0.024512208998203278,71612
9620,315228160,0.1291037855018197,3.1101491928100584,0.5507875442504883,0.02496938407421112,71744
9630,315555840,0.12861827526784406,3.1161914825439454,0.5479901313781739,0.024875567853450777,71729
9640,315883520,0.1281367157914381,3.139726257324219,0.5507250308990479,0.024670606851577757,71760
9650,316211200,0.12765911158756937,3.126325988769531,0.5510416030883789,0.02467609941959381,71674
9660,316538880,0.12718546713412177,3.1832305908203127,0.5542397975921631,0.024638834595680236,71693
9670,316866560,0.12671578687185373,3.088063049316406,0.5514528751373291,0.02475174218416214,71686
9680,317194240,0.12625007520435616,3.1371845245361327,0.5568440437316895,0.02482377290725708,71649
9690,317521920,0.12578833649801194,3.130008316040039,0.5506969928741455,0.02494465559720993,71670
9700,317849600,0.12533057508195453,3.1278175354003905,0.5541347980499267,0.02476027011871338,71755
9710,318177280,0.12487679524802739,3.1172664642333983,0.5449446201324463,0.024566175043582918,71747
9720,318504960,0.12442700125074346,3.096707344055176,0.5503041267395019,0.024643412232398985,71715
9730,318832640,0.12398119730724608,3.1032537460327148,0.5472615242004395,0.024700993299484254,71701
9740,319160320,0.12353938759726867,3.118038558959961,0.5498992919921875,0.02482834905385971,71663
9750,319488000,0.12310157626309601,3.119775581359863,0.5542039394378662,0.024861206114292145,71640
9760,319815680,0.1226677674095249,3.1174745559692383,0.5491011619567872,0.024914415180683137,71645
9770,320143360,0.12223796510382631,3.1455224990844726,0.5555409908294677,0.02481432110071182,71700
9780,320471040,0.12181217337570681,3.1450275421142577,0.5525291442871094,0.02462632954120636,71696
9790,320798720,0.12139039621727105,3.1375246047973633,0.5467031478881836,0.024830949306488038,71700
9800,321126400,0.12097263758298386,3.1280261993408205,0.5499654769897461,0.02504473626613617,71664
9810,321454080,0.12055890138963382,3.137147903442383,0.5508580684661866,0.024717409908771516,71660
9820,321781760,0.12014919151629623,3.114409255981445,0.5642766952514648,0.024907727539539338,71654
9830,322109440,0.11974351180429654,3.155253601074219,0.5555400848388672,0.025043922662734985,71665
9840,322437120,0.11934186605717459,3.1294553756713865,0.5563231468200683,0.024543991684913634,71726
9850,322764800,0.11894425804064895,3.0685935974121095,0.5505284786224365,0.025078341364860535,71695
9860,323092480,0.11855069148258163,3.065008544921875,0.5472015380859375,0.02476641535758972,71643
9870,323420160,0.11816117007294291,3.1325153350830077,0.5568263053894043,0.02492273449897766,71673
9880,323747840,0.11777569746377678,3.1154760360717773,0.5511402130126953,0.024860604107379912,71661
9890,324075520,0.11739427726916707,3.1313196182250977,0.5569268226623535,0.024673609435558318,71654
9900,324403200,0.11701691306520326,3.1382822036743163,0.5549614429473877,0.024786537885665892,71651
9910,324730880,0.11664360838994679,3.1265377044677733,0.5535248756408692,0.02472873032093048,71704
9920,325058560,0.11627436674339825,3.107004928588867,0.5621800422668457,0.025093242526054382,71725
9930,325386240,0.1159091915874644,3.1120262145996094,0.5475168704986573,0.024916407465934754,71686
9940,325713920,0.11554808634592575,3.112207794189453,0.5507811069488525,0.02484923005104065,71674
9950,326041600,0.11519105440440423,3.154217529296875,0.5597183227539062,0.024818429350852968,71664
9960,326369280,0.11483809911033188,3.1145374298095705,0.5593780040740967,0.024799346923828125,71676
9970,326696960,0.11448922377291905,3.072287178039551,0.5513422012329101,0.024925288558006287,71628
9980,327024640,0.11414443166312378,3.1006423950195314,0.5469071388244628,0.02488022893667221,71677
9990,327352320,0.11380372601362068,3.1281572341918946,0.5477750778198243,0.024721038341522217,71680
10000,327680000,0.11346711001877084,3.166465187072754,0.5557786464691162,0.024632170796394348,71675
10010,328007680,0.11313458683459209,3.129731369018555,0.550665807723999,0.02481478303670883,71632
10020,328335360,0.1128061595787291,3.072443962097168,0.5512947082519531,0.02495274692773819,71656
10030,328663040,0.11248183133042423,3.0740999221801757,0.5530044555664062,0.024917854368686675,71674
10040,328990720,0.1121616051304887,3.145884704589844,0.5530327320098877,0.024938999116420744,71629
10050,329318400,0.11184548398127407,3.139414405822754,0.5519356727600098,0.024662470817565917,71680
10060,329646080,0.1115334708466442,3.14183349609375,0.551445198059082,0.02474144399166107,71672
10070,329973760,0.11122556865194713,3.1099672317504883,0.548099422454834,0.024884624779224394,71659
10080,330301440,0.11092178028398803,3.144858551025391,0.5505434989929199,0.024768146872520446,71676
10090,330629120,0.11062210859100194,3.1024871826171876,0.5521488666534424,0.02493681162595749,71650
10100,330956800,0.11032655638262713,3.0889638900756835,0.5504595756530761,0.02499563992023468,71679
10110,331284480,0.11003512642987871,3.0827024459838865,0.5530130863189697,0.025141268968582153,71631
10120,331612160,0.10974782146512263,3.0857847213745115,0.5582168102264404,0.02497200220823288,71668
10130,331939840,0.10946464418205015,3.125703811645508,0.5508777141571045,0.024918510019779204,71695
10140,332267520,0.10918559723565256,3.1139238357543944,0.5486384391784668,0.024930518865585328,71746
10150,332595200,0.10891068324219619,3.1030500411987303,0.5498179912567138,0.024828529357910155,71687
10160,332922880,0.10863990477919801,3.1251977920532226,0.5527961730957032,0.025049188733100893,71651
10170,333250560,0.10837326438540137,3.1096792221069336,0.5553833484649658,0.024750232696533203,71631
10180,333578240,0.10811076456075239,3.1285219192504883,0.5595767498016357,0.025047233700752257,71652
10190,333905920,0.10785240776637606,3.121745300292969,0.5564255714416504,0.024936625361442567,71600
10200,334233600,0.10759819642455375,3.119743537902832,0.5485739707946777,0.025035813450813293,71711
10210,334561280,0.10734813291870007,3.1152790069580076,0.5541221618652343,0.02506086230278015,71718
10220,334888960,0.10710221959334083,3.090213394165039,0.5561583518981934,0.025025364756584168,71715
10230,335216640,0.1068604587540908,3.0586568832397463,0.5741625785827636,0.02515653669834137,71692
10240,335544320,0.10662285266763208,3.1412176132202148,0.5559817314147949,0.02474539428949356,71679
10250,335872000,0.10638940356169316,3.1639373779296873,0.5603713989257812,0.025101396441459655,71602
10260,336199680,0.10616011362502784,3.1275684356689455,0.5497251033782959,0.025108441710472107,71644
10270,336527360,0.10593498500739457,3.1212955474853517,0.5557984352111817,0.024949148297309875,71719
10280,336855040,0.10571401981953649,3.061135673522949,0.5514990329742432,0.024944494664669036,71739
10290,337182720,0.1054972201331616,3.1493478775024415,0.5601819515228271,0.024883973598480224,71704
10300,337510400,0.1052845879809234,3.087177276611328,0.5508296489715576,0.024932558834552764,71660
10310,337838080,0.1050761253564016,3.0859500885009767,0.5571313858032226,0.02492550015449524,71664
10320,338165760,0.10487183421408361,3.081854820251465,0.5577638626098633,0.025186949968338014,71667
10330,338493440,0.10467171646934628,3.11368408203125,0.5524129867553711,0.0249454066157341,71641
10340,338821120,0.10447577399843784,3.0650966644287108,0.5494096279144287,0.025282600522041322,71660
10350,339148800,0.10428400863846014,3.1261978149414062,0.5560750961303711,0.025056487321853636,71693
10360,339476480,0.10409642218735184,3.1159133911132812,0.557061767578125,0.024983090162277222,71690
10370,339804160,0.10391301640387113,3.1437007904052736,0.5551445484161377,0.025115197896957396,71687
10380,340131840,0.10373379300757954,3.144397735595703,0.5511769771575927,0.02512727677822113,71603
10390,340459520,0.10355875367882568,3.132548522949219,0.5593099594116211,0.024722771346569063,71640
10400,340787200,0.10338790005872946,3.0953893661499023,0.5602755546569824,0.025218704342842103,71605
10410,341114880,0.10322123374916685,3.0973621368408204,0.5496446132659912,0.025085222721099854,71643
10420,341442560,0.10305875631275463,3.1494863510131834,0.5568832874298095,0.025177201628684996,71692
10430,341770240,0.10290046927283596,3.1115007400512695,0.5567256450653076,0.024996329843997956,71703
10440,342097920,0.10274637411346602,3.076932907104492,0.5536648273468018,0.025178784132003786,71709
10450,342425600,0.10259647227939807,3.0817562103271485,0.5529208660125733,0.0248797208070755,71695
10460,342753280,0.10245076517606988,3.115164375305176,0.5575622081756592,0.02504558265209198,71656
10470,343080960,0.10230925416959066,3.1325023651123045,0.557273006439209,0.02526469826698303,71656
10480,343408640,0.10217194058672814,3.1249393463134765,0.5506227016448975,0.024814535677433015,71689
10490,343736320,0.10203882571489617,3.1174354553222656,0.5639610290527344,0.025413903594017028,71723
10500,344064000,0.10190991080214268,3.094992256164551,0.5658045768737793,0.02504715323448181,71668
10510,344391680,0.10178519705713801,3.133072280883789,0.5590255737304688,0.024927228689193726,71699
10520,344719360,0.10166468564916337,3.119647407531738,0.5542084693908691,0.024861882627010345,71638
10530,345047040,0.1015483777081002,3.11706600189209,0.5607584953308106,0.025458237528800963,71661
10540,345374720,0.1014362743244193,3.1394975662231444,0.5578208923339844,0.025133296847343445,71599
10550,345702400,0.1013283765491707,3.09399356842041,0.5554238319396972,0.025230830907821654,71634
10560,346030080,0.1012246853939739,3.117653465270996,0.5515995025634766,0.024993178248405457,71694
10570,346357760,0.10112520183100829,3.160186195373535,0.5602193355560303,0.02515873908996582,71700
10580,346685440,0.10102992679300399,3.0617935180664064,0.5604265213012696,0.02523367404937744,71673
10590,347013120,0.10093886117323318,3.127801513671875,0.5563057899475098,0.025330185890197754,71646
10600,347340800,0.10085200582550177,3.0776437759399413,0.5558369159698486,0.025185418128967286,71653
10610,347668480,0.10076936156414122,3.1204513549804687,0.5640851497650147,0.025411257147789003,71627
10620,347996160,0.10069092916400112,3.1053794860839843,0.5580635070800781,0.024990037083625793,71659
10630,348323840,0.10061670936044179,3.1030529022216795,0.5601369380950928,0.025182163715362547,71700
10640,348651520,0.10054670284932737,3.129324722290039,0.5557098388671875,0.02506040930747986,71703
10650,348979200,0.10048091028701947,3.1288898468017576,0.5670908927917481,0.025415474176406862,71663
10660,349306880,0.10041933229037073,3.118514633178711,0.5594157218933106,0.025104272365570068,71663
10670,349634560,0.10036196943671932,3.0901779174804687,0.5666923999786377,0.025336945056915285,71671
10680,349962240,0.10030882226388341,3.1223602294921875,0.5564528465270996,0.02505296766757965,71668
10690,350289920,0.10025989127015598,3.0662054061889648,0.5492995262145997,0.025111469626426696,71639
10700,350617600,0.10021517691430043,3.1258914947509764,0.5658534049987793,0.025125768780708314,71675
10710,350945280,0.10017467961554609,3.1371877670288084,0.5621262550354004,0.02509118914604187,71704
10720,351272960,0.10013839975358439,3.1108139038085936,0.5604085445404052,0.02524714171886444,71712
10730,351600640,0.10010633766856511,3.065658378601074,0.5567441940307617,0.02526327073574066,71652
10740,351928320,0.10007849366109348,3.0912315368652346,0.5616403579711914,0.02534482181072235,71553
10750,352256000,0.10005486799222715,3.0869287490844726,0.5579012870788574,0.025022509694099426,71634
10760,352583680,0.10003546088347381,3.0938491821289062,0.5533469676971435,0.02530759871006012,71611
10770,352911360,0.10002027251678908,3.1109832763671874,0.5596132755279541,0.025033268332481384,71685
10780,353239040,0.1000093030345748,3.0942943572998045,0.5576616287231445,0.025348952412605284,71700
10790,353566720,0.10000255253967788,3.119658660888672,0.5593391418457031,0.025417396426200868,71691
10800,353894400,0.10000002109538904,3.1482309341430663,0.5649988174438476,0.025213778018951416,71670
